year,map_vintage,state,state_code,district,district_note,at_large,counties_whole,counties_partial,counties_whole_list,counties_partial_list,matched_counties,d_votes,r_votes,other_votes,total_votes,d_share_two_party_pct,r_share_two_party_pct,national_d_share_two_party_pct,lean_pct,lean_label,votes_from_partial_pct,lean_pres_pct,lean_house_pct,lean_senate_pct,lean_statewide_pct,weight_pres,weight_house,weight_senate,weight_statewide,sources_used
2004,2000s,Alaska,AK,AK-AL,,True,0,0,,,0,0,0,0,0,,,48.79,-14.69,R+14.7,,,-25.58,-3.79,,0.0,0.5,0.5,0.0,house+senate
2004,2000s,Alabama,AL,AL-01,,False,5,1,Baldwin County; Escambia County; Mobile County; Monroe County; Washington County,Clarke County,6,91594,166771,1935,260300,35.45,64.55,48.79,-14.8,R+14.8,1.5,-13.33,-12.73,-19.8,,0.5,0.25,0.25,0.0,pres+house+senate
2004,2000s,Alabama,AL,AL-02,,False,15,1,Autauga County; Barbour County; Bullock County; Butler County; Coffee County; Conecuh County; Covington County; Crenshaw County; Dale County; Elmore County; Geneva County; Henry County; Houston County; Lowndes County; Pike County,Montgomery County,16,70977,152793,1171,224941,31.72,68.28,48.79,-18.75,R+18.8,8.1,-17.07,-21.07,-19.8,,0.5,0.25,0.25,0.0,pres+house+senate
2004,2000s,Alabama,AL,AL-03,,False,11,2,Calhoun County; Chambers County; Cherokee County; Clay County; Cleburne County; Lee County; Macon County; Randolph County; Russell County; Talladega County; Tallapoosa County,Coosa County; Montgomery County,13,115917,163839,1837,281593,41.43,58.57,48.79,-11.32,R+11.3,26.4,-7.35,-10.77,-19.8,,0.5,0.25,0.25,0.0,pres+house+senate
2004,2000s,Alabama,AL,AL-04,,False,11,3,Blount County; Cullman County; DeKalb County; Etowah County; Fayette County; Franklin County; Lamar County; Marion County; Marshall County; Walker County; Winston County,Morgan County; Pickens County; St. Clair County,14,82014,200246,2181,284441,29.06,70.94,48.79,-21.25,R+21.3,17.8,-19.73,-25.76,-19.8,,0.5,0.25,0.25,0.0,pres+house+senate
2004,2000s,Alabama,AL,AL-05,,False,6,1,Colbert County; Jackson County; Lauderdale County; Lawrence County; Limestone County; Madison County,Morgan County,7,103750,156002,2280,262033,39.94,60.06,48.79,-3.48,R+3.5,2.5,-8.84,23.55,-19.8,,0.5,0.25,0.25,0.0,pres+house+senate
2004,2000s,Alabama,AL,AL-06,,False,3,4,Bibb County; Chilton County; Shelby County,Coosa County; Jefferson County; St. Clair County; Tuscaloosa County,7,143710,250169,2776,396654,36.49,63.51,48.79,-14.8,R+14.8,74.0,-12.3,,-19.8,,0.667,0.0,0.333,0.0,pres+senate
2004,2000s,Alabama,AL,AL-07,,False,8,4,Choctaw County; Dallas County; Greene County; Hale County; Marengo County; Perry County; Sumter County; Wilcox County,Clarke County; Jefferson County; Pickens County; Tuscaloosa County,12,85971,86574,942,173487,49.83,50.17,48.79,1.95,D+1.9,61.7,1.04,25.5,-19.8,,0.5,0.25,0.25,0.0,pres+house+senate
2004,2000s,Arkansas,AR,AR-01,,False,26,0,Arkansas County; Baxter County; Clay County; Cleburne County; Craighead County; Crittenden County; Cross County; Fulton County; Greene County; Independence County; Izard County; Jackson County; Lawrence County; Lee County; Lonoke County; Mississippi County; Monroe County; Phillips County; Poinsett County; Prairie County; Randolph County; St. Francis County; Searcy County; Sharp County; Stone County; Woodruff County,,26,115994,127179,3020,246193,47.7,52.3,48.79,4.65,D+4.7,0.0,-1.09,17.06,3.73,,0.5,0.25,0.25,0.0,pres+house+senate
2004,2000s,Arkansas,AR,AR-02,,False,8,0,Conway County; Faulkner County; Perry County; Pulaski County; Saline County; Van Buren County; White County; Yell County,,8,134478,145392,2785,282655,48.05,51.95,48.79,2.73,D+2.7,0.0,-0.74,8.66,3.73,,0.5,0.25,0.25,0.0,pres+house+senate
2004,2000s,Arkansas,AR,AR-03,,False,12,0,Benton County; Boone County; Carroll County; Crawford County; Franklin County; Johnson County; Madison County; Marion County; Newton County; Pope County; Sebastian County; Washington County,,12,100656,171853,3449,275958,36.94,63.06,48.79,-7.6,R+7.6,0.0,-11.85,-10.42,3.73,,0.5,0.25,0.25,0.0,pres+house+senate
2004,2000s,Arkansas,AR,AR-04,,False,29,0,Ashley County; Bradley County; Calhoun County; Chicot County; Clark County; Cleveland County; Columbia County; Dallas County; Desha County; Drew County; Garland County; Grant County; Hempstead County; Hot Spring County; Howard County; Jefferson County; Lafayette County; Lincoln County; Little River County; Logan County; Miller County; Montgomery County; Nevada County; Ouachita County; Pike County; Polk County; Scott County; Sevier County; Union County,,29,118825,128474,2840,250139,48.05,51.95,48.79,0.75,D+0.8,0.0,-0.74,,3.73,,0.667,0.0,0.333,0.0,pres+senate
2004,2000s,Arizona,AZ,AZ-01,,False,5,3,Apache County; Gila County; Graham County; Greenlee County; Yavapai County,Coconino County; Navajo County; Pinal County,8,117770,142834,2502,263106,45.19,54.81,48.79,-11.51,R+11.5,44.3,-3.59,-11.32,-31.0,-8.04,0.4,0.2,0.2,0.2,pres+house+senate+statewide
2004,2000s,Arizona,AZ,AZ-02,,False,1,4,Mohave County,Coconino County; La Paz County; Maricopa County; Navajo County,5,157803,218916,3518,380236,41.89,58.11,48.79,-12.6,R+12.6,84.8,-6.9,-10.15,-31.0,-8.04,0.4,0.2,0.2,0.2,pres+house+senate+statewide
2004,2000s,Arizona,AZ,AZ-03,,False,0,1,,Maricopa County,1,32815,44165,693,77672,42.63,57.37,48.79,-12.84,R+12.8,100.0,-6.16,,-31.0,-8.04,0.5,0.0,0.25,0.25,pres+senate+statewide
2004,2000s,Arizona,AZ,AZ-04,,False,0,1,,Maricopa County,1,11107,14948,234,26289,42.63,57.37,48.79,-5.54,R+5.5,100.0,-6.16,23.66,-31.0,-8.04,0.4,0.2,0.2,0.2,pres+house+senate+statewide
2004,2000s,Arizona,AZ,AZ-05,,False,0,1,,Maricopa County,1,77747,104636,1641,184024,42.63,57.37,48.79,-12.36,R+12.4,100.0,-6.16,-10.44,-31.0,-8.04,0.4,0.2,0.2,0.2,pres+house+senate+statewide
2004,2000s,Arizona,AZ,AZ-06,,False,0,2,,Maricopa County; Pinal County,2,19278,25971,391,45640,42.6,57.4,48.79,-12.85,R+12.9,100.0,-6.18,,-31.0,-8.04,0.5,0.0,0.25,0.25,pres+senate+statewide
2004,2000s,Arizona,AZ,AZ-07,,False,1,5,Yuma County,La Paz County; Maricopa County; Pima County; Pinal County; Santa Cruz County,6,412119,485163,7985,905267,45.93,54.07,48.79,-5.9,R+5.9,95.7,-2.86,15.26,-31.0,-8.04,0.4,0.2,0.2,0.2,pres+house+senate+statewide
2004,2000s,Arizona,AZ,AZ-08,,False,1,2,Cochise County,Pima County; Santa Cruz County,3,64886,67662,1321,133868,48.95,51.05,48.79,-10.15,R+10.2,66.7,0.17,-12.05,-31.0,-8.04,0.4,0.2,0.2,0.2,pres+house+senate+statewide
2004,2000s,California,CA,CA-01,,False,5,2,Del Norte County; Humboldt County; Lake County; Mendocino County; Napa County,Sonoma County; Yolo County,7,176133,109745,6670,292547,61.61,38.39,48.79,11.24,D+11.2,33.3,12.83,20.77,8.24,1.55,0.4,0.2,0.2,0.2,pres+house+senate+statewide
2004,2000s,California,CA,CA-02,,False,8,2,Colusa County; Glenn County; Shasta County; Siskiyou County; Sutter County; Tehama County; Trinity County; Yuba County,Butte County; Yolo County,10,119914,182632,5170,307717,39.63,60.37,48.79,-4.98,R+5.0,37.5,-9.15,-16.39,8.24,1.55,0.4,0.2,0.2,0.2,pres+house+senate+statewide
2004,2000s,California,CA,CA-03,,False,3,2,Alpine County; Amador County; Calaveras County,Sacramento County; Solano County,5,224636,225376,5518,455530,49.92,50.08,48.79,-0.3,R+0.3,91.0,1.13,-13.53,8.24,1.55,0.4,0.2,0.2,0.2,pres+house+senate+statewide
2004,2000s,California,CA,CA-04,,False,7,1,El Dorado County; Lassen County; Modoc County; Nevada County; Placer County; Plumas County; Sierra County,Butte County,8,130838,208983,4817,344637,38.5,61.5,48.79,-5.14,R+5.1,6.4,-10.28,-14.94,8.24,1.55,0.4,0.2,0.2,0.2,pres+house+senate+statewide
2004,2000s,California,CA,CA-05,,False,0,1,,Sacramento County,1,36557,36384,876,73817,50.12,49.88,48.79,7.66,D+7.7,100.0,1.33,25.83,8.24,1.55,0.4,0.2,0.2,0.2,pres+house+senate+statewide
2004,2000s,California,CA,CA-06,,False,1,2,Marin County,San Francisco County; Sonoma County,3,210124,83411,4989,298524,71.58,28.42,48.79,15.7,D+15.7,54.7,22.8,23.11,8.24,1.55,0.4,0.2,0.2,0.2,pres+house+senate+statewide
2004,2000s,California,CA,CA-07,,False,0,2,,Contra Costa County; Solano County,2,73538,45899,1415,120852,61.57,38.43,48.79,12.38,D+12.4,100.0,12.79,26.55,8.24,1.55,0.4,0.2,0.2,0.2,pres+house+senate+statewide
2004,2000s,California,CA,CA-08,,False,0,1,,San Francisco County,1,217237,39788,4639,261664,84.52,15.48,48.79,23.91,D+23.9,100.0,35.73,38.28,8.24,1.55,0.4,0.2,0.2,0.2,pres+house+senate+statewide
2004,2000s,California,CA,CA-09,,False,0,1,,Alameda County,1,75643,23433,1538,100614,76.35,23.65,48.79,20.54,D+20.5,100.0,27.56,37.79,8.24,1.55,0.4,0.2,0.2,0.2,pres+house+senate+statewide
2004,2000s,California,CA,CA-10,,False,0,4,,Alameda County; Contra Costa County; Sacramento County; Solano County,4,296855,166373,5954,469182,64.08,35.92,48.79,11.31,D+11.3,100.0,15.3,16.17,8.24,1.55,0.4,0.2,0.2,0.2,pres+house+senate+statewide
2004,2000s,California,CA,CA-11,,False,0,4,,Alameda County; Contra Costa County; San Joaquin County; Santa Clara County,4,451981,262825,9652,724458,63.23,36.77,48.79,5.58,D+5.6,100.0,14.45,-10.77,8.24,1.55,0.4,0.2,0.2,0.2,pres+house+senate+statewide
2004,2000s,California,CA,CA-12,,False,0,2,,San Francisco County; San Mateo County,2,118429,32704,2387,153521,78.36,21.64,48.79,19.19,D+19.2,100.0,29.58,27.03,8.24,1.55,0.4,0.2,0.2,0.2,pres+house+senate+statewide
2004,2000s,California,CA,CA-13,,False,0,1,,Alameda County,1,125508,38881,2552,166941,76.35,23.65,48.79,18.05,D+18.1,100.0,27.56,25.36,8.24,1.55,0.4,0.2,0.2,0.2,pres+house+senate+statewide
2004,2000s,California,CA,CA-14,,False,0,3,,San Mateo County; Santa Clara County; Santa Cruz County,3,262896,110591,5739,379227,70.39,29.61,48.79,15.18,D+15.2,100.0,21.6,22.88,8.24,1.55,0.4,0.2,0.2,0.2,pres+house+senate+statewide
2004,2000s,California,CA,CA-15,,False,0,1,,Santa Clara County,1,85112,46093,1901,133106,64.87,35.13,48.79,12.9,D+12.9,100.0,16.08,22.54,8.24,1.55,0.4,0.2,0.2,0.2,pres+house+senate+statewide
2004,2000s,California,CA,CA-16,,False,0,1,,Santa Clara County,1,69250,37503,1546,108300,64.87,35.13,48.79,13.07,D+13.1,100.0,16.08,23.38,8.24,1.55,0.4,0.2,0.2,0.2,pres+house+senate+statewide
2004,2000s,California,CA,CA-17,,False,2,1,Monterey County; San Benito County,Santa Cruz County,3,107010,64003,2396,173409,62.57,37.43,48.79,11.48,D+11.5,17.3,13.79,20.04,8.24,1.55,0.4,0.2,0.2,0.2,pres+house+senate+statewide
2004,2000s,California,CA,CA-18,,False,1,3,Merced County,Madera County; San Joaquin County; Stanislaus County,4,61398,84991,1573,147962,41.94,58.06,48.79,2.81,D+2.8,60.8,-6.84,17.95,8.24,1.55,0.4,0.2,0.2,0.2,pres+house+senate+statewide
2004,2000s,California,CA,CA-19,,False,2,3,Mariposa County; Tuolumne County,Fresno County; Madera County; Stanislaus County,5,61730,95424,1872,159027,39.28,60.72,48.79,-5.91,R+5.9,78.1,-9.51,-20.35,8.24,1.55,0.4,0.2,0.2,0.2,pres+house+senate+statewide
2004,2000s,California,CA,CA-20,,False,1,2,Kings County,Fresno County; Kern County,3,62083,98452,1519,162053,38.67,61.33,48.79,-1.32,R+1.3,80.2,-10.11,3.86,8.24,1.55,0.4,0.2,0.2,0.2,pres+house+senate+statewide
2004,2000s,California,CA,CA-21,,False,1,1,Tulare County,Fresno County,2,88447,142417,2226,233090,38.31,61.69,48.79,-6.78,R+6.8,57.6,-10.47,-22.73,8.24,1.55,0.4,0.2,0.2,0.2,pres+house+senate+statewide
2004,2000s,California,CA,CA-22,,False,0,3,,Kern County; Los Angeles County; San Luis Obispo County,3,364646,323374,9132,697151,53.0,47.0,48.79,4.55,D+4.6,100.0,4.21,,8.24,1.55,0.5,0.0,0.25,0.25,pres+senate+statewide
2004,2000s,California,CA,CA-23,,False,0,3,,San Luis Obispo County; Santa Barbara County; Ventura County,3,33234,31730,1041,66004,51.16,48.84,48.79,5.94,D+5.9,100.0,2.37,15.18,8.24,1.55,0.4,0.2,0.2,0.2,pres+house+senate+statewide
2004,2000s,California,CA,CA-24,,False,0,2,,Santa Barbara County; Ventura County,2,212067,212483,5962,430511,49.95,50.05,48.79,-0.48,R+0.5,100.0,1.17,-14.5,8.24,1.55,0.4,0.2,0.2,0.2,pres+house+senate+statewide
2004,2000s,California,CA,CA-25,,False,2,2,Inyo County; Mono County,Los Angeles County; San Bernardino County,4,821806,521337,17406,1360549,61.19,38.81,48.79,4.11,D+4.1,99.0,12.4,-14.04,8.24,1.55,0.4,0.2,0.2,0.2,pres+house+senate+statewide
2004,2000s,California,CA,CA-26,,False,0,2,,Los Angeles County; San Bernardino County,2,231890,132908,4792,369590,63.57,36.43,48.79,6.84,D+6.8,100.0,14.78,-5.13,8.24,1.55,0.4,0.2,0.2,0.2,pres+house+senate+statewide
2004,2000s,California,CA,CA-27,,False,0,1,,Los Angeles County,1,70586,39820,1455,111861,63.93,36.07,48.79,11.14,D+11.1,100.0,15.15,15.62,8.24,1.55,0.4,0.2,0.2,0.2,pres+house+senate+statewide
2004,2000s,California,CA,CA-28,,False,0,1,,Los Angeles County,1,36247,20448,747,57442,63.93,36.07,48.79,13.16,D+13.2,100.0,15.15,25.74,8.24,1.55,0.4,0.2,0.2,0.2,pres+house+senate+statewide
2004,2000s,California,CA,CA-29,,False,0,1,,Los Angeles County,1,47693,26906,983,75582,63.93,36.07,48.79,11.71,D+11.7,100.0,15.15,18.47,8.24,1.55,0.4,0.2,0.2,0.2,pres+house+senate+statewide
2004,2000s,California,CA,CA-30,,False,0,1,,Los Angeles County,1,133542,75336,2752,211630,63.93,36.07,48.79,12.36,D+12.4,100.0,15.15,21.74,8.24,1.55,0.4,0.2,0.2,0.2,pres+house+senate+statewide
2004,2000s,California,CA,CA-31,,False,0,1,,Los Angeles County,1,19077,10762,393,30233,63.93,36.07,48.79,14.15,D+14.2,100.0,15.15,30.67,8.24,1.55,0.4,0.2,0.2,0.2,pres+house+senate+statewide
2004,2000s,California,CA,CA-32,,False,0,1,,Los Angeles County,1,43878,24753,904,69535,63.93,36.07,48.79,10.02,D+10.0,100.0,15.15,,8.24,1.55,0.5,0.0,0.25,0.25,pres+senate+statewide
2004,2000s,California,CA,CA-33,,False,0,1,,Los Angeles County,1,22893,12915,472,36279,63.93,36.07,48.79,10.02,D+10.0,100.0,15.15,,8.24,1.55,0.5,0.0,0.25,0.25,pres+senate+statewide
2004,2000s,California,CA,CA-34,,False,0,1,,Los Angeles County,1,26708,15067,550,42326,63.93,36.07,48.79,13.01,D+13.0,100.0,15.15,24.95,8.24,1.55,0.4,0.2,0.2,0.2,pres+house+senate+statewide
2004,2000s,California,CA,CA-35,,False,0,1,,Los Angeles County,1,26708,15067,550,42326,63.93,36.07,48.79,14.95,D+15.0,100.0,15.15,34.68,8.24,1.55,0.4,0.2,0.2,0.2,pres+house+senate+statewide
2004,2000s,California,CA,CA-36,,False,0,1,,Los Angeles County,1,34339,19372,708,54419,63.93,36.07,48.79,11.09,D+11.1,100.0,15.15,15.36,8.24,1.55,0.4,0.2,0.2,0.2,pres+house+senate+statewide
2004,2000s,California,CA,CA-37,,False,0,1,,Los Angeles County,1,34339,19372,708,54419,63.93,36.07,48.79,13.87,D+13.9,100.0,15.15,29.27,8.24,1.55,0.4,0.2,0.2,0.2,pres+house+senate+statewide
2004,2000s,California,CA,CA-38,,False,0,1,,Los Angeles County,1,49601,27982,1022,78605,63.93,36.07,48.79,10.02,D+10.0,100.0,15.15,,8.24,1.55,0.5,0.0,0.25,0.25,pres+senate+statewide
2004,2000s,California,CA,CA-39,,False,0,1,,Los Angeles County,1,30524,17220,629,48372,63.93,36.07,48.79,10.25,D+10.2,100.0,15.15,11.16,8.24,1.55,0.4,0.2,0.2,0.2,pres+house+senate+statewide
2004,2000s,California,CA,CA-40,,False,0,1,,Orange County,1,53243,81513,1820,136576,39.51,60.49,48.79,-5.26,R+5.3,100.0,-9.27,-17.52,8.24,1.55,0.4,0.2,0.2,0.2,pres+house+senate+statewide
2004,2000s,California,CA,CA-41,,False,0,2,,Riverside County; San Bernardino County,2,160428,205761,4039,370228,43.81,56.19,48.79,-0.04,EVEN,100.0,-4.98,,8.24,1.55,0.5,0.0,0.25,0.25,pres+senate+statewide
2004,2000s,California,CA,CA-42,,False,0,3,,Orange County; Los Angeles County; San Bernardino County,3,125679,170037,3976,299692,42.5,57.5,48.79,-4.09,R+4.1,100.0,-6.29,-17.68,8.24,1.55,0.4,0.2,0.2,0.2,pres+house+senate+statewide
2004,2000s,California,CA,CA-43,,False,0,1,,San Bernardino County,1,2278,2893,57,5228,44.05,55.95,48.79,3.43,D+3.4,100.0,-4.73,16.82,8.24,1.55,0.4,0.2,0.2,0.2,pres+house+senate+statewide
2004,2000s,California,CA,CA-44,,False,0,2,,Orange County; Riverside County,2,92582,140320,3087,235989,39.75,60.25,48.79,-4.32,R+4.3,100.0,-9.03,-13.33,8.24,1.55,0.4,0.2,0.2,0.2,pres+house+senate+statewide
2004,2000s,California,CA,CA-45,,False,0,1,,Riverside County,1,189909,267653,5229,462791,41.5,58.5,48.79,-4.2,R+4.2,100.0,-7.28,-16.21,8.24,1.55,0.4,0.2,0.2,0.2,pres+house+senate+statewide
2004,2000s,California,CA,CA-46,,False,0,2,,Los Angeles County; Orange County,2,127772,112613,3202,243588,53.15,46.85,48.79,0.69,D+0.7,100.0,4.37,-15.07,8.24,1.55,0.4,0.2,0.2,0.2,pres+house+senate+statewide
2004,2000s,California,CA,CA-47,,False,0,1,,Orange County,1,28927,44286,989,74203,39.51,60.49,48.79,0.42,D+0.4,100.0,-9.27,10.85,8.24,1.55,0.4,0.2,0.2,0.2,pres+house+senate+statewide
2004,2000s,California,CA,CA-48,,False,0,1,,Orange County,1,112356,172011,3840,288207,39.51,60.49,48.79,-5.04,R+5.0,100.0,-9.27,-16.44,8.24,1.55,0.4,0.2,0.2,0.2,pres+house+senate+statewide
2004,2000s,California,CA,CA-49,,False,0,2,,Riverside County; San Diego County,2,173903,200445,4598,378946,46.45,53.55,48.79,-1.72,R+1.7,100.0,-2.33,-13.73,8.24,1.55,0.4,0.2,0.2,0.2,pres+house+senate+statewide
2004,2000s,California,CA,CA-50,,False,0,1,,San Diego County,1,37903,42914,999,81817,46.9,53.1,48.79,-1.02,R+1.0,100.0,-1.89,-11.09,8.24,1.55,0.4,0.2,0.2,0.2,pres+house+senate+statewide
2004,2000s,California,CA,CA-51,,False,1,1,Imperial County,San Diego County,2,69028,73705,1766,144499,48.36,51.64,48.79,4.62,D+4.6,76.3,-0.42,14.16,8.24,1.55,0.4,0.2,0.2,0.2,pres+house+senate+statewide
2004,2000s,California,CA,CA-52,,False,0,1,,San Diego County,1,264271,299209,6965,570445,46.9,53.1,48.79,-3.0,R+3.0,100.0,-1.89,-21.03,8.24,1.55,0.4,0.2,0.2,0.2,pres+house+senate+statewide
2004,2000s,California,CA,CA-53,,False,0,1,,San Diego County,1,12108,13709,319,26136,46.9,53.1,48.79,5.21,D+5.2,100.0,-1.89,20.05,8.24,1.55,0.4,0.2,0.2,0.2,pres+house+senate+statewide
2004,2000s,Colorado,CO,CO-01,,False,1,1,Denver County,Arapahoe County,2,168340,72292,2841,243473,69.96,30.04,48.79,17.04,D+17.0,1.9,21.17,25.57,0.25,,0.5,0.25,0.25,0.0,pres+house+senate
2004,2000s,Colorado,CO,CO-02,,False,6,3,Broomfield County; Clear Creek County; Eagle County; Gilpin County; Grand County; Summit County,Adams County; Boulder County; Jefferson County,9,150318,100470,3509,254297,59.94,40.06,48.79,10.46,D+10.5,71.7,11.15,19.29,0.25,,0.5,0.25,0.25,0.0,pres+house+senate
2004,2000s,Colorado,CO,CO-03,,False,28,1,Alamosa County; Archuleta County; Conejos County; Costilla County; Custer County; Delta County; Dolores County; Garfield County; Gunnison County; Hinsdale County; Huerfano County; Jackson County; La Plata County; Las Animas County; Mesa County; Mineral County; Moffat County; Montezuma County; Montrose County; Ouray County; Pitkin County; Pueblo County; Rio Blanco County; Rio Grande County; Routt County; Saguache County; San Juan County; San Miguel County,Otero County,29,135287,170721,4174,310183,44.21,55.79,48.79,-1.6,R+1.6,2.1,-4.58,2.51,0.25,,0.5,0.25,0.25,0.0,pres+house+senate
2004,2000s,Colorado,CO,CO-04,,False,16,2,Baca County; Bent County; Cheyenne County; Crowley County; Kiowa County; Kit Carson County; Larimer County; Lincoln County; Logan County; Morgan County; Phillips County; Prowers County; Sedgwick County; Washington County; Weld County; Yuma County,Boulder County; Otero County,18,124342,172582,4231,301155,41.88,58.12,48.79,-4.09,R+4.1,6.0,-6.91,-2.81,0.25,,0.5,0.25,0.25,0.0,pres+house+senate
2004,2000s,Colorado,CO,CO-05,,False,5,1,Chaffee County; El Paso County; Fremont County; Lake County; Teller County,Park County,6,95816,192470,3570,291856,33.24,66.76,48.79,-13.17,R+13.2,2.7,-15.55,-21.83,0.25,,0.5,0.25,0.25,0.0,pres+house+senate
2004,2000s,Colorado,CO,CO-06,,False,2,3,Douglas County; Elbert County,Arapahoe County; Jefferson County; Park County,5,238053,303574,6688,548315,43.95,56.05,48.79,-4.82,R+4.8,75.8,-4.83,-9.88,0.25,,0.5,0.25,0.25,0.0,pres+house+senate
2004,2000s,Colorado,CO,CO-07,,False,0,3,,Adams County; Arapahoe County; Jefferson County,3,89569,89147,2331,181047,50.12,49.88,48.79,-0.68,R+0.7,100.0,1.33,-5.66,0.25,,0.5,0.25,0.25,0.0,pres+house+senate
2004,2000s,Connecticut,CT,CT-01,,False,0,3,,Hartford County; Litchfield County; Middlesex County,3,151952,106543,4713,263208,58.78,41.22,48.79,12.28,D+12.3,100.0,10.0,23.44,15.19,2.76,0.4,0.2,0.2,0.2,pres+house+senate+statewide
2004,2000s,Connecticut,CT,CT-02,,False,3,3,New London County; Tolland County; Windham County,Hartford County; Middlesex County; New Haven County,6,217993,166376,7473,391842,56.71,43.29,48.79,6.01,D+6.0,39.0,7.93,-3.76,15.19,2.76,0.4,0.2,0.2,0.2,pres+house+senate+statewide
2004,2000s,Connecticut,CT,CT-03,,False,0,3,,Fairfield County; Middlesex County; New Haven County,3,139715,113014,4777,257506,55.28,44.72,48.79,11.16,D+11.2,100.0,6.5,24.82,15.19,2.76,0.4,0.2,0.2,0.2,pres+house+senate+statewide
2004,2000s,Connecticut,CT,CT-04,,False,0,2,,Fairfield County; New Haven County,2,148725,135714,4034,288473,52.29,47.71,48.79,4.6,D+4.6,100.0,3.5,-1.94,15.19,2.76,0.4,0.2,0.2,0.2,pres+house+senate+statewide
2004,2000s,Connecticut,CT,CT-05,,False,0,4,,Fairfield County; Hartford County; Litchfield County; New Haven County,4,199102,172180,6458,377740,53.63,46.37,48.79,3.41,D+3.4,100.0,4.84,-10.56,15.19,2.76,0.4,0.2,0.2,0.2,pres+house+senate+statewide
2004,2000s,District of Columbia,DC,DC-AL,,True,0,0,,,8,201905,21127,3345,226377,90.53,9.47,48.79,41.74,D+41.7,0.0,41.74,,,,1.0,0.0,0.0,0.0,pres
2004,2000s,Delaware,DE,DE-AL,,True,0,0,,,3,200152,171660,3458,375270,53.83,46.17,48.79,-4.01,R+4.0,0.0,5.05,-19.48,,-6.66,0.5,0.25,0.0,0.25,pres+house+statewide
2004,2000s,Florida,FL,FL-01,,False,5,1,Escambia County; Holmes County; Okaloosa County; Santa Rosa County; Washington County,Walton County,6,92813,245302,3022,341137,27.45,72.55,48.79,-17.87,R+17.9,6.5,-21.34,-26.04,-2.75,,0.5,0.25,0.25,0.0,pres+house+senate
2004,2000s,Florida,FL,FL-02,,False,12,3,Bay County; Calhoun County; Dixie County; Franklin County; Gadsden County; Gulf County; Jackson County; Lafayette County; Liberty County; Suwannee County; Taylor County; Wakulla County,Jefferson County; Leon County; Walton County,15,148630,168184,2230,319044,46.91,53.09,48.79,1.4,D+1.4,42.4,-1.87,12.11,-2.75,,0.5,0.25,0.25,0.0,pres+house+senate
2004,2000s,Florida,FL,FL-03,,False,0,9,,Alachua County; Clay County; Duval County; Lake County; Marion County; Orange County; Putnam County; Seminole County; Volusia County,9,117866,147336,1964,267167,44.44,55.56,48.79,-3.81,R+3.8,100.0,-4.34,,-2.75,,0.667,0.0,0.333,0.0,pres+senate
2004,2000s,Florida,FL,FL-04,,False,6,3,Baker County; Columbia County; Hamilton County; Madison County; Nassau County; Union County,Duval County; Jefferson County; Leon County,9,122493,187422,2092,312007,39.52,60.48,48.79,-7.09,R+7.1,72.5,-9.26,,-2.75,,0.667,0.0,0.333,0.0,pres+senate
2004,2000s,Florida,FL,FL-05,,False,3,5,Citrus County; Hernando County; Sumter County,Lake County; Levy County; Marion County; Pasco County; Polk County,8,193167,254798,5414,453379,43.12,56.88,48.79,-7.38,R+7.4,59.9,-5.66,-15.44,-2.75,,0.5,0.25,0.25,0.0,pres+house+senate
2004,2000s,Florida,FL,FL-06,,False,2,6,Bradford County; Gilchrist County,Alachua County; Clay County; Duval County; Lake County; Levy County; Marion County,8,144166,206451,2544,353161,41.12,58.88,48.79,-8.01,R+8.0,94.9,-7.67,-13.94,-2.75,,0.5,0.25,0.25,0.0,pres+house+senate
2004,2000s,Florida,FL,FL-07,,False,2,3,Flagler County; St. Johns County,Putnam County; Seminole County; Volusia County,5,117592,164063,1949,283604,41.75,58.25,48.79,-5.61,R+5.6,56.0,-7.03,,-2.75,,0.667,0.0,0.333,0.0,pres+senate
2004,2000s,Florida,FL,FL-08,,False,0,3,,Lake County; Marion County; Orange County,3,107458,119832,1515,228805,47.28,52.72,48.79,-3.95,R+4.0,100.0,-1.51,-10.04,-2.75,,0.5,0.25,0.25,0.0,pres+house+senate
2004,2000s,Florida,FL,FL-09,,False,0,3,,Hillsborough County; Pasco County; Pinellas County,3,177182,193115,3269,373567,47.85,52.15,48.79,-1.54,R+1.5,100.0,-0.94,,-2.75,,0.667,0.0,0.333,0.0,pres+senate
2004,2000s,Florida,FL,FL-10,,False,0,1,,Pinellas County,1,138519,138658,2587,279765,49.97,50.03,48.79,-4.8,R+4.8,100.0,1.19,-18.84,-2.75,,0.5,0.25,0.25,0.0,pres+house+senate
2004,2000s,Florida,FL,FL-11,,False,0,3,,Hillsborough County; Manatee County; Pinellas County,3,56413,63134,955,120503,47.19,52.81,48.79,-1.98,R+2.0,100.0,-1.6,,-2.75,,0.667,0.0,0.333,0.0,pres+senate
2004,2000s,Florida,FL,FL-12,,False,0,3,,Hillsborough County; Osceola County; Polk County,3,151617,194435,2360,348413,43.81,56.19,48.79,-6.78,R+6.8,100.0,-4.97,-14.44,-2.75,,0.5,0.25,0.25,0.0,pres+house+senate
2004,2000s,Florida,FL,FL-13,,False,3,2,DeSoto County; Hardee County; Sarasota County,Charlotte County; Manatee County,5,155810,196594,3708,356112,44.21,55.79,48.79,-4.18,R+4.2,40.4,-4.57,-4.84,-2.75,,0.5,0.25,0.25,0.0,pres+house+senate
2004,2000s,Florida,FL,FL-14,,False,1,2,Lee County,Charlotte County; Collier County,3,101960,156900,2871,261731,39.39,60.61,48.79,-9.67,R+9.7,8.0,-9.4,-17.14,-2.75,,0.5,0.25,0.25,0.0,pres+house+senate
2004,2000s,Florida,FL,FL-15,,False,1,3,Indian River County,Brevard County; Osceola County; Polk County,4,134373,180185,2316,316874,42.72,57.28,48.79,-7.45,R+7.4,80.6,-6.07,-14.91,-2.75,,0.5,0.25,0.25,0.0,pres+house+senate
2004,2000s,Florida,FL,FL-16,,False,3,5,Glades County; Highlands County; Okeechobee County,Charlotte County; Hendry County; Martin County; Palm Beach County; St. Lucie County,8,123323,140111,2384,265818,46.81,53.19,48.79,-6.06,R+6.1,78.2,-1.97,-17.54,-2.75,,0.5,0.25,0.25,0.0,pres+house+senate
2004,2000s,Florida,FL,FL-17,,False,0,2,,Broward County; Miami-Dade County,2,25145,18743,327,44216,57.29,42.71,48.79,4.75,D+4.8,100.0,8.51,,-2.75,,0.667,0.0,0.333,0.0,pres+senate
2004,2000s,Florida,FL,FL-18,,False,0,2,,Miami-Dade County; Monroe County,2,46259,41032,468,87758,52.99,47.01,48.79,-2.14,R+2.1,100.0,4.21,-14.24,-2.75,,0.5,0.25,0.25,0.0,pres+house+senate
2004,2000s,Florida,FL,FL-19,,False,0,2,,Broward County; Palm Beach County,2,46496,27979,624,75099,62.43,37.57,48.79,8.18,D+8.2,100.0,13.65,,-2.75,,0.667,0.0,0.333,0.0,pres+senate
2004,2000s,Florida,FL,FL-20,,False,0,2,,Broward County; Miami-Dade County,2,59558,33228,1063,93850,64.19,35.81,48.79,12.17,D+12.2,100.0,15.4,20.65,-2.75,,0.5,0.25,0.25,0.0,pres+house+senate
2004,2000s,Florida,FL,FL-21,,False,0,2,,Broward County; Miami-Dade County,2,35420,26245,465,62131,57.44,42.56,48.79,4.85,D+4.9,100.0,8.65,,-2.75,,0.667,0.0,0.333,0.0,pres+senate
2004,2000s,Florida,FL,FL-22,,False,0,2,,Broward County; Palm Beach County,2,59284,34979,851,95113,62.89,37.11,48.79,2.97,D+3.0,100.0,14.11,-13.6,-2.75,,0.5,0.25,0.25,0.0,pres+house+senate
2004,2000s,Florida,FL,FL-23,,False,0,5,,Broward County; Hendry County; Martin County; Palm Beach County; St. Lucie County,5,609116,377359,9073,995549,61.75,38.25,48.79,7.72,D+7.7,100.0,12.96,,-2.75,,0.667,0.0,0.333,0.0,pres+senate
2004,2000s,Florida,FL,FL-24,,False,0,4,,Brevard County; Orange County; Seminole County; Volusia County,4,234845,266886,3157,504888,46.81,53.19,48.79,-2.24,R+2.2,100.0,-1.98,,-2.75,,0.667,0.0,0.333,0.0,pres+senate
2004,2000s,Florida,FL,FL-25,,False,0,3,,Collier County; Miami-Dade County; Monroe County,3,384038,381548,4534,770120,50.16,49.84,48.79,0.0,EVEN,100.0,1.38,,-2.75,,0.667,0.0,0.333,0.0,pres+senate
2004,2000s,Georgia,GA,GA-01,,False,23,2,Appling County; Atkinson County; Bacon County; Berrien County; Brantley County; Bryan County; Camden County; Charlton County; Clinch County; Coffee County; Cook County; Echols County; Glynn County; Jeff Davis County; Lanier County; Liberty County; Long County; McIntosh County; Pierce County; Telfair County; Ware County; Wayne County; Wheeler County,Chatham County; Lowndes County,25,84367,143562,1215,229144,37.01,62.99,48.79,-11.62,R+11.6,29.8,-11.77,,-11.33,,0.667,0.0,0.333,0.0,pres+senate
2004,2000s,Georgia,GA,GA-02,,False,29,3,Baker County; Brooks County; Calhoun County; Chattahoochee County; Clay County; Crawford County; Crisp County; Decatur County; Dooly County; Dougherty County; Early County; Grady County; Lee County; Macon County; Marion County; Miller County; Mitchell County; Peach County; Quitman County; Randolph County; Schley County; Seminole County; Stewart County; Sumter County; Talbot County; Taylor County; Terrell County; Thomas County; Webster County,Lowndes County; Muscogee County; Worth County,32,89756,105633,960,196349,45.94,54.06,48.79,0.06,D+0.1,15.0,-2.85,17.25,-11.33,,0.5,0.25,0.25,0.0,pres+house+senate
2004,2000s,Georgia,GA,GA-03,,False,10,5,Coweta County; Fayette County; Harris County; Heard County; Lamar County; Meriwether County; Pike County; Spalding County; Troup County; Upson County,Carroll County; Douglas County; Henry County; Muscogee County; Rockdale County,15,115919,220228,2122,338269,34.48,65.52,48.79,-6.65,R+6.6,45.0,-14.3,13.35,-11.33,,0.5,0.25,0.25,0.0,pres+house+senate
2004,2000s,Georgia,GA,GA-04,,False,0,3,,DeKalb County; Gwinnett County; Rockdale County,3,163585,80775,2109,246469,66.94,33.06,48.79,9.8,D+9.8,100.0,18.16,14.22,-11.33,,0.5,0.25,0.25,0.0,pres+house+senate
2004,2000s,Georgia,GA,GA-05,,False,0,3,,Clayton County; DeKalb County; Fulton County,3,105598,61541,1441,168579,63.18,36.82,48.79,5.82,D+5.8,100.0,14.39,,-11.33,,0.667,0.0,0.333,0.0,pres+senate
2004,2000s,Georgia,GA,GA-06,,False,1,3,Cherokee County,Cobb County; DeKalb County; Fulton County,4,114912,142953,2332,260197,44.56,55.44,48.79,-6.59,R+6.6,71.7,-4.22,,-11.33,,0.667,0.0,0.333,0.0,pres+senate
2004,2000s,Georgia,GA,GA-07,,False,2,3,Barrow County; Walton County,Forsyth County; Gwinnett County; Newton County,5,88716,191014,2395,282125,31.71,68.29,48.79,-15.16,R+15.2,83.9,-17.07,,-11.33,,0.667,0.0,0.333,0.0,pres+senate
2004,2000s,Georgia,GA,GA-08,,False,18,3,Ben Hill County; Bibb County; Bleckley County; Butts County; Colquitt County; Dodge County; Houston County; Irwin County; Jasper County; Jones County; Laurens County; Monroe County; Pulaski County; Tift County; Turner County; Twiggs County; Wilcox County; Wilkinson County,Baldwin County; Newton County; Worth County,21,94620,148903,1460,244983,38.85,61.15,48.79,-14.07,R+14.1,11.8,-9.93,-25.09,-11.33,,0.5,0.25,0.25,0.0,pres+house+senate
2004,2000s,Georgia,GA,GA-09,,False,13,2,Catoosa County; Dade County; Dawson County; Fannin County; Gilmer County; Hall County; Lumpkin County; Murray County; Pickens County; Union County; Walker County; White County; Whitfield County,Forsyth County; Gordon County,15,60407,202830,2045,265282,22.95,77.05,48.79,-21.71,R+21.7,23.5,-25.84,-23.84,-11.33,,0.5,0.25,0.25,0.0,pres+house+senate
2004,2000s,Georgia,GA,GA-10,,False,20,1,Banks County; Clarke County; Columbia County; Elbert County; Franklin County; Greene County; Habersham County; Hart County; Jackson County; Lincoln County; McDuffie County; Madison County; Morgan County; Oconee County; Oglethorpe County; Putnam County; Rabun County; Stephens County; Towns County; Wilkes County,Richmond County,21,91122,163949,2040,257111,35.72,64.28,48.79,-12.48,R+12.5,9.2,-13.06,,-11.33,,0.667,0.0,0.333,0.0,pres+senate
2004,2000s,Georgia,GA,GA-11,,False,6,3,Bartow County; Chattooga County; Floyd County; Haralson County; Paulding County; Polk County,Carroll County; Cobb County; Gordon County,9,89929,190311,2316,282556,32.09,67.91,48.79,-12.91,R+12.9,52.9,-16.7,-6.94,-11.33,,0.5,0.25,0.25,0.0,pres+house+senate
2004,2000s,Georgia,GA,GA-12,,False,19,3,Bulloch County; Burke County; Candler County; Effingham County; Emanuel County; Evans County; Glascock County; Hancock County; Jefferson County; Jenkins County; Johnson County; Montgomery County; Screven County; Taliaferro County; Tattnall County; Toombs County; Treutlen County; Warren County; Washington County,Baldwin County; Chatham County; Richmond County,22,97278,118789,1144,217211,45.02,54.98,48.79,-4.15,R+4.1,47.1,-3.76,2.26,-11.33,,0.5,0.25,0.25,0.0,pres+house+senate
2004,2000s,Georgia,GA,GA-13,,False,0,6,,Clayton County; Cobb County; DeKalb County; Douglas County; Fulton County; Henry County,6,169941,143767,2506,316214,54.17,45.83,48.79,-0.19,R+0.2,100.0,5.39,,-11.33,,0.667,0.0,0.333,0.0,pres+senate
2004,2000s,Hawaii,HI,HI-01,,False,0,1,,Honolulu County,1,49105,46419,609,96132,51.41,48.59,48.79,11.68,D+11.7,100.0,2.62,15.41,26.07,,0.5,0.25,0.25,0.0,pres+house+senate
2004,2000s,Hawaii,HI,HI-02,,False,4,1,Hawaii County; Kalawao County; Kauai County; Maui County,Honolulu County,5,182256,147711,2495,332463,55.23,44.77,48.79,13.06,D+13.1,60.9,6.45,13.26,26.07,,0.5,0.25,0.25,0.0,pres+house+senate
2004,2000s,Iowa,IA,IA-01,,False,12,0,Black Hawk County; Bremer County; Buchanan County; Butler County; Clayton County; Clinton County; Delaware County; Dubuque County; Fayette County; Jackson County; Jones County; Scott County,,12,157380,138073,2381,297834,53.27,46.73,48.79,-4.85,R+4.9,0.0,4.48,-5.58,-23.76,-3.88,0.4,0.2,0.2,0.2,pres+house+senate+statewide
2004,2000s,Iowa,IA,IA-02,,False,15,0,Appanoose County; Cedar County; Davis County; Des Moines County; Henry County; Jefferson County; Johnson County; Lee County; Linn County; Louisa County; Muscatine County; Van Buren County; Wapello County; Washington County; Wayne County,,15,171561,135991,3090,310642,55.78,44.22,48.79,-4.64,R+4.6,0.0,7.0,-9.58,-23.76,-3.88,0.4,0.2,0.2,0.2,pres+house+senate+statewide
2004,2000s,Iowa,IA,IA-03,,False,12,0,Benton County; Grundy County; Iowa County; Jasper County; Keokuk County; Lucas County; Mahaska County; Marion County; Monroe County; Polk County; Poweshiek County; Tama County,,12,154652,154919,2443,312014,49.96,50.04,48.79,-3.93,R+3.9,0.0,1.17,5.66,-23.76,-3.88,0.4,0.2,0.2,0.2,pres+house+senate+statewide
2004,2000s,Iowa,IA,IA-04,,False,28,0,Allamakee County; Boone County; Calhoun County; Cerro Gordo County; Chickasaw County; Dallas County; Emmet County; Floyd County; Franklin County; Greene County; Hamilton County; Hancock County; Hardin County; Howard County; Humboldt County; Kossuth County; Madison County; Marshall County; Mitchell County; Palo Alto County; Pocahontas County; Story County; Warren County; Webster County; Winnebago County; Winneshiek County; Worth County; Wright County,,28,148331,155587,2711,306629,48.81,51.19,48.79,-7.61,R+7.6,0.0,0.02,-10.44,-23.76,-3.88,0.4,0.2,0.2,0.2,pres+house+senate+statewide
2004,2000s,Iowa,IA,IA-05,,False,32,0,Adair County; Adams County; Audubon County; Buena Vista County; Carroll County; Cass County; Cherokee County; Clarke County; Clay County; Crawford County; Decatur County; Dickinson County; Fremont County; Guthrie County; Harrison County; Ida County; Lyon County; Mills County; Monona County; Montgomery County; O'Brien County; Osceola County; Page County; Plymouth County; Pottawattamie County; Ringgold County; Sac County; Shelby County; Sioux County; Taylor County; Union County; Woodbury County,,32,109974,167387,2428,279789,39.65,60.35,48.79,-11.77,R+11.8,0.0,-9.14,-12.94,-23.76,-3.88,0.4,0.2,0.2,0.2,pres+house+senate+statewide
2004,2000s,Idaho,ID,ID-01,,False,18,1,Adams County; Benewah County; Boise County; Bonner County; Boundary County; Canyon County; Clearwater County; Gem County; Idaho County; Kootenai County; Latah County; Lewis County; Nez Perce County; Owyhee County; Payette County; Shoshone County; Valley County; Washington County,Ada County,19,113762,223984,4998,342744,33.68,66.32,48.79,-25.15,R+25.2,34.5,-15.1,-19.04,-51.36,,0.5,0.25,0.25,0.0,pres+house+senate
2004,2000s,Idaho,ID,ID-02,,False,25,1,Bannock County; Bear Lake County; Bingham County; Blaine County; Bonneville County; Butte County; Camas County; Caribou County; Cassia County; Clark County; Custer County; Elmore County; Franklin County; Fremont County; Gooding County; Jefferson County; Jerome County; Lemhi County; Lincoln County; Madison County; Minidoka County; Oneida County; Power County; Teton County; Twin Falls County,Ada County,26,67336,185251,3116,255703,26.66,73.34,48.79,-28.96,R+29.0,14.4,-22.13,-20.24,-51.36,,0.5,0.25,0.25,0.0,pres+house+senate
2004,2000s,Illinois,IL,IL-01,,False,0,1,,Cook County,1,148440,61594,1269,211303,70.67,29.33,48.79,24.76,D+24.8,100.0,21.89,35.32,19.94,,0.5,0.25,0.25,0.0,pres+house+senate
2004,2000s,Illinois,IL,IL-02,,False,0,2,,Cook County; Will County,2,272111,113732,2333,388175,70.52,29.48,48.79,21.14,D+21.1,100.0,21.74,,19.94,,0.667,0.0,0.333,0.0,pres+senate
2004,2000s,Illinois,IL,IL-03,,False,0,1,,Cook County,1,190234,78936,1626,270796,70.67,29.33,48.79,22.11,D+22.1,100.0,21.89,24.74,19.94,,0.5,0.25,0.25,0.0,pres+house+senate
2004,2000s,Illinois,IL,IL-04,,False,0,1,,Cook County,1,59088,24518,505,84111,70.67,29.33,48.79,25.31,D+25.3,100.0,21.89,37.54,19.94,,0.5,0.25,0.25,0.0,pres+house+senate
2004,2000s,Illinois,IL,IL-05,,False,0,1,,Cook County,1,86470,35880,739,123089,70.67,29.33,48.79,22.59,D+22.6,100.0,21.89,26.64,19.94,,0.5,0.25,0.25,0.0,pres+house+senate
2004,2000s,Illinois,IL,IL-06,,False,0,2,,Cook County; DuPage County,2,175620,138471,2369,316459,55.91,44.09,48.79,7.21,D+7.2,100.0,7.13,-5.37,19.94,,0.5,0.25,0.25,0.0,pres+house+senate
2004,2000s,Illinois,IL,IL-07,,False,0,1,,Cook County,1,83588,34684,714,118986,70.67,29.33,48.79,25.08,D+25.1,100.0,21.89,36.59,19.94,,0.5,0.25,0.25,0.0,pres+house+senate
2004,2000s,Illinois,IL,IL-08,,False,0,3,,Cook County; Lake County; McHenry County,3,249979,182105,2921,435005,57.85,42.15,48.79,10.06,D+10.1,100.0,9.07,2.16,19.94,,0.5,0.25,0.25,0.0,pres+house+senate
2004,2000s,Illinois,IL,IL-09,,False,0,1,,Cook County,1,112411,46644,961,160016,70.67,29.33,48.79,22.48,D+22.5,100.0,21.89,26.2,19.94,,0.5,0.25,0.25,0.0,pres+house+senate
2004,2000s,Illinois,IL,IL-10,,False,0,2,,Cook County; Lake County,2,200177,108895,1932,311005,64.77,35.23,48.79,9.55,D+9.6,100.0,15.98,-13.69,19.94,,0.5,0.25,0.25,0.0,pres+house+senate
2004,2000s,Illinois,IL,IL-11,,False,3,5,Grundy County; Kankakee County; LaSalle County,Bureau County; Livingston County; McLean County; Will County; Woodford County,8,166853,194776,2512,364142,46.14,53.86,48.79,1.61,D+1.6,68.3,-2.65,-8.21,19.94,,0.5,0.25,0.25,0.0,pres+house+senate
2004,2000s,Illinois,IL,IL-12,,False,9,2,Alexander County; Franklin County; Jackson County; Monroe County; Perry County; Pulaski County; Randolph County; St. Clair County; Union County,Madison County; Williamson County,11,132486,130385,1767,264638,50.4,49.6,48.79,11.07,D+11.1,18.3,1.61,21.1,19.94,,0.5,0.25,0.25,0.0,pres+house+senate
2004,2000s,Illinois,IL,IL-13,,False,0,3,,Cook County; DuPage County; Will County,3,191211,151704,2519,345434,55.76,44.24,48.79,4.83,D+4.8,100.0,6.98,-14.55,19.94,,0.5,0.25,0.25,0.0,pres+house+senate
2004,2000s,Illinois,IL,IL-14,,False,3,5,Kane County; Kendall County; Lee County,Bureau County; DeKalb County; DuPage County; Henry County; Whiteside County,8,144972,181269,2777,329019,44.44,55.56,48.79,-1.73,R+1.7,34.4,-4.35,-18.15,19.94,,0.5,0.25,0.25,0.0,pres+house+senate
2004,2000s,Illinois,IL,IL-15,,False,13,9,Champaign County; Clark County; Coles County; Crawford County; Cumberland County; De Witt County; Douglas County; Edgar County; Ford County; Iroquois County; Moultrie County; Piatt County; Vermilion County,Edwards County; Gallatin County; Lawrence County; Livingston County; McLean County; Macon County; Saline County; Wabash County; White County,22,127000,175272,2604,304876,42.02,57.98,48.79,-1.05,R+1.0,27.2,-6.77,-10.59,19.94,,0.5,0.25,0.25,0.0,pres+house+senate
2004,2000s,Illinois,IL,IL-16,,False,6,3,Boone County; Carroll County; Jo Daviess County; Ogle County; Stephenson County; Winnebago County,DeKalb County; McHenry County; Whiteside County,9,139879,171457,2536,313872,44.93,55.07,48.79,-1.6,R+1.6,34.3,-3.86,-18.63,19.94,,0.5,0.25,0.25,0.0,pres+house+senate
2004,2000s,Illinois,IL,IL-17,,False,9,14,Calhoun County; Fulton County; Hancock County; Henderson County; McDonough County; Macoupin County; Mercer County; Rock Island County; Warren County,Adams County; Christian County; Fayette County; Greene County; Henry County; Jersey County; Knox County; Macon County; Madison County; Montgomery County; Pike County; Sangamon County; Shelby County; Whiteside County,23,124518,125010,1808,251336,49.9,50.1,48.79,8.33,D+8.3,36.8,1.12,11.15,19.94,,0.5,0.25,0.25,0.0,pres+house+senate
2004,2000s,Illinois,IL,IL-18,,False,13,7,Brown County; Cass County; Logan County; Marshall County; Mason County; Menard County; Morgan County; Peoria County; Putnam County; Schuyler County; Scott County; Stark County; Tazewell County,Adams County; Bureau County; Knox County; Macon County; Pike County; Sangamon County; Woodford County,20,146973,197887,2514,347373,42.62,57.38,48.79,-3.04,R+3.0,38.0,-6.17,-19.75,19.94,,0.5,0.25,0.25,0.0,pres+house+senate
2004,2000s,Illinois,IL,IL-19,,False,15,15,Bond County; Clay County; Clinton County; Effingham County; Hamilton County; Hardin County; Jasper County; Jefferson County; Johnson County; Marion County; Massac County; Pope County; Richland County; Washington County; Wayne County,Christian County; Edwards County; Fayette County; Gallatin County; Greene County; Jersey County; Lawrence County; Madison County; Montgomery County; Saline County; Sangamon County; Shelby County; Wabash County; White County; Williamson County,30,139541,192725,2420,334686,42.0,58.0,48.79,-3.14,R+3.1,60.1,-6.79,-18.9,19.94,,0.5,0.25,0.25,0.0,pres+house+senate
2004,2000s,Indiana,IN,IN-01,,False,4,1,Benton County; Jasper County; Lake County; Newton County,Porter County,5,145774,115148,2174,263096,55.87,44.13,48.79,7.61,D+7.6,20.3,7.08,18.74,10.17,-5.03,0.4,0.2,0.2,0.2,pres+house+senate+statewide
2004,2000s,Indiana,IN,IN-02,,False,8,4,Carroll County; Cass County; Fulton County; LaPorte County; Marshall County; Pulaski County; St. Joseph County; Starke County,Elkhart County; Howard County; Porter County; White County,12,104746,135105,2157,242007,43.67,56.33,48.79,-1.9,R+1.9,11.2,-5.11,-4.42,10.17,-5.03,0.4,0.2,0.2,0.2,pres+house+senate+statewide
2004,2000s,Indiana,IN,IN-03,,False,6,2,DeKalb County; Kosciusko County; LaGrange County; Noble County; Steuben County; Whitley County,Allen County; Elkhart County,8,77921,168189,1825,247935,31.66,68.34,48.79,-9.57,R+9.6,61.8,-17.12,-18.76,10.17,-5.03,0.4,0.2,0.2,0.2,pres+house+senate+statewide
2004,2000s,Indiana,IN,IN-04,,False,7,5,Boone County; Clinton County; Hendricks County; Lawrence County; Montgomery County; Morgan County; Tippecanoe County,Fountain County; Johnson County; Marion County; Monroe County; White County,12,95177,188617,2492,286286,33.54,66.46,48.79,-9.19,R+9.2,30.9,-15.25,-20.6,10.17,-5.03,0.4,0.2,0.2,0.2,pres+house+senate+statewide
2004,2000s,Indiana,IN,IN-05,,False,7,4,Grant County; Hamilton County; Hancock County; Huntington County; Miami County; Tipton County; Wabash County,Howard County; Johnson County; Marion County; Shelby County,11,112307,227764,2442,342514,33.02,66.98,48.79,-9.87,R+9.9,38.4,-15.76,-22.97,10.17,-5.03,0.4,0.2,0.2,0.2,pres+house+senate+statewide
2004,2000s,Indiana,IN,IN-06,,False,14,5,Adams County; Blackford County; Decatur County; Delaware County; Fayette County; Franklin County; Henry County; Jay County; Madison County; Randolph County; Rush County; Union County; Wayne County; Wells County,Allen County; Bartholomew County; Dearborn County; Johnson County; Shelby County,19,109708,198705,2589,311003,35.57,64.43,48.79,-7.8,R+7.8,22.3,-13.21,-17.73,10.17,-5.03,0.4,0.2,0.2,0.2,pres+house+senate+statewide
2004,2000s,Indiana,IN,IN-07,,False,0,1,,Marion County,1,106435,102383,1651,210470,50.97,49.03,48.79,3.08,D+3.1,100.0,2.18,5.9,10.17,-5.03,0.4,0.2,0.2,0.2,pres+house+senate+statewide
2004,2000s,Indiana,IN,IN-08,,False,17,1,Clay County; Daviess County; Gibson County; Greene County; Knox County; Martin County; Owen County; Parke County; Pike County; Posey County; Putnam County; Sullivan County; Vanderburgh County; Vermillion County; Vigo County; Warren County; Warrick County,Fountain County,18,104271,169958,2012,276241,38.02,61.98,48.79,-4.09,R+4.1,1.6,-10.76,-4.04,10.17,-5.03,0.4,0.2,0.2,0.2,pres+house+senate+statewide
2004,2000s,Indiana,IN,IN-09,,False,17,3,Brown County; Clark County; Crawford County; Dubois County; Floyd County; Harrison County; Jackson County; Jefferson County; Jennings County; Ohio County; Orange County; Perry County; Ripley County; Scott County; Spencer County; Switzerland County; Washington County,Bartholomew County; Dearborn County; Monroe County,20,112671,173567,2211,288450,39.36,60.64,48.79,-2.7,R+2.7,21.2,-9.42,0.21,10.17,-5.03,0.4,0.2,0.2,0.2,pres+house+senate+statewide
2004,2000s,Kansas,KS,KS-01,,False,66,3,Barber County; Barton County; Chase County; Cheyenne County; Clark County; Clay County; Cloud County; Comanche County; Decatur County; Dickinson County; Edwards County; Ellis County; Ellsworth County; Finney County; Ford County; Gove County; Graham County; Grant County; Gray County; Greeley County; Hamilton County; Haskell County; Hodgeman County; Jewell County; Kearny County; Kiowa County; Lane County; Lincoln County; Logan County; Lyon County; McPherson County; Marion County; Marshall County; Meade County; Mitchell County; Morris County; Morton County; Ness County; Norton County; Osborne County; Ottawa County; Pawnee County; Phillips County; Pratt County; Rawlins County; Reno County; Republic County; Rice County; Rooks County; Rush County; Russell County; Saline County; Scott County; Seward County; Sheridan County; Sherman County; Smith County; Stafford County; Stanton County; Stevens County; Thomas County; Trego County; Wabaunsee County; Wallace County; Washington County; Wichita County,Geary County; Greenwood County; Nemaha County,69,72968,198318,4105,275390,26.9,73.1,48.79,-22.51,R+22.5,3.7,-21.89,,-23.74,,0.667,0.0,0.333,0.0,pres+senate
2004,2000s,Kansas,KS,KS-02,,False,23,3,Allen County; Anderson County; Atchison County; Bourbon County; Brown County; Cherokee County; Coffey County; Crawford County; Doniphan County; Franklin County; Jackson County; Jefferson County; Labette County; Leavenworth County; Linn County; Miami County; Neosho County; Osage County; Pottawatomie County; Riley County; Shawnee County; Wilson County; Woodson County,Douglas County; Geary County; Nemaha County,26,127191,182232,4806,314229,41.11,58.89,48.79,-11.58,R+11.6,12.2,-7.68,-7.2,-23.74,,0.5,0.25,0.25,0.0,pres+house+senate
2004,2000s,Kansas,KS,KS-03,,False,2,1,Johnson County; Wyandotte County,Douglas County,3,141866,182534,3573,327973,43.73,56.27,48.79,-6.88,R+6.9,4.8,-5.05,6.32,-23.74,,0.5,0.25,0.25,0.0,pres+house+senate
2004,2000s,Kansas,KS,KS-04,,False,10,1,Butler County; Chautauqua County; Cowley County; Elk County; Harper County; Harvey County; Kingman County; Montgomery County; Sedgwick County; Sumner County,Greenwood County,11,92969,173372,3823,270164,34.91,65.09,48.79,-17.28,R+17.3,0.7,-13.88,-17.62,-23.74,,0.5,0.25,0.25,0.0,pres+house+senate
2004,2000s,Kentucky,KY,KY-01,,False,32,2,Adair County; Allen County; Ballard County; Butler County; Caldwell County; Calloway County; Carlisle County; Casey County; Christian County; Clinton County; Crittenden County; Cumberland County; Fulton County; Graves County; Henderson County; Hickman County; Hopkins County; Livingston County; Logan County; Lyon County; McCracken County; McLean County; Marshall County; Metcalfe County; Monroe County; Muhlenberg County; Russell County; Simpson County; Todd County; Trigg County; Union County; Webster County,Lincoln County; Ohio County,34,101538,179256,1850,282645,36.16,63.84,48.79,-8.76,R+8.8,2.1,-12.62,-16.94,-2.84,1.24,0.4,0.2,0.2,0.2,pres+house+senate+statewide
2004,2000s,Kentucky,KY,KY-02,,False,19,2,Barren County; Breckinridge County; Bullitt County; Daviess County; Edmonson County; Grayson County; Green County; Hancock County; Hardin County; Hart County; Larue County; Marion County; Meade County; Nelson County; Shelby County; Spencer County; Taylor County; Warren County; Washington County,Jefferson County; Ohio County,21,107213,196064,2204,305481,35.35,64.65,48.79,-9.18,R+9.2,7.6,-13.43,-17.45,-2.84,1.24,0.4,0.2,0.2,0.2,pres+house+senate+statewide
2004,2000s,Kentucky,KY,KY-03,,False,0,1,,Jefferson County,1,161633,156321,2702,320657,50.84,49.16,48.79,-1.7,R+1.7,100.0,2.05,-11.01,-2.84,1.24,0.4,0.2,0.2,0.2,pres+house+senate+statewide
2004,2000s,Kentucky,KY,KY-04,,False,22,2,Boone County; Boyd County; Bracken County; Campbell County; Carroll County; Carter County; Elliott County; Fleming County; Gallatin County; Grant County; Greenup County; Harrison County; Henry County; Kenton County; Lewis County; Mason County; Nicholas County; Oldham County; Owen County; Pendleton County; Robertson County; Trimble County,Bath County; Scott County,24,113136,198092,2632,313860,36.35,63.65,48.79,-6.27,R+6.3,3.5,-12.43,-4.89,-2.84,1.24,0.4,0.2,0.2,0.2,pres+house+senate+statewide
2004,2000s,Kentucky,KY,KY-05,,False,28,1,Bell County; Breathitt County; Clay County; Floyd County; Harlan County; Jackson County; Johnson County; Knott County; Knox County; Laurel County; Lawrence County; Lee County; Leslie County; Letcher County; McCreary County; Magoffin County; Martin County; Menifee County; Morgan County; Owsley County; Perry County; Pike County; Pulaski County; Rockcastle County; Rowan County; Wayne County; Whitley County; Wolfe County,Bath County,29,102038,159532,1922,263491,39.01,60.99,48.79,-5.29,R+5.3,0.5,-9.78,,-2.84,1.24,0.5,0.0,0.25,0.25,pres+senate+statewide
2004,2000s,Kentucky,KY,KY-06,,False,14,2,Anderson County; Bourbon County; Boyle County; Clark County; Estill County; Fayette County; Franklin County; Garrard County; Jessamine County; Madison County; Mercer County; Montgomery County; Powell County; Woodford County,Lincoln County; Scott County,16,127175,180173,2587,309934,41.38,58.62,48.79,-1.31,R+1.3,5.3,-7.41,9.88,-2.84,1.24,0.4,0.2,0.2,0.2,pres+house+senate+statewide
2004,2000s,Louisiana,LA,LA-01,,False,3,3,St. Tammany Parish; Tangipahoa Parish; Washington Parish,Jefferson Parish; Orleans Parish; St. Charles Parish,6,65352,132227,2013,199592,33.08,66.92,48.79,-16.54,R+16.5,19.6,-15.71,-30.74,-3.98,,0.5,0.25,0.25,0.0,pres+house+senate
2004,2000s,Louisiana,LA,LA-02,,False,0,2,,Jefferson Parish; Orleans Parish,2,165674,75023,2040,242737,68.83,31.17,48.79,16.39,D+16.4,100.0,20.05,29.46,-3.98,,0.5,0.25,0.25,0.0,pres+house+senate
2004,2000s,Louisiana,LA,LA-03,,False,10,3,Assumption Parish; Iberia Parish; Lafourche Parish; Plaquemines Parish; St. Bernard Parish; St. James Parish; St. John the Baptist Parish; St. Martin Parish; St. Mary Parish; Terrebonne Parish,Ascension Parish; Jefferson Parish; St. Charles Parish,13,156226,238175,4859,399260,39.61,60.39,48.79,-6.57,R+6.6,40.0,-9.17,-3.94,-3.98,,0.5,0.25,0.25,0.0,pres+house+senate
2004,2000s,Louisiana,LA,LA-04,,False,12,1,Beauregard Parish; Bienville Parish; Bossier Parish; Caddo Parish; Claiborne Parish; De Soto Parish; Grant Parish; Natchitoches Parish; Red River Parish; Sabine Parish; Vernon Parish; Webster Parish,Allen Parish,13,105926,156260,2776,264961,40.4,59.6,48.79,-6.92,R+6.9,1.6,-8.38,,-3.98,,0.667,0.0,0.333,0.0,pres+senate
2004,2000s,Louisiana,LA,LA-05,,False,18,4,Avoyelles Parish; Caldwell Parish; Catahoula Parish; Concordia Parish; East Carroll Parish; Franklin Parish; Jackson Parish; La Salle Parish; Lincoln Parish; Madison Parish; Morehouse Parish; Ouachita Parish; Rapides Parish; Richland Parish; Tensas Parish; Union Parish; West Carroll Parish; Winn Parish,Allen Parish; Evangeline Parish; Iberville Parish; Pointe Coupee Parish,22,103192,172662,3547,279401,37.41,62.59,48.79,-12.92,R+12.9,10.9,-11.38,-24.94,-3.98,,0.5,0.25,0.25,0.0,pres+house+senate
2004,2000s,Louisiana,LA,LA-06,,False,6,3,East Baton Rouge Parish; East Feliciana Parish; Livingston Parish; St. Helena Parish; West Baton Rouge Parish; West Feliciana Parish,Ascension Parish; Iberville Parish; Pointe Coupee Parish,9,115823,160911,2404,279137,41.85,58.15,48.79,-9.9,R+9.9,7.3,-6.93,-21.74,-3.98,,0.5,0.25,0.25,0.0,pres+house+senate
2004,2000s,Louisiana,LA,LA-07,,False,7,1,Acadia Parish; Calcasieu Parish; Cameron Parish; Jefferson Davis Parish; Lafayette Parish; St. Landry Parish; Vermilion Parish,Evangeline Parish,8,108107,166912,2999,278018,39.31,60.69,48.79,-6.03,R+6.0,1.5,-9.48,-1.19,-3.98,,0.5,0.25,0.25,0.0,pres+house+senate
2004,2000s,Massachusetts,MA,MA-01,,False,2,4,Berkshire County; Franklin County,Hampden County; Hampshire County; Middlesex County; Worcester County,6,296198,164055,6544,466797,64.36,35.64,48.79,15.57,D+15.6,78.0,15.57,,,,1.0,0.0,0.0,0.0,pres
2004,2000s,Massachusetts,MA,MA-02,,False,0,4,,Hampden County; Hampshire County; Norfolk County; Worcester County,4,138857,93466,2889,235212,59.77,40.23,48.79,10.98,D+11.0,100.0,10.98,,,,1.0,0.0,0.0,0.0,pres
2004,2000s,Massachusetts,MA,MA-03,,False,0,4,,Bristol County; Middlesex County; Norfolk County; Worcester County,4,154032,95096,3203,252331,61.83,38.17,48.79,15.68,D+15.7,100.0,13.04,20.96,,,0.667,0.333,0.0,0.0,pres+house
2004,2000s,Massachusetts,MA,MA-04,,False,0,4,,Bristol County; Middlesex County; Norfolk County; Plymouth County,4,211895,134146,3989,350031,61.23,38.77,48.79,12.45,D+12.4,100.0,12.45,,,,1.0,0.0,0.0,0.0,pres
2004,2000s,Massachusetts,MA,MA-05,,False,0,3,,Essex County; Middlesex County; Worcester County,3,253758,144937,5824,404520,63.65,36.35,48.79,15.76,D+15.8,100.0,14.86,17.56,,,0.667,0.333,0.0,0.0,pres+house
2004,2000s,Massachusetts,MA,MA-06,,False,0,2,,Essex County; Middlesex County,2,195993,130365,4186,330545,60.05,39.95,48.79,14.33,D+14.3,100.0,11.27,20.46,,,0.667,0.333,0.0,0.0,pres+house
2004,2000s,Massachusetts,MA,MA-07,,False,0,2,,Middlesex County; Suffolk County,2,112424,54774,2470,169668,67.24,32.76,48.79,21.47,D+21.5,100.0,18.45,27.5,,,0.667,0.333,0.0,0.0,pres+house
2004,2000s,Massachusetts,MA,MA-08,,False,0,2,,Suffolk County; Middlesex County,2,98790,31085,1729,131604,76.07,23.93,48.79,27.28,D+27.3,100.0,27.28,,,,1.0,0.0,0.0,0.0,pres
2004,2000s,Massachusetts,MA,MA-09,,False,0,4,,Bristol County; Norfolk County; Plymouth County; Suffolk County,4,172142,91383,3233,266758,65.32,34.68,48.79,16.54,D+16.5,100.0,16.54,,,,1.0,0.0,0.0,0.0,pres
2004,2000s,Massachusetts,MA,MA-10,,False,3,2,Barnstable County; Dukes County; Nantucket County,Norfolk County; Plymouth County,5,169711,131802,3410,304923,56.29,43.71,48.79,10.45,D+10.5,51.5,7.5,16.36,,,0.667,0.333,0.0,0.0,pres+house
2004,2000s,Maryland,MD,MD-01,,False,9,3,Caroline County; Cecil County; Dorchester County; Kent County; Queen Anne's County; Somerset County; Talbot County; Wicomico County; Worcester County,Anne Arundel County; Baltimore County; Harford County,12,135347,188422,3676,327445,41.8,58.2,48.79,-6.45,R+6.5,43.9,-6.98,-25.44,13.59,,0.5,0.25,0.25,0.0,pres+house+senate
2004,2000s,Maryland,MD,MD-02,,False,0,4,,Anne Arundel County; Baltimore County; Harford County; Baltimore City,4,115819,90225,2705,208750,56.21,43.79,48.79,11.85,D+11.8,100.0,7.43,18.95,13.59,,0.5,0.25,0.25,0.0,pres+house+senate
2004,2000s,Maryland,MD,MD-03,,False,0,4,,Anne Arundel County; Baltimore County; Howard County; Baltimore City,4,132736,90766,2835,226337,59.39,40.61,48.79,12.62,D+12.6,100.0,10.6,15.68,13.59,,0.5,0.25,0.25,0.0,pres+house+senate
2004,2000s,Maryland,MD,MD-04,,False,0,2,,Montgomery County; Prince George's County,2,171934,62916,2406,237256,73.21,26.79,48.79,22.93,D+22.9,100.0,24.42,29.26,13.59,,0.5,0.25,0.25,0.0,pres+house+senate
2004,2000s,Maryland,MD,MD-05,,False,3,2,Calvert County; Charles County; St. Mary's County,Anne Arundel County; Prince George's County,5,273455,156866,3908,434229,63.55,36.45,48.79,15.93,D+15.9,68.8,14.76,20.6,13.59,,0.5,0.25,0.25,0.0,pres+house+senate
2004,2000s,Maryland,MD,MD-06,,False,5,3,Allegany County; Carroll County; Frederick County; Garrett County; Washington County,Baltimore County; Harford County; Montgomery County,8,195950,276461,5941,478351,41.48,58.52,48.79,-5.06,R+5.1,41.4,-7.31,-19.2,13.59,,0.5,0.25,0.25,0.0,pres+house+senate
2004,2000s,Maryland,MD,MD-07,,False,0,3,,Baltimore County; Howard County; Baltimore City,3,146868,78232,2877,227977,65.25,34.75,48.79,17.96,D+18.0,100.0,16.46,25.33,13.59,,0.5,0.25,0.25,0.0,pres+house+senate
2004,2000s,Maryland,MD,MD-08,,False,0,1,,Montgomery County,1,162383,80816,2937,246136,66.77,33.23,48.79,18.74,D+18.7,100.0,17.98,25.38,13.59,,0.5,0.25,0.25,0.0,pres+house+senate
2004,2000s,Maine,ME,ME-01,,False,5,1,Cumberland County; Knox County; Lincoln County; Sagadahoc County; York County,Kennebec County,6,214838,166725,6911,388474,56.3,43.7,48.79,8.4,D+8.4,12.6,7.52,10.16,,,0.667,0.333,0.0,0.0,pres+house
2004,2000s,Maine,ME,ME-02,,False,10,1,Androscoggin County; Aroostook County; Franklin County; Hancock County; Oxford County; Penobscot County; Piscataquis County; Somerset County; Waldo County; Washington County,Kennebec County,11,182004,163476,6798,352278,52.68,47.32,48.79,5.91,D+5.9,5.0,3.9,9.95,,,0.667,0.333,0.0,0.0,pres+house
2004,2000s,Michigan,MI,MI-01,,False,30,1,Alcona County; Alger County; Alpena County; Antrim County; Arenac County; Baraga County; Charlevoix County; Cheboygan County; Chippewa County; Crawford County; Delta County; Dickinson County; Emmet County; Gladwin County; Gogebic County; Houghton County; Iosco County; Iron County; Keweenaw County; Luce County; Mackinac County; Marquette County; Menominee County; Montmorency County; Ogemaw County; Ontonagon County; Oscoda County; Otsego County; Presque Isle County; Schoolcraft County,Bay County,31,164756,186887,4014,355657,46.85,53.15,48.79,3.45,D+3.4,11.2,-1.93,17.19,,0.45,0.5,0.25,0.0,0.25,pres+house+statewide
2004,2000s,Michigan,MI,MI-02,,False,9,2,Benzie County; Lake County; Manistee County; Mason County; Muskegon County; Newaygo County; Oceana County; Ottawa County; Wexford County,Allegan County; Kent County,11,144380,216397,3428,364205,40.02,59.98,48.79,-9.3,R+9.3,17.2,-8.77,-20.11,,0.45,0.5,0.25,0.0,0.25,pres+house+statewide
2004,2000s,Michigan,MI,MI-03,,False,2,1,Barry County; Ionia County,Kent County,3,121098,180437,3030,304566,40.16,59.84,48.79,-8.56,R+8.6,81.0,-8.62,-17.43,,0.45,0.5,0.25,0.0,0.25,pres+house+statewide
2004,2000s,Michigan,MI,MI-04,,False,12,2,Clare County; Grand Traverse County; Gratiot County; Isabella County; Kalkaska County; Leelanau County; Mecosta County; Midland County; Missaukee County; Montcalm County; Osceola County; Roscommon County,Saginaw County; Shiawassee County,14,157749,184635,3523,345908,46.07,53.93,48.79,-4.85,R+4.8,29.2,-2.71,-14.43,,0.45,0.5,0.25,0.0,0.25,pres+house+statewide
2004,2000s,Michigan,MI,MI-05,,False,2,2,Genesee County; Tuscola County,Bay County; Saginaw County,4,161839,116821,2227,280887,58.08,41.92,48.79,9.43,D+9.4,13.8,9.29,18.68,,0.45,0.5,0.25,0.0,0.25,pres+house+statewide
2004,2000s,Michigan,MI,MI-06,,False,5,2,Berrien County; Cass County; Kalamazoo County; St. Joseph County; Van Buren County,Allegan County; Calhoun County,7,144421,168766,3155,316341,46.11,53.89,48.79,-5.32,R+5.3,12.6,-2.67,-16.38,,0.45,0.5,0.25,0.0,0.25,pres+house+statewide
2004,2000s,Michigan,MI,MI-07,,False,5,2,Branch County; Eaton County; Hillsdale County; Jackson County; Lenawee County,Calhoun County; Washtenaw County,7,195952,191893,4254,392099,50.52,49.48,48.79,-1.82,R+1.8,45.7,1.74,-11.21,,0.45,0.5,0.25,0.0,0.25,pres+house+statewide
2004,2000s,Michigan,MI,MI-08,,False,3,2,Clinton County; Ingham County; Livingston County,Oakland County; Shiawassee County,5,244272,253744,4890,502906,49.05,50.95,48.79,-2.73,R+2.7,47.4,0.26,-11.89,,0.45,0.5,0.25,0.0,0.25,pres+house+statewide
2004,2000s,Michigan,MI,MI-09,,False,0,1,,Oakland County,1,113816,112834,2123,228773,50.22,49.78,48.79,-1.48,R+1.5,100.0,1.43,-9.24,,0.45,0.5,0.25,0.0,0.25,pres+house+statewide
2004,2000s,Michigan,MI,MI-10,,False,4,1,Huron County; Lapeer County; St. Clair County; Sanilac County,Macomb County,5,221314,246781,4903,472999,47.28,52.72,48.79,-5.51,R+5.5,65.7,-1.51,-19.47,,0.45,0.5,0.25,0.0,0.25,pres+house+statewide
2004,2000s,Michigan,MI,MI-11,,False,0,2,,Oakland County; Wayne County,2,264023,157238,3604,424865,62.67,37.33,48.79,5.13,D+5.1,100.0,13.89,-7.71,,0.45,0.5,0.25,0.0,0.25,pres+house+statewide
2004,2000s,Michigan,MI,MI-12,,False,0,2,,Macomb County; Oakland County,2,62201,63416,1257,126874,49.52,50.48,48.79,5.72,D+5.7,100.0,0.73,20.96,,0.45,0.5,0.25,0.0,0.25,pres+house+statewide
2004,2000s,Michigan,MI,MI-13,,False,0,1,,Wayne County,1,105008,45106,1213,151327,69.95,30.05,48.79,18.53,D+18.5,100.0,21.17,31.33,,0.45,0.5,0.25,0.0,0.25,pres+house+statewide
2004,2000s,Michigan,MI,MI-14,,False,0,1,,Wayne County,1,118809,51034,1372,171216,69.95,30.05,48.79,19.78,D+19.8,100.0,21.17,36.33,,0.45,0.5,0.25,0.0,0.25,pres+house+statewide
2004,2000s,Michigan,MI,MI-15,,False,1,2,Monroe County,Washtenaw County; Wayne County,3,259543,137755,3331,400629,65.33,34.67,48.79,14.18,D+14.2,81.5,16.54,23.18,,0.45,0.5,0.25,0.0,0.25,pres+house+statewide
2004,2000s,Minnesota,MN,MN-01,,False,22,0,Blue Earth County; Brown County; Cottonwood County; Dodge County; Faribault County; Fillmore County; Freeborn County; Houston County; Jackson County; Martin County; Mower County; Murray County; Nicollet County; Nobles County; Olmsted County; Pipestone County; Rock County; Steele County; Wabasha County; Waseca County; Watonwan County; Winona County,,22,159607,171745,5033,336385,48.17,51.83,48.79,-0.62,R+0.6,0.0,-0.62,,,,1.0,0.0,0.0,0.0,pres
2004,2000s,Minnesota,MN,MN-02,,False,5,2,Carver County; Goodhue County; Le Sueur County; Rice County; Scott County,Dakota County; Washington County,7,187191,216080,4495,407766,46.42,53.58,48.79,-2.37,R+2.4,56.6,-2.37,,,,1.0,0.0,0.0,0.0,pres
2004,2000s,Minnesota,MN,MN-03,,False,0,2,,Anoka County; Hennepin County,2,316345,212198,6615,535158,59.85,40.15,48.79,2.64,D+2.6,100.0,11.07,-14.21,,,0.667,0.333,0.0,0.0,pres+house
2004,2000s,Minnesota,MN,MN-04,,False,1,2,Ramsey County,Dakota County; Washington County,3,180124,105821,3812,289757,62.99,37.01,48.79,14.21,D+14.2,5.9,14.21,,,,1.0,0.0,0.0,0.0,pres
2004,2000s,Minnesota,MN,MN-05,,False,0,2,,Anoka County; Hennepin County,2,74482,50934,1565,126982,59.39,40.61,48.79,10.6,D+10.6,100.0,10.6,,,,1.0,0.0,0.0,0.0,pres
2004,2000s,Minnesota,MN,MN-06,,False,3,3,Benton County; Sherburne County; Wright County,Anoka County; Stearns County; Washington County,6,187583,232442,5066,425092,44.66,55.34,48.79,-4.13,R+4.1,71.9,-4.13,,,,1.0,0.0,0.0,0.0,pres
2004,2000s,Minnesota,MN,MN-07,,False,33,2,Becker County; Big Stone County; Chippewa County; Clay County; Clearwater County; Douglas County; Grant County; Kandiyohi County; Kittson County; Lac qui Parle County; Lake of the Woods County; Lincoln County; Lyon County; McLeod County; Mahnomen County; Marshall County; Meeker County; Norman County; Otter Tail County; Pennington County; Polk County; Pope County; Red Lake County; Redwood County; Renville County; Roseau County; Sibley County; Stevens County; Swift County; Todd County; Traverse County; Wilkin County; Yellow Medicine County,Beltrami County; Stearns County,35,149450,191909,5225,346584,43.78,56.22,48.79,-5.0,R+5.0,12.4,-5.0,,,,1.0,0.0,0.0,0.0,pres
2004,2000s,Minnesota,MN,MN-08,,False,17,1,Aitkin County; Carlton County; Cass County; Chisago County; Cook County; Crow Wing County; Hubbard County; Isanti County; Itasca County; Kanabec County; Koochiching County; Lake County; Mille Lacs County; Morrison County; Pine County; St. Louis County; Wadena County,Beltrami County,18,190231,165566,4866,360663,53.47,46.53,48.79,4.68,D+4.7,0.9,4.68,,,,1.0,0.0,0.0,0.0,pres
2004,2000s,Missouri,MO,MO-01,,False,0,2,,St. Louis County; St. Louis City,2,173387,104083,1393,278863,62.49,37.51,48.79,8.62,D+8.6,100.0,13.7,27.22,-8.91,-2.63,0.4,0.2,0.2,0.2,pres+house+senate+statewide
2004,2000s,Missouri,MO,MO-02,,False,1,2,Lincoln County,St. Charles County; St. Louis County,3,202088,197790,2067,401944,50.54,49.46,48.79,-4.81,R+4.8,95.1,1.75,-16.01,-8.91,-2.63,0.4,0.2,0.2,0.2,pres+house+senate+statewide
2004,2000s,Missouri,MO,MO-03,,False,2,2,Jefferson County; Ste. Genevieve County,St. Louis County; St. Louis City,4,137320,93784,1309,232414,59.42,40.58,48.79,2.83,D+2.8,56.4,10.63,4.44,-8.91,-2.63,0.4,0.2,0.2,0.2,pres+house+senate+statewide
2004,2000s,Missouri,MO,MO-04,,False,21,4,Barton County; Bates County; Benton County; Cedar County; Cole County; Dade County; Dallas County; Henry County; Hickory County; Johnson County; Laclede County; Lafayette County; Moniteau County; Morgan County; Pettis County; Pulaski County; Ray County; St. Clair County; Saline County; Vernon County; Webster County,Camden County; Cass County; Jackson County; Polk County,25,114042,199320,1994,315356,36.39,63.61,48.79,-3.74,R+3.7,24.0,-12.39,17.6,-8.91,-2.63,0.4,0.2,0.2,0.2,pres+house+senate+statewide
2004,2000s,Missouri,MO,MO-05,,False,0,2,,Cass County; Jackson County,2,127754,92920,1295,221969,57.89,42.11,48.79,2.77,D+2.8,100.0,9.11,7.19,-8.91,-2.63,0.4,0.2,0.2,0.2,pres+house+senate+statewide
2004,2000s,Missouri,MO,MO-06,,False,25,1,Andrew County; Atchison County; Buchanan County; Caldwell County; Carroll County; Chariton County; Clay County; Clinton County; Cooper County; Daviess County; DeKalb County; Gentry County; Grundy County; Harrison County; Holt County; Howard County; Linn County; Livingston County; Mercer County; Nodaway County; Platte County; Putnam County; Schuyler County; Sullivan County; Worth County,Jackson County,26,168555,193624,2476,364654,46.54,53.46,48.79,-6.06,R+6.1,23.4,-2.25,-14.25,-8.91,-2.63,0.4,0.2,0.2,0.2,pres+house+senate+statewide
2004,2000s,Missouri,MO,MO-07,,False,8,2,Barry County; Christian County; Greene County; Jasper County; Lawrence County; McDonald County; Newton County; Stone County,Polk County; Taney County,10,94933,195496,1728,292158,32.69,67.31,48.79,-12.92,R+12.9,4.8,-16.1,-20.87,-8.91,-2.63,0.4,0.2,0.2,0.2,pres+house+senate+statewide
2004,2000s,Missouri,MO,MO-08,,False,27,1,Bollinger County; Butler County; Cape Girardeau County; Carter County; Dent County; Douglas County; Dunklin County; Howell County; Iron County; Madison County; Mississippi County; New Madrid County; Oregon County; Ozark County; Pemiscot County; Perry County; Phelps County; Reynolds County; Ripley County; St. Francois County; Scott County; Shannon County; Stoddard County; Texas County; Washington County; Wayne County; Wright County,Taney County,28,99640,178382,1912,279934,35.84,64.16,48.79,-12.01,R+12.0,4.3,-12.95,-22.62,-8.91,-2.63,0.4,0.2,0.2,0.2,pres+house+senate+statewide
2004,2000s,Missouri,MO,MO-09,,False,23,2,Adair County; Audrain County; Boone County; Callaway County; Clark County; Crawford County; Franklin County; Gasconade County; Knox County; Lewis County; Macon County; Maries County; Marion County; Miller County; Monroe County; Montgomery County; Osage County; Pike County; Ralls County; Randolph County; Scotland County; Shelby County; Warren County,Camden County; St. Charles County,25,141451,200315,2305,344072,41.39,58.61,48.79,-8.3,R+8.3,17.9,-7.4,-15.19,-8.91,-2.63,0.4,0.2,0.2,0.2,pres+house+senate+statewide
2004,2000s,Mississippi,MS,MS-01,,False,22,2,Alcorn County; Benton County; Calhoun County; Chickasaw County; Choctaw County; Clay County; DeSoto County; Grenada County; Itawamba County; Lafayette County; Lee County; Lowndes County; Marshall County; Monroe County; Panola County; Pontotoc County; Prentiss County; Tate County; Tippah County; Tishomingo County; Union County; Yalobusha County,Webster County; Winston County,24,112086,188343,2129,302558,37.31,62.69,48.79,-11.48,R+11.5,1.8,-11.48,,,,1.0,0.0,0.0,0.0,pres
2004,2000s,Mississippi,MS,MS-02,,False,20,3,Attala County; Bolivar County; Carroll County; Claiborne County; Coahoma County; Copiah County; Holmes County; Humphreys County; Issaquena County; Jefferson County; Leflore County; Montgomery County; Quitman County; Sharkey County; Sunflower County; Tallahatchie County; Tunica County; Warren County; Washington County; Yazoo County,Hinds County; Leake County; Madison County,23,157768,126199,3029,286996,55.56,44.44,48.79,7.65,D+7.7,41.4,6.77,9.41,,,0.667,0.333,0.0,0.0,pres+house
2004,2000s,Mississippi,MS,MS-03,,False,20,8,Adams County; Amite County; Covington County; Franklin County; Jefferson Davis County; Kemper County; Lauderdale County; Lawrence County; Lincoln County; Neshoba County; Newton County; Noxubee County; Oktibbeha County; Pike County; Rankin County; Scott County; Simpson County; Smith County; Walthall County; Wilkinson County,Hinds County; Jasper County; Jones County; Leake County; Madison County; Marion County; Webster County; Winston County,28,102841,182495,2029,287364,36.04,63.96,48.79,-12.74,R+12.7,13.7,-12.74,,,,1.0,0.0,0.0,0.0,pres
2004,2000s,Mississippi,MS,MS-04,,False,12,3,Clarke County; Forrest County; George County; Greene County; Hancock County; Harrison County; Jackson County; Lamar County; Pearl River County; Perry County; Stone County; Wayne County,Jasper County; Jones County; Marion County,15,85400,187944,1884,275228,31.24,68.76,48.79,-6.46,R+6.5,13.1,-17.54,15.71,,,0.667,0.333,0.0,0.0,pres+house
2004,2000s,Montana,MT,MT-AL,,True,0,0,,,56,173710,266063,10672,450445,39.5,60.5,48.79,-8.3,R+8.3,0.0,-9.29,-15.81,,1.17,0.5,0.25,0.0,0.25,pres+house+statewide
2004,2000s,North Carolina,NC,NC-01,,False,13,10,Bertie County; Chowan County; Edgecombe County; Gates County; Greene County; Halifax County; Hertford County; Martin County; Northampton County; Pasquotank County; Perquimans County; Warren County; Washington County,Beaufort County; Craven County; Granville County; Jones County; Lenoir County; Nash County; Pitt County; Vance County; Wayne County; Wilson County,23,112698,108671,577,221946,50.91,49.09,48.79,3.39,D+3.4,44.1,2.12,14.44,-4.5,2.77,0.4,0.2,0.2,0.2,pres+house+senate+statewide
2004,2000s,North Carolina,NC,NC-02,,False,4,6,Franklin County; Harnett County; Johnston County; Lee County,Chatham County; Cumberland County; Nash County; Sampson County; Vance County; Wake County,10,99422,142071,807,242300,41.17,58.83,48.79,-0.85,R+0.9,47.4,-7.62,12.69,-4.5,2.77,0.4,0.2,0.2,0.2,pres+house+senate+statewide
2004,2000s,North Carolina,NC,NC-03,,False,8,9,Camden County; Carteret County; Currituck County; Dare County; Hyde County; Onslow County; Pamlico County; Tyrrell County,Beaufort County; Craven County; Duplin County; Jones County; Lenoir County; Nash County; Pitt County; Wayne County; Wilson County,17,90127,147764,792,238682,37.89,62.11,48.79,-8.76,R+8.8,57.6,-10.9,-20.24,-4.5,2.77,0.4,0.2,0.2,0.2,pres+house+senate+statewide
2004,2000s,North Carolina,NC,NC-04,,False,2,2,Durham County; Orange County,Chatham County; Wake County,4,202411,143920,1794,348125,58.44,41.56,48.79,6.43,D+6.4,50.1,9.66,14.56,-4.5,2.77,0.4,0.2,0.2,0.2,pres+house+senate+statewide
2004,2000s,North Carolina,NC,NC-05,,False,9,3,Alexander County; Alleghany County; Ashe County; Davie County; Stokes County; Surry County; Watauga County; Wilkes County; Yadkin County,Forsyth County; Iredell County; Rockingham County,12,115039,196271,1225,312535,36.95,63.05,48.79,-6.75,R+6.8,48.5,-11.83,-8.35,-4.5,2.77,0.4,0.2,0.2,0.2,pres+house+senate+statewide
2004,2000s,North Carolina,NC,NC-06,,False,2,4,Moore County; Randolph County,Alamance County; Davidson County; Guilford County; Rowan County,6,137927,208714,1461,348101,39.79,60.21,48.79,-8.48,R+8.5,74.3,-9.0,-22.66,-4.5,2.77,0.4,0.2,0.2,0.2,pres+house+senate+statewide
2004,2000s,North Carolina,NC,NC-07,,False,6,3,Bladen County; Brunswick County; Columbus County; New Hanover County; Pender County; Robeson County,Cumberland County; Duplin County; Sampson County,9,133931,158746,990,293667,45.76,54.24,48.79,3.17,D+3.2,30.6,-3.02,23.65,-4.5,2.77,0.4,0.2,0.2,0.2,pres+house+senate+statewide
2004,2000s,North Carolina,NC,NC-08,,False,6,4,Anson County; Hoke County; Montgomery County; Richmond County; Scotland County; Stanly County,Cabarrus County; Cumberland County; Mecklenburg County; Union County,10,80358,115603,656,196617,41.01,58.99,48.79,-4.48,R+4.5,57.5,-7.78,-5.09,-4.5,2.77,0.4,0.2,0.2,0.2,pres+house+senate+statewide
2004,2000s,North Carolina,NC,NC-09,,False,0,3,,Gaston County; Mecklenburg County; Union County,3,132252,157615,1071,290938,45.63,54.37,48.79,-5.57,R+5.6,100.0,-3.16,-19.77,-4.5,2.77,0.4,0.2,0.2,0.2,pres+house+senate+statewide
2004,2000s,North Carolina,NC,NC-10,,False,7,3,Avery County; Burke County; Caldwell County; Catawba County; Cleveland County; Lincoln County; Mitchell County,Gaston County; Iredell County; Rutherford County,10,84981,169034,1017,255032,33.46,66.54,48.79,-9.21,R+9.2,20.5,-15.33,-13.66,-4.5,2.77,0.4,0.2,0.2,0.2,pres+house+senate+statewide
2004,2000s,North Carolina,NC,NC-11,,False,14,1,Buncombe County; Cherokee County; Clay County; Graham County; Haywood County; Henderson County; Jackson County; McDowell County; Macon County; Madison County; Polk County; Swain County; Transylvania County; Yancey County,Rutherford County,15,124995,166747,1734,293477,42.84,57.16,48.79,-3.61,R+3.6,1.9,-5.94,-4.44,-4.5,2.77,0.4,0.2,0.2,0.2,pres+house+senate+statewide
2004,2000s,North Carolina,NC,NC-12,,False,0,6,,Cabarrus County; Davidson County; Forsyth County; Guilford County; Mecklenburg County; Rowan County,6,92389,111190,803,204381,45.38,54.62,48.79,1.75,D+1.7,100.0,-3.4,17.28,-4.5,2.77,0.4,0.2,0.2,0.2,pres+house+senate+statewide
2004,2000s,North Carolina,NC,NC-13,,False,2,5,Caswell County; Person County,Alamance County; Granville County; Guilford County; Rockingham County; Wake County,7,119319,134822,1066,255206,46.95,53.05,48.79,0.77,D+0.8,90.3,-1.84,9.25,-4.5,2.77,0.4,0.2,0.2,0.2,pres+house+senate+statewide
2004,2000s,North Dakota,ND,ND-AL,,True,0,0,,,53,111052,196651,5121,312824,36.09,63.91,48.79,-6.11,R+6.1,0.0,-12.69,10.02,8.15,-23.35,0.4,0.2,0.2,0.2,pres+house+senate+statewide
2004,2000s,Nebraska,NE,NE-01,,False,22,2,Burt County; Butler County; Cass County; Colfax County; Cuming County; Dakota County; Dixon County; Dodge County; Gage County; Johnson County; Lancaster County; Madison County; Nemaha County; Otoe County; Pawnee County; Richardson County; Saunders County; Seward County; Stanton County; Thurston County; Washington County; Wayne County,Cedar County; Sarpy County,24,105135,188899,4262,298295,35.76,64.24,48.79,-10.46,R+10.5,13.6,-13.03,-5.32,,,0.667,0.333,0.0,0.0,pres+house
2004,2000s,Nebraska,NE,NE-02,,False,1,1,Douglas County,Sarpy County,2,89073,134027,3164,226263,39.93,60.07,48.79,-10.03,R+10.0,8.5,-8.86,-12.37,,,0.667,0.333,0.0,0.0,pres+house
2004,2000s,Nebraska,NE,NE-03,,False,68,1,Adams County; Antelope County; Arthur County; Banner County; Blaine County; Boone County; Box Butte County; Boyd County; Brown County; Buffalo County; Chase County; Cherry County; Cheyenne County; Clay County; Custer County; Dawes County; Dawson County; Deuel County; Dundy County; Fillmore County; Franklin County; Frontier County; Furnas County; Garden County; Garfield County; Gosper County; Grant County; Greeley County; Hall County; Hamilton County; Harlan County; Hayes County; Hitchcock County; Holt County; Hooker County; Howard County; Jefferson County; Kearney County; Keith County; Keya Paha County; Kimball County; Knox County; Lincoln County; Logan County; Loup County; McPherson County; Merrick County; Morrill County; Nance County; Nuckolls County; Perkins County; Phelps County; Pierce County; Platte County; Polk County; Red Willow County; Rock County; Saline County; Scotts Bluff County; Sheridan County; Sherman County; Sioux County; Thayer County; Thomas County; Valley County; Webster County; Wheeler County; York County,Cedar County,69,60121,189889,3618,253628,24.05,75.95,48.79,-29.43,R+29.4,1.2,-24.74,-38.82,,,0.667,0.333,0.0,0.0,pres+house
2004,2000s,New Hampshire,NH,NH-01,,False,2,4,Carroll County; Strafford County,Belknap County; Hillsborough County; Merrimack County; Rockingham County,6,143280,147522,2523,293325,49.27,50.73,48.79,-6.09,R+6.1,70.2,0.49,-12.94,-18.43,-0.05,0.4,0.2,0.2,0.2,pres+house+senate+statewide
2004,2000s,New Hampshire,NH,NH-02,,False,4,4,Cheshire County; Coos County; Grafton County; Sullivan County,Belknap County; Hillsborough County; Merrimack County; Rockingham County,8,197231,183715,3467,384413,51.77,48.23,48.79,-4.49,R+4.5,67.0,2.99,-9.96,-18.43,-0.05,0.4,0.2,0.2,0.2,pres+house+senate+statewide
2004,2000s,New Jersey,NJ,NJ-01,,False,0,2,,Camden County; Gloucester County,2,134993,90320,1835,227148,59.91,40.09,48.79,15.99,D+16.0,100.0,11.13,25.72,,,0.667,0.333,0.0,0.0,pres+house
2004,2000s,New Jersey,NJ,NJ-02,,False,4,3,Atlantic County; Cape May County; Cumberland County; Salem County,Burlington County; Camden County; Gloucester County,7,193464,178107,3682,375254,52.07,47.93,48.79,-3.18,R+3.2,36.1,3.28,-16.11,,,0.667,0.333,0.0,0.0,pres+house
2004,2000s,New Jersey,NJ,NJ-03,,False,0,3,,Burlington County; Camden County; Ocean County,3,146368,160810,2647,309826,47.65,52.35,48.79,-5.5,R+5.5,100.0,-1.14,-14.21,,,0.667,0.333,0.0,0.0,pres+house
2004,2000s,New Jersey,NJ,NJ-04,,False,0,4,,Burlington County; Mercer County; Monmouth County; Ocean County,4,161365,187027,3074,351467,46.32,53.68,48.79,-7.32,R+7.3,100.0,-2.47,-17.03,,,0.667,0.333,0.0,0.0,pres+house
2004,2000s,New Jersey,NJ,NJ-05,,False,1,3,Warren County,Bergen County; Passaic County; Sussex County,4,242742,247520,4096,494358,49.51,50.49,48.79,-2.14,R+2.1,90.2,0.73,-7.89,,,0.667,0.333,0.0,0.0,pres+house
2004,2000s,New Jersey,NJ,NJ-06,,False,0,3,,Middlesex County; Monmouth County; Union County,3,82931,74973,1391,159295,52.52,47.48,48.79,8.8,D+8.8,100.0,3.73,18.92,,,0.667,0.333,0.0,0.0,pres+house
2004,2000s,New Jersey,NJ,NJ-07,,False,0,4,,Hunterdon County; Middlesex County; Somerset County; Union County,4,155316,142145,2692,300153,52.21,47.79,48.79,-0.14,R+0.1,100.0,3.43,-7.27,,,0.667,0.333,0.0,0.0,pres+house
2004,2000s,New Jersey,NJ,NJ-08,,False,0,2,,Essex County; Passaic County,2,101317,53816,1168,156301,65.31,34.69,48.79,16.52,D+16.5,100.0,16.52,,,,1.0,0.0,0.0,0.0,pres
2004,2000s,New Jersey,NJ,NJ-09,,False,0,2,,Bergen County; Hudson County,2,113417,82452,1414,197282,57.9,42.1,48.79,12.25,D+12.3,100.0,9.12,18.51,,,0.667,0.333,0.0,0.0,pres+house
2004,2000s,New Jersey,NJ,NJ-10,,False,0,3,,Essex County; Hudson County; Union County,3,97378,49290,1169,147837,66.39,33.61,48.79,17.61,D+17.6,100.0,17.61,,,,1.0,0.0,0.0,0.0,pres
2004,2000s,New Jersey,NJ,NJ-11,,False,1,4,Morris County,Essex County; Passaic County; Somerset County; Sussex County,5,176212,178420,2886,357518,49.69,50.31,48.79,-5.46,R+5.5,34.2,0.9,-18.18,,,0.667,0.333,0.0,0.0,pres+house
2004,2000s,New Jersey,NJ,NJ-12,,False,0,5,,Hunterdon County; Mercer County; Middlesex County; Monmouth County; Somerset County,5,204773,173660,3440,381872,54.11,45.89,48.79,7.0,D+7.0,100.0,5.33,10.36,,,0.667,0.333,0.0,0.0,pres+house
2004,2000s,New Jersey,NJ,NJ-13,,False,0,4,,Essex County; Hudson County; Middlesex County; Union County,4,101153,51462,1210,153826,66.28,33.72,48.79,20.96,D+21.0,100.0,17.49,27.88,,,0.667,0.333,0.0,0.0,pres+house
2004,2000s,New Mexico,NM,NM-01,,False,1,4,Torrance County,Bernalillo County; Sandoval County; Santa Fe County; Valencia County,5,92298,87513,2194,182005,51.33,48.67,48.79,2.26,D+2.3,96.4,2.55,-3.94,,7.91,0.5,0.25,0.0,0.25,pres+house+statewide
2004,2000s,New Mexico,NM,NM-02,,False,15,3,Catron County; Chaves County; Cibola County; De Baca County; Doña Ana County; Eddy County; Grant County; Guadalupe County; Hidalgo County; Lea County; Lincoln County; Luna County; Otero County; Sierra County; Socorro County,Bernalillo County; McKinley County; Valencia County,18,138837,171798,3412,314047,44.69,55.31,48.79,-2.5,R+2.5,36.1,-4.09,-9.74,,7.91,0.5,0.25,0.0,0.25,pres+house+statewide
2004,2000s,New Mexico,NM,NM-03,,False,12,3,Colfax County; Curry County; Harding County; Los Alamos County; Mora County; Quay County; Rio Arriba County; Roosevelt County; San Juan County; San Miguel County; Taos County; Union County,McKinley County; Sandoval County; Santa Fe County,15,139807,117619,2826,260252,54.31,45.69,48.79,9.53,D+9.5,48.1,5.52,19.15,,7.91,0.5,0.25,0.0,0.25,pres+house+statewide
2004,2000s,Nevada,NV,NV-01,,False,0,1,,Clark County,1,6199,5617,182,11999,52.46,47.54,48.79,9.26,D+9.3,100.0,3.68,18.41,11.3,,0.5,0.25,0.25,0.0,pres+house+senate
2004,2000s,Nevada,NV,NV-02,,False,16,1,Churchill County; Douglas County; Elko County; Esmeralda County; Eureka County; Humboldt County; Lander County; Lincoln County; Lyon County; Mineral County; Nye County; Pershing County; Storey County; Washoe County; White Pine County; Carson City,Clark County,17,225312,262934,8648,496895,46.15,53.85,48.79,-3.62,R+3.6,42.8,-2.64,-20.51,11.3,,0.5,0.25,0.25,0.0,pres+house+senate
2004,2000s,Nevada,NV,NV-03,,False,0,1,,Clark County,1,165679,150138,4876,320693,52.46,47.54,48.79,2.92,D+2.9,100.0,3.68,-6.95,11.3,,0.5,0.25,0.25,0.0,pres+house+senate
2004,2000s,New York,NY,NY-01,,False,0,1,,Suffolk County,1,224611,220374,9139,454124,50.48,49.52,48.79,7.7,D+7.7,100.0,1.69,6.66,20.78,,0.5,0.25,0.25,0.0,pres+house+senate
2004,2000s,New York,NY,NY-02,,False,0,2,,Nassau County; Suffolk County,2,92960,89799,3476,186236,50.86,49.14,48.79,10.5,D+10.5,100.0,2.08,17.06,20.78,,0.5,0.25,0.25,0.0,pres+house+senate
2004,2000s,New York,NY,NY-03,,False,0,2,,Nassau County; Suffolk County,2,175265,157691,4027,336983,52.64,47.36,48.79,3.99,D+4.0,100.0,3.85,-12.52,20.78,,0.5,0.25,0.25,0.0,pres+house+senate
2004,2000s,New York,NY,NY-04,,False,0,1,,Nassau County,1,101749,90816,2179,194744,52.84,47.16,48.79,10.57,D+10.6,100.0,4.05,13.41,20.78,,0.5,0.25,0.25,0.0,pres+house+senate
2004,2000s,New York,NY,NY-05,,False,0,2,,Nassau County; Queens County,2,150559,80235,2322,233115,65.24,34.76,48.79,19.0,D+19.0,100.0,16.45,22.34,20.78,,0.5,0.25,0.25,0.0,pres+house+senate
2004,2000s,New York,NY,NY-06,,False,0,1,,Queens County,1,155971,59663,2014,217648,72.33,27.67,48.79,22.62,D+22.6,100.0,23.55,,20.78,,0.667,0.0,0.333,0.0,pres+senate
2004,2000s,New York,NY,NY-07,,False,0,2,,Bronx County; Queens County,2,159097,37517,1433,198047,80.92,19.08,48.79,29.1,D+29.1,100.0,32.13,31.36,20.78,,0.5,0.25,0.25,0.0,pres+house+senate
2004,2000s,New York,NY,NY-08,,False,0,2,,Kings County; New York County,2,206600,49831,2823,259254,80.57,19.43,48.79,28.75,D+28.7,100.0,31.78,30.64,20.78,,0.5,0.25,0.25,0.0,pres+house+senate
2004,2000s,New York,NY,NY-09,,False,0,2,,Kings County; Queens County,2,195101,68693,2343,266137,73.96,26.04,48.79,23.22,D+23.2,100.0,25.17,21.77,20.78,,0.5,0.25,0.25,0.0,pres+house+senate
2004,2000s,New York,NY,NY-10,,False,0,1,,Kings County,1,127713,41453,1429,170595,75.5,24.5,48.79,29.28,D+29.3,100.0,26.71,42.92,20.78,,0.5,0.25,0.25,0.0,pres+house+senate
2004,2000s,New York,NY,NY-11,,False,0,1,,Kings County,1,87545,28415,980,116940,75.5,24.5,48.79,24.73,D+24.7,100.0,26.71,,20.78,,0.667,0.0,0.333,0.0,pres+senate
2004,2000s,New York,NY,NY-12,,False,0,3,,Kings County; New York County; Queens County,3,137243,42419,1671,181332,76.39,23.61,48.79,28.19,D+28.2,100.0,27.6,36.76,20.78,,0.5,0.25,0.25,0.0,pres+house+senate
2004,2000s,New York,NY,NY-13,,False,1,1,Richmond County,Kings County,2,113251,104867,1871,219989,51.92,48.08,48.79,4.63,D+4.6,27.2,3.14,-8.54,20.78,,0.5,0.25,0.25,0.0,pres+house+senate
2004,2000s,New York,NY,NY-14,,False,0,2,,New York County; Queens County,2,174133,39875,2527,216536,81.37,18.63,48.79,29.37,D+29.4,100.0,32.58,31.56,20.78,,0.5,0.25,0.25,0.0,pres+house+senate
2004,2000s,New York,NY,NY-15,,False,0,3,,New York County; Bronx County; Queens County,3,213675,43937,3120,260732,82.94,17.06,48.79,33.1,D+33.1,100.0,34.16,43.32,20.78,,0.5,0.25,0.25,0.0,pres+house+senate
2004,2000s,New York,NY,NY-16,,False,0,1,,Bronx County,1,79029,15779,636,95444,83.36,16.64,48.79,33.89,D+33.9,100.0,34.57,45.66,20.78,,0.5,0.25,0.25,0.0,pres+house+senate
2004,2000s,New York,NY,NY-17,,False,0,3,,Bronx County; Rockland County; Westchester County,3,116746,57168,1883,175797,67.13,32.87,48.79,21.37,D+21.4,100.0,18.34,28.03,20.78,,0.5,0.25,0.25,0.0,pres+house+senate
2004,2000s,New York,NY,NY-18,,False,0,2,,Rockland County; Westchester County,2,113023,81638,3118,197779,58.06,41.94,48.79,14.9,D+14.9,100.0,9.28,20.26,20.78,,0.5,0.25,0.25,0.0,pres+house+senate
2004,2000s,New York,NY,NY-19,,False,1,4,Putnam County,Dutchess County; Orange County; Rockland County; Westchester County,5,225240,209574,6896,441710,51.8,48.2,48.79,2.64,D+2.6,89.5,3.02,-16.24,20.78,,0.5,0.25,0.25,0.0,pres+house+senate
2004,2000s,New York,NY,NY-20,,False,5,5,Columbia County; Greene County; Saratoga County; Warren County; Washington County,Delaware County; Dutchess County; Essex County; Otsego County; Rensselaer County,10,181011,203172,8200,392383,47.12,52.88,48.79,0.44,D+0.4,44.8,-1.67,-15.67,20.78,,0.5,0.25,0.25,0.0,pres+house+senate
2004,2000s,New York,NY,NY-21,,False,4,2,Albany County; Montgomery County; Schenectady County; Schoharie County,Fulton County; Rensselaer County,6,146904,113722,5518,266144,56.37,43.63,48.79,14.3,D+14.3,5.1,7.58,21.26,20.78,,0.5,0.25,0.25,0.0,pres+house+senate
2004,2000s,New York,NY,NY-22,,False,2,5,Sullivan County; Ulster County,Broome County; Delaware County; Orange County; Tioga County; Tompkins County,7,111422,104026,4944,220392,51.72,48.28,48.79,11.07,D+11.1,46.2,2.93,17.66,20.78,,0.5,0.25,0.25,0.0,pres+house+senate
2004,2000s,New York,NY,NY-23,,False,8,3,Clinton County; Franklin County; Hamilton County; Jefferson County; Lewis County; Madison County; Oswego County; St. Lawrence County,Essex County; Fulton County; Oneida County,11,139379,152634,6366,298379,47.73,52.27,48.79,-0.39,R+0.4,23.1,-1.05,-20.24,20.78,,0.5,0.25,0.25,0.0,pres+house+senate
2004,2000s,New York,NY,NY-24,,False,4,7,Chenango County; Cortland County; Herkimer County; Seneca County,Broome County; Cayuga County; Oneida County; Ontario County; Otsego County; Tioga County; Tompkins County,11,136870,143575,6537,286982,48.8,51.2,48.79,2.15,D+2.2,69.4,0.02,-12.21,20.78,,0.5,0.25,0.25,0.0,pres+house+senate
2004,2000s,New York,NY,NY-25,,False,2,2,Onondaga County; Wayne County,Cayuga County; Monroe County,4,155309,140878,5884,302071,52.44,47.56,48.79,9.36,D+9.4,15.3,3.65,,20.78,,0.667,0.0,0.333,0.0,pres+senate
2004,2000s,New York,NY,NY-26,,False,3,4,Genesee County; Livingston County; Wyoming County,Erie County; Monroe County; Niagara County; Orleans County,7,172250,176201,6903,355354,49.43,50.57,48.79,4.23,D+4.2,78.7,0.65,-5.14,20.78,,0.5,0.25,0.25,0.0,pres+house+senate
2004,2000s,New York,NY,NY-27,,False,1,1,Chautauqua County,Erie County,2,211860,168023,8329,388212,55.77,44.23,48.79,8.98,D+9.0,84.3,6.98,1.16,20.78,,0.5,0.25,0.25,0.0,pres+house+senate
2004,2000s,New York,NY,NY-28,,False,0,4,,Erie County; Monroe County; Niagara County; Orleans County,4,69709,64813,2604,137125,51.82,48.18,48.79,12.96,D+13.0,100.0,3.03,25.0,20.78,,0.5,0.25,0.25,0.0,pres+house+senate
2004,2000s,New York,NY,NY-29,,False,6,2,Allegany County; Cattaraugus County; Chemung County; Schuyler County; Steuben County; Yates County,Monroe County; Ontario County,8,140054,175779,5937,321769,44.34,55.66,48.79,1.74,D+1.7,52.1,-4.44,-4.93,20.78,,0.5,0.25,0.25,0.0,pres+house+senate
2004,2000s,Ohio,OH,OH-01,,False,0,2,,Butler County; Hamilton County,2,154576,185916,1402,341893,45.4,54.6,48.79,-8.06,R+8.1,100.0,-3.39,-9.41,-16.04,,0.5,0.25,0.25,0.0,pres+house+senate
2004,2000s,Ohio,OH,OH-02,,False,4,3,Adams County; Brown County; Clermont County; Pike County,Hamilton County; Scioto County; Warren County,7,125669,199150,1232,326051,38.69,61.31,48.79,-14.37,R+14.4,59.0,-10.1,-21.25,-16.04,,0.5,0.25,0.25,0.0,pres+house+senate
2004,2000s,Ohio,OH,OH-03,,False,2,2,Clinton County; Highland County,Montgomery County; Warren County,4,154452,186633,1415,342500,45.28,54.72,48.79,-8.72,R+8.7,89.2,-3.5,-11.84,-16.04,,0.5,0.25,0.25,0.0,pres+house+senate
2004,2000s,Ohio,OH,OH-04,,False,10,1,Allen County; Auglaize County; Champaign County; Hancock County; Hardin County; Logan County; Marion County; Morrow County; Richland County; Shelby County,Wyandot County,11,102197,193788,1459,297443,34.53,65.47,48.79,-13.17,R+13.2,1.9,-14.26,-8.14,-16.04,,0.5,0.25,0.25,0.0,pres+house+senate
2004,2000s,Ohio,OH,OH-05,,False,12,4,Crawford County; Defiance County; Fulton County; Henry County; Huron County; Paulding County; Putnam County; Sandusky County; Seneca County; Van Wert County; Williams County; Wood County,Ashland County; Lucas County; Mercer County; Wyandot County,16,146424,209495,1868,357786,41.14,58.86,48.79,-11.98,R+12.0,20.5,-7.65,-16.59,-16.04,,0.5,0.25,0.25,0.0,pres+house+senate
2004,2000s,Ohio,OH,OH-06,,False,8,4,Columbiana County; Gallia County; Jefferson County; Lawrence County; Meigs County; Monroe County; Noble County; Washington County,Athens County; Belmont County; Mahoning County; Scioto County,12,183690,164634,2003,350326,52.74,47.26,48.79,-2.71,R+2.7,47.8,3.95,,-16.04,,0.667,0.0,0.333,0.0,pres+senate
2004,2000s,Ohio,OH,OH-07,,False,6,2,Clark County; Fairfield County; Fayette County; Greene County; Perry County; Pickaway County,Franklin County; Ross County,8,152633,192730,1799,347162,44.19,55.81,48.79,-9.93,R+9.9,23.4,-4.59,-14.5,-16.04,,0.5,0.25,0.25,0.0,pres+house+senate
2004,2000s,Ohio,OH,OH-08,,False,3,3,Darke County; Miami County; Preble County,Butler County; Mercer County; Montgomery County,6,89384,165172,1120,255676,35.11,64.89,48.79,-15.48,R+15.5,61.2,-13.67,-18.55,-16.04,,0.5,0.25,0.25,0.0,pres+house+senate
2004,2000s,Ohio,OH,OH-09,,False,2,2,Erie County; Ottawa County,Lorain County; Lucas County,4,188815,139433,945,329193,57.52,42.48,48.79,5.0,D+5.0,80.8,8.74,18.58,-16.04,,0.5,0.25,0.25,0.0,pres+house+senate
2004,2000s,Ohio,OH,OH-10,,False,0,1,,Cuyahoga County,1,191062,94402,1565,287029,66.93,33.07,48.79,8.71,D+8.7,100.0,18.15,14.57,-16.04,,0.5,0.25,0.25,0.0,pres+house+senate
2004,2000s,Ohio,OH,OH-11,,False,0,1,,Cuyahoga County,1,131860,65150,1080,198090,66.93,33.07,48.79,6.75,D+6.8,100.0,18.15,,-16.04,,0.667,0.0,0.333,0.0,pres+senate
2004,2000s,Ohio,OH,OH-12,,False,1,2,Delaware County,Franklin County; Licking County,3,142369,162414,1417,306200,46.71,53.29,48.79,-7.92,R+7.9,73.7,-2.07,-11.5,-16.04,,0.5,0.25,0.25,0.0,pres+house+senate
2004,2000s,Ohio,OH,OH-13,,False,0,4,,Cuyahoga County; Lorain County; Medina County; Summit County,4,182731,124850,1437,309018,59.41,40.59,48.79,5.77,D+5.8,100.0,10.62,17.89,-16.04,,0.5,0.25,0.25,0.0,pres+house+senate
2004,2000s,Ohio,OH,OH-14,,False,3,4,Ashtabula County; Geauga County; Lake County,Cuyahoga County; Portage County; Summit County; Trumbull County,7,234600,196533,2155,433288,54.41,45.59,48.79,-4.27,R+4.3,49.8,5.63,-12.31,-16.04,,0.5,0.25,0.25,0.0,pres+house+senate
2004,2000s,Ohio,OH,OH-15,,False,2,1,Madison County; Union County,Franklin County,3,159345,148582,1595,309522,51.75,48.25,48.79,-4.92,R+4.9,87.1,2.96,-9.56,-16.04,,0.5,0.25,0.25,0.0,pres+house+senate
2004,2000s,Ohio,OH,OH-16,,False,2,2,Stark County; Wayne County,Ashland County; Medina County,4,149582,172855,1539,323976,46.39,53.61,48.79,-9.23,R+9.2,25.8,-2.39,-16.09,-16.04,,0.5,0.25,0.25,0.0,pres+house+senate
2004,2000s,Ohio,OH,OH-17,,False,0,4,,Mahoning County; Portage County; Summit County; Trumbull County,4,128695,91177,1104,220976,58.53,41.47,48.79,7.78,D+7.8,100.0,9.75,27.65,-16.04,,0.5,0.25,0.25,0.0,pres+house+senate
2004,2000s,Ohio,OH,OH-18,,False,12,4,Carroll County; Coshocton County; Guernsey County; Harrison County; Hocking County; Holmes County; Jackson County; Knox County; Morgan County; Muskingum County; Tuscarawas County; Vinton County,Athens County; Belmont County; Licking County; Ross County,16,123085,166854,1839,291777,42.45,57.55,48.79,-11.1,R+11.1,25.4,-6.33,-15.71,-16.04,,0.5,0.25,0.25,0.0,pres+house+senate
2004,2000s,Oklahoma,OK,OK-01,,False,3,2,Tulsa County; Wagoner County; Washington County,Creek County; Rogers County,5,109048,204860,0,313907,34.74,65.26,48.79,-11.89,R+11.9,2.7,-14.05,-11.16,-8.31,,0.5,0.25,0.25,0.0,pres+house+senate
2004,2000s,Oklahoma,OK,OK-02,,False,24,1,Adair County; Atoka County; Bryan County; Cherokee County; Choctaw County; Coal County; Craig County; Delaware County; Haskell County; Hughes County; Johnston County; Latimer County; Le Flore County; McCurtain County; McIntosh County; Mayes County; Muskogee County; Nowata County; Okfuskee County; Okmulgee County; Ottawa County; Pittsburg County; Pushmataha County; Sequoyah County,Rogers County,25,114380,168142,0,282522,40.49,59.51,48.79,-2.14,R+2.1,10.6,-8.3,16.36,-8.31,,0.5,0.25,0.25,0.0,pres+house+senate
2004,2000s,Oklahoma,OK,OK-03,,False,30,2,Alfalfa County; Beaver County; Beckham County; Blaine County; Caddo County; Cimarron County; Custer County; Dewey County; Ellis County; Garfield County; Grant County; Greer County; Harmon County; Harper County; Jackson County; Kay County; Kingfisher County; Kiowa County; Lincoln County; Logan County; Major County; Noble County; Osage County; Pawnee County; Payne County; Roger Mills County; Texas County; Washita County; Woods County; Woodward County,Canadian County; Creek County,32,84648,217345,0,301993,28.03,71.97,48.79,-16.61,R+16.6,22.0,-20.76,,-8.31,,0.667,0.0,0.333,0.0,pres+senate
2004,2000s,Oklahoma,OK,OK-04,,False,14,2,Carter County; Cleveland County; Comanche County; Cotton County; Garvin County; Grady County; Jefferson County; Love County; McClain County; Marshall County; Murray County; Pontotoc County; Stephens County; Tillman County,Canadian County; Oklahoma County,16,94780,187083,0,281863,33.63,66.37,48.79,-12.88,R+12.9,9.7,-15.16,,-8.31,,0.667,0.0,0.333,0.0,pres+senate
2004,2000s,Oklahoma,OK,OK-05,,False,2,1,Pottawatomie County; Seminole County,Oklahoma County,3,101111,182362,0,283473,35.67,64.33,48.79,-12.55,R+12.5,87.6,-13.12,-15.64,-8.31,,0.5,0.25,0.25,0.0,pres+house+senate
2004,2000s,Oregon,OR,OR-01,,False,4,1,Clatsop County; Columbia County; Washington County; Yamhill County,Multnomah County,5,171880,155280,4689,331849,52.54,47.46,48.79,8.13,D+8.1,4.3,3.75,10.58,14.45,,0.5,0.25,0.25,0.0,pres+house+senate
2004,2000s,Oregon,OR,OR-02,,False,19,1,Baker County; Crook County; Deschutes County; Gilliam County; Grant County; Harney County; Hood River County; Jackson County; Jefferson County; Klamath County; Lake County; Malheur County; Morrow County; Sherman County; Umatilla County; Union County; Wallowa County; Wasco County; Wheeler County,Josephine County,20,127360,202643,4973,334976,38.59,61.41,48.79,-7.33,R+7.3,1.2,-10.19,-23.37,14.45,,0.5,0.25,0.25,0.0,pres+house+senate
2004,2000s,Oregon,OR,OR-03,,False,0,2,,Clackamas County; Multnomah County,2,275148,124530,5104,404782,68.84,31.16,48.79,19.99,D+20.0,100.0,20.06,25.41,14.45,,0.5,0.25,0.25,0.0,pres+house+senate
2004,2000s,Oregon,OR,OR-04,,False,5,2,Coos County; Curry County; Douglas County; Lane County; Linn County,Benton County; Josephine County,7,202115,207562,7200,416878,49.34,50.66,48.79,6.97,D+7.0,18.7,0.55,12.34,14.45,,0.5,0.25,0.25,0.0,pres+house+senate
2004,2000s,Oregon,OR,OR-05,,False,4,3,Lincoln County; Marion County; Polk County; Tillamook County,Benton County; Clackamas County; Multnomah County,7,166659,176816,4822,348297,48.52,51.48,48.79,4.69,D+4.7,41.6,-0.26,4.85,14.45,,0.5,0.25,0.25,0.0,pres+house+senate
2004,2000s,Pennsylvania,PA,PA-01,,False,0,2,,Delaware County; Philadelphia County,2,183324,51262,685,235271,78.15,21.85,48.79,21.98,D+22.0,100.0,29.36,37.01,-7.8,,0.5,0.25,0.25,0.0,pres+house+senate
2004,2000s,Pennsylvania,PA,PA-02,,False,0,2,,Philadelphia County; Montgomery County,2,205939,51641,690,258270,79.95,20.05,48.79,23.26,D+23.3,100.0,31.17,38.49,-7.8,,0.5,0.25,0.25,0.0,pres+house+senate
2004,2000s,Pennsylvania,PA,PA-03,,False,1,6,Erie County,Armstrong County; Butler County; Crawford County; Mercer County; Venango County; Warren County,7,143493,166657,1852,312002,46.27,53.73,48.79,-5.62,R+5.6,59.6,-2.52,-9.62,-7.8,,0.5,0.25,0.25,0.0,pres+house+senate
2004,2000s,Pennsylvania,PA,PA-04,,False,1,5,Lawrence County,Allegheny County; Beaver County; Butler County; Mercer County; Westmoreland County,6,217573,183869,2535,403977,54.2,45.8,48.79,-2.56,R+2.6,89.2,5.41,-13.27,-7.8,,0.5,0.25,0.25,0.0,pres+house+senate
2004,2000s,Pennsylvania,PA,PA-05,,False,9,8,Cameron County; Centre County; Clarion County; Clinton County; Elk County; Forest County; Jefferson County; McKean County; Potter County,Clearfield County; Crawford County; Juniata County; Lycoming County; Mifflin County; Tioga County; Venango County; Warren County,17,106129,165978,1897,274004,39.0,61.0,48.79,-9.12,R+9.1,41.7,-9.78,,-7.8,,0.667,0.0,0.333,0.0,pres+senate
2004,2000s,Pennsylvania,PA,PA-06,,False,0,4,,Berks County; Chester County; Lehigh County; Montgomery County,4,136018,134564,1366,271949,50.27,49.73,48.79,-1.35,R+1.3,100.0,1.48,-0.56,-7.8,,0.5,0.25,0.25,0.0,pres+house+senate
2004,2000s,Pennsylvania,PA,PA-07,,False,0,3,,Chester County; Delaware County; Montgomery County,3,184884,141592,1692,328167,56.63,43.37,48.79,-0.24,R+0.2,100.0,7.84,-8.84,-7.8,,0.5,0.25,0.25,0.0,pres+house+senate
2004,2000s,Pennsylvania,PA,PA-08,,False,1,1,Bucks County,Philadelphia County,2,191661,161241,2001,354903,54.31,45.69,48.79,-0.6,R+0.6,9.9,5.52,-5.63,-7.8,,0.5,0.25,0.25,0.0,pres+house+senate
2004,2000s,Pennsylvania,PA,PA-09,,False,5,9,Bedford County; Blair County; Franklin County; Fulton County; Huntingdon County,Cambria County; Clearfield County; Cumberland County; Fayette County; Indiana County; Juniata County; Mifflin County; Perry County; Somerset County,14,128383,232578,1789,362751,35.57,64.43,48.79,-13.32,R+13.3,56.0,-13.22,-19.05,-7.8,,0.5,0.25,0.25,0.0,pres+house+senate
2004,2000s,Pennsylvania,PA,PA-10,,False,10,4,Bradford County; Montour County; Northumberland County; Pike County; Snyder County; Sullivan County; Susquehanna County; Union County; Wayne County; Wyoming County,Lackawanna County; Luzerne County; Lycoming County; Tioga County,14,141410,182820,3018,327247,43.61,56.39,48.79,-6.05,R+6.0,45.0,-5.17,,-7.8,,0.667,0.0,0.333,0.0,pres+senate
2004,2000s,Pennsylvania,PA,PA-11,,False,3,2,Carbon County; Columbia County; Monroe County,Lackawanna County; Luzerne County,5,112296,112317,2197,226810,50.0,50.0,48.79,-1.79,R+1.8,52.3,1.21,,-7.8,,0.667,0.0,0.333,0.0,pres+senate
2004,2000s,Pennsylvania,PA,PA-12,,False,1,7,Greene County,Armstrong County; Cambria County; Fayette County; Indiana County; Somerset County; Washington County; Westmoreland County,8,103131,117814,1174,222118,46.68,53.32,48.79,-4.01,R+4.0,93.0,-2.11,,-7.8,,0.667,0.0,0.333,0.0,pres+senate
2004,2000s,Pennsylvania,PA,PA-13,,False,0,2,,Montgomery County; Philadelphia County,2,244441,114440,1287,360168,68.11,31.89,48.79,9.69,D+9.7,100.0,19.33,7.91,-7.8,,0.5,0.25,0.25,0.0,pres+house+senate
2004,2000s,Pennsylvania,PA,PA-14,,False,0,1,,Allegheny County,1,84760,62477,1064,148301,57.57,42.43,48.79,3.25,D+3.3,100.0,8.78,,-7.8,,0.667,0.0,0.333,0.0,pres+senate
2004,2000s,Pennsylvania,PA,PA-15,,False,1,3,Northampton County,Berks County; Lehigh County; Montgomery County,4,178683,166199,2534,347416,51.81,48.19,48.79,-2.78,R+2.8,63.5,3.02,-9.35,-7.8,,0.5,0.25,0.25,0.0,pres+house+senate
2004,2000s,Pennsylvania,PA,PA-16,,False,1,2,Lancaster County,Berks County; Chester County,3,121790,197673,1839,321301,38.12,61.88,48.79,-10.94,R+10.9,31.1,-10.66,-14.65,-7.8,,0.5,0.25,0.25,0.0,pres+house+senate
2004,2000s,Pennsylvania,PA,PA-17,,False,3,2,Dauphin County; Lebanon County; Schuylkill County,Berks County; Perry County,5,145950,190364,2081,338395,43.4,56.6,48.79,-1.96,R+2.0,28.4,-5.39,10.74,-7.8,,0.5,0.25,0.25,0.0,pres+house+senate
2004,2000s,Pennsylvania,PA,PA-18,,False,0,4,,Allegheny County; Beaver County; Washington County; Westmoreland County,4,214721,189231,2390,406342,53.16,46.84,48.79,-2.85,R+2.8,100.0,4.37,-12.33,-7.8,,0.5,0.25,0.25,0.0,pres+house+senate
2004,2000s,Pennsylvania,PA,PA-19,,False,2,1,Adams County; York County,Cumberland County,3,93509,171132,1729,266370,35.33,64.67,48.79,-11.57,R+11.6,16.8,-13.45,,-7.8,,0.667,0.0,0.333,0.0,pres+senate
2004,2000s,Rhode Island,RI,RI-01,,False,2,1,Bristol County; Newport County,Providence County,3,105646,65258,3208,174112,61.82,38.18,48.79,13.56,D+13.6,62.6,13.03,14.62,,,0.667,0.333,0.0,0.0,pres+house
2004,2000s,Rhode Island,RI,RI-02,,False,2,1,Kent County; Washington County,Providence County,3,154114,103788,5120,263022,59.76,40.24,48.79,16.86,D+16.9,46.5,10.97,28.63,,,0.667,0.333,0.0,0.0,pres+house
2004,2000s,South Carolina,SC,SC-01,,False,1,4,Horry County,Berkeley County; Charleston County; Dorchester County; Georgetown County,5,90176,122649,3513,216339,42.37,57.63,48.79,-6.63,R+6.6,62.4,-6.41,,-7.08,,0.667,0.0,0.333,0.0,pres+senate
2004,2000s,South Carolina,SC,SC-02,,False,6,4,Allendale County; Barnwell County; Beaufort County; Hampton County; Jasper County; Lexington County,Aiken County; Calhoun County; Orangeburg County; Richland County,10,116965,162359,2608,281933,41.87,58.13,48.79,-9.15,R+9.1,37.6,-6.91,-15.69,-7.08,,0.5,0.25,0.25,0.0,pres+house+senate
2004,2000s,South Carolina,SC,SC-03,,False,8,2,Abbeville County; Anderson County; Edgefield County; Greenwood County; McCormick County; Oconee County; Pickens County; Saluda County,Aiken County; Laurens County,10,82125,159544,2477,244147,33.98,66.02,48.79,-12.23,R+12.2,22.8,-14.8,,-7.08,,0.667,0.0,0.333,0.0,pres+senate
2004,2000s,South Carolina,SC,SC-04,,False,3,1,Greenville County; Spartanburg County; Union County,Laurens County,4,94686,180816,3240,278743,34.37,65.63,48.79,-14.02,R+14.0,0.4,-14.42,-20.18,-7.08,,0.5,0.25,0.25,0.0,pres+house+senate
2004,2000s,South Carolina,SC,SC-05,,False,11,3,Cherokee County; Chester County; Chesterfield County; Darlington County; Dillon County; Fairfield County; Kershaw County; Lancaster County; Marlboro County; Newberry County; York County,Florence County; Lee County; Sumter County,14,101254,138586,2589,242430,42.22,57.78,48.79,-1.66,R+1.7,7.8,-6.57,13.56,-7.08,,0.5,0.25,0.25,0.0,pres+house+senate
2004,2000s,South Carolina,SC,SC-06,,False,5,10,Bamberg County; Clarendon County; Colleton County; Marion County; Williamsburg County,Berkeley County; Calhoun County; Charleston County; Dorchester County; Florence County; Georgetown County; Lee County; Orangeburg County; Richland County; Sumter County,15,176491,174019,3629,354139,50.35,49.65,48.79,3.39,D+3.4,82.8,1.57,17.51,-7.08,,0.5,0.25,0.25,0.0,pres+house+senate
2004,2000s,South Dakota,SD,SD-AL,,True,0,0,,,66,149244,232584,6387,388215,39.09,60.91,48.79,-4.49,R+4.5,0.0,-9.7,4.21,-2.76,,0.5,0.25,0.25,0.0,pres+house+senate
2004,2000s,Tennessee,TN,TN-01,,False,10,2,Carter County; Cocke County; Greene County; Hamblen County; Hancock County; Hawkins County; Johnson County; Sullivan County; Unicoi County; Washington County,Jefferson County; Sevier County,12,80710,175044,1751,257505,31.56,68.44,48.79,-19.79,R+19.8,12.4,-17.23,-24.93,,,0.667,0.333,0.0,0.0,pres+house
2004,2000s,Tennessee,TN,TN-02,,False,5,1,Blount County; Knox County; Loudon County; McMinn County; Monroe County,Sevier County,6,98980,182673,2388,284042,35.14,64.86,48.79,-19.12,R+19.1,1.2,-13.64,-30.08,,,0.667,0.333,0.0,0.0,pres+house
2004,2000s,Tennessee,TN,TN-03,,False,9,2,Anderson County; Bradley County; Claiborne County; Grainger County; Hamilton County; Meigs County; Polk County; Rhea County; Union County,Jefferson County; Roane County,11,103541,165408,2087,271035,38.5,61.5,48.79,-12.16,R+12.2,7.4,-10.29,-15.9,,,0.667,0.333,0.0,0.0,pres+house
2004,2000s,Tennessee,TN,TN-04,,False,21,3,Bledsoe County; Campbell County; Coffee County; Cumberland County; Fentress County; Franklin County; Giles County; Grundy County; Lawrence County; Lewis County; Lincoln County; Marion County; Maury County; Moore County; Morgan County; Pickett County; Scott County; Sequatchie County; Van Buren County; Warren County; White County,Hickman County; Roane County; Williamson County,24,110450,159640,1814,271904,40.89,59.11,48.79,-3.2,R+3.2,15.3,-7.89,6.19,,,0.667,0.333,0.0,0.0,pres+house
2004,2000s,Tennessee,TN,TN-05,,False,0,3,,Cheatham County; Davidson County; Wilson County,3,136488,120873,1812,259174,53.03,46.97,48.79,9.41,D+9.4,100.0,4.25,19.74,,,0.667,0.333,0.0,0.0,pres+house
2004,2000s,Tennessee,TN,TN-06,,False,14,1,Bedford County; Cannon County; Clay County; DeKalb County; Jackson County; Macon County; Marshall County; Overton County; Putnam County; Robertson County; Rutherford County; Smith County; Sumner County; Trousdale County,Wilson County,15,115819,177592,1841,295252,39.47,60.53,48.79,-0.84,R+0.8,8.4,-9.31,16.12,,,0.667,0.333,0.0,0.0,pres+house
2004,2000s,Tennessee,TN,TN-07,,False,9,6,Chester County; Decatur County; Fayette County; Hardeman County; Hardin County; Henderson County; McNairy County; Perry County; Wayne County,Cheatham County; Davidson County; Hickman County; Montgomery County; Shelby County; Williamson County,15,151645,175458,1955,329058,46.36,53.64,48.79,-2.43,R+2.4,77.0,-2.43,,,,1.0,0.0,0.0,0.0,pres
2004,2000s,Tennessee,TN,TN-08,,False,17,2,Benton County; Carroll County; Crockett County; Dickson County; Dyer County; Gibson County; Haywood County; Henry County; Houston County; Humphreys County; Lake County; Lauderdale County; Madison County; Obion County; Stewart County; Tipton County; Weakley County,Montgomery County; Shelby County,19,143806,158333,1855,303994,47.6,52.4,48.79,7.49,D+7.5,29.9,-1.19,24.84,,,0.667,0.333,0.0,0.0,pres+house
2004,2000s,Tennessee,TN,TN-09,,False,0,1,,Shelby County,1,93720,68315,950,162986,57.84,42.16,48.79,16.89,D+16.9,100.0,9.05,32.56,,,0.667,0.333,0.0,0.0,pres+house
2004,2000s,Texas,TX,TX-01,,False,12,1,Angelina County; Gregg County; Harrison County; Marion County; Nacogdoches County; Panola County; Rusk County; Sabine County; San Augustine County; Shelby County; Smith County; Upshur County,Cass County,13,79012,178829,1102,258943,30.64,69.36,48.79,-15.94,R+15.9,0.7,-18.14,-11.54,,,0.667,0.333,0.0,0.0,pres+house
2004,2000s,Texas,TX,TX-02,,False,1,2,Jefferson County,Harris County; Liberty County,3,159104,185729,2106,346940,46.14,53.86,48.79,-3.75,R+3.7,73.5,-2.65,-5.95,,,0.667,0.333,0.0,0.0,pres+house
2004,2000s,Texas,TX,TX-03,,False,0,2,,Collin County; Dallas County,2,44040,67142,799,111980,39.61,60.39,48.79,-9.17,R+9.2,100.0,-9.17,,,,1.0,0.0,0.0,0.0,pres
2004,2000s,Texas,TX,TX-04,,False,14,2,Bowie County; Camp County; Delta County; Fannin County; Franklin County; Grayson County; Hopkins County; Hunt County; Lamar County; Morris County; Rains County; Red River County; Rockwall County; Titus County,Cass County; Collin County,16,122020,287287,2333,411640,29.81,70.19,48.79,-18.88,R+18.9,49.4,-18.97,-18.69,,,0.667,0.333,0.0,0.0,pres+house
2004,2000s,Texas,TX,TX-05,,False,6,1,Anderson County; Cherokee County; Henderson County; Kaufman County; Van Zandt County; Wood County,Dallas County,7,94413,152847,1385,248645,38.18,61.82,48.79,-12.32,R+12.3,48.5,-10.6,-15.76,,,0.667,0.333,0.0,0.0,pres+house
2004,2000s,Texas,TX,TX-06,,False,5,3,Ellis County; Freestone County; Houston County; Leon County; Navarro County,Limestone County; Tarrant County; Trinity County,8,80948,158186,1281,240416,33.85,66.15,48.79,-15.43,R+15.4,64.5,-14.93,-16.41,,,0.667,0.333,0.0,0.0,pres+house
2004,2000s,Texas,TX,TX-07,,False,0,1,,Harris County,1,53404,65620,828,119852,44.87,55.13,48.79,-7.73,R+7.7,100.0,-3.92,-15.36,,,0.667,0.333,0.0,0.0,pres+house
2004,2000s,Texas,TX,TX-08,,False,9,2,Hardin County; Jasper County; Montgomery County; Newton County; Orange County; Polk County; San Jacinto County; Tyler County; Walker County,Liberty County; Trinity County,11,74463,194822,1371,270656,27.65,72.35,48.79,-20.56,R+20.6,4.0,-21.13,-19.42,,,0.667,0.333,0.0,0.0,pres+house
2004,2000s,Texas,TX,TX-09,,False,0,2,,Fort Bend County; Harris County,2,36397,44999,557,81953,44.72,55.28,48.79,5.14,D+5.1,100.0,-4.07,23.55,,,0.667,0.333,0.0,0.0,pres+house
2004,2000s,Texas,TX,TX-10,,False,4,4,Austin County; Lee County; Waller County; Washington County,Bastrop County; Burleson County; Harris County; Travis County,8,185390,214523,4056,403969,46.36,53.64,48.79,-2.43,R+2.4,89.2,-2.43,,,,1.0,0.0,0.0,0.0,pres
2004,2000s,Texas,TX,TX-11,,False,34,2,Andrews County; Brown County; Burnet County; Coke County; Coleman County; Comanche County; Concho County; Crane County; Dawson County; Ector County; Gillespie County; Glasscock County; Irion County; Kimble County; Lampasas County; Llano County; Loving County; McCulloch County; Martin County; Mason County; Menard County; Midland County; Mills County; Mitchell County; Reagan County; Runnels County; San Saba County; Schleicher County; Scurry County; Sterling County; Tom Green County; Upton County; Ward County; Winkler County,Nolan County; Sutton County,36,51136,186672,1412,239220,21.5,78.5,48.79,-27.33,R+27.3,0.7,-27.28,-27.43,,,0.667,0.333,0.0,0.0,pres+house
2004,2000s,Texas,TX,TX-12,,False,2,1,Parker County; Wise County,Tarrant County,3,102053,195843,1728,299624,34.26,65.74,48.79,-16.97,R+17.0,79.6,-14.53,-21.86,,,0.667,0.333,0.0,0.0,pres+house
2004,2000s,Texas,TX,TX-13,,False,42,2,Armstrong County; Baylor County; Briscoe County; Carson County; Childress County; Clay County; Collingsworth County; Cottle County; Crosby County; Dallam County; Dickens County; Donley County; Foard County; Gray County; Hall County; Hansford County; Hardeman County; Hartley County; Haskell County; Hemphill County; Hutchinson County; Jack County; Jones County; King County; Knox County; Lipscomb County; Montague County; Moore County; Motley County; Ochiltree County; Oldham County; Palo Pinto County; Potter County; Randall County; Roberts County; Sherman County; Stonewall County; Swisher County; Throckmorton County; Wheeler County; Wichita County; Wilbarger County,Archer County; Cooke County,44,53368,185306,1161,239835,22.36,77.64,48.79,-26.43,R+26.4,4.5,-26.43,,,,1.0,0.0,0.0,0.0,pres
2004,2000s,Texas,TX,TX-14,,False,7,3,Aransas County; Calhoun County; Chambers County; Jackson County; Matagorda County; Victoria County; Wharton County,Brazoria County; Fort Bend County; Galveston County,10,101699,187339,1813,290850,35.19,64.81,48.79,-13.6,R+13.6,69.4,-13.6,,,,1.0,0.0,0.0,0.0,pres
2004,2000s,Texas,TX,TX-15,,False,9,3,Bee County; Brooks County; DeWitt County; Duval County; Goliad County; Jim Wells County; Karnes County; Live Oak County; Refugio County,Cameron County; Hidalgo County; San Patricio County,12,83710,85459,622,169791,49.48,50.52,48.79,3.48,D+3.5,69.6,0.7,9.05,,,0.667,0.333,0.0,0.0,pres+house
2004,2000s,Texas,TX,TX-16,,False,0,1,,El Paso County,1,54612,42052,672,97335,56.5,43.5,48.79,11.45,D+11.5,100.0,7.71,18.93,,,0.667,0.333,0.0,0.0,pres+house
2004,2000s,Texas,TX,TX-17,,False,9,3,Bosque County; Brazos County; Grimes County; Hill County; Hood County; Johnson County; McLennan County; Madison County; Somervell County,Burleson County; Limestone County; Robertson County,12,75357,174364,1689,251410,30.18,69.82,48.79,-11.61,R+11.6,5.1,-18.61,2.38,,,0.667,0.333,0.0,0.0,pres+house
2004,2000s,Texas,TX,TX-18,,False,0,1,,Harris County,1,61510,75580,954,138044,44.87,55.13,48.79,-3.92,R+3.9,100.0,-3.92,,,,1.0,0.0,0.0,0.0,pres
2004,2000s,Texas,TX,TX-19,,False,25,2,Bailey County; Borden County; Callahan County; Castro County; Cochran County; Deaf Smith County; Eastland County; Fisher County; Floyd County; Gaines County; Garza County; Hale County; Hockley County; Howard County; Kent County; Lamb County; Lubbock County; Lynn County; Parmer County; Shackelford County; Stephens County; Taylor County; Terry County; Yoakum County; Young County,Archer County; Nolan County,27,54243,185326,1190,240759,22.64,77.36,48.79,-20.39,R+20.4,3.4,-26.14,-8.87,,,0.667,0.333,0.0,0.0,pres+house
2004,2000s,Texas,TX,TX-20,,False,0,1,,Bexar County,1,31013,38323,535,69871,44.73,55.27,48.79,3.18,D+3.2,100.0,-4.06,17.64,,,0.667,0.333,0.0,0.0,pres+house
2004,2000s,Texas,TX,TX-21,,False,6,2,Bandera County; Blanco County; Comal County; Kendall County; Kerr County; Real County,Bexar County; Travis County,8,134067,176599,4011,314678,43.15,56.85,48.79,-8.07,R+8.1,71.0,-5.63,-12.94,,,0.667,0.333,0.0,0.0,pres+house
2004,2000s,Texas,TX,TX-22,,False,0,4,,Brazoria County; Fort Bend County; Galveston County; Harris County,4,107277,142151,1539,250968,43.01,56.99,48.79,-6.13,R+6.1,100.0,-5.78,-6.85,,,0.667,0.333,0.0,0.0,pres+house
2004,2000s,Texas,TX,TX-23,,False,17,3,Brewster County; Crockett County; Culberson County; Dimmit County; Edwards County; Hudspeth County; Jeff Davis County; Kinney County; Maverick County; Medina County; Pecos County; Presidio County; Reeves County; Terrell County; Uvalde County; Val Verde County; Zavala County,Bexar County; El Paso County; Sutton County,20,191890,221265,3036,416191,46.45,53.55,48.79,-8.14,R+8.1,82.5,-2.34,-19.74,,,0.667,0.333,0.0,0.0,pres+house
2004,2000s,Texas,TX,TX-24,,False,0,3,,Dallas County; Denton County; Tarrant County,3,100201,125428,1508,227138,44.41,55.59,48.79,-7.82,R+7.8,100.0,-4.38,-14.71,,,0.667,0.333,0.0,0.0,pres+house
2004,2000s,Texas,TX,TX-25,,False,6,2,Caldwell County; Colorado County; Fayette County; Gonzales County; Hays County; Lavaca County,Bastrop County; Travis County,8,107797,116295,3596,227688,48.1,51.9,48.79,5.95,D+5.9,59.7,-0.68,19.2,,,0.667,0.333,0.0,0.0,pres+house
2004,2000s,Texas,TX,TX-26,,False,0,3,,Cooke County; Denton County; Tarrant County,3,93631,198977,1726,294334,32.0,68.0,48.79,-16.64,R+16.6,100.0,-16.79,-16.34,,,0.667,0.333,0.0,0.0,pres+house
2004,2000s,Texas,TX,TX-27,,False,4,2,Kenedy County; Kleberg County; Nueces County; Willacy County,Cameron County; San Patricio County,6,83001,100482,1168,184650,45.24,54.76,48.79,2.59,D+2.6,35.2,-3.55,14.86,,,0.667,0.333,0.0,0.0,pres+house
2004,2000s,Texas,TX,TX-28,,False,10,2,Atascosa County; Frio County; Guadalupe County; Jim Hogg County; La Salle County; McMullen County; Starr County; Webb County; Wilson County; Zapata County,Bexar County; Hidalgo County,12,87120,105291,1013,193424,45.28,54.72,48.79,1.3,D+1.3,33.4,-3.51,10.92,,,0.667,0.333,0.0,0.0,pres+house
2004,2000s,Texas,TX,TX-29,,False,0,1,,Harris County,1,65324,80268,1013,146605,44.87,55.13,48.79,-3.92,R+3.9,100.0,-3.92,,,,1.0,0.0,0.0,0.0,pres
2004,2000s,Texas,TX,TX-30,,False,0,1,,Dallas County,1,118994,122389,1704,243087,49.3,50.7,48.79,0.51,D+0.5,100.0,0.51,,,,1.0,0.0,0.0,0.0,pres
2004,2000s,Texas,TX,TX-31,,False,7,1,Bell County; Coryell County; Erath County; Falls County; Hamilton County; Milam County; Williamson County,Robertson County,8,85506,169807,2470,257783,33.49,66.51,48.79,-15.58,R+15.6,0.6,-15.29,-16.16,,,0.667,0.333,0.0,0.0,pres+house
2004,2000s,Texas,TX,TX-32,,False,0,1,,Dallas County,1,60005,61718,860,122583,49.3,50.7,48.79,-1.25,R+1.3,100.0,0.51,-4.78,,,0.667,0.333,0.0,0.0,pres+house
2004,2000s,Utah,UT,UT-01,,False,8,2,Box Elder County; Cache County; Davis County; Morgan County; Rich County; Summit County; Tooele County; Weber County,Juab County; Salt Lake County,10,91030,258761,8254,358045,26.02,73.98,48.79,-19.48,R+19.5,22.7,-22.76,-19.54,-22.94,-9.39,0.4,0.2,0.2,0.2,pres+house+senate+statewide
2004,2000s,Utah,UT,UT-02,,False,14,2,Carbon County; Daggett County; Duchesne County; Emery County; Garfield County; Grand County; Iron County; Kane County; Piute County; San Juan County; Uintah County; Wasatch County; Washington County; Wayne County,Salt Lake County; Utah County,16,84022,190883,7086,281990,30.56,69.44,48.79,-12.48,R+12.5,60.1,-18.22,6.38,-22.94,-9.39,0.4,0.2,0.2,0.2,pres+house+senate+statewide
2004,2000s,Utah,UT,UT-03,,False,4,3,Beaver County; Millard County; Sanpete County; Sevier County,Juab County; Salt Lake County; Utah County,7,66147,214098,7563,287808,23.6,76.4,48.79,-19.67,R+19.7,91.8,-25.18,-15.65,-22.94,-9.39,0.4,0.2,0.2,0.2,pres+house+senate+statewide
2004,2000s,Virginia,VA,VA-01,,False,17,6,Essex County; Gloucester County; James City County; King and Queen County; King George County; King William County; Lancaster County; Mathews County; Middlesex County; Northumberland County; Richmond County; Stafford County; Westmoreland County; York County; Fredericksburg City; Poquoson City; Williamsburg City,Caroline County; Fauquier County; Prince William County; Spotsylvania County; Hampton City; Newport News City,23,126163,181380,2237,309780,41.02,58.98,48.79,-7.76,R+7.8,36.3,-7.76,,,,1.0,0.0,0.0,0.0,pres
2004,2000s,Virginia,VA,VA-02,,False,3,2,Accomack County; Northampton County; Virginia Beach City,Hampton City; Norfolk City,5,115687,137959,1927,255573,45.61,54.39,48.79,-3.68,R+3.7,23.9,-3.18,-4.68,,,0.667,0.333,0.0,0.0,pres+house
2004,2000s,Virginia,VA,VA-03,,False,3,7,Charles City County; New Kent County; Surry County,Henrico County; Prince George County; Hampton City; Newport News City; Norfolk City; Portsmouth City; Richmond City,10,155062,123438,1823,280323,55.68,44.32,48.79,11.22,D+11.2,94.7,6.89,19.88,,,0.667,0.333,0.0,0.0,pres+house
2004,2000s,Virginia,VA,VA-04,,False,15,4,Amelia County; Dinwiddie County; Greensville County; Isle of Wight County; Nottoway County; Powhatan County; Southampton County; Sussex County; Chesapeake City; Colonial Heights City; Emporia City; Franklin City; Hopewell City; Petersburg City; Suffolk City,Brunswick County; Chesterfield County; Prince George County; Portsmouth City,19,135573,183937,1881,321391,42.43,57.57,48.79,-8.92,R+8.9,30.3,-6.35,-14.04,,,0.667,0.333,0.0,0.0,pres+house
2004,2000s,Virginia,VA,VA-05,,False,19,4,Albemarle County; Appomattox County; Buckingham County; Campbell County; Charlotte County; Cumberland County; Fluvanna County; Franklin County; Greene County; Halifax County; Lunenburg County; Mecklenburg County; Nelson County; Pittsylvania County; Prince Edward County; Bedford City; Charlottesville City; Danville City; Martinsville City,Bedford County; Brunswick County; Henry County; Lynchburg City,23,122739,161054,3150,286943,43.25,56.75,48.79,-8.11,R+8.1,14.1,-5.54,-13.25,,,0.667,0.333,0.0,0.0,pres+house
2004,2000s,Virginia,VA,VA-06,,False,15,5,Amherst County; Augusta County; Bath County; Botetourt County; Highland County; Rockbridge County; Rockingham County; Shenandoah County; Buena Vista City; Harrisonburg City; Lexington City; Roanoke City; Salem City; Staunton City; Waynesboro City,Alleghany County; Bedford County; Roanoke County; Covington City; Lynchburg City,20,95249,164758,2765,262772,36.63,63.37,48.79,-12.15,R+12.2,24.5,-12.15,,,,1.0,0.0,0.0,0.0,pres
2004,2000s,Virginia,VA,VA-07,,False,8,5,Culpeper County; Goochland County; Hanover County; Louisa County; Madison County; Orange County; Page County; Rappahannock County,Caroline County; Chesterfield County; Henrico County; Spotsylvania County; Richmond City,13,111014,163029,1794,275837,40.51,59.49,48.79,-8.28,R+8.3,56.5,-8.28,,,,1.0,0.0,0.0,0.0,pres
2004,2000s,Virginia,VA,VA-08,,False,3,1,Arlington County; Alexandria City; Falls Church City,Fairfax County,4,158918,94585,2420,255923,62.69,37.31,48.79,13.36,D+13.4,36.6,13.9,12.27,,,0.667,0.333,0.0,0.0,pres+house
2004,2000s,Virginia,VA,VA-09,,False,23,4,Bland County; Buchanan County; Carroll County; Craig County; Dickenson County; Floyd County; Giles County; Grayson County; Lee County; Montgomery County; Patrick County; Pulaski County; Russell County; Scott County; Smyth County; Tazewell County; Washington County; Wise County; Wythe County; Bristol City; Galax City; Norton City; Radford City,Alleghany County; Henry County; Roanoke County; Covington City,27,105864,163598,3146,272607,39.29,60.71,48.79,-2.72,R+2.7,13.8,-9.5,10.83,,,0.667,0.333,0.0,0.0,pres+house
2004,2000s,Virginia,VA,VA-10,,False,6,4,Clarke County; Frederick County; Loudoun County; Warren County; Manassas Park City; Winchester City,Fairfax County; Fauquier County; Prince William County; Manassas City,10,166455,193643,2994,363092,46.22,53.78,48.79,-6.17,R+6.2,53.1,-2.56,-13.39,,,0.667,0.333,0.0,0.0,pres+house
2004,2000s,Virginia,VA,VA-11,,False,1,3,Fairfax City,Fairfax County; Prince William County; Manassas City,4,162018,149578,2530,314126,52.0,48.0,48.79,-1.42,R+1.4,96.6,3.21,-10.68,,,0.667,0.333,0.0,0.0,pres+house
2004,2000s,Vermont,VT,VT-AL,,True,0,0,,,14,184067,121180,7062,312309,60.3,39.7,48.79,1.25,D+1.3,0.0,11.52,-26.94,22.03,-11.86,0.4,0.2,0.2,0.2,pres+house+senate+statewide
2004,2000s,Washington,WA,WA-01,,False,0,3,,King County; Kitsap County; Snohomish County,3,66552,51311,1883,119746,56.47,43.53,48.79,6.44,D+6.4,100.0,7.68,13.86,4.08,-1.12,0.4,0.2,0.2,0.2,pres+house+senate+statewide
2004,2000s,Washington,WA,WA-02,,False,4,2,Island County; San Juan County; Skagit County; Whatcom County,King County; Snohomish County,6,346039,267783,9646,623469,56.37,43.63,48.79,6.83,D+6.8,69.3,7.59,16.01,4.08,-1.12,0.4,0.2,0.2,0.2,pres+house+senate+statewide
2004,2000s,Washington,WA,WA-03,,False,5,2,Clark County; Cowlitz County; Lewis County; Pacific County; Wahkiakum County,Skamania County; Thurston County,7,170121,176125,5631,351877,49.13,50.87,48.79,3.2,D+3.2,26.7,0.35,12.36,4.08,-1.12,0.4,0.2,0.2,0.2,pres+house+senate+statewide
2004,2000s,Washington,WA,WA-04,,False,8,2,Benton County; Chelan County; Douglas County; Franklin County; Grant County; Kittitas County; Klickitat County; Yakima County,Adams County; Skamania County,10,88753,158112,3686,250551,35.95,64.05,48.79,-6.97,R+7.0,0.3,-12.83,-12.13,4.08,-1.12,0.4,0.2,0.2,0.2,pres+house+senate+statewide
2004,2000s,Washington,WA,WA-05,,False,11,1,Asotin County; Columbia County; Ferry County; Garfield County; Lincoln County; Okanogan County; Pend Oreille County; Spokane County; Stevens County; Walla Walla County; Whitman County,Adams County,12,127895,178921,5726,312542,41.68,58.32,48.79,-4.09,R+4.1,1.5,-7.1,-9.23,4.08,-1.12,0.4,0.2,0.2,0.2,pres+house+senate+statewide
2004,2000s,Washington,WA,WA-06,,False,4,2,Clallam County; Grays Harbor County; Jefferson County; Mason County,Kitsap County; Pierce County,6,99618,90782,3574,193974,52.32,47.68,48.79,5.9,D+5.9,43.9,3.54,19.45,4.08,-1.12,0.4,0.2,0.2,0.2,pres+house+senate+statewide
2004,2000s,Washington,WA,WA-07,,False,0,1,,King County,1,38459,19949,803,59210,65.85,34.15,48.79,13.64,D+13.6,100.0,17.06,31.14,4.08,-1.12,0.4,0.2,0.2,0.2,pres+house+senate+statewide
2004,2000s,Washington,WA,WA-08,,False,0,2,,King County; Pierce County,2,496317,304944,11060,812321,61.94,38.06,48.79,5.46,D+5.5,100.0,13.16,-1.99,4.08,-1.12,0.4,0.2,0.2,0.2,pres+house+senate+statewide
2004,2000s,Washington,WA,WA-09,,False,0,3,,King County; Pierce County; Thurston County,3,76447,56967,1980,135394,57.3,42.7,48.79,7.05,D+7.0,100.0,8.52,15.25,4.08,-1.12,0.4,0.2,0.2,0.2,pres+house+senate+statewide
2004,2000s,Wisconsin,WI,WI-01,,False,3,3,Kenosha County; Racine County; Walworth County,Milwaukee County; Rock County; Waukesha County,6,249159,234366,4403,487928,51.53,48.47,48.79,-1.25,R+1.3,53.6,2.74,-16.27,3.47,1.05,0.4,0.2,0.2,0.2,pres+house+senate+statewide
2004,2000s,Wisconsin,WI,WI-02,,False,3,3,Columbia County; Dane County; Green County,Jefferson County; Rock County; Sauk County,6,246900,150783,4049,401732,62.08,37.92,48.79,8.98,D+9.0,19.8,13.3,13.77,3.47,1.05,0.4,0.2,0.2,0.2,pres+house+senate+statewide
2004,2000s,Wisconsin,WI,WI-03,,False,17,2,Buffalo County; Crawford County; Dunn County; Eau Claire County; Grant County; Iowa County; Jackson County; Juneau County; La Crosse County; Lafayette County; Monroe County; Pepin County; Pierce County; Richland County; St. Croix County; Trempealeau County; Vernon County,Clark County; Sauk County,19,197789,182814,4018,384621,51.97,48.03,48.79,3.56,D+3.6,8.8,3.18,6.94,3.47,1.05,0.4,0.2,0.2,0.2,pres+house+senate+statewide
2004,2000s,Wisconsin,WI,WI-04,,False,0,1,,Milwaukee County,1,137516,83293,1985,222793,62.28,37.72,48.79,10.63,D+10.6,100.0,13.49,21.65,3.47,1.05,0.4,0.2,0.2,0.2,pres+house+senate+statewide
2004,2000s,Wisconsin,WI,WI-05,,False,2,3,Ozaukee County; Washington County,Jefferson County; Milwaukee County; Waukesha County,5,154797,239825,3267,397889,39.23,60.77,48.79,-6.37,R+6.4,68.5,-9.56,-17.24,3.47,1.05,0.4,0.2,0.2,0.2,pres+house+senate+statewide
2004,2000s,Wisconsin,WI,WI-06,,False,10,1,Adams County; Calumet County; Dodge County; Fond du Lac County; Green Lake County; Manitowoc County; Marquette County; Sheboygan County; Waushara County; Winnebago County,Jefferson County,11,156238,205735,3862,365836,43.16,56.84,48.79,-5.05,R+5.1,1.8,-5.62,-18.54,3.47,1.05,0.4,0.2,0.2,0.2,pres+house+senate+statewide
2004,2000s,Wisconsin,WI,WI-07,,False,17,3,Ashland County; Barron County; Bayfield County; Burnett County; Chippewa County; Douglas County; Iron County; Lincoln County; Marathon County; Polk County; Portage County; Price County; Rusk County; Sawyer County; Taylor County; Washburn County; Wood County,Clark County; Langlade County; Oneida County,20,182023,177811,4065,363898,50.59,49.41,48.79,2.03,D+2.0,5.7,1.8,,3.47,1.05,0.5,0.0,0.25,0.25,pres+senate+statewide
2004,2000s,Wisconsin,WI,WI-08,,False,12,2,Brown County; Door County; Florence County; Forest County; Kewaunee County; Marinette County; Menominee County; Oconto County; Outagamie County; Shawano County; Vilas County; Waupaca County,Langlade County; Oneida County,14,165082,203493,3735,372310,44.79,55.21,48.79,-4.63,R+4.6,4.5,-4.0,-19.65,3.47,1.05,0.4,0.2,0.2,0.2,pres+house+senate+statewide
2004,2000s,West Virginia,WV,WV-01,,False,20,0,Barbour County; Brooke County; Doddridge County; Gilmer County; Grant County; Hancock County; Harrison County; Marion County; Marshall County; Mineral County; Monongalia County; Ohio County; Pleasants County; Preston County; Ritchie County; Taylor County; Tucker County; Tyler County; Wetzel County; Wood County,,20,107904,150052,2105,260061,41.83,58.17,48.79,3.36,D+3.4,0.0,-6.95,18.25,,9.1,0.5,0.25,0.0,0.25,pres+house+statewide
2004,2000s,West Virginia,WV,WV-02,,False,18,0,Berkeley County; Braxton County; Calhoun County; Clay County; Hampshire County; Hardy County; Jackson County; Jefferson County; Kanawha County; Lewis County; Mason County; Morgan County; Pendleton County; Putnam County; Randolph County; Roane County; Upshur County; Wirt County,,18,112418,151019,1779,265216,42.67,57.33,48.79,-2.71,R+2.7,0.0,-6.11,-7.73,,9.1,0.5,0.25,0.0,0.25,pres+house+statewide
2004,2000s,West Virginia,WV,WV-03,,False,17,0,Boone County; Cabell County; Fayette County; Greenbrier County; Lincoln County; Logan County; McDowell County; Mercer County; Mingo County; Monroe County; Nicholas County; Pocahontas County; Raleigh County; Summers County; Wayne County; Webster County; Wyoming County,,17,106219,122707,1684,230610,46.4,53.6,48.79,4.99,D+5.0,0.0,-2.39,15.65,,9.1,0.5,0.25,0.0,0.25,pres+house+statewide
2004,2000s,Wyoming,WY,WY-AL,,True,0,0,,,23,70776,167629,5023,243428,29.69,70.31,48.79,-14.88,R+14.9,0.0,-19.1,-6.44,,,0.667,0.333,0.0,0.0,pres+house
2008,2000s,Alaska,AK,AK-AL,,True,0,0,,,0,0,0,0,0,,,53.72,-3.94,R+3.9,,,-5.87,-2.01,,0.0,0.5,0.5,0.0,house+senate
2008,2000s,Alabama,AL,AL-01,,False,5,1,Baldwin County; Escambia County; Mobile County; Monroe County; Washington County,Clarke County,6,116941,183167,2186,302294,38.97,61.03,53.72,-15.21,R+15.2,1.6,-14.76,,-16.1,,0.667,0.0,0.333,0.0,pres+senate
2008,2000s,Alabama,AL,AL-02,,False,15,1,Autauga County; Barbour County; Bullock County; Butler County; Coffee County; Conecuh County; Covington County; Crenshaw County; Dale County; Elmore County; Geneva County; Henry County; Houston County; Lowndes County; Pike County,Montgomery County,16,88633,167603,1583,257820,34.59,65.41,53.72,-14.3,R+14.3,8.3,-19.13,-2.84,-16.1,,0.5,0.25,0.25,0.0,pres+house+senate
2008,2000s,Alabama,AL,AL-03,,False,11,2,Calhoun County; Chambers County; Cherokee County; Clay County; Cleburne County; Lee County; Macon County; Randolph County; Russell County; Talladega County; Tallapoosa County,Coosa County; Montgomery County,13,143086,175955,2776,321816,44.85,55.15,53.72,-10.28,R+10.3,26.9,-8.88,-7.27,-16.1,,0.5,0.25,0.25,0.0,pres+house+senate
2008,2000s,Alabama,AL,AL-04,,False,11,3,Blount County; Cullman County; DeKalb County; Etowah County; Fayette County; Franklin County; Lamar County; Marion County; Marshall County; Walker County; Winston County,Morgan County; Pickens County; St. Clair County,14,69925,220171,4174,294270,24.1,75.9,53.72,-25.84,R+25.8,18.7,-29.62,-28.02,-16.1,,0.5,0.25,0.25,0.0,pres+house+senate
2008,2000s,Alabama,AL,AL-05,,False,6,1,Colbert County; Jackson County; Lauderdale County; Lawrence County; Limestone County; Madison County,Morgan County,7,110154,177736,4086,291976,38.26,61.74,53.72,-12.09,R+12.1,2.4,-15.46,-1.35,-16.1,,0.5,0.25,0.25,0.0,pres+house+senate
2008,2000s,Alabama,AL,AL-06,,False,3,4,Bibb County; Chilton County; Shelby County,Coosa County; Jefferson County; St. Clair County; Tuscaloosa County,7,180040,256091,3834,439964,41.28,58.72,53.72,-13.66,R+13.7,73.4,-12.44,,-16.1,,0.667,0.0,0.333,0.0,pres+senate
2008,2000s,Alabama,AL,AL-07,,False,8,4,Choctaw County; Dallas County; Greene County; Hale County; Marengo County; Perry County; Sumter County; Wilcox County,Clarke County; Jefferson County; Pickens County; Tuscaloosa County,12,104701,85823,1155,191679,54.95,45.05,53.72,-4.55,R+4.5,61.7,1.23,,-16.1,,0.667,0.0,0.333,0.0,pres+senate
2008,2000s,Arkansas,AR,AR-01,,False,26,0,Arkansas County; Baxter County; Clay County; Cleburne County; Craighead County; Crittenden County; Cross County; Fulton County; Greene County; Independence County; Izard County; Jackson County; Lawrence County; Lee County; Lonoke County; Mississippi County; Monroe County; Phillips County; Poinsett County; Prairie County; Randolph County; St. Francis County; Searcy County; Sharp County; Stone County; Woodruff County,,26,95102,145340,7185,247627,39.55,60.45,53.72,-14.17,R+14.2,0.0,-14.17,,,,1.0,0.0,0.0,0.0,pres
2008,2000s,Arkansas,AR,AR-02,,False,8,0,Conway County; Faulkner County; Perry County; Pulaski County; Saline County; Van Buren County; White County; Yell County,,8,131891,161540,5855,299286,44.95,55.05,53.72,-8.78,R+8.8,0.0,-8.78,,,,1.0,0.0,0.0,0.0,pres
2008,2000s,Arkansas,AR,AR-03,,False,12,0,Benton County; Boone County; Carroll County; Crawford County; Franklin County; Johnson County; Madison County; Marion County; Newton County; Pope County; Sebastian County; Washington County,,12,96485,185055,6894,288434,34.27,65.73,53.72,-19.45,R+19.5,0.0,-19.45,,,,1.0,0.0,0.0,0.0,pres
2008,2000s,Arkansas,AR,AR-04,,False,29,0,Ashley County; Bradley County; Calhoun County; Chicot County; Clark County; Cleveland County; Columbia County; Dallas County; Desha County; Drew County; Garland County; Grant County; Hempstead County; Hot Spring County; Howard County; Jefferson County; Lafayette County; Lincoln County; Little River County; Logan County; Miller County; Montgomery County; Nevada County; Ouachita County; Pike County; Polk County; Scott County; Sevier County; Union County,,29,98832,146082,6356,251270,40.35,59.65,53.72,-13.37,R+13.4,0.0,-13.37,,,,1.0,0.0,0.0,0.0,pres
2008,2000s,Arizona,AZ,AZ-01,,False,5,3,Apache County; Gila County; Graham County; Greenlee County; Yavapai County,Coconino County; Navajo County; Pinal County,8,135347,170349,5714,311410,44.28,55.72,53.72,-6.01,R+6.0,48.0,-9.45,5.48,,-10.63,0.5,0.25,0.0,0.25,pres+house+statewide
2008,2000s,Arizona,AZ,AZ-02,,False,1,4,Mohave County,Coconino County; La Paz County; Maricopa County; Navajo County,5,185025,244198,7703,436926,43.11,56.89,53.72,-11.64,R+11.6,84.4,-10.62,-14.68,,-10.63,0.5,0.25,0.0,0.25,pres+house+statewide
2008,2000s,Arizona,AZ,AZ-03,,False,0,1,,Maricopa County,1,39141,48519,1479,89139,44.65,55.35,53.72,-9.54,R+9.5,100.0,-9.07,-9.4,,-10.63,0.5,0.25,0.0,0.25,pres+house+statewide
2008,2000s,Arizona,AZ,AZ-04,,False,0,1,,Maricopa County,1,13248,16422,501,30170,44.65,55.35,53.72,-1.17,R+1.2,100.0,-9.07,24.09,,-10.63,0.5,0.25,0.0,0.25,pres+house+statewide
2008,2000s,Arizona,AZ,AZ-05,,False,0,1,,Maricopa County,1,92734,114953,3504,211191,44.65,55.35,53.72,-6.74,R+6.7,100.0,-9.07,1.8,,-10.63,0.5,0.25,0.0,0.25,pres+house+statewide
2008,2000s,Arizona,AZ,AZ-06,,False,0,2,,Maricopa County; Pinal County,2,23905,29987,907,54799,44.36,55.64,53.72,-11.72,R+11.7,100.0,-9.37,-17.52,,-10.63,0.5,0.25,0.0,0.25,pres+house+statewide
2008,2000s,Arizona,AZ,AZ-07,,False,1,5,Yuma County,La Paz County; Maricopa County; Pima County; Pinal County; Santa Cruz County,6,474997,533110,16630,1024738,47.12,52.88,53.72,-2.79,R+2.8,95.7,-6.61,12.7,,-10.63,0.5,0.25,0.0,0.25,pres+house+statewide
2008,2000s,Arizona,AZ,AZ-08,,False,1,2,Cochise County,Pima County; Santa Cruz County,3,70310,72573,2581,145465,49.21,50.79,53.72,-4.18,R+4.2,66.3,-4.52,2.95,,-10.63,0.5,0.25,0.0,0.25,pres+house+statewide
2008,2000s,California,CA,CA-01,,False,5,2,Del Norte County; Humboldt County; Lake County; Mendocino County; Napa County,Sonoma County; Yolo County,7,199389,93984,8401,301774,67.96,32.04,53.72,13.71,D+13.7,34.2,14.24,21.31,,5.06,0.5,0.25,0.0,0.25,pres+house+statewide
2008,2000s,California,CA,CA-02,,False,8,2,Colusa County; Glenn County; Shasta County; Siskiyou County; Sutter County; Tehama County; Trinity County; Yuba County,Butte County; Yolo County,10,147203,169483,7911,324597,46.48,53.52,53.72,-5.12,R+5.1,37.4,-7.24,-11.05,,5.06,0.5,0.25,0.0,0.25,pres+house+statewide
2008,2000s,California,CA,CA-03,,False,3,2,Alpine County; Amador County; Calaveras County,Sacramento County; Solano County,5,293918,205163,10454,509535,58.89,41.11,53.72,2.32,D+2.3,91.6,5.17,-6.13,,5.06,0.5,0.25,0.0,0.25,pres+house+statewide
2008,2000s,California,CA,CA-04,,False,7,1,El Dorado County; Lassen County; Modoc County; Nevada County; Placer County; Plumas County; Sierra County,Butte County,8,165839,198977,8207,373022,45.46,54.54,53.72,-3.72,R+3.7,6.0,-8.27,-3.4,,5.06,0.5,0.25,0.0,0.25,pres+house+statewide
2008,2000s,California,CA,CA-05,,False,0,1,,Sacramento County,1,48891,32992,1701,83585,59.71,40.29,53.72,10.5,D+10.5,100.0,5.98,24.97,,5.06,0.5,0.25,0.0,0.25,pres+house+statewide
2008,2000s,California,CA,CA-06,,False,1,2,Marin County,San Francisco County; Sonoma County,3,235428,68225,6432,310085,77.53,22.47,53.72,18.6,D+18.6,54.8,23.81,21.72,,5.06,0.5,0.25,0.0,0.25,pres+house+statewide
2008,2000s,California,CA,CA-07,,False,0,2,,Contra Costa County; Solano County,2,87879,41488,2380,131747,67.93,32.07,53.72,14.32,D+14.3,100.0,14.21,23.81,,5.06,0.5,0.25,0.0,0.25,pres+house+statewide
2008,2000s,California,CA,CA-08,,False,0,1,,San Francisco County,1,235865,38278,6114,280257,86.04,13.96,53.72,26.17,D+26.2,100.0,32.31,34.98,,5.06,0.5,0.25,0.0,0.25,pres+house+statewide
2008,2000s,California,CA,CA-09,,False,0,1,,Alameda County,1,87550,21400,2214,111164,80.36,19.64,53.72,23.76,D+23.8,100.0,26.63,36.72,,5.06,0.5,0.25,0.0,0.25,pres+house+statewide
2008,2000s,California,CA,CA-10,,False,0,4,,Alameda County; Contra Costa County; Sacramento County; Solano County,4,354773,150747,9648,515168,70.18,29.82,53.72,13.12,D+13.1,100.0,16.46,14.51,,5.06,0.5,0.25,0.0,0.25,pres+house+statewide
2008,2000s,California,CA,CA-11,,False,0,4,,Alameda County; Contra Costa County; San Joaquin County; Santa Clara County,4,544271,238844,15441,798555,69.5,30.5,53.72,9.68,D+9.7,100.0,15.78,2.12,,5.06,0.5,0.25,0.0,0.25,pres+house+statewide
2008,2000s,California,CA,CA-12,,False,0,2,,San Francisco County; San Mateo County,2,130441,30270,3295,164007,81.16,18.84,53.72,21.77,D+21.8,100.0,27.44,27.12,,5.06,0.5,0.25,0.0,0.25,pres+house+statewide
2008,2000s,California,CA,CA-13,,False,0,1,,Alameda County,1,145264,35508,3673,184446,80.36,19.64,53.72,20.4,D+20.4,100.0,26.63,23.28,,5.06,0.5,0.25,0.0,0.25,pres+house+statewide
2008,2000s,California,CA,CA-14,,False,0,3,,San Mateo County; Santa Clara County; Santa Cruz County,3,297941,98236,8298,404475,75.2,24.8,53.72,17.68,D+17.7,100.0,21.48,22.69,,5.06,0.5,0.25,0.0,0.25,pres+house+statewide
2008,2000s,California,CA,CA-15,,False,0,1,,Santa Clara County,1,101897,41892,2934,146723,70.87,29.13,53.72,15.42,D+15.4,100.0,17.14,22.35,,5.06,0.5,0.25,0.0,0.25,pres+house+statewide
2008,2000s,California,CA,CA-16,,False,0,1,,Santa Clara County,1,82907,34085,2387,119379,70.87,29.13,53.72,15.24,D+15.2,100.0,17.14,21.63,,5.06,0.5,0.25,0.0,0.25,pres+house+statewide
2008,2000s,California,CA,CA-17,,False,2,1,Monterey County; San Benito County,Santa Cruz County,3,124660,52432,3755,180847,70.39,29.61,53.72,14.84,D+14.8,17.3,16.67,20.95,,5.06,0.5,0.25,0.0,0.25,pres+house+statewide
2008,2000s,California,CA,CA-18,,False,1,3,Merced County,Madera County; San Joaquin County; Stanislaus County,4,83977,76198,3035,163210,52.43,47.57,53.72,0.82,D+0.8,60.9,-1.3,,,5.06,0.667,0.0,0.0,0.333,pres+statewide
2008,2000s,California,CA,CA-19,,False,2,3,Mariposa County; Tuolumne County,Fresno County; Madera County; Stanislaus County,5,81005,88887,3579,173471,47.68,52.32,53.72,-2.34,R+2.3,78.8,-6.04,,,5.06,0.667,0.0,0.0,0.333,pres+statewide
2008,2000s,California,CA,CA-20,,False,1,2,Kings County,Fresno County; Kern County,3,83048,91958,3155,178161,47.45,52.55,53.72,3.43,D+3.4,80.3,-6.27,21.18,,5.06,0.5,0.25,0.0,0.25,pres+house+statewide
2008,2000s,California,CA,CA-21,,False,1,1,Tulare County,Fresno County,2,117787,130831,4285,252902,47.38,52.62,53.72,-7.29,R+7.3,58.4,-6.35,-21.54,,5.06,0.5,0.25,0.0,0.25,pres+house+statewide
2008,2000s,California,CA,CA-22,,False,0,3,,Kern County; Los Angeles County; San Luis Obispo County,3,445837,296445,15748,758030,60.06,39.94,53.72,5.91,D+5.9,100.0,6.34,,,5.06,0.667,0.0,0.0,0.333,pres+statewide
2008,2000s,California,CA,CA-23,,False,0,3,,San Luis Obispo County; Santa Barbara County; Ventura County,3,39446,27828,1482,68755,58.64,41.36,53.72,7.45,D+7.5,100.0,4.91,14.92,,5.06,0.5,0.25,0.0,0.25,pres+house+statewide
2008,2000s,California,CA,CA-24,,False,0,2,,Santa Barbara County; Ventura County,2,260881,189979,8934,459794,57.86,42.14,53.72,0.51,D+0.5,100.0,4.14,-11.31,,5.06,0.5,0.25,0.0,0.25,pres+house+statewide
2008,2000s,California,CA,CA-25,,False,2,2,Inyo County; Mono County,Los Angeles County; San Bernardino County,4,1002446,470069,30372,1502887,68.08,31.92,53.72,5.72,D+5.7,99.1,14.35,-10.88,,5.06,0.5,0.25,0.0,0.25,pres+house+statewide
2008,2000s,California,CA,CA-26,,False,0,2,,Los Angeles County; San Bernardino County,2,279607,118377,8088,406072,70.26,29.74,53.72,7.11,D+7.1,100.0,16.53,-9.7,,5.06,0.5,0.25,0.0,0.25,pres+house+statewide
2008,2000s,California,CA,CA-27,,False,0,1,,Los Angeles County,1,84947,35388,2441,122775,70.59,29.41,53.72,14.76,D+14.8,100.0,16.87,20.24,,5.06,0.5,0.25,0.0,0.25,pres+house+statewide
2008,2000s,California,CA,CA-28,,False,0,1,,Los Angeles County,1,43621,18172,1253,63047,70.59,29.41,53.72,12.93,D+12.9,100.0,16.87,,,5.06,0.667,0.0,0.0,0.333,pres+statewide
2008,2000s,California,CA,CA-29,,False,0,1,,Los Angeles County,1,57396,23911,1649,82956,70.59,29.41,53.72,14.42,D+14.4,100.0,16.87,18.89,,5.06,0.5,0.25,0.0,0.25,pres+house+statewide
2008,2000s,California,CA,CA-30,,False,0,1,,Los Angeles County,1,160710,66950,4618,232277,70.59,29.41,53.72,12.93,D+12.9,100.0,16.87,,,5.06,0.667,0.0,0.0,0.333,pres+statewide
2008,2000s,California,CA,CA-31,,False,0,1,,Los Angeles County,1,22959,9564,660,33182,70.59,29.41,53.72,12.93,D+12.9,100.0,16.87,,,5.06,0.667,0.0,0.0,0.333,pres+statewide
2008,2000s,California,CA,CA-32,,False,0,1,,Los Angeles County,1,52805,21998,1517,76320,70.59,29.41,53.72,12.93,D+12.9,100.0,16.87,,,5.06,0.667,0.0,0.0,0.333,pres+statewide
2008,2000s,California,CA,CA-33,,False,0,1,,Los Angeles County,1,27550,11477,792,39819,70.59,29.41,53.72,18.3,D+18.3,100.0,16.87,34.42,,5.06,0.5,0.25,0.0,0.25,pres+house+statewide
2008,2000s,California,CA,CA-34,,False,0,1,,Los Angeles County,1,32142,13390,924,46455,70.59,29.41,53.72,15.68,D+15.7,100.0,16.87,23.94,,5.06,0.5,0.25,0.0,0.25,pres+house+statewide
2008,2000s,California,CA,CA-35,,False,0,1,,Los Angeles County,1,32142,13390,924,46455,70.59,29.41,53.72,17.96,D+18.0,100.0,16.87,33.03,,5.06,0.5,0.25,0.0,0.25,pres+house+statewide
2008,2000s,California,CA,CA-36,,False,0,1,,Los Angeles County,1,41325,17216,1187,59728,70.59,29.41,53.72,13.57,D+13.6,100.0,16.87,15.49,,5.06,0.5,0.25,0.0,0.25,pres+house+statewide
2008,2000s,California,CA,CA-37,,False,0,1,,Los Angeles County,1,41325,17216,1187,59728,70.59,29.41,53.72,12.93,D+12.9,100.0,16.87,,,5.06,0.667,0.0,0.0,0.333,pres+statewide
2008,2000s,California,CA,CA-38,,False,0,1,,Los Angeles County,1,59692,24867,1715,86274,70.59,29.41,53.72,12.93,D+12.9,100.0,16.87,,,5.06,0.667,0.0,0.0,0.333,pres+statewide
2008,2000s,California,CA,CA-39,,False,0,1,,Los Angeles County,1,36734,15303,1056,53092,70.59,29.41,53.72,13.83,D+13.8,100.0,16.87,16.52,,5.06,0.5,0.25,0.0,0.25,pres+house+statewide
2008,2000s,California,CA,CA-40,,False,0,1,,Orange County,1,69794,73541,3183,146518,48.69,51.31,53.72,-5.18,R+5.2,100.0,-5.03,-15.7,,5.06,0.5,0.25,0.0,0.25,pres+house+statewide
2008,2000s,California,CA,CA-41,,False,0,2,,Riverside County; San Bernardino County,2,222853,197351,9236,429440,53.03,46.97,53.72,-2.78,R+2.8,100.0,-0.69,-14.8,,5.06,0.5,0.25,0.0,0.25,pres+house+statewide
2008,2000s,California,CA,CA-42,,False,0,3,,Orange County; Los Angeles County; San Bernardino County,3,162356,153299,6935,322590,51.43,48.57,53.72,-3.21,R+3.2,100.0,-2.29,-13.31,,5.06,0.5,0.25,0.0,0.25,pres+house+statewide
2008,2000s,California,CA,CA-43,,False,0,1,,San Bernardino County,1,3157,2774,132,6063,53.23,46.77,53.72,5.02,D+5.0,100.0,-0.49,15.99,,5.06,0.5,0.25,0.0,0.25,pres+house+statewide
2008,2000s,California,CA,CA-44,,False,0,2,,Orange County; Riverside County,2,122641,127571,5462,255674,49.01,50.99,53.72,-2.18,R+2.2,100.0,-4.71,-4.34,,5.06,0.5,0.25,0.0,0.25,pres+house+statewide
2008,2000s,California,CA,CA-45,,False,0,1,,Riverside County,1,269764,257334,10160,537258,51.18,48.82,53.72,-2.87,R+2.9,100.0,-2.54,-11.45,,5.06,0.5,0.25,0.0,0.25,pres+house+statewide
2008,2000s,California,CA,CA-46,,False,0,2,,Los Angeles County; Orange County,2,158269,100946,5475,264690,61.06,38.94,53.72,2.91,D+2.9,100.0,7.33,-8.09,,5.06,0.5,0.25,0.0,0.25,pres+house+statewide
2008,2000s,California,CA,CA-47,,False,0,1,,Orange County,1,37920,39955,1729,79604,48.69,51.31,53.72,3.75,D+3.8,100.0,-5.03,20.0,,5.06,0.5,0.25,0.0,0.25,pres+house+statewide
2008,2000s,California,CA,CA-48,,False,0,1,,Orange County,1,147282,155189,6717,309188,48.69,51.31,53.72,-3.98,R+4.0,100.0,-5.03,-10.91,,5.06,0.5,0.25,0.0,0.25,pres+house+statewide
2008,2000s,California,CA,CA-49,,False,0,2,,Riverside County; San Diego County,2,222175,182918,7856,412949,54.85,45.15,53.72,-1.68,R+1.7,100.0,1.12,-14.04,,5.06,0.5,0.25,0.0,0.25,pres+house+statewide
2008,2000s,California,CA,CA-50,,False,0,1,,San Diego County,1,47994,38954,1687,88635,55.2,44.8,53.72,0.55,D+0.6,100.0,1.47,-5.8,,5.06,0.5,0.25,0.0,0.25,pres+house+statewide
2008,2000s,California,CA,CA-51,,False,1,1,Imperial County,San Diego County,2,88820,66488,2923,158232,57.19,42.81,53.72,8.47,D+8.5,75.5,3.47,21.89,,5.06,0.5,0.25,0.0,0.25,pres+house+statewide
2008,2000s,California,CA,CA-52,,False,0,1,,San Diego County,1,334624,271598,11764,617986,55.2,44.8,53.72,-1.07,R+1.1,100.0,1.47,-12.29,,5.06,0.5,0.25,0.0,0.25,pres+house+statewide
2008,2000s,California,CA,CA-53,,False,0,1,,San Diego County,1,15331,12444,539,28314,55.2,44.8,53.72,6.56,D+6.6,100.0,1.47,18.24,,5.06,0.5,0.25,0.0,0.25,pres+house+statewide
2008,2000s,Colorado,CO,CO-01,,False,1,1,Denver County,Arapahoe County,2,207846,64844,4165,276856,76.22,23.78,53.72,17.44,D+17.4,1.9,22.5,22.01,2.74,,0.5,0.25,0.25,0.0,pres+house+senate
2008,2000s,Colorado,CO,CO-02,,False,6,3,Broomfield County; Clear Creek County; Eagle County; Gilpin County; Grand County; Summit County,Adams County; Boulder County; Jefferson County,9,183780,92836,4620,281236,66.44,33.56,53.72,9.98,D+10.0,70.3,12.71,11.75,2.74,,0.5,0.25,0.25,0.0,pres+house+senate
2008,2000s,Colorado,CO,CO-03,,False,28,1,Alamosa County; Archuleta County; Conejos County; Costilla County; Custer County; Delta County; Dolores County; Garfield County; Gunnison County; Hinsdale County; Huerfano County; Jackson County; La Plata County; Las Animas County; Mesa County; Mineral County; Moffat County; Montezuma County; Montrose County; Ouray County; Pitkin County; Pueblo County; Rio Blanco County; Rio Grande County; Routt County; Saguache County; San Juan County; San Miguel County,Otero County,29,161765,170496,5638,337900,48.69,51.31,53.72,0.28,D+0.3,1.9,-5.04,8.46,2.74,,0.5,0.25,0.25,0.0,pres+house+senate
2008,2000s,Colorado,CO,CO-04,,False,16,2,Baca County; Bent County; Cheyenne County; Crowley County; Kiowa County; Kit Carson County; Larimer County; Lincoln County; Logan County; Morgan County; Phillips County; Prowers County; Sedgwick County; Washington County; Weld County; Yuma County,Boulder County; Otero County,18,165262,168088,6097,339446,49.58,50.42,53.72,-0.63,R+0.6,5.7,-4.15,3.05,2.74,,0.5,0.25,0.25,0.0,pres+house+senate
2008,2000s,Colorado,CO,CO-05,,False,5,1,Chaffee County; El Paso County; Fremont County; Lake County; Teller County,Park County,6,131036,191758,5089,327883,40.59,59.41,53.72,-9.63,R+9.6,2.7,-13.13,-14.99,2.74,,0.5,0.25,0.25,0.0,pres+house+senate
2008,2000s,Colorado,CO,CO-06,,False,2,3,Douglas County; Elbert County,Arapahoe County; Jefferson County; Park County,5,319822,299916,9698,629436,51.61,48.39,53.72,-3.83,R+3.8,73.8,-2.12,-13.82,2.74,,0.5,0.25,0.25,0.0,pres+house+senate
2008,2000s,Colorado,CO,CO-07,,False,0,3,,Adams County; Arapahoe County; Jefferson County,3,119122,85690,3892,208704,58.16,41.84,53.72,5.49,D+5.5,100.0,4.44,10.33,2.74,,0.5,0.25,0.25,0.0,pres+house+senate
2008,2000s,Connecticut,CT,CT-01,,False,0,3,,Hartford County; Litchfield County; Middlesex County,3,177140,95947,3501,276589,64.87,35.13,53.72,14.16,D+14.2,100.0,11.14,20.21,,,0.667,0.333,0.0,0.0,pres+house
2008,2000s,Connecticut,CT,CT-02,,False,3,3,New London County; Tolland County; Windham County,Hartford County; Middlesex County; New Haven County,6,248909,156371,5909,411189,61.42,38.58,53.72,9.74,D+9.7,38.9,7.69,13.83,,,0.667,0.333,0.0,0.0,pres+house
2008,2000s,Connecticut,CT,CT-03,,False,0,3,,Fairfield County; Middlesex County; New Haven County,3,163615,101975,3235,268825,61.6,38.4,53.72,14.11,D+14.1,100.0,7.88,26.56,,,0.667,0.333,0.0,0.0,pres+house
2008,2000s,Connecticut,CT,CT-04,,False,0,2,,Fairfield County; New Haven County,2,175406,120210,2301,297917,59.34,40.66,53.72,3.33,D+3.3,100.0,5.61,-1.25,,,0.667,0.333,0.0,0.0,pres+house
2008,2000s,Connecticut,CT,CT-05,,False,0,4,,Fairfield County; Hartford County; Litchfield County; New Haven County,4,232693,154925,4636,392254,60.03,39.97,53.72,6.6,D+6.6,100.0,6.31,7.18,,,0.667,0.333,0.0,0.0,pres+house
2008,2000s,District of Columbia,DC,DC-AL,,True,0,0,,,8,244400,17277,2680,264357,93.4,6.6,53.72,39.67,D+39.7,0.0,39.67,,,,1.0,0.0,0.0,0.0,pres
2008,2000s,Delaware,DE,DE-AL,,True,0,0,,,3,255459,152374,4783,412616,62.64,37.36,53.72,4.18,D+4.2,0.0,8.91,-14.81,12.02,5.85,0.4,0.2,0.2,0.2,pres+house+senate+statewide
2008,2000s,Florida,FL,FL-01,,False,5,1,Escambia County; Holmes County; Okaloosa County; Santa Rosa County; Washington County,Walton County,6,117845,249438,4582,371864,32.09,67.91,53.72,-22.21,R+22.2,6.7,-21.64,-23.35,,,0.667,0.333,0.0,0.0,pres+house
2008,2000s,Florida,FL,FL-02,,False,12,3,Bay County; Calhoun County; Dixie County; Franklin County; Gadsden County; Gulf County; Jackson County; Lafayette County; Liberty County; Suwannee County; Taylor County; Wakulla County,Jefferson County; Leon County; Walton County,15,159040,184910,4031,347981,46.24,53.76,53.72,-2.07,R+2.1,42.4,-7.48,8.76,,,0.667,0.333,0.0,0.0,pres+house
2008,2000s,Florida,FL,FL-03,,False,0,9,,Alachua County; Clay County; Duval County; Lake County; Marion County; Orange County; Putnam County; Seminole County; Volusia County,9,146955,152031,3244,302231,49.15,50.85,53.72,-4.57,R+4.6,100.0,-4.57,,,,1.0,0.0,0.0,0.0,pres
2008,2000s,Florida,FL,FL-04,,False,6,3,Baker County; Columbia County; Hamilton County; Madison County; Nassau County; Union County,Duval County; Jefferson County; Leon County,9,151581,190104,3170,344855,44.36,55.64,53.72,-12.38,R+12.4,71.7,-9.36,-18.41,,,0.667,0.333,0.0,0.0,pres+house
2008,2000s,Florida,FL,FL-05,,False,3,5,Citrus County; Hernando County; Sumter County,Lake County; Levy County; Marion County; Pasco County; Polk County,8,232819,284649,7348,524815,44.99,55.01,53.72,-10.59,R+10.6,59.3,-8.73,-14.31,,,0.667,0.333,0.0,0.0,pres+house
2008,2000s,Florida,FL,FL-06,,False,2,6,Bradford County; Gilchrist County,Alachua County; Clay County; Duval County; Lake County; Levy County; Marion County,8,180694,213639,4483,398817,45.82,54.18,53.72,-9.95,R+9.9,95.1,-7.9,-14.04,,,0.667,0.333,0.0,0.0,pres+house
2008,2000s,Florida,FL,FL-07,,False,2,3,Flagler County; St. Johns County,Putnam County; Seminole County; Volusia County,5,146308,178212,3566,328085,45.08,54.92,53.72,-10.81,R+10.8,52.7,-8.64,-15.15,,,0.667,0.333,0.0,0.0,pres+house
2008,2000s,Florida,FL,FL-08,,False,0,3,,Lake County; Marion County; Orange County,3,147738,121723,2282,271743,54.83,45.17,53.72,0.36,D+0.4,100.0,1.1,-1.14,,,0.667,0.333,0.0,0.0,pres+house
2008,2000s,Florida,FL,FL-09,,False,0,3,,Hillsborough County; Pasco County; Pinellas County,3,212268,184852,4854,401974,53.45,46.55,53.72,-5.62,R+5.6,100.0,-0.27,-16.32,,,0.667,0.333,0.0,0.0,pres+house
2008,2000s,Florida,FL,FL-10,,False,0,1,,Pinellas County,1,152551,129062,4170,285783,54.17,45.83,53.72,-4.31,R+4.3,100.0,0.45,-13.83,,,0.667,0.333,0.0,0.0,pres+house
2008,2000s,Florida,FL,FL-11,,False,0,3,,Hillsborough County; Manatee County; Pinellas County,3,69523,60425,1446,131394,53.5,46.5,53.72,6.03,D+6.0,100.0,-0.22,18.54,,,0.667,0.333,0.0,0.0,pres+house
2008,2000s,Florida,FL,FL-12,,False,0,3,,Hillsborough County; Osceola County; Polk County,3,197033,195325,4395,396752,50.22,49.78,53.72,-5.88,R+5.9,100.0,-3.51,-10.61,,,0.667,0.333,0.0,0.0,pres+house
2008,2000s,Florida,FL,FL-13,,False,3,2,DeSoto County; Hardee County; Sarasota County,Charlotte County; Manatee County,5,179716,194074,4409,378199,48.08,51.92,53.72,-8.05,R+8.0,40.3,-5.64,-12.85,,,0.667,0.333,0.0,0.0,pres+house
2008,2000s,Florida,FL,FL-14,,False,1,2,Lee County,Charlotte County; Collier County,3,129299,160661,2948,292909,44.59,55.41,53.72,-14.0,R+14.0,7.8,-9.13,-23.73,,,0.667,0.333,0.0,0.0,pres+house
2008,2000s,Florida,FL,FL-15,,False,1,3,Indian River County,Brevard County; Osceola County; Polk County,4,173213,183560,4227,361000,48.55,51.45,53.72,-6.45,R+6.4,80.4,-5.17,-8.99,,,0.667,0.333,0.0,0.0,pres+house
2008,2000s,Florida,FL,FL-16,,False,3,5,Glades County; Highlands County; Okeechobee County,Charlotte County; Hendry County; Martin County; Palm Beach County; St. Lucie County,8,142992,146999,3422,293413,49.31,50.69,53.72,-7.36,R+7.4,78.9,-4.41,-13.24,,,0.667,0.333,0.0,0.0,pres+house
2008,2000s,Florida,FL,FL-17,,False,0,2,,Broward County; Miami-Dade County,2,29332,18570,261,48164,61.23,38.77,53.72,7.51,D+7.5,100.0,7.51,,,,1.0,0.0,0.0,0.0,pres
2008,2000s,Florida,FL,FL-18,,False,0,2,,Miami-Dade County; Monroe County,2,56053,40908,524,97486,57.81,42.19,53.72,-0.95,R+0.9,100.0,4.09,-11.02,,,0.667,0.333,0.0,0.0,pres+house
2008,2000s,Florida,FL,FL-19,,False,0,2,,Broward County; Palm Beach County,2,50837,28776,542,80155,63.86,36.14,53.72,12.66,D+12.7,100.0,10.13,17.71,,,0.667,0.333,0.0,0.0,pres+house
2008,2000s,Florida,FL,FL-20,,False,0,2,,Broward County; Miami-Dade County,2,65086,32363,620,98068,66.79,33.21,53.72,16.82,D+16.8,100.0,13.07,24.33,,,0.667,0.333,0.0,0.0,pres+house
2008,2000s,Florida,FL,FL-21,,False,0,2,,Broward County; Miami-Dade County,2,41256,25995,368,67619,61.35,38.65,53.72,1.4,D+1.4,100.0,7.62,-11.05,,,0.667,0.333,0.0,0.0,pres+house
2008,2000s,Florida,FL,FL-22,,False,0,2,,Broward County; Palm Beach County,2,64731,35636,677,101044,64.49,35.51,53.72,7.69,D+7.7,100.0,10.77,1.53,,,0.667,0.333,0.0,0.0,pres+house
2008,2000s,Florida,FL,FL-23,,False,0,5,,Broward County; Hendry County; Martin County; Palm Beach County; St. Lucie County,5,670370,386039,7546,1063955,63.46,36.54,53.72,16.17,D+16.2,100.0,9.73,29.05,,,0.667,0.333,0.0,0.0,pres+house
2008,2000s,Florida,FL,FL-24,,False,0,4,,Brevard County; Orange County; Seminole County; Volusia County,4,298501,265102,5620,569223,52.96,47.04,53.72,1.17,D+1.2,100.0,-0.76,5.03,,,0.667,0.333,0.0,0.0,pres+house
2008,2000s,Florida,FL,FL-25,,False,0,3,,Collier County; Miami-Dade County; Monroe County,3,466627,383166,4947,854740,54.91,45.09,53.72,-1.28,R+1.3,100.0,1.19,-6.23,,,0.667,0.333,0.0,0.0,pres+house
2008,2000s,Georgia,GA,GA-01,,False,23,2,Appling County; Atkinson County; Bacon County; Berrien County; Brantley County; Bryan County; Camden County; Charlton County; Clinch County; Coffee County; Cook County; Echols County; Glynn County; Jeff Davis County; Lanier County; Liberty County; Long County; McIntosh County; Pierce County; Telfair County; Ware County; Wayne County; Wheeler County,Chatham County; Lowndes County,25,110087,158498,2282,270867,40.99,59.01,53.72,-10.45,R+10.5,30.6,-12.74,-19.68,-6.38,-0.73,0.4,0.2,0.2,0.2,pres+house+senate+statewide
2008,2000s,Georgia,GA,GA-02,,False,29,3,Baker County; Brooks County; Calhoun County; Chattahoochee County; Clay County; Crawford County; Crisp County; Decatur County; Dooly County; Dougherty County; Early County; Grady County; Lee County; Macon County; Marion County; Miller County; Mitchell County; Peach County; Quitman County; Randolph County; Schley County; Seminole County; Stewart County; Sumter County; Talbot County; Taylor County; Terrell County; Thomas County; Webster County,Lowndes County; Muscogee County; Worth County,32,113151,113329,1602,228082,49.96,50.04,53.72,0.23,D+0.2,15.2,-3.76,15.8,-6.38,-0.73,0.4,0.2,0.2,0.2,pres+house+senate+statewide
2008,2000s,Georgia,GA,GA-03,,False,10,5,Coweta County; Fayette County; Harris County; Heard County; Lamar County; Meriwether County; Pike County; Spalding County; Troup County; Upson County,Carroll County; Douglas County; Henry County; Muscogee County; Rockdale County,15,169450,240540,3845,413836,41.33,58.67,53.72,-10.15,R+10.1,46.7,-12.39,-18.85,-6.38,-0.73,0.4,0.2,0.2,0.2,pres+house+senate+statewide
2008,2000s,Georgia,GA,GA-04,,False,0,3,,DeKalb County; Gwinnett County; Rockdale County,3,213286,73256,2466,289009,74.43,25.57,53.72,8.58,D+8.6,100.0,20.71,,-6.38,-0.73,0.5,0.0,0.25,0.25,pres+senate+statewide
2008,2000s,Georgia,GA,GA-05,,False,0,3,,Clayton County; DeKalb County; Fulton County,3,142113,58252,1685,202050,70.93,29.07,53.72,6.83,D+6.8,100.0,17.2,,-6.38,-0.73,0.5,0.0,0.25,0.25,pres+senate+statewide
2008,2000s,Georgia,GA,GA-06,,False,1,3,Cherokee County,Cobb County; DeKalb County; Fulton County,4,157192,152505,3486,313183,50.76,49.24,53.72,-6.93,R+6.9,70.0,-2.97,-21.63,-6.38,-0.73,0.4,0.2,0.2,0.2,pres+house+senate+statewide
2008,2000s,Georgia,GA,GA-07,,False,2,3,Barrow County; Walton County,Forsyth County; Gwinnett County; Newton County,5,140308,200540,3776,344625,41.16,58.84,53.72,-9.48,R+9.5,82.4,-12.56,-15.18,-6.38,-0.73,0.4,0.2,0.2,0.2,pres+house+senate+statewide
2008,2000s,Georgia,GA,GA-08,,False,18,3,Ben Hill County; Bibb County; Bleckley County; Butts County; Colquitt County; Dodge County; Houston County; Irwin County; Jasper County; Jones County; Laurens County; Monroe County; Pulaski County; Tift County; Turner County; Twiggs County; Wilcox County; Wilkinson County,Baldwin County; Newton County; Worth County,21,126686,163082,2376,292144,43.72,56.28,53.72,-4.6,R+4.6,13.4,-10.0,4.09,-6.38,-0.73,0.4,0.2,0.2,0.2,pres+house+senate+statewide
2008,2000s,Georgia,GA,GA-09,,False,13,2,Catoosa County; Dade County; Dawson County; Fannin County; Gilmer County; Hall County; Lumpkin County; Murray County; Pickens County; Union County; Walker County; White County; Whitfield County,Forsyth County; Gordon County,15,72914,234392,4571,311877,23.73,76.27,53.72,-19.15,R+19.2,25.8,-30.0,-28.66,-6.38,-0.73,0.4,0.2,0.2,0.2,pres+house+senate+statewide
2008,2000s,Georgia,GA,GA-10,,False,20,1,Banks County; Clarke County; Columbia County; Elbert County; Franklin County; Greene County; Habersham County; Hart County; Jackson County; Lincoln County; McDuffie County; Madison County; Morgan County; Oconee County; Oglethorpe County; Putnam County; Rabun County; Stephens County; Towns County; Wilkes County,Richmond County,21,114187,185223,3503,302913,38.14,61.86,53.72,-10.43,R+10.4,8.9,-15.59,-13.88,-6.38,-0.73,0.4,0.2,0.2,0.2,pres+house+senate+statewide
2008,2000s,Georgia,GA,GA-11,,False,6,3,Bartow County; Chattooga County; Floyd County; Haralson County; Paulding County; Polk County,Carroll County; Cobb County; Gordon County,9,118997,207928,4502,331427,36.4,63.6,53.72,-12.62,R+12.6,51.4,-17.33,-21.35,-6.38,-0.73,0.4,0.2,0.2,0.2,pres+house+senate+statewide
2008,2000s,Georgia,GA,GA-12,,False,19,3,Bulloch County; Burke County; Candler County; Effingham County; Emanuel County; Evans County; Glascock County; Hancock County; Jefferson County; Jenkins County; Johnson County; Montgomery County; Screven County; Taliaferro County; Tattnall County; Toombs County; Treutlen County; Warren County; Washington County,Baldwin County; Chatham County; Richmond County,22,124889,124777,1863,251530,50.02,49.98,53.72,-0.33,R+0.3,47.6,-3.7,12.85,-6.38,-0.73,0.4,0.2,0.2,0.2,pres+house+senate+statewide
2008,2000s,Georgia,GA,GA-13,,False,0,6,,Clayton County; Cobb County; DeKalb County; Douglas County; Fulton County; Henry County,6,240862,136434,3375,380671,63.84,36.16,53.72,5.8,D+5.8,100.0,10.12,15.89,-6.38,-0.73,0.4,0.2,0.2,0.2,pres+house+senate+statewide
2008,2000s,Hawaii,HI,HI-01,,False,0,1,,Honolulu County,1,68985,28389,1420,98794,70.85,29.15,53.72,20.42,D+20.4,100.0,17.12,27.02,,,0.667,0.333,0.0,0.0,pres+house
2008,2000s,Hawaii,HI,HI-02,,False,4,1,Hawaii County; Kalawao County; Kauai County; Maui County,Honolulu County,5,256240,92046,5693,353979,73.57,26.43,53.72,21.8,D+21.8,58.8,19.85,25.72,,,0.667,0.333,0.0,0.0,pres+house
2008,2000s,Iowa,IA,IA-01,,False,12,0,Black Hawk County; Bremer County; Buchanan County; Butler County; Clayton County; Clinton County; Delaware County; Dubuque County; Fayette County; Jackson County; Jones County; Scott County,,12,175394,122629,4327,302350,58.85,41.15,53.72,7.94,D+7.9,0.0,5.13,11.45,10.04,,0.5,0.25,0.25,0.0,pres+house+senate
2008,2000s,Iowa,IA,IA-02,,False,15,0,Appanoose County; Cedar County; Davis County; Des Moines County; Henry County; Jefferson County; Johnson County; Lee County; Linn County; Louisa County; Muscatine County; Van Buren County; Wapello County; Washington County; Wayne County,,15,190973,122395,5671,319039,60.94,39.06,53.72,7.73,D+7.7,0.0,7.22,6.43,10.04,,0.5,0.25,0.25,0.0,pres+house+senate
2008,2000s,Iowa,IA,IA-03,,False,12,0,Benton County; Grundy County; Iowa County; Jasper County; Keokuk County; Lucas County; Mahaska County; Marion County; Monroe County; Polk County; Poweshiek County; Tama County,,12,173932,143771,5785,323488,54.75,45.25,53.72,4.04,D+4.0,0.0,1.02,4.09,10.04,,0.5,0.25,0.25,0.0,pres+house+senate
2008,2000s,Iowa,IA,IA-04,,False,28,0,Allamakee County; Boone County; Calhoun County; Cerro Gordo County; Chickasaw County; Dallas County; Emmet County; Floyd County; Franklin County; Greene County; Hamilton County; Hancock County; Hardin County; Howard County; Humboldt County; Kossuth County; Madison County; Marshall County; Mitchell County; Palo Alto County; Pocahontas County; Story County; Warren County; Webster County; Winnebago County; Winneshiek County; Worth County; Wright County,,28,166104,142396,5723,314223,53.84,46.16,53.72,-0.86,R+0.9,0.0,0.12,-13.73,10.04,,0.5,0.25,0.25,0.0,pres+house+senate
2008,2000s,Iowa,IA,IA-05,,False,32,0,Adair County; Adams County; Audubon County; Buena Vista County; Carroll County; Cass County; Cherokee County; Clarke County; Clay County; Crawford County; Decatur County; Dickinson County; Fremont County; Guthrie County; Harrison County; Ida County; Lyon County; Mills County; Monona County; Montgomery County; O'Brien County; Osceola County; Page County; Plymouth County; Pottawattamie County; Ringgold County; Sac County; Shelby County; Sioux County; Taylor County; Union County; Woodbury County,,32,122537,151188,4297,278022,44.77,55.23,53.72,-5.64,R+5.6,0.0,-8.96,-14.69,10.04,,0.5,0.25,0.25,0.0,pres+house+senate
2008,2000s,Idaho,ID,ID-01,,False,18,1,Adams County; Benewah County; Boise County; Bonner County; Boundary County; Canyon County; Clearwater County; Gem County; Idaho County; Kootenai County; Latah County; Lewis County; Nez Perce County; Owyhee County; Payette County; Shoshone County; Valley County; Washington County,Ada County,19,149429,224741,8971,383142,39.94,60.06,53.72,-11.4,R+11.4,35.7,-13.79,-2.55,-15.5,,0.5,0.25,0.25,0.0,pres+house+senate
2008,2000s,Idaho,ID,ID-02,,False,25,1,Bannock County; Bear Lake County; Bingham County; Blaine County; Bonneville County; Butte County; Camas County; Caribou County; Cassia County; Clark County; Custer County; Elmore County; Franklin County; Fremont County; Gooding County; Jefferson County; Jerome County; Lemhi County; Lincoln County; Madison County; Minidoka County; Oneida County; Power County; Teton County; Twin Falls County,Ada County,26,87011,178271,6605,271886,32.8,67.2,53.72,-20.38,R+20.4,15.6,-20.92,-24.16,-15.5,,0.5,0.25,0.25,0.0,pres+house+senate
2008,2000s,Illinois,IL,IL-01,,False,0,1,,Cook County,1,167957,50287,2135,220379,76.96,23.04,53.72,18.94,D+18.9,100.0,23.23,32.71,17.73,-2.21,0.4,0.2,0.2,0.2,pres+house+senate+statewide
2008,2000s,Illinois,IL,IL-02,,False,0,2,,Cook County; Will County,2,308167,93012,3938,405118,76.82,23.18,53.72,19.59,D+19.6,100.0,23.09,36.26,17.73,-2.21,0.4,0.2,0.2,0.2,pres+house+senate+statewide
2008,2000s,Illinois,IL,IL-03,,False,0,1,,Cook County,1,215246,64446,2736,282428,76.96,23.04,53.72,17.25,D+17.3,100.0,23.23,24.27,17.73,-2.21,0.4,0.2,0.2,0.2,pres+house+senate+statewide
2008,2000s,Illinois,IL,IL-04,,False,0,1,,Cook County,1,66857,20017,850,87724,76.96,23.04,53.72,19.27,D+19.3,100.0,23.23,34.36,17.73,-2.21,0.4,0.2,0.2,0.2,pres+house+senate+statewide
2008,2000s,Illinois,IL,IL-05,,False,0,1,,Cook County,1,97839,29293,1244,128376,76.96,23.04,53.72,17.18,D+17.2,100.0,23.23,23.89,17.73,-2.21,0.4,0.2,0.2,0.2,pres+house+senate+statewide
2008,2000s,Illinois,IL,IL-06,,False,0,2,,Cook County; DuPage County,2,210050,115284,3918,329252,64.56,35.44,53.72,5.3,D+5.3,100.0,10.84,-10.72,17.73,-2.21,0.4,0.2,0.2,0.2,pres+house+senate+statewide
2008,2000s,Illinois,IL,IL-07,,False,0,1,,Cook County,1,94578,28317,1202,124097,76.96,23.04,53.72,18.77,D+18.8,100.0,23.23,31.87,17.73,-2.21,0.4,0.2,0.2,0.2,pres+house+senate+statewide
2008,2000s,Illinois,IL,IL-08,,False,0,3,,Cook County; Lake County; McHenry County,3,306020,153047,5767,464835,66.66,33.34,53.72,9.79,D+9.8,100.0,12.94,7.57,17.73,-2.21,0.4,0.2,0.2,0.2,pres+house+senate+statewide
2008,2000s,Illinois,IL,IL-09,,False,0,1,,Cook County,1,127191,38081,1617,166889,76.96,23.04,53.72,17.22,D+17.2,100.0,23.23,24.09,17.73,-2.21,0.4,0.2,0.2,0.2,pres+house+senate+statewide
2008,2000s,Illinois,IL,IL-10,,False,0,2,,Cook County; Lake County,2,234317,90454,3555,328326,72.15,27.85,53.72,9.33,D+9.3,100.0,18.42,-5.71,17.73,-2.21,0.4,0.2,0.2,0.2,pres+house+senate+statewide
2008,2000s,Illinois,IL,IL-11,,False,3,5,Grundy County; Kankakee County; LaSalle County,Bureau County; Livingston County; McLean County; Will County; Woodford County,8,216211,177706,6646,400563,54.89,45.11,53.72,5.51,D+5.5,69.9,1.16,9.73,17.73,-2.21,0.4,0.2,0.2,0.2,pres+house+senate+statewide
2008,2000s,Illinois,IL,IL-12,,False,9,2,Alexander County; Franklin County; Jackson County; Monroe County; Perry County; Pulaski County; Randolph County; St. Clair County; Union County,Madison County; Williamson County,11,151371,123103,5172,279645,55.15,44.85,53.72,7.87,D+7.9,17.7,1.43,20.96,17.73,-2.21,0.4,0.2,0.2,0.2,pres+house+senate+statewide
2008,2000s,Illinois,IL,IL-13,,False,0,3,,Cook County; DuPage County; Will County,3,231492,128842,4430,364765,64.24,35.76,53.72,5.66,D+5.7,100.0,10.52,-8.25,17.73,-2.21,0.4,0.2,0.2,0.2,pres+house+senate+statewide
2008,2000s,Illinois,IL,IL-14,,False,3,5,Kane County; Kendall County; Lee County,Bureau County; DeKalb County; DuPage County; Henry County; Whiteside County,8,204498,164460,5480,374437,55.43,44.57,53.72,4.7,D+4.7,31.5,1.7,4.6,17.73,-2.21,0.4,0.2,0.2,0.2,pres+house+senate+statewide
2008,2000s,Illinois,IL,IL-15,,False,13,9,Champaign County; Clark County; Coles County; Crawford County; Cumberland County; De Witt County; Douglas County; Edgar County; Ford County; Iroquois County; Moultrie County; Piatt County; Vermilion County,Edwards County; Gallatin County; Lawrence County; Livingston County; McLean County; Macon County; Saline County; Wabash County; White County,22,149530,151525,6338,307394,49.67,50.33,53.72,-1.99,R+2.0,27.4,-4.06,-17.34,17.73,-2.21,0.4,0.2,0.2,0.2,pres+house+senate+statewide
2008,2000s,Illinois,IL,IL-16,,False,6,3,Boone County; Carroll County; Jo Daviess County; Ogle County; Stephenson County; Winnebago County,DeKalb County; McHenry County; Whiteside County,9,176480,148560,6676,331715,54.29,45.71,53.72,0.15,D+0.1,35.2,0.57,-15.94,17.73,-2.21,0.4,0.2,0.2,0.2,pres+house+senate+statewide
2008,2000s,Illinois,IL,IL-17,,False,9,14,Calhoun County; Fulton County; Hancock County; Henderson County; McDonough County; Macoupin County; Mercer County; Rock Island County; Warren County,Adams County; Christian County; Fayette County; Greene County; Henry County; Jersey County; Knox County; Macon County; Madison County; Montgomery County; Pike County; Sangamon County; Shelby County; Whiteside County,23,133982,107467,4462,245911,55.49,44.51,53.72,4.76,D+4.8,37.6,1.77,,17.73,-2.21,0.5,0.0,0.25,0.25,pres+senate+statewide
2008,2000s,Illinois,IL,IL-18,,False,13,7,Brown County; Cass County; Logan County; Marshall County; Mason County; Menard County; Morgan County; Peoria County; Putnam County; Schuyler County; Scott County; Stark County; Tazewell County,Adams County; Bureau County; Knox County; Macon County; Pike County; Sangamon County; Woodford County,20,170760,171346,6469,348575,49.91,50.09,53.72,-1.21,R+1.2,38.5,-3.81,-13.97,17.73,-2.21,0.4,0.2,0.2,0.2,pres+house+senate+statewide
2008,2000s,Illinois,IL,IL-19,,False,15,15,Bond County; Clay County; Clinton County; Effingham County; Hamilton County; Hardin County; Jasper County; Jefferson County; Johnson County; Marion County; Massac County; Pope County; Richland County; Washington County; Wayne County,Christian County; Edwards County; Fayette County; Gallatin County; Greene County; Jersey County; Lawrence County; Madison County; Montgomery County; Saline County; Sangamon County; Shelby County; Wabash County; White County; Williamson County,30,156801,175930,7018,339750,47.13,52.87,53.72,-3.34,R+3.3,60.6,-6.6,-19.04,17.73,-2.21,0.4,0.2,0.2,0.2,pres+house+senate+statewide
2008,2000s,Indiana,IN,IN-01,,False,4,1,Benton County; Jasper County; Lake County; Newton County,Porter County,5,180776,108759,3392,292927,62.44,37.56,53.72,5.8,D+5.8,20.9,8.71,19.14,,-13.35,0.5,0.25,0.0,0.25,pres+house+statewide
2008,2000s,Indiana,IN,IN-02,,False,8,4,Carroll County; Cass County; Fulton County; LaPorte County; Marshall County; Pulaski County; St. Joseph County; Starke County,Elkhart County; Howard County; Porter County; White County,12,141292,118544,4039,263875,54.38,45.62,53.72,0.94,D+0.9,11.6,0.65,15.78,,-13.35,0.5,0.25,0.0,0.25,pres+house+statewide
2008,2000s,Indiana,IN,IN-03,,False,6,2,DeKalb County; Kosciusko County; LaGrange County; Noble County; Steuben County; Whitley County,Allen County; Elkhart County,8,121489,156485,3446,281419,43.71,56.29,53.72,-11.16,R+11.2,63.3,-10.02,-11.25,,-13.35,0.5,0.25,0.0,0.25,pres+house+statewide
2008,2000s,Indiana,IN,IN-04,,False,7,5,Boone County; Clinton County; Hendricks County; Lawrence County; Montgomery County; Morgan County; Tippecanoe County,Fountain County; Johnson County; Marion County; Monroe County; White County,12,156282,177835,4498,338615,46.77,53.23,53.72,-10.07,R+10.1,30.5,-6.95,-13.02,,-13.35,0.5,0.25,0.0,0.25,pres+house+statewide
2008,2000s,Indiana,IN,IN-05,,False,7,4,Grant County; Hamilton County; Hancock County; Huntington County; Miami County; Tipton County; Wabash County,Howard County; Johnson County; Marion County; Shelby County,11,176568,210921,4593,392081,45.57,54.43,53.72,-12.09,R+12.1,38.2,-8.16,-18.7,,-13.35,0.5,0.25,0.0,0.25,pres+house+statewide
2008,2000s,Indiana,IN,IN-06,,False,14,5,Adams County; Blackford County; Decatur County; Delaware County; Fayette County; Franklin County; Henry County; Jay County; Madison County; Randolph County; Rush County; Union County; Wayne County; Wells County,Allen County; Bartholomew County; Dearborn County; Johnson County; Shelby County,19,152200,171190,5086,328476,47.06,52.94,53.72,-11.38,R+11.4,23.8,-6.66,-18.86,,-13.35,0.5,0.25,0.0,0.25,pres+house+statewide
2008,2000s,Indiana,IN,IN-07,,False,0,1,,Marion County,1,158743,88109,2486,249339,64.31,35.69,53.72,4.94,D+4.9,100.0,10.58,11.93,,-13.35,0.5,0.25,0.0,0.25,pres+house+statewide
2008,2000s,Indiana,IN,IN-08,,False,17,1,Clay County; Daviess County; Gibson County; Greene County; Knox County; Martin County; Owen County; Parke County; Pike County; Posey County; Putnam County; Sullivan County; Vanderburgh County; Vermillion County; Vigo County; Warren County; Warrick County,Fountain County,18,139717,151236,4469,295422,48.02,51.98,53.72,-3.29,R+3.3,1.4,-5.7,11.59,,-13.35,0.5,0.25,0.0,0.25,pres+house+statewide
2008,2000s,Indiana,IN,IN-09,,False,17,3,Brown County; Clark County; Crawford County; Dubois County; Floyd County; Harrison County; Jackson County; Jefferson County; Jennings County; Ohio County; Orange County; Perry County; Ripley County; Scott County; Spencer County; Switzerland County; Washington County,Bartholomew County; Dearborn County; Monroe County,20,146973,162568,4962,314503,47.48,52.52,53.72,-4.73,R+4.7,22.8,-6.24,6.91,,-13.35,0.5,0.25,0.0,0.25,pres+house+statewide
2008,2000s,Kansas,KS,KS-01,,False,66,3,Barber County; Barton County; Chase County; Cheyenne County; Clark County; Clay County; Cloud County; Comanche County; Decatur County; Dickinson County; Edwards County; Ellis County; Ellsworth County; Finney County; Ford County; Gove County; Graham County; Grant County; Gray County; Greeley County; Hamilton County; Haskell County; Hodgeman County; Jewell County; Kearny County; Kiowa County; Lane County; Lincoln County; Logan County; Lyon County; McPherson County; Marion County; Marshall County; Meade County; Mitchell County; Morris County; Morton County; Ness County; Norton County; Osborne County; Ottawa County; Pawnee County; Phillips County; Pratt County; Rawlins County; Reno County; Republic County; Rice County; Rooks County; Rush County; Russell County; Saline County; Scott County; Seward County; Sheridan County; Sherman County; Smith County; Stafford County; Stanton County; Stevens County; Thomas County; Trego County; Wabaunsee County; Wallace County; Washington County; Wichita County,Geary County; Greenwood County; Nemaha County,69,79150,183204,4884,267237,30.17,69.83,53.72,-25.3,R+25.3,3.9,-23.55,-39.21,-14.89,,0.5,0.25,0.25,0.0,pres+house+senate
2008,2000s,Kansas,KS,KS-02,,False,23,3,Allen County; Anderson County; Atchison County; Bourbon County; Brown County; Cherokee County; Coffey County; Crawford County; Doniphan County; Franklin County; Jackson County; Jefferson County; Labette County; Leavenworth County; Linn County; Miami County; Neosho County; Osage County; Pottawatomie County; Riley County; Shawnee County; Wilson County; Woodson County,Douglas County; Geary County; Nemaha County,26,144416,175089,7118,326623,45.2,54.8,53.72,-9.34,R+9.3,12.5,-8.52,-5.42,-14.89,,0.5,0.25,0.25,0.0,pres+house+senate
2008,2000s,Kansas,KS,KS-03,,False,2,1,Johnson County; Wyandotte County,Douglas County,3,177860,174816,5948,358624,50.43,49.57,53.72,-3.97,R+4.0,4.7,-3.29,5.58,-14.89,,0.5,0.25,0.25,0.0,pres+house+senate
2008,2000s,Kansas,KS,KS-04,,False,10,1,Butler County; Chautauqua County; Cowley County; Elk County; Harper County; Harvey County; Kingman County; Montgomery County; Sedgwick County; Sumner County,Greenwood County,11,113340,166546,6503,286388,40.49,59.51,53.72,-15.19,R+15.2,0.5,-13.23,-19.4,-14.89,,0.5,0.25,0.25,0.0,pres+house+senate
2008,2000s,Kentucky,KY,KY-01,,False,32,2,Adair County; Allen County; Ballard County; Butler County; Caldwell County; Calloway County; Carlisle County; Casey County; Christian County; Clinton County; Crittenden County; Cumberland County; Fulton County; Graves County; Henderson County; Hickman County; Hopkins County; Livingston County; Logan County; Lyon County; McCracken County; McLean County; Marshall County; Metcalfe County; Monroe County; Muhlenberg County; Russell County; Simpson County; Todd County; Trigg County; Union County; Webster County,Lincoln County; Ohio County,34,103934,175743,4354,284030,37.16,62.84,53.72,-11.29,R+11.3,2.1,-16.56,-17.45,-5.63,-0.25,0.4,0.2,0.2,0.2,pres+house+senate+statewide
2008,2000s,Kentucky,KY,KY-02,,False,19,2,Barren County; Breckinridge County; Bullitt County; Daviess County; Edmonson County; Grayson County; Green County; Hancock County; Hardin County; Hart County; Larue County; Marion County; Meade County; Nelson County; Shelby County; Spencer County; Taylor County; Warren County; Washington County,Jefferson County; Ohio County,21,126070,194146,4633,324849,39.37,60.63,53.72,-8.07,R+8.1,7.4,-14.35,-5.75,-5.63,-0.25,0.4,0.2,0.2,0.2,pres+house+senate+statewide
2008,2000s,Kentucky,KY,KY-03,,False,0,1,,Jefferson County,1,186594,146244,4316,337154,56.06,43.94,53.72,1.01,D+1.0,100.0,2.34,6.25,-5.63,-0.25,0.4,0.2,0.2,0.2,pres+house+senate+statewide
2008,2000s,Kentucky,KY,KY-04,,False,22,2,Boone County; Boyd County; Bracken County; Campbell County; Carroll County; Carter County; Elliott County; Fleming County; Gallatin County; Grant County; Greenup County; Harrison County; Henry County; Kenton County; Lewis County; Mason County; Nicholas County; Oldham County; Owen County; Pendleton County; Robertson County; Trimble County,Bath County; Scott County,24,121293,192550,5158,319001,38.65,61.35,53.72,-10.44,R+10.4,3.7,-15.08,-16.15,-5.63,-0.25,0.4,0.2,0.2,0.2,pres+house+senate+statewide
2008,2000s,Kentucky,KY,KY-05,,False,28,1,Bell County; Breathitt County; Clay County; Floyd County; Harlan County; Jackson County; Johnson County; Knott County; Knox County; Laurel County; Lawrence County; Lee County; Leslie County; Letcher County; McCreary County; Magoffin County; Martin County; Menifee County; Morgan County; Owsley County; Perry County; Pike County; Pulaski County; Rockcastle County; Rowan County; Wayne County; Whitley County; Wolfe County,Bath County,29,75772,162589,4239,242600,31.79,68.21,53.72,-12.44,R+12.4,0.5,-21.94,,-5.63,-0.25,0.5,0.0,0.25,0.25,pres+senate+statewide
2008,2000s,Kentucky,KY,KY-06,,False,14,2,Anderson County; Bourbon County; Boyle County; Clark County; Estill County; Fayette County; Franklin County; Garrard County; Jessamine County; Madison County; Mercer County; Montgomery County; Powell County; Woodford County,Lincoln County; Scott County,16,138323,177191,4414,319927,43.84,56.16,53.72,-2.82,R+2.8,5.7,-9.88,11.55,-5.63,-0.25,0.4,0.2,0.2,0.2,pres+house+senate+statewide
2008,2000s,Louisiana,LA,LA-01,,False,3,3,St. Tammany Parish; Tangipahoa Parish; Washington Parish,Jefferson Parish; Orleans Parish; St. Charles Parish,6,63080,145370,3431,211881,30.26,69.74,53.72,-16.29,R+16.3,16.6,-23.46,-18.84,0.6,,0.5,0.25,0.25,0.0,pres+house+senate
2008,2000s,Louisiana,LA,LA-02,,False,0,2,,Jefferson Parish; Orleans Parish,2,129972,59707,2919,192597,68.52,31.48,53.72,6.4,D+6.4,100.0,14.8,-4.59,0.6,,0.5,0.25,0.25,0.0,pres+house+senate
2008,2000s,Louisiana,LA,LA-03,,False,10,3,Assumption Parish; Iberia Parish; Lafourche Parish; Plaquemines Parish; St. Bernard Parish; St. James Parish; St. John the Baptist Parish; St. Martin Parish; St. Mary Parish; Terrebonne Parish,Ascension Parish; Jefferson Parish; St. Charles Parish,13,139118,242302,7137,388557,36.47,63.53,53.72,-11.3,R+11.3,41.3,-17.25,,0.6,,0.667,0.0,0.333,0.0,pres+senate
2008,2000s,Louisiana,LA,LA-04,,False,12,1,Beauregard Parish; Bienville Parish; Bossier Parish; Caddo Parish; Claiborne Parish; De Soto Parish; Grant Parish; Natchitoches Parish; Red River Parish; Sabine Parish; Vernon Parish; Webster Parish,Allen Parish,13,108282,162107,3145,273534,40.05,59.95,53.72,-7.53,R+7.5,1.6,-13.68,-3.35,0.6,,0.5,0.25,0.25,0.0,pres+house+senate
2008,2000s,Louisiana,LA,LA-05,,False,18,4,Avoyelles Parish; Caldwell Parish; Catahoula Parish; Concordia Parish; East Carroll Parish; Franklin Parish; Jackson Parish; La Salle Parish; Lincoln Parish; Madison Parish; Morehouse Parish; Ouachita Parish; Rapides Parish; Richland Parish; Tensas Parish; Union Parish; West Carroll Parish; Winn Parish,Allen Parish; Evangeline Parish; Iberville Parish; Pointe Coupee Parish,22,108787,182172,3924,294883,37.39,62.61,53.72,-10.69,R+10.7,11.5,-16.33,,0.6,,0.667,0.0,0.333,0.0,pres+senate
2008,2000s,Louisiana,LA,LA-06,,False,6,3,East Baton Rouge Parish; East Feliciana Parish; Livingston Parish; St. Helena Parish; West Baton Rouge Parish; West Feliciana Parish,Ascension Parish; Iberville Parish; Pointe Coupee Parish,9,131503,169850,4044,305396,43.64,56.36,53.72,-5.21,R+5.2,7.7,-10.09,-1.27,0.6,,0.5,0.25,0.25,0.0,pres+house+senate
2008,2000s,Louisiana,LA,LA-07,,False,7,1,Acadia Parish; Calcasieu Parish; Cameron Parish; Jefferson Davis Parish; Lafayette Parish; St. Landry Parish; Vermilion Parish,Evangeline Parish,8,102249,186767,4897,293913,35.38,64.62,53.72,-13.39,R+13.4,1.6,-18.35,-17.48,0.6,,0.5,0.25,0.25,0.0,pres+house+senate
2008,2000s,Massachusetts,MA,MA-01,,False,2,4,Berkshire County; Franklin County,Hampden County; Hampshire County; Middlesex County; Worcester County,6,315091,164300,12403,491794,65.73,34.27,53.72,14.8,D+14.8,78.7,12.0,19.79,15.38,,0.5,0.25,0.25,0.0,pres+house+senate
2008,2000s,Massachusetts,MA,MA-02,,False,0,4,,Hampden County; Hampshire County; Norfolk County; Worcester County,4,146911,96734,6292,249938,60.3,39.7,53.72,9.51,D+9.5,100.0,6.57,,15.38,,0.667,0.0,0.333,0.0,pres+senate
2008,2000s,Massachusetts,MA,MA-03,,False,0,4,,Bristol County; Middlesex County; Norfolk County; Worcester County,4,158149,101146,6151,265446,60.99,39.01,53.72,9.97,D+10.0,100.0,7.27,,15.38,,0.667,0.0,0.333,0.0,pres+senate
2008,2000s,Massachusetts,MA,MA-04,,False,0,4,,Bristol County; Middlesex County; Norfolk County; Plymouth County,4,214746,144702,8155,367603,59.74,40.26,53.72,11.79,D+11.8,100.0,6.02,19.73,15.38,,0.5,0.25,0.25,0.0,pres+house+senate
2008,2000s,Massachusetts,MA,MA-05,,False,0,3,,Essex County; Middlesex County; Worcester County,3,268194,149486,9302,426982,64.21,35.79,53.72,12.12,D+12.1,100.0,10.49,,15.38,,0.667,0.0,0.333,0.0,pres+senate
2008,2000s,Massachusetts,MA,MA-06,,False,0,2,,Essex County; Middlesex County,2,210146,132697,7348,350192,61.3,38.7,53.72,11.96,D+12.0,100.0,7.57,17.32,15.38,,0.5,0.25,0.25,0.0,pres+house+senate
2008,2000s,Massachusetts,MA,MA-07,,False,0,2,,Middlesex County; Suffolk County,2,120436,56663,3804,180903,68.0,32.0,53.72,16.63,D+16.6,100.0,14.28,22.59,15.38,,0.5,0.25,0.25,0.0,pres+house+senate
2008,2000s,Massachusetts,MA,MA-08,,False,0,2,,Suffolk County; Middlesex County,2,111602,32346,2703,146650,77.53,22.47,53.72,21.0,D+21.0,100.0,23.81,,15.38,,0.667,0.0,0.333,0.0,pres+senate
2008,2000s,Massachusetts,MA,MA-09,,False,0,4,,Bristol County; Norfolk County; Plymouth County; Suffolk County,4,182326,97376,5801,285502,65.19,34.81,53.72,12.77,D+12.8,100.0,11.46,,15.38,,0.667,0.0,0.333,0.0,pres+senate
2008,2000s,Massachusetts,MA,MA-10,,False,3,2,Barnstable County; Dukes County; Nantucket County,Norfolk County; Plymouth County,5,176497,133404,6158,316059,56.95,43.05,53.72,7.28,D+7.3,52.9,3.23,,15.38,,0.667,0.0,0.333,0.0,pres+senate
2008,2000s,Maryland,MD,MD-01,,False,9,3,Caroline County; Cecil County; Dorchester County; Kent County; Queen Anne's County; Somerset County; Talbot County; Wicomico County; Worcester County,Anne Arundel County; Baltimore County; Harford County,12,164099,189434,6603,360136,46.42,53.58,53.72,-5.79,R+5.8,43.2,-7.31,-2.75,,,0.667,0.333,0.0,0.0,pres+house
2008,2000s,Maryland,MD,MD-02,,False,0,4,,Anne Arundel County; Baltimore County; Harford County; Baltimore City,4,139059,85993,4338,229390,61.79,38.21,53.72,12.44,D+12.4,100.0,8.07,21.18,,,0.667,0.333,0.0,0.0,pres+house
2008,2000s,Maryland,MD,MD-03,,False,0,4,,Anne Arundel County; Baltimore County; Howard County; Baltimore City,4,160661,85247,4222,250130,65.33,34.67,53.72,13.3,D+13.3,100.0,11.61,16.68,,,0.667,0.333,0.0,0.0,pres+house
2008,2000s,Maryland,MD,MD-04,,False,0,2,,Montgomery County; Prince George's County,2,207546,51839,2947,262332,80.01,19.99,53.72,28.8,D+28.8,100.0,26.29,33.82,,,0.667,0.333,0.0,0.0,pres+house
2008,2000s,Maryland,MD,MD-05,,False,3,2,Calvert County; Charles County; St. Mary's County,Anne Arundel County; Prince George's County,5,354239,142469,5639,502348,71.32,28.68,53.72,19.16,D+19.2,68.4,17.59,22.29,,,0.667,0.333,0.0,0.0,pres+house
2008,2000s,Maryland,MD,MD-06,,False,5,3,Allegany County; Carroll County; Frederick County; Garrett County; Washington County,Baltimore County; Harford County; Montgomery County,8,239471,263658,10723,513852,47.6,52.4,53.72,-8.41,R+8.4,41.6,-6.13,-12.98,,,0.667,0.333,0.0,0.0,pres+house
2008,2000s,Maryland,MD,MD-07,,False,0,3,,Baltimore County; Howard County; Baltimore City,3,177996,70913,4115,253024,71.51,28.49,53.72,21.15,D+21.2,100.0,17.79,27.89,,,0.667,0.333,0.0,0.0,pres+house
2008,2000s,Maryland,MD,MD-08,,False,0,1,,Montgomery County,1,186396,70308,3681,260384,72.61,27.39,53.72,20.74,D+20.7,100.0,18.89,24.44,,,0.667,0.333,0.0,0.0,pres+house
2008,2000s,Maine,ME,ME-01,,False,5,1,Cumberland County; Knox County; Lincoln County; Sagadahoc County; York County,Kennebec County,6,235116,145571,6924,387611,61.76,38.24,53.72,0.94,D+0.9,12.5,8.04,1.75,-14.05,,0.5,0.25,0.25,0.0,pres+house+senate
2008,2000s,Maine,ME,ME-02,,False,10,1,Androscoggin County; Aroostook County; Franklin County; Hancock County; Oxford County; Penobscot County; Piscataquis County; Somerset County; Waldo County; Washington County,Kennebec County,11,186807,149702,7043,343552,55.51,44.49,53.72,0.94,D+0.9,5.1,1.79,14.25,-14.05,,0.5,0.25,0.25,0.0,pres+house+senate
2008,2000s,Michigan,MI,MI-01,,False,30,1,Alcona County; Alger County; Alpena County; Antrim County; Arenac County; Baraga County; Charlevoix County; Cheboygan County; Chippewa County; Crawford County; Delta County; Dickinson County; Emmet County; Gladwin County; Gogebic County; Houghton County; Iosco County; Iron County; Keweenaw County; Luce County; Mackinac County; Marquette County; Menominee County; Montmorency County; Ogemaw County; Ontonagon County; Oscoda County; Otsego County; Presque Isle County; Schoolcraft County,Bay County,31,180183,168763,7390,356336,51.64,48.36,53.72,4.4,D+4.4,11.2,-2.09,13.35,12.26,0.58,0.4,0.2,0.2,0.2,pres+house+senate+statewide
2008,2000s,Michigan,MI,MI-02,,False,9,2,Benzie County; Lake County; Manistee County; Mason County; Muskegon County; Newaygo County; Oceana County; Ottawa County; Wexford County,Allegan County; Kent County,11,183647,190622,7030,381299,49.07,50.93,53.72,-2.76,R+2.8,17.0,-4.66,-17.34,12.26,0.58,0.4,0.2,0.2,0.2,pres+house+senate+statewide
2008,2000s,Michigan,MI,MI-03,,False,2,1,Barry County; Ionia County,Kent County,3,153137,156376,6097,315610,49.48,50.52,53.72,-2.43,R+2.4,81.6,-4.25,-16.49,12.26,0.58,0.4,0.2,0.2,0.2,pres+house+senate+statewide
2008,2000s,Michigan,MI,MI-04,,False,12,2,Clare County; Grand Traverse County; Gratiot County; Isabella County; Kalkaska County; Leelanau County; Mecosta County; Midland County; Missaukee County; Montcalm County; Osceola County; Roscommon County,Saginaw County; Shiawassee County,14,183528,166534,6577,356639,52.43,47.57,53.72,-1.26,R+1.3,28.6,-1.3,-16.57,12.26,0.58,0.4,0.2,0.2,0.2,pres+house+senate+statewide
2008,2000s,Michigan,MI,MI-05,,False,2,2,Genesee County; Tuscola County,Bay County; Saginaw County,4,179894,102222,5465,287582,63.77,36.23,53.72,10.42,D+10.4,13.6,10.04,19.15,12.26,0.58,0.4,0.2,0.2,0.2,pres+house+senate+statewide
2008,2000s,Michigan,MI,MI-06,,False,5,2,Berrien County; Cass County; Kalamazoo County; St. Joseph County; Van Buren County,Allegan County; Calhoun County,7,178689,148971,6199,333860,54.53,45.47,53.72,0.18,D+0.2,12.2,0.81,-13.59,12.26,0.58,0.4,0.2,0.2,0.2,pres+house+senate+statewide
2008,2000s,Michigan,MI,MI-07,,False,5,2,Branch County; Eaton County; Hillsdale County; Jackson County; Lenawee County,Calhoun County; Washtenaw County,7,233389,168850,7401,409641,58.02,41.98,53.72,3.9,D+3.9,46.6,4.3,-1.95,12.26,0.58,0.4,0.2,0.2,0.2,pres+house+senate+statewide
2008,2000s,Michigan,MI,MI-08,,False,3,2,Clinton County; Ingham County; Livingston County,Oakland County; Shiawassee County,5,293765,224823,9261,527848,56.65,43.35,53.72,1.43,D+1.4,46.3,2.92,-11.56,12.26,0.58,0.4,0.2,0.2,0.2,pres+house+senate+statewide
2008,2000s,Michigan,MI,MI-09,,False,0,1,,Oakland County,1,132766,98695,3875,235336,57.36,42.64,53.72,4.39,D+4.4,100.0,3.64,1.86,12.26,0.58,0.4,0.2,0.2,0.2,pres+house+senate+statewide
2008,2000s,Michigan,MI,MI-10,,False,4,1,Huron County; Lapeer County; St. Clair County; Sanilac County,Macomb County,5,252431,225458,10282,488171,52.82,47.18,53.72,-2.03,R+2.0,66.5,-0.9,-21.17,12.26,0.58,0.4,0.2,0.2,0.2,pres+house+senate+statewide
2008,2000s,Michigan,MI,MI-11,,False,0,2,,Oakland County; Wayne County,2,295623,135715,6396,437734,68.54,31.46,53.72,7.24,D+7.2,100.0,14.81,-6.26,12.26,0.58,0.4,0.2,0.2,0.2,pres+house+senate+statewide
2008,2000s,Michigan,MI,MI-12,,False,0,2,,Macomb County; Oakland County,2,71412,57933,2584,131929,55.21,44.79,53.72,7.56,D+7.6,100.0,1.49,21.97,12.26,0.58,0.4,0.2,0.2,0.2,pres+house+senate+statewide
2008,2000s,Michigan,MI,MI-13,,False,0,1,,Wayne County,1,115515,38427,2111,156053,75.04,24.96,53.72,16.37,D+16.4,100.0,21.31,26.35,12.26,0.58,0.4,0.2,0.2,0.2,pres+house+senate+statewide
2008,2000s,Michigan,MI,MI-14,,False,0,1,,Wayne County,1,130697,43477,2389,176563,75.04,24.96,53.72,13.87,D+13.9,100.0,21.31,,12.26,0.58,0.5,0.0,0.25,0.25,pres+senate+statewide
2008,2000s,Michigan,MI,MI-15,,False,1,2,Monroe County,Washtenaw County; Wayne County,3,287901,121773,6331,416006,70.28,29.72,53.72,13.33,D+13.3,81.6,16.55,20.73,12.26,0.58,0.4,0.2,0.2,0.2,pres+house+senate+statewide
2008,2000s,Minnesota,MN,MN-01,,False,22,0,Blue Earth County; Brown County; Cottonwood County; Dodge County; Faribault County; Fillmore County; Freeborn County; Houston County; Jackson County; Martin County; Mower County; Murray County; Nicollet County; Nobles County; Olmsted County; Pipestone County; Rock County; Steele County; Wabasha County; Waseca County; Watonwan County; Winona County,,22,173692,158736,8371,340799,52.25,47.75,53.72,-0.66,R+0.7,0.0,-1.47,,-2.66,2.98,0.5,0.0,0.25,0.25,pres+senate+statewide
2008,2000s,Minnesota,MN,MN-02,,False,5,2,Carver County; Goodhue County; Le Sueur County; Rice County; Scott County,Dakota County; Washington County,7,211752,211106,8355,431212,50.08,49.92,53.72,-1.75,R+1.7,56.1,-3.65,,-2.66,2.98,0.5,0.0,0.25,0.25,pres+senate+statewide
2008,2000s,Minnesota,MN,MN-03,,False,0,2,,Anoka County; Hennepin County,2,346885,192580,9770,549235,64.3,35.7,53.72,5.37,D+5.4,100.0,10.58,,-2.66,2.98,0.5,0.0,0.25,0.25,pres+senate+statewide
2008,2000s,Minnesota,MN,MN-04,,False,1,2,Ramsey County,Dakota County; Washington County,3,192314,97378,5807,295500,66.39,33.61,53.72,6.41,D+6.4,6.1,12.66,,-2.66,2.98,0.5,0.0,0.25,0.25,pres+senate+statewide
2008,2000s,Minnesota,MN,MN-05,,False,0,2,,Anoka County; Hennepin County,2,81648,46430,2337,130414,63.75,36.25,53.72,5.09,D+5.1,100.0,10.02,,-2.66,2.98,0.5,0.0,0.25,0.25,pres+senate+statewide
2008,2000s,Minnesota,MN,MN-06,,False,3,3,Benton County; Sherburne County; Wright County,Anoka County; Stearns County; Washington County,6,208688,233428,9535,451651,47.2,52.8,53.72,-3.18,R+3.2,71.2,-6.52,,-2.66,2.98,0.5,0.0,0.25,0.25,pres+senate+statewide
2008,2000s,Minnesota,MN,MN-07,,False,33,2,Becker County; Big Stone County; Chippewa County; Clay County; Clearwater County; Douglas County; Grant County; Kandiyohi County; Kittson County; Lac qui Parle County; Lake of the Woods County; Lincoln County; Lyon County; McLeod County; Mahnomen County; Marshall County; Meeker County; Norman County; Otter Tail County; Pennington County; Polk County; Pope County; Red Lake County; Redwood County; Renville County; Roseau County; Sibley County; Stevens County; Swift County; Todd County; Traverse County; Wilkin County; Yellow Medicine County,Beltrami County; Stearns County,35,164434,174089,8662,347185,48.57,51.43,53.72,-2.5,R+2.5,12.9,-5.15,,-2.66,2.98,0.5,0.0,0.25,0.25,pres+senate+statewide
2008,2000s,Minnesota,MN,MN-08,,False,17,1,Aitkin County; Carlton County; Cass County; Chisago County; Cook County; Crow Wing County; Hubbard County; Isanti County; Itasca County; Kanabec County; Koochiching County; Lake County; Mille Lacs County; Morrison County; Pine County; St. Louis County; Wadena County,Beltrami County,18,193942,161662,8769,364373,54.54,45.46,53.72,0.49,D+0.5,0.9,0.81,,-2.66,2.98,0.5,0.0,0.25,0.25,pres+senate+statewide
2008,2000s,Missouri,MO,MO-01,,False,0,2,,St. Louis County; St. Louis City,2,196713,93913,2685,293311,67.69,32.31,53.72,11.11,D+11.1,100.0,13.96,,,5.41,0.667,0.0,0.0,0.333,pres+statewide
2008,2000s,Missouri,MO,MO-02,,False,1,2,Lincoln County,St. Charles County; St. Louis County,3,234370,191789,4451,430611,55.0,45.0,53.72,-2.24,R+2.2,94.5,1.27,-16.92,,5.41,0.5,0.25,0.0,0.25,pres+house+statewide
2008,2000s,Missouri,MO,MO-03,,False,2,2,Jefferson County; Ste. Genevieve County,St. Louis County; St. Louis City,4,157377,93580,3180,254137,62.71,37.29,53.72,9.71,D+9.7,54.8,8.99,15.44,,5.41,0.5,0.25,0.0,0.25,pres+house+statewide
2008,2000s,Missouri,MO,MO-04,,False,21,4,Barton County; Bates County; Benton County; Cedar County; Cole County; Dade County; Dallas County; Henry County; Hickory County; Johnson County; Laclede County; Lafayette County; Moniteau County; Morgan County; Pettis County; Pulaski County; Ray County; St. Clair County; Saline County; Vernon County; Webster County,Camden County; Cass County; Jackson County; Polk County,25,131507,200491,5454,337452,39.61,60.39,53.72,-2.52,R+2.5,25.2,-14.11,12.75,,5.41,0.5,0.25,0.0,0.25,pres+house+statewide
2008,2000s,Missouri,MO,MO-05,,False,0,2,,Cass County; Jackson County,2,146751,89289,2676,238716,62.17,37.83,53.72,8.39,D+8.4,100.0,8.45,11.25,,5.41,0.5,0.25,0.0,0.25,pres+house+statewide
2008,2000s,Missouri,MO,MO-06,,False,25,1,Andrew County; Atchison County; Buchanan County; Caldwell County; Carroll County; Chariton County; Clay County; Clinton County; Cooper County; Daviess County; DeKalb County; Gentry County; Grundy County; Harrison County; Holt County; Howard County; Linn County; Livingston County; Mercer County; Nodaway County; Platte County; Putnam County; Schuyler County; Sullivan County; Worth County,Jackson County,26,191527,193575,6736,391839,49.73,50.27,53.72,-4.35,R+4.4,23.4,-3.99,-14.83,,5.41,0.5,0.25,0.0,0.25,pres+house+statewide
2008,2000s,Missouri,MO,MO-07,,False,8,2,Barry County; Christian County; Greene County; Jasper County; Lawrence County; McDonald County; Newton County; Stone County,Polk County; Taney County,10,113408,200375,5250,319032,36.14,63.86,53.72,-13.4,R+13.4,4.9,-17.58,-23.85,,5.41,0.5,0.25,0.0,0.25,pres+house+statewide
2008,2000s,Missouri,MO,MO-08,,False,27,1,Bollinger County; Butler County; Cape Girardeau County; Carter County; Dent County; Douglas County; Dunklin County; Howell County; Iron County; Madison County; Mississippi County; New Madrid County; Oregon County; Ozark County; Pemiscot County; Perry County; Phelps County; Reynolds County; Ripley County; St. Francois County; Scott County; Shannon County; Stoddard County; Texas County; Washington County; Wayne County; Wright County,Taney County,28,105094,180215,5041,290349,36.84,63.16,53.72,-13.67,R+13.7,4.7,-16.89,-26.31,,5.41,0.5,0.25,0.0,0.25,pres+house+statewide
2008,2000s,Missouri,MO,MO-09,,False,23,2,Adair County; Audrain County; Boone County; Callaway County; Clark County; Crawford County; Franklin County; Gasconade County; Knox County; Lewis County; Macon County; Maries County; Marion County; Miller County; Monroe County; Montgomery County; Osage County; Pike County; Ralls County; Randolph County; Scotland County; Shelby County; Warren County,Camden County; St. Charles County,25,165164,202587,6003,373754,44.91,55.09,53.72,-4.16,R+4.2,19.0,-8.81,-4.43,,5.41,0.5,0.25,0.0,0.25,pres+house+statewide
2008,2000s,Mississippi,MS,MS-01,,False,22,2,Alcorn County; Benton County; Calhoun County; Chickasaw County; Choctaw County; Clay County; DeSoto County; Grenada County; Itawamba County; Lafayette County; Lee County; Lowndes County; Marshall County; Monroe County; Panola County; Pontotoc County; Prentiss County; Tate County; Tippah County; Tishomingo County; Union County; Yalobusha County,Webster County; Winston County,24,130269,213862,3422,347553,37.85,62.15,53.72,-10.9,R+10.9,1.7,-15.87,2.24,-14.1,,0.5,0.25,0.25,0.0,pres+house+senate
2008,2000s,Mississippi,MS,MS-02,,False,20,3,Attala County; Bolivar County; Carroll County; Claiborne County; Coahoma County; Copiah County; Holmes County; Humphreys County; Issaquena County; Jefferson County; Leflore County; Montgomery County; Quitman County; Sharkey County; Sunflower County; Tallahatchie County; Tunica County; Warren County; Washington County; Yazoo County,Hinds County; Leake County; Madison County,23,201797,119971,1896,323664,62.72,37.28,53.72,4.95,D+4.9,43.7,8.99,15.91,-14.1,,0.5,0.25,0.25,0.0,pres+house+senate
2008,2000s,Mississippi,MS,MS-03,,False,20,8,Adams County; Amite County; Covington County; Franklin County; Jefferson Davis County; Kemper County; Lauderdale County; Lawrence County; Lincoln County; Neshoba County; Newton County; Noxubee County; Oktibbeha County; Pike County; Rankin County; Scott County; Simpson County; Smith County; Walthall County; Wilkinson County,Hinds County; Jasper County; Jones County; Leake County; Madison County; Marion County; Webster County; Winston County,28,130136,193038,2449,325622,40.27,59.73,53.72,-14.18,R+14.2,14.0,-13.46,-15.69,-14.1,,0.5,0.25,0.25,0.0,pres+house+senate
2008,2000s,Mississippi,MS,MS-04,,False,12,3,Clarke County; Forrest County; George County; Greene County; Hancock County; Harrison County; Jackson County; Lamar County; Pearl River County; Perry County; Stone County; Wayne County,Jasper County; Jones County; Marion County,15,92460,197726,2839,293025,31.86,68.14,53.72,-9.12,R+9.1,13.6,-21.86,21.35,-14.1,,0.5,0.25,0.25,0.0,pres+house+senate
2008,2000s,Montana,MT,MT-AL,,True,0,0,,,56,232159,243882,16709,492750,48.77,51.23,53.72,0.67,D+0.7,0.0,-4.96,-19.57,20.25,12.56,0.4,0.2,0.2,0.2,pres+house+senate+statewide
2008,2000s,North Carolina,NC,NC-01,,False,13,10,Bertie County; Chowan County; Edgecombe County; Gates County; Greene County; Halifax County; Hertford County; Martin County; Northampton County; Pasquotank County; Perquimans County; Warren County; Washington County,Beaufort County; Craven County; Granville County; Jones County; Lenoir County; Nash County; Pitt County; Vance County; Wayne County; Wilson County,23,158607,121370,1425,281402,56.65,43.35,53.72,4.74,D+4.7,44.2,2.93,17.13,1.71,-1.01,0.4,0.2,0.2,0.2,pres+house+senate+statewide
2008,2000s,North Carolina,NC,NC-02,,False,4,6,Franklin County; Harnett County; Johnston County; Lee County,Chatham County; Cumberland County; Nash County; Sampson County; Vance County; Wake County,10,145393,159371,2588,307351,47.71,52.29,53.72,0.73,D+0.7,47.2,-6.02,15.0,1.71,-1.01,0.4,0.2,0.2,0.2,pres+house+senate+statewide
2008,2000s,North Carolina,NC,NC-03,,False,8,9,Camden County; Carteret County; Currituck County; Dare County; Hyde County; Onslow County; Pamlico County; Tyrrell County,Beaufort County; Craven County; Duplin County; Jones County; Lenoir County; Nash County; Pitt County; Wayne County; Wilson County,17,131031,167354,2243,300627,43.91,56.09,53.72,-7.59,R+7.6,56.8,-9.81,-19.05,1.71,-1.01,0.4,0.2,0.2,0.2,pres+house+senate+statewide
2008,2000s,North Carolina,NC,NC-04,,False,2,2,Durham County; Orange County,Chatham County; Wake County,4,282428,146270,4108,432807,65.88,34.12,53.72,6.25,D+6.3,51.1,12.16,,1.71,-1.01,0.5,0.0,0.25,0.25,pres+senate+statewide
2008,2000s,North Carolina,NC,NC-05,,False,9,3,Alexander County; Alleghany County; Ashe County; Davie County; Stokes County; Surry County; Watauga County; Wilkes County; Yadkin County,Forsyth County; Iredell County; Rockingham County,12,154741,207436,4394,366570,42.73,57.27,53.72,-6.56,R+6.6,50.2,-11.0,-11.52,1.71,-1.01,0.4,0.2,0.2,0.2,pres+house+senate+statewide
2008,2000s,North Carolina,NC,NC-06,,False,2,4,Moore County; Randolph County,Alamance County; Davidson County; Guilford County; Rowan County,6,190435,218938,3905,413278,46.52,53.48,53.72,-6.77,R+6.8,75.0,-7.21,-20.15,1.71,-1.01,0.4,0.2,0.2,0.2,pres+house+senate+statewide
2008,2000s,North Carolina,NC,NC-07,,False,6,3,Bladen County; Brunswick County; Columbus County; New Hanover County; Pender County; Robeson County,Cumberland County; Duplin County; Sampson County,9,188049,184056,3051,375156,50.54,49.46,53.72,2.0,D+2.0,31.3,-3.19,15.69,1.71,-1.01,0.4,0.2,0.2,0.2,pres+house+senate+statewide
2008,2000s,North Carolina,NC,NC-08,,False,6,4,Anson County; Hoke County; Montgomery County; Richmond County; Scotland County; Stanly County,Cabarrus County; Cumberland County; Mecklenburg County; Union County,10,115167,130705,1934,247806,46.84,53.16,53.72,-2.17,R+2.2,59.8,-6.88,2.23,1.71,-1.01,0.4,0.2,0.2,0.2,pres+house+senate+statewide
2008,2000s,North Carolina,NC,NC-09,,False,0,3,,Gaston County; Mecklenburg County; Union County,3,204105,170839,2777,377720,54.44,45.56,53.72,-2.9,R+2.9,100.0,0.71,-16.62,1.71,-1.01,0.4,0.2,0.2,0.2,pres+house+senate+statewide
2008,2000s,North Carolina,NC,NC-10,,False,7,3,Avery County; Burke County; Caldwell County; Catawba County; Cleveland County; Lincoln County; Mitchell County,Gaston County; Iredell County; Rutherford County,10,109685,189795,3412,302892,36.63,63.37,53.72,-8.84,R+8.8,21.6,-17.1,-10.7,1.71,-1.01,0.4,0.2,0.2,0.2,pres+house+senate+statewide
2008,2000s,North Carolina,NC,NC-11,,False,14,1,Buncombe County; Cherokee County; Clay County; Graham County; Haywood County; Henderson County; Jackson County; McDowell County; Macon County; Madison County; Polk County; Swain County; Transylvania County; Yancey County,Rutherford County,15,157408,175926,4701,338036,47.22,52.78,53.72,-0.42,R+0.4,1.9,-6.5,10.21,1.71,-1.01,0.4,0.2,0.2,0.2,pres+house+senate+statewide
2008,2000s,North Carolina,NC,NC-12,,False,0,6,,Cabarrus County; Davidson County; Forsyth County; Guilford County; Mecklenburg County; Rowan County,6,135848,113288,2101,251236,54.53,45.47,53.72,4.15,D+4.1,100.0,0.8,18.44,1.71,-1.01,0.4,0.2,0.2,0.2,pres+house+senate+statewide
2008,2000s,North Carolina,NC,NC-13,,False,2,5,Caswell County; Person County,Alamance County; Granville County; Guilford County; Rockingham County; Wake County,7,169755,143126,3026,315907,54.26,45.74,53.72,2.91,D+2.9,90.7,0.53,12.78,1.71,-1.01,0.4,0.2,0.2,0.2,pres+house+senate+statewide
2008,2000s,North Dakota,ND,ND-AL,,True,0,0,,,53,141403,168887,6325,316615,45.57,54.43,53.72,-9.43,R+9.4,0.0,-8.15,8.82,,-30.24,0.5,0.25,0.0,0.25,pres+house+statewide
2008,2000s,Nebraska,NE,NE-01,,False,22,2,Burt County; Butler County; Cass County; Colfax County; Cuming County; Dakota County; Dixon County; Dodge County; Gage County; Johnson County; Lancaster County; Madison County; Nemaha County; Otoe County; Pawnee County; Richardson County; Saunders County; Seward County; Stanton County; Thurston County; Washington County; Wayne County,Cedar County; Sarpy County,24,134214,164523,5924,304661,44.93,55.07,53.72,-13.18,R+13.2,15.5,-8.8,-23.52,-11.61,,0.5,0.25,0.25,0.0,pres+house+senate
2008,2000s,Nebraska,NE,NE-02,,False,1,1,Douglas County,Sarpy County,2,126025,119061,3993,249080,51.42,48.58,53.72,-5.32,R+5.3,9.0,-2.3,-5.07,-11.61,,0.5,0.25,0.25,0.0,pres+house+senate
2008,2000s,Nebraska,NE,NE-03,,False,68,1,Adams County; Antelope County; Arthur County; Banner County; Blaine County; Boone County; Box Butte County; Boyd County; Brown County; Buffalo County; Chase County; Cherry County; Cheyenne County; Clay County; Custer County; Dawes County; Dawson County; Deuel County; Dundy County; Fillmore County; Franklin County; Frontier County; Furnas County; Garden County; Garfield County; Gosper County; Grant County; Greeley County; Hall County; Hamilton County; Harlan County; Hayes County; Hitchcock County; Holt County; Hooker County; Howard County; Jefferson County; Kearney County; Keith County; Keya Paha County; Kimball County; Knox County; Lincoln County; Logan County; Loup County; McPherson County; Merrick County; Morrill County; Nance County; Nuckolls County; Perkins County; Phelps County; Pierce County; Platte County; Polk County; Red Willow County; Rock County; Saline County; Scotts Bluff County; Sheridan County; Sherman County; Sioux County; Thayer County; Thomas County; Valley County; Webster County; Wheeler County; York County,Cedar County,69,73080,169394,5065,247539,30.14,69.86,53.72,-22.21,R+22.2,1.1,-23.58,-30.05,-11.61,,0.5,0.25,0.25,0.0,pres+house+senate
2008,2000s,New Hampshire,NH,NH-01,,False,2,4,Carroll County; Strafford County,Belknap County; Hillsborough County; Merrimack County; Rockingham County,6,161982,143562,4091,309636,53.01,46.99,53.72,3.31,D+3.3,70.0,-0.71,-0.13,0.61,17.5,0.4,0.2,0.2,0.2,pres+house+senate+statewide
2008,2000s,New Hampshire,NH,NH-02,,False,4,4,Cheshire County; Coos County; Grafton County; Sullivan County,Belknap County; Hillsborough County; Merrimack County; Rockingham County,8,222844,172972,5519,401334,56.3,43.7,53.72,5.56,D+5.6,67.2,2.58,4.52,0.61,17.5,0.4,0.2,0.2,0.2,pres+house+senate+statewide
2008,2000s,New Jersey,NJ,NJ-01,,False,0,2,,Camden County; Gloucester County,2,156056,84903,3628,244588,64.76,35.24,53.72,11.76,D+11.8,100.0,11.04,20.46,4.52,,0.5,0.25,0.25,0.0,pres+house+senate
2008,2000s,New Jersey,NJ,NJ-02,,False,4,3,Atlantic County; Cape May County; Cumberland County; Salem County,Burlington County; Camden County; Gloucester County,7,228604,171846,6118,406568,57.09,42.91,53.72,-0.52,R+0.5,36.1,3.36,-13.33,4.52,,0.5,0.25,0.25,0.0,pres+house+senate
2008,2000s,New Jersey,NJ,NJ-03,,False,0,3,,Burlington County; Camden County; Ocean County,3,168712,159307,4665,332684,51.43,48.57,53.72,-0.28,R+0.3,100.0,-2.29,-1.08,4.52,,0.5,0.25,0.25,0.0,pres+house+senate
2008,2000s,New Jersey,NJ,NJ-04,,False,0,4,,Burlington County; Mercer County; Monmouth County; Ocean County,4,182313,185103,5222,372639,49.62,50.38,53.72,-5.96,R+6.0,100.0,-4.1,-20.16,4.52,,0.5,0.25,0.25,0.0,pres+house+senate
2008,2000s,New Jersey,NJ,NJ-05,,False,1,3,Warren County,Bergen County; Passaic County; Sussex County,4,273492,240946,6472,520910,53.16,46.84,53.72,-1.65,R+1.7,90.6,-0.56,-10.0,4.52,,0.5,0.25,0.25,0.0,pres+house+senate
2008,2000s,New Jersey,NJ,NJ-06,,False,0,3,,Middlesex County; Monmouth County; Union County,3,95229,73286,2271,170786,56.51,43.49,53.72,6.22,D+6.2,100.0,2.79,14.78,4.52,,0.5,0.25,0.25,0.0,pres+house+senate
2008,2000s,New Jersey,NJ,NJ-07,,False,0,4,,Hunterdon County; Middlesex County; Somerset County; Union County,4,183262,137335,4054,324650,57.16,42.84,53.72,0.98,D+1.0,100.0,3.44,-7.48,4.52,,0.5,0.25,0.25,0.0,pres+house+senate
2008,2000s,New Jersey,NJ,NJ-08,,False,0,2,,Essex County; Passaic County,2,119950,49760,1386,171096,70.68,29.32,53.72,14.22,D+14.2,100.0,16.96,18.45,4.52,,0.5,0.25,0.25,0.0,pres+house+senate
2008,2000s,New Jersey,NJ,NJ-09,,False,0,2,,Bergen County; Hudson County,2,129099,79280,2189,210568,61.95,38.05,53.72,9.09,D+9.1,100.0,8.23,15.38,4.52,,0.5,0.25,0.25,0.0,pres+house+senate
2008,2000s,New Jersey,NJ,NJ-10,,False,0,3,,Essex County; Hudson County; Union County,3,115294,45324,1347,161965,71.78,28.22,53.72,13.54,D+13.5,100.0,18.06,,4.52,,0.667,0.0,0.333,0.0,pres+senate
2008,2000s,New Jersey,NJ,NJ-11,,False,1,4,Morris County,Essex County; Passaic County; Somerset County; Sussex County,5,204687,172148,4086,380921,54.32,45.68,53.72,-2.5,R+2.5,35.0,0.59,-15.72,4.52,,0.5,0.25,0.25,0.0,pres+house+senate
2008,2000s,New Jersey,NJ,NJ-12,,False,0,5,,Hunterdon County; Mercer County; Middlesex County; Monmouth County; Somerset County,5,237357,166482,5651,409490,58.78,41.22,53.72,6.4,D+6.4,100.0,5.05,10.97,4.52,,0.5,0.25,0.25,0.0,pres+house+senate
2008,2000s,New Jersey,NJ,NJ-13,,False,0,4,,Essex County; Hudson County; Middlesex County; Union County,4,121368,47486,1690,170543,71.88,28.12,53.72,16.37,D+16.4,100.0,18.15,24.65,4.52,,0.5,0.25,0.25,0.0,pres+house+senate
2008,2000s,New Mexico,NM,NM-01,,False,1,4,Torrance County,Bernalillo County; Sandoval County; Santa Fe County; Valencia County,5,120114,79938,2660,202713,60.04,39.96,53.72,4.67,D+4.7,96.6,6.32,2.43,8.66,-0.37,0.4,0.2,0.2,0.2,pres+house+senate+statewide
2008,2000s,New Mexico,NM,NM-02,,False,15,3,Catron County; Chaves County; Cibola County; De Baca County; Doña Ana County; Eddy County; Grant County; Guadalupe County; Hidalgo County; Lea County; Lincoln County; Luna County; Otero County; Sierra County; Socorro County,Bernalillo County; McKinley County; Valencia County,18,176688,158352,4670,339710,52.74,47.26,53.72,1.82,D+1.8,37.2,-0.99,2.76,8.66,-0.37,0.4,0.2,0.2,0.2,pres+house+senate+statewide
2008,2000s,New Mexico,NM,NM-03,,False,12,3,Colfax County; Curry County; Harding County; Los Alamos County; Mora County; Quay County; Rio Arriba County; Roosevelt County; San Juan County; San Miguel County; Taos County; Union County,McKinley County; Sandoval County; Santa Fe County,15,175620,108541,3574,287735,61.8,38.2,53.72,7.23,D+7.2,51.0,8.08,11.69,8.66,-0.37,0.4,0.2,0.2,0.2,pres+house+senate+statewide
2008,2000s,Nevada,NV,NV-01,,False,0,1,,Clark County,1,8377,5656,293,14326,59.7,40.3,53.72,9.76,D+9.8,100.0,5.97,17.34,,,0.667,0.333,0.0,0.0,pres+house
2008,2000s,Nevada,NV,NV-02,,False,16,1,Churchill County; Douglas County; Elko County; Esmeralda County; Eureka County; Humboldt County; Lander County; Lincoln County; Lyon County; Mineral County; Nye County; Pershing County; Storey County; Washoe County; White Pine County; Carson City,Clark County,17,301469,256009,13154,570633,54.08,45.92,53.72,-2.67,R+2.7,44.5,0.35,-8.72,,,0.667,0.333,0.0,0.0,pres+house
2008,2000s,Nevada,NV,NV-03,,False,0,1,,Clark County,1,223890,151162,7837,382889,59.7,40.3,53.72,3.89,D+3.9,100.0,5.97,-0.29,,,0.667,0.333,0.0,0.0,pres+house
2008,2000s,New York,NY,NY-01,,False,0,1,,Suffolk County,1,246396,218292,4415,469103,53.02,46.98,53.72,1.28,D+1.3,100.0,-0.7,5.24,,,0.667,0.333,0.0,0.0,pres+house
2008,2000s,New York,NY,NY-02,,False,0,2,,Nassau County; Suffolk County,2,101375,89106,1744,192225,53.22,46.78,53.72,4.26,D+4.3,100.0,-0.5,13.78,,,0.667,0.333,0.0,0.0,pres+house
2008,2000s,New York,NY,NY-03,,False,0,2,,Nassau County; Suffolk County,2,186172,157769,2601,346543,54.13,45.87,53.72,-5.41,R+5.4,100.0,0.41,-17.05,,,0.667,0.333,0.0,0.0,pres+house
2008,2000s,New York,NY,NY-04,,False,0,1,,Nassau County,1,107769,90949,1467,200185,54.23,45.77,53.72,4.27,D+4.3,100.0,0.51,11.8,,,0.667,0.333,0.0,0.0,pres+house
2008,2000s,New York,NY,NY-05,,False,0,2,,Nassau County; Queens County,2,164652,77666,1674,243992,67.95,32.05,53.72,15.79,D+15.8,100.0,14.22,18.92,,,0.667,0.333,0.0,0.0,pres+house
2008,2000s,New York,NY,NY-06,,False,0,1,,Queens County,1,172817,55805,1519,230140,75.59,24.41,53.72,21.87,D+21.9,100.0,21.87,,,,1.0,0.0,0.0,0.0,pres
2008,2000s,New York,NY,NY-07,,False,0,2,,Bronx County; Queens County,2,186885,29989,926,217800,86.17,13.83,53.72,32.15,D+32.1,100.0,32.45,31.55,,,0.667,0.333,0.0,0.0,pres+house
2008,2000s,New York,NY,NY-08,,False,0,2,,Kings County; New York County,2,229938,43207,2060,275205,84.18,15.82,53.72,29.42,D+29.4,100.0,30.46,27.35,,,0.667,0.333,0.0,0.0,pres+house
2008,2000s,New York,NY,NY-09,,False,0,2,,Kings County; Queens County,2,222727,63361,1788,287875,77.85,22.15,53.72,24.13,D+24.1,100.0,24.13,,,,1.0,0.0,0.0,0.0,pres
2008,2000s,New York,NY,NY-10,,False,0,1,,Kings County,1,149674,37664,1104,188442,79.9,20.1,53.72,31.13,D+31.1,100.0,26.17,41.05,,,0.667,0.333,0.0,0.0,pres+house
2008,2000s,New York,NY,NY-11,,False,0,1,,Kings County,1,102599,25818,757,129174,79.9,20.1,53.72,30.91,D+30.9,100.0,26.17,40.4,,,0.667,0.333,0.0,0.0,pres+house
2008,2000s,New York,NY,NY-12,,False,0,3,,Kings County; New York County; Queens County,3,157136,38354,1262,196753,80.38,19.62,53.72,30.05,D+30.1,100.0,26.66,36.85,,,0.667,0.333,0.0,0.0,pres+house
2008,2000s,New York,NY,NY-13,,False,1,1,Richmond County,Kings County,2,131818,99275,1592,232685,57.04,42.96,53.72,6.04,D+6.0,28.4,3.32,11.5,,,0.667,0.333,0.0,0.0,pres+house
2008,2000s,New York,NY,NY-14,,False,0,2,,New York County; Queens County,2,189733,34310,1820,225863,84.69,15.31,53.72,29.85,D+29.8,100.0,30.96,27.62,,,0.667,0.333,0.0,0.0,pres+house
2008,2000s,New York,NY,NY-15,,False,0,3,,New York County; Bronx County; Queens County,3,232726,36779,2228,271734,86.35,13.65,53.72,34.66,D+34.7,100.0,32.63,38.71,,,0.667,0.333,0.0,0.0,pres+house
2008,2000s,New York,NY,NY-16,,False,0,1,,Bronx County,1,94131,11599,383,106114,89.03,10.97,53.72,38.02,D+38.0,100.0,35.31,43.45,,,0.667,0.333,0.0,0.0,pres+house
2008,2000s,New York,NY,NY-17,,False,0,3,,Bronx County; Rockland County; Westchester County,3,134671,51014,977,186662,72.53,27.47,53.72,21.45,D+21.5,100.0,18.8,26.75,,,0.667,0.333,0.0,0.0,pres+house
2008,2000s,New York,NY,NY-18,,False,0,2,,Rockland County; Westchester County,2,128193,75821,1668,205682,62.84,37.16,53.72,11.19,D+11.2,100.0,9.11,15.35,,,0.667,0.333,0.0,0.0,pres+house
2008,2000s,New York,NY,NY-19,,False,1,4,Putnam County,Dutchess County; Orange County; Rockland County; Westchester County,5,261275,194591,4300,460165,57.31,42.69,53.72,4.24,D+4.2,89.7,3.59,5.55,,,0.667,0.333,0.0,0.0,pres+house
2008,2000s,New York,NY,NY-20,,False,5,5,Columbia County; Greene County; Saratoga County; Warren County; Washington County,Delaware County; Dutchess County; Essex County; Otsego County; Rensselaer County,10,209501,188632,6692,404825,52.62,47.38,53.72,2.25,D+2.2,44.9,-1.1,8.95,,,0.667,0.333,0.0,0.0,pres+house
2008,2000s,New York,NY,NY-21,,False,4,2,Albany County; Montgomery County; Schenectady County; Schoharie County,Fulton County; Rensselaer County,6,154765,105581,5184,265530,59.45,40.55,53.72,7.42,D+7.4,5.2,5.72,10.8,,,0.667,0.333,0.0,0.0,pres+house
2008,2000s,New York,NY,NY-22,,False,2,5,Sullivan County; Ulster County,Broome County; Delaware County; Orange County; Tioga County; Tompkins County,7,124644,93523,3526,221693,57.13,42.87,53.72,6.66,D+6.7,45.7,3.41,13.15,,,0.667,0.333,0.0,0.0,pres+house
2008,2000s,New York,NY,NY-23,,False,8,3,Clinton County; Franklin County; Hamilton County; Jefferson County; Lewis County; Madison County; Oswego County; St. Lawrence County,Essex County; Fulton County; Oneida County,11,150418,137025,5061,292505,52.33,47.67,53.72,-7.08,R+7.1,23.2,-1.39,-18.45,,,0.667,0.333,0.0,0.0,pres+house
2008,2000s,New York,NY,NY-24,,False,4,7,Chenango County; Cortland County; Herkimer County; Seneca County,Broome County; Cayuga County; Oneida County; Ontario County; Otsego County; Tioga County; Tompkins County,11,145419,129098,5064,279581,52.97,47.03,53.72,-0.88,R+0.9,69.7,-0.75,-1.15,,,0.667,0.333,0.0,0.0,pres+house
2008,2000s,New York,NY,NY-25,,False,2,2,Onondaga County; Wayne County,Cayuga County; Monroe County,4,174611,126668,5250,306529,57.96,42.04,53.72,3.89,D+3.9,15.4,4.23,3.21,,,0.667,0.333,0.0,0.0,pres+house
2008,2000s,New York,NY,NY-26,,False,3,4,Genesee County; Livingston County; Wyoming County,Erie County; Monroe County; Niagara County; Orleans County,7,188882,163673,5399,357955,53.58,46.42,53.72,-3.67,R+3.7,79.1,-0.15,-10.7,,,0.667,0.333,0.0,0.0,pres+house
2008,2000s,New York,NY,NY-27,,False,1,1,Chautauqua County,Erie County,2,217561,160045,6146,383752,57.62,42.38,53.72,10.44,D+10.4,84.7,3.89,23.55,,,0.667,0.333,0.0,0.0,pres+house
2008,2000s,New York,NY,NY-28,,False,0,4,,Erie County; Monroe County; Niagara County; Orleans County,4,75980,60577,2089,138646,55.64,44.36,53.72,9.56,D+9.6,100.0,1.92,24.85,,,0.667,0.333,0.0,0.0,pres+house
2008,2000s,New York,NY,NY-29,,False,6,2,Allegany County; Cattaraugus County; Chemung County; Schuyler County; Steuben County; Yates County,Monroe County; Ontario County,8,162474,156579,4547,323600,50.92,49.08,53.72,-2.58,R+2.6,53.5,-2.8,-2.15,,,0.667,0.333,0.0,0.0,pres+house
2008,2000s,Ohio,OH,OH-01,,False,0,2,,Butler County; Hamilton County,2,175089,165840,3784,344714,51.36,48.64,53.72,-1.8,R+1.8,100.0,-2.37,-0.68,,,0.667,0.333,0.0,0.0,pres+house
2008,2000s,Ohio,OH,OH-02,,False,4,3,Adams County; Brown County; Clermont County; Pike County,Hamilton County; Scioto County; Warren County,7,141852,189873,5058,336783,42.76,57.24,53.72,-9.84,R+9.8,58.5,-10.96,-7.61,,,0.667,0.333,0.0,0.0,pres+house
2008,2000s,Ohio,OH,OH-03,,False,2,2,Clinton County; Highland County,Montgomery County; Warren County,4,162949,179061,5489,347499,47.64,52.36,53.72,-9.54,R+9.5,88.9,-6.08,-16.47,,,0.667,0.333,0.0,0.0,pres+house
2008,2000s,Ohio,OH,OH-04,,False,10,1,Allen County; Auglaize County; Champaign County; Hancock County; Hardin County; Logan County; Marion County; Morrow County; Richland County; Shelby County,Wyandot County,11,114851,180220,6700,301771,38.92,61.08,53.72,-15.98,R+16.0,1.9,-14.8,-18.35,,,0.667,0.333,0.0,0.0,pres+house
2008,2000s,Ohio,OH,OH-05,,False,12,4,Crawford County; Defiance County; Fulton County; Henry County; Huron County; Paulding County; Putnam County; Sandusky County; Seneca County; Van Wert County; Williams County; Wood County,Ashland County; Lucas County; Mercer County; Wyandot County,16,170111,183445,7600,361155,48.11,51.89,53.72,-9.49,R+9.5,20.4,-5.61,-17.24,,,0.667,0.333,0.0,0.0,pres+house
2008,2000s,Ohio,OH,OH-06,,False,8,4,Columbiana County; Gallia County; Jefferson County; Lawrence County; Meigs County; Monroe County; Noble County; Washington County,Athens County; Belmont County; Mahoning County; Scioto County,12,174282,158804,8534,341620,52.32,47.68,53.72,3.37,D+3.4,47.6,-1.4,12.92,,,0.667,0.333,0.0,0.0,pres+house
2008,2000s,Ohio,OH,OH-07,,False,6,2,Clark County; Fairfield County; Fayette County; Greene County; Perry County; Pickaway County,Franklin County; Ross County,8,166194,187717,6481,360391,46.96,53.04,53.72,-8.3,R+8.3,24.0,-6.76,-11.36,,,0.667,0.333,0.0,0.0,pres+house
2008,2000s,Ohio,OH,OH-08,,False,3,3,Darke County; Miami County; Preble County,Butler County; Mercer County; Montgomery County,6,97594,158965,4704,261262,38.04,61.96,53.72,-17.47,R+17.5,61.8,-15.68,-21.05,,,0.667,0.333,0.0,0.0,pres+house
2008,2000s,Ohio,OH,OH-09,,False,2,2,Erie County; Ottawa County,Lorain County; Lucas County,4,203604,124830,5916,334350,61.99,38.01,53.72,12.59,D+12.6,80.7,8.27,21.24,,,0.667,0.333,0.0,0.0,pres+house
2008,2000s,Ohio,OH,OH-10,,False,0,1,,Cuyahoga County,1,195288,85149,3833,284269,69.64,30.36,53.72,12.66,D+12.7,100.0,15.91,6.15,,,0.667,0.333,0.0,0.0,pres+house
2008,2000s,Ohio,OH,OH-11,,False,0,1,,Cuyahoga County,1,134776,58765,2645,196186,69.64,30.36,53.72,21.32,D+21.3,100.0,15.91,32.13,,,0.667,0.333,0.0,0.0,pres+house
2008,2000s,Ohio,OH,OH-12,,False,1,2,Delaware County,Franklin County; Licking County,3,170997,156407,5068,332472,52.23,47.77,53.72,-4.2,R+4.2,72.2,-1.5,-9.62,,,0.667,0.333,0.0,0.0,pres+house
2008,2000s,Ohio,OH,OH-13,,False,0,4,,Cuyahoga County; Lorain County; Medina County; Summit County,4,189506,118102,4831,312439,61.61,38.39,53.72,9.06,D+9.1,100.0,7.88,11.4,,,0.667,0.333,0.0,0.0,pres+house
2008,2000s,Ohio,OH,OH-14,,False,3,4,Ashtabula County; Geauga County; Lake County,Cuyahoga County; Portage County; Summit County; Trumbull County,7,240133,185383,8044,433560,56.43,43.57,53.72,-2.61,R+2.6,49.7,2.71,-13.26,,,0.667,0.333,0.0,0.0,pres+house
2008,2000s,Ohio,OH,OH-15,,False,2,1,Madison County; Union County,Franklin County,3,186836,138327,5242,330405,57.46,42.54,53.72,1.58,D+1.6,87.1,3.74,-2.73,,,0.667,0.333,0.0,0.0,pres+house
2008,2000s,Ohio,OH,OH-16,,False,2,2,Stark County; Wayne County,Ashland County; Medina County,4,157349,164191,7185,328725,48.94,51.06,53.72,-2.45,R+2.5,26.9,-4.79,2.21,,,0.667,0.333,0.0,0.0,pres+house
2008,2000s,Ohio,OH,OH-17,,False,0,4,,Mahoning County; Portage County; Summit County; Trumbull County,4,127708,88198,5062,220968,59.15,40.85,53.72,11.96,D+12.0,100.0,5.43,25.02,,,0.667,0.333,0.0,0.0,pres+house
2008,2000s,Ohio,OH,OH-18,,False,12,4,Carroll County; Coshocton County; Guernsey County; Harrison County; Hocking County; Holmes County; Jackson County; Knox County; Morgan County; Muskingum County; Tuscarawas County; Vinton County,Athens County; Belmont County; Licking County; Ross County,16,130926,154543,7692,293161,45.86,54.14,53.72,-3.0,R+3.0,25.9,-7.86,6.72,,,0.667,0.333,0.0,0.0,pres+house
2008,2000s,Oklahoma,OK,OK-01,,False,3,2,Tulsa County; Wagoner County; Washington County,Creek County; Rogers County,5,113753,202635,0,316388,35.95,64.05,53.72,-16.67,R+16.7,2.8,-17.77,-19.33,-11.79,,0.5,0.25,0.25,0.0,pres+house+senate
2008,2000s,Oklahoma,OK,OK-02,,False,24,1,Adair County; Atoka County; Bryan County; Cherokee County; Choctaw County; Coal County; Craig County; Delaware County; Haskell County; Hughes County; Johnston County; Latimer County; Le Flore County; McCurtain County; McIntosh County; Mayes County; Muskogee County; Nowata County; Okfuskee County; Okmulgee County; Ottawa County; Pittsburg County; Pushmataha County; Sequoyah County,Rogers County,25,91960,176096,0,268056,34.31,65.69,53.72,-8.32,R+8.3,11.7,-19.42,17.35,-11.79,,0.5,0.25,0.25,0.0,pres+house+senate
2008,2000s,Oklahoma,OK,OK-03,,False,30,2,Alfalfa County; Beaver County; Beckham County; Blaine County; Caddo County; Cimarron County; Custer County; Dewey County; Ellis County; Garfield County; Grant County; Greer County; Harmon County; Harper County; Jackson County; Kay County; Kingfisher County; Kiowa County; Lincoln County; Logan County; Major County; Noble County; Osage County; Pawnee County; Payne County; Roger Mills County; Texas County; Washita County; Woods County; Woodward County,Canadian County; Creek County,32,81160,219746,0,300906,26.97,73.03,53.72,-23.3,R+23.3,23.5,-26.75,-27.88,-11.79,,0.5,0.25,0.25,0.0,pres+house+senate
2008,2000s,Oklahoma,OK,OK-04,,False,14,2,Carter County; Cleveland County; Comanche County; Cotton County; Garvin County; Grady County; Jefferson County; Love County; McClain County; Marshall County; Murray County; Pontotoc County; Stephens County; Tillman County,Canadian County; Oklahoma County,16,98672,189374,0,288046,34.26,65.74,53.72,-18.3,R+18.3,9.9,-19.47,-22.46,-11.79,,0.5,0.25,0.25,0.0,pres+house+senate
2008,2000s,Oklahoma,OK,OK-05,,False,2,1,Pottawatomie County; Seminole County,Oklahoma County,3,116951,172315,0,289266,40.43,59.57,53.72,-14.36,R+14.4,88.2,-13.29,-19.05,-11.79,,0.5,0.25,0.25,0.0,pres+house+senate
2008,2000s,Oregon,OR,OR-01,,False,4,1,Clatsop County; Columbia County; Washington County; Yamhill County,Multnomah County,5,197362,131118,9247,337726,60.08,39.92,53.72,3.94,D+3.9,4.2,6.36,,-0.89,,0.667,0.0,0.333,0.0,pres+senate
2008,2000s,Oregon,OR,OR-02,,False,19,1,Baker County; Crook County; Deschutes County; Gilliam County; Grant County; Harney County; Hood River County; Jackson County; Jefferson County; Klamath County; Lake County; Malheur County; Morrow County; Sherman County; Umatilla County; Union County; Wallowa County; Wasco County; Wheeler County,Josephine County,20,145217,179328,9656,334202,44.74,55.26,53.72,-11.24,R+11.2,1.2,-8.98,-26.12,-0.89,,0.5,0.25,0.25,0.0,pres+house+senate
2008,2000s,Oregon,OR,OR-03,,False,0,2,,Clackamas County; Multnomah County,2,296785,98042,10826,405653,75.17,24.83,53.72,16.75,D+16.7,100.0,21.44,25.0,-0.89,,0.5,0.25,0.25,0.0,pres+house+senate
2008,2000s,Oregon,OR,OR-04,,False,5,2,Coos County; Curry County; Douglas County; Lane County; Linn County,Benton County; Josephine County,7,217751,178819,12800,409370,54.91,45.09,53.72,0.49,D+0.5,19.1,1.18,,-0.89,,0.667,0.0,0.333,0.0,pres+senate
2008,2000s,Oregon,OR,OR-05,,False,4,3,Lincoln County; Marion County; Polk County; Tillamook County,Benton County; Clackamas County; Multnomah County,7,180176,151168,9569,340913,54.38,45.62,53.72,1.46,D+1.5,41.9,0.65,5.45,-0.89,,0.5,0.25,0.25,0.0,pres+house+senate
2008,2000s,Pennsylvania,PA,PA-01,,False,0,2,,Delaware County; Philadelphia County,2,201519,46793,1803,250114,81.16,18.84,53.72,30.82,D+30.8,100.0,27.43,37.61,,,0.667,0.333,0.0,0.0,pres+house
2008,2000s,Pennsylvania,PA,PA-02,,False,0,2,,Philadelphia County; Montgomery County,2,226534,46660,1865,275059,82.92,17.08,53.72,31.39,D+31.4,100.0,29.2,35.78,,,0.667,0.333,0.0,0.0,pres+house
2008,2000s,Pennsylvania,PA,PA-03,,False,1,6,Erie County,Armstrong County; Butler County; Crawford County; Mercer County; Venango County; Warren County,7,154932,159434,5816,320182,49.28,50.72,53.72,-3.6,R+3.6,59.9,-4.44,-1.91,,,0.667,0.333,0.0,0.0,pres+house
2008,2000s,Pennsylvania,PA,PA-04,,False,1,5,Lawrence County,Allegheny County; Beaver County; Butler County; Mercer County; Westmoreland County,6,216362,187308,6171,409841,53.6,46.4,53.72,0.82,D+0.8,89.7,-0.13,2.71,,,0.667,0.333,0.0,0.0,pres+house
2008,2000s,Pennsylvania,PA,PA-05,,False,9,8,Cameron County; Centre County; Clarion County; Clinton County; Elk County; Forest County; Jefferson County; McKean County; Potter County,Clearfield County; Crawford County; Juniata County; Lycoming County; Mifflin County; Tioga County; Venango County; Warren County,17,124740,153637,5507,283885,44.81,55.19,53.72,-9.67,R+9.7,40.0,-8.91,-11.17,,,0.667,0.333,0.0,0.0,pres+house
2008,2000s,Pennsylvania,PA,PA-06,,False,0,4,,Berks County; Chester County; Lehigh County; Montgomery County,4,165351,126832,3510,295694,56.59,43.41,53.72,0.16,D+0.2,100.0,2.87,-5.25,,,0.667,0.333,0.0,0.0,pres+house
2008,2000s,Pennsylvania,PA,PA-07,,False,0,3,,Chester County; Delaware County; Montgomery County,3,205958,135162,3790,344910,60.38,39.62,53.72,6.58,D+6.6,100.0,6.65,6.45,,,0.667,0.333,0.0,0.0,pres+house
2008,2000s,Pennsylvania,PA,PA-08,,False,1,1,Bucks County,Philadelphia County,2,210053,156350,4296,370699,57.33,42.67,53.72,3.92,D+3.9,10.1,3.6,4.54,,,0.667,0.333,0.0,0.0,pres+house
2008,2000s,Pennsylvania,PA,PA-09,,False,5,9,Bedford County; Blair County; Franklin County; Fulton County; Huntingdon County,Cambria County; Clearfield County; Cumberland County; Fayette County; Indiana County; Juniata County; Mifflin County; Perry County; Somerset County,14,142250,222424,6188,370862,39.01,60.99,53.72,-15.5,R+15.5,55.6,-14.72,-17.08,,,0.667,0.333,0.0,0.0,pres+house
2008,2000s,Pennsylvania,PA,PA-10,,False,10,4,Bradford County; Montour County; Northumberland County; Pike County; Snyder County; Sullivan County; Susquehanna County; Union County; Wayne County; Wyoming County,Lackawanna County; Luzerne County; Lycoming County; Tioga County,14,161734,166146,5574,333454,49.33,50.67,53.72,-1.87,R+1.9,44.8,-4.4,3.18,,,0.667,0.333,0.0,0.0,pres+house
2008,2000s,Pennsylvania,PA,PA-11,,False,3,2,Carbon County; Columbia County; Monroe County,Lackawanna County; Luzerne County,5,130941,107833,4076,242851,54.84,45.16,53.72,0.24,D+0.2,49.0,1.11,-1.52,,,0.667,0.333,0.0,0.0,pres+house
2008,2000s,Pennsylvania,PA,PA-12,,False,1,7,Greene County,Armstrong County; Cambria County; Fayette County; Indiana County; Somerset County; Washington County; Westmoreland County,8,98551,118164,4008,220723,45.48,54.52,53.72,-3.93,R+3.9,92.7,-8.25,4.7,,,0.667,0.333,0.0,0.0,pres+house
2008,2000s,Pennsylvania,PA,PA-13,,False,0,2,,Montgomery County; Philadelphia County,2,272931,106395,3004,382330,71.95,28.05,53.72,18.23,D+18.2,100.0,18.23,,,,1.0,0.0,0.0,0.0,pres
2008,2000s,Pennsylvania,PA,PA-14,,False,0,1,,Allegheny County,1,85735,62574,1962,150270,57.81,42.19,53.72,4.08,D+4.1,100.0,4.08,,,,1.0,0.0,0.0,0.0,pres
2008,2000s,Pennsylvania,PA,PA-15,,False,1,3,Northampton County,Berks County; Lehigh County; Montgomery County,4,209972,153872,4933,368776,57.71,42.29,53.72,-1.25,R+1.3,63.1,3.99,-11.72,,,0.667,0.333,0.0,0.0,pres+house
2008,2000s,Pennsylvania,PA,PA-16,,False,1,2,Lancaster County,Berks County; Chester County,3,159264,176107,4428,339800,47.49,52.51,53.72,-8.08,R+8.1,32.5,-6.24,-11.78,,,0.667,0.333,0.0,0.0,pres+house
2008,2000s,Pennsylvania,PA,PA-17,,False,3,2,Dauphin County; Lebanon County; Schuylkill County,Berks County; Perry County,5,176480,174760,5853,357093,50.24,49.76,53.72,1.19,D+1.2,29.4,-3.48,10.53,,,0.667,0.333,0.0,0.0,pres+house
2008,2000s,Pennsylvania,PA,PA-18,,False,0,4,,Allegheny County; Beaver County; Washington County; Westmoreland County,4,212150,192855,5752,410757,52.38,47.62,53.72,-6.63,R+6.6,100.0,-1.34,-17.22,,,0.667,0.333,0.0,0.0,pres+house
2008,2000s,Pennsylvania,PA,PA-19,,False,2,1,Adams County; York County,Cumberland County,3,120905,162579,4691,288175,42.65,57.35,53.72,-13.97,R+14.0,16.7,-11.07,-19.77,,,0.667,0.333,0.0,0.0,pres+house
2008,2000s,Rhode Island,RI,RI-01,,False,2,1,Bristol County; Newport County,Providence County,3,120506,63133,3723,187362,65.62,34.38,53.72,16.31,D+16.3,63.8,11.9,20.69,20.74,,0.5,0.25,0.25,0.0,pres+house+senate
2008,2000s,Rhode Island,RI,RI-02,,False,2,1,Kent County; Washington County,Providence County,3,176065,102258,6081,284404,63.26,36.74,53.72,14.21,D+14.2,47.2,9.54,17.01,20.74,,0.5,0.25,0.25,0.0,pres+house+senate
2008,2000s,South Carolina,SC,SC-01,,False,1,4,Horry County,Berkeley County; Charleston County; Dorchester County; Georgetown County,5,118784,140112,3038,261934,45.88,54.12,53.72,-7.79,R+7.8,60.0,-7.84,-5.16,-10.32,,0.5,0.25,0.25,0.0,pres+house+senate
2008,2000s,South Carolina,SC,SC-02,,False,6,4,Allendale County; Barnwell County; Beaufort County; Hampton County; Jasper County; Lexington County,Aiken County; Calhoun County; Orangeburg County; Richland County,10,156109,178070,3457,337637,46.71,53.29,53.72,-7.82,R+7.8,37.7,-7.01,-6.92,-10.32,,0.5,0.25,0.25,0.0,pres+house+senate
2008,2000s,South Carolina,SC,SC-03,,False,8,2,Abbeville County; Anderson County; Edgefield County; Greenwood County; McCormick County; Oconee County; Pickens County; Saluda County,Aiken County; Laurens County,10,97895,177916,3850,279662,35.49,64.51,53.72,-16.17,R+16.2,22.7,-18.23,-17.9,-10.32,,0.5,0.25,0.25,0.0,pres+house+senate
2008,2000s,South Carolina,SC,SC-04,,False,3,1,Greenville County; Spartanburg County; Union County,Laurens County,4,118994,189638,5248,313879,38.56,61.44,53.72,-13.94,R+13.9,0.4,-15.17,-15.1,-10.32,,0.5,0.25,0.25,0.0,pres+house+senate
2008,2000s,South Carolina,SC,SC-05,,False,11,3,Cherokee County; Chester County; Chesterfield County; Darlington County; Dillon County; Fairfield County; Kershaw County; Lancaster County; Marlboro County; Newberry County; York County,Florence County; Lee County; Sumter County,14,139728,162546,3572,305846,46.23,53.77,53.72,-4.0,R+4.0,7.3,-7.5,9.34,-10.32,,0.5,0.25,0.25,0.0,pres+house+senate
2008,2000s,South Carolina,SC,SC-06,,False,5,10,Bamberg County; Clarendon County; Colleton County; Marion County; Williamsburg County,Berkeley County; Calhoun County; Charleston County; Dorchester County; Florence County; Georgetown County; Lee County; Orangeburg County; Richland County; Sumter County,15,230939,186614,3782,421334,55.31,44.69,53.72,1.8,D+1.8,83.1,1.58,14.36,-10.32,,0.5,0.25,0.25,0.0,pres+house+senate
2008,2000s,South Dakota,SD,SD-AL,,True,0,0,,,66,170924,203054,7997,381975,45.7,54.3,53.72,2.05,D+2.0,0.0,-8.02,14.4,9.83,,0.5,0.25,0.25,0.0,pres+house+senate
2008,2000s,Tennessee,TN,TN-01,,False,10,2,Carter County; Cocke County; Greene County; Hamblen County; Hancock County; Hawkins County; Johnson County; Sullivan County; Unicoi County; Washington County,Jefferson County; Sevier County,12,76610,186130,3902,266642,29.16,70.84,53.72,-24.2,R+24.2,13.1,-24.57,-27.68,-19.97,,0.5,0.25,0.25,0.0,pres+house+senate
2008,2000s,Tennessee,TN,TN-02,,False,5,1,Blount County; Knox County; Loudon County; McMinn County; Monroe County,Sevier County,6,103086,191671,4534,299290,34.97,65.03,53.72,-22.18,R+22.2,1.3,-18.75,-31.26,-19.97,,0.5,0.25,0.25,0.0,pres+house+senate
2008,2000s,Tennessee,TN,TN-03,,False,9,2,Anderson County; Bradley County; Claiborne County; Grainger County; Hamilton County; Meigs County; Polk County; Rhea County; Union County,Jefferson County; Roane County,11,104491,176391,4149,285031,37.2,62.8,53.72,-19.47,R+19.5,7.4,-16.52,-24.85,-19.97,,0.5,0.25,0.25,0.0,pres+house+senate
2008,2000s,Tennessee,TN,TN-04,,False,21,3,Bledsoe County; Campbell County; Coffee County; Cumberland County; Fentress County; Franklin County; Giles County; Grundy County; Lawrence County; Lewis County; Lincoln County; Marion County; Maury County; Moore County; Morgan County; Pickett County; Scott County; Sequatchie County; Van Buren County; Warren County; White County,Hickman County; Roane County; Williamson County,24,94750,180266,4641,279657,34.45,65.55,53.72,-12.7,R+12.7,16.1,-19.27,7.72,-19.97,,0.5,0.25,0.25,0.0,pres+house+senate
2008,2000s,Tennessee,TN,TN-05,,False,0,3,,Cheatham County; Davidson County; Wilson County,3,161002,119257,4127,284386,57.45,42.55,53.72,0.58,D+0.6,100.0,3.72,14.85,-19.97,,0.5,0.25,0.25,0.0,pres+house+senate
2008,2000s,Tennessee,TN,TN-06,,False,14,1,Bedford County; Cannon County; Clay County; DeKalb County; Jackson County; Macon County; Marshall County; Overton County; Putnam County; Robertson County; Rutherford County; Smith County; Sumner County; Trousdale County,Wilson County,15,117461,203247,5224,325932,36.63,63.37,53.72,-18.06,R+18.1,8.7,-17.1,,-19.97,,0.667,0.0,0.333,0.0,pres+senate
2008,2000s,Tennessee,TN,TN-07,,False,9,6,Chester County; Decatur County; Fayette County; Hardeman County; Hardin County; Henderson County; McNairy County; Perry County; Wayne County,Cheatham County; Davidson County; Hickman County; Montgomery County; Shelby County; Williamson County,15,172230,185912,3768,361910,48.09,51.91,53.72,-13.25,R+13.2,77.5,-5.63,-21.75,-19.97,,0.5,0.25,0.25,0.0,pres+house+senate
2008,2000s,Tennessee,TN,TN-08,,False,17,2,Benton County; Carroll County; Crockett County; Dickson County; Dyer County; Gibson County; Haywood County; Henry County; Houston County; Humphreys County; Lake County; Lauderdale County; Madison County; Obion County; Stewart County; Tipton County; Weakley County,Montgomery County; Shelby County,19,147089,173466,3812,324368,45.89,54.11,53.72,-11.88,R+11.9,30.5,-7.84,,-19.97,,0.667,0.0,0.333,0.0,pres+senate
2008,2000s,Tennessee,TN,TN-09,,False,0,1,,Shelby County,1,110720,62838,1210,174768,63.79,36.21,53.72,0.06,D+0.1,100.0,10.07,,-19.97,,0.667,0.0,0.333,0.0,pres+senate
2008,2000s,Texas,TX,TX-01,,False,12,1,Angelina County; Gregg County; Harrison County; Marion County; Nacogdoches County; Panola County; Rusk County; Sabine County; San Augustine County; Shelby County; Smith County; Upshur County,Cass County,13,82065,184953,1913,268931,30.73,69.27,53.72,-18.26,R+18.3,0.7,-22.99,,-8.8,,0.667,0.0,0.333,0.0,pres+senate
2008,2000s,Texas,TX,TX-02,,False,1,2,Jefferson County,Harris County; Liberty County,3,182668,181642,2734,367044,50.14,49.86,53.72,-5.32,R+5.3,75.9,-3.58,,-8.8,,0.667,0.0,0.333,0.0,pres+senate
2008,2000s,Texas,TX,TX-03,,False,0,2,,Collin County; Dallas County,2,60068,66173,1362,127604,47.58,52.42,53.72,-8.83,R+8.8,100.0,-6.14,-14.25,-8.8,,0.5,0.25,0.25,0.0,pres+house+senate
2008,2000s,Texas,TX,TX-04,,False,14,2,Bowie County; Camp County; Delta County; Fannin County; Franklin County; Grayson County; Hopkins County; Hunt County; Lamar County; Morris County; Rains County; Red River County; Rockwall County; Titus County,Cass County; Collin County,16,154154,305915,5012,465081,33.51,66.49,53.72,-18.13,R+18.1,52.6,-20.22,-23.3,-8.8,,0.5,0.25,0.25,0.0,pres+house+senate
2008,2000s,Texas,TX,TX-05,,False,6,1,Anderson County; Cherokee County; Henderson County; Kaufman County; Van Zandt County; Wood County,Dallas County,7,110948,151883,2238,265070,42.21,57.79,53.72,-10.61,R+10.6,48.9,-11.51,,-8.8,,0.667,0.0,0.333,0.0,pres+senate
2008,2000s,Texas,TX,TX-06,,False,5,3,Ellis County; Freestone County; Houston County; Leon County; Navarro County,Limestone County; Tarrant County; Trinity County,8,101699,162298,2210,266208,38.52,61.48,53.72,-13.97,R+14.0,65.0,-15.2,-16.68,-8.8,,0.5,0.25,0.25,0.0,pres+house+senate
2008,2000s,Texas,TX,TX-07,,False,0,1,,Harris County,1,66323,64179,966,131468,50.82,49.18,53.72,-6.16,R+6.2,100.0,-2.9,-10.04,-8.8,,0.5,0.25,0.25,0.0,pres+house+senate
2008,2000s,Texas,TX,TX-08,,False,9,2,Hardin County; Jasper County; Montgomery County; Newton County; Orange County; Polk County; San Jacinto County; Tyler County; Walker County,Liberty County; Trinity County,11,75217,215329,2919,293464,25.89,74.11,53.72,-23.04,R+23.0,3.7,-27.84,-27.69,-8.8,,0.5,0.25,0.25,0.0,pres+house+senate
2008,2000s,Texas,TX,TX-09,,False,0,2,,Fort Bend County; Harris County,2,45593,44360,658,90612,50.69,49.31,53.72,-4.96,R+5.0,100.0,-3.04,,-8.8,,0.667,0.0,0.333,0.0,pres+senate
2008,2000s,Texas,TX,TX-10,,False,4,4,Austin County; Lee County; Waller County; Washington County,Bastrop County; Burleson County; Harris County; Travis County,8,230777,210700,5184,446661,52.27,47.73,53.72,-5.1,R+5.1,89.3,-1.45,-8.69,-8.8,,0.5,0.25,0.25,0.0,pres+house+senate
2008,2000s,Texas,TX,TX-11,,False,34,2,Andrews County; Brown County; Burnet County; Coke County; Coleman County; Comanche County; Concho County; Crane County; Dawson County; Ector County; Gillespie County; Glasscock County; Irion County; Kimble County; Lampasas County; Llano County; Loving County; McCulloch County; Martin County; Mason County; Menard County; Midland County; Mills County; Mitchell County; Reagan County; Runnels County; San Saba County; Schleicher County; Scurry County; Sterling County; Tom Green County; Upton County; Ward County; Winkler County,Nolan County; Sutton County,36,57381,183271,2507,243159,23.84,76.16,53.72,-22.85,R+22.9,0.7,-29.88,,-8.8,,0.667,0.0,0.333,0.0,pres+senate
2008,2000s,Texas,TX,TX-12,,False,2,1,Parker County; Wise County,Tarrant County,3,132072,201374,2908,336354,39.61,60.39,53.72,-14.75,R+14.8,79.6,-14.12,-21.99,-8.8,,0.5,0.25,0.25,0.0,pres+house+senate
2008,2000s,Texas,TX,TX-13,,False,42,2,Armstrong County; Baylor County; Briscoe County; Carson County; Childress County; Clay County; Collingsworth County; Cottle County; Crosby County; Dallam County; Dickens County; Donley County; Foard County; Gray County; Hall County; Hansford County; Hardeman County; Hartley County; Haskell County; Hemphill County; Hutchinson County; Jack County; Jones County; King County; Knox County; Lipscomb County; Montague County; Moore County; Motley County; Ochiltree County; Oldham County; Palo Pinto County; Potter County; Randall County; Roberts County; Sherman County; Stonewall County; Swisher County; Throckmorton County; Wheeler County; Wichita County; Wilbarger County,Archer County; Cooke County,44,54850,183713,2180,240743,22.99,77.01,53.72,-25.26,R+25.3,4.5,-30.73,-30.76,-8.8,,0.5,0.25,0.25,0.0,pres+house+senate
2008,2000s,Texas,TX,TX-14,,False,7,3,Aransas County; Calhoun County; Chambers County; Jackson County; Matagorda County; Victoria County; Wharton County,Brazoria County; Fort Bend County; Galveston County,10,118171,194359,2588,315118,37.81,62.19,53.72,-13.54,R+13.5,70.9,-15.91,,-8.8,,0.667,0.0,0.333,0.0,pres+senate
2008,2000s,Texas,TX,TX-15,,False,9,3,Bee County; Brooks County; DeWitt County; Duval County; Goliad County; Jim Wells County; Karnes County; Live Oak County; Refugio County,Cameron County; Hidalgo County; San Patricio County,12,109755,71035,1371,182160,60.71,39.29,53.72,4.82,D+4.8,73.2,6.98,14.13,-8.8,,0.5,0.25,0.25,0.0,pres+house+senate
2008,2000s,Texas,TX,TX-16,,False,0,1,,El Paso County,1,70040,35463,1048,106552,66.39,33.61,53.72,5.51,D+5.5,100.0,12.66,,-8.8,,0.667,0.0,0.333,0.0,pres+senate
2008,2000s,Texas,TX,TX-17,,False,9,3,Bosque County; Brazos County; Grimes County; Hill County; Hood County; Johnson County; McLennan County; Madison County; Somervell County,Burleson County; Limestone County; Robertson County,12,83220,174696,2496,260411,32.27,67.73,53.72,-12.77,R+12.8,4.8,-21.46,0.65,-8.8,,0.5,0.25,0.25,0.0,pres+house+senate
2008,2000s,Texas,TX,TX-18,,False,0,1,,Harris County,1,76389,73921,1113,151423,50.82,49.18,53.72,2.85,D+2.9,100.0,-2.9,26.02,-8.8,,0.5,0.25,0.25,0.0,pres+house+senate
2008,2000s,Texas,TX,TX-19,,False,25,2,Bailey County; Borden County; Callahan County; Castro County; Cochran County; Deaf Smith County; Eastland County; Fisher County; Floyd County; Gaines County; Garza County; Hale County; Hockley County; Howard County; Kent County; Lamb County; Lubbock County; Lynn County; Parmer County; Shackelford County; Stephens County; Taylor County; Terry County; Yoakum County; Young County,Archer County; Nolan County,27,66438,174663,1985,243085,27.56,72.44,53.72,-22.17,R+22.2,3.2,-26.17,-27.53,-8.8,,0.5,0.25,0.25,0.0,pres+house+senate
2008,2000s,Texas,TX,TX-20,,False,0,1,,Bexar County,1,40502,36202,836,77541,52.8,47.2,53.72,2.57,D+2.6,100.0,-0.92,20.91,-8.8,,0.5,0.25,0.25,0.0,pres+house+senate
2008,2000s,Texas,TX,TX-21,,False,6,2,Bandera County; Blanco County; Comal County; Kendall County; Kerr County; Real County,Bexar County; Travis County,8,173834,175217,5662,354714,49.8,50.2,53.72,-5.55,R+5.5,70.8,-3.92,,-8.8,,0.667,0.0,0.333,0.0,pres+senate
2008,2000s,Texas,TX,TX-22,,False,0,4,,Brazoria County; Fort Bend County; Galveston County; Harris County,4,137661,148172,2017,287849,48.16,51.84,53.72,-6.67,R+6.7,100.0,-5.56,-6.77,-8.8,,0.5,0.25,0.25,0.0,pres+house+senate
2008,2000s,Texas,TX,TX-23,,False,17,3,Brewster County; Crockett County; Culberson County; Dimmit County; Edwards County; Hudspeth County; Jeff Davis County; Kinney County; Maverick County; Medina County; Pecos County; Presidio County; Reeves County; Terrell County; Uvalde County; Val Verde County; Zavala County,Bexar County; El Paso County; Sutton County,20,249049,202213,4626,455888,55.19,44.81,53.72,-0.48,R+0.5,83.3,1.47,3.93,-8.8,,0.5,0.25,0.25,0.0,pres+house+senate
2008,2000s,Texas,TX,TX-24,,False,0,3,,Dallas County; Denton County; Tarrant County,3,128662,118275,2274,249211,52.1,47.9,53.72,-5.72,R+5.7,100.0,-1.62,-10.84,-8.8,,0.5,0.25,0.25,0.0,pres+house+senate
2008,2000s,Texas,TX,TX-25,,False,6,2,Caldwell County; Colorado County; Fayette County; Gonzales County; Hays County; Lavaca County,Bastrop County; Travis County,8,137794,115726,4879,258400,54.35,45.65,53.72,1.92,D+1.9,59.6,0.63,15.22,-8.8,,0.5,0.25,0.25,0.0,pres+house+senate
2008,2000s,Texas,TX,TX-26,,False,0,3,,Cooke County; Denton County; Tarrant County,3,135646,207392,3023,346061,39.54,60.46,53.72,-13.15,R+13.2,100.0,-14.18,-15.45,-8.8,,0.5,0.25,0.25,0.0,pres+house+senate
2008,2000s,Texas,TX,TX-27,,False,4,2,Kenedy County; Kleberg County; Nueces County; Willacy County,Cameron County; San Patricio County,6,100548,84706,1874,187129,54.28,45.72,53.72,-0.18,R+0.2,37.9,0.55,6.99,-8.8,,0.5,0.25,0.25,0.0,pres+house+senate
2008,2000s,Texas,TX,TX-28,,False,10,2,Atascosa County; Frio County; Guadalupe County; Jim Hogg County; La Salle County; McMullen County; Starr County; Webb County; Wilson County; Zapata County,Bexar County; Hidalgo County,12,116480,95951,1730,214161,54.83,45.17,53.72,2.61,D+2.6,33.9,1.11,17.01,-8.8,,0.5,0.25,0.25,0.0,pres+house+senate
2008,2000s,Texas,TX,TX-29,,False,0,1,,Harris County,1,81127,78505,1182,160813,50.82,49.18,53.72,2.0,D+2.0,100.0,-2.9,22.6,-8.8,,0.5,0.25,0.25,0.0,pres+house+senate
2008,2000s,Texas,TX,TX-30,,False,0,1,,Dallas County,1,149516,109577,2504,261597,57.71,42.29,53.72,7.47,D+7.5,100.0,3.98,30.72,-8.8,,0.5,0.25,0.25,0.0,pres+house+senate
2008,2000s,Texas,TX,TX-31,,False,7,1,Bell County; Coryell County; Erath County; Falls County; Hamilton County; Milam County; Williamson County,Robertson County,8,124589,172206,4566,301362,41.98,58.02,53.72,-11.92,R+11.9,0.5,-11.75,-15.38,-8.8,,0.5,0.25,0.25,0.0,pres+house+senate
2008,2000s,Texas,TX,TX-32,,False,0,1,,Dallas County,1,75397,55257,1263,131917,57.71,42.29,53.72,-3.13,R+3.1,100.0,3.98,-11.68,-8.8,,0.5,0.25,0.25,0.0,pres+house+senate
2008,2000s,Utah,UT,UT-01,,False,8,2,Box Elder County; Cache County; Davis County; Morgan County; Rich County; Summit County; Tooele County; Weber County,Juab County; Salt Lake County,10,124934,229997,13178,368109,35.2,64.8,53.72,-23.07,R+23.1,22.4,-18.52,-21.2,,-34.01,0.5,0.25,0.0,0.25,pres+house+statewide
2008,2000s,Utah,UT,UT-02,,False,14,2,Carbon County; Daggett County; Duchesne County; Emery County; Garfield County; Grand County; Iron County; Kane County; Piute County; San Juan County; Uintah County; Wasatch County; Washington County; Wayne County,Salt Lake County; Utah County,16,110037,172038,10924,292999,39.01,60.99,53.72,-12.95,R+13.0,58.8,-14.71,11.63,,-34.01,0.5,0.25,0.0,0.25,pres+house+statewide
2008,2000s,Utah,UT,UT-03,,False,4,3,Beaver County; Millard County; Sanpete County; Sevier County,Juab County; Salt Lake County; Utah County,7,92699,193994,11194,297888,32.33,67.67,53.72,-24.96,R+25.0,91.9,-21.39,-23.03,,-34.01,0.5,0.25,0.0,0.25,pres+house+statewide
2008,2000s,Virginia,VA,VA-01,,False,17,6,Essex County; Gloucester County; James City County; King and Queen County; King George County; King William County; Lancaster County; Mathews County; Middlesex County; Northumberland County; Richmond County; Stafford County; Westmoreland County; York County; Fredericksburg City; Poquoson City; Williamsburg City,Caroline County; Fauquier County; Prince William County; Spotsylvania County; Hampton City; Newport News City,23,182584,186053,3593,372230,49.53,50.47,53.72,-1.47,R+1.5,36.5,-4.19,-10.69,13.18,,0.5,0.25,0.25,0.0,pres+house+senate
2008,2000s,Virginia,VA,VA-02,,False,3,2,Accomack County; Northampton County; Virginia Beach City,Hampton City; Norfolk City,5,163579,132662,2969,299210,55.22,44.78,53.72,3.87,D+3.9,25.3,1.49,-0.68,13.18,,0.5,0.25,0.25,0.0,pres+house+senate
2008,2000s,Virginia,VA,VA-03,,False,3,7,Charles City County; New Kent County; Surry County,Henrico County; Prince George County; Hampton City; Newport News City; Norfolk City; Portsmouth City; Richmond City,10,219672,115274,2820,337766,65.58,34.42,53.72,12.3,D+12.3,94.5,11.86,,13.18,,0.667,0.0,0.333,0.0,pres+senate
2008,2000s,Virginia,VA,VA-04,,False,15,4,Amelia County; Dinwiddie County; Greensville County; Isle of Wight County; Nottoway County; Powhatan County; Southampton County; Sussex County; Chesapeake City; Colonial Heights City; Emporia City; Franklin City; Hopewell City; Petersburg City; Suffolk City,Brunswick County; Chesterfield County; Prince George County; Portsmouth City,19,192994,189999,3352,386344,50.39,49.61,53.72,-1.58,R+1.6,30.5,-3.33,-12.83,13.18,,0.5,0.25,0.25,0.0,pres+house+senate
2008,2000s,Virginia,VA,VA-05,,False,19,4,Albemarle County; Appomattox County; Buckingham County; Campbell County; Charlotte County; Cumberland County; Fluvanna County; Franklin County; Greene County; Halifax County; Lunenburg County; Mecklenburg County; Nelson County; Pittsylvania County; Prince Edward County; Bedford City; Charlottesville City; Danville City; Martinsville City,Bedford County; Brunswick County; Henry County; Lynchburg City,23,158280,167901,3659,329840,48.53,51.47,53.72,-0.06,R+0.1,13.8,-5.2,-3.04,13.18,,0.5,0.25,0.25,0.0,pres+house+senate
2008,2000s,Virginia,VA,VA-06,,False,15,5,Amherst County; Augusta County; Bath County; Botetourt County; Highland County; Rockbridge County; Rockingham County; Shenandoah County; Buena Vista City; Harrisonburg City; Lexington City; Roanoke City; Salem City; Staunton City; Waynesboro City,Alleghany County; Bedford County; Roanoke County; Covington City; Lynchburg City,20,127294,169784,3686,300763,42.85,57.15,53.72,-6.11,R+6.1,25.3,-10.88,-15.86,13.18,,0.5,0.25,0.25,0.0,pres+house+senate
2008,2000s,Virginia,VA,VA-07,,False,8,5,Culpeper County; Goochland County; Hanover County; Louisa County; Madison County; Orange County; Page County; Rappahannock County,Caroline County; Chesterfield County; Henrico County; Spotsylvania County; Richmond City,13,157978,166801,3072,327850,48.64,51.36,53.72,-3.24,R+3.2,56.9,-5.08,-15.98,13.18,,0.5,0.25,0.25,0.0,pres+house+senate
2008,2000s,Virginia,VA,VA-08,,False,3,1,Arlington County; Alexandria City; Falls Church City,Fairfax County,4,197165,91829,3073,292067,68.22,31.78,53.72,14.65,D+14.7,35.9,14.5,16.43,13.18,,0.5,0.25,0.25,0.0,pres+house+senate
2008,2000s,Virginia,VA,VA-09,,False,23,4,Bland County; Buchanan County; Carroll County; Craig County; Dickenson County; Floyd County; Giles County; Grayson County; Lee County; Montgomery County; Patrick County; Pulaski County; Russell County; Scott County; Smyth County; Tazewell County; Washington County; Wise County; Wythe County; Bristol City; Galax City; Norton City; Radford City,Alleghany County; Henry County; Roanoke County; Covington City,27,113806,170054,4739,288599,40.09,59.91,53.72,-4.69,R+4.7,14.0,-13.63,,13.18,,0.667,0.0,0.333,0.0,pres+senate
2008,2000s,Virginia,VA,VA-10,,False,6,4,Clarke County; Frederick County; Loudoun County; Warren County; Manassas Park City; Winchester City,Fairfax County; Fauquier County; Prince William County; Manassas City,10,232969,192183,4412,429564,54.8,45.2,53.72,0.48,D+0.5,50.9,1.07,-13.4,13.18,,0.5,0.25,0.25,0.0,pres+house+senate
2008,2000s,Virginia,VA,VA-11,,False,1,3,Fairfax City,Fairfax County; Prince William County; Manassas City,4,213210,142466,3350,359026,59.95,40.05,53.72,7.11,D+7.1,96.8,6.22,2.83,13.18,,0.5,0.25,0.25,0.0,pres+house+senate
2008,2000s,Vermont,VT,VT-AL,,True,0,0,,,14,219262,98974,6810,325046,68.9,31.1,53.72,1.69,D+1.7,0.0,15.18,,,-25.28,0.667,0.0,0.0,0.333,pres+statewide
2008,2000s,Washington,WA,WA-01,,False,0,3,,King County; Kitsap County; Snohomish County,3,75536,47921,2300,125757,61.18,38.82,53.72,7.39,D+7.4,100.0,7.46,14.61,,0.04,0.5,0.25,0.0,0.25,pres+house+statewide
2008,2000s,Washington,WA,WA-02,,False,4,2,Island County; San Juan County; Skagit County; Whatcom County,King County; Snohomish County,6,406261,251252,12291,669804,61.79,38.21,53.72,6.35,D+6.4,68.8,8.06,9.24,,0.04,0.5,0.25,0.0,0.25,pres+house+statewide
2008,2000s,Washington,WA,WA-03,,False,5,2,Clark County; Cowlitz County; Lewis County; Pacific County; Wahkiakum County,Skamania County; Thurston County,7,203328,170252,7516,381096,54.43,45.57,53.72,3.08,D+3.1,27.6,0.7,10.86,,0.04,0.5,0.25,0.0,0.25,pres+house+statewide
2008,2000s,Washington,WA,WA-04,,False,8,2,Benton County; Chelan County; Douglas County; Franklin County; Grant County; Kittitas County; Klickitat County; Yakima County,Adams County; Skamania County,10,109925,157958,5055,272938,41.03,58.97,53.72,-10.39,R+10.4,0.2,-12.69,-16.24,,0.04,0.5,0.25,0.0,0.25,pres+house+statewide
2008,2000s,Washington,WA,WA-05,,False,11,1,Asotin County; Columbia County; Ferry County; Garfield County; Lincoln County; Okanogan County; Pend Oreille County; Spokane County; Stevens County; Walla Walla County; Whitman County,Adams County,12,153765,172884,8323,334972,47.07,52.93,53.72,-7.92,R+7.9,1.4,-6.65,-18.43,,0.04,0.5,0.25,0.0,0.25,pres+house+statewide
2008,2000s,Washington,WA,WA-06,,False,4,2,Clallam County; Grays Harbor County; Jefferson County; Mason County,Kitsap County; Pierce County,6,113543,87660,4341,205544,56.43,43.57,53.72,4.79,D+4.8,43.6,2.71,13.71,,0.04,0.5,0.25,0.0,0.25,pres+house+statewide
2008,2000s,Washington,WA,WA-07,,False,0,1,,King County,1,42955,17210,933,61099,71.4,28.6,53.72,16.47,D+16.5,100.0,17.67,30.5,,0.04,0.5,0.25,0.0,0.25,pres+house+statewide
2008,2000s,Washington,WA,WA-08,,False,0,2,,King County; Pierce County,2,557863,271094,13555,842512,67.3,32.7,53.72,5.31,D+5.3,100.0,13.57,-5.94,,0.04,0.5,0.25,0.0,0.25,pres+house+statewide
2008,2000s,Washington,WA,WA-09,,False,0,3,,King County; Pierce County; Thurston County,3,87672,52985,2500,143156,62.33,37.67,53.72,7.39,D+7.4,100.0,8.61,12.29,,0.04,0.5,0.25,0.0,0.25,pres+house+statewide
2008,2000s,Wisconsin,WI,WI-01,,False,3,3,Kenosha County; Racine County; Walworth County,Milwaukee County; Rock County; Waukesha County,6,277483,204975,6599,489057,57.51,42.49,53.72,-3.47,R+3.5,53.0,3.79,-18.0,,,0.667,0.333,0.0,0.0,pres+house
2008,2000s,Wisconsin,WI,WI-02,,False,3,3,Columbia County; Dane County; Green County,Jefferson County; Rock County; Sauk County,6,281205,123252,5838,410295,69.53,30.47,53.72,15.95,D+15.9,19.4,15.8,16.24,,,0.667,0.333,0.0,0.0,pres+house
2008,2000s,Wisconsin,WI,WI-03,,False,17,2,Buffalo County; Crawford County; Dunn County; Eau Claire County; Grant County; Iowa County; Jackson County; Juneau County; La Crosse County; Lafayette County; Monroe County; Pepin County; Pierce County; Richland County; St. Croix County; Trempealeau County; Vernon County,Clark County; Sauk County,19,219477,154301,6351,380129,58.72,41.28,53.72,7.19,D+7.2,8.8,4.99,11.57,,,0.667,0.333,0.0,0.0,pres+house
2008,2000s,Wisconsin,WI,WI-04,,False,0,1,,Milwaukee County,1,147756,69044,2739,219539,68.15,31.85,53.72,14.43,D+14.4,100.0,14.43,,,,1.0,0.0,0.0,0.0,pres
2008,2000s,Wisconsin,WI,WI-05,,False,2,3,Ozaukee County; Washington County,Jefferson County; Milwaukee County; Waukesha County,5,175926,220384,4643,400953,44.39,55.61,53.72,-9.33,R+9.3,68.1,-9.33,,,,1.0,0.0,0.0,0.0,pres
2008,2000s,Wisconsin,WI,WI-06,,False,10,1,Adams County; Calumet County; Dodge County; Fond du Lac County; Green Lake County; Manitowoc County; Marquette County; Sheboygan County; Waushara County; Winnebago County,Jefferson County,11,179958,173904,5784,359646,50.86,49.14,53.72,-7.55,R+7.6,1.8,-2.87,-16.92,,,0.667,0.333,0.0,0.0,pres+house
2008,2000s,Wisconsin,WI,WI-07,,False,17,3,Ashland County; Barron County; Bayfield County; Burnett County; Chippewa County; Douglas County; Iron County; Lincoln County; Marathon County; Polk County; Portage County; Price County; Rusk County; Sawyer County; Taylor County; Washburn County; Wood County,Clark County; Langlade County; Oneida County,20,197325,150859,6432,354617,56.67,43.33,53.72,4.53,D+4.5,5.6,2.95,7.68,,,0.667,0.333,0.0,0.0,pres+house
2008,2000s,Wisconsin,WI,WI-08,,False,12,2,Brown County; Door County; Florence County; Forest County; Kewaunee County; Marinette County; Menominee County; Oconto County; Outagamie County; Shawano County; Vilas County; Waupaca County,Langlade County; Oneida County,14,198081,165675,5426,369182,54.45,45.55,53.72,0.79,D+0.8,4.4,0.73,0.9,,,0.667,0.333,0.0,0.0,pres+house
2008,2000s,West Virginia,WV,WV-01,,False,20,0,Barbour County; Brooke County; Doddridge County; Gilmer County; Grant County; Hancock County; Harrison County; Marion County; Marshall County; Mineral County; Monongalia County; Ohio County; Pleasants County; Preston County; Ritchie County; Taylor County; Tucker County; Tyler County; Wetzel County; Wood County,,20,102826,140421,4942,248189,42.27,57.73,53.72,0.11,D+0.1,0.0,-11.45,,11.07,12.29,0.5,0.0,0.25,0.25,pres+senate+statewide
2008,2000s,West Virginia,WV,WV-02,,False,18,0,Berkeley County; Braxton County; Calhoun County; Clay County; Hampshire County; Hardy County; Jackson County; Jefferson County; Kanawha County; Lewis County; Mason County; Morgan County; Pendleton County; Putnam County; Randolph County; Roane County; Upshur County; Wirt County,,18,113853,142112,4555,260520,44.48,55.52,53.72,-1.07,R+1.1,0.0,-9.24,-10.22,11.07,12.29,0.4,0.2,0.2,0.2,pres+house+senate+statewide
2008,2000s,West Virginia,WV,WV-03,,False,17,0,Boone County; Cabell County; Fayette County; Greenbrier County; Lincoln County; Logan County; McDowell County; Mercer County; Mingo County; Monroe County; Nicholas County; Pocahontas County; Raleigh County; Summers County; Wayne County; Webster County; Wyoming County,,17,87178,114933,4303,206414,43.13,56.87,53.72,3.19,D+3.2,0.0,-10.59,13.77,11.07,12.29,0.4,0.2,0.2,0.2,pres+house+senate+statewide
2008,2000s,Wyoming,WY,WY-AL,,True,0,0,,,23,82868,164958,6832,254658,33.44,66.56,53.72,-19.03,R+19.0,0.0,-20.29,-8.3,-27.25,,0.5,0.25,0.25,0.0,pres+house+senate
2012,2000s,Alaska,AK,AK-AL,,True,0,0,,,0,0,0,0,0,,,51.99,-17.09,R+17.1,,,-20.1,,-14.09,0.0,0.5,0.0,0.5,house+statewide
2012,2000s,Alabama,AL,AL-01,,False,5,1,Baldwin County; Escambia County; Mobile County; Monroe County; Washington County,Clarke County,6,112805,184342,2788,299935,37.96,62.04,51.99,-14.02,R+14.0,1.6,-14.02,,,,1.0,0.0,0.0,0.0,pres
2012,2000s,Alabama,AL,AL-02,,False,15,1,Autauga County; Barbour County; Bullock County; Butler County; Coffee County; Conecuh County; Covington County; Crenshaw County; Dale County; Elmore County; Geneva County; Henry County; Houston County; Lowndes County; Pike County,Montgomery County,16,90778,164829,2112,257719,35.51,64.49,51.99,-15.87,R+15.9,8.1,-16.47,-14.67,,,0.667,0.333,0.0,0.0,pres+house
2012,2000s,Alabama,AL,AL-03,,False,11,2,Calhoun County; Chambers County; Cherokee County; Clay County; Cleburne County; Lee County; Macon County; Randolph County; Russell County; Talladega County; Tallapoosa County,Coosa County; Montgomery County,13,142955,168418,3156,314529,45.91,54.09,51.99,-9.09,R+9.1,26.8,-6.07,-15.12,,,0.667,0.333,0.0,0.0,pres+house
2012,2000s,Alabama,AL,AL-04,,False,11,3,Blount County; Cullman County; DeKalb County; Etowah County; Fayette County; Franklin County; Lamar County; Marion County; Marshall County; Walker County; Winston County,Morgan County; Pickens County; St. Clair County,14,64062,220270,4016,288348,22.53,77.47,51.99,-28.0,R+28.0,18.7,-29.45,-25.08,,,0.667,0.333,0.0,0.0,pres+house
2012,2000s,Alabama,AL,AL-05,,False,6,1,Colbert County; Jackson County; Lauderdale County; Lawrence County; Limestone County; Madison County,Morgan County,7,106280,182258,4560,293099,36.83,63.17,51.99,-15.43,R+15.4,2.3,-15.15,-15.99,,,0.667,0.333,0.0,0.0,pres+house
2012,2000s,Alabama,AL,AL-06,,False,3,4,Bibb County; Chilton County; Shelby County,Coosa County; Jefferson County; St. Clair County; Tuscaloosa County,7,173572,253248,4716,431535,40.67,59.33,51.99,-14.98,R+15.0,72.5,-11.32,-22.31,,,0.667,0.333,0.0,0.0,pres+house
2012,2000s,Alabama,AL,AL-07,,False,8,4,Choctaw County; Dallas County; Greene County; Hale County; Marengo County; Perry County; Sumter County; Wilcox County,Clarke County; Jefferson County; Pickens County; Tuscaloosa County,12,105244,82560,1369,189173,56.04,43.96,51.99,11.0,D+11.0,60.8,4.05,24.89,,,0.667,0.333,0.0,0.0,pres+house
2012,2000s,Arkansas,AR,AR-01,,False,26,0,Arkansas County; Baxter County; Clay County; Cleburne County; Craighead County; Crittenden County; Cross County; Fulton County; Greene County; Independence County; Izard County; Jackson County; Lawrence County; Lee County; Lonoke County; Mississippi County; Monroe County; Phillips County; Poinsett County; Prairie County; Randolph County; St. Francis County; Searcy County; Sharp County; Stone County; Woodruff County,,26,85230,148816,6594,240640,36.42,63.58,51.99,-13.7,R+13.7,0.0,-15.57,-9.98,,,0.667,0.333,0.0,0.0,pres+house
2012,2000s,Arkansas,AR,AR-02,,False,8,0,Conway County; Faulkner County; Perry County; Pulaski County; Saline County; Van Buren County; White County; Yell County,,8,127249,164182,7058,298489,43.66,56.34,51.99,-8.65,R+8.7,0.0,-8.32,-9.31,,,0.667,0.333,0.0,0.0,pres+house
2012,2000s,Arkansas,AR,AR-03,,False,12,0,Benton County; Boone County; Carroll County; Crawford County; Franklin County; Johnson County; Madison County; Marion County; Newton County; Pope County; Sebastian County; Washington County,,12,91093,191935,8573,291601,32.19,67.81,51.99,-19.8,R+19.8,0.0,-19.8,,,,1.0,0.0,0.0,0.0,pres
2012,2000s,Arkansas,AR,AR-04,,False,29,0,Ashley County; Bradley County; Calhoun County; Chicot County; Clark County; Cleveland County; Columbia County; Dallas County; Desha County; Drew County; Garland County; Grant County; Hempstead County; Hot Spring County; Howard County; Jefferson County; Lafayette County; Lincoln County; Little River County; Logan County; Miller County; Montgomery County; Nevada County; Ouachita County; Pike County; Polk County; Scott County; Sevier County; Union County,,29,90837,142811,5090,238738,38.88,61.12,51.99,-13.03,R+13.0,0.0,-13.11,-12.88,,,0.667,0.333,0.0,0.0,pres+house
2012,2000s,Arizona,AZ,AZ-01,,False,5,3,Apache County; Gila County; Graham County; Greenlee County; Yavapai County,Coconino County; Navajo County; Pinal County,8,133506,173353,6938,313797,43.51,56.49,51.99,-5.9,R+5.9,48.0,-8.48,0.93,-7.73,-5.76,0.4,0.2,0.2,0.2,pres+house+senate+statewide
2012,2000s,Arizona,AZ,AZ-02,,False,1,4,Mohave County,Coconino County; La Paz County; Maricopa County; Navajo County,5,182427,249828,9399,441655,42.2,57.8,51.99,-6.73,R+6.7,84.1,-9.78,-0.59,-7.73,-5.76,0.4,0.2,0.2,0.2,pres+house+senate+statewide
2012,2000s,Arizona,AZ,AZ-03,,False,0,1,,Maricopa County,1,39149,48743,1871,89762,44.54,55.46,51.99,-3.77,R+3.8,100.0,-7.44,9.51,-7.73,-5.76,0.4,0.2,0.2,0.2,pres+house+senate+statewide
2012,2000s,Arizona,AZ,AZ-04,,False,0,1,,Maricopa County,1,13250,16497,633,30381,44.54,55.46,51.99,-9.92,R+9.9,100.0,-7.44,-21.21,-7.73,-5.76,0.4,0.2,0.2,0.2,pres+house+senate+statewide
2012,2000s,Arizona,AZ,AZ-05,,False,0,1,,Maricopa County,1,92752,115482,4433,212668,44.54,55.46,51.99,-9.32,R+9.3,100.0,-7.44,-18.2,-7.73,-5.76,0.4,0.2,0.2,0.2,pres+house+senate+statewide
2012,2000s,Arizona,AZ,AZ-06,,False,0,2,,Maricopa County; Pinal County,2,23913,30310,1157,55380,44.1,55.9,51.99,-9.01,R+9.0,100.0,-7.88,-15.8,-7.73,-5.76,0.4,0.2,0.2,0.2,pres+house+senate+statewide
2012,2000s,Arizona,AZ,AZ-07,,False,1,5,Yuma County,La Paz County; Maricopa County; Pima County; Pinal County; Santa Cruz County,6,470964,528273,20370,1019607,47.13,52.87,51.99,-5.8,R+5.8,95.9,-4.85,,-7.73,-5.76,0.5,0.0,0.25,0.25,pres+senate+statewide
2012,2000s,Arizona,AZ,AZ-08,,False,1,2,Cochise County,Pima County; Santa Cruz County,3,69270,71167,2871,143309,49.32,50.68,51.99,-6.84,R+6.8,65.7,-2.66,-15.39,-7.73,-5.76,0.4,0.2,0.2,0.2,pres+house+senate+statewide
2012,2000s,California,CA,CA-01,,False,5,2,Del Norte County; Humboldt County; Lake County; Mendocino County; Napa County,Sonoma County; Yolo County,7,177751,88358,12690,278799,66.8,33.2,51.99,6.9,D+6.9,34.9,14.81,-8.4,6.38,,0.5,0.25,0.25,0.0,pres+house+senate
2012,2000s,California,CA,CA-02,,False,8,2,Colusa County; Glenn County; Shasta County; Siskiyou County; Sutter County; Tehama County; Trinity County; Yuba County,Butte County; Yolo County,10,130663,162341,10293,303298,44.59,55.41,51.99,2.96,D+3.0,37.1,-7.39,20.23,6.38,,0.5,0.25,0.25,0.0,pres+house+senate
2012,2000s,California,CA,CA-03,,False,3,2,Alpine County; Amador County; Calaveras County,Sacramento County; Solano County,5,277756,194615,13020,485391,58.8,41.2,51.99,5.81,D+5.8,91.7,6.82,3.22,6.38,,0.5,0.25,0.25,0.0,pres+house+senate
2012,2000s,California,CA,CA-04,,False,7,1,El Dorado County; Lassen County; Modoc County; Nevada County; Placer County; Plumas County; Sierra County,Butte County,8,145261,202916,10888,359065,41.72,58.28,51.99,-6.57,R+6.6,5.8,-10.26,-12.12,6.38,,0.5,0.25,0.25,0.0,pres+house+senate
2012,2000s,California,CA,CA-05,,False,0,1,,Sacramento County,1,46419,31283,2130,79832,59.74,40.26,51.99,11.34,D+11.3,100.0,7.75,23.46,6.38,,0.5,0.25,0.25,0.0,pres+house+senate
2012,2000s,California,CA,CA-06,,False,1,2,Marin County,San Francisco County; Sonoma County,3,215045,70351,9490,294885,75.35,24.65,51.99,19.29,D+19.3,54.4,23.36,24.04,6.38,,0.5,0.25,0.25,0.0,pres+house+senate
2012,2000s,California,CA,CA-07,,False,0,2,,Contra Costa County; Solano County,2,83267,40606,3104,126977,67.22,32.78,51.99,9.38,D+9.4,100.0,15.23,0.67,6.38,,0.5,0.25,0.25,0.0,pres+house+senate
2012,2000s,California,CA,CA-08,,False,0,1,,San Francisco County,1,220861,34460,9084,264405,86.5,13.5,51.99,25.14,D+25.1,100.0,34.52,,6.38,,0.667,0.0,0.333,0.0,pres+senate
2012,2000s,California,CA,CA-09,,False,0,1,,Alameda County,1,84073,19365,3182,106620,81.28,18.72,51.99,17.38,D+17.4,100.0,29.29,4.54,6.38,,0.5,0.25,0.25,0.0,pres+house+senate
2012,2000s,California,CA,CA-10,,False,0,4,,Alameda County; Contra Costa County; Sacramento County; Solano County,4,337341,146097,12870,496308,69.78,30.22,51.99,9.42,D+9.4,100.0,17.79,-4.3,6.38,,0.5,0.25,0.25,0.0,pres+house+senate
2012,2000s,California,CA,CA-11,,False,0,4,,Alameda County; Contra Costa County; San Joaquin County; Santa Clara County,4,529722,222485,20380,772587,70.42,29.58,51.99,15.49,D+15.5,100.0,18.44,18.72,6.38,,0.5,0.25,0.25,0.0,pres+house+senate
2012,2000s,California,CA,CA-12,,False,0,2,,San Francisco County; San Mateo County,2,121543,28464,4625,154632,81.02,18.98,51.99,24.63,D+24.6,100.0,29.04,34.07,6.38,,0.5,0.25,0.25,0.0,pres+house+senate
2012,2000s,California,CA,CA-13,,False,0,1,,Alameda County,1,139496,32130,5279,176906,81.28,18.72,51.99,21.66,D+21.7,100.0,29.29,,6.38,,0.667,0.0,0.333,0.0,pres+senate
2012,2000s,California,CA,CA-14,,False,0,3,,San Mateo County; Santa Clara County; Santa Cruz County,3,277826,93835,11214,382874,74.75,25.25,51.99,18.65,D+18.7,100.0,22.77,22.69,6.38,,0.5,0.25,0.25,0.0,pres+house+senate
2012,2000s,California,CA,CA-15,,False,0,1,,Santa Clara County,1,99379,38543,3842,141764,72.05,27.95,51.99,15.51,D+15.5,100.0,20.07,,6.38,,0.667,0.0,0.333,0.0,pres+senate
2012,2000s,California,CA,CA-16,,False,0,1,,Santa Clara County,1,80858,31360,3126,115344,72.05,27.95,51.99,13.23,D+13.2,100.0,20.07,6.39,6.38,,0.5,0.25,0.25,0.0,pres+house+senate
2012,2000s,California,CA,CA-17,,False,2,1,Monterey County; San Benito County,Santa Cruz County,3,116533,50648,4923,172103,69.7,30.3,51.99,16.09,D+16.1,17.2,17.72,22.53,6.38,,0.5,0.25,0.25,0.0,pres+house+senate
2012,2000s,California,CA,CA-18,,False,1,3,Merced County,Madera County; San Joaquin County; Stanislaus County,4,81500,72597,3971,158068,52.89,47.11,51.99,6.92,D+6.9,60.7,0.9,19.48,6.38,,0.5,0.25,0.25,0.0,pres+house+senate
2012,2000s,California,CA,CA-19,,False,2,3,Mariposa County; Tuolumne County,Fresno County; Madera County; Stanislaus County,5,75383,84507,4517,164406,47.15,52.85,51.99,4.73,D+4.7,79.5,-4.84,22.22,6.38,,0.5,0.25,0.25,0.0,pres+house+senate
2012,2000s,California,CA,CA-20,,False,1,2,Kings County,Fresno County; Kern County,3,77677,86101,3640,167419,47.43,52.57,51.99,5.08,D+5.1,81.2,-4.56,23.06,6.38,,0.5,0.25,0.25,0.0,pres+house+senate
2012,2000s,California,CA,CA-21,,False,1,1,Tulare County,Fresno County,2,111795,124482,5217,241494,47.32,52.68,51.99,-3.47,R+3.5,58.1,-4.67,-10.91,6.38,,0.5,0.25,0.25,0.0,pres+house+senate
2012,2000s,California,CA,CA-22,,False,0,3,,Kern County; Los Angeles County; San Luis Obispo County,3,425773,279067,18992,723832,60.41,39.59,51.99,2.58,D+2.6,100.0,8.42,-12.89,6.38,,0.5,0.25,0.25,0.0,pres+house+senate
2012,2000s,California,CA,CA-23,,False,0,3,,San Luis Obispo County; Santa Barbara County; Ventura County,3,35383,27595,1861,64840,56.18,43.82,51.99,4.93,D+4.9,100.0,4.2,,6.38,,0.667,0.0,0.333,0.0,pres+senate
2012,2000s,California,CA,CA-24,,False,0,2,,Santa Barbara County; Ventura County,2,236065,191224,11271,438560,55.25,44.75,51.99,4.25,D+4.2,100.0,3.26,4.08,6.38,,0.5,0.25,0.25,0.0,pres+house+senate
2012,2000s,California,CA,CA-25,,False,2,2,Inyo County; Mono County,Los Angeles County; San Bernardino County,4,967610,437237,35688,1440535,68.88,31.12,51.99,8.59,D+8.6,99.1,16.89,-5.8,6.38,,0.5,0.25,0.25,0.0,pres+house+senate
2012,2000s,California,CA,CA-26,,False,0,2,,Los Angeles County; San Bernardino County,2,269995,109651,9642,389288,71.12,28.88,51.99,11.58,D+11.6,100.0,19.13,1.68,6.38,,0.5,0.25,0.25,0.0,pres+house+senate
2012,2000s,California,CA,CA-27,,False,0,1,,Los Angeles County,1,82025,32757,2917,117699,71.46,28.54,51.99,14.57,D+14.6,100.0,19.48,12.96,6.38,,0.5,0.25,0.25,0.0,pres+house+senate
2012,2000s,California,CA,CA-28,,False,0,1,,Los Angeles County,1,42121,16821,1498,60440,71.46,28.54,51.99,17.7,D+17.7,100.0,19.48,25.47,6.38,,0.5,0.25,0.25,0.0,pres+house+senate
2012,2000s,California,CA,CA-29,,False,0,1,,Los Angeles County,1,55423,22133,1971,79527,71.46,28.54,51.99,15.11,D+15.1,100.0,19.48,,6.38,,0.667,0.0,0.333,0.0,pres+senate
2012,2000s,California,CA,CA-30,,False,0,1,,Los Angeles County,1,155183,61973,5518,222675,71.46,28.54,51.99,15.11,D+15.1,100.0,19.48,,6.38,,0.667,0.0,0.333,0.0,pres+senate
2012,2000s,California,CA,CA-31,,False,0,1,,Los Angeles County,1,22169,8853,788,31811,71.46,28.54,51.99,15.11,D+15.1,100.0,19.48,,6.38,,0.667,0.0,0.333,0.0,pres+senate
2012,2000s,California,CA,CA-32,,False,0,1,,Los Angeles County,1,50989,20363,1813,73165,71.46,28.54,51.99,15.01,D+15.0,100.0,19.48,14.69,6.38,,0.5,0.25,0.25,0.0,pres+house+senate
2012,2000s,California,CA,CA-33,,False,0,1,,Los Angeles County,1,26603,10624,946,38173,71.46,28.54,51.99,15.11,D+15.1,100.0,19.48,,6.38,,0.667,0.0,0.333,0.0,pres+senate
2012,2000s,California,CA,CA-34,,False,0,1,,Los Angeles County,1,31037,12395,1104,44535,71.46,28.54,51.99,19.98,D+20.0,100.0,19.48,34.6,6.38,,0.5,0.25,0.25,0.0,pres+house+senate
2012,2000s,California,CA,CA-35,,False,0,1,,Los Angeles County,1,31037,12395,1104,44535,71.46,28.54,51.99,15.11,D+15.1,100.0,19.48,,6.38,,0.667,0.0,0.333,0.0,pres+senate
2012,2000s,California,CA,CA-36,,False,0,1,,Los Angeles County,1,39904,15936,1419,57259,71.46,28.54,51.99,11.61,D+11.6,100.0,19.48,1.12,6.38,,0.5,0.25,0.25,0.0,pres+house+senate
2012,2000s,California,CA,CA-37,,False,0,1,,Los Angeles County,1,39904,15936,1419,57259,71.46,28.54,51.99,20.18,D+20.2,100.0,19.48,35.4,6.38,,0.5,0.25,0.25,0.0,pres+house+senate
2012,2000s,California,CA,CA-38,,False,0,1,,Los Angeles County,1,57639,23019,2050,82708,71.46,28.54,51.99,15.47,D+15.5,100.0,19.48,16.53,6.38,,0.5,0.25,0.25,0.0,pres+house+senate
2012,2000s,California,CA,CA-39,,False,0,1,,Los Angeles County,1,35470,14165,1261,50897,71.46,28.54,51.99,9.13,D+9.1,100.0,19.48,-8.8,6.38,,0.5,0.25,0.25,0.0,pres+house+senate
2012,2000s,California,CA,CA-40,,False,0,1,,Orange County,1,65080,73956,3542,142578,46.81,53.19,51.99,-1.32,R+1.3,100.0,-5.18,,6.38,,0.667,0.0,0.333,0.0,pres+senate
2012,2000s,California,CA,CA-41,,False,0,2,,Riverside County; San Bernardino County,2,216306,188213,9933,414453,53.47,46.53,51.99,3.69,D+3.7,100.0,1.49,5.39,6.38,,0.5,0.25,0.25,0.0,pres+house+senate
2012,2000s,California,CA,CA-42,,False,0,3,,Orange County; Los Angeles County; San Bernardino County,3,152346,153180,7780,313306,49.86,50.14,51.99,-2.37,R+2.4,100.0,-2.12,-11.61,6.38,,0.5,0.25,0.25,0.0,pres+house+senate
2012,2000s,California,CA,CA-43,,False,0,1,,San Bernardino County,1,3051,2624,141,5815,53.77,46.23,51.99,3.31,D+3.3,100.0,1.78,,6.38,,0.667,0.0,0.333,0.0,pres+senate
2012,2000s,California,CA,CA-44,,False,0,2,,Orange County; Riverside County,2,115683,128615,6134,250431,47.35,52.65,51.99,-0.96,R+1.0,100.0,-4.63,,6.38,,0.667,0.0,0.333,0.0,pres+senate
2012,2000s,California,CA,CA-45,,False,0,1,,Riverside County,1,273122,264045,12215,549383,50.84,49.16,51.99,-1.34,R+1.3,100.0,-1.14,-9.47,6.38,,0.5,0.25,0.25,0.0,pres+house+senate
2012,2000s,California,CA,CA-46,,False,0,2,,Los Angeles County; Orange County,2,151005,98073,6337,255414,60.63,39.37,51.99,8.31,D+8.3,100.0,8.64,9.59,6.38,,0.5,0.25,0.25,0.0,pres+house+senate
2012,2000s,California,CA,CA-47,,False,0,1,,Orange County,1,35358,40181,1925,77464,46.81,53.19,51.99,0.39,D+0.4,100.0,-5.18,5.55,6.38,,0.5,0.25,0.25,0.0,pres+house+senate
2012,2000s,California,CA,CA-48,,False,0,1,,Orange County,1,137334,156065,7475,300874,46.81,53.19,51.99,-3.99,R+4.0,100.0,-5.18,-11.99,6.38,,0.5,0.25,0.25,0.0,pres+house+senate
2012,2000s,California,CA,CA-49,,False,0,2,,Riverside County; San Diego County,2,210276,182053,9575,401905,53.6,46.4,51.99,0.11,D+0.1,100.0,1.61,-9.18,6.38,,0.5,0.25,0.25,0.0,pres+house+senate
2012,2000s,California,CA,CA-50,,False,0,1,,San Diego County,1,45141,38644,2059,85844,53.88,46.12,51.99,-2.13,R+2.1,100.0,1.89,-18.7,6.38,,0.5,0.25,0.25,0.0,pres+house+senate
2012,2000s,California,CA,CA-51,,False,1,1,Imperial County,San Diego County,2,85951,64839,3426,154216,57.0,43.0,51.99,9.22,D+9.2,75.0,5.02,20.46,6.38,,0.5,0.25,0.25,0.0,pres+house+senate
2012,2000s,California,CA,CA-52,,False,0,1,,San Diego County,1,314732,269436,14357,598526,53.88,46.12,51.99,2.58,D+2.6,100.0,1.89,0.16,6.38,,0.5,0.25,0.25,0.0,pres+house+senate
2012,2000s,California,CA,CA-53,,False,0,1,,San Diego County,1,14420,12345,658,27422,53.88,46.12,51.99,5.15,D+5.1,100.0,1.89,10.42,6.38,,0.5,0.25,0.25,0.0,pres+house+senate
2012,2000s,Colorado,CO,CO-01,,False,1,1,Denver County,Arapahoe County,2,225096,75623,7409,308128,74.85,25.15,51.99,18.4,D+18.4,1.9,22.87,20.81,,7.04,0.5,0.25,0.0,0.25,pres+house+statewide
2012,2000s,Colorado,CO,CO-02,,False,6,3,Broomfield County; Clear Creek County; Eagle County; Gilpin County; Grand County; Summit County,Adams County; Boulder County; Jefferson County,9,184474,103749,7457,295680,64.0,36.0,51.99,9.78,D+9.8,70.2,12.02,8.06,,7.04,0.5,0.25,0.0,0.25,pres+house+statewide
2012,2000s,Colorado,CO,CO-03,,False,28,1,Alamosa County; Archuleta County; Conejos County; Costilla County; Custer County; Delta County; Dolores County; Garfield County; Gunnison County; Hinsdale County; Huerfano County; Jackson County; La Plata County; Las Animas County; Mesa County; Mineral County; Moffat County; Montezuma County; Montrose County; Ouray County; Pitkin County; Pueblo County; Rio Blanco County; Rio Grande County; Routt County; Saguache County; San Juan County; San Miguel County,Otero County,29,159327,183705,8925,351957,46.45,53.55,51.99,-2.88,R+2.9,1.8,-5.54,-7.47,,7.04,0.5,0.25,0.0,0.25,pres+house+statewide
2012,2000s,Colorado,CO,CO-04,,False,16,2,Baca County; Bent County; Cheyenne County; Crowley County; Kiowa County; Kit Carson County; Larimer County; Lincoln County; Logan County; Morgan County; Phillips County; Prowers County; Sedgwick County; Washington County; Weld County; Yuma County,Boulder County; Otero County,18,169560,185923,10209,365692,47.7,52.3,51.99,-3.48,R+3.5,5.5,-4.29,-12.4,,7.04,0.5,0.25,0.0,0.25,pres+house+statewide
2012,2000s,Colorado,CO,CO-05,,False,5,1,Chaffee County; El Paso County; Fremont County; Lake County; Teller County,Park County,6,133469,203996,9045,346510,39.55,60.45,51.99,-5.94,R+5.9,2.6,-12.43,,,7.04,0.667,0.0,0.0,0.333,pres+statewide
2012,2000s,Colorado,CO,CO-06,,False,2,3,Douglas County; Elbert County,Arapahoe County; Jefferson County; Park County,5,324822,337497,14064,676383,49.04,50.96,51.99,-0.24,R+0.2,73.1,-2.94,-2.1,,7.04,0.5,0.25,0.0,0.25,pres+house+statewide
2012,2000s,Colorado,CO,CO-07,,False,0,3,,Adams County; Arapahoe County; Jefferson County,3,126354,94750,6392,227496,57.15,42.85,51.99,5.71,D+5.7,100.0,5.16,5.49,,7.04,0.5,0.25,0.0,0.25,pres+house+statewide
2012,2000s,Connecticut,CT,CT-01,,False,0,3,,Hartford County; Litchfield County; Middlesex County,3,160732,98886,3004,262621,61.91,38.09,51.99,10.5,D+10.5,100.0,9.93,20.51,0.6,11.54,0.4,0.2,0.2,0.2,pres+house+senate+statewide
2012,2000s,Connecticut,CT,CT-02,,False,3,3,New London County; Tolland County; Windham County,Hartford County; Middlesex County; New Haven County,6,223980,155354,5672,385006,59.05,40.95,51.99,9.03,D+9.0,39.6,7.06,18.9,0.6,11.54,0.4,0.2,0.2,0.2,pres+house+senate+statewide
2012,2000s,Connecticut,CT,CT-03,,False,0,3,,Fairfield County; Middlesex County; New Haven County,3,152729,98563,2622,253914,60.78,39.22,51.99,10.68,D+10.7,100.0,8.79,23.68,0.6,11.54,0.4,0.2,0.2,0.2,pres+house+senate+statewide
2012,2000s,Connecticut,CT,CT-04,,False,0,2,,Fairfield County; New Haven County,2,157437,124849,2658,284943,55.77,44.23,51.99,5.73,D+5.7,100.0,3.79,8.94,0.6,11.54,0.4,0.2,0.2,0.2,pres+house+senate+statewide
2012,2000s,Connecticut,CT,CT-05,,False,0,4,,Fairfield County; Hartford County; Litchfield County; New Haven County,4,210232,157247,4112,371590,57.21,42.79,51.99,4.58,D+4.6,100.0,5.22,0.3,0.6,11.54,0.4,0.2,0.2,0.2,pres+house+senate+statewide
2012,2000s,District of Columbia,DC,DC-AL,,True,0,0,,,8,267070,21381,5313,293764,92.59,7.41,51.99,40.6,D+40.6,0.0,40.6,,,,1.0,0.0,0.0,0.0,pres
2012,2000s,Delaware,DE,DE-AL,,True,0,0,,,3,242584,165484,5853,413921,59.45,40.55,51.99,10.74,D+10.7,0.0,7.46,14.81,13.5,10.48,0.4,0.2,0.2,0.2,pres+house+senate+statewide
2012,2000s,Florida,FL,FL-01,,False,5,1,Escambia County; Holmes County; Okaloosa County; Santa Rosa County; Washington County,Walton County,6,109615,251857,5343,366815,30.32,69.68,51.99,-13.37,R+13.4,7.2,-21.66,-22.96,0.53,-1.08,0.4,0.2,0.2,0.2,pres+house+senate+statewide
2012,2000s,Florida,FL,FL-02,,False,12,3,Bay County; Calhoun County; Dixie County; Franklin County; Gadsden County; Gulf County; Jackson County; Lafayette County; Liberty County; Suwannee County; Taylor County; Wakulla County,Jefferson County; Leon County; Walton County,15,155388,184813,4631,344832,45.68,54.32,51.99,-3.38,R+3.4,42.7,-6.31,-3.74,0.53,-1.08,0.4,0.2,0.2,0.2,pres+house+senate+statewide
2012,2000s,Florida,FL,FL-03,,False,0,9,,Alachua County; Clay County; Duval County; Lake County; Marion County; Orange County; Putnam County; Seminole County; Volusia County,9,139803,155644,3675,299122,47.32,52.68,51.99,-5.49,R+5.5,100.0,-4.67,-17.59,0.53,-1.08,0.4,0.2,0.2,0.2,pres+house+senate+statewide
2012,2000s,Florida,FL,FL-04,,False,6,3,Baker County; Columbia County; Hamilton County; Madison County; Nassau County; Union County,Duval County; Jefferson County; Leon County,9,146875,193240,3727,343842,43.18,56.82,51.99,-4.54,R+4.5,71.3,-8.8,,0.53,-1.08,0.5,0.0,0.25,0.25,pres+senate+statewide
2012,2000s,Florida,FL,FL-05,,False,3,5,Citrus County; Hernando County; Sumter County,Lake County; Levy County; Marion County; Pasco County; Polk County,8,222705,300296,7217,530218,42.58,57.42,51.99,0.51,D+0.5,58.8,-9.4,21.92,0.53,-1.08,0.4,0.2,0.2,0.2,pres+house+senate+statewide
2012,2000s,Florida,FL,FL-06,,False,2,6,Bradford County; Gilchrist County,Alachua County; Clay County; Duval County; Lake County; Levy County; Marion County,8,171686,218585,5066,395337,43.99,56.01,51.99,-4.95,R+5.0,95.0,-7.99,-8.24,0.53,-1.08,0.4,0.2,0.2,0.2,pres+house+senate+statewide
2012,2000s,Florida,FL,FL-07,,False,2,3,Flagler County; St. Johns County,Putnam County; Seminole County; Volusia County,5,138229,193560,4071,335861,41.66,58.34,51.99,-6.18,R+6.2,50.7,-10.32,-9.72,0.53,-1.08,0.4,0.2,0.2,0.2,pres+house+senate+statewide
2012,2000s,Florida,FL,FL-08,,False,0,3,,Lake County; Marion County; Orange County,3,146622,124517,3011,274150,54.08,45.92,51.99,-1.69,R+1.7,100.0,2.09,-12.1,0.53,-1.08,0.4,0.2,0.2,0.2,pres+house+senate+statewide
2012,2000s,Florida,FL,FL-09,,False,0,3,,Hillsborough County; Pasco County; Pinellas County,3,214536,192154,5590,412279,52.75,47.25,51.99,2.5,D+2.5,100.0,0.77,11.51,0.53,-1.08,0.4,0.2,0.2,0.2,pres+house+senate+statewide
2012,2000s,Florida,FL,FL-10,,False,0,1,,Pinellas County,1,146902,131023,4147,282072,52.86,47.14,51.99,-0.31,R+0.3,100.0,0.87,-2.75,0.53,-1.08,0.4,0.2,0.2,0.2,pres+house+senate+statewide
2012,2000s,Florida,FL,FL-11,,False,0,3,,Hillsborough County; Manatee County; Pinellas County,3,71586,63457,1759,136801,53.01,46.99,51.99,-2.8,R+2.8,100.0,1.02,-15.5,0.53,-1.08,0.4,0.2,0.2,0.2,pres+house+senate+statewide
2012,2000s,Florida,FL,FL-12,,False,0,3,,Hillsborough County; Osceola County; Polk County,3,202861,202709,5225,410795,50.02,49.98,51.99,-4.27,R+4.3,100.0,-1.97,-16.85,0.53,-1.08,0.4,0.2,0.2,0.2,pres+house+senate+statewide
2012,2000s,Florida,FL,FL-13,,False,3,2,DeSoto County; Hardee County; Sarasota County,Charlotte County; Manatee County,5,168248,206481,4289,379018,44.9,55.1,51.99,-4.66,R+4.7,40.6,-7.09,-8.58,0.53,-1.08,0.4,0.2,0.2,0.2,pres+house+senate+statewide
2012,2000s,Florida,FL,FL-14,,False,1,2,Lee County,Charlotte County; Collier County,3,119120,168422,2503,290044,41.43,58.57,51.99,-0.49,R+0.5,8.1,-10.56,19.2,0.53,-1.08,0.4,0.2,0.2,0.2,pres+house+senate+statewide
2012,2000s,Florida,FL,FL-15,,False,1,3,Indian River County,Brevard County; Osceola County; Polk County,4,175304,188539,4430,368272,48.18,51.82,51.99,-2.04,R+2.0,80.6,-3.8,,0.53,-1.08,0.5,0.0,0.25,0.25,pres+senate+statewide
2012,2000s,Florida,FL,FL-16,,False,3,5,Glades County; Highlands County; Okeechobee County,Charlotte County; Hendry County; Martin County; Palm Beach County; St. Lucie County,8,134486,154293,3033,291811,46.57,53.43,51.99,-3.2,R+3.2,79.8,-5.41,-4.63,0.53,-1.08,0.4,0.2,0.2,0.2,pres+house+senate+statewide
2012,2000s,Florida,FL,FL-17,,False,0,2,,Broward County; Miami-Dade County,2,31216,17691,285,49191,63.83,36.17,51.99,2.69,D+2.7,100.0,11.84,-9.68,0.53,-1.08,0.4,0.2,0.2,0.2,pres+house+senate+statewide
2012,2000s,Florida,FL,FL-18,,False,0,2,,Miami-Dade County; Monroe County,2,60321,37995,573,98888,61.35,38.65,51.99,3.49,D+3.5,100.0,9.37,-0.72,0.53,-1.08,0.4,0.2,0.2,0.2,pres+house+senate+statewide
2012,2000s,Florida,FL,FL-19,,False,0,2,,Broward County; Palm Beach County,2,50557,30803,573,81934,62.14,37.86,51.99,1.07,D+1.1,100.0,10.15,-14.41,0.53,-1.08,0.4,0.2,0.2,0.2,pres+house+senate+statewide
2012,2000s,Florida,FL,FL-20,,False,0,2,,Broward County; Miami-Dade County,2,67362,32932,651,100945,67.16,32.84,51.99,7.45,D+7.5,100.0,15.18,,0.53,-1.08,0.5,0.0,0.25,0.25,pres+senate+statewide
2012,2000s,Florida,FL,FL-21,,False,0,2,,Broward County; Miami-Dade County,2,43879,24793,401,69073,63.9,36.1,51.99,5.82,D+5.8,100.0,11.91,,0.53,-1.08,0.5,0.0,0.25,0.25,pres+senate+statewide
2012,2000s,Florida,FL,FL-22,,False,0,2,,Broward County; Palm Beach County,2,64824,37893,714,103431,63.11,36.89,51.99,5.06,D+5.1,100.0,11.12,3.61,0.53,-1.08,0.4,0.2,0.2,0.2,pres+house+senate+statewide
2012,2000s,Florida,FL,FL-23,,False,0,5,,Broward County; Hendry County; Martin County; Palm Beach County; St. Lucie County,5,670537,409936,7777,1088250,62.06,37.94,51.99,6.51,D+6.5,100.0,10.07,12.96,0.53,-1.08,0.4,0.2,0.2,0.2,pres+house+senate+statewide
2012,2000s,Florida,FL,FL-24,,False,0,4,,Brevard County; Orange County; Seminole County; Volusia County,4,289146,271060,7025,567231,51.61,48.39,51.99,-0.32,R+0.3,100.0,-0.37,,0.53,-1.08,0.5,0.0,0.25,0.25,pres+senate+statewide
2012,2000s,Florida,FL,FL-25,,False,0,3,,Collier County; Miami-Dade County; Monroe County,3,495948,370755,5259,871961,57.22,42.78,51.99,2.48,D+2.5,100.0,5.24,,0.53,-1.08,0.5,0.0,0.25,0.25,pres+senate+statewide
2012,2000s,Georgia,GA,GA-01,,False,23,2,Appling County; Atkinson County; Bacon County; Berrien County; Brantley County; Bryan County; Camden County; Charlton County; Clinch County; Coffee County; Cook County; Echols County; Glynn County; Jeff Davis County; Lanier County; Liberty County; Long County; McIntosh County; Pierce County; Telfair County; Ware County; Wayne County; Wheeler County,Chatham County; Lowndes County,25,106975,160771,3430,271176,39.95,60.05,51.99,-12.68,R+12.7,30.3,-12.03,-13.99,,,0.667,0.333,0.0,0.0,pres+house
2012,2000s,Georgia,GA,GA-02,,False,29,3,Baker County; Brooks County; Calhoun County; Chattahoochee County; Clay County; Crawford County; Crisp County; Decatur County; Dooly County; Dougherty County; Early County; Grady County; Lee County; Macon County; Marion County; Miller County; Mitchell County; Peach County; Quitman County; Randolph County; Schley County; Seminole County; Stewart County; Sumter County; Talbot County; Taylor County; Terrell County; Thomas County; Webster County,Lowndes County; Muscogee County; Worth County,32,113634,111473,1861,226969,50.48,49.52,51.99,3.25,D+3.3,15.0,-1.51,12.77,,,0.667,0.333,0.0,0.0,pres+house
2012,2000s,Georgia,GA,GA-03,,False,10,5,Coweta County; Fayette County; Harris County; Heard County; Lamar County; Meriwether County; Pike County; Spalding County; Troup County; Upson County,Carroll County; Douglas County; Henry County; Muscogee County; Rockdale County,15,168768,239870,5291,413929,41.3,58.7,51.99,-10.69,R+10.7,46.5,-10.69,,,,1.0,0.0,0.0,0.0,pres
2012,2000s,Georgia,GA,GA-04,,False,0,3,,DeKalb County; Gwinnett County; Rockdale County,3,202627,71528,3823,277978,73.91,26.09,51.99,22.14,D+22.1,100.0,21.92,22.57,,,0.667,0.333,0.0,0.0,pres+house
2012,2000s,Georgia,GA,GA-05,,False,0,3,,Clayton County; DeKalb County; Fulton County,3,133767,60430,2736,196933,68.88,31.12,51.99,22.39,D+22.4,100.0,16.9,33.38,,,0.667,0.333,0.0,0.0,pres+house
2012,2000s,Georgia,GA,GA-06,,False,1,3,Cherokee County,Cobb County; DeKalb County; Fulton County,4,146522,160970,5489,312981,47.65,52.35,51.99,-8.06,R+8.1,68.5,-4.33,-15.52,,,0.667,0.333,0.0,0.0,pres+house
2012,2000s,Georgia,GA,GA-07,,False,2,3,Barrow County; Walton County,Forsyth County; Gwinnett County; Newton County,5,142753,205067,5838,353658,41.04,58.96,51.99,-11.69,R+11.7,82.2,-10.94,-13.17,,,0.667,0.333,0.0,0.0,pres+house
2012,2000s,Georgia,GA,GA-08,,False,18,3,Ben Hill County; Bibb County; Bleckley County; Butts County; Colquitt County; Dodge County; Houston County; Irwin County; Jasper County; Jones County; Laurens County; Monroe County; Pulaski County; Tift County; Turner County; Twiggs County; Wilcox County; Wilkinson County,Baldwin County; Newton County; Worth County,21,125686,163059,3078,291823,43.53,56.47,51.99,-8.46,R+8.5,13.9,-8.46,,,,1.0,0.0,0.0,0.0,pres
2012,2000s,Georgia,GA,GA-09,,False,13,2,Catoosa County; Dade County; Dawson County; Fannin County; Gilmer County; Hall County; Lumpkin County; Murray County; Pickens County; Union County; Walker County; White County; Whitfield County,Forsyth County; Gordon County,15,63439,245093,5806,314338,20.56,79.44,51.99,-30.01,R+30.0,27.4,-31.42,-27.2,,,0.667,0.333,0.0,0.0,pres+house
2012,2000s,Georgia,GA,GA-10,,False,20,1,Banks County; Clarke County; Columbia County; Elbert County; Franklin County; Greene County; Habersham County; Hart County; Jackson County; Lincoln County; McDuffie County; Madison County; Morgan County; Oconee County; Oglethorpe County; Putnam County; Rabun County; Stephens County; Towns County; Wilkes County,Richmond County,21,105063,190570,4955,300588,35.54,64.46,51.99,-16.45,R+16.4,9.0,-16.45,,,,1.0,0.0,0.0,0.0,pres
2012,2000s,Georgia,GA,GA-11,,False,6,3,Bartow County; Chattooga County; Floyd County; Haralson County; Paulding County; Polk County,Carroll County; Cobb County; Gordon County,9,109293,209948,5793,325035,34.24,65.76,51.99,-18.36,R+18.4,51.3,-17.75,-19.57,,,0.667,0.333,0.0,0.0,pres+house
2012,2000s,Georgia,GA,GA-12,,False,19,3,Bulloch County; Burke County; Candler County; Effingham County; Emanuel County; Evans County; Glascock County; Hancock County; Jefferson County; Jenkins County; Johnson County; Montgomery County; Screven County; Taliaferro County; Tattnall County; Toombs County; Treutlen County; Warren County; Washington County,Baldwin County; Chatham County; Richmond County,22,123356,123483,2707,249546,49.97,50.03,51.99,-0.44,R+0.4,47.5,-2.01,2.69,,,0.667,0.333,0.0,0.0,pres+house
2012,2000s,Georgia,GA,GA-13,,False,0,6,,Clayton County; Cobb County; DeKalb County; Douglas County; Fulton County; Henry County,6,231944,136425,5047,373415,62.97,37.03,51.99,14.23,D+14.2,100.0,10.98,20.73,,,0.667,0.333,0.0,0.0,pres+house
2012,2000s,Hawaii,HI,HI-01,,False,0,1,,Honolulu County,1,65800,28484,1266,95551,69.79,30.21,51.99,11.42,D+11.4,100.0,17.8,3.6,6.46,,0.5,0.25,0.25,0.0,pres+house+senate
2012,2000s,Hawaii,HI,HI-02,,False,4,1,Hawaii County; Kalawao County; Kauai County; Maui County,Honolulu County,5,240491,92455,5752,338697,72.23,27.77,51.99,19.12,D+19.1,59.4,20.25,29.53,6.46,,0.5,0.25,0.25,0.0,pres+house+senate
2012,2000s,Iowa,IA,IA-01,,False,12,0,Black Hawk County; Bremer County; Buchanan County; Butler County; Clayton County; Clinton County; Delaware County; Dubuque County; Fayette County; Jackson County; Jones County; Scott County,,12,176980,132349,4968,314297,57.21,42.79,51.99,4.52,D+4.5,0.0,5.23,6.78,,0.83,0.5,0.25,0.0,0.25,pres+house+statewide
2012,2000s,Iowa,IA,IA-02,,False,15,0,Appanoose County; Cedar County; Davis County; Des Moines County; Henry County; Jefferson County; Johnson County; Lee County; Linn County; Louisa County; Muscatine County; Van Buren County; Wapello County; Washington County; Wayne County,,15,190756,132126,6814,329696,59.08,40.92,51.99,5.17,D+5.2,0.0,7.09,5.66,,0.83,0.5,0.25,0.0,0.25,pres+house+statewide
2012,2000s,Iowa,IA,IA-03,,False,12,0,Benton County; Grundy County; Iowa County; Jasper County; Keokuk County; Lucas County; Mahaska County; Marion County; Monroe County; Polk County; Poweshiek County; Tama County,,12,180229,152618,6382,339229,54.15,45.85,51.99,-0.37,R+0.4,0.0,2.16,-6.63,,0.83,0.5,0.25,0.0,0.25,pres+house+statewide
2012,2000s,Iowa,IA,IA-04,,False,28,0,Allamakee County; Boone County; Calhoun County; Cerro Gordo County; Chickasaw County; Dallas County; Emmet County; Floyd County; Franklin County; Greene County; Hamilton County; Hancock County; Hardin County; Howard County; Humboldt County; Kossuth County; Madison County; Marshall County; Mitchell County; Palo Alto County; Pocahontas County; Story County; Warren County; Webster County; Winnebago County; Winneshiek County; Worth County; Wright County,,28,160142,154273,6006,320421,50.93,49.07,51.99,-1.61,R+1.6,0.0,-1.05,-5.15,,0.83,0.5,0.25,0.0,0.25,pres+house+statewide
2012,2000s,Iowa,IA,IA-05,,False,32,0,Adair County; Adams County; Audubon County; Buena Vista County; Carroll County; Cass County; Cherokee County; Clarke County; Clay County; Crawford County; Decatur County; Dickinson County; Fremont County; Guthrie County; Harrison County; Ida County; Lyon County; Mills County; Monona County; Montgomery County; O'Brien County; Osceola County; Page County; Plymouth County; Pottawattamie County; Ringgold County; Sac County; Shelby County; Sioux County; Taylor County; Union County; Woodbury County,,32,114437,159251,4849,278537,41.81,58.19,51.99,-6.5,R+6.5,0.0,-10.17,,,0.83,0.667,0.0,0.0,0.333,pres+statewide
2012,2000s,Idaho,ID,ID-01,,False,18,1,Adams County; Benewah County; Boise County; Bonner County; Boundary County; Canyon County; Clearwater County; Gem County; Idaho County; Kootenai County; Latah County; Lewis County; Nez Perce County; Owyhee County; Payette County; Shoshone County; Valley County; Washington County,Ada County,19,136522,228773,15126,380421,37.37,62.63,51.99,-15.8,R+15.8,36.6,-14.61,-18.19,,,0.667,0.333,0.0,0.0,pres+house
2012,2000s,Idaho,ID,ID-02,,False,25,1,Bannock County; Bear Lake County; Bingham County; Blaine County; Bonneville County; Butte County; Camas County; Caribou County; Cassia County; Clark County; Custer County; Elmore County; Franklin County; Fremont County; Gooding County; Jefferson County; Jerome County; Lemhi County; Lincoln County; Madison County; Minidoka County; Oneida County; Power County; Teton County; Twin Falls County,Ada County,26,76265,192138,7918,276321,28.41,71.59,51.99,-21.11,R+21.1,15.6,-23.57,-16.18,,,0.667,0.333,0.0,0.0,pres+house
2012,2000s,Illinois,IL,IL-01,,False,0,1,,Cook County,1,153473,51092,3169,207734,75.02,24.98,51.99,22.96,D+23.0,100.0,23.04,22.81,,,0.667,0.333,0.0,0.0,pres+house
2012,2000s,Illinois,IL,IL-02,,False,0,2,,Cook County; Will County,2,281567,94545,5835,381947,74.86,25.14,51.99,22.63,D+22.6,100.0,22.88,22.14,,,0.667,0.333,0.0,0.0,pres+house
2012,2000s,Illinois,IL,IL-03,,False,0,1,,Cook County,1,196684,65477,4062,266222,75.02,24.98,51.99,21.18,D+21.2,100.0,23.04,17.47,,,0.667,0.333,0.0,0.0,pres+house
2012,2000s,Illinois,IL,IL-04,,False,0,1,,Cook County,1,61091,20338,1262,82690,75.02,24.98,51.99,26.11,D+26.1,100.0,23.04,32.24,,,0.667,0.333,0.0,0.0,pres+house
2012,2000s,Illinois,IL,IL-05,,False,0,1,,Cook County,1,89402,29762,1846,121010,75.02,24.98,51.99,21.59,D+21.6,100.0,23.04,18.68,,,0.667,0.333,0.0,0.0,pres+house
2012,2000s,Illinois,IL,IL-06,,False,0,2,,Cook County; DuPage County,2,187606,120988,4992,313586,60.79,39.21,51.99,2.46,D+2.5,100.0,8.81,-10.23,,,0.667,0.333,0.0,0.0,pres+house
2012,2000s,Illinois,IL,IL-07,,False,0,1,,Cook County,1,86422,28770,1785,116976,75.02,24.98,51.99,27.86,D+27.9,100.0,23.04,37.49,,,0.667,0.333,0.0,0.0,pres+house
2012,2000s,Illinois,IL,IL-08,,False,0,3,,Cook County; Lake County; McHenry County,3,271619,164078,6763,442460,62.34,37.66,51.99,8.15,D+8.1,100.0,10.36,3.73,,,0.667,0.333,0.0,0.0,pres+house
2012,2000s,Illinois,IL,IL-09,,False,0,1,,Cook County,1,116222,38691,2400,157313,75.02,24.98,51.99,20.41,D+20.4,100.0,23.04,15.16,,,0.667,0.333,0.0,0.0,pres+house
2012,2000s,Illinois,IL,IL-10,,False,0,2,,Cook County; Lake County,2,211568,94791,4616,310975,69.06,30.94,51.99,11.23,D+11.2,100.0,17.07,-0.45,,,0.667,0.333,0.0,0.0,pres+house
2012,2000s,Illinois,IL,IL-11,,False,3,5,Grundy County; Kankakee County; LaSalle County,Bureau County; Livingston County; McLean County; Will County; Woodford County,8,190735,187188,7588,385511,50.47,49.53,51.99,1.51,D+1.5,70.3,-1.52,7.56,,,0.667,0.333,0.0,0.0,pres+house
2012,2000s,Illinois,IL,IL-12,,False,9,2,Alexander County; Franklin County; Jackson County; Monroe County; Perry County; Pulaski County; Randolph County; St. Clair County; Union County,Madison County; Williamson County,11,129939,129588,6276,265803,50.07,49.93,51.99,-0.04,EVEN,17.9,-1.92,3.71,,,0.667,0.333,0.0,0.0,pres+house
2012,2000s,Illinois,IL,IL-13,,False,0,3,,Cook County; DuPage County; Will County,3,207346,135080,5628,348054,60.55,39.45,51.99,5.3,D+5.3,100.0,8.57,-1.22,,,0.667,0.333,0.0,0.0,pres+house
2012,2000s,Illinois,IL,IL-14,,False,3,5,Kane County; Kendall County; Lee County,Bureau County; DeKalb County; DuPage County; Henry County; Whiteside County,8,176811,173546,6524,356881,50.47,49.53,51.99,-4.29,R+4.3,31.5,-1.52,-9.83,,,0.667,0.333,0.0,0.0,pres+house
2012,2000s,Illinois,IL,IL-15,,False,13,9,Champaign County; Clark County; Coles County; Crawford County; Cumberland County; De Witt County; Douglas County; Edgar County; Ford County; Iroquois County; Moultrie County; Piatt County; Vermilion County,Edwards County; Gallatin County; Lawrence County; Livingston County; McLean County; Macon County; Saline County; Wabash County; White County,22,120524,162033,7105,289662,42.65,57.35,51.99,-12.76,R+12.8,27.8,-9.33,-19.62,,,0.667,0.333,0.0,0.0,pres+house
2012,2000s,Illinois,IL,IL-16,,False,6,3,Boone County; Carroll County; Jo Daviess County; Ogle County; Stephenson County; Winnebago County,DeKalb County; McHenry County; Whiteside County,9,152862,155981,6731,315574,49.49,50.51,51.99,-5.94,R+5.9,35.3,-2.49,-12.83,,,0.667,0.333,0.0,0.0,pres+house
2012,2000s,Illinois,IL,IL-17,,False,9,14,Calhoun County; Fulton County; Hancock County; Henderson County; McDonough County; Macoupin County; Mercer County; Rock Island County; Warren County,Adams County; Christian County; Fayette County; Greene County; Henry County; Jersey County; Knox County; Macon County; Madison County; Montgomery County; Pike County; Sangamon County; Shelby County; Whiteside County,23,118099,111425,5218,234743,51.45,48.55,51.99,0.4,D+0.4,37.9,-0.53,2.27,,,0.667,0.333,0.0,0.0,pres+house
2012,2000s,Illinois,IL,IL-18,,False,13,7,Brown County; Cass County; Logan County; Marshall County; Mason County; Menard County; Morgan County; Peoria County; Putnam County; Schuyler County; Scott County; Stark County; Tazewell County,Adams County; Bureau County; Knox County; Macon County; Pike County; Sangamon County; Woodford County,20,143593,181549,7095,332237,44.16,55.84,51.99,-13.61,R+13.6,38.7,-7.82,-25.18,,,0.667,0.333,0.0,0.0,pres+house
2012,2000s,Illinois,IL,IL-19,,False,15,15,Bond County; Clay County; Clinton County; Effingham County; Hamilton County; Hardin County; Jasper County; Jefferson County; Johnson County; Marion County; Massac County; Pope County; Richland County; Washington County; Wayne County,Christian County; Edwards County; Fayette County; Gallatin County; Greene County; Jersey County; Lawrence County; Madison County; Montgomery County; Saline County; Sangamon County; Shelby County; Wabash County; White County; Williamson County,30,123950,190294,7809,322053,39.44,60.56,51.99,-12.54,R+12.5,60.7,-12.54,,,,1.0,0.0,0.0,0.0,pres
2012,2000s,Indiana,IN,IN-01,,False,4,1,Benton County; Jasper County; Lake County; Newton County,Porter County,5,169598,110322,4725,284645,60.59,39.41,51.99,5.56,D+5.6,21.2,8.6,16.27,-3.09,-2.58,0.4,0.2,0.2,0.2,pres+house+senate+statewide
2012,2000s,Indiana,IN,IN-02,,False,8,4,Carroll County; Cass County; Fulton County; LaPorte County; Marshall County; Pulaski County; St. Joseph County; Starke County,Elkhart County; Howard County; Porter County; White County,12,115798,125444,5044,246286,48.0,52.0,51.99,-3.08,R+3.1,12.0,-3.98,-1.75,-3.09,-2.58,0.4,0.2,0.2,0.2,pres+house+senate+statewide
2012,2000s,Indiana,IN,IN-03,,False,6,2,DeKalb County; Kosciusko County; LaGrange County; Noble County; Steuben County; Whitley County,Allen County; Elkhart County,8,97209,170753,5360,273322,36.28,63.72,51.99,-11.03,R+11.0,63.1,-15.71,-18.05,-3.09,-2.58,0.4,0.2,0.2,0.2,pres+house+senate+statewide
2012,2000s,Indiana,IN,IN-04,,False,7,5,Boone County; Clinton County; Hendricks County; Lawrence County; Montgomery County; Morgan County; Tippecanoe County,Fountain County; Johnson County; Marion County; Monroe County; White County,12,123868,188494,7614,319976,39.66,60.34,51.99,-9.16,R+9.2,30.6,-12.33,-15.47,-3.09,-2.58,0.4,0.2,0.2,0.2,pres+house+senate+statewide
2012,2000s,Indiana,IN,IN-05,,False,7,4,Grant County; Hamilton County; Hancock County; Huntington County; Miami County; Tipton County; Wabash County,Howard County; Johnson County; Marion County; Shelby County,11,150909,227210,8072,386191,39.91,60.09,51.99,-8.33,R+8.3,36.8,-12.07,-11.83,-3.09,-2.58,0.4,0.2,0.2,0.2,pres+house+senate+statewide
2012,2000s,Indiana,IN,IN-06,,False,14,5,Adams County; Blackford County; Decatur County; Delaware County; Fayette County; Franklin County; Henry County; Jay County; Madison County; Randolph County; Rush County; Union County; Wayne County; Wells County,Allen County; Bartholomew County; Dearborn County; Johnson County; Shelby County,19,121272,178383,7263,306918,40.47,59.53,51.99,-8.48,R+8.5,24.8,-11.51,-13.73,-3.09,-2.58,0.4,0.2,0.2,0.2,pres+house+senate+statewide
2012,2000s,Indiana,IN,IN-07,,False,0,1,,Marion County,1,141916,89550,4675,236142,61.31,38.69,51.99,4.97,D+5.0,100.0,9.33,11.84,-3.09,-2.58,0.4,0.2,0.2,0.2,pres+house+senate+statewide
2012,2000s,Indiana,IN,IN-08,,False,17,1,Clay County; Daviess County; Gibson County; Greene County; Knox County; Martin County; Owen County; Parke County; Pike County; Posey County; Putnam County; Sullivan County; Vanderburgh County; Vermillion County; Vigo County; Warren County; Warrick County,Fountain County,18,108239,164711,6258,279208,39.66,60.34,51.99,-7.33,R+7.3,1.5,-12.33,-6.35,-3.09,-2.58,0.4,0.2,0.2,0.2,pres+house+senate+statewide
2012,2000s,Indiana,IN,IN-09,,False,17,3,Brown County; Clark County; Crawford County; Dubois County; Floyd County; Harrison County; Jackson County; Jefferson County; Jennings County; Ohio County; Orange County; Perry County; Ripley County; Scott County; Spencer County; Switzerland County; Washington County,Bartholomew County; Dearborn County; Monroe County,20,125466,168003,6985,300454,42.75,57.25,51.99,-6.12,R+6.1,22.3,-9.23,-6.46,-3.09,-2.58,0.4,0.2,0.2,0.2,pres+house+senate+statewide
2012,2000s,Kansas,KS,KS-01,,False,66,3,Barber County; Barton County; Chase County; Cheyenne County; Clark County; Clay County; Cloud County; Comanche County; Decatur County; Dickinson County; Edwards County; Ellis County; Ellsworth County; Finney County; Ford County; Gove County; Graham County; Grant County; Gray County; Greeley County; Hamilton County; Haskell County; Hodgeman County; Jewell County; Kearny County; Kiowa County; Lane County; Lincoln County; Logan County; Lyon County; McPherson County; Marion County; Marshall County; Meade County; Mitchell County; Morris County; Morton County; Ness County; Norton County; Osborne County; Ottawa County; Pawnee County; Phillips County; Pratt County; Rawlins County; Reno County; Republic County; Rice County; Rooks County; Rush County; Russell County; Saline County; Scott County; Seward County; Sheridan County; Sherman County; Smith County; Stafford County; Stanton County; Stevens County; Thomas County; Trego County; Wabaunsee County; Wallace County; Washington County; Wichita County,Geary County; Greenwood County; Nemaha County,69,64968,178266,5570,248805,26.71,73.29,51.99,-25.28,R+25.3,4.0,-25.28,,,,1.0,0.0,0.0,0.0,pres
2012,2000s,Kansas,KS,KS-02,,False,23,3,Allen County; Anderson County; Atchison County; Bourbon County; Brown County; Cherokee County; Coffey County; Crawford County; Doniphan County; Franklin County; Jackson County; Jefferson County; Labette County; Leavenworth County; Linn County; Miami County; Neosho County; Osage County; Pottawatomie County; Riley County; Shawnee County; Wilson County; Woodson County,Douglas County; Geary County; Nemaha County,26,123604,168480,7926,300009,42.32,57.68,51.99,-9.97,R+10.0,12.3,-9.67,-10.57,,,0.667,0.333,0.0,0.0,pres+house
2012,2000s,Kansas,KS,KS-03,,False,2,1,Johnson County; Wyandotte County,Douglas County,3,154106,179413,7811,341330,46.21,53.79,51.99,-5.78,R+5.8,4.5,-5.78,,,,1.0,0.0,0.0,0.0,pres
2012,2000s,Kansas,KS,KS-04,,False,10,1,Butler County; Chautauqua County; Cowley County; Elk County; Harper County; Harvey County; Kingman County; Montgomery County; Sedgwick County; Sumner County,Greenwood County,11,97230,163650,6508,267388,37.27,62.73,51.99,-15.59,R+15.6,0.5,-14.72,-17.34,,,0.667,0.333,0.0,0.0,pres+house
2012,2000s,Kentucky,KY,KY-01,,False,32,2,Adair County; Allen County; Ballard County; Butler County; Caldwell County; Calloway County; Carlisle County; Casey County; Christian County; Clinton County; Crittenden County; Cumberland County; Fulton County; Graves County; Henderson County; Hickman County; Hopkins County; Livingston County; Logan County; Lyon County; McCracken County; McLean County; Marshall County; Metcalfe County; Monroe County; Muhlenberg County; Russell County; Simpson County; Todd County; Trigg County; Union County; Webster County,Lincoln County; Ohio County,34,88600,186908,4259,279767,32.16,67.84,51.99,-16.08,R+16.1,2.1,-19.83,-20.62,,-4.03,0.5,0.25,0.0,0.25,pres+house+statewide
2012,2000s,Kentucky,KY,KY-02,,False,19,2,Barren County; Breckinridge County; Bullitt County; Daviess County; Edmonson County; Grayson County; Green County; Hancock County; Hardin County; Hart County; Larue County; Marion County; Meade County; Nelson County; Shelby County; Spencer County; Taylor County; Warren County; Washington County,Jefferson County; Ohio County,21,118026,196831,5057,319914,37.49,62.51,51.99,-12.75,R+12.8,7.2,-14.5,-17.99,,-4.03,0.5,0.25,0.0,0.25,pres+house+statewide
2012,2000s,Kentucky,KY,KY-03,,False,0,1,,Jefferson County,1,176853,140987,5517,323357,55.64,44.36,51.99,4.3,D+4.3,100.0,3.66,13.92,,-4.03,0.5,0.25,0.0,0.25,pres+house+statewide
2012,2000s,Kentucky,KY,KY-04,,False,22,2,Boone County; Boyd County; Bracken County; Campbell County; Carroll County; Carter County; Elliott County; Fleming County; Gallatin County; Grant County; Greenup County; Harrison County; Henry County; Kenton County; Lewis County; Mason County; Nicholas County; Oldham County; Owen County; Pendleton County; Robertson County; Trimble County,Bath County; Scott County,24,111453,197059,6069,314582,36.13,63.87,51.99,-12.68,R+12.7,3.8,-15.86,-14.99,,-4.03,0.5,0.25,0.0,0.25,pres+house+statewide
2012,2000s,Kentucky,KY,KY-05,,False,28,1,Bell County; Breathitt County; Clay County; Floyd County; Harlan County; Jackson County; Johnson County; Knott County; Knox County; Laurel County; Lawrence County; Lee County; Leslie County; Letcher County; McCreary County; Magoffin County; Martin County; Menifee County; Morgan County; Owsley County; Perry County; Pike County; Pulaski County; Rockcastle County; Rowan County; Wayne County; Whitley County; Wolfe County,Bath County,29,54795,184450,4127,243373,22.9,77.1,51.99,-22.78,R+22.8,0.4,-29.08,-28.91,,-4.03,0.5,0.25,0.0,0.25,pres+house+statewide
2012,2000s,Kentucky,KY,KY-06,,False,14,2,Anderson County; Bourbon County; Boyle County; Clark County; Estill County; Fayette County; Franklin County; Garrard County; Jessamine County; Madison County; Mercer County; Montgomery County; Powell County; Woodford County,Lincoln County; Scott County,16,129643,180954,6458,317055,41.74,58.26,51.99,-6.88,R+6.9,5.9,-10.25,-3.01,,-4.03,0.5,0.25,0.0,0.25,pres+house+statewide
2012,2000s,Louisiana,LA,LA-01,,False,3,3,St. Tammany Parish; Tangipahoa Parish; Washington Parish,Jefferson Parish; Orleans Parish; St. Charles Parish,6,67109,145228,4236,216573,31.6,68.4,51.99,-23.23,R+23.2,16.2,-20.38,-28.94,,,0.667,0.333,0.0,0.0,pres+house
2012,2000s,Louisiana,LA,LA-02,,False,0,2,,Jefferson Parish; Orleans Parish,2,140631,56476,3926,201033,71.35,28.65,51.99,23.28,D+23.3,100.0,19.36,31.11,,,0.667,0.333,0.0,0.0,pres+house
2012,2000s,Louisiana,LA,LA-03,,False,10,3,Assumption Parish; Iberia Parish; Lafourche Parish; Plaquemines Parish; St. Bernard Parish; St. James Parish; St. John the Baptist Parish; St. Martin Parish; St. Mary Parish; Terrebonne Parish,Ascension Parish; Jefferson Parish; St. Charles Parish,13,146545,240176,6872,393593,37.89,62.11,51.99,-14.09,R+14.1,40.9,-14.09,,,,1.0,0.0,0.0,0.0,pres
2012,2000s,Louisiana,LA,LA-04,,False,12,1,Beauregard Parish; Bienville Parish; Bossier Parish; Caddo Parish; Claiborne Parish; De Soto Parish; Grant Parish; Natchitoches Parish; Red River Parish; Sabine Parish; Vernon Parish; Webster Parish,Allen Parish,13,110911,166214,3641,280765,40.02,59.98,51.99,-11.96,R+12.0,1.6,-11.96,,,,1.0,0.0,0.0,0.0,pres
2012,2000s,Louisiana,LA,LA-05,,False,18,4,Avoyelles Parish; Caldwell Parish; Catahoula Parish; Concordia Parish; East Carroll Parish; Franklin Parish; Jackson Parish; La Salle Parish; Lincoln Parish; Madison Parish; Morehouse Parish; Ouachita Parish; Rapides Parish; Richland Parish; Tensas Parish; Union Parish; West Carroll Parish; Winn Parish,Allen Parish; Evangeline Parish; Iberville Parish; Pointe Coupee Parish,22,109226,180621,3818,293665,37.68,62.32,51.99,-14.3,R+14.3,11.4,-14.3,,,,1.0,0.0,0.0,0.0,pres
2012,2000s,Louisiana,LA,LA-06,,False,6,3,East Baton Rouge Parish; East Feliciana Parish; Livingston Parish; St. Helena Parish; West Baton Rouge Parish; West Feliciana Parish,Ascension Parish; Iberville Parish; Pointe Coupee Parish,9,137148,170051,5175,312373,44.64,55.36,51.99,-7.34,R+7.3,8.0,-7.34,,,,1.0,0.0,0.0,0.0,pres
2012,2000s,Louisiana,LA,LA-07,,False,7,1,Acadia Parish; Calcasieu Parish; Cameron Parish; Jefferson Davis Parish; Lafayette Parish; St. Landry Parish; Vermilion Parish,Evangeline Parish,8,97571,193496,4994,296062,33.52,66.48,51.99,-18.46,R+18.5,1.6,-18.46,,,,1.0,0.0,0.0,0.0,pres
2012,2000s,Massachusetts,MA,MA-01,,False,2,4,Berkshire County; Franklin County,Hampden County; Hampshire County; Middlesex County; Worcester County,6,314134,171963,11345,497443,64.62,35.38,51.99,10.44,D+10.4,79.4,12.64,,-2.37,18.84,0.5,0.0,0.25,0.25,pres+senate+statewide
2012,2000s,Massachusetts,MA,MA-02,,False,0,4,,Hampden County; Hampshire County; Norfolk County; Worcester County,4,146837,102266,4889,253992,58.95,41.05,51.99,7.6,D+7.6,100.0,6.96,,-2.37,18.84,0.5,0.0,0.25,0.25,pres+senate+statewide
2012,2000s,Massachusetts,MA,MA-03,,False,0,4,,Bristol County; Middlesex County; Norfolk County; Worcester County,4,157569,108323,4949,270841,59.26,40.74,51.99,9.2,D+9.2,100.0,7.28,14.97,-2.37,18.84,0.4,0.2,0.2,0.2,pres+house+senate+statewide
2012,2000s,Massachusetts,MA,MA-04,,False,0,4,,Bristol County; Middlesex County; Norfolk County; Plymouth County,4,213244,153587,6059,372889,58.13,41.87,51.99,8.15,D+8.2,100.0,6.15,12.0,-2.37,18.84,0.4,0.2,0.2,0.2,pres+house+senate+statewide
2012,2000s,Massachusetts,MA,MA-05,,False,0,3,,Essex County; Middlesex County; Worcester County,3,271652,162734,8512,442898,62.54,37.46,51.99,12.44,D+12.4,100.0,10.55,24.62,-2.37,18.84,0.4,0.2,0.2,0.2,pres+house+senate+statewide
2012,2000s,Massachusetts,MA,MA-06,,False,0,2,,Essex County; Middlesex County,2,211865,145408,5840,363113,59.3,40.7,51.99,6.14,D+6.1,100.0,7.32,-0.41,-2.37,18.84,0.4,0.2,0.2,0.2,pres+house+senate+statewide
2012,2000s,Massachusetts,MA,MA-07,,False,0,2,,Middlesex County; Suffolk County,2,124153,61335,3698,189187,66.93,33.07,51.99,11.59,D+11.6,100.0,14.95,,-2.37,18.84,0.5,0.0,0.25,0.25,pres+senate+statewide
2012,2000s,Massachusetts,MA,MA-08,,False,0,2,,Suffolk County; Middlesex County,2,120243,34056,2847,157146,77.93,22.07,51.99,18.72,D+18.7,100.0,25.94,25.23,-2.37,18.84,0.4,0.2,0.2,0.2,pres+house+senate+statewide
2012,2000s,Massachusetts,MA,MA-09,,False,0,4,,Bristol County; Norfolk County; Plymouth County; Suffolk County,4,188947,104457,4800,298205,64.4,35.6,51.99,10.91,D+10.9,100.0,12.41,13.23,-2.37,18.84,0.4,0.2,0.2,0.2,pres+house+senate+statewide
2012,2000s,Massachusetts,MA,MA-10,,False,3,2,Barnstable County; Dukes County; Nantucket County,Norfolk County; Plymouth County,5,173118,144331,4606,322054,54.53,45.47,51.99,5.39,D+5.4,53.4,2.55,,-2.37,18.84,0.5,0.0,0.25,0.25,pres+senate+statewide
2012,2000s,Maryland,MD,MD-01,,False,9,3,Caroline County; Cecil County; Dorchester County; Kent County; Queen Anne's County; Somerset County; Talbot County; Wicomico County; Worcester County,Anne Arundel County; Baltimore County; Harford County,12,165026,190800,8075,363901,46.38,53.62,51.99,-4.23,R+4.2,43.2,-5.61,-17.56,11.87,,0.5,0.25,0.25,0.0,pres+house+senate
2012,2000s,Maryland,MD,MD-02,,False,0,4,,Anne Arundel County; Baltimore County; Harford County; Baltimore City,4,142981,84770,5400,233151,62.78,37.22,51.99,12.57,D+12.6,100.0,10.79,16.81,11.87,,0.5,0.25,0.25,0.0,pres+house+senate
2012,2000s,Maryland,MD,MD-03,,False,0,4,,Anne Arundel County; Baltimore County; Howard County; Baltimore City,4,165167,83933,5748,254848,66.31,33.69,51.99,14.7,D+14.7,100.0,14.32,18.29,11.87,,0.5,0.25,0.25,0.0,pres+house+senate
2012,2000s,Maryland,MD,MD-04,,False,0,2,,Montgomery County; Prince George's County,2,215314,52491,4358,272163,80.4,19.6,51.99,24.13,D+24.1,100.0,28.41,27.84,11.87,,0.5,0.25,0.25,0.0,pres+house+senate
2012,2000s,Maryland,MD,MD-05,,False,3,2,Calvert County; Charles County; St. Mary's County,Anne Arundel County; Prince George's County,5,371613,141790,8615,522018,72.38,27.62,51.99,18.28,D+18.3,67.7,20.4,20.45,11.87,,0.5,0.25,0.25,0.0,pres+house+senate
2012,2000s,Maryland,MD,MD-06,,False,5,3,Allegany County; Carroll County; Frederick County; Garrett County; Washington County,Baltimore County; Harford County; Montgomery County,8,241049,272559,14072,527680,46.93,53.07,51.99,2.89,D+2.9,41.2,-5.05,9.78,11.87,,0.5,0.25,0.25,0.0,pres+house+senate
2012,2000s,Maryland,MD,MD-07,,False,0,3,,Baltimore County; Howard County; Baltimore City,3,184989,72405,5870,263264,71.87,28.13,51.99,19.81,D+19.8,100.0,19.88,27.61,11.87,,0.5,0.25,0.25,0.0,pres+house+senate
2012,2000s,Maryland,MD,MD-08,,False,0,1,,Montgomery County,1,191705,73121,5477,270302,72.39,27.61,51.99,16.87,D+16.9,100.0,20.4,14.81,11.87,,0.5,0.25,0.25,0.0,pres+house+senate
2012,2000s,Maine,ME,ME-01,,False,5,1,Cumberland County; Knox County; Lincoln County; Sagadahoc County; York County,Kennebec County,6,225600,146762,9706,382068,60.59,39.41,51.99,1.24,D+1.2,12.2,8.6,13.78,-26.01,,0.5,0.25,0.25,0.0,pres+house+senate
2012,2000s,Maine,ME,ME-02,,False,10,1,Androscoggin County; Aroostook County; Franklin County; Hancock County; Oxford County; Penobscot County; Piscataquis County; Somerset County; Waldo County; Washington County,Kennebec County,11,173635,144656,9767,328058,54.55,45.45,51.99,-3.42,R+3.4,5.1,2.57,7.18,-26.01,,0.5,0.25,0.25,0.0,pres+house+senate
2012,2000s,Michigan,MI,MI-01,,False,30,1,Alcona County; Alger County; Alpena County; Antrim County; Arenac County; Baraga County; Charlevoix County; Cheboygan County; Chippewa County; Crawford County; Delta County; Dickinson County; Emmet County; Gladwin County; Gogebic County; Houghton County; Iosco County; Iron County; Keweenaw County; Luce County; Mackinac County; Marquette County; Menominee County; Montmorency County; Ogemaw County; Ontonagon County; Oscoda County; Otsego County; Presque Isle County; Schoolcraft County,Bay County,31,156290,178026,5440,339756,46.75,53.25,51.99,-0.72,R+0.7,11.0,-5.24,-1.3,4.61,3.58,0.4,0.2,0.2,0.2,pres+house+senate+statewide
2012,2000s,Michigan,MI,MI-02,,False,9,2,Benzie County; Lake County; Manistee County; Mason County; Muskegon County; Newaygo County; Oceana County; Ottawa County; Wexford County,Allegan County; Kent County,11,155266,201357,5297,361921,43.54,56.46,51.99,-4.77,R+4.8,17.3,-8.45,-15.15,4.61,3.58,0.4,0.2,0.2,0.2,pres+house+senate+statewide
2012,2000s,Michigan,MI,MI-03,,False,2,1,Barry County; Ionia County,Kent County,3,135639,163194,5126,303960,45.39,54.61,51.99,-2.08,R+2.1,82.1,-6.6,-5.38,4.61,3.58,0.4,0.2,0.2,0.2,pres+house+senate+statewide
2012,2000s,Michigan,MI,MI-04,,False,12,2,Clare County; Grand Traverse County; Gratiot County; Isabella County; Kalkaska County; Leelanau County; Mecosta County; Midland County; Missaukee County; Montcalm County; Osceola County; Roscommon County,Saginaw County; Shiawassee County,14,158733,171457,4926,335115,48.07,51.93,51.99,-3.19,R+3.2,28.6,-3.91,-16.29,4.61,3.58,0.4,0.2,0.2,0.2,pres+house+senate+statewide
2012,2000s,Michigan,MI,MI-05,,False,2,2,Genesee County; Tuscola County,Bay County; Saginaw County,4,160206,102522,3892,266620,60.98,39.02,51.99,8.5,D+8.5,13.8,8.99,16.35,4.61,3.58,0.4,0.2,0.2,0.2,pres+house+senate+statewide
2012,2000s,Michigan,MI,MI-06,,False,5,2,Berrien County; Cass County; Kalamazoo County; St. Joseph County; Van Buren County,Allegan County; Calhoun County,7,154202,155088,4673,313963,49.86,50.14,51.99,-0.65,R+0.6,12.3,-2.13,-7.17,4.61,3.58,0.4,0.2,0.2,0.2,pres+house+senate+statewide
2012,2000s,Michigan,MI,MI-07,,False,5,2,Branch County; Eaton County; Hillsdale County; Jackson County; Lenawee County,Calhoun County; Washtenaw County,7,207660,172401,5778,385839,54.64,45.36,51.99,1.42,D+1.4,46.7,2.65,-6.38,4.61,3.58,0.4,0.2,0.2,0.2,pres+house+senate+statewide
2012,2000s,Michigan,MI,MI-08,,False,3,2,Clinton County; Ingham County; Livingston County,Oakland County; Shiawassee County,5,264522,235652,6910,507083,52.89,47.11,51.99,-0.43,R+0.4,47.5,0.9,-12.13,4.61,3.58,0.4,0.2,0.2,0.2,pres+house+senate+statewide
2012,2000s,Michigan,MI,MI-09,,False,0,1,,Oakland County,1,124369,105665,2870,232904,54.07,45.93,51.99,5.17,D+5.2,100.0,2.08,13.52,4.61,3.58,0.4,0.2,0.2,0.2,pres+house+senate+statewide
2012,2000s,Michigan,MI,MI-10,,False,4,1,Huron County; Lapeer County; St. Clair County; Sanilac County,Macomb County,5,227211,231035,6262,464509,49.58,50.42,51.99,-3.49,R+3.5,67.4,-2.4,-20.83,4.61,3.58,0.4,0.2,0.2,0.2,pres+house+senate+statewide
2012,2000s,Michigan,MI,MI-11,,False,0,2,,Oakland County; Wayne County,2,269954,138704,4595,413253,66.06,33.94,51.99,6.39,D+6.4,100.0,14.07,-4.38,4.61,3.58,0.4,0.2,0.2,0.2,pres+house+senate+statewide
2012,2000s,Michigan,MI,MI-12,,False,0,2,,Macomb County; Oakland County,2,66529,59976,1714,128219,52.59,47.41,51.99,5.73,D+5.7,100.0,0.6,19.27,4.61,3.58,0.4,0.2,0.2,0.2,pres+house+senate+statewide
2012,2000s,Michigan,MI,MI-13,,False,0,1,,Wayne County,1,104273,37417,1483,143174,73.59,26.41,51.99,17.06,D+17.1,100.0,21.61,33.91,4.61,3.58,0.4,0.2,0.2,0.2,pres+house+senate+statewide
2012,2000s,Michigan,MI,MI-14,,False,0,1,,Wayne County,1,117978,42335,1678,161991,73.59,26.41,51.99,16.97,D+17.0,100.0,21.61,33.47,4.61,3.58,0.4,0.2,0.2,0.2,pres+house+senate+statewide
2012,2000s,Michigan,MI,MI-15,,False,1,2,Monroe County,Washtenaw County; Wayne County,3,261739,120426,4775,386939,68.49,31.51,51.99,10.3,D+10.3,81.1,16.5,,4.61,3.58,0.5,0.0,0.25,0.25,pres+senate+statewide
2012,2000s,Minnesota,MN,MN-01,,False,22,0,Blue Earth County; Brown County; Cottonwood County; Dodge County; Faribault County; Fillmore County; Freeborn County; Houston County; Jackson County; Martin County; Mower County; Murray County; Nicollet County; Nobles County; Olmsted County; Pipestone County; Rock County; Steele County; Wabasha County; Waseca County; Watonwan County; Winona County,,22,166471,162100,8977,337548,50.67,49.33,51.99,-5.58,R+5.6,0.0,-1.32,,11.98,-31.66,0.5,0.0,0.25,0.25,pres+senate+statewide
2012,2000s,Minnesota,MN,MN-02,,False,5,2,Carver County; Goodhue County; Le Sueur County; Rice County; Scott County,Dakota County; Washington County,7,211057,224503,9732,445292,48.46,51.54,51.99,-6.69,R+6.7,55.7,-3.53,,11.98,-31.66,0.5,0.0,0.25,0.25,pres+senate+statewide
2012,2000s,Minnesota,MN,MN-03,,False,0,2,,Anoka County; Hennepin County,2,349428,200023,13249,562699,63.6,36.4,51.99,0.88,D+0.9,100.0,11.61,,11.98,-31.66,0.5,0.0,0.25,0.25,pres+senate+statewide
2012,2000s,Minnesota,MN,MN-04,,False,1,2,Ramsey County,Dakota County; Washington County,3,194251,95747,7474,297471,66.98,33.02,51.99,2.58,D+2.6,6.3,15.0,,11.98,-31.66,0.5,0.0,0.25,0.25,pres+senate+statewide
2012,2000s,Minnesota,MN,MN-05,,False,0,2,,Anoka County; Hennepin County,2,82272,48187,3146,133605,63.06,36.94,51.99,0.62,D+0.6,100.0,11.08,,11.98,-31.66,0.5,0.0,0.25,0.25,pres+senate+statewide
2012,2000s,Minnesota,MN,MN-06,,False,3,3,Benton County; Sherburne County; Wright County,Anoka County; Stearns County; Washington County,6,207451,245043,10678,463172,45.85,54.15,51.99,-7.99,R+8.0,71.1,-6.14,,11.98,-31.66,0.5,0.0,0.25,0.25,pres+senate+statewide
2012,2000s,Minnesota,MN,MN-07,,False,33,2,Becker County; Big Stone County; Chippewa County; Clay County; Clearwater County; Douglas County; Grant County; Kandiyohi County; Kittson County; Lac qui Parle County; Lake of the Woods County; Lincoln County; Lyon County; McLeod County; Mahnomen County; Marshall County; Meeker County; Norman County; Otter Tail County; Pennington County; Polk County; Pope County; Red Lake County; Redwood County; Renville County; Roseau County; Sibley County; Stevens County; Swift County; Todd County; Traverse County; Wilkin County; Yellow Medicine County,Beltrami County; Stearns County,35,150264,180413,8104,338782,45.44,54.56,51.99,-8.19,R+8.2,13.2,-6.54,,11.98,-31.66,0.5,0.0,0.25,0.25,pres+senate+statewide
2012,2000s,Minnesota,MN,MN-08,,False,17,1,Aitkin County; Carlton County; Cass County; Chisago County; Cook County; Crow Wing County; Hubbard County; Isanti County; Itasca County; Kanabec County; Koochiching County; Lake County; Mille Lacs County; Morrison County; Pine County; St. Louis County; Wadena County,Beltrami County,18,184973,164210,8810,357993,52.97,47.03,51.99,-4.43,R+4.4,0.9,0.99,,11.98,-31.66,0.5,0.0,0.25,0.25,pres+senate+statewide
2012,2000s,Missouri,MO,MO-01,,False,0,2,,St. Louis County; St. Louis City,2,175573,94007,4331,273911,65.13,34.87,51.99,12.84,D+12.8,100.0,13.14,30.48,2.21,5.23,0.4,0.2,0.2,0.2,pres+house+senate+statewide
2012,2000s,Missouri,MO,MO-02,,False,1,2,Lincoln County,St. Charles County; St. Louis County,3,205562,200006,7334,412902,50.68,49.32,51.99,-1.6,R+1.6,94.5,-1.3,-12.85,2.21,5.23,0.4,0.2,0.2,0.2,pres+house+senate+statewide
2012,2000s,Missouri,MO,MO-03,,False,2,2,Jefferson County; Ste. Genevieve County,St. Louis County; St. Louis City,4,133705,96748,4739,235192,58.02,41.98,51.99,0.53,D+0.5,54.9,6.03,-16.88,2.21,5.23,0.4,0.2,0.2,0.2,pres+house+senate+statewide
2012,2000s,Missouri,MO,MO-04,,False,21,4,Barton County; Bates County; Benton County; Cedar County; Cole County; Dade County; Dallas County; Henry County; Hickory County; Johnson County; Laclede County; Lafayette County; Moniteau County; Morgan County; Pettis County; Pulaski County; Ray County; St. Clair County; Saline County; Vernon County; Webster County,Camden County; Cass County; Jackson County; Polk County,25,107708,205497,7380,320585,34.39,65.61,51.99,-8.34,R+8.3,25.7,-17.6,-13.97,2.21,5.23,0.4,0.2,0.2,0.2,pres+house+senate+statewide
2012,2000s,Missouri,MO,MO-05,,False,0,2,,Cass County; Jackson County,2,128009,88106,3848,219963,59.23,40.77,51.99,6.61,D+6.6,100.0,7.25,11.1,2.21,5.23,0.4,0.2,0.2,0.2,pres+house+senate+statewide
2012,2000s,Missouri,MO,MO-06,,False,25,1,Andrew County; Atchison County; Buchanan County; Caldwell County; Carroll County; Chariton County; Clay County; Clinton County; Cooper County; Daviess County; DeKalb County; Gentry County; Grundy County; Harrison County; Holt County; Howard County; Linn County; Livingston County; Mercer County; Nodaway County; Platte County; Putnam County; Schuyler County; Sullivan County; Worth County,Jackson County,26,162849,197021,8201,368071,45.25,54.75,51.99,-4.74,R+4.7,22.9,-6.73,-17.67,2.21,5.23,0.4,0.2,0.2,0.2,pres+house+senate+statewide
2012,2000s,Missouri,MO,MO-07,,False,8,2,Barry County; Christian County; Greene County; Jasper County; Lawrence County; McDonald County; Newton County; Stone County,Polk County; Taney County,10,92772,203513,7136,303420,31.31,68.69,51.99,-10.46,R+10.5,5.0,-20.67,-18.4,2.21,5.23,0.4,0.2,0.2,0.2,pres+house+senate+statewide
2012,2000s,Missouri,MO,MO-08,,False,27,1,Bollinger County; Butler County; Cape Girardeau County; Carter County; Dent County; Douglas County; Dunklin County; Howell County; Iron County; Madison County; Mississippi County; New Madrid County; Oregon County; Ozark County; Pemiscot County; Perry County; Phelps County; Reynolds County; Ripley County; St. Francois County; Scott County; Shannon County; Stoddard County; Texas County; Washington County; Wayne County; Wright County,Taney County,28,83089,185974,6217,275280,30.88,69.12,51.99,-12.07,R+12.1,4.9,-21.1,-25.57,2.21,5.23,0.4,0.2,0.2,0.2,pres+house+senate+statewide
2012,2000s,Missouri,MO,MO-09,,False,23,2,Adair County; Audrain County; Boone County; Callaway County; Clark County; Crawford County; Franklin County; Gasconade County; Knox County; Lewis County; Macon County; Maries County; Marion County; Miller County; Monroe County; Montgomery County; Osage County; Pike County; Ralls County; Randolph County; Scotland County; Shelby County; Warren County,Camden County; St. Charles County,25,134528,211567,8268,354364,38.87,61.13,51.99,-4.7,R+4.7,19.8,-13.11,,2.21,5.23,0.5,0.0,0.25,0.25,pres+senate+statewide
2012,2000s,Mississippi,MS,MS-01,,False,22,2,Alcorn County; Benton County; Calhoun County; Chickasaw County; Choctaw County; Clay County; DeSoto County; Grenada County; Itawamba County; Lafayette County; Lee County; Lowndes County; Marshall County; Monroe County; Panola County; Pontotoc County; Prentiss County; Tate County; Tippah County; Tishomingo County; Union County; Yalobusha County,Webster County; Winston County,24,130740,209026,3725,343492,38.48,61.52,51.99,-13.69,R+13.7,1.6,-13.51,-13.09,-14.64,,0.5,0.25,0.25,0.0,pres+house+senate
2012,2000s,Mississippi,MS,MS-02,,False,20,3,Attala County; Bolivar County; Carroll County; Claiborne County; Coahoma County; Copiah County; Holmes County; Humphreys County; Issaquena County; Jefferson County; Leflore County; Montgomery County; Quitman County; Sharkey County; Sunflower County; Tallahatchie County; Tunica County; Warren County; Washington County; Yazoo County,Hinds County; Leake County; Madison County,23,206208,112366,1988,320562,64.73,35.27,51.99,7.07,D+7.1,43.8,12.74,17.42,-14.64,,0.5,0.25,0.25,0.0,pres+house+senate
2012,2000s,Mississippi,MS,MS-03,,False,20,8,Adams County; Amite County; Covington County; Franklin County; Jefferson Davis County; Kemper County; Lauderdale County; Lawrence County; Lincoln County; Neshoba County; Newton County; Noxubee County; Oktibbeha County; Pike County; Rankin County; Scott County; Simpson County; Smith County; Walthall County; Wilkinson County,Hinds County; Jasper County; Jones County; Leake County; Madison County; Marion County; Webster County; Winston County,28,130993,188235,2704,321932,41.03,58.97,51.99,-12.18,R+12.2,14.3,-10.95,,-14.64,,0.667,0.0,0.333,0.0,pres+senate
2012,2000s,Mississippi,MS,MS-04,,False,12,3,Clarke County; Forrest County; George County; Greene County; Hancock County; Harrison County; Jackson County; Lamar County; Pearl River County; Perry County; Stone County; Wayne County,Jasper County; Jones County; Marion County,15,95008,201119,3472,299598,32.08,67.92,51.99,-18.61,R+18.6,13.5,-19.9,-19.98,-14.64,,0.5,0.25,0.25,0.0,pres+house+senate
2012,2000s,Montana,MT,MT-AL,,True,0,0,,,56,201839,267928,14772,484539,42.97,57.03,51.99,-5.79,R+5.8,0.0,-9.02,-6.5,-4.15,-0.24,0.4,0.2,0.2,0.2,pres+house+senate+statewide
2012,2000s,North Carolina,NC,NC-01,,False,13,10,Bertie County; Chowan County; Edgecombe County; Gates County; Greene County; Halifax County; Hertford County; Martin County; Northampton County; Pasquotank County; Perquimans County; Warren County; Washington County,Beaufort County; Craven County; Granville County; Jones County; Lenoir County; Nash County; Pitt County; Vance County; Wayne County; Wilson County,23,162975,124278,2084,289336,56.74,43.26,51.99,7.58,D+7.6,44.7,4.75,25.7,,-4.9,0.5,0.25,0.0,0.25,pres+house+statewide
2012,2000s,North Carolina,NC,NC-02,,False,4,6,Franklin County; Harnett County; Johnston County; Lee County,Chatham County; Cumberland County; Nash County; Sampson County; Vance County; Wake County,10,149663,171643,3720,325026,46.58,53.42,51.99,-6.04,R+6.0,46.9,-5.41,-8.45,,-4.9,0.5,0.25,0.0,0.25,pres+house+statewide
2012,2000s,North Carolina,NC,NC-03,,False,8,9,Camden County; Carteret County; Currituck County; Dare County; Hyde County; Onslow County; Pamlico County; Tyrrell County,Beaufort County; Craven County; Duplin County; Jones County; Lenoir County; Nash County; Pitt County; Wayne County; Wilson County,17,129983,175857,3398,309238,42.5,57.5,51.99,-9.5,R+9.5,57.4,-9.48,-14.12,,-4.9,0.5,0.25,0.0,0.25,pres+house+statewide
2012,2000s,North Carolina,NC,NC-04,,False,2,2,Durham County; Orange County,Chatham County; Wake County,4,298281,161295,6800,466376,64.9,35.1,51.99,11.1,D+11.1,52.1,12.92,23.46,,-4.9,0.5,0.25,0.0,0.25,pres+house+statewide
2012,2000s,North Carolina,NC,NC-05,,False,9,3,Alexander County; Alleghany County; Ashe County; Davie County; Stokes County; Surry County; Watauga County; Wilkes County; Yadkin County,Forsyth County; Iredell County; Rockingham County,12,147339,219778,5560,372677,40.13,59.87,51.99,-9.29,R+9.3,51.6,-11.85,-8.56,,-4.9,0.5,0.25,0.0,0.25,pres+house+statewide
2012,2000s,North Carolina,NC,NC-06,,False,2,4,Moore County; Randolph County,Alamance County; Davidson County; Guilford County; Rowan County,6,189254,236494,4878,430626,44.45,55.55,51.99,-7.97,R+8.0,75.1,-7.53,-11.92,,-4.9,0.5,0.25,0.0,0.25,pres+house+statewide
2012,2000s,North Carolina,NC,NC-07,,False,6,3,Bladen County; Brunswick County; Columbus County; New Hanover County; Pender County; Robeson County,Cumberland County; Duplin County; Sampson County,9,190884,191583,4322,386788,49.91,50.09,51.99,-2.49,R+2.5,30.5,-2.08,-0.92,,-4.9,0.5,0.25,0.0,0.25,pres+house+statewide
2012,2000s,North Carolina,NC,NC-08,,False,6,4,Anson County; Hoke County; Montgomery County; Richmond County; Scotland County; Stanly County,Cabarrus County; Cumberland County; Mecklenburg County; Union County,10,119368,138908,3048,261324,46.22,53.78,51.99,-5.35,R+5.4,61.0,-5.77,-4.97,,-4.9,0.5,0.25,0.0,0.25,pres+house+statewide
2012,2000s,North Carolina,NC,NC-09,,False,0,3,,Gaston County; Mecklenburg County; Union County,3,217860,189205,4752,411817,53.52,46.48,51.99,-1.5,R+1.5,100.0,1.53,-4.16,,-4.9,0.5,0.25,0.0,0.25,pres+house+statewide
2012,2000s,North Carolina,NC,NC-10,,False,7,3,Avery County; Burke County; Caldwell County; Catawba County; Cleveland County; Lincoln County; Mitchell County,Gaston County; Iredell County; Rutherford County,10,103862,196263,4258,304383,34.61,65.39,51.99,-11.92,R+11.9,22.3,-17.38,-8.0,,-4.9,0.5,0.25,0.0,0.25,pres+house+statewide
2012,2000s,North Carolina,NC,NC-11,,False,14,1,Buncombe County; Cherokee County; Clay County; Graham County; Haywood County; Henderson County; Jackson County; McDowell County; Macon County; Madison County; Polk County; Swain County; Transylvania County; Yancey County,Rutherford County,15,151026,183948,6049,341024,45.09,54.91,51.99,-6.78,R+6.8,1.9,-6.9,-8.44,,-4.9,0.5,0.25,0.0,0.25,pres+house+statewide
2012,2000s,North Carolina,NC,NC-12,,False,0,6,,Cabarrus County; Davidson County; Forsyth County; Guilford County; Mecklenburg County; Rowan County,6,141116,123257,3125,267497,53.38,46.62,51.99,6.63,D+6.6,100.0,1.39,28.64,,-4.9,0.5,0.25,0.0,0.25,pres+house+statewide
2012,2000s,North Carolina,NC,NC-13,,False,2,5,Caswell County; Person County,Alamance County; Granville County; Guilford County; Rockingham County; Wake County,7,176781,157888,4593,339261,52.82,47.18,51.99,-2.76,R+2.8,91.1,0.84,-7.81,,-4.9,0.5,0.25,0.0,0.25,pres+house+statewide
2012,2000s,North Dakota,ND,ND-AL,,True,0,0,,,53,124827,188163,9636,322626,39.88,60.12,51.99,-10.71,R+10.7,0.0,-12.1,-7.84,-5.68,-15.83,0.4,0.2,0.2,0.2,pres+house+senate+statewide
2012,2000s,Nebraska,NE,NE-01,,False,22,2,Burt County; Butler County; Cass County; Colfax County; Cuming County; Dakota County; Dixon County; Dodge County; Gage County; Johnson County; Lancaster County; Madison County; Nemaha County; Otoe County; Pawnee County; Richardson County; Saunders County; Seward County; Stanton County; Thurston County; Washington County; Wayne County,Cedar County; Sarpy County,24,123625,174100,6870,304595,41.52,58.48,51.99,-13.54,R+13.5,16.2,-10.46,-19.31,-13.92,,0.5,0.25,0.25,0.0,pres+house+senate
2012,2000s,Nebraska,NE,NE-02,,False,1,1,Douglas County,Sarpy County,2,115231,127437,4779,247447,47.48,52.52,51.99,-6.23,R+6.2,9.5,-4.5,-2.01,-13.92,,0.5,0.25,0.25,0.0,pres+house+senate
2012,2000s,Nebraska,NE,NE-03,,False,68,1,Adams County; Antelope County; Arthur County; Banner County; Blaine County; Boone County; Box Butte County; Boyd County; Brown County; Buffalo County; Chase County; Cherry County; Cheyenne County; Clay County; Custer County; Dawes County; Dawson County; Deuel County; Dundy County; Fillmore County; Franklin County; Frontier County; Furnas County; Garden County; Garfield County; Gosper County; Grant County; Greeley County; Hall County; Hamilton County; Harlan County; Hayes County; Hitchcock County; Holt County; Hooker County; Howard County; Jefferson County; Kearney County; Keith County; Keya Paha County; Kimball County; Knox County; Lincoln County; Logan County; Loup County; McPherson County; Merrick County; Morrill County; Nance County; Nuckolls County; Perkins County; Phelps County; Pierce County; Platte County; Polk County; Red Willow County; Rock County; Saline County; Scotts Bluff County; Sheridan County; Sherman County; Sioux County; Thayer County; Thomas County; Valley County; Webster County; Wheeler County; York County,Cedar County,69,63225,173527,5584,242337,26.71,73.29,51.99,-22.42,R+22.4,1.2,-25.28,-25.18,-13.92,,0.5,0.25,0.25,0.0,pres+house+senate
2012,2000s,New Hampshire,NH,NH-01,,False,2,4,Carroll County; Strafford County,Belknap County; Hillsborough County; Merrimack County; Rockingham County,6,154331,153017,4721,312068,50.21,49.79,51.99,0.65,D+0.6,70.3,-1.77,0.95,,5.17,0.5,0.25,0.0,0.25,pres+house+statewide
2012,2000s,New Hampshire,NH,NH-02,,False,4,4,Cheshire County; Coos County; Grafton County; Sullivan County,Belknap County; Hillsborough County; Merrimack County; Rockingham County,8,215230,176901,6772,398904,54.89,45.11,51.99,3.13,D+3.1,67.9,2.9,1.53,,5.17,0.5,0.25,0.0,0.25,pres+house+statewide
2012,2000s,New Jersey,NJ,NJ-01,,False,0,2,,Camden County; Gloucester County,2,150310,81288,3118,234716,64.9,35.1,51.99,11.96,D+12.0,100.0,12.92,18.23,3.78,,0.5,0.25,0.25,0.0,pres+house+senate
2012,2000s,New Jersey,NJ,NJ-02,,False,4,3,Atlantic County; Cape May County; Cumberland County; Salem County,Burlington County; Camden County; Gloucester County,7,219593,163260,5038,387890,57.36,42.64,51.99,1.16,D+1.2,36.5,5.37,-9.88,3.78,,0.5,0.25,0.25,0.0,pres+house+senate
2012,2000s,New Jersey,NJ,NJ-03,,False,0,3,,Burlington County; Camden County; Ocean County,3,160375,149346,3779,313500,51.78,48.22,51.99,-0.54,R+0.5,100.0,-0.2,-5.51,3.78,,0.5,0.25,0.25,0.0,pres+house+senate
2012,2000s,New Jersey,NJ,NJ-04,,False,0,4,,Burlington County; Mercer County; Monmouth County; Ocean County,4,169060,170986,4989,345036,49.72,50.28,51.99,-5.18,R+5.2,100.0,-2.27,-19.95,3.78,,0.5,0.25,0.25,0.0,pres+house+senate
2012,2000s,New Jersey,NJ,NJ-05,,False,1,3,Warren County,Bergen County; Passaic County; Sussex County,4,262227,219186,6216,487628,54.47,45.53,51.99,0.36,D+0.4,90.7,2.49,-7.3,3.78,,0.5,0.25,0.25,0.0,pres+house+senate
2012,2000s,New Jersey,NJ,NJ-06,,False,0,3,,Middlesex County; Monmouth County; Union County,3,91174,65350,2069,158592,58.25,41.75,51.99,7.39,D+7.4,100.0,6.26,13.26,3.78,,0.5,0.25,0.25,0.0,pres+house+senate
2012,2000s,New Jersey,NJ,NJ-07,,False,0,4,,Hunterdon County; Middlesex County; Somerset County; Union County,4,176590,126428,3795,306814,58.28,41.72,51.99,1.63,D+1.6,100.0,6.29,-9.84,3.78,,0.5,0.25,0.25,0.0,pres+house+senate
2012,2000s,New Jersey,NJ,NJ-08,,False,0,2,,Essex County; Passaic County,2,119748,43880,1369,164997,73.18,26.82,51.99,18.95,D+19.0,100.0,21.2,29.63,3.78,,0.5,0.25,0.25,0.0,pres+house+senate
2012,2000s,New Jersey,NJ,NJ-09,,False,0,2,,Bergen County; Hudson County,2,124760,69009,2146,195915,64.39,35.61,51.99,13.07,D+13.1,100.0,12.4,23.71,3.78,,0.5,0.25,0.25,0.0,pres+house+senate
2012,2000s,New Jersey,NJ,NJ-10,,False,0,3,,Essex County; Hudson County; Union County,3,113865,39081,1320,154266,74.45,25.55,51.99,21.73,D+21.7,100.0,22.46,38.23,3.78,,0.5,0.25,0.25,0.0,pres+house+senate
2012,2000s,New Jersey,NJ,NJ-11,,False,1,4,Morris County,Essex County; Passaic County; Somerset County; Sussex County,5,191012,161110,4005,356127,54.25,45.75,51.99,-0.56,R+0.6,35.8,2.26,-10.53,3.78,,0.5,0.25,0.25,0.0,pres+house+senate
2012,2000s,New Jersey,NJ,NJ-12,,False,0,5,,Hunterdon County; Mercer County; Middlesex County; Monmouth County; Somerset County,5,227594,151726,6221,385541,60.0,40.0,51.99,9.73,D+9.7,100.0,8.02,19.11,3.78,,0.5,0.25,0.25,0.0,pres+house+senate
2012,2000s,New Jersey,NJ,NJ-13,,False,0,4,,Essex County; Hudson County; Middlesex County; Union County,4,120303,38099,1717,160118,75.95,24.05,51.99,17.23,D+17.2,100.0,23.96,,3.78,,0.667,0.0,0.333,0.0,pres+senate
2012,2000s,New Mexico,NM,NM-01,,False,1,4,Torrance County,Bernalillo County; Sandoval County; Santa Fe County; Valencia County,5,105229,76974,9872,192074,57.75,42.25,51.99,3.3,D+3.3,96.7,5.77,8.16,-3.17,-0.03,0.4,0.2,0.2,0.2,pres+house+senate+statewide
2012,2000s,New Mexico,NM,NM-02,,False,15,3,Catron County; Chaves County; Cibola County; De Baca County; Doña Ana County; Eddy County; Grant County; Guadalupe County; Hidalgo County; Lea County; Lincoln County; Luna County; Otero County; Sierra County; Socorro County,Bernalillo County; McKinley County; Valencia County,18,154470,153270,12457,320196,50.2,49.8,51.99,-3.38,R+3.4,37.4,-1.79,-10.11,-3.17,-0.03,0.4,0.2,0.2,0.2,pres+house+senate+statewide
2012,2000s,New Mexico,NM,NM-03,,False,12,3,Colfax County; Curry County; Harding County; Los Alamos County; Mora County; Quay County; Rio Arriba County; Roosevelt County; San Juan County; San Miguel County; Taos County; Union County,McKinley County; Sandoval County; Santa Fe County,15,155636,105544,10305,271486,59.59,40.41,51.99,4.81,D+4.8,51.0,7.6,12.03,-3.17,-0.03,0.4,0.2,0.2,0.2,pres+house+senate+statewide
2012,2000s,Nevada,NV,NV-01,,False,0,1,,Clark County,1,8579,6359,268,15206,57.43,42.57,51.99,4.98,D+5.0,100.0,5.44,15.83,-6.78,,0.5,0.25,0.25,0.0,pres+house+senate
2012,2000s,Nevada,NV,NV-02,,False,16,1,Churchill County; Douglas County; Elko County; Esmeralda County; Eureka County; Humboldt County; Lander County; Lincoln County; Lyon County; Mineral County; Nye County; Pershing County; Storey County; Washoe County; White Pine County; Carson City,Clark County,17,293512,287245,12535,593292,50.54,49.46,51.99,-5.53,R+5.5,45.4,-1.45,-12.43,-6.78,,0.5,0.25,0.25,0.0,pres+house+senate
2012,2000s,Nevada,NV,NV-03,,False,0,1,,Clark County,1,229282,169963,7174,406420,57.43,42.57,51.99,-0.23,R+0.2,100.0,5.44,-5.03,-6.78,,0.5,0.25,0.25,0.0,pres+house+senate
2012,2000s,New York,NY,NY-01,,False,0,1,,Suffolk County,1,216200,200595,5728,422523,51.87,48.13,51.99,4.62,D+4.6,100.0,-0.11,1.48,18.35,3.5,0.4,0.2,0.2,0.2,pres+house+senate+statewide
2012,2000s,New York,NY,NY-02,,False,0,2,,Nassau County; Suffolk County,2,89072,81584,2268,172924,52.19,47.81,51.99,2.51,D+2.5,100.0,0.21,-9.71,18.35,3.5,0.4,0.2,0.2,0.2,pres+house+senate+statewide
2012,2000s,New York,NY,NY-03,,False,0,2,,Nassau County; Suffolk County,2,164576,141960,3427,309963,53.69,46.31,51.99,6.5,D+6.5,100.0,1.7,7.23,18.35,3.5,0.4,0.2,0.2,0.2,pres+house+senate+statewide
2012,2000s,New York,NY,NY-04,,False,0,1,,Nassau County,1,95332,81668,1936,178936,53.86,46.14,51.99,8.05,D+8.1,100.0,1.87,14.66,18.35,3.5,0.4,0.2,0.2,0.2,pres+house+senate+statewide
2012,2000s,New York,NY,NY-05,,False,0,2,,Nassau County; Queens County,2,156788,64652,2294,223735,70.8,29.2,51.99,19.76,D+19.8,100.0,18.82,39.32,18.35,3.5,0.4,0.2,0.2,0.2,pres+house+senate+statewide
2012,2000s,New York,NY,NY-06,,False,0,1,,Queens County,1,169236,42635,2130,214000,79.88,20.12,51.99,19.06,D+19.1,100.0,27.89,17.67,18.35,3.5,0.4,0.2,0.2,0.2,pres+house+senate+statewide
2012,2000s,New York,NY,NY-07,,False,0,2,,Bronx County; Queens County,2,186590,22067,1221,209878,89.42,10.58,51.99,24.18,D+24.2,100.0,37.44,,18.35,3.5,0.5,0.0,0.25,0.25,pres+senate+statewide
2012,2000s,New York,NY,NY-08,,False,0,2,,Kings County; New York County,2,211166,39713,3174,254053,84.17,15.83,51.99,25.29,D+25.3,100.0,32.19,40.24,18.35,3.5,0.4,0.2,0.2,0.2,pres+house+senate+statewide
2012,2000s,New York,NY,NY-09,,False,0,2,,Kings County; Queens County,2,220783,50104,2854,273741,81.5,18.5,51.99,23.63,D+23.6,100.0,29.52,37.25,18.35,3.5,0.4,0.2,0.2,0.2,pres+house+senate+statewide
2012,2000s,New York,NY,NY-10,,False,0,1,,Kings County,1,149902,30889,1981,182772,82.91,17.09,51.99,22.69,D+22.7,100.0,30.93,29.76,18.35,3.5,0.4,0.2,0.2,0.2,pres+house+senate+statewide
2012,2000s,New York,NY,NY-11,,False,0,1,,Kings County,1,102755,21174,1358,125287,82.91,17.09,51.99,15.99,D+16.0,100.0,30.93,-3.75,18.35,3.5,0.4,0.2,0.2,0.2,pres+house+senate+statewide
2012,2000s,New York,NY,NY-12,,False,0,3,,Kings County; New York County; Queens County,3,153148,31864,2084,187096,82.78,17.22,51.99,22.6,D+22.6,100.0,30.79,29.57,18.35,3.5,0.4,0.2,0.2,0.2,pres+house+senate+statewide
2012,2000s,New York,NY,NY-13,,False,1,1,Richmond County,Kings County,2,130768,85059,2471,218297,60.59,39.41,51.99,16.31,D+16.3,29.4,8.6,42.5,18.35,3.5,0.4,0.2,0.2,0.2,pres+house+senate+statewide
2012,2000s,New York,NY,NY-14,,False,0,2,,New York County; Queens County,2,169369,32134,2624,204127,84.05,15.95,51.99,23.94,D+23.9,100.0,32.07,33.72,18.35,3.5,0.4,0.2,0.2,0.2,pres+house+senate+statewide
2012,2000s,New York,NY,NY-15,,False,0,3,,New York County; Bronx County; Queens County,3,205349,36242,3221,244813,85.0,15.0,51.99,26.81,D+26.8,100.0,33.01,46.17,18.35,3.5,0.4,0.2,0.2,0.2,pres+house+senate+statewide
2012,2000s,New York,NY,NY-16,,False,0,1,,Bronx County,1,94395,8339,490,103224,91.88,8.12,51.99,25.51,D+25.5,100.0,39.9,25.89,18.35,3.5,0.4,0.2,0.2,0.2,pres+house+senate+statewide
2012,2000s,New York,NY,NY-17,,False,0,3,,Bronx County; Rockland County; Westchester County,3,132100,45366,1414,178881,74.44,25.56,51.99,16.17,D+16.2,100.0,22.45,14.09,18.35,3.5,0.4,0.2,0.2,0.2,pres+house+senate+statewide
2012,2000s,New York,NY,NY-18,,False,0,2,,Rockland County; Westchester County,2,118179,73048,2256,193483,61.8,38.2,51.99,8.48,D+8.5,100.0,9.82,0.94,18.35,3.5,0.4,0.2,0.2,0.2,pres+house+senate+statewide
2012,2000s,New York,NY,NY-19,,False,1,4,Putnam County,Dutchess County; Orange County; Rockland County; Westchester County,5,241388,183542,5806,430736,56.81,43.19,51.99,5.54,D+5.5,89.7,4.82,-3.82,18.35,3.5,0.4,0.2,0.2,0.2,pres+house+senate+statewide
2012,2000s,New York,NY,NY-20,,False,5,5,Columbia County; Greene County; Saratoga County; Warren County; Washington County,Delaware County; Dutchess County; Essex County; Otsego County; Rensselaer County,10,193573,174735,7933,376241,52.56,47.44,51.99,8.08,D+8.1,44.7,0.57,17.4,18.35,3.5,0.4,0.2,0.2,0.2,pres+house+senate+statewide
2012,2000s,New York,NY,NY-21,,False,4,2,Albany County; Montgomery County; Schenectady County; Schoharie County,Fulton County; Rensselaer County,6,144949,94222,5617,244787,60.6,39.4,51.99,7.82,D+7.8,5.2,8.62,-0.01,18.35,3.5,0.4,0.2,0.2,0.2,pres+house+senate+statewide
2012,2000s,New York,NY,NY-22,,False,2,5,Sullivan County; Ulster County,Broome County; Delaware County; Orange County; Tioga County; Tompkins County,7,111462,85584,4562,201608,56.57,43.43,51.99,3.85,D+3.9,46.4,4.58,-11.75,18.35,3.5,0.4,0.2,0.2,0.2,pres+house+senate+statewide
2012,2000s,New York,NY,NY-23,,False,8,3,Clinton County; Franklin County; Hamilton County; Jefferson County; Lewis County; Madison County; Oswego County; St. Lawrence County,Essex County; Fulton County; Oneida County,11,140112,122341,5141,267594,53.39,46.61,51.99,4.35,D+4.3,23.1,1.4,-2.92,18.35,3.5,0.4,0.2,0.2,0.2,pres+house+senate+statewide
2012,2000s,New York,NY,NY-24,,False,4,7,Chenango County; Cortland County; Herkimer County; Seneca County,Broome County; Cayuga County; Oneida County; Ontario County; Otsego County; Tioga County; Tompkins County,11,132735,118223,6131,257090,52.89,47.11,51.99,5.12,D+5.1,70.0,0.91,1.95,18.35,3.5,0.4,0.2,0.2,0.2,pres+house+senate+statewide
2012,2000s,New York,NY,NY-25,,False,2,2,Onondaga County; Wayne County,Cayuga County; Monroe County,4,164207,116733,5414,286354,58.45,41.55,51.99,8.22,D+8.2,15.4,6.46,6.31,18.35,3.5,0.4,0.2,0.2,0.2,pres+house+senate+statewide
2012,2000s,New York,NY,NY-26,,False,3,4,Genesee County; Livingston County; Wyoming County,Erie County; Monroe County; Niagara County; Orleans County,7,173762,152029,6674,332465,53.34,46.66,51.99,9.64,D+9.6,79.6,1.35,23.63,18.35,3.5,0.4,0.2,0.2,0.2,pres+house+senate+statewide
2012,2000s,New York,NY,NY-27,,False,1,1,Chautauqua County,Erie County,2,198317,152717,6336,357370,56.5,43.5,51.99,5.81,D+5.8,85.2,4.51,-1.8,18.35,3.5,0.4,0.2,0.2,0.2,pres+house+senate+statewide
2012,2000s,New York,NY,NY-28,,False,0,4,,Erie County; Monroe County; Niagara County; Orleans County,4,70601,56347,2579,129527,55.61,44.39,51.99,7.28,D+7.3,100.0,3.63,,18.35,3.5,0.5,0.0,0.25,0.25,pres+senate+statewide
2012,2000s,New York,NY,NY-29,,False,6,2,Allegany County; Cattaraugus County; Chemung County; Schuyler County; Steuben County; Yates County,Monroe County; Ontario County,8,149061,144930,6039,300030,50.7,49.3,51.99,4.82,D+4.8,54.1,-1.28,,18.35,3.5,0.5,0.0,0.25,0.25,pres+senate+statewide
2012,2000s,Ohio,OH,OH-01,,False,0,2,,Butler County; Hamilton County,2,170377,164266,4763,339406,50.91,49.09,51.99,-4.18,R+4.2,100.0,-1.07,-11.57,-3.0,,0.5,0.25,0.25,0.0,pres+house+senate
2012,2000s,Ohio,OH,OH-02,,False,4,3,Adams County; Brown County; Clermont County; Pike County,Hamilton County; Scioto County; Warren County,7,137996,191451,5629,335077,41.89,58.11,51.99,-8.21,R+8.2,58.6,-10.1,-9.65,-3.0,,0.5,0.25,0.25,0.0,pres+house+senate
2012,2000s,Ohio,OH,OH-03,,False,2,2,Clinton County; Highland County,Montgomery County; Warren County,4,153143,177360,5986,336488,46.34,53.66,51.99,1.71,D+1.7,89.3,-5.65,21.15,-3.0,,0.5,0.25,0.25,0.0,pres+house+senate
2012,2000s,Ohio,OH,OH-04,,False,10,1,Allen County; Auglaize County; Champaign County; Hancock County; Hardin County; Logan County; Marion County; Morrow County; Richland County; Shelby County,Wyandot County,11,104632,179603,6280,290514,36.81,63.19,51.99,-11.47,R+11.5,1.9,-15.17,-12.54,-3.0,,0.5,0.25,0.25,0.0,pres+house+senate
2012,2000s,Ohio,OH,OH-05,,False,12,4,Crawford County; Defiance County; Fulton County; Henry County; Huron County; Paulding County; Putnam County; Sandusky County; Seneca County; Van Wert County; Williams County; Wood County,Ashland County; Lucas County; Mercer County; Wyandot County,16,155695,183396,8213,347305,45.92,54.08,51.99,-6.38,R+6.4,20.5,-6.07,-10.4,-3.0,,0.5,0.25,0.25,0.0,pres+house+senate
2012,2000s,Ohio,OH,OH-06,,False,8,4,Columbiana County; Gallia County; Jefferson County; Lawrence County; Meigs County; Monroe County; Noble County; Washington County,Athens County; Belmont County; Mahoning County; Scioto County,12,162355,154950,7135,324439,51.17,48.83,51.99,-2.22,R+2.2,47.5,-0.82,-4.26,-3.0,,0.5,0.25,0.25,0.0,pres+house+senate
2012,2000s,Ohio,OH,OH-07,,False,6,2,Clark County; Fairfield County; Fayette County; Greene County; Perry County; Pickaway County,Franklin County; Ross County,8,166807,184778,6511,358096,47.44,52.56,51.99,-4.87,R+4.9,24.5,-4.54,-7.41,-3.0,,0.5,0.25,0.25,0.0,pres+house+senate
2012,2000s,Ohio,OH,OH-08,,False,3,3,Darke County; Miami County; Preble County,Butler County; Mercer County; Montgomery County,6,89699,161104,4752,255555,35.76,64.24,51.99,-11.81,R+11.8,61.8,-16.22,,-3.0,,0.667,0.0,0.333,0.0,pres+senate
2012,2000s,Ohio,OH,OH-09,,False,2,2,Erie County; Ottawa County,Lorain County; Lucas County,4,194279,121521,5983,321782,61.52,38.48,51.99,10.27,D+10.3,80.7,9.53,25.01,-3.0,,0.5,0.25,0.25,0.0,pres+house+senate
2012,2000s,Ohio,OH,OH-10,,False,0,1,,Cuyahoga County,1,190538,81221,3122,274882,70.11,29.89,51.99,5.22,D+5.2,100.0,18.13,-12.38,-3.0,,0.5,0.25,0.25,0.0,pres+house+senate
2012,2000s,Ohio,OH,OH-11,,False,0,1,,Cuyahoga County,1,131498,56054,2155,189707,70.11,29.89,51.99,11.09,D+11.1,100.0,18.13,,-3.0,,0.667,0.0,0.333,0.0,pres+senate
2012,2000s,Ohio,OH,OH-12,,False,1,2,Delaware County,Franklin County; Licking County,3,175804,160170,5832,341806,52.33,47.67,51.99,-4.2,R+4.2,71.1,0.34,-14.48,-3.0,,0.5,0.25,0.25,0.0,pres+house+senate
2012,2000s,Ohio,OH,OH-13,,False,0,4,,Cuyahoga County; Lorain County; Medina County; Summit County,4,182084,116080,4481,302644,61.07,38.93,51.99,8.51,D+8.5,100.0,9.08,18.89,-3.0,,0.5,0.25,0.25,0.0,pres+house+senate
2012,2000s,Ohio,OH,OH-14,,False,3,4,Ashtabula County; Geauga County; Lake County,Cuyahoga County; Portage County; Summit County; Trumbull County,7,229869,183512,7361,420742,55.61,44.39,51.99,-1.25,R+1.3,49.4,3.62,-9.26,-3.0,,0.5,0.25,0.25,0.0,pres+house+senate
2012,2000s,Ohio,OH,OH-15,,False,2,1,Madison County; Union County,Franklin County,3,193170,137332,5931,336434,58.45,41.55,51.99,-0.66,R+0.7,87.2,6.46,-12.57,-3.0,,0.5,0.25,0.25,0.0,pres+house+senate
2012,2000s,Ohio,OH,OH-16,,False,2,2,Stark County; Wayne County,Ashland County; Medina County,4,145538,168953,6562,321052,46.28,53.72,51.99,-4.37,R+4.4,27.5,-5.71,-3.06,-3.0,,0.5,0.25,0.25,0.0,pres+house+senate
2012,2000s,Ohio,OH,OH-17,,False,0,4,,Mahoning County; Portage County; Summit County; Trumbull County,4,122070,86137,4028,212234,58.63,41.37,51.99,3.43,D+3.4,100.0,6.64,,-3.0,,0.667,0.0,0.333,0.0,pres+senate
2012,2000s,Ohio,OH,OH-18,,False,12,4,Carroll County; Coshocton County; Guernsey County; Harrison County; Hocking County; Holmes County; Jackson County; Knox County; Morgan County; Muskingum County; Tuscarawas County; Vinton County,Athens County; Belmont County; Licking County; Ross County,16,122156,153550,7065,282771,44.31,55.69,51.99,-6.12,R+6.1,25.8,-7.68,,-3.0,,0.667,0.0,0.333,0.0,pres+senate
2012,2000s,Oklahoma,OK,OK-01,,False,3,2,Tulsa County; Wagoner County; Washington County,Creek County; Rogers County,5,98195,187901,0,286096,34.32,65.68,51.99,-17.6,R+17.6,2.9,-17.66,-17.46,,,0.667,0.333,0.0,0.0,pres+house
2012,2000s,Oklahoma,OK,OK-02,,False,24,1,Adair County; Atoka County; Bryan County; Cherokee County; Choctaw County; Coal County; Craig County; Delaware County; Haskell County; Hughes County; Johnston County; Latimer County; Le Flore County; McCurtain County; McIntosh County; Mayes County; Muskogee County; Nowata County; Okfuskee County; Okmulgee County; Ottawa County; Pittsburg County; Pushmataha County; Sequoyah County,Rogers County,25,79716,167283,0,247000,32.27,67.73,51.99,-16.79,R+16.8,12.1,-19.71,-10.94,,,0.667,0.333,0.0,0.0,pres+house
2012,2000s,Oklahoma,OK,OK-03,,False,30,2,Alfalfa County; Beaver County; Beckham County; Blaine County; Caddo County; Cimarron County; Custer County; Dewey County; Ellis County; Garfield County; Grant County; Greer County; Harmon County; Harper County; Jackson County; Kay County; Kingfisher County; Kiowa County; Lincoln County; Logan County; Major County; Noble County; Osage County; Pawnee County; Payne County; Roger Mills County; Texas County; Washita County; Woods County; Woodward County,Canadian County; Creek County,32,71206,203528,0,274734,25.92,74.08,51.99,-27.39,R+27.4,24.3,-26.07,-30.02,,,0.667,0.333,0.0,0.0,pres+house
2012,2000s,Oklahoma,OK,OK-04,,False,14,2,Carter County; Cleveland County; Comanche County; Cotton County; Garvin County; Grady County; Jefferson County; Love County; McClain County; Marshall County; Murray County; Pontotoc County; Stephens County; Tillman County,Canadian County; Oklahoma County,16,86976,174819,0,261795,33.22,66.78,51.99,-19.88,R+19.9,10.0,-18.76,-22.11,,,0.667,0.333,0.0,0.0,pres+house
2012,2000s,Oklahoma,OK,OK-05,,False,2,1,Pottawatomie County; Seminole County,Oklahoma County,3,107453,157795,0,265248,40.51,59.49,51.99,-11.71,R+11.7,88.4,-11.47,-12.18,,,0.667,0.333,0.0,0.0,pres+house
2012,2000s,Oregon,OR,OR-01,,False,4,1,Clatsop County; Columbia County; Washington County; Yamhill County,Multnomah County,5,187158,136983,11735,335876,57.74,42.26,51.99,8.28,D+8.3,4.2,5.75,13.32,,,0.667,0.333,0.0,0.0,pres+house
2012,2000s,Oregon,OR,OR-02,,False,19,1,Baker County; Crook County; Deschutes County; Gilliam County; Grant County; Harney County; Hood River County; Jackson County; Jefferson County; Klamath County; Lake County; Malheur County; Morrow County; Sherman County; Umatilla County; Union County; Wallowa County; Wasco County; Wheeler County,Josephine County,20,132377,183947,11473,327797,41.85,58.15,51.99,-13.93,R+13.9,1.2,-10.14,-21.53,,,0.667,0.333,0.0,0.0,pres+house
2012,2000s,Oregon,OR,OR-03,,False,0,2,,Clackamas County; Multnomah County,2,289650,99802,15378,404830,74.37,25.63,51.99,24.26,D+24.3,100.0,22.39,28.01,,,0.667,0.333,0.0,0.0,pres+house
2012,2000s,Oregon,OR,OR-04,,False,5,2,Coos County; Curry County; Douglas County; Lane County; Linn County,Benton County; Josephine County,7,195204,177891,15517,388612,52.32,47.68,51.99,3.16,D+3.2,19.3,0.33,8.8,,,0.667,0.333,0.0,0.0,pres+house
2012,2000s,Oregon,OR,OR-05,,False,4,3,Lincoln County; Marion County; Polk County; Tillamook County,Benton County; Clackamas County; Multnomah County,7,166100,155552,10503,332155,51.64,48.36,51.99,1.43,D+1.4,42.5,-0.35,4.99,,,0.667,0.333,0.0,0.0,pres+house
2012,2000s,Pennsylvania,PA,PA-01,,False,0,2,,Delaware County; Philadelphia County,2,198653,39937,1974,240564,83.26,16.74,51.99,23.74,D+23.7,100.0,31.28,33.94,-1.51,,0.5,0.25,0.25,0.0,pres+house+senate
2012,2000s,Pennsylvania,PA,PA-02,,False,0,2,,Philadelphia County; Montgomery County,2,223498,39092,2142,264733,85.11,14.89,51.99,26.06,D+26.1,100.0,33.13,39.49,-1.51,,0.5,0.25,0.25,0.0,pres+house+senate
2012,2000s,Pennsylvania,PA,PA-03,,False,1,6,Erie County,Armstrong County; Butler County; Crawford County; Mercer County; Venango County; Warren County,7,137174,160993,5312,303479,46.01,53.99,51.99,-5.43,R+5.4,60.8,-5.98,-8.24,-1.51,,0.5,0.25,0.25,0.0,pres+house+senate
2012,2000s,Pennsylvania,PA,PA-04,,False,1,5,Lawrence County,Allegheny County; Beaver County; Butler County; Mercer County; Westmoreland County,6,201582,182502,5954,390038,52.48,47.52,51.99,-3.74,R+3.7,90.0,0.5,-14.46,-1.51,,0.5,0.25,0.25,0.0,pres+house+senate
2012,2000s,Pennsylvania,PA,PA-05,,False,9,8,Cameron County; Centre County; Clarion County; Clinton County; Elk County; Forest County; Jefferson County; McKean County; Potter County,Clearfield County; Crawford County; Juniata County; Lycoming County; Mifflin County; Tioga County; Venango County; Warren County,17,100253,159394,5593,265239,38.61,61.39,51.99,-10.55,R+10.5,40.5,-13.37,-13.94,-1.51,,0.5,0.25,0.25,0.0,pres+house+senate
2012,2000s,Pennsylvania,PA,PA-06,,False,0,4,,Berks County; Chester County; Lehigh County; Montgomery County,4,148595,135773,4040,288408,52.25,47.75,51.99,-2.28,R+2.3,100.0,0.27,-8.15,-1.51,,0.5,0.25,0.25,0.0,pres+house+senate
2012,2000s,Pennsylvania,PA,PA-07,,False,0,3,,Chester County; Delaware County; Montgomery County,3,195886,133110,3584,332580,59.54,40.46,51.99,0.8,D+0.8,100.0,7.56,-10.41,-1.51,,0.5,0.25,0.25,0.0,pres+house+senate
2012,2000s,Pennsylvania,PA,PA-08,,False,1,1,Bucks County,Philadelphia County,2,191170,161600,4452,357222,54.19,45.81,51.99,-1.18,R+1.2,10.1,2.21,-7.62,-1.51,,0.5,0.25,0.25,0.0,pres+house+senate
2012,2000s,Pennsylvania,PA,PA-09,,False,5,9,Bedford County; Blair County; Franklin County; Fulton County; Huntingdon County,Cambria County; Clearfield County; Cumberland County; Fayette County; Indiana County; Juniata County; Mifflin County; Perry County; Somerset County,14,120222,231109,6071,357402,34.22,65.78,51.99,-12.43,R+12.4,55.4,-17.77,-12.69,-1.51,,0.5,0.25,0.25,0.0,pres+house+senate
2012,2000s,Pennsylvania,PA,PA-10,,False,10,4,Bradford County; Montour County; Northumberland County; Pike County; Snyder County; Sullivan County; Susquehanna County; Union County; Wayne County; Wyoming County,Lackawanna County; Luzerne County; Lycoming County; Tioga County,14,142862,162284,5578,310725,46.82,53.18,51.99,-7.16,R+7.2,44.0,-5.17,-16.8,-1.51,,0.5,0.25,0.25,0.0,pres+house+senate
2012,2000s,Pennsylvania,PA,PA-11,,False,3,2,Carbon County; Columbia County; Monroe County,Lackawanna County; Luzerne County,5,115498,103949,4002,223449,52.63,47.37,51.99,-2.44,R+2.4,48.8,0.65,-9.56,-1.51,,0.5,0.25,0.25,0.0,pres+house+senate
2012,2000s,Pennsylvania,PA,PA-12,,False,1,7,Greene County,Armstrong County; Cambria County; Fayette County; Indiana County; Somerset County; Washington County; Westmoreland County,8,81310,123651,3078,208039,39.67,60.33,51.99,-7.22,R+7.2,93.0,-12.31,-2.75,-1.51,,0.5,0.25,0.25,0.0,pres+house+senate
2012,2000s,Pennsylvania,PA,PA-13,,False,0,2,,Montgomery County; Philadelphia County,2,261907,104933,3792,370632,71.4,28.6,51.99,13.85,D+13.8,100.0,19.41,18.07,-1.51,,0.5,0.25,0.25,0.0,pres+house+senate
2012,2000s,Pennsylvania,PA,PA-14,,False,0,1,,Allegheny County,1,81032,60205,2091,143329,57.37,42.63,51.99,8.79,D+8.8,100.0,5.39,25.88,-1.51,,0.5,0.25,0.25,0.0,pres+house+senate
2012,2000s,Pennsylvania,PA,PA-15,,False,1,3,Northampton County,Berks County; Lehigh County; Montgomery County,4,189435,161954,5073,356462,53.91,46.09,51.99,-1.36,R+1.4,63.2,1.93,-7.76,-1.51,,0.5,0.25,0.25,0.0,pres+house+senate
2012,2000s,Pennsylvania,PA,PA-16,,False,1,2,Lancaster County,Berks County; Chester County,3,142115,184587,5707,332409,43.5,56.5,51.99,-6.98,R+7.0,32.8,-8.49,-9.43,-1.51,,0.5,0.25,0.25,0.0,pres+house+senate
2012,2000s,Pennsylvania,PA,PA-17,,False,3,2,Dauphin County; Lebanon County; Schuylkill County,Berks County; Perry County,5,156446,176331,5871,338648,47.01,52.99,51.99,-0.54,R+0.5,29.4,-4.97,9.3,-1.51,,0.5,0.25,0.25,0.0,pres+house+senate
2012,2000s,Pennsylvania,PA,PA-18,,False,0,4,,Allegheny County; Beaver County; Washington County; Westmoreland County,4,195587,191544,5467,392597,50.52,49.48,51.99,-4.85,R+4.9,100.0,-1.46,-14.97,-1.51,,0.5,0.25,0.25,0.0,pres+house+senate
2012,2000s,Pennsylvania,PA,PA-19,,False,2,1,Adams County; York County,Cumberland County,3,107049,167485,5129,279664,38.99,61.01,51.99,-9.17,R+9.2,16.8,-12.99,,-1.51,,0.667,0.0,0.333,0.0,pres+senate
2012,2000s,Rhode Island,RI,RI-01,,False,2,1,Bristol County; Newport County,Providence County,3,113571,60128,3369,177067,65.38,34.62,51.99,10.27,D+10.3,63.8,13.4,5.45,8.81,,0.5,0.25,0.25,0.0,pres+house+senate
2012,2000s,Rhode Island,RI,RI-02,,False,2,1,Kent County; Washington County,Providence County,3,165838,97023,5787,268649,63.09,36.91,51.99,10.32,D+10.3,47.2,11.1,10.26,8.81,,0.5,0.25,0.25,0.0,pres+house+senate
2012,2000s,South Carolina,SC,SC-01,,False,1,4,Horry County,Berkeley County; Charleston County; Dorchester County; Georgetown County,5,118462,154876,3926,277264,43.34,56.66,51.99,-10.66,R+10.7,59.5,-8.65,-14.68,,,0.667,0.333,0.0,0.0,pres+house
2012,2000s,South Carolina,SC,SC-02,,False,6,4,Allendale County; Barnwell County; Beaufort County; Hampton County; Jasper County; Lexington County,Aiken County; Calhoun County; Orangeburg County; Richland County,10,157081,183193,4421,344695,46.16,53.84,51.99,-5.82,R+5.8,36.4,-5.82,,,,1.0,0.0,0.0,0.0,pres
2012,2000s,South Carolina,SC,SC-03,,False,8,2,Abbeville County; Anderson County; Edgefield County; Greenwood County; McCormick County; Oconee County; Pickens County; Saluda County,Aiken County; Laurens County,10,93393,178629,4156,276178,34.33,65.67,51.99,-17.65,R+17.7,22.8,-17.65,-17.66,,,0.667,0.333,0.0,0.0,pres+house
2012,2000s,South Carolina,SC,SC-04,,False,3,1,Greenville County; Spartanburg County; Union County,Laurens County,4,115854,195992,5089,316935,37.15,62.85,51.99,-15.5,R+15.5,0.4,-14.83,-16.83,,,0.667,0.333,0.0,0.0,pres+house
2012,2000s,South Carolina,SC,SC-05,,False,11,3,Cherokee County; Chester County; Chesterfield County; Darlington County; Dillon County; Fairfield County; Kershaw County; Lancaster County; Marlboro County; Newberry County; York County,Florence County; Lee County; Sumter County,14,144129,169316,3755,317199,45.98,54.02,51.99,-6.19,R+6.2,7.2,-6.0,-6.57,,,0.667,0.333,0.0,0.0,pres+house
2012,2000s,South Carolina,SC,SC-06,,False,5,10,Bamberg County; Clarendon County; Colleton County; Marion County; Williamsburg County,Berkeley County; Calhoun County; Charleston County; Dorchester County; Florence County; Georgetown County; Lee County; Orangeburg County; Richland County; Sumter County,15,237022,189640,5184,431846,55.55,44.45,51.99,3.57,D+3.6,83.4,3.57,,,,1.0,0.0,0.0,0.0,pres
2012,2000s,South Dakota,SD,SD-AL,,True,0,0,,,66,145039,210610,8166,363815,40.78,59.22,51.99,-10.29,R+10.3,0.0,-11.2,-8.46,,,0.667,0.333,0.0,0.0,pres+house
2012,2000s,Tennessee,TN,TN-01,,False,10,2,Carter County; Cocke County; Greene County; Hamblen County; Hancock County; Hawkins County; Johnson County; Sullivan County; Unicoi County; Washington County,Jefferson County; Sevier County,12,65349,184129,4250,253728,26.19,73.81,51.99,-26.53,R+26.5,13.7,-25.79,-30.28,-24.24,,0.5,0.25,0.25,0.0,pres+house+senate
2012,2000s,Tennessee,TN,TN-02,,False,5,1,Blount County; Knox County; Loudon County; McMinn County; Monroe County,Sevier County,6,87204,189469,5113,281786,31.52,68.48,51.99,-23.62,R+23.6,1.3,-20.47,-29.33,-24.24,,0.5,0.25,0.25,0.0,pres+house+senate
2012,2000s,Tennessee,TN,TN-03,,False,9,2,Anderson County; Bradley County; Claiborne County; Grainger County; Hamilton County; Meigs County; Polk County; Rhea County; Union County,Jefferson County; Roane County,11,93256,172636,5144,271035,35.07,64.93,51.99,-18.12,R+18.1,7.3,-16.91,-14.42,-24.24,,0.5,0.25,0.25,0.0,pres+house+senate
2012,2000s,Tennessee,TN,TN-04,,False,21,3,Bledsoe County; Campbell County; Coffee County; Cumberland County; Fentress County; Franklin County; Giles County; Grundy County; Lawrence County; Lewis County; Lincoln County; Marion County; Maury County; Moore County; Morgan County; Pickett County; Scott County; Sequatchie County; Van Buren County; Warren County; White County,Hickman County; Roane County; Williamson County,24,80736,182531,4193,267460,30.67,69.33,51.99,-18.41,R+18.4,16.4,-21.32,-6.77,-24.24,,0.5,0.25,0.25,0.0,pres+house+senate
2012,2000s,Tennessee,TN,TN-05,,False,0,3,,Cheatham County; Davidson County; Wilson County,3,145433,114646,5057,265136,55.92,44.08,51.99,-0.21,R+0.2,100.0,3.93,15.54,-24.24,,0.5,0.25,0.25,0.0,pres+house+senate
2012,2000s,Tennessee,TN,TN-06,,False,14,1,Bedford County; Cannon County; Clay County; DeKalb County; Jackson County; Macon County; Marshall County; Overton County; Putnam County; Robertson County; Rutherford County; Smith County; Sumner County; Trousdale County,Wilson County,15,101787,206449,4757,312993,33.02,66.98,51.99,-20.72,R+20.7,9.2,-18.96,,-24.24,,0.667,0.0,0.333,0.0,pres+senate
2012,2000s,Tennessee,TN,TN-07,,False,9,6,Chester County; Decatur County; Fayette County; Hardeman County; Hardin County; Henderson County; McNairy County; Perry County; Wayne County,Cheatham County; Davidson County; Hickman County; Montgomery County; Shelby County; Williamson County,15,156091,186139,4239,346470,45.61,54.39,51.99,-15.69,R+15.7,77.2,-6.38,-25.78,-24.24,,0.5,0.25,0.25,0.0,pres+house+senate
2012,2000s,Tennessee,TN,TN-08,,False,17,2,Benton County; Carroll County; Crockett County; Dickson County; Dyer County; Gibson County; Haywood County; Henry County; Houston County; Humphreys County; Lake County; Lauderdale County; Madison County; Obion County; Stewart County; Tipton County; Weakley County,Montgomery County; Shelby County,19,130437,167731,3590,301758,43.75,56.25,51.99,-15.59,R+15.6,30.6,-8.24,-21.65,-24.24,,0.5,0.25,0.25,0.0,pres+house+senate
2012,2000s,Tennessee,TN,TN-09,,False,0,1,,Shelby County,1,100415,58600,1522,160538,63.15,36.85,51.99,5.75,D+5.8,100.0,11.16,24.92,-24.24,,0.5,0.25,0.25,0.0,pres+house+senate
2012,2000s,Texas,TX,TX-01,,False,12,1,Angelina County; Gregg County; Harrison County; Marion County; Nacogdoches County; Panola County; Rusk County; Sabine County; San Augustine County; Shelby County; Smith County; Upshur County,Cass County,13,72527,188912,2540,263979,27.74,72.26,51.99,-21.67,R+21.7,0.7,-24.24,-23.88,-14.3,,0.5,0.25,0.25,0.0,pres+house+senate
2012,2000s,Texas,TX,TX-02,,False,1,2,Jefferson County,Harris County; Liberty County,3,181110,186258,4467,371835,49.3,50.7,51.99,-9.29,R+9.3,76.1,-2.69,-17.49,-14.3,,0.5,0.25,0.25,0.0,pres+house+senate
2012,2000s,Texas,TX,TX-03,,False,0,2,,Collin County; Dallas County,2,56932,67461,2007,126399,45.77,54.23,51.99,-8.91,R+8.9,100.0,-6.22,,-14.3,,0.667,0.0,0.333,0.0,pres+senate
2012,2000s,Texas,TX,TX-04,,False,14,2,Bowie County; Camp County; Delta County; Fannin County; Franklin County; Grayson County; Hopkins County; Hunt County; Lamar County; Morris County; Rains County; Red River County; Rockwall County; Titus County,Cass County; Collin County,16,136956,321453,7007,465415,29.88,70.12,51.99,-21.18,R+21.2,53.6,-22.11,-26.22,-14.3,,0.5,0.25,0.25,0.0,pres+house+senate
2012,2000s,Texas,TX,TX-05,,False,6,1,Anderson County; Cherokee County; Henderson County; Kaufman County; Van Zandt County; Wood County,Dallas County,7,100473,152412,3124,256009,39.73,60.27,51.99,-13.95,R+13.9,48.7,-12.25,-16.98,-14.3,,0.5,0.25,0.25,0.0,pres+house+senate
2012,2000s,Texas,TX,TX-06,,False,5,3,Ellis County; Freestone County; Houston County; Leon County; Navarro County,Limestone County; Tarrant County; Trinity County,8,92170,165069,3629,260867,35.83,64.17,51.99,-14.32,R+14.3,64.6,-16.15,-10.67,-14.3,,0.5,0.25,0.25,0.0,pres+house+senate
2012,2000s,Texas,TX,TX-07,,False,0,1,,Harris County,1,65881,65772,1736,133388,50.04,49.96,51.99,-7.93,R+7.9,100.0,-1.94,-13.55,-14.3,,0.5,0.25,0.25,0.0,pres+house+senate
2012,2000s,Texas,TX,TX-08,,False,9,2,Hardin County; Jasper County; Montgomery County; Newton County; Orange County; Polk County; San Jacinto County; Tyler County; Walker County,Liberty County; Trinity County,11,66019,241018,4360,311397,21.5,78.5,51.99,-26.36,R+26.4,3.7,-30.48,-30.18,-14.3,,0.5,0.25,0.25,0.0,pres+house+senate
2012,2000s,Texas,TX,TX-09,,False,0,2,,Fort Bend County; Harris County,2,45392,45773,1183,92347,49.79,50.21,51.99,2.56,D+2.6,100.0,-2.19,28.93,-14.3,,0.5,0.25,0.25,0.0,pres+house+senate
2012,2000s,Texas,TX,TX-10,,False,4,4,Austin County; Lee County; Waller County; Washington County,Bastrop County; Burleson County; Harris County; Travis County,8,220801,217385,8387,446572,50.39,49.61,51.99,-7.76,R+7.8,89.2,-1.6,-13.55,-14.3,,0.5,0.25,0.25,0.0,pres+house+senate
2012,2000s,Texas,TX,TX-11,,False,34,2,Andrews County; Brown County; Burnet County; Coke County; Coleman County; Comanche County; Concho County; Crane County; Dawson County; Ector County; Gillespie County; Glasscock County; Irion County; Kimble County; Lampasas County; Llano County; Loving County; McCulloch County; Martin County; Mason County; Menard County; Midland County; Mills County; Mitchell County; Reagan County; Runnels County; San Saba County; Schleicher County; Scurry County; Sterling County; Tom Green County; Upton County; Ward County; Winkler County,Nolan County; Sutton County,36,47014,180411,3156,230581,20.67,79.33,51.99,-27.21,R+27.2,0.7,-31.31,-31.91,-14.3,,0.5,0.25,0.25,0.0,pres+house+senate
2012,2000s,Texas,TX,TX-12,,False,2,1,Parker County; Wise County,Tarrant County,3,118882,205090,4706,328678,36.7,63.3,51.99,-17.14,R+17.1,79.2,-15.29,-23.68,-14.3,,0.5,0.25,0.25,0.0,pres+house+senate
2012,2000s,Texas,TX,TX-13,,False,42,2,Armstrong County; Baylor County; Briscoe County; Carson County; Childress County; Clay County; Collingsworth County; Cottle County; Crosby County; Dallam County; Dickens County; Donley County; Foard County; Gray County; Hall County; Hansford County; Hardeman County; Hartley County; Haskell County; Hemphill County; Hutchinson County; Jack County; Jones County; King County; Knox County; Lipscomb County; Montague County; Moore County; Motley County; Ochiltree County; Oldham County; Palo Pinto County; Potter County; Randall County; Roberts County; Sherman County; Stonewall County; Swisher County; Throckmorton County; Wheeler County; Wichita County; Wilbarger County,Archer County; Cooke County,44,42521,177867,2961,223350,19.29,80.71,51.99,-26.56,R+26.6,4.6,-32.69,,-14.3,,0.667,0.0,0.333,0.0,pres+senate
2012,2000s,Texas,TX,TX-14,,False,7,3,Aransas County; Calhoun County; Chambers County; Jackson County; Matagorda County; Victoria County; Wharton County,Brazoria County; Fort Bend County; Galveston County,10,112074,207968,3954,323996,35.02,64.98,51.99,-13.44,R+13.4,71.9,-16.97,-5.53,-14.3,,0.5,0.25,0.25,0.0,pres+house+senate
2012,2000s,Texas,TX,TX-15,,False,9,3,Bee County; Brooks County; DeWitt County; Duval County; Goliad County; Jim Wells County; Karnes County; Live Oak County; Refugio County,Cameron County; Hidalgo County; San Patricio County,12,113908,70507,1858,186273,61.77,38.23,51.99,4.14,D+4.1,74.8,9.78,11.28,-14.3,,0.5,0.25,0.25,0.0,pres+house+senate
2012,2000s,Texas,TX,TX-16,,False,0,1,,El Paso County,1,64834,32804,1493,99132,66.4,33.6,51.99,7.51,D+7.5,100.0,14.42,15.5,-14.3,,0.5,0.25,0.25,0.0,pres+house+senate
2012,2000s,Texas,TX,TX-17,,False,9,3,Bosque County; Brazos County; Grimes County; Hill County; Hood County; Johnson County; McLennan County; Madison County; Somervell County,Burleson County; Limestone County; Robertson County,12,69782,176809,3827,250418,28.3,71.7,51.99,-20.56,R+20.6,5.2,-23.69,,-14.3,,0.667,0.0,0.333,0.0,pres+senate
2012,2000s,Texas,TX,TX-18,,False,0,1,,Harris County,1,75880,75755,1999,153635,50.04,49.96,51.99,1.92,D+1.9,100.0,-1.94,25.85,-14.3,,0.5,0.25,0.25,0.0,pres+house+senate
2012,2000s,Texas,TX,TX-19,,False,25,2,Bailey County; Borden County; Callahan County; Castro County; Cochran County; Deaf Smith County; Eastland County; Fisher County; Floyd County; Gaines County; Garza County; Hale County; Hockley County; Howard County; Kent County; Lamb County; Lubbock County; Lynn County; Parmer County; Shackelford County; Stephens County; Taylor County; Terry County; Yoakum County; Young County,Archer County; Nolan County,27,54709,166054,3124,223887,24.78,75.22,51.99,-22.9,R+22.9,3.2,-27.2,,-14.3,,0.667,0.0,0.333,0.0,pres+senate
2012,2000s,Texas,TX,TX-20,,False,0,1,,Bexar County,1,38934,35518,1211,75662,52.29,47.71,51.99,0.24,D+0.2,100.0,0.31,14.63,-14.3,,0.5,0.25,0.25,0.0,pres+house+senate
2012,2000s,Texas,TX,TX-21,,False,6,2,Bandera County; Blanco County; Comal County; Kendall County; Kerr County; Real County,Bexar County; Travis County,8,160369,182365,8432,351166,46.79,53.21,51.99,-9.7,R+9.7,69.5,-5.19,-14.12,-14.3,,0.5,0.25,0.25,0.0,pres+house+senate
2012,2000s,Texas,TX,TX-22,,False,0,4,,Brazoria County; Fort Bend County; Galveston County; Harris County,4,138305,161002,3530,302837,46.21,53.79,51.99,-10.89,R+10.9,100.0,-5.78,-17.72,-14.3,,0.5,0.25,0.25,0.0,pres+house+senate
2012,2000s,Texas,TX,TX-23,,False,17,3,Brewster County; Crockett County; Culberson County; Dimmit County; Edwards County; Hudspeth County; Jeff Davis County; Kinney County; Maverick County; Medina County; Pecos County; Presidio County; Reeves County; Terrell County; Uvalde County; Val Verde County; Zavala County,Bexar County; El Paso County; Sutton County,20,236452,197539,6734,440724,54.48,45.52,51.99,-1.96,R+2.0,83.3,2.5,1.46,-14.3,,0.5,0.25,0.25,0.0,pres+house+senate
2012,2000s,Texas,TX,TX-24,,False,0,3,,Dallas County; Denton County; Tarrant County,3,121628,115796,3514,240938,51.23,48.77,51.99,-7.43,R+7.4,100.0,-0.76,-13.91,-14.3,,0.5,0.25,0.25,0.0,pres+house+senate
2012,2000s,Texas,TX,TX-25,,False,6,2,Caldwell County; Colorado County; Fayette County; Gonzales County; Hays County; Lavaca County,Bastrop County; Travis County,8,123790,120289,7645,251724,50.72,49.28,51.99,-7.21,R+7.2,59.0,-1.27,-11.99,-14.3,,0.5,0.25,0.25,0.0,pres+house+senate
2012,2000s,Texas,TX,TX-26,,False,0,3,,Cooke County; Denton County; Tarrant County,3,121885,214783,5622,342290,36.2,63.8,51.99,-16.82,R+16.8,100.0,-15.78,-21.43,-14.3,,0.5,0.25,0.25,0.0,pres+house+senate
2012,2000s,Texas,TX,TX-27,,False,4,2,Kenedy County; Kleberg County; Nueces County; Willacy County,Cameron County; San Patricio County,6,99071,80150,2271,181492,55.28,44.72,51.99,-4.46,R+4.5,39.3,3.29,-10.15,-14.3,,0.5,0.25,0.25,0.0,pres+house+senate
2012,2000s,Texas,TX,TX-28,,False,10,2,Atascosa County; Frio County; Guadalupe County; Jim Hogg County; La Salle County; McMullen County; Starr County; Webb County; Wilson County; Zapata County,Bexar County; Hidalgo County,12,123184,98997,2766,224947,55.44,44.56,51.99,2.79,D+2.8,32.4,3.46,18.55,-14.3,,0.5,0.25,0.25,0.0,pres+house+senate
2012,2000s,Texas,TX,TX-29,,False,0,1,,Harris County,1,80586,80453,2123,163162,50.04,49.96,51.99,-6.06,R+6.1,100.0,-1.94,,-14.3,,0.667,0.0,0.333,0.0,pres+senate
2012,2000s,Texas,TX,TX-30,,False,0,1,,Dallas County,1,143359,104562,3615,251537,57.82,42.18,51.99,6.74,D+6.7,100.0,5.84,29.56,-14.3,,0.5,0.25,0.25,0.0,pres+house+senate
2012,2000s,Texas,TX,TX-31,,False,7,1,Bell County; Coryell County; Erath County; Falls County; Hamilton County; Milam County; Williamson County,Robertson County,8,110404,180886,6884,298174,37.9,62.1,51.99,-14.28,R+14.3,0.6,-14.08,-14.67,-14.3,,0.5,0.25,0.25,0.0,pres+house+senate
2012,2000s,Texas,TX,TX-32,,False,0,1,,Dallas County,1,72292,52728,1823,126843,57.82,42.18,51.99,-3.32,R+3.3,100.0,5.84,-10.68,-14.3,,0.5,0.25,0.25,0.0,pres+house+senate
2012,2000s,Utah,UT,UT-01,,False,8,2,Box Elder County; Cache County; Davis County; Morgan County; Rich County; Summit County; Tooele County; Weber County,Juab County; Salt Lake County,10,95112,282515,10333,387959,25.19,74.81,51.99,-25.19,R+25.2,22.3,-26.8,-25.33,-24.68,-22.32,0.4,0.2,0.2,0.2,pres+house+senate+statewide
2012,2000s,Utah,UT,UT-02,,False,14,2,Carbon County; Daggett County; Duchesne County; Emery County; Garfield County; Grand County; Iron County; Kane County; Piute County; San Juan County; Uintah County; Wasatch County; Washington County; Wayne County,Salt Lake County; Utah County,16,87910,211664,9494,309069,29.34,70.66,51.99,-21.66,R+21.7,58.5,-22.64,-16.02,-24.68,-22.32,0.4,0.2,0.2,0.2,pres+house+senate+statewide
2012,2000s,Utah,UT,UT-03,,False,4,3,Beaver County; Millard County; Sanpete County; Sevier County,Juab County; Salt Lake County; Utah County,7,68792,246421,8620,323833,21.82,78.18,51.99,-26.96,R+27.0,92.2,-30.16,-27.46,-24.68,-22.32,0.4,0.2,0.2,0.2,pres+house+senate+statewide
2012,2000s,Virginia,VA,VA-01,,False,17,6,Essex County; Gloucester County; James City County; King and Queen County; King George County; King William County; Lancaster County; Mathews County; Middlesex County; Northumberland County; Richmond County; Stafford County; Westmoreland County; York County; Fredericksburg City; Poquoson City; Williamsburg City,Caroline County; Fauquier County; Prince William County; Spotsylvania County; Hampton City; Newport News City,23,186498,197984,5843,390326,48.51,51.49,51.99,-4.72,R+4.7,36.3,-3.48,-8.75,-3.19,,0.5,0.25,0.25,0.0,pres+house+senate
2012,2000s,Virginia,VA,VA-02,,False,3,2,Accomack County; Northampton County; Virginia Beach City,Hampton City; Norfolk City,5,158927,130336,4326,293589,54.94,45.06,51.99,-0.53,R+0.5,25.3,2.96,-4.85,-3.19,,0.5,0.25,0.25,0.0,pres+house+senate
2012,2000s,Virginia,VA,VA-03,,False,3,7,Charles City County; New Kent County; Surry County,Henrico County; Prince George County; Hampton City; Newport News City; Norfolk City; Portsmouth City; Richmond City,10,222529,115692,4795,343016,65.79,34.21,51.99,13.72,D+13.7,94.3,13.81,30.46,-3.19,,0.5,0.25,0.25,0.0,pres+house+senate
2012,2000s,Virginia,VA,VA-04,,False,15,4,Amelia County; Dinwiddie County; Greensville County; Isle of Wight County; Nottoway County; Powhatan County; Southampton County; Sussex County; Chesapeake City; Colonial Heights City; Emporia City; Franklin City; Hopewell City; Petersburg City; Suffolk City,Brunswick County; Chesterfield County; Prince George County; Portsmouth City,19,198944,196653,5059,400656,50.29,49.71,51.99,-3.65,R+3.7,30.9,-1.7,-8.04,-3.19,,0.5,0.25,0.25,0.0,pres+house+senate
2012,2000s,Virginia,VA,VA-05,,False,19,3,Albemarle County; Appomattox County; Buckingham County; Campbell County; Charlotte County; Cumberland County; Fluvanna County; Franklin County; Greene County; Halifax County; Lunenburg County; Mecklenburg County; Nelson County; Pittsylvania County; Prince Edward County; Bedford City; Charlottesville City; Danville City; Martinsville City,Brunswick County; Henry County; Lynchburg City,22,152501,171276,5839,329616,47.1,52.9,51.99,-5.19,R+5.2,6.8,-4.88,-7.79,-3.19,,0.5,0.25,0.25,0.0,pres+house+senate
2012,2000s,Virginia,VA,VA-06,,False,15,5,Amherst County; Augusta County; Bath County; Botetourt County; Highland County; Rockbridge County; Rockingham County; Shenandoah County; Buena Vista City; Harrisonburg City; Lexington City; Roanoke City; Salem City; Staunton City; Waynesboro City,Alleghany County; Bedford County; Roanoke County; Covington City; Lynchburg City,20,120895,173390,5792,300077,41.08,58.92,51.99,-10.37,R+10.4,23.9,-10.9,-16.51,-3.19,,0.5,0.25,0.25,0.0,pres+house+senate
2012,2000s,Virginia,VA,VA-07,,False,8,5,Culpeper County; Goochland County; Hanover County; Louisa County; Madison County; Orange County; Page County; Rappahannock County,Caroline County; Chesterfield County; Henrico County; Spotsylvania County; Richmond City,13,159522,178701,5106,343329,47.16,52.84,51.99,-5.59,R+5.6,57.3,-4.82,-9.52,-3.19,,0.5,0.25,0.25,0.0,pres+house+senate
2012,2000s,Virginia,VA,VA-08,,False,3,1,Arlington County; Alexandria City; Falls Church City,Fairfax County,4,202483,98845,4412,305740,67.2,32.8,51.99,11.02,D+11.0,35.1,15.21,16.86,-3.19,,0.5,0.25,0.25,0.0,pres+house+senate
2012,2000s,Virginia,VA,VA-09,,False,23,4,Bland County; Buchanan County; Carroll County; Craig County; Dickenson County; Floyd County; Giles County; Grayson County; Lee County; Montgomery County; Patrick County; Pulaski County; Russell County; Scott County; Smyth County; Tazewell County; Washington County; Wise County; Wythe County; Bristol City; Galax City; Norton City; Radford City,Alleghany County; Henry County; Roanoke County; Covington City,27,99803,187260,6328,293391,34.77,65.23,51.99,-12.5,R+12.5,13.7,-17.22,-12.38,-3.19,,0.5,0.25,0.25,0.0,pres+house+senate
2012,2000s,Virginia,VA,VA-10,,False,6,4,Clarke County; Frederick County; Loudoun County; Warren County; Manassas Park City; Winchester City,Fairfax County; Fauquier County; Prince William County; Manassas City,10,244030,213147,7269,464446,53.38,46.62,51.99,-2.88,R+2.9,49.2,1.39,-11.13,-3.19,,0.5,0.25,0.25,0.0,pres+house+senate
2012,2000s,Virginia,VA,VA-11,,False,1,3,Fairfax City,Fairfax County; Prince William County; Manassas City,4,221205,149200,5153,375558,59.72,40.28,51.99,6.12,D+6.1,96.9,7.73,12.19,-3.19,,0.5,0.25,0.25,0.0,pres+house+senate
2012,2000s,Vermont,VT,VT-AL,,True,0,0,,,14,199239,92698,7353,299290,68.25,31.75,51.99,18.15,D+18.2,0.0,16.26,24.53,,15.56,0.5,0.25,0.0,0.25,pres+house+statewide
2012,2000s,Washington,WA,WA-01,,False,0,3,,King County; Kitsap County; Snohomish County,3,75640,48699,3253,127592,60.83,39.17,51.99,5.21,D+5.2,100.0,8.85,2.92,4.31,1.12,0.4,0.2,0.2,0.2,pres+house+senate+statewide
2012,2000s,Washington,WA,WA-02,,False,4,2,Island County; San Juan County; Skagit County; Whatcom County,King County; Snohomish County,6,407518,263149,17972,688639,60.76,39.24,51.99,6.62,D+6.6,69.4,8.78,10.13,4.31,1.12,0.4,0.2,0.2,0.2,pres+house+senate+statewide
2012,2000s,Washington,WA,WA-03,,False,5,2,Clark County; Cowlitz County; Lewis County; Pacific County; Wahkiakum County,Skamania County; Thurston County,7,196478,181196,10036,387711,52.02,47.98,51.99,-1.15,R+1.1,27.2,0.04,-11.22,4.31,1.12,0.4,0.2,0.2,0.2,pres+house+senate+statewide
2012,2000s,Washington,WA,WA-04,,False,8,2,Benton County; Chelan County; Douglas County; Franklin County; Grant County; Kittitas County; Klickitat County; Yakima County,Adams County; Skamania County,10,109783,166589,6624,282996,39.72,60.28,51.99,-7.27,R+7.3,0.2,-12.26,-17.23,4.31,1.12,0.4,0.2,0.2,0.2,pres+house+senate+statewide
2012,2000s,Washington,WA,WA-05,,False,11,1,Asotin County; Columbia County; Ferry County; Garfield County; Lincoln County; Okanogan County; Pend Oreille County; Spokane County; Stevens County; Walla Walla County; Whitman County,Adams County,12,146863,182449,9634,338946,44.6,55.4,51.99,-4.46,R+4.5,1.3,-7.39,-12.93,4.31,1.12,0.4,0.2,0.2,0.2,pres+house+senate+statewide
2012,2000s,Washington,WA,WA-06,,False,4,2,Clallam County; Grays Harbor County; Jefferson County; Mason County,Kitsap County; Pierce County,6,111342,88452,5529,205323,55.73,44.27,51.99,4.18,D+4.2,44.1,3.74,7.98,4.31,1.12,0.4,0.2,0.2,0.2,pres+house+senate+statewide
2012,2000s,Washington,WA,WA-07,,False,0,1,,King County,1,44265,18269,1554,64089,70.79,29.21,51.99,14.33,D+14.3,100.0,18.8,28.64,4.31,1.12,0.4,0.2,0.2,0.2,pres+house+senate+statewide
2012,2000s,Washington,WA,WA-08,,False,0,2,,King County; Pierce County,2,574230,286448,21173,881851,66.72,33.28,51.99,4.82,D+4.8,100.0,14.73,-10.81,4.31,1.12,0.4,0.2,0.2,0.2,pres+house+senate+statewide
2012,2000s,Washington,WA,WA-09,,False,0,3,,King County; Pierce County; Thurston County,3,89276,55418,3675,148369,61.7,38.3,51.99,9.07,D+9.1,100.0,9.71,20.52,4.31,1.12,0.4,0.2,0.2,0.2,pres+house+senate+statewide
2012,2000s,Wisconsin,WI,WI-01,,False,3,3,Kenosha County; Racine County; Walworth County,Milwaukee County; Rock County; Waukesha County,6,276556,223188,5611,505354,55.34,44.66,51.99,-1.59,R+1.6,53.2,3.35,-6.87,-3.29,-4.48,0.4,0.2,0.2,0.2,pres+house+senate+statewide
2012,2000s,Wisconsin,WI,WI-02,,False,3,3,Columbia County; Dane County; Green County,Jefferson County; Rock County; Sauk County,6,290021,139373,6074,435468,67.54,32.46,51.99,8.07,D+8.1,18.7,15.56,17.03,-3.29,-4.48,0.4,0.2,0.2,0.2,pres+house+senate+statewide
2012,2000s,Wisconsin,WI,WI-03,,False,17,2,Buffalo County; Crawford County; Dunn County; Eau Claire County; Grant County; Iowa County; Jackson County; Juneau County; La Crosse County; Lafayette County; Monroe County; Pepin County; Pierce County; Richland County; St. Croix County; Trempealeau County; Vernon County,Clark County; Sauk County,19,205367,170467,6024,381858,54.64,45.36,51.99,2.14,D+2.1,8.9,2.66,13.13,-3.29,-4.48,0.4,0.2,0.2,0.2,pres+house+senate+statewide
2012,2000s,Wisconsin,WI,WI-04,,False,0,1,,Milwaukee County,1,153586,71575,2409,227570,68.21,31.79,51.99,9.62,D+9.6,100.0,16.23,23.43,-3.29,-4.48,0.4,0.2,0.2,0.2,pres+house+senate+statewide
2012,2000s,Wisconsin,WI,WI-05,,False,2,3,Ozaukee County; Washington County,Jefferson County; Milwaukee County; Waukesha County,5,169231,245927,4224,419382,40.76,59.24,51.99,-9.82,R+9.8,67.9,-11.22,-18.89,-3.29,-4.48,0.4,0.2,0.2,0.2,pres+house+senate+statewide
2012,2000s,Wisconsin,WI,WI-06,,False,10,1,Adams County; Calumet County; Dodge County; Fond du Lac County; Green Lake County; Manitowoc County; Marquette County; Sheboygan County; Waushara County; Winnebago County,Jefferson County,11,168181,192485,4992,365658,46.63,53.37,51.99,-6.33,R+6.3,1.9,-5.35,-13.19,-3.29,-4.48,0.4,0.2,0.2,0.2,pres+house+senate+statewide
2012,2000s,Wisconsin,WI,WI-07,,False,17,3,Ashland County; Barron County; Bayfield County; Burnett County; Chippewa County; Douglas County; Iron County; Lincoln County; Marathon County; Polk County; Portage County; Price County; Rusk County; Sawyer County; Taylor County; Washburn County; Wood County,Clark County; Langlade County; Oneida County,20,177965,172383,5208,355556,50.8,49.2,51.99,-3.46,R+3.5,5.6,-1.19,-7.16,-3.29,-4.48,0.4,0.2,0.2,0.2,pres+house+senate+statewide
2012,2000s,Wisconsin,WI,WI-08,,False,12,2,Brown County; Door County; Florence County; Forest County; Kewaunee County; Marinette County; Menominee County; Oconto County; Outagamie County; Shawano County; Vilas County; Waupaca County,Langlade County; Oneida County,14,180088,192569,4941,377598,48.33,51.67,51.99,-4.42,R+4.4,4.3,-3.66,-7.01,-3.29,-4.48,0.4,0.2,0.2,0.2,pres+house+senate+statewide
2012,2000s,West Virginia,WV,WV-01,,False,20,0,Barbour County; Brooke County; Doddridge County; Gilmer County; Grant County; Hancock County; Harrison County; Marion County; Marshall County; Mineral County; Monongalia County; Ohio County; Pleasants County; Preston County; Ritchie County; Taylor County; Tucker County; Tyler County; Wetzel County; Wood County,,20,81017,141736,5817,228570,36.37,63.63,51.99,-7.64,R+7.6,0.0,-15.61,-13.5,6.27,0.23,0.4,0.2,0.2,0.2,pres+house+senate+statewide
2012,2000s,West Virginia,WV,WV-02,,False,18,0,Berkeley County; Braxton County; Calhoun County; Clay County; Hampshire County; Hardy County; Jackson County; Jefferson County; Kanawha County; Lewis County; Mason County; Morgan County; Pendleton County; Putnam County; Randolph County; Roane County; Upshur County; Wirt County,,18,92857,146524,5784,245165,38.79,61.21,51.99,-8.13,R+8.1,0.0,-13.19,-20.78,6.27,0.23,0.4,0.2,0.2,0.2,pres+house+senate+statewide
2012,2000s,West Virginia,WV,WV-03,,False,17,0,Boone County; Cabell County; Fayette County; Greenbrier County; Lincoln County; Logan County; McDowell County; Mercer County; Mingo County; Monroe County; Nicholas County; Pocahontas County; Raleigh County; Summers County; Wayne County; Webster County; Wyoming County,,17,64395,129395,4594,198384,33.23,66.77,51.99,-5.61,R+5.6,0.0,-18.76,2.97,6.27,0.23,0.4,0.2,0.2,0.2,pres+house+senate+statewide
2012,2000s,Wyoming,WY,WY-AL,,True,0,0,,,23,69286,170962,8813,249061,28.84,71.16,51.99,-26.37,R+26.4,0.0,-23.15,-25.31,-33.89,,0.5,0.25,0.25,0.0,pres+house+senate
2016,2010s,Alaska,AK,AK-AL,,True,0,0,,,0,0,0,0,0,,,51.13,-12.94,R+12.9,,,-5.63,-28.08,-5.1,0.0,0.334,0.333,0.333,house+senate+statewide
2016,2010s,Alabama,AL,AL-01,,False,5,1,Baldwin County; Escambia County; Mobile County; Monroe County; Washington County,Clarke County,6,102904,190949,9898,303751,35.02,64.98,51.13,-15.05,R+15.0,0.7,-16.11,,-12.92,,0.667,0.0,0.333,0.0,pres+senate
2016,2010s,Alabama,AL,AL-02,,False,14,1,Autauga County; Barbour County; Bullock County; Butler County; Coffee County; Conecuh County; Covington County; Crenshaw County; Dale County; Elmore County; Geneva County; Henry County; Houston County; Pike County,Montgomery County,15,101576,185183,8047,294807,35.42,64.58,51.13,-11.58,R+11.6,22.0,-15.71,-1.96,-12.92,,0.5,0.25,0.25,0.0,pres+house+senate
2016,2010s,Alabama,AL,AL-03,,False,11,2,Calhoun County; Chambers County; Clay County; Cleburne County; Lee County; Macon County; Randolph County; Russell County; St. Clair County; Talladega County; Tallapoosa County,Cherokee County; Montgomery County,13,99156,185845,9522,294522,34.79,65.21,51.13,-14.99,R+15.0,10.3,-16.34,-14.36,-12.92,,0.5,0.25,0.25,0.0,pres+house+senate
2016,2010s,Alabama,AL,AL-04,,False,12,3,Colbert County; Cullman County; DeKalb County; Etowah County; Fayette County; Franklin County; Lamar County; Lawrence County; Marion County; Marshall County; Walker County; Winston County,Blount County; Cherokee County; Tuscaloosa County,15,65081,243911,9585,318577,21.06,78.94,51.13,-24.35,R+24.4,17.5,-30.07,,-12.92,,0.667,0.0,0.333,0.0,pres+senate
2016,2010s,Alabama,AL,AL-05,,False,5,0,Jackson County; Lauderdale County; Limestone County; Madison County; Morgan County,,5,97169,200644,17023,314836,32.63,67.37,51.13,-16.01,R+16.0,0.0,-18.51,-14.11,-12.92,,0.5,0.25,0.25,0.0,pres+house+senate
2016,2010s,Alabama,AL,AL-06,,False,4,2,Bibb County; Chilton County; Coosa County; Shelby County,Blount County; Jefferson County,6,153376,222668,16181,392225,40.79,59.21,51.13,-13.88,R+13.9,65.9,-10.35,-21.92,-12.92,,0.5,0.25,0.25,0.0,pres+house+senate
2016,2010s,Alabama,AL,AL-07,,False,10,4,Choctaw County; Dallas County; Greene County; Hale County; Lowndes County; Marengo County; Perry County; Pickens County; Sumter County; Wilcox County,Clarke County; Jefferson County; Montgomery County; Tuscaloosa County,14,110286,89055,5313,204655,55.33,44.67,51.13,-1.51,R+1.5,58.9,4.19,,-12.92,,0.667,0.0,0.333,0.0,pres+senate
2016,2010s,Arkansas,AR,AR-01,,False,28,2,Arkansas County; Baxter County; Chicot County; Clay County; Cleburne County; Craighead County; Crittenden County; Cross County; Desha County; Fulton County; Greene County; Independence County; Izard County; Jackson County; Lawrence County; Lee County; Lincoln County; Lonoke County; Mississippi County; Monroe County; Phillips County; Poinsett County; Prairie County; Randolph County; St. Francis County; Sharp County; Stone County; Woodruff County,Jefferson County; Searcy County,30,82336,171647,12822,266806,32.42,67.58,51.13,-16.19,R+16.2,3.8,-18.71,,-11.15,,0.667,0.0,0.333,0.0,pres+senate
2016,2010s,Arkansas,AR,AR-02,,False,7,0,Conway County; Faulkner County; Perry County; Pulaski County; Saline County; Van Buren County; White County,,7,127883,160782,18309,306974,44.3,55.7,51.13,-8.37,R+8.4,0.0,-6.83,-8.66,-11.15,,0.5,0.25,0.25,0.0,pres+house+senate
2016,2010s,Arkansas,AR,AR-03,,False,6,4,Benton County; Boone County; Carroll County; Marion County; Pope County; Washington County,Crawford County; Newton County; Searcy County; Sebastian County,10,83296,168660,20660,272617,33.06,66.94,51.13,-15.76,R+15.8,13.7,-18.07,,-11.15,,0.667,0.0,0.333,0.0,pres+senate
2016,2010s,Arkansas,AR,AR-04,,False,29,4,Ashley County; Bradley County; Calhoun County; Clark County; Cleveland County; Columbia County; Dallas County; Drew County; Franklin County; Garland County; Grant County; Hempstead County; Hot Spring County; Howard County; Johnson County; Lafayette County; Little River County; Logan County; Madison County; Miller County; Montgomery County; Nevada County; Ouachita County; Pike County; Polk County; Scott County; Sevier County; Union County; Yell County,Crawford County; Jefferson County; Newton County; Sebastian County,33,86978,183783,13519,284280,32.12,67.88,51.13,-16.39,R+16.4,18.7,-19.01,,-11.15,,0.667,0.0,0.333,0.0,pres+senate
2016,2010s,Arizona,AZ,AZ-01,,False,5,5,Apache County; Coconino County; Graham County; Greenlee County; Navajo County,Gila County; Mohave County; Pima County; Pinal County; Yavapai County,10,120704,137752,22306,280762,46.7,53.3,51.13,-3.06,R+3.1,49.0,-4.43,6.53,-5.71,-7.28,0.4,0.2,0.2,0.2,pres+house+senate+statewide
2016,2010s,Arizona,AZ,AZ-02,,False,1,1,Cochise County,Pima County,2,58338,58564,9851,126753,49.9,50.1,51.13,-3.95,R+4.0,60.5,-1.23,-4.31,-5.71,-7.28,0.4,0.2,0.2,0.2,pres+house+senate+statewide
2016,2010s,Arizona,AZ,AZ-03,,False,1,4,Santa Cruz County,Maricopa County; Pima County; Pinal County; Yuma County,5,542436,512834,82939,1138209,51.4,48.6,51.13,-3.11,R+3.1,98.6,0.27,,-5.71,-7.28,0.5,0.0,0.25,0.25,pres+senate+statewide
2016,2010s,Arizona,AZ,AZ-04,,False,1,6,La Paz County,Gila County; Maricopa County; Mohave County; Pinal County; Yavapai County; Yuma County,7,297391,391954,52193,741538,43.14,56.86,51.13,-9.55,R+9.6,99.2,-7.99,-18.8,-5.71,-7.28,0.4,0.2,0.2,0.2,pres+house+senate+statewide
2016,2010s,Arizona,AZ,AZ-05,,False,0,1,,Maricopa County,1,22882,24329,3827,51038,48.47,51.53,51.13,-5.95,R+6.0,100.0,-2.67,-11.44,-5.71,-7.28,0.4,0.2,0.2,0.2,pres+house+senate+statewide
2016,2010s,Arizona,AZ,AZ-06,,False,0,1,,Maricopa County,1,48624,51699,8133,108456,48.47,51.53,51.13,-5.56,R+5.6,100.0,-2.67,-9.46,-5.71,-7.28,0.4,0.2,0.2,0.2,pres+house+senate+statewide
2016,2010s,Arizona,AZ,AZ-07,,False,0,1,,Maricopa County,1,15731,16726,2631,35089,48.47,51.53,51.13,1.92,D+1.9,100.0,-2.67,27.91,-5.71,-7.28,0.4,0.2,0.2,0.2,pres+house+senate+statewide
2016,2010s,Arizona,AZ,AZ-08,,False,0,1,,Maricopa County,1,42189,44857,7056,94102,48.47,51.53,51.13,-4.58,R+4.6,100.0,-2.67,,-5.71,-7.28,0.5,0.0,0.25,0.25,pres+senate+statewide
2016,2010s,Arizona,AZ,AZ-09,,False,0,1,,Maricopa County,1,12871,13685,2153,28709,48.47,51.53,51.13,-0.94,R+0.9,100.0,-2.67,13.59,-5.71,-7.28,0.4,0.2,0.2,0.2,pres+house+senate+statewide
2016,2010s,California,CA,CA-01,,False,8,3,Butte County; Lassen County; Modoc County; Plumas County; Shasta County; Sierra County; Siskiyou County; Tehama County,Glenn County; Nevada County; Placer County,11,124609,182248,28369,335227,40.61,59.39,51.13,-10.52,R+10.5,26.7,-10.52,,,,1.0,0.0,0.0,0.0,pres
2016,2010s,California,CA,CA-02,,False,5,2,Del Norte County; Humboldt County; Marin County; Mendocino County; Trinity County,San Francisco County; Sonoma County,7,297676,98168,37594,433437,75.2,24.8,51.13,24.07,D+24.1,42.0,24.07,,,,1.0,0.0,0.0,0.0,pres
2016,2010s,California,CA,CA-03,,False,3,5,Colusa County; Sutter County; Yuba County,Glenn County; Lake County; Sacramento County; Solano County; Yolo County,8,257907,159094,34252,451254,61.85,38.15,51.13,10.72,D+10.7,86.0,10.72,,,,1.0,0.0,0.0,0.0,pres
2016,2010s,California,CA,CA-04,,False,6,4,Alpine County; Amador County; Calaveras County; El Dorado County; Mariposa County; Tuolumne County,Fresno County; Madera County; Nevada County; Placer County,10,195812,239979,34173,469964,44.93,55.07,51.13,-6.2,R+6.2,63.9,-6.2,,,,1.0,0.0,0.0,0.0,pres
2016,2010s,California,CA,CA-05,,False,1,4,Napa County,Contra Costa County; Lake County; Solano County; Sonoma County,5,116369,47254,13849,177472,71.12,28.88,51.13,19.99,D+20.0,65.4,19.99,,,,1.0,0.0,0.0,0.0,pres
2016,2010s,California,CA,CA-06,,False,0,2,,Sacramento County; Yolo County,2,53099,30654,7071,90825,63.4,36.6,51.13,12.27,D+12.3,100.0,12.27,,,,1.0,0.0,0.0,0.0,pres
2016,2010s,California,CA,CA-07,,False,0,1,,Sacramento County,1,183877,107041,24544,315462,63.21,36.79,51.13,12.07,D+12.1,100.0,12.07,,,,1.0,0.0,0.0,0.0,pres
2016,2010s,California,CA,CA-08,,False,2,1,Inyo County; Mono County,San Bernardino County,3,339938,272169,42146,654252,55.54,44.46,51.13,4.4,D+4.4,98.0,4.4,,,,1.0,0.0,0.0,0.0,pres
2016,2010s,California,CA,CA-09,,False,0,3,,Contra Costa County; Sacramento County; San Joaquin County,3,175917,101165,19320,296402,63.49,36.51,51.13,12.36,D+12.4,100.0,12.36,,,,1.0,0.0,0.0,0.0,pres
2016,2010s,California,CA,CA-10,,False,1,1,Stanislaus County,San Joaquin County,2,109627,99038,15263,223928,52.54,47.46,51.13,1.4,D+1.4,23.1,1.4,,,,1.0,0.0,0.0,0.0,pres
2016,2010s,California,CA,CA-11,,False,0,1,,Contra Costa County,1,214671,77962,20797,313430,73.36,26.64,51.13,22.23,D+22.2,100.0,22.23,,,,1.0,0.0,0.0,0.0,pres
2016,2010s,California,CA,CA-12,,False,0,1,,San Francisco County,1,277793,30339,18531,326663,90.15,9.85,51.13,39.02,D+39.0,100.0,39.02,,,,1.0,0.0,0.0,0.0,pres
2016,2010s,California,CA,CA-13,,False,0,1,,Alameda County,1,66098,12315,5585,83998,84.29,15.71,51.13,33.16,D+33.2,100.0,33.16,,,,1.0,0.0,0.0,0.0,pres
2016,2010s,California,CA,CA-14,,False,0,2,,San Francisco County; San Mateo County,2,192830,39079,14389,246297,83.15,16.85,51.13,32.02,D+32.0,100.0,32.02,,,,1.0,0.0,0.0,0.0,pres
2016,2010s,California,CA,CA-15,,False,0,2,,Alameda County; Contra Costa County,2,412237,78842,34975,526054,83.95,16.05,51.13,32.81,D+32.8,100.0,32.81,,,,1.0,0.0,0.0,0.0,pres
2016,2010s,California,CA,CA-16,,False,1,2,Merced County,Fresno County; Madera County,3,46680,39957,6114,92751,53.88,46.12,51.13,2.75,D+2.7,23.7,2.75,,,,1.0,0.0,0.0,0.0,pres
2016,2010s,California,CA,CA-17,,False,0,2,,Alameda County; Santa Clara County,2,95064,22262,8397,125722,81.03,18.97,51.13,29.89,D+29.9,100.0,29.89,,,,1.0,0.0,0.0,0.0,pres
2016,2010s,California,CA,CA-18,,False,0,3,,San Mateo County; Santa Clara County; Santa Cruz County,3,255398,65504,23483,344385,79.59,20.41,51.13,28.45,D+28.5,100.0,28.45,,,,1.0,0.0,0.0,0.0,pres
2016,2010s,California,CA,CA-19,,False,0,1,,Santa Clara County,1,369521,104588,34085,508194,77.94,22.06,51.13,26.81,D+26.8,100.0,26.81,,,,1.0,0.0,0.0,0.0,pres
2016,2010s,California,CA,CA-20,,False,2,1,Monterey County; San Benito County,Santa Cruz County,3,140301,51851,15510,207661,73.02,26.98,51.13,21.88,D+21.9,25.2,21.88,,,,1.0,0.0,0.0,0.0,pres
2016,2010s,California,CA,CA-21,,False,1,3,Kings County,Fresno County; Kern County; Tulare County,4,109399,114290,14717,238406,48.91,51.09,51.13,-2.23,R+2.2,85.8,-2.23,,,,1.0,0.0,0.0,0.0,pres
2016,2010s,California,CA,CA-22,,False,0,2,,Fresno County; Tulare County,2,17469,17855,2207,37531,49.45,50.55,51.13,-1.68,R+1.7,100.0,-1.68,,,,1.0,0.0,0.0,0.0,pres
2016,2010s,California,CA,CA-23,,False,0,3,,Kern County; Los Angeles County; Tulare County,3,228032,178178,26424,432634,56.14,43.86,51.13,5.0,D+5.0,100.0,5.0,,,,1.0,0.0,0.0,0.0,pres
2016,2010s,California,CA,CA-24,,False,2,1,San Luis Obispo County; Santa Barbara County,Ventura County,3,263480,173265,36492,473237,60.33,39.67,51.13,9.2,D+9.2,34.1,9.2,,,,1.0,0.0,0.0,0.0,pres
2016,2010s,California,CA,CA-25,,False,0,2,,Los Angeles County; Ventura County,2,1000246,314503,81525,1396274,76.08,23.92,51.13,24.95,D+24.9,100.0,24.95,,,,1.0,0.0,0.0,0.0,pres
2016,2010s,California,CA,CA-26,,False,0,1,,Ventura County,1,98756,67220,12701,178677,59.5,40.5,51.13,8.37,D+8.4,100.0,8.37,,,,1.0,0.0,0.0,0.0,pres
2016,2010s,California,CA,CA-27,,False,0,1,,Los Angeles County,1,416061,129957,33800,579818,76.2,23.8,51.13,25.07,D+25.1,100.0,25.07,,,,1.0,0.0,0.0,0.0,pres
2016,2010s,California,CA,CA-28,,False,0,1,,Los Angeles County,1,132943,41525,10800,185267,76.2,23.8,51.13,25.07,D+25.1,100.0,25.07,,,,1.0,0.0,0.0,0.0,pres
2016,2010s,California,CA,CA-29,,False,0,1,,Los Angeles County,1,56624,17686,4600,78910,76.2,23.8,51.13,25.07,D+25.1,100.0,25.07,,,,1.0,0.0,0.0,0.0,pres
2016,2010s,California,CA,CA-30,,False,0,2,,Los Angeles County; Ventura County,2,79558,25136,6500,111195,75.99,24.01,51.13,24.86,D+24.9,100.0,24.86,,,,1.0,0.0,0.0,0.0,pres
2016,2010s,California,CA,CA-31,,False,0,1,,San Bernardino County,1,3753,2987,461,7201,55.69,44.31,51.13,4.55,D+4.6,100.0,4.55,,,,1.0,0.0,0.0,0.0,pres
2016,2010s,California,CA,CA-32,,False,0,1,,Los Angeles County,1,76319,23838,6200,106357,76.2,23.8,51.13,25.07,D+25.1,100.0,25.07,,,,1.0,0.0,0.0,0.0,pres
2016,2010s,California,CA,CA-33,,False,0,1,,Los Angeles County,1,174795,54597,14200,243592,76.2,23.8,51.13,25.07,D+25.1,100.0,25.07,,,,1.0,0.0,0.0,0.0,pres
2016,2010s,California,CA,CA-34,,False,0,1,,Los Angeles County,1,29543,9228,2400,41171,76.2,23.8,51.13,25.07,D+25.1,100.0,25.07,,,,1.0,0.0,0.0,0.0,pres
2016,2010s,California,CA,CA-35,,False,0,2,,Los Angeles County; San Bernardino County,2,17160,6514,1494,25168,72.48,27.52,51.13,21.35,D+21.4,100.0,21.35,,,,1.0,0.0,0.0,0.0,pres
2016,2010s,California,CA,CA-36,,False,0,1,,Riverside County,1,308280,274909,36671,619860,52.86,47.14,51.13,1.73,D+1.7,100.0,1.73,,,,1.0,0.0,0.0,0.0,pres
2016,2010s,California,CA,CA-37,,False,0,1,,Los Angeles County,1,34467,10766,2800,48032,76.2,23.8,51.13,25.07,D+25.1,100.0,25.07,,,,1.0,0.0,0.0,0.0,pres
2016,2010s,California,CA,CA-38,,False,0,1,,Los Angeles County,1,61548,19224,5000,85772,76.2,23.8,51.13,25.07,D+25.1,100.0,25.07,,,,1.0,0.0,0.0,0.0,pres
2016,2010s,California,CA,CA-39,,False,0,3,,Orange County; Los Angeles County; San Bernardino County,3,114100,74396,13043,201539,60.53,39.47,51.13,9.4,D+9.4,100.0,9.4,,,,1.0,0.0,0.0,0.0,pres
2016,2010s,California,CA,CA-40,,False,0,1,,Los Angeles County,1,34467,10766,2800,48032,76.2,23.8,51.13,25.07,D+25.1,100.0,25.07,,,,1.0,0.0,0.0,0.0,pres
2016,2010s,California,CA,CA-41,,False,0,1,,Riverside County,1,16542,14751,1968,33261,52.86,47.14,51.13,1.73,D+1.7,100.0,1.73,,,,1.0,0.0,0.0,0.0,pres
2016,2010s,California,CA,CA-42,,False,0,1,,Riverside County,1,48874,43583,5814,98270,52.86,47.14,51.13,1.73,D+1.7,100.0,1.73,,,,1.0,0.0,0.0,0.0,pres
2016,2010s,California,CA,CA-43,,False,0,1,,Los Angeles County,1,44314,13842,3600,61756,76.2,23.8,51.13,25.07,D+25.1,100.0,25.07,,,,1.0,0.0,0.0,0.0,pres
2016,2010s,California,CA,CA-44,,False,0,1,,Los Angeles County,1,49238,15379,4000,68618,76.2,23.8,51.13,25.07,D+25.1,100.0,25.07,,,,1.0,0.0,0.0,0.0,pres
2016,2010s,California,CA,CA-45,,False,0,1,,Orange County,1,255119,212117,33633,500869,54.6,45.4,51.13,3.47,D+3.5,100.0,3.47,,,,1.0,0.0,0.0,0.0,pres
2016,2010s,California,CA,CA-46,,False,0,1,,Orange County,1,55673,46289,7340,109302,54.6,45.4,51.13,3.47,D+3.5,100.0,3.47,,,,1.0,0.0,0.0,0.0,pres
2016,2010s,California,CA,CA-47,,False,0,2,,Los Angeles County; Orange County,2,135855,56725,12429,205009,70.54,29.46,51.13,19.41,D+19.4,100.0,19.41,,,,1.0,0.0,0.0,0.0,pres
2016,2010s,California,CA,CA-48,,False,0,1,,Orange County,1,113182,94105,14921,222208,54.6,45.4,51.13,3.47,D+3.5,100.0,3.47,,,,1.0,0.0,0.0,0.0,pres
2016,2010s,California,CA,CA-49,,False,0,2,,Orange County; San Diego County,2,161653,120362,20912,302927,57.32,42.68,51.13,6.19,D+6.2,100.0,6.19,,,,1.0,0.0,0.0,0.0,pres
2016,2010s,California,CA,CA-50,,False,0,1,,San Diego County,1,479530,311503,60739,851773,60.62,39.38,51.13,9.49,D+9.5,100.0,9.49,,,,1.0,0.0,0.0,0.0,pres
2016,2010s,California,CA,CA-51,,False,1,1,Imperial County,San Diego County,2,140046,82458,16321,238825,62.94,37.06,51.13,11.81,D+11.8,79.9,11.81,,,,1.0,0.0,0.0,0.0,pres
2016,2010s,California,CA,CA-52,,False,0,1,,San Diego County,1,47070,30577,5962,83610,60.62,39.38,51.13,9.49,D+9.5,100.0,9.49,,,,1.0,0.0,0.0,0.0,pres
2016,2010s,California,CA,CA-53,,False,0,1,,San Diego County,1,24271,15766,3074,43111,60.62,39.38,51.13,9.49,D+9.5,100.0,9.49,,,,1.0,0.0,0.0,0.0,pres
2016,2010s,Colorado,CO,CO-01,,False,0,3,,Arapahoe County; Denver County; Jefferson County,3,252267,68914,25974,347155,78.54,21.46,51.13,16.91,D+16.9,100.0,27.41,23.67,4.16,1.91,0.4,0.2,0.2,0.2,pres+house+senate+statewide
2016,2010s,Colorado,CO,CO-02,,False,5,5,Clear Creek County; Gilpin County; Grand County; Larimer County; Summit County,Boulder County; Broomfield County; Eagle County; Jefferson County; Park County,10,372233,252079,61707,686019,59.62,40.38,51.13,7.23,D+7.2,66.4,8.49,13.12,4.16,1.91,0.4,0.2,0.2,0.2,pres+house+senate+statewide
2016,2010s,Colorado,CO,CO-03,,False,28,1,Alamosa County; Archuleta County; Conejos County; Costilla County; Custer County; Delta County; Dolores County; Garfield County; Gunnison County; Hinsdale County; Huerfano County; Jackson County; Lake County; La Plata County; Mesa County; Mineral County; Moffat County; Montezuma County; Montrose County; Ouray County; Pitkin County; Pueblo County; Rio Blanco County; Rio Grande County; Routt County; Saguache County; San Juan County; San Miguel County,Eagle County,29,150887,195152,30133,376171,43.6,56.4,51.13,-2.77,R+2.8,4.6,-7.53,-4.85,4.16,1.91,0.4,0.2,0.2,0.2,pres+house+senate+statewide
2016,2010s,Colorado,CO,CO-04,,False,18,5,Baca County; Bent County; Cheyenne County; Crowley County; Elbert County; Kiowa County; Kit Carson County; Las Animas County; Lincoln County; Logan County; Morgan County; Otero County; Phillips County; Prowers County; Sedgwick County; Washington County; Weld County; Yuma County,Adams County; Arapahoe County; Boulder County; Broomfield County; Douglas County,23,325014,377537,64812,767363,46.26,53.74,51.13,-3.55,R+3.6,71.6,-4.87,-14.1,4.16,1.91,0.4,0.2,0.2,0.2,pres+house+senate+statewide
2016,2010s,Colorado,CO,CO-05,,False,4,1,Chaffee County; El Paso County; Fremont County; Teller County,Park County,5,124969,215173,36149,376292,36.74,63.26,51.13,-7.39,R+7.4,2.6,-14.39,-14.22,4.16,1.91,0.4,0.2,0.2,0.2,pres+house+senate+statewide
2016,2010s,Colorado,CO,CO-06,,False,0,3,,Adams County; Arapahoe County; Douglas County,3,59989,48079,10282,118350,55.51,44.49,51.13,2.61,D+2.6,100.0,4.38,-1.79,4.16,1.91,0.4,0.2,0.2,0.2,pres+house+senate+statewide
2016,2010s,Colorado,CO,CO-07,,False,0,3,,Adams County; Broomfield County; Jefferson County,3,53511,45549,9836,108896,54.02,45.98,51.13,4.52,D+4.5,100.0,2.89,10.75,4.16,1.91,0.4,0.2,0.2,0.2,pres+house+senate+statewide
2016,2010s,Connecticut,CT,CT-01,,False,0,3,,Hartford County; Litchfield County; Middlesex County,3,164597,108004,12924,285524,60.38,39.62,51.13,10.8,D+10.8,100.0,9.25,18.11,13.65,3.74,0.4,0.2,0.2,0.2,pres+house+senate+statewide
2016,2010s,Connecticut,CT,CT-02,,False,3,3,New London County; Tolland County; Windham County,Hartford County; Middlesex County; New Haven County,6,201262,171970,21768,395000,53.92,46.08,51.13,8.18,D+8.2,36.3,2.79,17.92,13.65,3.74,0.4,0.2,0.2,0.2,pres+house+senate+statewide
2016,2010s,Connecticut,CT,CT-03,,False,0,3,,Fairfield County; Middlesex County; New Haven County,3,145265,112262,10390,267917,56.41,43.59,51.13,9.92,D+9.9,100.0,5.28,21.69,13.65,3.74,0.4,0.2,0.2,0.2,pres+house+senate+statewide
2016,2010s,Connecticut,CT,CT-04,,False,0,2,,Fairfield County; New Haven County,2,176213,116978,12475,305666,60.1,39.9,51.13,9.57,D+9.6,100.0,8.97,12.55,13.65,3.74,0.4,0.2,0.2,0.2,pres+house+senate+statewide
2016,2010s,Connecticut,CT,CT-05,,False,0,4,,Fairfield County; Hartford County; Litchfield County; New Haven County,4,210234,164002,16577,390813,56.18,43.82,51.13,7.62,D+7.6,100.0,5.04,10.65,13.65,3.74,0.4,0.2,0.2,0.2,pres+house+senate+statewide
2016,2010s,District of Columbia,DC,DC-AL,,True,0,0,,,8,282830,12723,15715,311268,95.7,4.3,51.13,44.56,D+44.6,0.0,44.56,,,,1.0,0.0,0.0,0.0,pres
2016,2010s,Delaware,DE,DE-AL,,True,0,0,,,3,235603,185127,23084,443814,56.0,44.0,51.13,6.83,D+6.8,0.0,4.87,10.2,,7.4,0.5,0.25,0.0,0.25,pres+house+statewide
2016,2010s,Florida,FL,FL-01,,False,4,1,Escambia County; Okaloosa County; Santa Rosa County; Walton County,Holmes County,5,107258,257738,20648,385643,29.39,70.61,51.13,-12.39,R+12.4,1.8,-21.75,-16.45,-2.83,0.81,0.4,0.2,0.2,0.2,pres+house+senate+statewide
2016,2010s,Florida,FL,FL-02,,False,12,2,Bay County; Calhoun County; Franklin County; Gadsden County; Gulf County; Jackson County; Jefferson County; Leon County; Liberty County; Taylor County; Wakulla County; Washington County,Holmes County; Madison County,14,154779,187487,15516,357783,45.22,54.78,51.13,-6.08,R+6.1,1.6,-5.91,-16.57,-2.83,0.81,0.4,0.2,0.2,0.2,pres+house+senate+statewide
2016,2010s,Florida,FL,FL-03,,False,9,4,Bradford County; Columbia County; Dixie County; Gilchrist County; Hamilton County; Lafayette County; Levy County; Suwannee County; Union County,Alachua County; Clay County; Madison County; Marion County,13,126007,214022,14516,354544,37.06,62.94,51.13,-7.24,R+7.2,69.1,-14.08,-6.06,-2.83,0.81,0.4,0.2,0.2,0.2,pres+house+senate+statewide
2016,2010s,Florida,FL,FL-04,,False,2,1,Baker County; Nassau County,Duval County,3,187007,223635,18397,429038,45.54,54.46,51.13,-6.46,R+6.5,86.1,-5.59,-19.12,-2.83,0.81,0.4,0.2,0.2,0.2,pres+house+senate+statewide
2016,2010s,Florida,FL,FL-05,,False,0,8,,Alachua County; Clay County; Duval County; Lake County; Marion County; Orange County; Putnam County; Seminole County,8,158885,154272,14888,328045,50.74,49.26,51.13,2.82,D+2.8,100.0,-0.4,16.89,-2.83,0.81,0.4,0.2,0.2,0.2,pres+house+senate+statewide
2016,2010s,Florida,FL,FL-06,,False,2,2,Flagler County; St. Johns County,Putnam County; Volusia County,4,163979,258231,18329,440538,38.84,61.16,51.13,-6.5,R+6.5,55.5,-12.29,-5.91,-2.83,0.81,0.4,0.2,0.2,0.2,pres+house+senate+statewide
2016,2010s,Florida,FL,FL-07,,False,0,3,,Orange County; Seminole County; Volusia County,3,136850,135550,14700,287100,50.24,49.76,51.13,0.07,D+0.1,100.0,-0.89,4.13,-2.83,0.81,0.4,0.2,0.2,0.2,pres+house+senate+statewide
2016,2010s,Florida,FL,FL-08,,False,2,1,Brevard County; Indian River County,Orange County,3,227158,276883,26090,530131,45.07,54.93,51.13,-5.49,R+5.5,24.8,-6.07,-13.32,-2.83,0.81,0.4,0.2,0.2,0.2,pres+house+senate+statewide
2016,2010s,Florida,FL,FL-09,,False,1,2,Osceola County,Orange County; Polk County,3,176350,110946,13291,300587,61.38,38.62,51.13,5.72,D+5.7,52.9,10.25,10.14,-2.83,0.81,0.4,0.2,0.2,0.2,pres+house+senate+statewide
2016,2010s,Florida,FL,FL-10,,False,0,3,,Lake County; Orange County; Polk County,3,145415,146466,13415,305297,49.82,50.18,51.13,2.58,D+2.6,100.0,-1.31,17.52,-2.83,0.81,0.4,0.2,0.2,0.2,pres+house+senate+statewide
2016,2010s,Florida,FL,FL-11,,False,3,2,Citrus County; Hernando County; Sumter County,Lake County; Marion County,5,114171,230115,12537,356823,33.16,66.84,51.13,-10.54,R+10.5,29.3,-17.97,-14.76,-2.83,0.81,0.4,0.2,0.2,0.2,pres+house+senate+statewide
2016,2010s,Florida,FL,FL-12,,False,1,2,Pasco County,Hillsborough County; Pinellas County,3,172828,223113,19475,415415,43.65,56.35,51.13,-6.59,R+6.6,41.4,-7.48,-15.94,-2.83,0.81,0.4,0.2,0.2,0.2,pres+house+senate+statewide
2016,2010s,Florida,FL,FL-13,,False,0,1,,Pinellas County,1,156580,160265,16471,333315,49.42,50.58,51.13,-0.18,R+0.2,100.0,-1.71,4.56,-2.83,0.81,0.4,0.2,0.2,0.2,pres+house+senate+statewide
2016,2010s,Florida,FL,FL-14,,False,0,2,,Hillsborough County; Pinellas County,2,91115,81722,8804,181641,52.72,47.28,51.13,3.12,D+3.1,100.0,1.58,14.44,-2.83,0.81,0.4,0.2,0.2,0.2,pres+house+senate+statewide
2016,2010s,Florida,FL,FL-15,,False,0,2,,Hillsborough County; Polk County,2,147733,140569,14199,302501,51.24,48.76,51.13,-1.32,R+1.3,100.0,0.11,-4.82,-2.83,0.81,0.4,0.2,0.2,0.2,pres+house+senate+statewide
2016,2010s,Florida,FL,FL-16,,False,1,1,Sarasota County,Manatee County,2,128924,168886,12354,310163,43.29,56.71,51.13,-4.96,R+5.0,25.4,-7.84,-7.12,-2.83,0.81,0.4,0.2,0.2,0.2,pres+house+senate+statewide
2016,2010s,Florida,FL,FL-17,,False,6,4,Charlotte County; DeSoto County; Glades County; Hardee County; Highlands County; Okeechobee County,Hillsborough County; Lee County; Manatee County; Polk County,10,278410,373781,28178,680368,42.69,57.31,51.13,-6.12,R+6.1,73.6,-8.44,-11.7,-2.83,0.81,0.4,0.2,0.2,0.2,pres+house+senate+statewide
2016,2010s,Florida,FL,FL-18,,False,2,1,Martin County; St. Lucie County,Palm Beach County,3,164882,172798,11531,349210,48.83,51.17,51.13,-1.88,R+1.9,34.5,-2.3,-2.79,-2.83,0.81,0.4,0.2,0.2,0.2,pres+house+senate+statewide
2016,2010s,Florida,FL,FL-19,,False,0,2,,Collier County; Lee County,2,102232,157658,10688,270578,39.34,60.66,51.13,-7.77,R+7.8,100.0,-11.8,-13.24,-2.83,0.81,0.4,0.2,0.2,0.2,pres+house+senate+statewide
2016,2010s,Florida,FL,FL-20,,False,0,3,,Broward County; Hendry County; Palm Beach County,3,499306,302951,23335,825592,62.24,37.76,51.13,10.63,D+10.6,100.0,11.1,32.96,-2.83,0.81,0.4,0.2,0.2,0.2,pres+house+senate+statewide
2016,2010s,Florida,FL,FL-21,,False,0,2,,Broward County; Palm Beach County,2,64689,38834,3006,106529,62.49,37.51,51.13,7.49,D+7.5,100.0,11.35,16.74,-2.83,0.81,0.4,0.2,0.2,0.2,pres+house+senate+statewide
2016,2010s,Florida,FL,FL-22,,False,0,2,,Broward County; Palm Beach County,2,48613,27711,2205,78530,63.69,36.31,51.13,6.94,D+6.9,100.0,12.56,11.59,-2.83,0.81,0.4,0.2,0.2,0.2,pres+house+senate+statewide
2016,2010s,Florida,FL,FL-23,,False,0,2,,Broward County; Miami-Dade County,2,76376,36337,3215,115928,67.76,32.24,51.13,8.45,D+8.4,100.0,16.63,11.0,-2.83,0.81,0.4,0.2,0.2,0.2,pres+house+senate+statewide
2016,2010s,Florida,FL,FL-24,,False,0,2,,Broward County; Miami-Dade County,2,38485,19856,1736,60077,65.97,34.03,51.13,6.91,D+6.9,100.0,14.83,,-2.83,0.81,0.5,0.0,0.25,0.25,pres+senate+statewide
2016,2010s,Florida,FL,FL-25,,False,0,4,,Broward County; Collier County; Hendry County; Miami-Dade County,4,385006,264375,20115,669497,59.29,40.71,51.13,0.92,D+0.9,100.0,8.16,-9.71,-2.83,0.81,0.4,0.2,0.2,0.2,pres+house+senate+statewide
2016,2010s,Florida,FL,FL-26,,False,1,1,Monroe County,Miami-Dade County,2,381963,216152,18995,617109,63.86,36.14,51.13,3.97,D+4.0,93.0,12.73,-3.61,-2.83,0.81,0.4,0.2,0.2,0.2,pres+house+senate+statewide
2016,2010s,Florida,FL,FL-27,,False,0,1,,Miami-Dade County,1,69974,37445,3256,110676,65.14,34.86,51.13,4.75,D+4.8,100.0,14.01,-2.24,-2.83,0.81,0.4,0.2,0.2,0.2,pres+house+senate+statewide
2016,2010s,Georgia,GA,GA-01,,False,15,2,Bacon County; Brantley County; Bryan County; Camden County; Charlton County; Chatham County; Clinch County; Echols County; Glynn County; Liberty County; Long County; McIntosh County; Pierce County; Ware County; Wayne County,Effingham County; Lowndes County,17,110633,149030,10045,269708,42.61,57.39,51.13,-7.69,R+7.7,5.0,-8.53,,-6.02,,0.667,0.0,0.333,0.0,pres+senate
2016,2010s,Georgia,GA,GA-02,,False,27,2,Baker County; Calhoun County; Chattahoochee County; Clay County; Crawford County; Crisp County; Decatur County; Dooly County; Dougherty County; Early County; Grady County; Lee County; Macon County; Marion County; Miller County; Mitchell County; Peach County; Quitman County; Randolph County; Schley County; Seminole County; Stewart County; Sumter County; Talbot County; Taylor County; Terrell County; Webster County,Bibb County; Muscogee County,29,135600,121698,6960,264258,52.7,47.3,51.13,2.75,D+2.7,39.9,1.57,13.88,-6.02,,0.5,0.25,0.25,0.0,pres+house+senate
2016,2010s,Georgia,GA,GA-03,,False,10,3,Carroll County; Coweta County; Harris County; Heard County; Lamar County; Meriwether County; Pike County; Spalding County; Troup County; Upson County,Fayette County; Henry County; Muscogee County,13,107251,192612,12229,312091,35.77,64.23,51.13,-13.11,R+13.1,30.8,-15.37,-15.69,-6.02,,0.5,0.25,0.25,0.0,pres+house+senate
2016,2010s,Georgia,GA,GA-04,,False,1,3,Rockdale County,DeKalb County; Gwinnett County; Newton County,4,213753,81080,14226,309059,72.5,27.5,51.13,16.27,D+16.3,87.7,21.37,28.37,-6.02,,0.5,0.25,0.25,0.0,pres+house+senate
2016,2010s,Georgia,GA,GA-05,,False,0,3,,Clayton County; DeKalb County; Fulton County,3,168308,49595,11077,228980,77.24,22.76,51.13,20.82,D+20.8,100.0,26.11,37.09,-6.02,,0.5,0.25,0.25,0.0,pres+house+senate
2016,2010s,Georgia,GA,GA-06,,False,0,3,,Cobb County; DeKalb County; Fulton County,3,181032,83332,15460,279823,68.48,31.52,51.13,4.91,D+4.9,100.0,17.35,-9.03,-6.02,,0.5,0.25,0.25,0.0,pres+house+senate
2016,2010s,Georgia,GA,GA-07,,False,0,2,,Forsyth County; Gwinnett County,2,119216,128955,14278,262449,48.04,51.96,51.13,-4.99,R+5.0,100.0,-3.09,-7.73,-6.02,,0.5,0.25,0.25,0.0,pres+house+senate
2016,2010s,Georgia,GA,GA-08,,False,22,2,Atkinson County; Ben Hill County; Berrien County; Bleckley County; Brooks County; Colquitt County; Cook County; Dodge County; Houston County; Irwin County; Jones County; Lanier County; Monroe County; Pulaski County; Telfair County; Thomas County; Tift County; Turner County; Twiggs County; Wilcox County; Wilkinson County; Worth County,Bibb County; Lowndes County,24,87380,157682,7100,252162,35.66,64.34,51.13,-12.98,R+13.0,17.1,-15.48,-14.96,-6.02,,0.5,0.25,0.25,0.0,pres+house+senate
2016,2010s,Georgia,GA,GA-09,,False,17,3,Banks County; Dawson County; Elbert County; Fannin County; Franklin County; Gilmer County; Habersham County; Hall County; Hart County; Jackson County; Lumpkin County; Madison County; Rabun County; Stephens County; Towns County; Union County; White County,Clarke County; Forsyth County; Pickens County,20,70344,246051,13930,330325,22.23,77.77,51.13,-21.27,R+21.3,21.8,-28.9,,-6.02,,0.667,0.0,0.333,0.0,pres+senate
2016,2010s,Georgia,GA,GA-10,,False,20,5,Baldwin County; Barrow County; Butts County; Glascock County; Greene County; Hancock County; Jasper County; Jefferson County; Johnson County; Lincoln County; McDuffie County; Morgan County; Oconee County; Oglethorpe County; Putnam County; Taliaferro County; Walton County; Warren County; Washington County; Wilkes County,Clarke County; Columbia County; Gwinnett County; Henry County; Newton County,25,150379,214311,15604,380294,41.23,58.77,51.13,-8.61,R+8.6,46.9,-9.9,,-6.02,,0.667,0.0,0.333,0.0,pres+senate
2016,2010s,Georgia,GA,GA-11,,False,2,2,Bartow County; Cherokee County,Cobb County; Fulton County,4,126186,191149,19966,337301,39.76,60.24,51.13,-10.88,R+10.9,54.8,-11.37,-14.75,-6.02,,0.5,0.25,0.25,0.0,pres+house+senate
2016,2010s,Georgia,GA,GA-12,,False,17,2,Appling County; Bulloch County; Burke County; Candler County; Coffee County; Emanuel County; Evans County; Jeff Davis County; Jenkins County; Laurens County; Montgomery County; Richmond County; Screven County; Tattnall County; Toombs County; Treutlen County; Wheeler County,Columbia County; Effingham County,19,102401,140920,8107,251428,42.08,57.92,51.13,-8.27,R+8.3,18.4,-9.05,-8.95,-6.02,,0.5,0.25,0.25,0.0,pres+house+senate
2016,2010s,Georgia,GA,GA-13,,False,1,5,Douglas County,Clayton County; Cobb County; Fayette County; Fulton County; Henry County,6,248436,138803,19975,407214,64.16,35.84,51.13,6.67,D+6.7,85.7,13.02,,-6.02,,0.667,0.0,0.333,0.0,pres+senate
2016,2010s,Georgia,GA,GA-14,,False,11,1,Catoosa County; Chattooga County; Dade County; Floyd County; Gordon County; Haralson County; Murray County; Paulding County; Polk County; Walker County; Whitfield County,Pickens County,12,57045,193889,10799,261733,22.73,77.27,51.13,-20.94,R+20.9,2.8,-28.4,,-6.02,,0.667,0.0,0.333,0.0,pres+senate
2016,2010s,Hawaii,HI,HI-01,,False,0,1,,Honolulu County,1,59912,30801,6741,97454,66.05,33.95,51.13,21.15,D+21.2,100.0,14.91,28.65,27.95,19.35,0.4,0.2,0.2,0.2,pres+house+senate+statewide
2016,2010s,Hawaii,HI,HI-02,,False,4,1,Hawaii County; Kalawao County; Kauai County; Maui County,Honolulu County,5,206993,98047,26463,331503,67.86,32.14,51.13,22.92,D+22.9,56.8,16.72,33.84,27.95,19.35,0.4,0.2,0.2,0.2,pres+house+senate+statewide
2016,2010s,Iowa,IA,IA-01,,False,20,0,Allamakee County; Benton County; Black Hawk County; Bremer County; Buchanan County; Clayton County; Delaware County; Dubuque County; Fayette County; Howard County; Iowa County; Jackson County; Jones County; Linn County; Marshall County; Mitchell County; Poweshiek County; Tama County; Winneshiek County; Worth County,,20,176535,190410,28688,395633,48.11,51.89,51.13,-4.71,R+4.7,0.0,-3.02,-1.19,-11.61,,0.5,0.25,0.25,0.0,pres+house+senate
2016,2010s,Iowa,IA,IA-02,,False,24,0,Appanoose County; Cedar County; Clarke County; Clinton County; Davis County; Decatur County; Des Moines County; Henry County; Jasper County; Jefferson County; Johnson County; Keokuk County; Lee County; Louisa County; Lucas County; Mahaska County; Marion County; Monroe County; Muscatine County; Scott County; Van Buren County; Wapello County; Washington County; Wayne County,,24,170796,186384,27315,384495,47.82,52.18,51.13,-2.96,R+3.0,0.0,-3.31,6.39,-11.61,,0.5,0.25,0.25,0.0,pres+house+senate
2016,2010s,Iowa,IA,IA-03,,False,16,0,Adair County; Adams County; Cass County; Dallas County; Fremont County; Guthrie County; Madison County; Mills County; Montgomery County; Page County; Polk County; Pottawattamie County; Ringgold County; Taylor County; Union County; Warren County,,16,178937,192960,30267,402164,48.11,51.89,51.13,-5.59,R+5.6,0.0,-3.02,-4.72,-11.61,,0.5,0.25,0.25,0.0,pres+house+senate
2016,2010s,Iowa,IA,IA-04,,False,39,0,Audubon County; Boone County; Buena Vista County; Butler County; Calhoun County; Carroll County; Cerro Gordo County; Cherokee County; Chickasaw County; Clay County; Crawford County; Dickinson County; Emmet County; Floyd County; Franklin County; Greene County; Grundy County; Hamilton County; Hancock County; Hardin County; Harrison County; Humboldt County; Ida County; Kossuth County; Lyon County; Monona County; O'Brien County; Osceola County; Palo Alto County; Plymouth County; Pocahontas County; Sac County; Shelby County; Sioux County; Story County; Webster County; Winnebago County; Woodbury County; Wright County,,39,127401,231229,25109,383739,35.52,64.48,51.13,-12.87,R+12.9,0.0,-15.61,-8.67,-11.61,,0.5,0.25,0.25,0.0,pres+house+senate
2016,2010s,Idaho,ID,ID-01,,False,18,1,Adams County; Benewah County; Boise County; Bonner County; Boundary County; Canyon County; Clearwater County; Gem County; Idaho County; Kootenai County; Latah County; Lewis County; Nez Perce County; Owyhee County; Payette County; Shoshone County; Valley County; Washington County,Ada County,19,122094,241134,45946,409173,33.61,66.39,51.13,-17.47,R+17.5,36.5,-17.52,-15.54,-19.31,,0.5,0.25,0.25,0.0,pres+house+senate
2016,2010s,Idaho,ID,ID-02,,False,25,1,Bannock County; Bear Lake County; Bingham County; Blaine County; Bonneville County; Butte County; Camas County; Caribou County; Cassia County; Clark County; Custer County; Elmore County; Franklin County; Fremont County; Gooding County; Jefferson County; Jerome County; Lemhi County; Lincoln County; Madison County; Minidoka County; Oneida County; Power County; Teton County; Twin Falls County,Ada County,26,67671,167921,47722,283315,28.72,71.28,51.13,-19.91,R+19.9,16.4,-22.41,-15.5,-19.31,,0.5,0.25,0.25,0.0,pres+house+senate
2016,2010s,Illinois,IL,IL-01,,False,0,2,,Cook County; Will County,2,208124,74545,16416,299086,73.63,26.37,51.13,20.22,D+20.2,100.0,22.5,26.75,9.12,,0.5,0.25,0.25,0.0,pres+house+senate
2016,2010s,Illinois,IL,IL-02,,False,1,2,Kankakee County,Cook County; Will County,3,355160,144506,29622,529288,71.08,28.92,51.13,20.37,D+20.4,91.1,19.95,32.46,9.12,,0.5,0.25,0.25,0.0,pres+house+senate
2016,2010s,Illinois,IL,IL-03,,False,0,2,,Cook County; Will County,2,287921,88705,21312,397937,76.45,23.55,51.13,19.92,D+19.9,100.0,25.31,,9.12,,0.667,0.0,0.333,0.0,pres+senate
2016,2010s,Illinois,IL,IL-04,,False,0,1,,Cook County,1,88924,25006,6350,120280,78.05,21.95,51.13,20.99,D+21.0,100.0,26.92,,9.12,,0.667,0.0,0.333,0.0,pres+senate
2016,2010s,Illinois,IL,IL-05,,False,0,2,,Cook County; DuPage County,2,142176,46435,11373,199984,75.38,24.62,51.13,20.36,D+20.4,100.0,24.25,23.82,9.12,,0.5,0.25,0.25,0.0,pres+house+senate
2016,2010s,Illinois,IL,IL-06,,False,0,5,,Cook County; DuPage County; Kane County; Lake County; McHenry County,5,238138,130735,27972,396846,64.56,35.44,51.13,7.35,D+7.3,100.0,13.43,-6.57,9.12,,0.5,0.25,0.25,0.0,pres+house+senate
2016,2010s,Illinois,IL,IL-07,,False,0,1,,Cook County,1,105092,29552,7505,142149,78.05,21.95,51.13,24.96,D+25.0,100.0,26.92,36.89,9.12,,0.5,0.25,0.25,0.0,pres+house+senate
2016,2010s,Illinois,IL,IL-08,,False,0,3,,Cook County; DuPage County; Kane County,3,238637,93880,21905,354422,71.77,28.23,51.13,15.34,D+15.3,100.0,20.63,10.97,9.12,,0.5,0.25,0.25,0.0,pres+house+senate
2016,2010s,Illinois,IL,IL-09,,False,0,1,,Cook County,1,177848,50012,12700,240560,78.05,21.95,51.13,20.52,D+20.5,100.0,26.92,19.14,9.12,,0.5,0.25,0.25,0.0,pres+house+senate
2016,2010s,Illinois,IL,IL-10,,False,0,2,,Cook County; Lake County,2,179373,84782,18624,282780,67.9,32.1,51.13,11.98,D+12.0,100.0,16.77,5.26,9.12,,0.5,0.25,0.25,0.0,pres+house+senate
2016,2010s,Illinois,IL,IL-11,,False,0,4,,DuPage County; Kane County; Kendall County; Will County,4,86341,67839,12532,166711,56.0,44.0,51.13,7.99,D+8.0,100.0,4.87,13.1,9.12,,0.5,0.25,0.25,0.0,pres+house+senate
2016,2010s,Illinois,IL,IL-12,,False,11,1,Alexander County; Franklin County; Jackson County; Jefferson County; Monroe County; Perry County; Pulaski County; Randolph County; St. Clair County; Union County; Williamson County,Madison County,12,115097,161968,17078,294142,41.54,58.46,51.13,-3.8,R+3.8,7.8,-9.59,-5.12,9.12,,0.5,0.25,0.25,0.0,pres+house+senate
2016,2010s,Illinois,IL,IL-13,,False,9,5,Calhoun County; Christian County; De Witt County; Greene County; Jersey County; Macon County; Macoupin County; Montgomery County; Piatt County,Bond County; Champaign County; McLean County; Madison County; Sangamon County,14,84483,132979,16013,233474,38.85,61.15,51.13,-5.62,R+5.6,42.3,-12.28,-7.03,9.12,,0.5,0.25,0.25,0.0,pres+house+senate
2016,2010s,Illinois,IL,IL-14,,False,0,7,,DeKalb County; DuPage County; Kane County; Kendall County; Lake County; McHenry County; Will County,7,236853,207055,35716,479624,53.36,46.64,51.13,1.73,D+1.7,100.0,2.22,-6.65,9.12,,0.5,0.25,0.25,0.0,pres+house+senate
2016,2010s,Illinois,IL,IL-15,,False,29,4,Clark County; Clay County; Clinton County; Coles County; Crawford County; Cumberland County; Douglas County; Edgar County; Edwards County; Effingham County; Fayette County; Gallatin County; Hamilton County; Hardin County; Jasper County; Johnson County; Lawrence County; Marion County; Massac County; Moultrie County; Pope County; Richland County; Saline County; Shelby County; Vermilion County; Wabash County; Washington County; Wayne County; White County,Bond County; Champaign County; Ford County; Madison County,33,121852,248266,24280,394398,32.92,67.08,51.13,-9.1,R+9.1,33.4,-18.21,,9.12,,0.667,0.0,0.333,0.0,pres+senate
2016,2010s,Illinois,IL,IL-16,,False,9,5,Boone County; Bureau County; Grundy County; Iroquois County; LaSalle County; Lee County; Livingston County; Ogle County; Putnam County,DeKalb County; Ford County; Stark County; Will County; Winnebago County,14,151701,191361,27217,370279,44.22,55.78,51.13,-1.57,R+1.6,50.4,-6.91,,9.12,,0.667,0.0,0.333,0.0,pres+senate
2016,2010s,Illinois,IL,IL-17,,False,11,3,Carroll County; Fulton County; Henderson County; Henry County; Jo Daviess County; Knox County; Mercer County; Rock Island County; Stephenson County; Warren County; Whiteside County,Peoria County; Tazewell County; Winnebago County,14,115312,132535,19572,267419,46.53,53.47,51.13,3.22,D+3.2,20.9,-4.61,12.96,9.12,,0.5,0.25,0.25,0.0,pres+house+senate
2016,2010s,Illinois,IL,IL-18,,False,14,5,Adams County; Brown County; Cass County; Hancock County; Logan County; McDonough County; Marshall County; Mason County; Menard County; Morgan County; Pike County; Schuyler County; Scott County; Woodford County,McLean County; Peoria County; Sangamon County; Stark County; Tazewell County,19,157697,235854,32349,425899,40.07,59.93,51.13,-8.12,R+8.1,66.6,-11.06,-19.48,9.12,,0.5,0.25,0.25,0.0,pres+house+senate
2016,2010s,Indiana,IN,IN-01,,False,2,1,Lake County; Porter County,LaPorte County,3,158491,123486,17244,299221,56.21,43.79,51.13,0.86,D+0.9,6.1,5.07,,-3.98,-2.72,0.5,0.0,0.25,0.25,pres+senate+statewide
2016,2010s,Indiana,IN,IN-02,,False,8,2,Elkhart County; Fulton County; Marshall County; Miami County; Pulaski County; St. Joseph County; Starke County; Wabash County,Kosciusko County; LaPorte County,10,105265,171011,18403,294679,38.1,61.9,51.13,-8.34,R+8.3,16.3,-13.03,-8.96,-3.98,-2.72,0.4,0.2,0.2,0.2,pres+house+senate+statewide
2016,2010s,Indiana,IN,IN-03,,False,10,2,Adams County; Allen County; DeKalb County; Huntington County; Jay County; LaGrange County; Noble County; Steuben County; Wells County; Whitley County,Blackford County; Kosciusko County,12,85974,183667,17548,287189,31.88,68.12,51.13,-13.57,R+13.6,4.7,-19.25,-22.65,-3.98,-2.72,0.4,0.2,0.2,0.2,pres+house+senate+statewide
2016,2010s,Indiana,IN,IN-04,,False,13,3,Benton County; Carroll County; Cass County; Clinton County; Fountain County; Hendricks County; Jasper County; Montgomery County; Newton County; Putnam County; Tippecanoe County; Warren County; White County,Boone County; Howard County; Morgan County,16,92383,194291,20933,307606,32.23,67.77,51.13,-11.96,R+12.0,19.0,-18.91,-15.29,-3.98,-2.72,0.4,0.2,0.2,0.2,pres+house+senate+statewide
2016,2010s,Indiana,IN,IN-05,,False,4,4,Grant County; Hamilton County; Madison County; Tipton County,Blackford County; Boone County; Howard County; Marion County,8,143086,189218,24002,356306,43.06,56.94,51.13,-6.88,R+6.9,31.7,-8.07,-11.53,-3.98,-2.72,0.4,0.2,0.2,0.2,pres+house+senate+statewide
2016,2010s,Indiana,IN,IN-06,,False,18,1,Bartholomew County; Dearborn County; Decatur County; Delaware County; Fayette County; Franklin County; Hancock County; Henry County; Jefferson County; Jennings County; Ohio County; Randolph County; Ripley County; Rush County; Shelby County; Switzerland County; Union County; Wayne County,Scott County,19,82780,204685,17931,305395,28.8,71.2,51.13,-14.17,R+14.2,1.7,-22.34,-19.49,-3.98,-2.72,0.4,0.2,0.2,0.2,pres+house+senate+statewide
2016,2010s,Indiana,IN,IN-07,,False,0,1,,Marion County,1,161539,98912,17922,278373,62.02,37.98,51.13,6.09,D+6.1,100.0,10.89,15.35,-3.98,-2.72,0.4,0.2,0.2,0.2,pres+house+senate+statewide
2016,2010s,Indiana,IN,IN-08,,False,18,1,Clay County; Daviess County; Dubois County; Gibson County; Greene County; Knox County; Martin County; Owen County; Parke County; Perry County; Pike County; Posey County; Spencer County; Sullivan County; Vanderburgh County; Vermillion County; Vigo County; Warrick County,Crawford County,19,93023,194527,16730,304280,32.35,67.65,51.13,-11.68,R+11.7,0.4,-18.78,-14.13,-3.98,-2.72,0.4,0.2,0.2,0.2,pres+house+senate+statewide
2016,2010s,Indiana,IN,IN-09,,False,10,3,Brown County; Clark County; Floyd County; Harrison County; Jackson County; Johnson County; Lawrence County; Monroe County; Orange County; Washington County,Crawford County; Morgan County; Scott County,13,110587,197488,19250,327326,35.9,64.1,51.13,-8.35,R+8.3,8.9,-15.24,-4.58,-3.98,-2.72,0.4,0.2,0.2,0.2,pres+house+senate+statewide
2016,2010s,Kansas,KS,KS-01,,False,61,2,Barton County; Chase County; Cheyenne County; Clark County; Clay County; Cloud County; Decatur County; Dickinson County; Ellis County; Ellsworth County; Finney County; Ford County; Geary County; Gove County; Graham County; Grant County; Gray County; Greeley County; Hamilton County; Haskell County; Hodgeman County; Jewell County; Kearny County; Lane County; Lincoln County; Logan County; Lyon County; McPherson County; Marion County; Meade County; Mitchell County; Morris County; Morton County; Ness County; Norton County; Osborne County; Ottawa County; Phillips County; Pottawatomie County; Rawlins County; Reno County; Republic County; Rice County; Riley County; Rooks County; Rush County; Russell County; Saline County; Scott County; Seward County; Sheridan County; Sherman County; Smith County; Stanton County; Stevens County; Thomas County; Trego County; Wabaunsee County; Wallace County; Washington County; Wichita County,Marshall County; Pawnee County,63,64071,182639,18169,264878,25.97,74.03,51.13,-18.39,R+18.4,1.4,-25.16,,-14.7,-8.53,0.5,0.0,0.25,0.25,pres+senate+statewide
2016,2010s,Kansas,KS,KS-02,,False,23,2,Allen County; Anderson County; Atchison County; Bourbon County; Brown County; Cherokee County; Coffey County; Crawford County; Doniphan County; Douglas County; Franklin County; Jackson County; Jefferson County; Labette County; Leavenworth County; Linn County; Montgomery County; Nemaha County; Neosho County; Osage County; Shawnee County; Wilson County; Woodson County,Marshall County; Miami County,25,111392,167271,21583,300246,39.97,60.03,51.13,-11.61,R+11.6,4.9,-11.16,-12.52,-14.7,-8.53,0.4,0.2,0.2,0.2,pres+house+senate+statewide
2016,2010s,Kansas,KS,KS-03,,False,2,1,Johnson County; Wyandotte County,Miami County,3,160904,155567,25810,342281,50.84,49.16,51.13,-5.4,R+5.4,1.0,-0.29,-3.17,-14.7,-8.53,0.4,0.2,0.2,0.2,pres+house+senate+statewide
2016,2010s,Kansas,KS,KS-04,,False,16,1,Barber County; Butler County; Chautauqua County; Comanche County; Cowley County; Edwards County; Elk County; Greenwood County; Harper County; Harvey County; Kingman County; Kiowa County; Pratt County; Sedgwick County; Stafford County; Sumner County,Pawnee County,17,90638,165542,20817,276997,35.38,64.62,51.13,-13.86,R+13.9,0.2,-15.75,-14.56,-14.7,-8.53,0.4,0.2,0.2,0.2,pres+house+senate+statewide
2016,2010s,Kentucky,KY,KY-01,,False,34,1,Adair County; Allen County; Ballard County; Caldwell County; Calloway County; Carlisle County; Casey County; Christian County; Clinton County; Crittenden County; Cumberland County; Fulton County; Graves County; Henderson County; Hickman County; Hopkins County; Livingston County; Logan County; Lyon County; McCracken County; McLean County; Marion County; Marshall County; Metcalfe County; Monroe County; Muhlenberg County; Ohio County; Russell County; Simpson County; Taylor County; Todd County; Trigg County; Union County; Webster County,Washington County,35,74236,224767,11560,310563,24.83,75.17,51.13,-16.09,R+16.1,0.1,-26.3,-19.99,-6.12,-1.73,0.4,0.2,0.2,0.2,pres+house+senate+statewide
2016,2010s,Kentucky,KY,KY-02,,False,18,3,Barren County; Boyle County; Breckinridge County; Bullitt County; Butler County; Daviess County; Edmonson County; Garrard County; Grayson County; Green County; Hancock County; Hardin County; Hart County; Larue County; Meade County; Mercer County; Nelson County; Warren County,Jessamine County; Spencer County; Washington County,21,90620,221745,15894,328259,29.01,70.99,51.13,-13.02,R+13.0,5.7,-22.12,,-6.12,-1.73,0.5,0.0,0.25,0.25,pres+senate+statewide
2016,2010s,Kentucky,KY,KY-03,,False,0,1,,Jefferson County,1,160684,121053,15574,297310,57.03,42.97,51.13,4.02,D+4.0,100.0,5.9,16.15,-6.12,-1.73,0.4,0.2,0.2,0.2,pres+house+senate+statewide
2016,2010s,Kentucky,KY,KY-04,,False,16,5,Boone County; Bracken County; Campbell County; Carroll County; Gallatin County; Grant County; Greenup County; Henry County; Kenton County; Lewis County; Mason County; Oldham County; Owen County; Pendleton County; Shelby County; Trimble County,Boyd County; Harrison County; Jefferson County; Robertson County; Spencer County,21,121029,226518,20734,368280,34.82,65.18,51.13,-11.83,R+11.8,19.5,-16.31,-18.67,-6.12,-1.73,0.4,0.2,0.2,0.2,pres+house+senate+statewide
2016,2010s,Kentucky,KY,KY-05,,False,29,1,Bell County; Breathitt County; Carter County; Clay County; Elliott County; Floyd County; Harlan County; Jackson County; Johnson County; Knott County; Knox County; Laurel County; Lawrence County; Lee County; Leslie County; Letcher County; Lincoln County; McCreary County; Magoffin County; Martin County; Morgan County; Owsley County; Perry County; Pike County; Pulaski County; Rockcastle County; Rowan County; Wayne County; Whitley County,Boyd County,30,51954,228068,8690,288711,18.55,81.45,51.13,-18.25,R+18.3,5.0,-32.58,,-6.12,-1.73,0.5,0.0,0.25,0.25,pres+senate+statewide
2016,2010s,Kentucky,KY,KY-06,,False,16,3,Anderson County; Bath County; Bourbon County; Clark County; Estill County; Fayette County; Fleming County; Franklin County; Madison County; Menifee County; Montgomery County; Nicholas County; Powell County; Scott County; Wolfe County; Woodford County,Harrison County; Jessamine County; Robertson County,19,130332,180822,19871,331024,41.89,58.11,51.13,-6.96,R+7.0,5.5,-9.25,-8.44,-6.12,-1.73,0.4,0.2,0.2,0.2,pres+house+senate+statewide
2016,2010s,Louisiana,LA,LA-01,,False,3,5,Plaquemines Parish; St. Bernard Parish; St. Tammany Parish,Jefferson Parish; Lafourche Parish; Orleans Parish; Tangipahoa Parish; Terrebonne Parish,8,115822,235730,14845,366397,32.95,67.05,51.13,-18.52,R+18.5,58.8,-18.19,-26.6,-11.12,,0.5,0.25,0.25,0.0,pres+house+senate
2016,2010s,Louisiana,LA,LA-02,,False,1,9,St. James Parish,Ascension Parish; Assumption Parish; East Baton Rouge Parish; Iberville Parish; Jefferson Parish; Orleans Parish; St. Charles Parish; St. John the Baptist Parish; West Baton Rouge Parish,10,188512,102966,12551,304029,64.67,35.33,51.13,5.32,D+5.3,96.0,13.54,,-11.12,,0.667,0.0,0.333,0.0,pres+senate
2016,2010s,Louisiana,LA,LA-03,,False,9,1,Acadia Parish; Calcasieu Parish; Cameron Parish; Iberia Parish; Jefferson Davis Parish; Lafayette Parish; St. Martin Parish; St. Mary Parish; Vermilion Parish,St. Landry Parish,10,100313,230261,11766,342339,30.35,69.65,51.13,-22.79,R+22.8,0.3,-20.79,-38.47,-11.12,,0.5,0.25,0.25,0.0,pres+house+senate
2016,2010s,Louisiana,LA,LA-04,,False,14,1,Allen Parish; Beauregard Parish; Bienville Parish; Bossier Parish; Caddo Parish; Claiborne Parish; De Soto Parish; Evangeline Parish; Natchitoches Parish; Red River Parish; Sabine Parish; Union Parish; Vernon Parish; Webster Parish,St. Landry Parish,15,115357,190660,8794,314812,37.7,62.3,51.13,-13.38,R+13.4,5.2,-13.44,-15.54,-11.12,,0.5,0.25,0.25,0.0,pres+house+senate
2016,2010s,Louisiana,LA,LA-05,,False,20,4,Avoyelles Parish; Caldwell Parish; Catahoula Parish; Concordia Parish; East Carroll Parish; Franklin Parish; Grant Parish; Jackson Parish; La Salle Parish; Lincoln Parish; Madison Parish; Morehouse Parish; Ouachita Parish; Rapides Parish; Richland Parish; Tensas Parish; Washington Parish; West Carroll Parish; West Feliciana Parish; Winn Parish,East Feliciana Parish; St. Helena Parish; St. Landry Parish; Tangipahoa Parish,24,115648,218438,8551,342637,34.62,65.38,51.13,-14.72,R+14.7,18.9,-16.52,,-11.12,,0.667,0.0,0.333,0.0,pres+senate
2016,2010s,Louisiana,LA,LA-06,,False,2,11,Livingston Parish; Pointe Coupee Parish,Ascension Parish; Assumption Parish; East Baton Rouge Parish; East Feliciana Parish; Iberville Parish; Lafourche Parish; St. Charles Parish; St. Helena Parish; St. John the Baptist Parish; Terrebonne Parish; West Baton Rouge Parish,13,144501,200583,13733,358817,41.87,58.13,51.13,-13.06,R+13.1,80.6,-9.26,-22.62,-11.12,,0.5,0.25,0.25,0.0,pres+house+senate
2016,2010s,Massachusetts,MA,MA-01,,False,2,3,Berkshire County; Hampden County,Franklin County; Hampshire County; Worcester County,5,222483,131081,29639,383202,62.93,37.07,51.13,11.79,D+11.8,29.1,11.79,,,,1.0,0.0,0.0,0.0,pres
2016,2010s,Massachusetts,MA,MA-02,,False,0,3,,Franklin County; Hampshire County; Worcester County,3,174342,124054,28338,326734,58.43,41.57,51.13,7.29,D+7.3,100.0,7.29,,,,1.0,0.0,0.0,0.0,pres
2016,2010s,Massachusetts,MA,MA-03,,False,0,3,,Essex County; Middlesex County; Worcester County,3,329242,159871,38414,527527,67.31,32.69,51.13,17.93,D+17.9,100.0,16.18,21.42,,,0.667,0.333,0.0,0.0,pres+house
2016,2010s,Massachusetts,MA,MA-04,,False,0,4,,Bristol County; Middlesex County; Norfolk County; Plymouth County,4,241020,152386,29627,423034,61.26,38.74,51.13,14.36,D+14.4,100.0,10.13,22.82,,,0.667,0.333,0.0,0.0,pres+house
2016,2010s,Massachusetts,MA,MA-05,,False,0,3,,Middlesex County; Suffolk County; Worcester County,3,191253,74216,19601,285070,72.04,27.96,51.13,20.91,D+20.9,100.0,20.91,,,,1.0,0.0,0.0,0.0,pres
2016,2010s,Massachusetts,MA,MA-06,,False,0,2,,Essex County; Middlesex County,2,258744,144360,30260,433364,64.19,35.81,51.13,13.06,D+13.1,100.0,13.06,,,,1.0,0.0,0.0,0.0,pres
2016,2010s,Massachusetts,MA,MA-07,,False,0,3,,Norfolk County; Suffolk County; Middlesex County,3,162948,38056,12065,213070,81.07,18.93,51.13,29.93,D+29.9,100.0,29.93,,,,1.0,0.0,0.0,0.0,pres
2016,2010s,Massachusetts,MA,MA-08,,False,0,3,,Norfolk County; Plymouth County; Suffolk County,3,185543,86916,19600,292059,68.1,31.9,51.13,19.7,D+19.7,100.0,16.97,25.16,,,0.667,0.333,0.0,0.0,pres+house
2016,2010s,Massachusetts,MA,MA-09,,False,3,2,Barnstable County; Dukes County; Nantucket County,Bristol County; Plymouth County,5,229620,179953,31413,440987,56.06,43.94,51.13,8.3,D+8.3,65.1,4.93,15.05,,,0.667,0.333,0.0,0.0,pres+house
2016,2010s,Maryland,MD,MD-01,,False,9,3,Caroline County; Cecil County; Dorchester County; Kent County; Queen Anne's County; Somerset County; Talbot County; Wicomico County; Worcester County,Baltimore County; Carroll County; Harford County,12,169757,243720,26227,439704,41.06,58.94,51.13,-5.84,R+5.8,51.7,-10.08,-17.42,14.21,,0.5,0.25,0.25,0.0,pres+house+senate
2016,2010s,Maryland,MD,MD-02,,False,0,5,,Anne Arundel County; Baltimore County; Harford County; Howard County; Baltimore City,5,135749,81151,13745,230645,62.59,37.41,51.13,13.74,D+13.7,100.0,11.45,17.85,14.21,,0.5,0.25,0.25,0.0,pres+house+senate
2016,2010s,Maryland,MD,MD-03,,False,0,5,,Anne Arundel County; Baltimore County; Howard County; Montgomery County; Baltimore City,5,188543,75208,17026,280777,71.49,28.51,51.13,18.17,D+18.2,100.0,20.35,17.76,14.21,,0.5,0.25,0.25,0.0,pres+house+senate
2016,2010s,Maryland,MD,MD-04,,False,0,2,,Anne Arundel County; Prince George's County,2,157931,50091,10727,218750,75.92,24.08,51.13,23.5,D+23.5,100.0,24.79,30.24,14.21,,0.5,0.25,0.25,0.0,pres+house+senate
2016,2010s,Maryland,MD,MD-05,,False,3,2,Calvert County; Charles County; St. Mary's County,Anne Arundel County; Prince George's County,5,354177,142245,25239,521661,71.35,28.65,51.13,19.23,D+19.2,66.3,20.21,22.29,14.21,,0.5,0.25,0.25,0.0,pres+house+senate
2016,2010s,Maryland,MD,MD-06,,False,3,2,Allegany County; Garrett County; Washington County,Frederick County; Montgomery County,5,237967,137667,23664,399299,63.35,36.65,51.13,12.39,D+12.4,72.3,12.22,10.92,14.21,,0.5,0.25,0.25,0.0,pres+house+senate
2016,2010s,Maryland,MD,MD-07,,False,0,3,,Baltimore County; Howard County; Baltimore City,3,265696,112462,24277,402435,70.26,29.74,51.13,20.64,D+20.6,100.0,19.13,30.11,14.21,,0.5,0.25,0.25,0.0,pres+house+senate
2016,2010s,Maryland,MD,MD-08,,False,0,3,,Carroll County; Frederick County; Montgomery County,3,168108,100625,19443,288176,62.56,37.44,51.13,13.4,D+13.4,100.0,11.42,16.55,14.21,,0.5,0.25,0.25,0.0,pres+house+senate
2016,2010s,Maine,ME,ME-01,,False,5,1,Cumberland County; Knox County; Lincoln County; Sagadahoc County; York County,Kennebec County,6,204919,150070,26169,381158,57.73,42.27,51.13,6.17,D+6.2,7.6,6.59,10.68,,0.82,0.5,0.25,0.0,0.25,pres+house+statewide
2016,2010s,Maine,ME,ME-02,,False,10,1,Androscoggin County; Aroostook County; Franklin County; Hancock County; Oxford County; Penobscot County; Piscataquis County; Somerset County; Waldo County; Washington County,Kennebec County,11,149799,184875,28109,362783,44.76,55.24,51.13,-3.52,R+3.5,10.3,-6.37,-2.15,,0.82,0.5,0.25,0.0,0.25,pres+house+statewide
2016,2010s,Michigan,MI,MI-01,,False,31,1,Alcona County; Alger County; Alpena County; Antrim County; Baraga County; Benzie County; Charlevoix County; Cheboygan County; Chippewa County; Crawford County; Delta County; Dickinson County; Emmet County; Gogebic County; Grand Traverse County; Houghton County; Iron County; Kalkaska County; Keweenaw County; Leelanau County; Luce County; Mackinac County; Manistee County; Marquette County; Menominee County; Montmorency County; Ontonagon County; Oscoda County; Otsego County; Presque Isle County; Schoolcraft County,Mason County,32,134619,212811,22928,370358,38.75,61.25,51.13,-3.93,R+3.9,2.1,-12.39,-5.16,,14.21,0.5,0.25,0.0,0.25,pres+house+statewide
2016,2010s,Michigan,MI,MI-02,,False,5,2,Lake County; Muskegon County; Newaygo County; Oceana County; Ottawa County,Kent County; Mason County,7,109716,167903,20784,298403,39.52,60.48,51.13,-5.55,R+5.5,12.0,-11.61,-13.18,,14.21,0.5,0.25,0.0,0.25,pres+house+statewide
2016,2010s,Michigan,MI,MI-03,,False,3,2,Barry County; Calhoun County; Ionia County,Kent County; Montcalm County,5,167894,202622,29411,399927,45.31,54.69,51.13,-1.52,R+1.5,70.9,-5.82,-8.67,,14.21,0.5,0.25,0.0,0.25,pres+house+statewide
2016,2010s,Michigan,MI,MI-04,,False,13,2,Clare County; Clinton County; Gladwin County; Gratiot County; Isabella County; Mecosta County; Midland County; Missaukee County; Ogemaw County; Osceola County; Roscommon County; Shiawassee County; Wexford County,Montcalm County; Saginaw County,15,133748,203137,22442,359327,39.7,60.3,51.13,-5.44,R+5.4,27.7,-11.43,-13.11,,14.21,0.5,0.25,0.0,0.25,pres+house+statewide
2016,2010s,Michigan,MI,MI-05,,False,4,2,Arenac County; Bay County; Genesee County; Iosco County,Saginaw County; Tuscola County,6,142627,139746,16558,298931,50.51,49.49,51.13,7.29,D+7.3,9.0,-0.62,16.19,,14.21,0.5,0.25,0.0,0.25,pres+house+statewide
2016,2010s,Michigan,MI,MI-06,,False,6,0,Allegan County; Berrien County; Cass County; Kalamazoo County; St. Joseph County; Van Buren County,,6,142747,170881,20658,334286,45.51,54.49,51.13,-1.52,R+1.5,0.0,-5.62,-9.04,,14.21,0.5,0.25,0.0,0.25,pres+house+statewide
2016,2010s,Michigan,MI,MI-07,,False,6,1,Branch County; Eaton County; Hillsdale County; Jackson County; Lenawee County; Monroe County,Washtenaw County,7,203780,202213,26574,432567,50.19,49.81,51.13,1.77,D+1.8,34.1,-0.94,-5.25,,14.21,0.5,0.25,0.0,0.25,pres+house+statewide
2016,2010s,Michigan,MI,MI-08,,False,2,1,Ingham County; Livingston County,Oakland County,3,263222,235767,31578,530567,52.75,47.25,51.13,2.81,D+2.8,55.0,1.62,-6.2,,14.21,0.5,0.25,0.0,0.25,pres+house+statewide
2016,2010s,Michigan,MI,MI-09,,False,0,2,,Macomb County; Oakland County,2,68329,76552,7174,152054,47.16,52.84,51.13,4.92,D+4.9,100.0,-3.97,13.41,,14.21,0.5,0.25,0.0,0.25,pres+house+statewide
2016,2010s,Michigan,MI,MI-10,,False,4,2,Huron County; Lapeer County; St. Clair County; Sanilac County,Macomb County; Tuscola County,6,184844,285096,23254,493194,39.33,60.67,51.13,-5.72,R+5.7,67.9,-11.8,-13.49,,14.21,0.5,0.25,0.0,0.25,pres+house+statewide
2016,2010s,Michigan,MI,MI-11,,False,0,2,,Oakland County; Wayne County,2,216345,145919,19411,381675,59.72,40.28,51.13,6.8,D+6.8,100.0,8.59,-4.18,,14.21,0.5,0.25,0.0,0.25,pres+house+statewide
2016,2010s,Michigan,MI,MI-12,,False,0,2,,Washtenaw County; Wayne County,2,238353,103724,16290,358368,69.68,30.32,51.13,18.17,D+18.2,100.0,18.55,21.4,,14.21,0.5,0.25,0.0,0.25,pres+house+statewide
2016,2010s,Michigan,MI,MI-13,,False,0,1,,Wayne County,1,156302,68905,10316,235522,69.4,30.6,51.13,21.62,D+21.6,100.0,18.27,35.71,,14.21,0.5,0.25,0.0,0.25,pres+house+statewide
2016,2010s,Michigan,MI,MI-14,,False,0,2,,Oakland County; Wayne County,2,106312,64268,8783,179363,62.32,37.68,51.13,17.5,D+17.5,100.0,11.19,33.43,,14.21,0.5,0.25,0.0,0.25,pres+house+statewide
2016,2010s,Minnesota,MN,MN-01,,False,19,2,Blue Earth County; Brown County; Dodge County; Faribault County; Fillmore County; Freeborn County; Houston County; Jackson County; Le Sueur County; Martin County; Mower County; Nicollet County; Nobles County; Olmsted County; Rock County; Steele County; Waseca County; Watonwan County; Winona County,Cottonwood County; Rice County,21,134498,181051,31502,347052,42.62,57.38,51.13,-4.31,R+4.3,6.8,-8.51,,,4.09,0.667,0.0,0.0,0.333,pres+statewide
2016,2010s,Minnesota,MN,MN-02,,False,4,2,Dakota County; Goodhue County; Scott County; Wabasha County,Rice County; Washington County,6,168997,177301,34282,380580,48.8,51.2,51.13,-0.19,R+0.2,9.5,-2.33,,,4.09,0.667,0.0,0.0,0.333,pres+statewide
2016,2010s,Minnesota,MN,MN-03,,False,0,3,,Anoka County; Carver County; Hennepin County,3,349002,163286,48720,561008,68.13,31.87,51.13,12.69,D+12.7,100.0,16.99,,,4.09,0.667,0.0,0.0,0.333,pres+statewide
2016,2010s,Minnesota,MN,MN-04,,False,1,1,Ramsey County,Washington County,2,208799,100724,30401,339924,67.46,32.54,51.13,12.25,D+12.2,19.6,16.33,,,4.09,0.667,0.0,0.0,0.333,pres+statewide
2016,2010s,Minnesota,MN,MN-05,,False,0,2,,Anoka County; Hennepin County,2,91688,43107,12820,147615,68.02,31.98,51.13,12.62,D+12.6,100.0,16.89,,,4.09,0.667,0.0,0.0,0.333,pres+statewide
2016,2010s,Minnesota,MN,MN-06,,False,3,4,Benton County; Sherburne County; Wright County,Anoka County; Carver County; Stearns County; Washington County,7,160233,238912,38298,437444,40.14,59.86,51.13,-5.96,R+6.0,68.5,-10.99,,,4.09,0.667,0.0,0.0,0.333,pres+statewide
2016,2010s,Minnesota,MN,MN-07,,False,35,3,Becker County; Big Stone County; Chippewa County; Clay County; Clearwater County; Douglas County; Grant County; Kandiyohi County; Kittson County; Lac qui Parle County; Lake of the Woods County; Lincoln County; Lyon County; McLeod County; Mahnomen County; Marshall County; Meeker County; Murray County; Norman County; Otter Tail County; Pennington County; Pipestone County; Polk County; Pope County; Red Lake County; Redwood County; Renville County; Roseau County; Sibley County; Stevens County; Swift County; Todd County; Traverse County; Wilkin County; Yellow Medicine County,Beltrami County; Cottonwood County; Stearns County,38,116543,226153,29379,372076,34.01,65.99,51.13,-10.05,R+10.1,17.5,-17.13,,,4.09,0.667,0.0,0.0,0.333,pres+statewide
2016,2010s,Minnesota,MN,MN-08,,False,17,1,Aitkin County; Carlton County; Cass County; Chisago County; Cook County; Crow Wing County; Hubbard County; Isanti County; Itasca County; Kanabec County; Koochiching County; Lake County; Mille Lacs County; Morrison County; Pine County; St. Louis County; Wadena County,Beltrami County,18,138065,192697,28773,359535,41.74,58.26,51.13,-4.9,R+4.9,1.5,-9.39,,,4.09,0.667,0.0,0.0,0.333,pres+statewide
2016,2010s,Missouri,MO,MO-01,,False,1,1,St. Louis City,St. Louis County,2,197306,86547,17337,301189,69.51,30.49,51.13,13.05,D+13.0,56.0,18.38,31.7,-0.31,-2.92,0.4,0.2,0.2,0.2,pres+house+senate+statewide
2016,2010s,Missouri,MO,MO-02,,False,0,3,,Jefferson County; St. Charles County; St. Louis County,3,206581,160222,23086,389889,56.32,43.68,51.13,-0.21,R+0.2,100.0,5.19,-8.19,-0.31,-2.92,0.4,0.2,0.2,0.2,pres+house+senate+statewide
2016,2010s,Missouri,MO,MO-03,,False,10,3,Callaway County; Cole County; Franklin County; Gasconade County; Lincoln County; Maries County; Miller County; Montgomery County; Osage County; Warren County,Camden County; Jefferson County; St. Charles County,13,113033,260330,22700,396064,30.27,69.73,51.13,-12.62,R+12.6,53.5,-20.86,-18.18,-0.31,-2.92,0.4,0.2,0.2,0.2,pres+house+senate+statewide
2016,2010s,Missouri,MO,MO-04,,False,21,3,Barton County; Bates County; Benton County; Boone County; Cass County; Cedar County; Cooper County; Dade County; Dallas County; Henry County; Hickory County; Howard County; Johnson County; Laclede County; Moniteau County; Morgan County; Pettis County; Pulaski County; Randolph County; St. Clair County; Vernon County,Audrain County; Camden County; Webster County,24,101318,227318,20813,349449,30.83,69.17,51.13,-12.41,R+12.4,10.5,-20.3,-18.24,-0.31,-2.92,0.4,0.2,0.2,0.2,pres+house+senate+statewide
2016,2010s,Missouri,MO,MO-05,,False,3,2,Lafayette County; Ray County; Saline County,Clay County; Jackson County,5,133649,112314,16853,262815,54.34,45.66,51.13,3.3,D+3.3,86.2,3.2,13.3,-0.31,-2.92,0.4,0.2,0.2,0.2,pres+house+senate+statewide
2016,2010s,Missouri,MO,MO-06,,False,33,3,Adair County; Andrew County; Atchison County; Buchanan County; Caldwell County; Carroll County; Chariton County; Clark County; Clinton County; Daviess County; DeKalb County; Gentry County; Grundy County; Harrison County; Holt County; Knox County; Lewis County; Linn County; Livingston County; Macon County; Marion County; Mercer County; Monroe County; Nodaway County; Pike County; Platte County; Putnam County; Ralls County; Schuyler County; Scotland County; Shelby County; Sullivan County; Worth County,Audrain County; Clay County; Jackson County,36,156424,245117,26711,428253,38.96,61.04,51.13,-9.09,R+9.1,44.9,-12.18,-17.86,-0.31,-2.92,0.4,0.2,0.2,0.2,pres+house+senate+statewide
2016,2010s,Missouri,MO,MO-07,,False,10,1,Barry County; Christian County; Greene County; Jasper County; Lawrence County; McDonald County; Newton County; Polk County; Stone County; Taney County,Webster County,11,84220,239980,20232,344432,25.98,74.02,51.13,-14.41,R+14.4,0.9,-25.16,-18.49,-0.31,-2.92,0.4,0.2,0.2,0.2,pres+house+senate+statewide
2016,2010s,Missouri,MO,MO-08,,False,29,1,Bollinger County; Butler County; Cape Girardeau County; Carter County; Crawford County; Dent County; Douglas County; Dunklin County; Howell County; Iron County; Madison County; Mississippi County; New Madrid County; Oregon County; Ozark County; Pemiscot County; Perry County; Phelps County; Reynolds County; Ripley County; Ste. Genevieve County; St. Francois County; Scott County; Shannon County; Stoddard County; Texas County; Washington County; Wayne County; Wright County,Jefferson County,30,78537,262683,14955,356174,23.02,76.98,51.13,-16.69,R+16.7,18.6,-28.12,-24.0,-0.31,-2.92,0.4,0.2,0.2,0.2,pres+house+senate+statewide
2016,2010s,Mississippi,MS,MS-01,,False,21,1,Alcorn County; Benton County; Calhoun County; Chickasaw County; Choctaw County; Clay County; DeSoto County; Itawamba County; Lafayette County; Lee County; Lowndes County; Marshall County; Monroe County; Pontotoc County; Prentiss County; Tate County; Tippah County; Tishomingo County; Union County; Webster County; Winston County,Oktibbeha County,22,102759,204806,6898,314463,33.41,66.59,51.13,-17.96,R+18.0,1.7,-17.72,-18.44,,,0.667,0.333,0.0,0.0,pres+house
2016,2010s,Mississippi,MS,MS-02,,False,24,2,Attala County; Bolivar County; Carroll County; Claiborne County; Coahoma County; Copiah County; Grenada County; Holmes County; Humphreys County; Issaquena County; Jefferson County; Leake County; Leflore County; Montgomery County; Panola County; Quitman County; Sharkey County; Sunflower County; Tallahatchie County; Tunica County; Warren County; Washington County; Yalobusha County; Yazoo County,Hinds County; Madison County,26,194826,124937,5016,324778,60.93,39.07,51.13,14.0,D+14.0,39.1,9.8,22.4,,,0.667,0.333,0.0,0.0,pres+house
2016,2010s,Mississippi,MS,MS-03,,False,20,4,Adams County; Amite County; Covington County; Franklin County; Jasper County; Jefferson Davis County; Kemper County; Lauderdale County; Lawrence County; Lincoln County; Neshoba County; Newton County; Noxubee County; Pike County; Rankin County; Scott County; Simpson County; Smith County; Walthall County; Wilkinson County,Clarke County; Hinds County; Madison County; Oktibbeha County,24,107454,173510,4830,285794,38.24,61.76,51.13,-13.88,R+13.9,12.6,-12.89,-15.88,,,0.667,0.333,0.0,0.0,pres+house
2016,2010s,Mississippi,MS,MS-04,,False,13,1,Forrest County; George County; Greene County; Hancock County; Harrison County; Jackson County; Jones County; Lamar County; Marion County; Pearl River County; Perry County; Stone County; Wayne County,Clarke County,14,80092,197462,6769,284322,28.86,71.14,51.13,-20.65,R+20.7,0.7,-22.28,-17.4,,,0.667,0.333,0.0,0.0,pres+house
2016,2010s,Montana,MT,MT-AL,,True,0,0,,,56,177709,279240,44873,501822,38.89,61.11,51.13,-6.9,R+6.9,0.0,-12.24,-5.43,,2.32,0.5,0.25,0.0,0.25,pres+house+statewide
2016,2010s,North Carolina,NC,NC-01,,False,5,18,Bertie County; Halifax County; Hertford County; Northampton County; Warren County,Chowan County; Craven County; Durham County; Edgecombe County; Franklin County; Gates County; Granville County; Greene County; Lenoir County; Martin County; Nash County; Pasquotank County; Perquimans County; Pitt County; Vance County; Washington County; Wayne County; Wilson County,23,159130,107273,7437,273841,59.73,40.27,51.13,8.04,D+8.0,76.5,8.6,22.95,-1.8,1.83,0.4,0.2,0.2,0.2,pres+house+senate+statewide
2016,2010s,North Carolina,NC,NC-02,,False,2,7,Lee County; Moore County,Alamance County; Chatham County; Cumberland County; Harnett County; Hoke County; Randolph County; Wake County,9,158767,182048,14470,355284,46.58,53.42,51.13,-2.62,R+2.6,79.2,-4.55,-4.05,-1.8,1.83,0.4,0.2,0.2,0.2,pres+house+senate+statewide
2016,2010s,North Carolina,NC,NC-03,,False,10,12,Beaufort County; Camden County; Carteret County; Currituck County; Dare County; Hyde County; Jones County; Onslow County; Pamlico County; Tyrrell County,Chowan County; Craven County; Gates County; Greene County; Lenoir County; Martin County; New Hanover County; Pasquotank County; Pender County; Perquimans County; Pitt County; Washington County,22,133994,204993,12783,351770,39.53,60.47,51.13,-7.55,R+7.5,51.1,-11.61,-14.55,-1.8,1.83,0.4,0.2,0.2,0.2,pres+house+senate+statewide
2016,2010s,North Carolina,NC,NC-04,,False,0,7,,Alamance County; Chatham County; Cumberland County; Durham County; Harnett County; Orange County; Wake County,7,148324,83485,11368,243177,63.99,36.01,51.13,9.32,D+9.3,100.0,12.85,20.87,-1.8,1.83,0.4,0.2,0.2,0.2,pres+house+senate+statewide
2016,2010s,North Carolina,NC,NC-05,,False,7,5,Alexander County; Alleghany County; Ashe County; Davie County; Watauga County; Wilkes County; Yadkin County,Catawba County; Davidson County; Forsyth County; Iredell County; Rowan County,12,147829,219433,15931,383193,40.25,59.75,51.13,-5.5,R+5.5,64.1,-10.88,-5.75,-1.8,1.83,0.4,0.2,0.2,0.2,pres+house+senate+statewide
2016,2010s,North Carolina,NC,NC-06,,False,5,5,Caswell County; Person County; Rockingham County; Stokes County; Surry County,Alamance County; Durham County; Granville County; Guilford County; Orange County,10,259427,217827,18444,495698,54.36,45.64,51.13,-0.02,EVEN,74.2,3.23,-6.58,-1.8,1.83,0.4,0.2,0.2,0.2,pres+house+senate+statewide
2016,2010s,North Carolina,NC,NC-07,,False,6,6,Bladen County; Brunswick County; Columbus County; Duplin County; Johnston County; Sampson County,Cumberland County; Hoke County; Lenoir County; New Hanover County; Pender County; Robeson County,12,161371,221030,13655,396055,42.2,57.8,51.13,-5.22,R+5.2,39.2,-8.93,-8.26,-1.8,1.83,0.4,0.2,0.2,0.2,pres+house+senate+statewide
2016,2010s,North Carolina,NC,NC-08,,False,5,6,Anson County; Montgomery County; Richmond County; Scotland County; Stanly County,Cabarrus County; Davidson County; Randolph County; Robeson County; Rowan County; Union County,11,126963,221904,12549,361416,36.39,63.61,51.13,-7.11,R+7.1,76.4,-14.74,-6.12,-1.8,1.83,0.4,0.2,0.2,0.2,pres+house+senate+statewide
2016,2010s,North Carolina,NC,NC-09,,False,0,3,,Iredell County; Mecklenburg County; Union County,3,221306,155869,18391,395566,58.67,41.33,51.13,1.92,D+1.9,100.0,7.54,-5.53,-1.8,1.83,0.4,0.2,0.2,0.2,pres+house+senate+statewide
2016,2010s,North Carolina,NC,NC-10,,False,5,2,Cleveland County; Gaston County; Lincoln County; Polk County; Rutherford County,Buncombe County; Catawba County,7,118519,217033,13244,348797,35.32,64.68,51.13,-8.42,R+8.4,36.2,-15.81,-10.49,-1.8,1.83,0.4,0.2,0.2,0.2,pres+house+senate+statewide
2016,2010s,North Carolina,NC,NC-11,,False,16,1,Avery County; Burke County; Caldwell County; Cherokee County; Clay County; Graham County; Haywood County; Henderson County; Jackson County; McDowell County; Macon County; Madison County; Mitchell County; Swain County; Transylvania County; Yancey County,Buncombe County,17,136056,235543,17049,388648,36.61,63.39,51.13,-8.09,R+8.1,21.2,-14.52,-11.44,-1.8,1.83,0.4,0.2,0.2,0.2,pres+house+senate+statewide
2016,2010s,North Carolina,NC,NC-12,,False,0,6,,Cabarrus County; Davidson County; Forsyth County; Guilford County; Mecklenburg County; Rowan County,6,140078,97247,11088,248413,59.02,40.98,51.13,7.1,D+7.1,100.0,7.89,19.68,-1.8,1.83,0.4,0.2,0.2,0.2,pres+house+senate+statewide
2016,2010s,North Carolina,NC,NC-13,,False,0,9,,Durham County; Edgecombe County; Franklin County; Granville County; Nash County; Vance County; Wake County; Wayne County; Wilson County,9,277552,198946,23209,499707,58.25,41.75,51.13,2.16,D+2.2,100.0,7.12,-3.45,-1.8,1.83,0.4,0.2,0.2,0.2,pres+house+senate+statewide
2016,2010s,North Dakota,ND,ND-AL,,True,0,0,,,53,93758,216794,33808,344360,30.19,69.81,51.13,-24.31,R+24.3,0.0,-20.94,-21.78,-31.07,-26.82,0.4,0.2,0.2,0.2,pres+house+senate+statewide
2016,2010s,Nebraska,NE,NE-01,,False,16,1,Burt County; Butler County; Cass County; Colfax County; Cuming County; Dodge County; Lancaster County; Madison County; Otoe County; Platte County; Polk County; Saunders County; Seward County; Stanton County; Thurston County; Washington County,Sarpy County,17,96285,154142,22548,272975,38.45,61.55,51.13,-14.06,R+14.1,7.4,-12.68,-16.8,,,0.667,0.333,0.0,0.0,pres+house
2016,2010s,Nebraska,NE,NE-02,,False,1,1,Douglas County,Sarpy County,2,134823,141934,24111,300868,48.72,51.28,51.13,-0.93,R+0.9,20.1,-2.42,2.03,,,0.667,0.333,0.0,0.0,pres+house
2016,2010s,Nebraska,NE,NE-03,,False,75,0,Adams County; Antelope County; Arthur County; Banner County; Blaine County; Boone County; Box Butte County; Boyd County; Brown County; Buffalo County; Cedar County; Chase County; Cherry County; Cheyenne County; Clay County; Custer County; Dakota County; Dawes County; Dawson County; Deuel County; Dixon County; Dundy County; Fillmore County; Franklin County; Frontier County; Furnas County; Gage County; Garden County; Garfield County; Gosper County; Grant County; Greeley County; Hall County; Hamilton County; Harlan County; Hayes County; Hitchcock County; Holt County; Hooker County; Howard County; Jefferson County; Johnson County; Kearney County; Keith County; Keya Paha County; Kimball County; Knox County; Lincoln County; Logan County; Loup County; McPherson County; Merrick County; Morrill County; Nance County; Nemaha County; Nuckolls County; Pawnee County; Perkins County; Phelps County; Pierce County; Red Willow County; Richardson County; Rock County; Saline County; Scotts Bluff County; Sheridan County; Sherman County; Sioux County; Thayer County; Thomas County; Valley County; Wayne County; Webster County; Wheeler County; York County,,75,53386,199885,17118,270389,21.08,78.92,51.13,-30.05,R+30.1,0.0,-30.05,,,,1.0,0.0,0.0,0.0,pres
2016,2010s,New Hampshire,NH,NH-01,,False,2,5,Carroll County; Strafford County,Belknap County; Grafton County; Hillsborough County; Merrimack County; Rockingham County,7,142734,152144,20543,315420,48.4,51.6,51.13,0.3,D+0.3,68.7,-2.73,3.42,1.22,2.32,0.4,0.2,0.2,0.2,pres+house+senate+statewide
2016,2010s,New Hampshire,NH,NH-02,,False,3,5,Cheshire County; Coos County; Sullivan County,Belknap County; Grafton County; Hillsborough County; Merrimack County; Rockingham County,8,205792,193646,29437,428876,51.52,48.48,51.13,1.87,D+1.9,81.3,0.39,5.01,1.22,2.32,0.4,0.2,0.2,0.2,pres+house+senate+statewide
2016,2010s,New Jersey,NJ,NJ-01,,False,0,2,,Camden County; Gloucester County,2,156553,94617,11552,262722,62.33,37.67,51.13,12.34,D+12.3,100.0,11.2,14.64,,,0.667,0.333,0.0,0.0,pres+house
2016,2010s,New Jersey,NJ,NJ-02,,False,4,4,Atlantic County; Cape May County; Cumberland County; Salem County,Burlington County; Camden County; Gloucester County; Ocean County,8,216972,214898,19059,450928,50.24,49.76,51.13,-3.52,R+3.5,44.2,-0.89,-8.76,,,0.667,0.333,0.0,0.0,pres+house
2016,2010s,New Jersey,NJ,NJ-03,,False,0,2,,Burlington County; Ocean County,2,134419,151389,12795,298602,47.03,52.97,51.13,-5.31,R+5.3,100.0,-4.1,-7.74,,,0.667,0.333,0.0,0.0,pres+house
2016,2010s,New Jersey,NJ,NJ-04,,False,0,3,,Mercer County; Monmouth County; Ocean County,3,172995,217499,17212,407706,44.3,55.7,51.13,-8.85,R+8.8,100.0,-6.83,-12.87,,,0.667,0.333,0.0,0.0,pres+house
2016,2010s,New Jersey,NJ,NJ-05,,False,0,4,,Bergen County; Passaic County; Sussex County; Warren County,4,268388,232069,20617,521074,53.63,46.37,51.13,3.3,D+3.3,100.0,2.5,4.91,,,0.667,0.333,0.0,0.0,pres+house
2016,2010s,New Jersey,NJ,NJ-06,,False,0,2,,Middlesex County; Monmouth County,2,105371,81807,7767,194945,56.29,43.71,51.13,9.2,D+9.2,100.0,5.16,17.28,,,0.667,0.333,0.0,0.0,pres+house
2016,2010s,New Jersey,NJ,NJ-07,,False,1,5,Hunterdon County,Essex County; Morris County; Somerset County; Union County; Warren County,6,231542,178472,18056,428070,56.47,43.53,51.13,2.56,D+2.6,83.3,5.34,-2.98,,,0.667,0.333,0.0,0.0,pres+house
2016,2010s,New Jersey,NJ,NJ-08,,False,0,3,,Essex County; Hudson County; Union County,3,145974,45834,6718,198527,76.1,23.9,51.13,27.75,D+27.7,100.0,24.97,33.3,,,0.667,0.333,0.0,0.0,pres+house
2016,2010s,New Jersey,NJ,NJ-09,,False,0,3,,Bergen County; Hudson County; Passaic County,3,105899,64938,6317,177155,61.99,38.01,51.13,15.24,D+15.2,100.0,10.86,24.0,,,0.667,0.333,0.0,0.0,pres+house
2016,2010s,New Jersey,NJ,NJ-10,,False,0,3,,Essex County; Hudson County; Union County,3,143140,45608,6146,194894,75.84,24.16,51.13,29.95,D+30.0,100.0,24.7,40.46,,,0.667,0.333,0.0,0.0,pres+house
2016,2010s,New Jersey,NJ,NJ-11,,False,0,4,,Essex County; Morris County; Passaic County; Sussex County,4,240214,147455,15488,403157,61.96,38.04,51.13,4.82,D+4.8,100.0,10.83,-7.2,,,0.667,0.333,0.0,0.0,pres+house
2016,2010s,New Jersey,NJ,NJ-12,,False,0,4,,Mercer County; Middlesex County; Somerset County; Union County,4,226811,127346,14786,368942,64.04,35.96,51.13,14.91,D+14.9,100.0,12.91,18.92,,,0.667,0.333,0.0,0.0,pres+house
2016,2010s,New Mexico,NM,NM-01,,False,1,4,Torrance County,Bernalillo County; Sandoval County; Santa Fe County; Valencia County,5,120931,82618,31102,234651,59.41,40.59,51.13,9.19,D+9.2,97.3,8.28,17.77,,2.43,0.5,0.25,0.0,0.25,pres+house+statewide
2016,2010s,New Mexico,NM,NM-02,,False,15,4,Catron County; Chaves County; Cibola County; De Baca County; Doña Ana County; Eddy County; Grant County; Guadalupe County; Hidalgo County; Lea County; Lincoln County; Luna County; Otero County; Sierra County; Socorro County,Bernalillo County; McKinley County; Roosevelt County; Valencia County,19,121952,137661,31124,290737,46.97,53.03,51.13,-3.99,R+4.0,29.8,-4.16,-10.09,,2.43,0.5,0.25,0.0,0.25,pres+house+statewide
2016,2010s,New Mexico,NM,NM-03,,False,11,4,Colfax County; Curry County; Harding County; Los Alamos County; Mora County; Quay County; Rio Arriba County; San Juan County; San Miguel County; Taos County; Union County,McKinley County; Roosevelt County; Sandoval County; Santa Fe County,15,142352,99388,31192,272931,58.89,41.11,51.13,8.25,D+8.2,54.3,7.75,15.06,,2.43,0.5,0.25,0.0,0.25,pres+house+statewide
2016,2010s,Nevada,NV,NV-01,,False,0,1,,Clark County,1,5229,4161,583,9973,55.69,44.31,51.13,8.13,D+8.1,100.0,4.56,20.92,2.48,,0.5,0.25,0.25,0.0,pres+house+senate
2016,2010s,Nevada,NV,NV-02,,False,10,1,Churchill County; Douglas County; Elko County; Eureka County; Humboldt County; Lander County; Pershing County; Storey County; Washoe County; Carson City,Lyon County,11,127092,164564,26463,318119,43.58,56.42,51.13,-5.3,R+5.3,3.6,-7.56,-8.57,2.48,,0.5,0.25,0.25,0.0,pres+house+senate
2016,2010s,Nevada,NV,NV-03,,False,0,1,,Clark County,1,143997,114580,16064,274642,55.69,44.31,51.13,3.73,D+3.7,100.0,4.56,3.33,2.48,,0.5,0.25,0.25,0.0,pres+house+senate
2016,2010s,Nevada,NV,NV-04,,False,5,2,Esmeralda County; Lincoln County; Mineral County; Nye County; White Pine County,Clark County; Lyon County,7,262942,228752,30957,522651,53.48,46.52,51.13,2.99,D+3.0,94.7,2.34,4.81,2.48,,0.5,0.25,0.25,0.0,pres+house+senate
2016,2010s,New York,NY,NY-01,,False,0,1,,Suffolk County,1,217238,250558,19106,486902,46.44,53.56,51.13,2.36,D+2.4,100.0,-4.69,-5.85,24.66,,0.5,0.25,0.25,0.0,pres+house+senate
2016,2010s,New York,NY,NY-02,,False,0,2,,Nassau County; Suffolk County,2,87071,90317,6962,184350,49.09,50.91,51.13,2.76,D+2.8,100.0,-2.05,-9.53,24.66,,0.5,0.25,0.25,0.0,pres+house+senate
2016,2010s,New York,NY,NY-03,,False,0,3,,Nassau County; Queens County; Suffolk County,3,236894,190772,15620,443287,55.39,44.61,51.13,9.68,D+9.7,100.0,4.26,5.52,24.66,,0.5,0.25,0.25,0.0,pres+house+senate
2016,2010s,New York,NY,NY-04,,False,0,1,,Nassau County,1,130537,114766,9017,254319,53.21,46.79,51.13,10.25,D+10.3,100.0,2.08,12.18,24.66,,0.5,0.25,0.25,0.0,pres+house+senate
2016,2010s,New York,NY,NY-05,,False,0,2,,Nassau County; Queens County,2,217021,69134,8658,294813,75.84,24.16,51.13,28.38,D+28.4,100.0,24.71,39.44,24.66,,0.5,0.25,0.25,0.0,pres+house+senate
2016,2010s,New York,NY,NY-06,,False,0,1,,Queens County,1,141860,40960,5439,188260,77.6,22.4,51.13,25.8,D+25.8,100.0,26.46,25.63,24.66,,0.5,0.25,0.25,0.0,pres+house+senate
2016,2010s,New York,NY,NY-07,,False,0,3,,Kings County; New York County; Queens County,3,151862,31184,5873,188919,82.96,17.04,51.13,32.94,D+32.9,100.0,31.83,43.44,24.66,,0.5,0.25,0.25,0.0,pres+house+senate
2016,2010s,New York,NY,NY-08,,False,0,2,,Kings County; Queens County,2,255773,57490,9601,322864,81.65,18.35,51.13,28.56,D+28.6,100.0,30.52,,24.66,,0.667,0.0,0.333,0.0,pres+senate
2016,2010s,New York,NY,NY-09,,False,0,1,,Kings County,1,140781,30999,5276,177056,81.95,18.05,51.13,28.77,D+28.8,100.0,30.82,,24.66,,0.667,0.0,0.333,0.0,pres+senate
2016,2010s,New York,NY,NY-10,,False,0,2,,Kings County; New York County,2,249999,34949,10429,295376,87.73,12.27,51.13,32.15,D+32.1,100.0,36.6,30.73,24.66,,0.5,0.25,0.25,0.0,pres+house+senate
2016,2010s,New York,NY,NY-11,,False,1,1,Richmond County,Kings County,2,140694,116091,7874,264659,54.79,45.21,51.13,5.5,D+5.5,31.6,3.66,-9.97,24.66,,0.5,0.25,0.25,0.0,pres+house+senate
2016,2010s,New York,NY,NY-12,,False,0,3,,Kings County; New York County; Queens County,3,222046,31892,9334,263271,87.44,12.56,51.13,33.28,D+33.3,100.0,36.31,35.82,24.66,,0.5,0.25,0.25,0.0,pres+house+senate
2016,2010s,New York,NY,NY-13,,False,0,2,,Bronx County; New York County,2,213200,23783,8723,245706,89.96,10.04,51.13,36.94,D+36.9,100.0,38.83,45.44,24.66,,0.5,0.25,0.25,0.0,pres+house+senate
2016,2010s,New York,NY,NY-14,,False,0,2,,Bronx County; Queens County,2,187761,32025,5308,225094,85.43,14.57,51.13,32.2,D+32.2,100.0,34.3,35.54,24.66,,0.5,0.25,0.25,0.0,pres+house+senate
2016,2010s,New York,NY,NY-15,,False,0,1,,Bronx County,1,122362,13078,2795,138235,90.34,9.66,51.13,38.04,D+38.0,100.0,39.21,49.08,24.66,,0.5,0.25,0.25,0.0,pres+house+senate
2016,2010s,New York,NY,NY-16,,False,0,2,,Bronx County; Westchester County,2,127613,29358,4495,161465,81.3,18.7,51.13,28.33,D+28.3,100.0,30.16,,24.66,,0.667,0.0,0.333,0.0,pres+senate
2016,2010s,New York,NY,NY-17,,False,1,1,Rockland County,Westchester County,2,201711,124561,12832,339105,61.82,38.18,51.13,15.35,D+15.3,60.2,10.69,,24.66,,0.667,0.0,0.333,0.0,pres+senate
2016,2010s,New York,NY,NY-18,,False,2,2,Orange County; Putnam County,Dutchess County; Westchester County,4,198876,163657,16634,379168,54.86,45.14,51.13,10.09,D+10.1,47.1,3.72,8.26,24.66,,0.5,0.25,0.25,0.0,pres+house+senate
2016,2010s,New York,NY,NY-19,,False,7,4,Columbia County; Delaware County; Greene County; Otsego County; Schoharie County; Sullivan County; Ulster County,Broome County; Dutchess County; Montgomery County; Rensselaer County,11,187350,201329,25720,414399,48.2,51.8,51.13,4.3,D+4.3,45.1,-2.93,-1.59,24.66,,0.5,0.25,0.25,0.0,pres+house+senate
2016,2010s,New York,NY,NY-20,,False,2,3,Albany County; Schenectady County,Montgomery County; Rensselaer County; Saratoga County,5,138205,101635,17104,256944,57.62,42.38,51.13,14.55,D+14.5,19.4,6.49,20.55,24.66,,0.5,0.25,0.25,0.0,pres+house+senate
2016,2010s,New York,NY,NY-21,,False,10,2,Clinton County; Essex County; Franklin County; Fulton County; Hamilton County; Jefferson County; Lewis County; St. Lawrence County; Warren County; Washington County,Herkimer County; Saratoga County,12,135543,175381,24784,335708,43.59,56.41,51.13,-1.55,R+1.5,29.9,-7.54,-15.77,24.66,,0.5,0.25,0.25,0.0,pres+house+senate
2016,2010s,New York,NY,NY-22,,False,4,4,Chenango County; Cortland County; Madison County; Oneida County,Broome County; Herkimer County; Oswego County; Tioga County,8,110993,151747,19579,282319,42.24,57.76,51.13,1.6,D+1.6,42.8,-8.89,-0.49,24.66,,0.5,0.25,0.25,0.0,pres+house+senate
2016,2010s,New York,NY,NY-23,,False,9,2,Allegany County; Cattaraugus County; Chautauqua County; Chemung County; Schuyler County; Seneca County; Steuben County; Tompkins County; Yates County,Ontario County; Tioga County,11,116772,161166,20625,298563,42.01,57.99,51.13,0.37,D+0.4,13.7,-9.12,-4.95,24.66,,0.5,0.25,0.25,0.0,pres+house+senate
2016,2010s,New York,NY,NY-24,,False,3,1,Cayuga County; Onondaga County; Wayne County,Oswego County,4,144757,133199,18632,296587,52.08,47.92,51.13,4.67,D+4.7,5.2,0.95,-7.88,24.66,,0.5,0.25,0.25,0.0,pres+house+senate
2016,2010s,New York,NY,NY-25,,False,0,1,,Monroe County,1,146913,106397,17618,270928,58.0,42.0,51.13,11.8,D+11.8,100.0,6.86,8.8,24.66,,0.5,0.25,0.25,0.0,pres+house+senate
2016,2010s,New York,NY,NY-26,,False,0,2,,Erie County; Niagara County,2,42078,37777,3957,83812,52.69,47.31,51.13,13.76,D+13.8,100.0,1.56,27.25,24.66,,0.5,0.25,0.25,0.0,pres+house+senate
2016,2010s,New York,NY,NY-27,,False,4,4,Genesee County; Livingston County; Orleans County; Wyoming County,Erie County; Monroe County; Niagara County; Ontario County,8,290232,305351,34100,629683,48.73,51.27,51.13,1.33,D+1.3,85.7,-2.4,-14.55,24.66,,0.5,0.25,0.25,0.0,pres+house+senate
2016,2010s,Ohio,OH,OH-01,,False,1,1,Warren County,Hamilton County,2,185165,199556,20783,405504,48.13,51.87,51.13,-6.12,R+6.1,70.8,-3.0,-6.56,-9.81,-8.2,0.4,0.2,0.2,0.2,pres+house+senate+statewide
2016,2010s,Ohio,OH,OH-02,,False,5,3,Adams County; Brown County; Clermont County; Highland County; Pike County,Hamilton County; Ross County; Scioto County,8,113752,182285,15396,311433,38.42,61.58,51.13,-11.45,R+11.4,48.1,-12.71,-13.81,-9.81,-8.2,0.4,0.2,0.2,0.2,pres+house+senate+statewide
2016,2010s,Ohio,OH,OH-03,,False,0,1,,Franklin County,1,149962,85114,15797,250873,63.79,36.21,51.13,5.71,D+5.7,100.0,12.66,21.23,-9.81,-8.2,0.4,0.2,0.2,0.2,pres+house+senate+statewide
2016,2010s,Ohio,OH,OH-04,,False,9,5,Allen County; Auglaize County; Champaign County; Crawford County; Logan County; Sandusky County; Seneca County; Shelby County; Union County,Erie County; Huron County; Lorain County; Marion County; Mercer County,14,102098,212862,19044,334004,32.42,67.58,51.13,-14.16,R+14.2,30.1,-18.72,-15.34,-9.81,-8.2,0.4,0.2,0.2,0.2,pres+house+senate+statewide
2016,2010s,Ohio,OH,OH-05,,False,11,3,Defiance County; Fulton County; Hancock County; Hardin County; Henry County; Paulding County; Putnam County; Van Wert County; Williams County; Wood County; Wyandot County,Lucas County; Mercer County; Ottawa County,14,146521,216704,24711,387936,40.34,59.66,51.13,-11.57,R+11.6,38.9,-10.79,-18.25,-9.81,-8.2,0.4,0.2,0.2,0.2,pres+house+senate+statewide
2016,2010s,Ohio,OH,OH-06,,False,13,5,Belmont County; Carroll County; Columbiana County; Gallia County; Guernsey County; Harrison County; Jackson County; Jefferson County; Lawrence County; Meigs County; Monroe County; Noble County; Washington County,Athens County; Mahoning County; Muskingum County; Scioto County; Tuscarawas County,18,116773,240984,18141,375899,32.64,67.36,51.13,-14.61,R+14.6,32.5,-18.49,-18.04,-9.81,-8.2,0.4,0.2,0.2,0.2,pres+house+senate+statewide
2016,2010s,Ohio,OH,OH-07,,False,4,6,Ashland County; Coshocton County; Holmes County; Knox County,Huron County; Lorain County; Medina County; Richland County; Stark County; Tuscarawas County,10,145508,245653,22547,413708,37.2,62.8,51.13,-12.42,R+12.4,80.6,-13.93,-16.21,-9.81,-8.2,0.4,0.2,0.2,0.2,pres+house+senate+statewide
2016,2010s,Ohio,OH,OH-08,,False,5,1,Butler County; Clark County; Darke County; Miami County; Preble County,Mercer County,6,105011,220542,17968,343520,32.26,67.74,51.13,-14.99,R+15.0,2.1,-18.88,-19.17,-9.81,-8.2,0.4,0.2,0.2,0.2,pres+house+senate+statewide
2016,2010s,Ohio,OH,OH-09,,False,0,5,,Cuyahoga County; Erie County; Lorain County; Lucas County; Ottawa County,5,111655,74478,10275,196409,59.99,40.01,51.13,4.21,D+4.2,100.0,8.85,21.35,-9.81,-8.2,0.4,0.2,0.2,0.2,pres+house+senate+statewide
2016,2010s,Ohio,OH,OH-10,,False,2,1,Greene County; Montgomery County,Fayette County,3,152674,177454,19717,349844,46.25,53.75,51.13,-8.27,R+8.3,2.0,-4.89,-13.58,-9.81,-8.2,0.4,0.2,0.2,0.2,pres+house+senate+statewide
2016,2010s,Ohio,OH,OH-11,,False,0,2,,Cuyahoga County; Summit County,2,171013,88135,12267,271414,65.99,34.01,51.13,8.92,D+8.9,100.0,14.86,32.91,-9.81,-8.2,0.4,0.2,0.2,0.2,pres+house+senate+statewide
2016,2010s,Ohio,OH,OH-12,,False,3,4,Delaware County; Licking County; Morrow County,Franklin County; Marion County; Muskingum County; Richland County,7,152592,189194,22734,364521,44.65,55.35,51.13,-9.48,R+9.5,43.5,-6.49,-16.39,-9.81,-8.2,0.4,0.2,0.2,0.2,pres+house+senate+statewide
2016,2010s,Ohio,OH,OH-13,,False,0,5,,Mahoning County; Portage County; Stark County; Summit County; Trumbull County,5,103615,104818,11132,219566,49.71,50.29,51.13,-0.1,R+0.1,100.0,-1.42,20.36,-9.81,-8.2,0.4,0.2,0.2,0.2,pres+house+senate+statewide
2016,2010s,Ohio,OH,OH-14,,False,3,4,Ashtabula County; Geauga County; Lake County,Cuyahoga County; Portage County; Summit County; Trumbull County,7,237562,223990,24941,486493,51.47,48.53,51.13,-5.46,R+5.5,57.0,0.34,-9.96,-9.81,-8.2,0.4,0.2,0.2,0.2,pres+house+senate+statewide
2016,2010s,Ohio,OH,OH-15,,False,8,4,Clinton County; Fairfield County; Hocking County; Madison County; Morgan County; Perry County; Pickaway County; Vinton County,Athens County; Fayette County; Franklin County; Ross County,12,206959,214115,26529,447604,49.15,50.85,51.13,-7.1,R+7.1,61.0,-1.98,-13.51,-9.81,-8.2,0.4,0.2,0.2,0.2,pres+house+senate+statewide
2016,2010s,Ohio,OH,OH-16,,False,1,5,Wayne County,Cuyahoga County; Medina County; Portage County; Stark County; Summit County,6,193308,165121,19039,377468,53.93,46.07,51.13,-5.02,R+5.0,86.7,2.8,-12.68,-9.81,-8.2,0.4,0.2,0.2,0.2,pres+house+senate+statewide
2016,2010s,Oklahoma,OK,OK-01,,False,3,2,Tulsa County; Wagoner County; Washington County,Creek County; Rogers County,5,100323,185784,18050,304156,35.06,64.94,51.13,-16.44,R+16.4,1.2,-16.07,,-22.22,-11.4,0.5,0.0,0.25,0.25,pres+senate+statewide
2016,2010s,Oklahoma,OK,OK-02,,False,25,1,Adair County; Atoka County; Bryan County; Cherokee County; Choctaw County; Coal County; Craig County; Delaware County; Haskell County; Hughes County; Johnston County; Latimer County; Le Flore County; McCurtain County; McIntosh County; Marshall County; Mayes County; Muskogee County; Nowata County; Okfuskee County; Okmulgee County; Ottawa County; Pittsburg County; Pushmataha County; Sequoyah County,Rogers County,26,63232,202358,11955,277544,23.81,76.19,51.13,-22.18,R+22.2,13.9,-27.32,-22.61,-22.22,-11.4,0.4,0.2,0.2,0.2,pres+house+senate+statewide
2016,2010s,Oklahoma,OK,OK-03,,False,30,2,Alfalfa County; Beaver County; Beckham County; Blaine County; Caddo County; Cimarron County; Custer County; Dewey County; Ellis County; Garfield County; Grant County; Greer County; Harmon County; Harper County; Jackson County; Kay County; Kingfisher County; Kiowa County; Lincoln County; Logan County; Major County; Noble County; Osage County; Pawnee County; Payne County; Roger Mills County; Texas County; Washita County; Woods County; Woodward County,Canadian County; Creek County,32,62538,222536,16627,301701,21.94,78.06,51.13,-23.53,R+23.5,26.7,-29.2,-25.64,-22.22,-11.4,0.4,0.2,0.2,0.2,pres+house+senate+statewide
2016,2010s,Oklahoma,OK,OK-04,,False,13,2,Carter County; Cleveland County; Comanche County; Cotton County; Garvin County; Grady County; Jefferson County; Love County; McClain County; Murray County; Pontotoc County; Stephens County; Tillman County,Canadian County; Oklahoma County,15,82078,184340,16855,283274,30.81,69.19,51.13,-18.87,R+18.9,8.2,-20.32,-20.1,-22.22,-11.4,0.4,0.2,0.2,0.2,pres+house+senate+statewide
2016,2010s,Oklahoma,OK,OK-05,,False,2,1,Pottawatomie County; Seminole County,Oklahoma County,3,112204,154118,19994,286316,42.13,57.87,51.13,-11.95,R+12.0,88.3,-9.0,-8.15,-22.22,-11.4,0.4,0.2,0.2,0.2,pres+house+senate+statewide
2016,2010s,Oregon,OR,OR-01,,False,4,1,Clatsop County; Columbia County; Washington County; Yamhill County,Multnomah County,5,246716,140518,51715,438948,63.71,36.29,51.13,12.08,D+12.1,17.0,12.58,14.38,14.08,6.76,0.4,0.2,0.2,0.2,pres+house+senate+statewide
2016,2010s,Oregon,OR,OR-02,,False,19,1,Baker County; Crook County; Deschutes County; Gilliam County; Grant County; Harney County; Hood River County; Jackson County; Jefferson County; Klamath County; Lake County; Malheur County; Morrow County; Sherman County; Umatilla County; Union County; Wallowa County; Wasco County; Wheeler County,Josephine County,20,131652,200482,37113,369247,39.64,60.36,51.13,-4.28,R+4.3,0.8,-11.49,-19.26,14.08,6.76,0.4,0.2,0.2,0.2,pres+house+senate+statewide
2016,2010s,Oregon,OR,OR-03,,False,0,2,,Clackamas County; Multnomah County,2,277406,89515,40500,407421,75.6,24.4,51.13,17.45,D+17.4,100.0,24.47,,14.08,6.76,0.5,0.0,0.25,0.25,pres+senate+statewide
2016,2010s,Oregon,OR,OR-04,,False,5,2,Coos County; Curry County; Douglas County; Lane County; Linn County,Benton County; Josephine County,7,189715,198126,47914,435756,48.92,51.08,51.13,5.47,D+5.5,20.1,-2.22,10.96,14.08,6.76,0.4,0.2,0.2,0.2,pres+house+senate+statewide
2016,2010s,Oregon,OR,OR-05,,False,4,2,Lincoln County; Marion County; Polk County; Tillamook County,Benton County; Clackamas County,6,156617,153763,39585,349964,50.46,49.54,51.13,5.52,D+5.5,38.2,-0.67,8.08,14.08,6.76,0.4,0.2,0.2,0.2,pres+house+senate+statewide
2016,2010s,Pennsylvania,PA,PA-01,,False,0,2,,Delaware County; Philadelphia County,2,231292,56694,7751,295737,80.31,19.69,51.13,19.59,D+19.6,100.0,29.18,34.85,0.41,4.35,0.4,0.2,0.2,0.2,pres+house+senate+statewide
2016,2010s,Pennsylvania,PA,PA-02,,False,0,2,,Montgomery County; Philadelphia County,2,231153,48794,7290,287237,82.57,17.43,51.13,22.09,D+22.1,100.0,31.44,42.83,0.41,4.35,0.4,0.2,0.2,0.2,pres+house+senate+statewide
2016,2010s,Pennsylvania,PA,PA-03,,False,4,3,Armstrong County; Butler County; Crawford County; Mercer County,Clarion County; Erie County; Lawrence County,7,94473,186147,14202,294822,33.67,66.33,51.13,-7.54,R+7.5,25.2,-17.47,,0.41,4.35,0.5,0.0,0.25,0.25,pres+senate+statewide
2016,2010s,Pennsylvania,PA,PA-04,,False,2,2,Adams County; York County,Cumberland County; Dauphin County,4,92007,172688,14670,279365,34.76,65.24,51.13,-8.28,R+8.3,8.4,-16.37,-13.43,0.41,4.35,0.4,0.2,0.2,0.2,pres+house+senate+statewide
2016,2010s,Pennsylvania,PA,PA-05,,False,11,4,Cameron County; Centre County; Clearfield County; Clinton County; Elk County; Forest County; Jefferson County; McKean County; Potter County; Venango County; Warren County,Clarion County; Erie County; Huntingdon County; Tioga County,15,123299,206951,18180,348431,37.34,62.66,51.13,-7.47,R+7.5,33.2,-13.8,-14.51,0.41,4.35,0.4,0.2,0.2,0.2,pres+house+senate+statewide
2016,2010s,Pennsylvania,PA,PA-06,,False,0,4,,Berks County; Chester County; Lebanon County; Montgomery County,4,162568,140036,15838,318443,53.72,46.28,51.13,1.07,D+1.1,100.0,2.59,-4.58,0.41,4.35,0.4,0.2,0.2,0.2,pres+house+senate+statewide
2016,2010s,Pennsylvania,PA,PA-07,,False,0,5,,Berks County; Chester County; Delaware County; Lancaster County; Montgomery County,5,284611,210583,23526,518720,57.47,42.53,51.13,2.13,D+2.1,100.0,6.34,-6.81,0.41,4.35,0.4,0.2,0.2,0.2,pres+house+senate+statewide
2016,2010s,Pennsylvania,PA,PA-08,,False,1,1,Bucks County,Montgomery County,2,221862,199185,17867,438914,52.69,47.31,51.13,1.22,D+1.2,21.4,1.56,-1.77,0.41,4.35,0.4,0.2,0.2,0.2,pres+house+senate+statewide
2016,2010s,Pennsylvania,PA,PA-09,,False,6,5,Bedford County; Blair County; Fayette County; Franklin County; Fulton County; Indiana County,Cambria County; Greene County; Huntingdon County; Somerset County; Washington County,11,83171,218415,12032,313618,27.58,72.42,51.13,-10.62,R+10.6,20.7,-23.55,-10.73,0.41,4.35,0.4,0.2,0.2,0.2,pres+house+senate+statewide
2016,2010s,Pennsylvania,PA,PA-10,,False,10,5,Bradford County; Juniata County; Lycoming County; Mifflin County; Pike County; Snyder County; Sullivan County; Susquehanna County; Union County; Wayne County,Lackawanna County; Monroe County; Northumberland County; Perry County; Tioga County,15,112600,219396,15421,347417,33.92,66.08,51.13,-9.44,R+9.4,38.7,-17.22,-17.52,0.41,4.35,0.4,0.2,0.2,0.2,pres+house+senate+statewide
2016,2010s,Pennsylvania,PA,PA-11,,False,3,6,Columbia County; Montour County; Wyoming County,Carbon County; Cumberland County; Dauphin County; Luzerne County; Northumberland County; Perry County,9,163474,239361,19865,422700,40.58,59.42,51.13,-5.47,R+5.5,88.1,-10.55,-11.01,0.41,4.35,0.4,0.2,0.2,0.2,pres+house+senate+statewide
2016,2010s,Pennsylvania,PA,PA-12,,False,1,5,Beaver County,Allegheny County; Cambria County; Lawrence County; Somerset County; Westmoreland County,6,209820,235295,20272,465387,47.14,52.86,51.13,-2.47,R+2.5,81.9,-3.99,-9.11,0.41,4.35,0.4,0.2,0.2,0.2,pres+house+senate+statewide
2016,2010s,Pennsylvania,PA,PA-13,,False,0,2,,Montgomery County; Philadelphia County,2,227238,70039,9555,306833,76.44,23.56,51.13,13.84,D+13.8,100.0,25.31,,0.41,4.35,0.5,0.0,0.25,0.25,pres+senate+statewide
2016,2010s,Pennsylvania,PA,PA-14,,False,0,1,,Allegheny County,1,105874,74730,8666,189270,58.62,41.38,51.13,9.35,D+9.4,100.0,7.49,27.03,0.41,4.35,0.4,0.2,0.2,0.2,pres+house+senate+statewide
2016,2010s,Pennsylvania,PA,PA-15,,False,1,4,Lehigh County,Berks County; Dauphin County; Lebanon County; Northampton County,5,180481,196969,18760,396211,47.82,52.18,51.13,-1.96,R+2.0,58.9,-3.32,-7.91,0.41,4.35,0.4,0.2,0.2,0.2,pres+house+senate+statewide
2016,2010s,Pennsylvania,PA,PA-16,,False,0,3,,Berks County; Chester County; Lancaster County,3,112497,147025,17238,276760,43.35,56.65,51.13,-2.76,R+2.8,100.0,-7.79,-2.97,0.41,4.35,0.4,0.2,0.2,0.2,pres+house+senate+statewide
2016,2010s,Pennsylvania,PA,PA-17,,False,1,5,Schuylkill County,Carbon County; Lackawanna County; Luzerne County; Monroe County; Northampton County,6,91932,126267,9393,227592,42.13,57.87,51.13,-1.36,R+1.4,72.1,-9.0,6.46,0.41,4.35,0.4,0.2,0.2,0.2,pres+house+senate+statewide
2016,2010s,Pennsylvania,PA,PA-18,,False,0,4,,Allegheny County; Greene County; Washington County; Westmoreland County,4,198106,222165,19213,439483,47.14,52.86,51.13,-0.81,R+0.8,100.0,-4.0,,0.41,4.35,0.5,0.0,0.25,0.25,pres+senate+statewide
2016,2010s,Rhode Island,RI,RI-01,,False,2,1,Bristol County; Newport County,Providence County,3,86760,55396,10087,152244,61.03,38.97,51.13,12.4,D+12.4,56.3,9.9,17.41,,,0.667,0.333,0.0,0.0,pres+house
2016,2010s,Rhode Island,RI,RI-02,,False,2,1,Kent County; Washington County,Providence County,3,165128,125094,20951,311172,56.9,43.1,51.13,9.87,D+9.9,52.3,5.76,18.08,,,0.667,0.333,0.0,0.0,pres+house
2016,2010s,South Carolina,SC,SC-01,,False,0,5,,Beaufort County; Berkeley County; Charleston County; Colleton County; Dorchester County,5,100950,105697,12772,219419,48.85,51.15,51.13,-5.0,R+5.0,100.0,-2.28,-8.73,-10.97,-0.72,0.4,0.2,0.2,0.2,pres+house+senate+statewide
2016,2010s,South Carolina,SC,SC-02,,False,3,2,Aiken County; Barnwell County; Lexington County,Orangeburg County; Richland County,5,120252,157450,14159,291862,43.3,56.7,51.13,-7.47,R+7.5,29.3,-7.83,-10.02,-10.97,-0.72,0.4,0.2,0.2,0.2,pres+house+senate+statewide
2016,2010s,South Carolina,SC,SC-03,,False,9,2,Abbeville County; Anderson County; Edgefield County; Greenwood County; Laurens County; McCormick County; Oconee County; Pickens County; Saluda County,Greenville County; Newberry County,11,94720,209954,13537,318211,31.09,68.91,51.13,-14.4,R+14.4,20.0,-20.04,-20.25,-10.97,-0.72,0.4,0.2,0.2,0.2,pres+house+senate+statewide
2016,2010s,South Carolina,SC,SC-04,,False,0,2,,Greenville County; Spartanburg County,2,90412,161962,13743,266118,35.82,64.18,51.13,-11.61,R+11.6,100.0,-15.31,-15.77,-10.97,-0.72,0.4,0.2,0.2,0.2,pres+house+senate+statewide
2016,2010s,South Carolina,SC,SC-05,,False,8,3,Cherokee County; Chester County; Fairfield County; Kershaw County; Lancaster County; Lee County; Union County; York County,Newberry County; Spartanburg County; Sumter County,11,121548,172887,7512,301947,41.28,58.72,51.13,-7.82,R+7.8,18.8,-9.85,-7.73,-10.97,-0.72,0.4,0.2,0.2,0.2,pres+house+senate+statewide
2016,2010s,South Carolina,SC,SC-06,,False,7,9,Allendale County; Bamberg County; Calhoun County; Clarendon County; Hampton County; Jasper County; Williamsburg County,Beaufort County; Berkeley County; Charleston County; Colleton County; Dorchester County; Florence County; Orangeburg County; Richland County; Sumter County,16,211177,176212,17631,405020,54.51,45.49,51.13,3.89,D+3.9,83.2,3.38,24.39,-10.97,-0.72,0.4,0.2,0.2,0.2,pres+house+senate+statewide
2016,2010s,South Carolina,SC,SC-07,,False,7,1,Chesterfield County; Darlington County; Dillon County; Georgetown County; Horry County; Marion County; Marlboro County,Florence County,8,116313,171226,8434,295973,40.45,59.55,51.13,-8.28,R+8.3,16.5,-10.68,-8.36,-10.97,-0.72,0.4,0.2,0.2,0.2,pres+house+senate+statewide
2016,2010s,South Dakota,SD,SD-AL,,True,0,0,,,66,117458,227721,24914,370093,34.03,65.97,51.13,-18.29,R+18.3,0.0,-17.1,,-20.68,,0.667,0.0,0.333,0.0,pres+senate
2016,2010s,Tennessee,TN,TN-01,,False,11,1,Carter County; Cocke County; Greene County; Hamblen County; Hancock County; Hawkins County; Johnson County; Sevier County; Sullivan County; Unicoi County; Washington County,Jefferson County,12,52405,203510,10522,266437,20.48,79.52,51.13,-25.75,R+25.7,1.4,-30.66,-30.92,,-10.76,0.5,0.25,0.0,0.25,pres+house+statewide
2016,2010s,Tennessee,TN,TN-02,,False,5,2,Blount County; Claiborne County; Grainger County; Knox County; Loudon County,Campbell County; Jefferson County,7,86093,189690,16831,292613,31.22,68.78,51.13,-18.39,R+18.4,6.0,-19.92,-22.98,,-10.76,0.5,0.25,0.0,0.25,pres+house+statewide
2016,2010s,Tennessee,TN,TN-03,,False,9,2,Anderson County; Hamilton County; McMinn County; Monroe County; Morgan County; Polk County; Roane County; Scott County; Union County,Bradley County; Campbell County,11,85479,186443,14013,285935,31.44,68.56,51.13,-16.8,R+16.8,10.3,-19.7,-17.06,,-10.76,0.5,0.25,0.0,0.25,pres+house+statewide
2016,2010s,Tennessee,TN,TN-04,,False,13,3,Bedford County; Bledsoe County; Franklin County; Grundy County; Lincoln County; Marion County; Marshall County; Meigs County; Moore County; Rhea County; Rutherford County; Sequatchie County; Warren County,Bradley County; Maury County; Van Buren County,16,72462,180026,11908,264396,28.7,71.3,51.13,-17.0,R+17.0,16.1,-22.43,-12.38,,-10.76,0.5,0.25,0.0,0.25,pres+house+statewide
2016,2010s,Tennessee,TN,TN-05,,False,2,1,Davidson County; Dickson County,Cheatham County,3,156859,107318,17030,281208,59.38,40.62,51.13,5.24,D+5.2,4.8,8.24,15.24,,-10.76,0.5,0.25,0.0,0.25,pres+house+statewide
2016,2010s,Tennessee,TN,TN-06,,False,17,2,Cannon County; Clay County; Coffee County; Cumberland County; DeKalb County; Fentress County; Jackson County; Macon County; Overton County; Pickett County; Putnam County; Robertson County; Smith County; Sumner County; Trousdale County; White County; Wilson County,Cheatham County; Van Buren County,19,70284,214863,12148,297295,24.65,75.35,51.13,-21.9,R+21.9,0.9,-26.48,-23.88,,-10.76,0.5,0.25,0.0,0.25,pres+house+statewide
2016,2010s,Tennessee,TN,TN-07,,False,17,2,Chester County; Decatur County; Giles County; Hardeman County; Hardin County; Henderson County; Hickman County; Houston County; Humphreys County; Lawrence County; Lewis County; McNairy County; Montgomery County; Perry County; Stewart County; Wayne County; Williamson County,Benton County; Maury County,19,83644,200237,14690,298571,29.46,70.54,51.13,-19.22,R+19.2,6.9,-21.67,-22.79,,-10.76,0.5,0.25,0.0,0.25,pres+house+statewide
2016,2010s,Tennessee,TN,TN-08,,False,13,2,Carroll County; Crockett County; Dyer County; Fayette County; Gibson County; Haywood County; Henry County; Lake County; Lauderdale County; Madison County; Obion County; Tipton County; Weakley County,Benton County; Shelby County,15,129296,166145,9530,304971,43.76,56.24,51.13,-11.53,R+11.5,39.7,-7.37,-20.61,,-10.76,0.5,0.25,0.0,0.25,pres+house+statewide
2016,2010s,Tennessee,TN,TN-09,,False,0,1,,Shelby County,1,134173,74693,7734,216600,64.24,35.76,51.13,12.19,D+12.2,100.0,13.11,33.32,,-10.76,0.5,0.25,0.0,0.25,pres+house+statewide
2016,2010s,Texas,TX,TX-01,,False,10,2,Angelina County; Gregg County; Harrison County; Nacogdoches County; Panola County; Rusk County; Sabine County; San Augustine County; Shelby County; Smith County,Upshur County; Wood County,12,66432,190742,8385,265559,25.83,74.17,51.13,-24.45,R+24.5,4.9,-25.3,-22.75,,,0.667,0.333,0.0,0.0,pres+house
2016,2010s,Texas,TX,TX-02,,False,0,1,,Harris County,1,131672,101548,10833,244053,56.46,43.54,51.13,0.19,D+0.2,100.0,5.33,-10.08,,,0.667,0.333,0.0,0.0,pres+house
2016,2010s,Texas,TX,TX-03,,False,0,1,,Collin County,1,82265,117593,13333,213192,41.16,58.84,51.13,-10.39,R+10.4,100.0,-9.97,-11.23,,,0.667,0.333,0.0,0.0,pres+house
2016,2010s,Texas,TX,TX-04,,False,16,2,Bowie County; Camp County; Cass County; Delta County; Fannin County; Franklin County; Grayson County; Hopkins County; Hunt County; Lamar County; Marion County; Morris County; Rains County; Red River County; Rockwall County; Titus County,Collin County; Upshur County,18,110829,274005,17447,402282,28.8,71.2,51.13,-22.33,R+22.3,37.8,-22.33,,,,1.0,0.0,0.0,0.0,pres
2016,2010s,Texas,TX,TX-05,,False,5,2,Anderson County; Cherokee County; Henderson County; Kaufman County; Van Zandt County,Dallas County; Wood County,7,99701,146935,10326,256961,40.42,59.58,51.13,-10.71,R+10.7,50.6,-10.71,,,,1.0,0.0,0.0,0.0,pres
2016,2010s,Texas,TX,TX-06,,False,2,1,Ellis County; Navarro County,Tarrant County,3,87363,137430,11312,236105,38.86,61.14,51.13,-10.61,R+10.6,65.9,-12.27,-7.28,,,0.667,0.333,0.0,0.0,pres+house
2016,2010s,Texas,TX,TX-07,,False,0,1,,Harris County,1,65836,50774,5417,122026,56.46,43.54,51.13,2.38,D+2.4,100.0,5.33,-3.52,,,0.667,0.333,0.0,0.0,pres+house
2016,2010s,Texas,TX,TX-08,,False,7,2,Grimes County; Houston County; Madison County; Montgomery County; San Jacinto County; Trinity County; Walker County,Harris County; Leon County,9,81774,211565,13220,306560,27.88,72.12,51.13,-23.26,R+23.3,13.8,-23.26,,,,1.0,0.0,0.0,0.0,pres
2016,2010s,Texas,TX,TX-09,,False,0,2,,Fort Bend County; Harris County,2,55885,43801,4546,104232,56.06,43.94,51.13,14.38,D+14.4,100.0,4.93,33.3,,,0.667,0.333,0.0,0.0,pres+house
2016,2010s,Texas,TX,TX-10,,False,5,4,Austin County; Colorado County; Fayette County; Waller County; Washington County,Bastrop County; Harris County; Lee County; Travis County,9,213811,181515,20375,415701,54.08,45.92,51.13,-0.44,R+0.4,84.7,2.95,-7.24,,,0.667,0.333,0.0,0.0,pres+house
2016,2010s,Texas,TX,TX-11,,False,27,2,Andrews County; Brown County; Callahan County; Coke County; Coleman County; Comanche County; Concho County; Dawson County; Eastland County; Ector County; Glasscock County; Hood County; Irion County; Kimble County; Llano County; McCulloch County; Martin County; Mason County; Menard County; Midland County; Mills County; Mitchell County; Palo Pinto County; Runnels County; San Saba County; Sterling County; Tom Green County,Erath County; Stephens County,29,47673,194199,8884,250756,19.71,80.29,51.13,-31.42,R+31.4,4.3,-31.42,,,,1.0,0.0,0.0,0.0,pres
2016,2010s,Texas,TX,TX-12,,False,1,2,Parker County,Tarrant County; Wise County,3,135947,202534,17185,355667,40.16,59.84,51.13,-13.8,R+13.8,84.0,-10.97,-19.45,,,0.667,0.333,0.0,0.0,pres+house
2016,2010s,Texas,TX,TX-13,,False,39,2,Archer County; Armstrong County; Baylor County; Briscoe County; Carson County; Childress County; Clay County; Collingsworth County; Cooke County; Cottle County; Dallam County; Deaf Smith County; Dickens County; Donley County; Foard County; Gray County; Hall County; Hansford County; Hardeman County; Hartley County; Hemphill County; Hutchinson County; Jack County; King County; Knox County; Lipscomb County; Montague County; Moore County; Motley County; Ochiltree County; Oldham County; Potter County; Randall County; Roberts County; Sherman County; Swisher County; Wheeler County; Wichita County; Wilbarger County,Floyd County; Wise County,41,41172,194731,9151,245053,17.45,82.55,51.13,-33.68,R+33.7,8.7,-33.68,,,,1.0,0.0,0.0,0.0,pres
2016,2010s,Texas,TX,TX-14,,False,2,1,Galveston County; Jefferson County,Brazoria County,3,123977,180439,12351,316767,40.73,59.27,51.13,-10.01,R+10.0,33.5,-10.41,-9.2,,,0.667,0.333,0.0,0.0,pres+house
2016,2010s,Texas,TX,TX-15,,False,6,2,Brooks County; Duval County; Guadalupe County; Jim Hogg County; Karnes County; Live Oak County,Hidalgo County; Wilson County,8,119182,86886,8969,215037,57.84,42.16,51.13,8.8,D+8.8,64.9,6.7,12.98,,,0.667,0.333,0.0,0.0,pres+house
2016,2010s,Texas,TX,TX-16,,False,0,1,,El Paso County,1,103786,38969,8822,151577,72.7,27.3,51.13,21.57,D+21.6,100.0,21.57,,,,1.0,0.0,0.0,0.0,pres
2016,2010s,Texas,TX,TX-17,,False,8,3,Brazos County; Burleson County; Falls County; Freestone County; Limestone County; McLennan County; Milam County; Robertson County,Lee County; Leon County; Travis County,11,88127,134879,13124,236130,39.52,60.48,51.13,-11.29,R+11.3,19.7,-11.62,-10.65,,,0.667,0.333,0.0,0.0,pres+house
2016,2010s,Texas,TX,TX-18,,False,0,1,,Harris County,1,94860,73158,7805,175823,56.46,43.54,51.13,12.99,D+13.0,100.0,5.33,28.31,,,0.667,0.333,0.0,0.0,pres+house
2016,2010s,Texas,TX,TX-19,,False,27,2,Bailey County; Borden County; Castro County; Cochran County; Crosby County; Fisher County; Gaines County; Garza County; Hale County; Haskell County; Hockley County; Howard County; Jones County; Kent County; Lamb County; Lubbock County; Lynn County; Nolan County; Parmer County; Scurry County; Shackelford County; Stonewall County; Taylor County; Terry County; Throckmorton County; Yoakum County; Young County,Floyd County; Stephens County,29,53578,165946,10664,230188,24.41,75.59,51.13,-26.73,R+26.7,1.2,-26.73,,,,1.0,0.0,0.0,0.0,pres
2016,2010s,Texas,TX,TX-20,,False,0,1,,Bexar County,1,50859,38251,5521,94632,57.07,42.93,51.13,5.94,D+5.9,100.0,5.94,,,,1.0,0.0,0.0,0.0,pres
2016,2010s,Texas,TX,TX-21,,False,6,4,Bandera County; Blanco County; Gillespie County; Kendall County; Kerr County; Real County,Bexar County; Comal County; Hays County; Travis County,10,93328,142933,13056,249317,39.5,60.5,51.13,-10.54,R+10.5,70.2,-11.63,-8.35,,,0.667,0.333,0.0,0.0,pres+house
2016,2010s,Texas,TX,TX-22,,False,0,3,,Brazoria County; Fort Bend County; Harris County,3,149253,132689,11541,293484,52.94,47.06,51.13,-1.09,R+1.1,100.0,1.8,-6.87,,,0.667,0.333,0.0,0.0,pres+house
2016,2010s,Texas,TX,TX-23,,False,26,3,Brewster County; Crane County; Crockett County; Culberson County; Dimmit County; Edwards County; Frio County; Hudspeth County; Jeff Davis County; Kinney County; Loving County; Maverick County; Medina County; Pecos County; Presidio County; Reagan County; Reeves County; Schleicher County; Sutton County; Terrell County; Upton County; Uvalde County; Val Verde County; Ward County; Winkler County; Zavala County,Bexar County; El Paso County; La Salle County,29,231846,173103,22694,427643,57.25,42.75,51.13,4.73,D+4.7,77.3,6.12,1.95,,,0.667,0.333,0.0,0.0,pres+house
2016,2010s,Texas,TX,TX-24,,False,0,3,,Dallas County; Denton County; Tarrant County,3,103280,86577,10652,200509,54.4,45.6,51.13,0.12,D+0.1,100.0,3.27,-6.17,,,0.667,0.333,0.0,0.0,pres+house
2016,2010s,Texas,TX,TX-25,,False,8,3,Bosque County; Burnet County; Coryell County; Hamilton County; Hill County; Johnson County; Lampasas County; Somervell County,Erath County; Hays County; Travis County,11,171592,175508,21769,368868,49.44,50.56,51.13,-3.82,R+3.8,64.3,-1.7,-8.07,,,0.667,0.333,0.0,0.0,pres+house
2016,2010s,Texas,TX,TX-26,,False,0,2,,Denton County; Tarrant County,2,126496,188043,18867,333406,40.22,59.78,51.13,-12.77,R+12.8,100.0,-10.92,-16.49,,,0.667,0.333,0.0,0.0,pres+house
2016,2010s,Texas,TX,TX-27,,False,9,4,Aransas County; Calhoun County; Jackson County; Lavaca County; Matagorda County; Nueces County; Refugio County; Victoria County; Wharton County,Bastrop County; Caldwell County; Gonzales County; San Patricio County,13,88681,141019,9214,238914,38.61,61.39,51.13,-11.37,R+11.4,17.5,-12.53,-9.04,,,0.667,0.333,0.0,0.0,pres+house
2016,2010s,Texas,TX,TX-28,,False,5,4,Atascosa County; McMullen County; Starr County; Webb County; Zapata County,Bexar County; Hidalgo County; La Salle County; Wilson County,9,148258,94546,11996,254801,61.06,38.94,51.13,13.47,D+13.5,66.0,9.93,20.54,,,0.667,0.333,0.0,0.0,pres+house
2016,2010s,Texas,TX,TX-29,,False,0,1,,Harris County,1,76455,58963,6290,141708,56.46,43.54,51.13,12.81,D+12.8,100.0,5.33,27.79,,,0.667,0.333,0.0,0.0,pres+house
2016,2010s,Texas,TX,TX-30,,False,0,1,,Dallas County,1,187198,106756,16913,310867,63.68,36.32,51.13,19.39,D+19.4,100.0,12.55,33.07,,,0.667,0.333,0.0,0.0,pres+house
2016,2010s,Texas,TX,TX-31,,False,2,0,Bell County; Williamson County,,2,122269,156173,21918,300360,43.91,56.09,51.13,-7.77,R+7.8,0.0,-7.22,-8.87,,,0.667,0.333,0.0,0.0,pres+house
2016,2010s,Texas,TX,TX-32,,False,0,2,,Collin County; Dallas County,2,91183,55866,8561,155610,62.01,37.99,51.13,10.88,D+10.9,100.0,10.88,,,,1.0,0.0,0.0,0.0,pres
2016,2010s,Texas,TX,TX-33,,False,0,2,,Dallas County; Tarrant County,2,89760,74303,9147,173210,54.71,45.29,51.13,11.17,D+11.2,100.0,3.58,26.36,,,0.667,0.333,0.0,0.0,pres+house
2016,2010s,Texas,TX,TX-34,,False,8,3,Bee County; Cameron County; DeWitt County; Goliad County; Jim Wells County; Kenedy County; Kleberg County; Willacy County,Gonzales County; Hidalgo County; San Patricio County,11,94207,64473,6236,164916,59.37,40.63,51.13,10.6,D+10.6,15.7,8.24,15.34,,,0.667,0.333,0.0,0.0,pres+house
2016,2010s,Texas,TX,TX-35,,False,0,5,,Bexar County; Caldwell County; Comal County; Hays County; Travis County,5,94986,54783,10664,160433,63.42,36.58,51.13,14.62,D+14.6,100.0,12.29,19.29,,,0.667,0.333,0.0,0.0,pres+house
2016,2010s,Texas,TX,TX-36,,False,8,1,Chambers County; Hardin County; Jasper County; Liberty County; Newton County; Orange County; Polk County; Tyler County,Harris County,9,154346,213411,13751,381508,41.97,58.03,51.13,-9.16,R+9.2,62.6,-9.16,,,,1.0,0.0,0.0,0.0,pres
2016,2010s,Utah,UT,UT-01,,False,9,1,Box Elder County; Cache County; Daggett County; Duchesne County; Morgan County; Rich County; Summit County; Uintah County; Weber County,Davis County,10,55192,118863,67345,241401,31.71,68.29,51.13,-19.22,R+19.2,17.1,-19.42,-18.72,-20.43,-18.09,0.4,0.2,0.2,0.2,pres+house+senate+statewide
2016,2010s,Utah,UT,UT-02,,False,10,4,Beaver County; Garfield County; Iron County; Kane County; Millard County; Piute County; Sevier County; Tooele County; Washington County; Wayne County,Davis County; Juab County; Salt Lake County; Sanpete County,14,119558,194647,109026,423230,38.05,61.95,51.13,-15.31,R+15.3,70.1,-13.08,-11.87,-20.43,-18.09,0.4,0.2,0.2,0.2,pres+house+senate+statewide
2016,2010s,Utah,UT,UT-03,,False,5,2,Carbon County; Emery County; Grand County; San Juan County; Wasatch County,Salt Lake County; Utah County,7,66900,112521,75176,254597,37.29,62.71,51.13,-17.41,R+17.4,86.4,-13.85,-20.84,-20.43,-18.09,0.4,0.2,0.2,0.2,pres+house+senate+statewide
2016,2010s,Utah,UT,UT-04,,False,0,4,,Juab County; Salt Lake County; Sanpete County; Utah County,4,69026,89200,66155,224381,43.63,56.37,51.13,-11.49,R+11.5,100.0,-7.51,-3.9,-20.43,-18.09,0.4,0.2,0.2,0.2,pres+house+senate+statewide
2016,2010s,Virginia,VA,VA-01,,False,18,5,Caroline County; Essex County; Gloucester County; James City County; King and Queen County; King George County; King William County; Lancaster County; Mathews County; Middlesex County; Northumberland County; Richmond County; Stafford County; Westmoreland County; York County; Fredericksburg City; Poquoson City; Williamsburg City,Fauquier County; Prince William County; Spotsylvania County; Manassas City; Newport News City,23,187109,198137,24490,409736,48.57,51.43,51.13,-4.84,R+4.8,33.7,-2.56,-9.4,,,0.667,0.333,0.0,0.0,pres+house
2016,2010s,Virginia,VA,VA-02,,False,3,3,Accomack County; Northampton County; Virginia Beach City,Hampton City; Newport News City; Norfolk City,6,168830,139835,20610,329275,54.7,45.3,51.13,-0.55,R+0.6,31.6,3.56,-8.78,,,0.667,0.333,0.0,0.0,pres+house
2016,2010s,Virginia,VA,VA-03,,False,2,8,Charles City County; Surry County,Henrico County; Prince George County; Hampton City; Newport News City; Norfolk City; Petersburg City; Portsmouth City; Richmond City,10,237707,103240,20117,361063,69.72,30.28,51.13,18.89,D+18.9,97.7,18.59,19.51,,,0.667,0.333,0.0,0.0,pres+house
2016,2010s,Virginia,VA,VA-04,,False,14,4,Amelia County; Dinwiddie County; Greensville County; Isle of Wight County; Nottoway County; Powhatan County; Southampton County; Sussex County; Chesapeake City; Colonial Heights City; Emporia City; Franklin City; Hopewell City; Suffolk City,Chesterfield County; Prince George County; Petersburg City; Portsmouth City,18,178690,195635,19587,393912,47.74,52.26,51.13,1.24,D+1.2,33.1,-3.4,10.52,,,0.667,0.333,0.0,0.0,pres+house
2016,2010s,Virginia,VA,VA-05,,False,21,3,Albemarle County; Appomattox County; Brunswick County; Buckingham County; Campbell County; Charlotte County; Cumberland County; Fluvanna County; Franklin County; Greene County; Halifax County; Lunenburg County; Madison County; Mecklenburg County; Nelson County; Pittsylvania County; Prince Edward County; Rappahannock County; Bedford City; Charlottesville City; Danville City,Fauquier County; Henry County; Lynchburg City,24,153566,195458,17723,366747,44.0,56.0,51.13,-6.65,R+6.7,10.3,-7.13,-5.69,,,0.667,0.333,0.0,0.0,pres+house
2016,2010s,Virginia,VA,VA-06,,False,16,4,Amherst County; Augusta County; Bath County; Botetourt County; Highland County; Page County; Rockbridge County; Rockingham County; Shenandoah County; Warren County; Buena Vista City; Harrisonburg City; Lexington City; Roanoke City; Staunton City; Waynesboro City,Bedford County; Roanoke County; Lynchburg City; Salem City,20,111298,186684,19103,317085,37.35,62.65,51.13,-13.9,R+13.9,19.8,-13.78,-14.13,,,0.667,0.333,0.0,0.0,pres+house
2016,2010s,Virginia,VA,VA-07,,False,6,4,Culpeper County; Goochland County; Hanover County; Louisa County; New Kent County; Orange County,Chesterfield County; Henrico County; Spotsylvania County; Richmond City,10,151790,174986,19946,346721,46.45,53.55,51.13,-4.79,R+4.8,57.8,-4.68,-5.0,,,0.667,0.333,0.0,0.0,pres+house
2016,2010s,Virginia,VA,VA-08,,False,3,1,Arlington County; Alexandria City; Falls Church City,Fairfax County,4,251770,77735,25450,354955,76.41,23.59,51.13,24.9,D+24.9,42.3,25.28,24.14,,,0.667,0.333,0.0,0.0,pres+house
2016,2010s,Virginia,VA,VA-09,,False,26,3,Alleghany County; Bland County; Buchanan County; Carroll County; Craig County; Dickenson County; Floyd County; Giles County; Grayson County; Lee County; Montgomery County; Patrick County; Pulaski County; Russell County; Scott County; Smyth County; Tazewell County; Washington County; Wise County; Wythe County; Bristol City; Covington City; Galax City; Martinsville City; Norton City; Radford City,Henry County; Roanoke County; Salem City,29,92614,226761,15041,334416,29.0,71.0,51.13,-20.8,R+20.8,17.6,-22.13,-18.12,,,0.667,0.333,0.0,0.0,pres+house
2016,2010s,Virginia,VA,VA-10,,False,5,3,Clarke County; Frederick County; Loudoun County; Manassas Park City; Winchester City,Fairfax County; Prince William County; Manassas City,8,304117,194935,35685,534737,60.94,39.06,51.13,6.46,D+6.5,53.7,9.81,-0.24,,,0.667,0.333,0.0,0.0,pres+house
2016,2010s,Virginia,VA,VA-11,,False,1,2,Fairfax City,Fairfax County; Prince William County,3,140843,66180,15290,222312,68.03,31.97,51.13,16.9,D+16.9,94.6,16.9,,,,1.0,0.0,0.0,0.0,pres
2016,2010s,Vermont,VT,VT-AL,,True,0,0,,,14,178573,95369,41125,315067,65.19,34.81,51.13,14.14,D+14.1,0.0,14.05,,16.13,12.34,0.5,0.0,0.25,0.25,pres+senate+statewide
2016,2010s,Washington,WA,WA-01,,False,0,4,,King County; Skagit County; Snohomish County; Whatcom County,4,548206,263642,93404,905252,67.53,32.47,51.13,11.67,D+11.7,100.0,16.39,8.06,10.17,7.35,0.4,0.2,0.2,0.2,pres+house+senate+statewide
2016,2010s,Washington,WA,WA-02,,False,2,3,Island County; San Juan County,Skagit County; Snohomish County; Whatcom County,5,57979,42836,12844,113658,57.51,42.49,51.13,9.39,D+9.4,51.3,6.38,16.67,10.17,7.35,0.4,0.2,0.2,0.2,pres+house+senate+statewide
2016,2010s,Washington,WA,WA-03,,False,7,1,Clark County; Cowlitz County; Klickitat County; Lewis County; Pacific County; Skamania County; Wahkiakum County,Thurston County,8,153201,168884,40014,362099,47.57,52.43,51.13,0.26,D+0.3,11.3,-3.57,-9.1,10.17,7.35,0.4,0.2,0.2,0.2,pres+house+senate+statewide
2016,2010s,Washington,WA,WA-04,,False,7,1,Adams County; Benton County; Douglas County; Franklin County; Grant County; Okanogan County; Yakima County,Walla Walla County,8,89460,146607,26406,262473,37.9,62.1,51.13,-2.24,R+2.2,2.7,-13.24,,10.17,7.35,0.5,0.0,0.25,0.25,pres+senate+statewide
2016,2010s,Washington,WA,WA-05,,False,9,1,Asotin County; Columbia County; Ferry County; Garfield County; Lincoln County; Pend Oreille County; Spokane County; Stevens County; Whitman County,Walla Walla County,10,122991,164764,38930,326685,42.74,57.26,51.13,-1.25,R+1.3,5.9,-8.39,-6.99,10.17,7.35,0.4,0.2,0.2,0.2,pres+house+senate+statewide
2016,2010s,Washington,WA,WA-06,,False,4,2,Clallam County; Grays Harbor County; Jefferson County; Kitsap County,Mason County; Pierce County,6,131408,113298,32649,277354,53.7,46.3,51.13,7.36,D+7.4,20.9,2.57,14.16,10.17,7.35,0.4,0.2,0.2,0.2,pres+house+senate+statewide
2016,2010s,Washington,WA,WA-07,,False,0,2,,King County; Snohomish County,2,45464,14056,6022,65541,76.38,23.62,51.13,17.0,D+17.0,100.0,25.25,,10.17,7.35,0.5,0.0,0.25,0.25,pres+senate+statewide
2016,2010s,Washington,WA,WA-08,,False,2,2,Chelan County; Kittitas County,King County; Pierce County,4,457014,229441,75637,762092,66.58,33.42,51.13,8.17,D+8.2,92.9,15.44,-7.54,10.17,7.35,0.4,0.2,0.2,0.2,pres+house+senate+statewide
2016,2010s,Washington,WA,WA-09,,False,0,2,,King County; Pierce County,2,58849,18484,7829,85162,76.1,23.9,51.13,18.6,D+18.6,100.0,24.97,25.54,10.17,7.35,0.4,0.2,0.2,0.2,pres+house+senate+statewide
2016,2010s,Washington,WA,WA-10,,False,0,3,,Mason County; Pierce County; Thurston County,3,78146,59736,18820,156703,56.68,43.32,51.13,7.99,D+8.0,100.0,5.54,11.33,10.17,7.35,0.4,0.2,0.2,0.2,pres+house+senate+statewide
2016,2010s,Wisconsin,WI,WI-01,,False,3,3,Kenosha County; Racine County; Walworth County,Milwaukee County; Rock County; Waukesha County,6,231003,220787,29657,481447,51.13,48.87,51.13,-3.82,R+3.8,53.9,-0.0,-15.6,-0.58,-2.93,0.4,0.2,0.2,0.2,pres+house+senate+statewide
2016,2010s,Wisconsin,WI,WI-02,,False,5,2,Dane County; Green County; Iowa County; Lafayette County; Sauk County,Richland County; Rock County,7,276653,123872,27972,428497,69.07,30.93,51.13,10.76,D+10.8,11.4,17.94,21.45,-0.58,-2.93,0.4,0.2,0.2,0.2,pres+house+senate+statewide
2016,2010s,Wisconsin,WI,WI-03,,False,12,6,Adams County; Buffalo County; Crawford County; Dunn County; Eau Claire County; Grant County; La Crosse County; Pepin County; Pierce County; Portage County; Trempealeau County; Vernon County,Chippewa County; Jackson County; Juneau County; Monroe County; Richland County; Wood County,18,152267,167347,23917,343532,47.64,52.36,51.13,-2.62,R+2.6,18.0,-3.49,,-0.58,-2.93,0.5,0.0,0.25,0.25,pres+senate+statewide
2016,2010s,Wisconsin,WI,WI-04,,False,0,1,,Milwaukee County,1,153229,66883,13880,233992,69.61,30.39,51.13,8.36,D+8.4,100.0,18.48,,-0.58,-2.93,0.5,0.0,0.25,0.25,pres+senate+statewide
2016,2010s,Wisconsin,WI,WI-05,,False,2,3,Jefferson County; Washington County,Dodge County; Milwaukee County; Waukesha County,5,135249,192999,21902,350149,41.2,58.8,51.13,-8.04,R+8.0,65.8,-9.93,-16.83,-0.58,-2.93,0.4,0.2,0.2,0.2,pres+house+senate+statewide
2016,2010s,Wisconsin,WI,WI-06,,False,8,3,Columbia County; Fond du Lac County; Green Lake County; Manitowoc County; Marquette County; Ozaukee County; Sheboygan County; Waushara County,Dodge County; Milwaukee County; Winnebago County,11,139328,197829,24923,362080,41.32,58.68,51.13,-6.2,R+6.2,26.5,-9.81,-7.89,-0.58,-2.93,0.4,0.2,0.2,0.2,pres+house+senate+statewide
2016,2010s,Wisconsin,WI,WI-07,,False,21,5,Ashland County; Barron County; Bayfield County; Burnett County; Clark County; Douglas County; Florence County; Forest County; Iron County; Langlade County; Lincoln County; Marathon County; Oneida County; Polk County; Price County; Rusk County; St. Croix County; Sawyer County; Taylor County; Vilas County; Washburn County,Chippewa County; Jackson County; Juneau County; Monroe County; Wood County,26,146832,223554,23067,393453,39.64,60.36,51.13,-7.11,R+7.1,14.0,-11.49,-9.05,-0.58,-2.93,0.4,0.2,0.2,0.2,pres+house+senate+statewide
2016,2010s,Wisconsin,WI,WI-08,,False,10,1,Brown County; Calumet County; Door County; Kewaunee County; Marinette County; Menominee County; Oconto County; Outagamie County; Shawano County; Waupaca County,Winnebago County,11,147975,212012,23013,383000,41.11,58.89,51.13,-6.72,R+6.7,4.5,-10.03,-10.03,-0.58,-2.93,0.4,0.2,0.2,0.2,pres+house+senate+statewide
2016,2010s,West Virginia,WV,WV-01,,False,20,0,Barbour County; Brooke County; Doddridge County; Gilmer County; Grant County; Hancock County; Harrison County; Marion County; Marshall County; Mineral County; Monongalia County; Ohio County; Pleasants County; Preston County; Ritchie County; Taylor County; Tucker County; Tyler County; Wetzel County; Wood County,,20,64384,165934,16648,246966,27.95,72.05,51.13,-14.33,R+14.3,0.0,-23.18,-16.32,,5.36,0.5,0.25,0.0,0.25,pres+house+statewide
2016,2010s,West Virginia,WV,WV-02,,False,17,0,Berkeley County; Braxton County; Calhoun County; Clay County; Hampshire County; Hardy County; Jackson County; Jefferson County; Kanawha County; Lewis County; Morgan County; Pendleton County; Putnam County; Randolph County; Roane County; Upshur County; Wirt County,,17,73487,164674,15132,253293,30.86,69.14,51.13,-10.18,R+10.2,0.0,-20.28,-5.53,,5.36,0.5,0.25,0.0,0.25,pres+house+statewide
2016,2010s,West Virginia,WV,WV-03,,False,18,0,Boone County; Cabell County; Fayette County; Greenbrier County; Lincoln County; Logan County; McDowell County; Mason County; Mercer County; Mingo County; Monroe County; Nicholas County; Pocahontas County; Raleigh County; Summers County; Wayne County; Webster County; Wyoming County,,18,50923,158763,11316,221002,24.29,75.71,51.13,-17.39,R+17.4,0.0,-26.85,-21.25,,5.36,0.5,0.25,0.0,0.25,pres+house+statewide
2016,2010s,Wyoming,WY,WY-AL,,True,0,0,,,23,55973,174419,25457,255849,24.29,75.71,51.13,-21.68,R+21.7,0.0,-26.84,-14.77,,-18.27,0.5,0.25,0.0,0.25,pres+house+statewide
2020,2010s,Alaska,AK,AK-AL,,True,0,0,,,0,0,0,0,0,,,52.29,-3.93,R+3.9,,,,,-3.93,0.0,0.0,0.0,1.0,statewide
2020,2010s,Alabama,AL,AL-01,,False,5,1,Baldwin County; Escambia County; Mobile County; Monroe County; Washington County,Clarke County,6,116633,209575,4256,330464,35.75,64.25,52.29,-13.62,R+13.6,0.7,-16.53,-15.04,-9.91,-10.07,0.4,0.2,0.2,0.2,pres+house+senate+statewide
2020,2010s,Alabama,AL,AL-02,,False,14,1,Autauga County; Barbour County; Bullock County; Butler County; Coffee County; Conecuh County; Covington County; Crenshaw County; Dale County; Elmore County; Geneva County; Henry County; Houston County; Pike County,Montgomery County,15,114041,196922,3733,314696,36.67,63.33,52.29,-13.42,R+13.4,21.3,-15.61,-15.89,-9.91,-10.07,0.4,0.2,0.2,0.2,pres+house+senate+statewide
2020,2010s,Alabama,AL,AL-03,,False,11,2,Calhoun County; Chambers County; Clay County; Cleburne County; Lee County; Macon County; Randolph County; Russell County; St. Clair County; Talladega County; Tallapoosa County,Cherokee County; Montgomery County,13,114279,208066,4074,326419,35.45,64.55,52.29,-14.36,R+14.4,10.0,-16.83,-18.14,-9.91,-10.07,0.4,0.2,0.2,0.2,pres+house+senate+statewide
2020,2010s,Alabama,AL,AL-04,,False,12,3,Colbert County; Cullman County; DeKalb County; Etowah County; Fayette County; Franklin County; Lamar County; Lawrence County; Marion County; Marshall County; Walker County; Winston County,Blount County; Cherokee County; Tuscaloosa County,15,73628,270271,4094,347993,21.41,78.59,52.29,-22.93,R+22.9,17.4,-30.88,-32.92,-9.91,-10.07,0.4,0.2,0.2,0.2,pres+house+senate+statewide
2020,2010s,Alabama,AL,AL-05,,False,5,0,Jackson County; Lauderdale County; Limestone County; Madison County; Morgan County,,5,129824,228475,7400,365699,36.23,63.77,52.29,-13.02,R+13.0,0.0,-16.05,,-9.91,-10.07,0.5,0.0,0.25,0.25,pres+senate+statewide
2020,2010s,Alabama,AL,AL-06,,False,4,2,Bibb County; Chilton County; Coosa County; Shelby County,Blount County; Jefferson County,6,183666,236151,6608,426424,43.75,56.25,52.29,-9.26,R+9.3,65.0,-8.54,,-9.91,-10.07,0.5,0.0,0.25,0.25,pres+senate+statewide
2020,2010s,Alabama,AL,AL-07,,False,10,4,Choctaw County; Dallas County; Greene County; Hale County; Lowndes County; Marengo County; Perry County; Pickens County; Sumter County; Wilcox County,Clarke County; Jefferson County; Montgomery County; Tuscaloosa County,14,117554,91710,2323,211587,56.17,43.83,52.29,-3.05,R+3.0,60.9,3.89,,-9.91,-10.07,0.5,0.0,0.25,0.25,pres+senate+statewide
2020,2010s,Arkansas,AR,AR-01,,False,28,2,Arkansas County; Baxter County; Chicot County; Clay County; Cleburne County; Craighead County; Crittenden County; Cross County; Desha County; Fulton County; Greene County; Independence County; Izard County; Jackson County; Lawrence County; Lee County; Lincoln County; Lonoke County; Mississippi County; Monroe County; Phillips County; Poinsett County; Prairie County; Randolph County; St. Francis County; Sharp County; Stone County; Woodruff County,Jefferson County; Searcy County,30,79379,189855,8322,277557,29.48,70.52,52.29,-18.18,R+18.2,3.6,-22.8,,,-8.93,0.667,0.0,0.0,0.333,pres+statewide
2020,2010s,Arkansas,AR,AR-02,,False,7,0,Conway County; Faulkner County; Perry County; Pulaski County; Saline County; Van Buren County; White County,,7,147552,177053,8742,333347,45.46,54.54,52.29,-7.14,R+7.1,0.0,-6.83,-5.98,,-8.93,0.5,0.25,0.0,0.25,pres+house+statewide
2020,2010s,Arkansas,AR,AR-03,,False,6,4,Benton County; Boone County; Carroll County; Marion County; Pope County; Washington County,Crawford County; Newton County; Searcy County; Sebastian County,10,111096,194391,9246,314732,36.37,63.63,52.29,-14.57,R+14.6,12.6,-15.92,-17.52,,-8.93,0.5,0.25,0.0,0.25,pres+house+statewide
2020,2010s,Arkansas,AR,AR-04,,False,29,4,Ashley County; Bradley County; Calhoun County; Clark County; Cleveland County; Columbia County; Dallas County; Drew County; Franklin County; Garland County; Grant County; Hempstead County; Hot Spring County; Howard County; Johnson County; Lafayette County; Little River County; Logan County; Madison County; Miller County; Montgomery County; Nevada County; Ouachita County; Pike County; Polk County; Scott County; Sevier County; Union County; Yell County,Crawford County; Jefferson County; Newton County; Sebastian County,33,85905,199348,8180,293433,30.12,69.88,52.29,-18.89,R+18.9,18.6,-22.17,-22.28,,-8.93,0.5,0.25,0.0,0.25,pres+house+statewide
2020,2010s,Arizona,AZ,AZ-01,,False,5,5,Apache County; Coconino County; Graham County; Greenlee County; Navajo County,Gila County; Mohave County; Pima County; Pinal County; Yavapai County,10,172507,189864,5928,368300,47.61,52.39,52.29,-1.53,R+1.5,51.4,-4.68,0.99,1.46,-0.73,0.4,0.2,0.2,0.2,pres+house+senate+statewide
2020,2010s,Arizona,AZ,AZ-02,,False,1,1,Cochise County,Pima County,2,79239,73369,2639,155247,51.92,48.08,52.29,0.9,D+0.9,61.0,-0.36,4.5,1.46,-0.73,0.4,0.2,0.2,0.2,pres+house+senate+statewide
2020,2010s,Arizona,AZ,AZ-03,,False,1,4,Santa Cruz County,Maricopa County; Pima County; Pinal County; Yuma County,5,775561,674175,23199,1472935,53.5,46.5,52.29,3.42,D+3.4,98.7,1.21,13.96,1.46,-0.73,0.4,0.2,0.2,0.2,pres+house+senate+statewide
2020,2010s,Arizona,AZ,AZ-04,,False,1,6,La Paz County,Gila County; Maricopa County; Mohave County; Pinal County; Yavapai County; Yuma County,7,434141,522714,15042,971897,45.37,54.63,52.29,-6.69,R+6.7,99.2,-6.91,-20.38,1.46,-0.73,0.4,0.2,0.2,0.2,pres+house+senate+statewide
2020,2010s,Arizona,AZ,AZ-05,,False,0,1,,Maricopa County,1,33881,32412,1075,67368,51.11,48.89,52.29,-2.23,R+2.2,100.0,-1.18,-9.51,1.46,-0.73,0.4,0.2,0.2,0.2,pres+house+senate+statewide
2020,2010s,Arizona,AZ,AZ-06,,False,0,1,,Maricopa County,1,71997,68876,2285,143158,51.11,48.89,52.29,-0.88,R+0.9,100.0,-1.18,-2.79,1.46,-0.73,0.4,0.2,0.2,0.2,pres+house+senate+statewide
2020,2010s,Arizona,AZ,AZ-07,,False,0,1,,Maricopa County,1,23293,22283,739,46316,51.11,48.89,52.29,4.89,D+4.9,100.0,-1.18,26.08,1.46,-0.73,0.4,0.2,0.2,0.2,pres+house+senate+statewide
2020,2010s,Arizona,AZ,AZ-08,,False,0,1,,Maricopa County,1,62468,59760,1983,124211,51.11,48.89,52.29,-2.36,R+2.4,100.0,-1.18,-10.18,1.46,-0.73,0.4,0.2,0.2,0.2,pres+house+senate+statewide
2020,2010s,Arizona,AZ,AZ-09,,False,0,1,,Maricopa County,1,19058,18232,605,37895,51.11,48.89,52.29,1.88,D+1.9,100.0,-1.18,11.01,1.46,-0.73,0.4,0.2,0.2,0.2,pres+house+senate+statewide
2020,2010s,California,CA,CA-01,,False,8,3,Butte County; Lassen County; Modoc County; Plumas County; Shasta County; Sierra County; Siskiyou County; Tehama County,Glenn County; Nevada County; Placer County,11,164107,212151,9618,385876,43.62,56.38,52.29,-8.32,R+8.3,28.3,-8.67,-7.61,,,0.667,0.333,0.0,0.0,pres+house
2020,2010s,California,CA,CA-02,,False,5,2,Del Norte County; Humboldt County; Marin County; Mendocino County; Trinity County,San Francisco County; Sonoma County,7,367574,116706,12162,496442,75.9,24.1,52.29,24.11,D+24.1,42.4,23.62,25.09,,,0.667,0.333,0.0,0.0,pres+house
2020,2010s,California,CA,CA-03,,False,3,5,Colusa County; Sutter County; Yuba County,Glenn County; Lake County; Sacramento County; Solano County; Yolo County,8,335643,212277,13813,561734,61.26,38.74,52.29,7.33,D+7.3,85.7,8.97,4.06,,,0.667,0.333,0.0,0.0,pres+house
2020,2010s,California,CA,CA-04,,False,6,4,Alpine County; Amador County; Calaveras County; El Dorado County; Mariposa County; Tuolumne County,Fresno County; Madera County; Nevada County; Placer County,10,273051,306250,13558,592859,47.13,52.87,52.29,-5.61,R+5.6,65.1,-5.15,-6.54,,,0.667,0.333,0.0,0.0,pres+house
2020,2010s,California,CA,CA-05,,False,1,4,Napa County,Contra Costa County; Lake County; Solano County; Sonoma County,5,147890,58283,4904,211077,71.73,28.27,52.29,21.46,D+21.5,65.8,19.45,25.48,,,0.667,0.333,0.0,0.0,pres+house
2020,2010s,California,CA,CA-06,,False,0,2,,Sacramento County; Yolo County,2,71646,41874,2953,116474,63.11,36.89,52.29,14.79,D+14.8,100.0,10.83,22.73,,,0.667,0.333,0.0,0.0,pres+house
2020,2010s,California,CA,CA-07,,False,0,1,,Sacramento County,1,248616,146304,10280,405200,62.95,37.05,52.29,9.11,D+9.1,100.0,10.67,6.01,,,0.667,0.333,0.0,0.0,pres+house
2020,2010s,California,CA,CA-08,,False,2,1,Inyo County; Mono County,San Bernardino County,3,455380,366058,19075,840513,55.44,44.56,52.29,-0.12,R+0.1,98.1,3.15,-6.68,,,0.667,0.333,0.0,0.0,pres+house
2020,2010s,California,CA,CA-09,,False,0,3,,Contra Costa County; Sacramento County; San Joaquin County,3,232454,136682,8161,377297,62.97,37.03,52.29,9.45,D+9.5,100.0,10.69,6.98,,,0.667,0.333,0.0,0.0,pres+house
2020,2010s,California,CA,CA-10,,False,1,1,Stanislaus County,San Joaquin County,2,143064,132119,6413,281596,51.99,48.01,52.29,1.32,D+1.3,23.7,-0.3,4.55,,,0.667,0.333,0.0,0.0,pres+house
2020,2010s,California,CA,CA-11,,False,0,1,,Contra Costa County,1,279955,102786,8104,390845,73.14,26.86,52.29,21.37,D+21.4,100.0,20.86,22.38,,,0.667,0.333,0.0,0.0,pres+house
2020,2010s,California,CA,CA-12,,False,0,1,,San Francisco County,1,304416,45416,7229,357060,87.02,12.98,52.29,34.73,D+34.7,100.0,34.73,,,,1.0,0.0,0.0,0.0,pres
2020,2010s,California,CA,CA-13,,False,0,1,,Alameda County,1,79298,17500,2067,98866,81.92,18.08,52.29,33.01,D+33.0,100.0,29.64,39.75,,,0.667,0.333,0.0,0.0,pres+house
2020,2010s,California,CA,CA-14,,False,0,2,,San Francisco County; San Mateo County,2,228690,52220,5571,286482,81.41,18.59,52.29,28.97,D+29.0,100.0,29.13,28.67,,,0.667,0.333,0.0,0.0,pres+house
2020,2010s,California,CA,CA-15,,False,0,2,,Alameda County; Contra Costa County,2,495766,111609,12968,620342,81.62,18.38,52.29,26.32,D+26.3,100.0,29.34,20.29,,,0.667,0.333,0.0,0.0,pres+house
2020,2010s,California,CA,CA-16,,False,1,2,Merced County,Fresno County; Madera County,3,61746,53719,2762,118228,53.48,46.52,52.29,3.71,D+3.7,23.4,1.19,8.76,,,0.667,0.333,0.0,0.0,pres+house
2020,2010s,California,CA,CA-17,,False,0,2,,Alameda County; Santa Clara County,2,114425,32444,3172,150041,77.91,22.09,52.29,23.99,D+24.0,100.0,25.62,20.73,,,0.667,0.333,0.0,0.0,pres+house
2020,2010s,California,CA,CA-18,,False,0,3,,San Mateo County; Santa Clara County; Santa Cruz County,3,309812,88847,8673,407331,77.71,22.29,52.29,25.43,D+25.4,100.0,25.43,,,,1.0,0.0,0.0,0.0,pres
2020,2010s,California,CA,CA-19,,False,0,1,,Santa Clara County,1,446274,154985,13116,614376,74.22,25.78,52.29,21.65,D+21.6,100.0,21.94,21.07,,,0.667,0.333,0.0,0.0,pres+house
2020,2010s,California,CA,CA-20,,False,2,1,Monterey County; San Benito County,Santa Cruz County,3,177990,67831,5767,251588,72.41,27.59,52.29,22.13,D+22.1,23.4,20.12,26.16,,,0.667,0.333,0.0,0.0,pres+house
2020,2010s,California,CA,CA-21,,False,1,3,Kings County,Fresno County; Kern County; Tulare County,4,149329,149958,6738,306025,49.89,50.11,52.29,-1.96,R+2.0,85.7,-2.39,-1.09,,,0.667,0.333,0.0,0.0,pres+house
2020,2010s,California,CA,CA-22,,False,0,2,,Fresno County; Tulare County,2,24028,23716,1025,48769,50.33,49.67,52.29,-2.92,R+2.9,100.0,-1.96,-4.84,,,0.667,0.333,0.0,0.0,pres+house
2020,2010s,California,CA,CA-23,,False,0,3,,Kern County; Los Angeles County; Tulare County,3,294989,236799,12321,544109,55.47,44.53,52.29,-2.13,R+2.1,100.0,3.19,-12.76,,,0.667,0.333,0.0,0.0,pres+house
2020,2010s,California,CA,CA-24,,False,2,1,San Luis Obispo County; Santa Barbara County,Ventura County,3,333660,207625,12845,554130,61.64,38.36,52.29,8.92,D+8.9,35.0,9.36,8.05,,,0.667,0.333,0.0,0.0,pres+house
2020,2010s,California,CA,CA-25,,False,0,2,,Los Angeles County; Ventura County,2,1229737,467036,36571,1733344,72.48,27.52,52.29,13.24,D+13.2,100.0,20.19,-0.66,,,0.667,0.333,0.0,0.0,pres+house
2020,2010s,California,CA,CA-26,,False,0,1,,Ventura County,1,127705,82401,4689,214795,60.78,39.22,52.29,8.99,D+9.0,100.0,8.5,9.98,,,0.667,0.333,0.0,0.0,pres+house
2020,2010s,California,CA,CA-27,,False,0,1,,Los Angeles County,1,511370,193401,15186,719958,72.56,27.44,52.29,19.91,D+19.9,100.0,20.27,19.18,,,0.667,0.333,0.0,0.0,pres+house
2020,2010s,California,CA,CA-28,,False,0,1,,Los Angeles County,1,163396,61797,4852,230046,72.56,27.44,52.29,20.86,D+20.9,100.0,20.27,22.04,,,0.667,0.333,0.0,0.0,pres+house
2020,2010s,California,CA,CA-29,,False,0,1,,Los Angeles County,1,69595,26321,2067,97982,72.56,27.44,52.29,20.27,D+20.3,100.0,20.27,,,,1.0,0.0,0.0,0.0,pres
2020,2010s,California,CA,CA-30,,False,0,2,,Los Angeles County; Ventura County,2,97833,37269,2912,138015,72.41,27.59,52.29,19.71,D+19.7,100.0,20.13,18.88,,,0.667,0.333,0.0,0.0,pres+house
2020,2010s,California,CA,CA-31,,False,0,1,,San Bernardino County,1,5019,4033,209,9262,55.45,44.55,52.29,5.67,D+5.7,100.0,3.16,10.67,,,0.667,0.333,0.0,0.0,pres+house
2020,2010s,California,CA,CA-32,,False,0,1,,Los Angeles County,1,93802,35476,2786,132063,72.56,27.44,52.29,18.84,D+18.8,100.0,20.27,15.98,,,0.667,0.333,0.0,0.0,pres+house
2020,2010s,California,CA,CA-33,,False,0,1,,Los Angeles County,1,214836,81251,6380,302467,72.56,27.44,52.29,19.17,D+19.2,100.0,20.27,16.98,,,0.667,0.333,0.0,0.0,pres+house
2020,2010s,California,CA,CA-34,,False,0,1,,Los Angeles County,1,36310,13733,1078,51121,72.56,27.44,52.29,20.27,D+20.3,100.0,20.27,,,,1.0,0.0,0.0,0.0,pres
2020,2010s,California,CA,CA-35,,False,0,2,,Los Angeles County; San Bernardino County,2,21349,9433,672,31454,69.36,30.64,52.29,17.62,D+17.6,100.0,17.07,18.71,,,0.667,0.333,0.0,0.0,pres+house
2020,2010s,California,CA,CA-36,,False,0,1,,Riverside County,1,435854,370521,16228,822604,54.05,45.95,52.29,4.42,D+4.4,100.0,1.77,9.72,,,0.667,0.333,0.0,0.0,pres+house
2020,2010s,California,CA,CA-37,,False,0,1,,Los Angeles County,1,42362,16021,1258,59641,72.56,27.44,52.29,25.29,D+25.3,100.0,20.27,35.32,,,0.667,0.333,0.0,0.0,pres+house
2020,2010s,California,CA,CA-38,,False,0,1,,Los Angeles County,1,75646,28610,2247,106503,72.56,27.44,52.29,20.27,D+20.3,100.0,20.27,,,,1.0,0.0,0.0,0.0,pres
2020,2010s,California,CA,CA-39,,False,0,3,,Orange County; Los Angeles County; San Bernardino County,3,148118,101146,5312,254575,59.42,40.58,52.29,4.35,D+4.4,100.0,7.14,-1.21,,,0.667,0.333,0.0,0.0,pres+house
2020,2010s,California,CA,CA-40,,False,0,1,,Los Angeles County,1,42362,16021,1258,59641,72.56,27.44,52.29,20.88,D+20.9,100.0,20.27,22.1,,,0.667,0.333,0.0,0.0,pres+house
2020,2010s,California,CA,CA-41,,False,0,1,,Riverside County,1,23387,19882,871,44140,54.05,45.95,52.29,5.65,D+5.6,100.0,1.77,13.41,,,0.667,0.333,0.0,0.0,pres+house
2020,2010s,California,CA,CA-42,,False,0,1,,Riverside County,1,69099,58741,2573,130413,54.05,45.95,52.29,-1.4,R+1.4,100.0,1.77,-7.73,,,0.667,0.333,0.0,0.0,pres+house
2020,2010s,California,CA,CA-43,,False,0,1,,Los Angeles County,1,54465,20599,1617,76682,72.56,27.44,52.29,20.54,D+20.5,100.0,20.27,21.08,,,0.667,0.333,0.0,0.0,pres+house
2020,2010s,California,CA,CA-44,,False,0,1,,Los Angeles County,1,60517,22888,1797,85202,72.56,27.44,52.29,20.27,D+20.3,100.0,20.27,,,,1.0,0.0,0.0,0.0,pres
2020,2010s,California,CA,CA-45,,False,0,1,,Orange County,1,340463,282949,13219,636631,54.61,45.39,52.29,2.5,D+2.5,100.0,2.33,2.85,,,0.667,0.333,0.0,0.0,pres+house
2020,2010s,California,CA,CA-46,,False,0,1,,Orange County,1,74298,61747,2885,138929,54.61,45.39,52.29,7.61,D+7.6,100.0,2.33,18.17,,,0.667,0.333,0.0,0.0,pres+house
2020,2010s,California,CA,CA-47,,False,0,2,,Los Angeles County; Orange County,2,169878,80887,5380,256146,67.74,32.26,52.29,14.52,D+14.5,100.0,15.46,12.66,,,0.667,0.333,0.0,0.0,pres+house
2020,2010s,California,CA,CA-48,,False,0,1,,Orange County,1,151045,125529,5865,282438,54.61,45.39,52.29,0.99,D+1.0,100.0,2.33,-1.68,,,0.667,0.333,0.0,0.0,pres+house
2020,2010s,California,CA,CA-49,,False,0,2,,Orange County; San Diego County,2,213960,156648,8302,378909,57.73,42.27,52.29,4.47,D+4.5,100.0,5.45,2.51,,,0.667,0.333,0.0,0.0,pres+house
2020,2010s,California,CA,CA-50,,False,0,1,,San Diego County,1,628952,391261,24384,1044597,61.65,38.35,52.29,4.72,D+4.7,100.0,9.36,-4.57,,,0.667,0.333,0.0,0.0,pres+house
2020,2010s,California,CA,CA-51,,False,1,1,Imperial County,San Diego County,2,175517,108461,6678,290656,61.81,38.19,52.29,12.24,D+12.2,80.5,9.52,17.68,,,0.667,0.333,0.0,0.0,pres+house
2020,2010s,California,CA,CA-52,,False,0,1,,San Diego County,1,61738,38406,2394,102537,61.65,38.35,52.29,9.9,D+9.9,100.0,9.36,10.96,,,0.667,0.333,0.0,0.0,pres+house
2020,2010s,California,CA,CA-53,,False,0,1,,San Diego County,1,31833,19803,1234,52871,61.65,38.35,52.29,9.36,D+9.4,100.0,9.36,,,,1.0,0.0,0.0,0.0,pres
2020,2010s,Colorado,CO,CO-01,,False,0,3,,Arapahoe County; Denver County; Jefferson County,3,323703,78335,9399,411437,80.52,19.48,52.29,18.78,D+18.8,100.0,28.23,25.17,5.06,7.19,0.4,0.2,0.2,0.2,pres+house+senate+statewide
2020,2010s,Colorado,CO,CO-02,,False,5,5,Clear Creek County; Gilpin County; Grand County; Larimer County; Summit County,Boulder County; Broomfield County; Eagle County; Jefferson County; Park County,10,487872,271789,21077,780739,64.22,35.78,52.29,9.79,D+9.8,66.3,11.94,12.84,5.06,7.19,0.4,0.2,0.2,0.2,pres+house+senate+statewide
2020,2010s,Colorado,CO,CO-03,,False,28,1,Alamosa County; Archuleta County; Conejos County; Costilla County; Custer County; Delta County; Dolores County; Garfield County; Gunnison County; Hinsdale County; Huerfano County; Jackson County; Lake County; La Plata County; Mesa County; Mineral County; Moffat County; Montezuma County; Montrose County; Ouray County; Pitkin County; Pueblo County; Rio Blanco County; Rio Grande County; Routt County; Saguache County; San Juan County; San Miguel County,Eagle County,29,200379,224010,10320,434709,47.22,52.78,52.29,-0.34,R+0.3,4.6,-5.07,-3.81,5.06,7.19,0.4,0.2,0.2,0.2,pres+house+senate+statewide
2020,2010s,Colorado,CO,CO-04,,False,18,5,Baca County; Bent County; Cheyenne County; Crowley County; Elbert County; Kiowa County; Kit Carson County; Las Animas County; Lincoln County; Logan County; Morgan County; Otero County; Phillips County; Prowers County; Sedgwick County; Washington County; Weld County; Yuma County,Adams County; Arapahoe County; Boulder County; Broomfield County; Douglas County,23,451124,441324,23930,916378,50.55,49.45,52.29,-0.8,R+0.8,71.6,-1.74,-12.76,5.06,7.19,0.4,0.2,0.2,0.2,pres+house+senate+statewide
2020,2010s,Colorado,CO,CO-05,,False,4,1,Chaffee County; El Paso County; Fremont County; Teller County,Park County,5,186293,244289,15877,446459,43.27,56.73,52.29,-3.41,R+3.4,2.6,-9.02,-11.26,5.06,7.19,0.4,0.2,0.2,0.2,pres+house+senate+statewide
2020,2010s,Colorado,CO,CO-06,,False,0,3,,Adams County; Arapahoe County; Douglas County,3,81839,54643,3836,140318,59.96,40.04,52.29,7.16,D+7.2,100.0,7.68,8.21,5.06,7.19,0.4,0.2,0.2,0.2,pres+house+senate+statewide
2020,2010s,Colorado,CO,CO-07,,False,0,3,,Adams County; Broomfield County; Jefferson County,3,73141,50217,3581,126940,59.29,40.71,52.29,7.36,D+7.4,100.0,7.01,10.51,5.06,7.19,0.4,0.2,0.2,0.2,pres+house+senate+statewide
2020,2010s,Connecticut,CT,CT-01,,False,0,3,,Hartford County; Litchfield County; Middlesex County,3,194999,115548,4914,315461,62.79,37.21,52.29,10.54,D+10.5,100.0,10.51,13.97,,7.17,0.5,0.25,0.0,0.25,pres+house+statewide
2020,2010s,Connecticut,CT,CT-02,,False,3,3,New London County; Tolland County; Windham County,Hartford County; Middlesex County; New Haven County,6,245427,182531,8503,436461,57.35,42.65,52.29,6.88,D+6.9,36.4,5.06,10.23,,7.17,0.5,0.25,0.0,0.25,pres+house+statewide
2020,2010s,Connecticut,CT,CT-03,,False,0,3,,Fairfield County; Middlesex County; New Haven County,3,172372,119689,3953,296014,59.02,40.98,52.29,7.41,D+7.4,100.0,6.73,9.02,,7.17,0.5,0.25,0.0,0.25,pres+house+statewide
2020,2010s,Connecticut,CT,CT-04,,False,0,2,,Fairfield County; New Haven County,2,214539,123632,4659,342831,63.44,36.56,52.29,10.5,D+10.5,100.0,11.16,12.53,,7.17,0.5,0.25,0.0,0.25,pres+house+statewide
2020,2010s,Connecticut,CT,CT-05,,False,0,4,,Fairfield County; Hartford County; Litchfield County; New Haven County,4,253494,173911,6285,433690,59.31,40.69,52.29,6.62,D+6.6,100.0,7.02,5.25,,7.17,0.5,0.25,0.0,0.25,pres+house+statewide
2020,2010s,District of Columbia,DC,DC-AL,,True,0,0,,,8,317323,18586,8447,344356,94.47,5.53,52.29,42.18,D+42.2,0.0,42.18,,,,1.0,0.0,0.0,0.0,pres
2020,2010s,Delaware,DE,DE-AL,,True,0,0,,,3,296268,200603,7139,504010,59.63,40.37,52.29,9.22,D+9.2,0.0,7.34,8.28,11.35,11.79,0.4,0.2,0.2,0.2,pres+house+senate+statewide
2020,2010s,Florida,FL,FL-01,,False,4,1,Escambia County; Okaloosa County; Santa Rosa County; Walton County,Holmes County,5,143861,293220,7504,444584,32.91,67.09,52.29,-14.48,R+14.5,1.6,-19.37,-16.13,,-3.06,0.5,0.25,0.0,0.25,pres+house+statewide
2020,2010s,Florida,FL,FL-02,,False,12,2,Bay County; Calhoun County; Franklin County; Gadsden County; Gulf County; Jackson County; Jefferson County; Leon County; Liberty County; Taylor County; Wakulla County; Washington County,Holmes County; Madison County,14,173907,204682,4428,383017,45.94,54.06,52.29,-5.25,R+5.3,1.6,-6.35,,,-3.06,0.667,0.0,0.0,0.333,pres+statewide
2020,2010s,Florida,FL,FL-03,,False,9,4,Bradford County; Columbia County; Dixie County; Gilchrist County; Hamilton County; Lafayette County; Levy County; Suwannee County; Union County,Alachua County; Clay County; Madison County; Marion County,13,152964,244616,4416,401997,38.47,61.53,52.29,-9.61,R+9.6,69.0,-13.81,-7.76,,-3.06,0.5,0.25,0.0,0.25,pres+house+statewide
2020,2010s,Florida,FL,FL-04,,False,2,1,Baker County; Nassau County,Duval County,3,231263,252240,6316,489819,47.83,52.17,52.29,-5.92,R+5.9,85.1,-4.45,-11.71,,-3.06,0.5,0.25,0.0,0.25,pres+house+statewide
2020,2010s,Florida,FL,FL-05,,False,0,8,,Alachua County; Clay County; Duval County; Lake County; Marion County; Orange County; Putnam County; Seminole County,8,193840,181991,4229,380061,51.58,48.42,52.29,2.51,D+2.5,100.0,-0.71,14.51,,-3.06,0.5,0.25,0.0,0.25,pres+house+statewide
2020,2010s,Florida,FL,FL-06,,False,2,2,Flagler County; St. Johns County,Putnam County; Volusia County,4,209266,317968,5130,532364,39.69,60.31,52.29,-9.87,R+9.9,53.4,-12.59,-11.24,,-3.06,0.5,0.25,0.0,0.25,pres+house+statewide
2020,2010s,Florida,FL,FL-07,,False,0,3,,Orange County; Seminole County; Volusia County,3,169008,158321,3739,331068,51.63,48.37,52.29,0.29,D+0.3,100.0,-0.65,5.52,,-3.06,0.5,0.25,0.0,0.25,pres+house+statewide
2020,2010s,Florida,FL,FL-08,,False,2,1,Brevard County; Indian River County,Orange County,3,280312,325101,6762,612176,46.3,53.7,52.29,-6.75,R+6.7,25.1,-5.98,-11.97,,-3.06,0.5,0.25,0.0,0.25,pres+house+statewide
2020,2010s,Florida,FL,FL-09,,False,1,2,Osceola County,Orange County; Polk County,3,206476,149456,3673,359606,58.01,41.99,52.29,3.45,D+3.5,52.0,5.72,5.42,,-3.06,0.5,0.25,0.0,0.25,pres+house+statewide
2020,2010s,Florida,FL,FL-10,,False,0,3,,Lake County; Orange County; Polk County,3,180633,181737,3707,366078,49.85,50.15,52.29,1.27,D+1.3,100.0,-2.44,13.01,,-3.06,0.5,0.25,0.0,0.25,pres+house+statewide
2020,2010s,Florida,FL,FL-11,,False,3,2,Citrus County; Hernando County; Sumter County,Lake County; Marion County,5,138819,274518,3154,416491,33.58,66.42,52.29,-14.45,R+14.5,29.3,-18.7,-17.34,,-3.06,0.5,0.25,0.0,0.25,pres+house+statewide
2020,2010s,Florida,FL,FL-12,,False,1,2,Pasco County,Hillsborough County; Pinellas County,3,218050,274609,5443,498102,44.26,55.74,52.29,-8.15,R+8.2,39.4,-8.03,-13.5,,-3.06,0.5,0.25,0.0,0.25,pres+house+statewide
2020,2010s,Florida,FL,FL-13,,False,0,1,,Pinellas County,1,185892,185060,4058,375009,50.11,49.89,52.29,-1.25,R+1.2,100.0,-2.17,2.42,,-3.06,0.5,0.25,0.0,0.25,pres+house+statewide
2020,2010s,Florida,FL,FL-14,,False,0,2,,Hillsborough County; Pinellas County,2,110760,98964,2437,212162,52.81,47.19,52.29,1.91,D+1.9,100.0,0.53,9.64,,-3.06,0.5,0.25,0.0,0.25,pres+house+statewide
2020,2010s,Florida,FL,FL-15,,False,0,2,,Hillsborough County; Polk County,2,180925,172777,4084,357785,51.15,48.85,52.29,-2.83,R+2.8,100.0,-1.13,-6.0,,-3.06,0.5,0.25,0.0,0.25,pres+house+statewide
2020,2010s,Florida,FL,FL-16,,False,1,1,Sarasota County,Manatee County,2,159422,202864,2882,365169,44.0,56.0,52.29,-6.44,R+6.4,25.9,-8.28,-6.12,,-3.06,0.5,0.25,0.0,0.25,pres+house+statewide
2020,2010s,Florida,FL,FL-17,,False,6,4,Charlotte County; DeSoto County; Glades County; Hardee County; Highlands County; Okeechobee County,Hillsborough County; Lee County; Manatee County; Polk County,10,342713,456758,7439,806910,42.87,57.13,52.29,-9.5,R+9.5,73.9,-9.42,-16.1,,-3.06,0.5,0.25,0.0,0.25,pres+house+statewide
2020,2010s,Florida,FL,FL-18,,False,2,1,Martin County; St. Lucie County,Palm Beach County,3,199507,208582,2748,410837,48.89,51.11,52.29,-4.51,R+4.5,34.1,-3.4,-8.19,,-3.06,0.5,0.25,0.0,0.25,pres+house+statewide
2020,2010s,Florida,FL,FL-19,,False,0,2,,Collier County; Lee County,2,129105,192020,2405,323529,40.2,59.8,52.29,-9.78,R+9.8,100.0,-12.08,-11.9,,-3.06,0.5,0.25,0.0,0.25,pres+house+statewide
2020,2010s,Florida,FL,FL-20,,False,0,3,,Broward County; Hendry County; Palm Beach County,3,568176,377976,5785,951937,60.05,39.95,52.29,10.13,D+10.1,100.0,7.77,28.06,,-3.06,0.5,0.25,0.0,0.25,pres+house+statewide
2020,2010s,Florida,FL,FL-21,,False,0,2,,Broward County; Palm Beach County,2,73608,48458,744,122810,60.3,39.7,52.29,5.63,D+5.6,100.0,8.02,9.54,,-3.06,0.5,0.25,0.0,0.25,pres+house+statewide
2020,2010s,Florida,FL,FL-22,,False,0,2,,Broward County; Palm Beach County,2,55091,34740,541,90372,61.33,38.67,52.29,5.75,D+5.8,100.0,9.04,7.98,,-3.06,0.5,0.25,0.0,0.25,pres+house+statewide
2020,2010s,Florida,FL,FL-23,,False,0,2,,Broward County; Miami-Dade County,2,84767,47277,760,132803,64.2,35.8,52.29,7.09,D+7.1,100.0,11.91,7.59,,-3.06,0.5,0.25,0.0,0.25,pres+house+statewide
2020,2010s,Florida,FL,FL-24,,False,0,2,,Broward County; Miami-Dade County,2,39589,29936,379,69904,56.94,43.06,52.29,8.59,D+8.6,100.0,4.66,28.12,,-3.06,0.5,0.25,0.0,0.25,pres+house+statewide
2020,2010s,Florida,FL,FL-25,,False,0,4,,Broward County; Collier County; Hendry County; Miami-Dade County,4,418601,359546,4427,782574,53.79,46.21,52.29,-0.01,EVEN,100.0,1.51,,,-3.06,0.667,0.0,0.0,0.333,pres+statewide
2020,2010s,Florida,FL,FL-26,,False,1,1,Monroe County,Miami-Dade County,2,381219,335579,4014,720812,53.18,46.82,52.29,-0.9,R+0.9,93.3,0.9,-2.34,,-3.06,0.5,0.25,0.0,0.25,pres+house+statewide
2020,2010s,Florida,FL,FL-27,,False,0,1,,Miami-Dade County,1,69270,59737,686,129693,53.69,46.31,52.29,-0.56,R+0.6,100.0,1.41,-2.0,,-3.06,0.5,0.25,0.0,0.25,pres+house+statewide
2020,2010s,Georgia,GA,GA-01,,False,15,2,Bacon County; Brantley County; Bryan County; Camden County; Charlton County; Chatham County; Clinch County; Echols County; Glynn County; Liberty County; Long County; McIntosh County; Pierce County; Ware County; Wayne County,Effingham County; Lowndes County,17,143551,180979,4531,329061,44.23,55.77,52.29,-7.48,R+7.5,5.3,-8.05,-8.96,,-4.85,0.5,0.25,0.0,0.25,pres+house+statewide
2020,2010s,Georgia,GA,GA-02,,False,27,2,Baker County; Calhoun County; Chattahoochee County; Clay County; Crawford County; Crisp County; Decatur County; Dooly County; Dougherty County; Early County; Grady County; Lee County; Macon County; Marion County; Miller County; Mitchell County; Peach County; Quitman County; Randolph County; Schley County; Seminole County; Stewart County; Sumter County; Talbot County; Taylor County; Terrell County; Webster County,Bibb County; Muscogee County,29,156439,135997,2732,295167,53.5,46.5,52.29,1.52,D+1.5,40.8,1.21,8.5,,-4.85,0.5,0.25,0.0,0.25,pres+house+statewide
2020,2010s,Georgia,GA,GA-03,,False,10,3,Carroll County; Coweta County; Harris County; Heard County; Lamar County; Meriwether County; Pike County; Spalding County; Troup County; Upson County,Fayette County; Henry County; Muscogee County,13,143666,226825,4601,375093,38.78,61.22,52.29,-11.88,R+11.9,30.5,-13.51,-15.66,,-4.85,0.5,0.25,0.0,0.25,pres+house+statewide
2020,2010s,Georgia,GA,GA-04,,False,1,3,Rockdale County,DeKalb County; Gwinnett County; Newton County,4,273224,89700,4414,367338,75.28,24.72,52.29,17.66,D+17.7,87.8,23.0,29.48,,-4.85,0.5,0.25,0.0,0.25,pres+house+statewide
2020,2010s,Georgia,GA,GA-05,,False,0,3,,Clayton County; DeKalb County; Fulton County,3,210800,57875,3202,271877,78.46,21.54,52.29,20.51,D+20.5,100.0,26.17,34.53,,-4.85,0.5,0.25,0.0,0.25,pres+house+statewide
2020,2010s,Georgia,GA,GA-06,,False,0,3,,Cobb County; DeKalb County; Fulton County,3,233014,93787,4485,331286,71.3,28.7,52.29,9.29,D+9.3,100.0,19.02,3.97,,-4.85,0.5,0.25,0.0,0.25,pres+house+statewide
2020,2010s,Georgia,GA,GA-07,,False,0,2,,Forsyth County; Gwinnett County,2,177478,148878,4850,331205,54.38,45.62,52.29,0.03,EVEN,100.0,2.1,0.78,,-4.85,0.5,0.25,0.0,0.25,pres+house+statewide
2020,2010s,Georgia,GA,GA-08,,False,22,2,Atkinson County; Ben Hill County; Berrien County; Bleckley County; Brooks County; Colquitt County; Cook County; Dodge County; Houston County; Irwin County; Jones County; Lanier County; Monroe County; Pulaski County; Telfair County; Thomas County; Tift County; Turner County; Twiggs County; Wilcox County; Wilkinson County; Worth County,Bibb County; Lowndes County,24,110672,184437,3178,298286,37.5,62.5,52.29,-12.39,R+12.4,17.3,-14.78,-15.12,,-4.85,0.5,0.25,0.0,0.25,pres+house+statewide
2020,2010s,Georgia,GA,GA-09,,False,17,3,Banks County; Dawson County; Elbert County; Fannin County; Franklin County; Gilmer County; Habersham County; Hall County; Hart County; Jackson County; Lumpkin County; Madison County; Rabun County; Stephens County; Towns County; Union County; White County,Clarke County; Forsyth County; Pickens County,20,104593,308892,5533,419018,25.3,74.7,52.29,-22.01,R+22.0,21.7,-26.99,-29.2,,-4.85,0.5,0.25,0.0,0.25,pres+house+statewide
2020,2010s,Georgia,GA,GA-10,,False,20,5,Baldwin County; Barrow County; Butts County; Glascock County; Greene County; Hancock County; Jasper County; Jefferson County; Johnson County; Lincoln County; McDuffie County; Morgan County; Oconee County; Oglethorpe County; Putnam County; Taliaferro County; Walton County; Warren County; Washington County; Wilkes County,Clarke County; Columbia County; Gwinnett County; Henry County; Newton County,25,203043,254164,6047,463253,44.41,55.59,52.29,-8.38,R+8.4,47.0,-7.88,-12.93,,-4.85,0.5,0.25,0.0,0.25,pres+house+statewide
2020,2010s,Georgia,GA,GA-11,,False,2,2,Bartow County; Cherokee County,Cobb County; Fulton County,4,181857,224918,6831,413607,44.71,55.29,52.29,-7.76,R+7.8,52.8,-7.58,-11.04,,-4.85,0.5,0.25,0.0,0.25,pres+house+statewide
2020,2010s,Georgia,GA,GA-12,,False,17,2,Appling County; Bulloch County; Burke County; Candler County; Coffee County; Emanuel County; Evans County; Jeff Davis County; Jenkins County; Laurens County; Montgomery County; Richmond County; Screven County; Tattnall County; Toombs County; Treutlen County; Wheeler County,Columbia County; Effingham County,19,126752,165115,3534,295402,43.43,56.57,52.29,-7.9,R+7.9,19.9,-8.86,-9.02,,-4.85,0.5,0.25,0.0,0.25,pres+house+statewide
2020,2010s,Georgia,GA,GA-13,,False,1,5,Douglas County,Clayton County; Cobb County; Fayette County; Fulton County; Henry County,6,326823,153089,6321,486233,68.1,31.9,52.29,13.39,D+13.4,85.8,15.82,26.78,,-4.85,0.5,0.25,0.0,0.25,pres+house+statewide
2020,2010s,Georgia,GA,GA-14,,False,11,1,Catoosa County; Chattooga County; Dade County; Floyd County; Gordon County; Haralson County; Murray County; Paulding County; Polk County; Walker County; Whitfield County,Pickens County,12,81722,237197,4214,323133,25.62,74.38,52.29,-20.87,R+20.9,2.8,-26.66,-25.33,,-4.85,0.5,0.25,0.0,0.25,pres+house+statewide
2020,2010s,Hawaii,HI,HI-01,,False,0,1,,Honolulu County,1,81454,46464,2382,130301,63.68,36.32,52.29,15.11,D+15.1,100.0,11.39,21.41,,16.23,0.5,0.25,0.0,0.25,pres+house+statewide
2020,2010s,Hawaii,HI,HI-02,,False,4,1,Hawaii County; Kalawao County; Kauai County; Maui County,Honolulu County,5,284676,150400,9093,444168,65.43,34.57,52.29,14.76,D+14.8,56.7,13.15,16.5,,16.23,0.5,0.25,0.0,0.25,pres+house+statewide
2020,2010s,Iowa,IA,IA-01,,False,20,0,Allamakee County; Benton County; Black Hawk County; Bremer County; Buchanan County; Clayton County; Delaware County; Dubuque County; Fayette County; Howard County; Iowa County; Jackson County; Jones County; Linn County; Marshall County; Mitchell County; Poweshiek County; Tama County; Winneshiek County; Worth County,,20,199259,213601,8736,421596,48.26,51.74,52.29,-3.87,R+3.9,0.0,-4.02,-1.91,-3.11,-6.3,0.4,0.2,0.2,0.2,pres+house+senate+statewide
2020,2010s,Iowa,IA,IA-02,,False,24,0,Appanoose County; Cedar County; Clarke County; Clinton County; Davis County; Decatur County; Des Moines County; Henry County; Jasper County; Jefferson County; Johnson County; Keokuk County; Lee County; Louisa County; Lucas County; Mahaska County; Marion County; Monroe County; Muscatine County; Scott County; Van Buren County; Wapello County; Washington County; Wayne County,,24,193437,209858,8410,411705,47.96,52.04,52.29,-3.73,R+3.7,0.0,-4.32,-0.62,-3.11,-6.3,0.4,0.2,0.2,0.2,pres+house+senate+statewide
2020,2010s,Iowa,IA,IA-03,,False,16,0,Adair County; Adams County; Cass County; Dallas County; Fremont County; Guthrie County; Madison County; Mills County; Montgomery County; Page County; Polk County; Pottawattamie County; Ringgold County; Taylor County; Union County; Warren County,,16,224159,224726,9611,458496,49.94,50.06,52.29,-2.8,R+2.8,0.0,-2.35,0.1,-3.11,-6.3,0.4,0.2,0.2,0.2,pres+house+senate+statewide
2020,2010s,Iowa,IA,IA-04,,False,39,0,Audubon County; Boone County; Buena Vista County; Butler County; Calhoun County; Carroll County; Cerro Gordo County; Cherokee County; Chickasaw County; Clay County; Crawford County; Dickinson County; Emmet County; Floyd County; Franklin County; Greene County; Grundy County; Hamilton County; Hancock County; Hardin County; Harrison County; Humboldt County; Ida County; Kossuth County; Lyon County; Monona County; O'Brien County; Osceola County; Palo Alto County; Plymouth County; Pocahontas County; Sac County; Shelby County; Sioux County; Story County; Webster County; Winnebago County; Woodbury County; Wright County,,39,142206,249487,7381,399074,36.31,63.69,52.29,-10.82,R+10.8,0.0,-15.98,-12.73,-3.11,-6.3,0.4,0.2,0.2,0.2,pres+house+senate+statewide
2020,2010s,Idaho,ID,ID-01,,False,18,1,Adams County; Benewah County; Boise County; Bonner County; Boundary County; Canyon County; Clearwater County; Gem County; Idaho County; Kootenai County; Latah County; Lewis County; Nez Perce County; Owyhee County; Payette County; Shoshone County; Valley County; Washington County,Ada County,19,184697,325856,17320,527873,36.18,63.82,52.29,-15.77,R+15.8,37.8,-16.11,-20.9,-15.03,-10.7,0.4,0.2,0.2,0.2,pres+house+senate+statewide
2020,2010s,Idaho,ID,ID-02,,False,25,1,Bannock County; Bear Lake County; Bingham County; Blaine County; Bonneville County; Butte County; Camas County; Caribou County; Cassia County; Clark County; Custer County; Elmore County; Franklin County; Fremont County; Gooding County; Jefferson County; Jerome County; Lemhi County; Lincoln County; Madison County; Minidoka County; Oneida County; Power County; Teton County; Twin Falls County,Ada County,26,102324,228263,11891,342478,30.95,69.05,52.29,-17.18,R+17.2,18.1,-21.33,-17.51,-15.03,-10.7,0.4,0.2,0.2,0.2,pres+house+senate+statewide
2020,2010s,Illinois,IL,IL-01,,False,0,2,,Cook County; Will County,2,226628,90325,5912,322864,71.5,28.5,52.29,14.28,D+14.3,100.0,19.22,23.22,8.85,0.91,0.4,0.2,0.2,0.2,pres+house+senate+statewide
2020,2010s,Illinois,IL,IL-02,,False,1,2,Kankakee County,Cook County; Will County,3,386104,173255,10748,570107,69.03,30.97,52.29,14.29,D+14.3,91.2,16.74,28.2,8.85,0.91,0.4,0.2,0.2,0.2,pres+house+senate+statewide
2020,2010s,Illinois,IL,IL-03,,False,0,2,,Cook County; Will County,2,310115,108531,7641,426287,74.08,25.92,52.29,11.82,D+11.8,100.0,21.79,5.76,8.85,0.91,0.4,0.2,0.2,0.2,pres+house+senate+statewide
2020,2010s,Illinois,IL,IL-04,,False,0,1,,Cook County,1,95214,30797,2271,128282,75.56,24.44,52.29,17.94,D+17.9,100.0,23.27,33.38,8.85,0.91,0.4,0.2,0.2,0.2,pres+house+senate+statewide
2020,2010s,Illinois,IL,IL-05,,False,0,2,,Cook County; DuPage County,2,154536,56472,4079,215087,73.24,26.76,52.29,14.75,D+14.7,100.0,20.95,22.07,8.85,0.91,0.4,0.2,0.2,0.2,pres+house+senate+statewide
2020,2010s,Illinois,IL,IL-06,,False,0,5,,Cook County; DuPage County; Kane County; Lake County; McHenry County,5,277086,153466,10108,440659,64.36,35.64,52.29,7.41,D+7.4,100.0,12.07,3.14,8.85,0.91,0.4,0.2,0.2,0.2,pres+house+senate+statewide
2020,2010s,Illinois,IL,IL-07,,False,0,1,,Cook County,1,112526,36397,2684,151606,75.56,24.44,52.29,18.29,D+18.3,100.0,23.27,35.15,8.85,0.91,0.4,0.2,0.2,0.2,pres+house+senate+statewide
2020,2010s,Illinois,IL,IL-08,,False,0,3,,Cook County; DuPage County; Kane County,3,265071,112688,7886,385645,70.17,29.83,52.29,11.38,D+11.4,100.0,17.88,,8.85,0.91,0.5,0.0,0.25,0.25,pres+senate+statewide
2020,2010s,Illinois,IL,IL-09,,False,0,1,,Cook County,1,190428,61594,4542,256564,75.56,24.44,52.29,15.34,D+15.3,100.0,23.27,20.37,8.85,0.91,0.4,0.2,0.2,0.2,pres+house+senate+statewide
2020,2010s,Illinois,IL,IL-10,,False,0,2,,Cook County; Lake County,2,203666,97959,6630,308256,67.52,32.48,52.29,10.7,D+10.7,100.0,15.24,13.28,8.85,0.91,0.4,0.2,0.2,0.2,pres+house+senate+statewide
2020,2010s,Illinois,IL,IL-11,,False,0,4,,DuPage County; Kane County; Kendall County; Will County,4,105998,79118,4580,189696,57.26,42.74,52.29,6.48,D+6.5,100.0,4.98,12.68,8.85,0.91,0.4,0.2,0.2,0.2,pres+house+senate+statewide
2020,2010s,Illinois,IL,IL-12,,False,11,1,Alexander County; Franklin County; Jackson County; Jefferson County; Monroe County; Perry County; Pulaski County; Randolph County; St. Clair County; Union County; Williamson County,Madison County,12,126626,172211,7698,306535,42.37,57.63,52.29,-4.22,R+4.2,7.9,-9.91,-11.05,8.85,0.91,0.4,0.2,0.2,0.2,pres+house+senate+statewide
2020,2010s,Illinois,IL,IL-13,,False,9,5,Calhoun County; Christian County; De Witt County; Greene County; Jersey County; Macon County; Macoupin County; Montgomery County; Piatt County,Bond County; Champaign County; McLean County; Madison County; Sangamon County,14,95341,145289,6290,246919,39.62,60.38,52.29,-4.13,R+4.1,42.3,-12.66,-5.08,8.85,0.91,0.4,0.2,0.2,0.2,pres+house+senate+statewide
2020,2010s,Illinois,IL,IL-14,,False,0,7,,DeKalb County; DuPage County; Kane County; Kendall County; Lake County; McHenry County; Will County,7,296417,239395,12992,548805,55.32,44.68,52.29,3.18,D+3.2,100.0,3.04,0.05,8.85,0.91,0.4,0.2,0.2,0.2,pres+house+senate+statewide
2020,2010s,Illinois,IL,IL-15,,False,29,4,Clark County; Clay County; Clinton County; Coles County; Crawford County; Cumberland County; Douglas County; Edgar County; Edwards County; Effingham County; Fayette County; Gallatin County; Hamilton County; Hardin County; Jasper County; Johnson County; Lawrence County; Marion County; Massac County; Moultrie County; Pope County; Richland County; Saline County; Shelby County; Vermilion County; Wabash County; Washington County; Wayne County; White County,Bond County; Champaign County; Ford County; Madison County,33,135866,268516,9369,413752,33.6,66.4,52.29,-10.33,R+10.3,33.5,-18.69,-24.06,8.85,0.91,0.4,0.2,0.2,0.2,pres+house+senate+statewide
2020,2010s,Illinois,IL,IL-16,,False,9,5,Boone County; Bureau County; Grundy County; Iroquois County; LaSalle County; Lee County; Livingston County; Ogle County; Putnam County,DeKalb County; Ford County; Stark County; Will County; Winnebago County,14,177833,217841,10686,406359,44.94,55.06,52.29,-4.05,R+4.0,50.4,-7.34,-15.33,8.85,0.91,0.4,0.2,0.2,0.2,pres+house+senate+statewide
2020,2010s,Illinois,IL,IL-17,,False,11,3,Carroll County; Fulton County; Henderson County; Henry County; Jo Daviess County; Knox County; Mercer County; Rock Island County; Stephenson County; Warren County; Whiteside County,Peoria County; Tazewell County; Winnebago County,14,129263,146856,6714,282833,46.81,53.19,52.29,0.05,EVEN,21.1,-5.47,1.41,8.85,0.91,0.4,0.2,0.2,0.2,pres+house+senate+statewide
2020,2010s,Illinois,IL,IL-18,,False,14,5,Adams County; Brown County; Cass County; Hancock County; Logan County; McDonough County; Marshall County; Mason County; Menard County; Morgan County; Pike County; Schuyler County; Scott County; Woodford County,McLean County; Peoria County; Sangamon County; Stark County; Tazewell County,19,183197,256180,11876,451252,41.69,58.31,52.29,-6.49,R+6.5,67.2,-10.59,-21.03,8.85,0.91,0.4,0.2,0.2,0.2,pres+house+senate+statewide
2020,2010s,Indiana,IN,IN-01,,False,2,1,Lake County; Porter County,LaPorte County,3,173542,147115,6135,326792,54.12,45.88,52.29,0.85,D+0.9,6.0,1.84,7.72,,-7.99,0.5,0.25,0.0,0.25,pres+house+statewide
2020,2010s,Indiana,IN,IN-02,,False,8,2,Elkhart County; Fulton County; Marshall County; Miami County; Pulaski County; St. Joseph County; Starke County; Wabash County,Kosciusko County; LaPorte County,10,123634,186500,6542,316676,39.86,60.14,52.29,-11.23,R+11.2,16.6,-12.42,-12.11,,-7.99,0.5,0.25,0.0,0.25,pres+house+statewide
2020,2010s,Indiana,IN,IN-03,,False,10,2,Adams County; Allen County; DeKalb County; Huntington County; Jay County; LaGrange County; Noble County; Steuben County; Wells County; Whitley County,Blackford County; Kosciusko County,12,109819,204948,7782,322548,34.89,65.11,52.29,-15.31,R+15.3,4.7,-17.4,-18.46,,-7.99,0.5,0.25,0.0,0.25,pres+house+statewide
2020,2010s,Indiana,IN,IN-04,,False,13,3,Benton County; Carroll County; Cass County; Clinton County; Fountain County; Hendricks County; Jasper County; Montgomery County; Newton County; Putnam County; Tippecanoe County; Warren County; White County,Boone County; Howard County; Morgan County,16,120194,219658,8790,348642,35.37,64.63,52.29,-14.77,R+14.8,19.2,-16.92,-17.24,,-7.99,0.5,0.25,0.0,0.25,pres+house+statewide
2020,2010s,Indiana,IN,IN-05,,False,4,4,Grant County; Hamilton County; Madison County; Tipton County,Blackford County; Boone County; Howard County; Marion County,8,186828,207175,9480,403483,47.42,52.58,52.29,-5.12,R+5.1,30.2,-4.87,-2.74,,-7.99,0.5,0.25,0.0,0.25,pres+house+statewide
2020,2010s,Indiana,IN,IN-06,,False,18,1,Bartholomew County; Dearborn County; Decatur County; Delaware County; Fayette County; Franklin County; Hancock County; Henry County; Jefferson County; Jennings County; Ohio County; Randolph County; Ripley County; Rush County; Shelby County; Switzerland County; Union County; Wayne County,Scott County,19,96932,229098,7209,333239,29.73,70.27,52.29,-18.72,R+18.7,1.7,-22.55,-21.79,,-7.99,0.5,0.25,0.0,0.25,pres+house+statewide
2020,2010s,Indiana,IN,IN-07,,False,0,1,,Marion County,1,187999,101806,6971,296776,64.87,35.13,52.29,7.25,D+7.3,100.0,12.59,11.82,,-7.99,0.5,0.25,0.0,0.25,pres+house+statewide
2020,2010s,Indiana,IN,IN-08,,False,18,1,Clay County; Daviess County; Dubois County; Gibson County; Greene County; Knox County; Martin County; Owen County; Parke County; Perry County; Pike County; Posey County; Spencer County; Sullivan County; Vanderburgh County; Vermillion County; Vigo County; Warrick County,Crawford County,19,108197,212528,6516,327241,33.74,66.26,52.29,-16.22,R+16.2,0.4,-18.55,-19.81,,-7.99,0.5,0.25,0.0,0.25,pres+house+statewide
2020,2010s,Indiana,IN,IN-09,,False,10,3,Brown County; Clark County; Floyd County; Harrison County; Jackson County; Johnson County; Lawrence County; Monroe County; Orange County; Washington County,Crawford County; Morgan County; Scott County,13,135359,221035,7948,364342,37.98,62.02,52.29,-12.91,R+12.9,9.0,-14.3,-15.05,,-7.99,0.5,0.25,0.0,0.25,pres+house+statewide
2020,2010s,Kansas,KS,KS-01,,False,61,2,Barton County; Chase County; Cheyenne County; Clark County; Clay County; Cloud County; Decatur County; Dickinson County; Ellis County; Ellsworth County; Finney County; Ford County; Geary County; Gove County; Graham County; Grant County; Gray County; Greeley County; Hamilton County; Haskell County; Hodgeman County; Jewell County; Kearny County; Lane County; Lincoln County; Logan County; Lyon County; McPherson County; Marion County; Meade County; Mitchell County; Morris County; Morton County; Ness County; Norton County; Osborne County; Ottawa County; Phillips County; Pottawatomie County; Rawlins County; Reno County; Republic County; Rice County; Riley County; Rooks County; Rush County; Russell County; Saline County; Scott County; Seward County; Sheridan County; Sherman County; Smith County; Stanton County; Stevens County; Thomas County; Trego County; Wabaunsee County; Wallace County; Washington County; Wichita County,Marshall County; Pawnee County,63,83563,206911,6878,297353,28.77,71.23,52.29,-15.64,R+15.6,1.3,-23.52,-21.78,-5.73,-3.66,0.4,0.2,0.2,0.2,pres+house+senate+statewide
2020,2010s,Kansas,KS,KS-02,,False,23,2,Allen County; Anderson County; Atchison County; Bourbon County; Brown County; Cherokee County; Coffey County; Crawford County; Doniphan County; Douglas County; Franklin County; Jackson County; Jefferson County; Labette County; Leavenworth County; Linn County; Montgomery County; Nemaha County; Neosho County; Osage County; Shawnee County; Wilson County; Woodson County,Marshall County; Miami County,25,141403,193785,9161,344350,42.19,57.81,52.29,-7.56,R+7.6,5.1,-10.1,-8.19,-5.73,-3.66,0.4,0.2,0.2,0.2,pres+house+senate+statewide
2020,2010s,Kansas,KS,KS-03,,False,2,1,Johnson County; Wyandotte County,Miami County,3,222238,177359,10944,410541,55.62,44.38,52.29,0.37,D+0.4,1.0,3.33,4.56,-5.73,-3.66,0.4,0.2,0.2,0.2,pres+house+senate+statewide
2020,2010s,Kansas,KS,KS-04,,False,16,1,Barber County; Butler County; Chautauqua County; Comanche County; Cowley County; Edwards County; Elk County; Greenwood County; Harper County; Harvey County; Kingman County; Kiowa County; Pratt County; Sedgwick County; Stafford County; Sumner County,Pawnee County,17,123118,193350,8773,325241,38.9,61.1,52.29,-10.08,R+10.1,0.2,-13.38,-14.27,-5.73,-3.66,0.4,0.2,0.2,0.2,pres+house+senate+statewide
2020,2010s,Kentucky,KY,KY-01,,False,34,1,Adair County; Allen County; Ballard County; Caldwell County; Calloway County; Carlisle County; Casey County; Christian County; Clinton County; Crittenden County; Cumberland County; Fulton County; Graves County; Henderson County; Hickman County; Hopkins County; Livingston County; Logan County; Lyon County; McCracken County; McLean County; Marion County; Marshall County; Metcalfe County; Monroe County; Muhlenberg County; Ohio County; Russell County; Simpson County; Taylor County; Todd County; Trigg County; Union County; Webster County,Washington County,35,85297,244240,4831,334368,25.88,74.12,52.29,-19.71,R+19.7,0.1,-26.4,-25.61,-9.89,-10.25,0.4,0.2,0.2,0.2,pres+house+senate+statewide
2020,2010s,Kentucky,KY,KY-02,,False,18,3,Barren County; Boyle County; Breckinridge County; Bullitt County; Butler County; Daviess County; Edmonson County; Garrard County; Grayson County; Green County; Hancock County; Hardin County; Hart County; Larue County; Meade County; Mercer County; Nelson County; Warren County,Jessamine County; Spencer County; Washington County,21,113135,250075,6637,369846,31.15,68.85,52.29,-17.2,R+17.2,5.8,-21.14,-23.6,-9.89,-10.25,0.4,0.2,0.2,0.2,pres+house+senate+statewide
2020,2010s,Kentucky,KY,KY-03,,False,0,1,,Jefferson County,1,192277,126844,7465,326587,60.25,39.75,52.29,1.57,D+1.6,100.0,7.97,12.05,-9.89,-10.25,0.4,0.2,0.2,0.2,pres+house+senate+statewide
2020,2010s,Kentucky,KY,KY-04,,False,16,5,Boone County; Bracken County; Campbell County; Carroll County; Gallatin County; Grant County; Greenup County; Henry County; Kenton County; Lewis County; Mason County; Oldham County; Owen County; Pendleton County; Shelby County; Trimble County,Boyd County; Harrison County; Jefferson County; Robertson County; Spencer County,21,154756,256020,8170,418946,37.67,62.33,52.29,-13.41,R+13.4,18.9,-14.61,-17.7,-9.89,-10.25,0.4,0.2,0.2,0.2,pres+house+senate+statewide
2020,2010s,Kentucky,KY,KY-05,,False,29,1,Bell County; Breathitt County; Carter County; Clay County; Elliott County; Floyd County; Harlan County; Jackson County; Johnson County; Knott County; Knox County; Laurel County; Lawrence County; Lee County; Leslie County; Letcher County; Lincoln County; McCreary County; Magoffin County; Martin County; Morgan County; Owsley County; Perry County; Pike County; Pulaski County; Rockcastle County; Rowan County; Wayne County; Whitley County,Boyd County,30,60001,248472,4014,312487,19.45,80.55,52.29,-24.13,R+24.1,4.9,-32.83,-34.82,-9.89,-10.25,0.4,0.2,0.2,0.2,pres+house+senate+statewide
2020,2010s,Kentucky,KY,KY-06,,False,16,3,Anderson County; Bath County; Bourbon County; Clark County; Estill County; Fayette County; Fleming County; Franklin County; Madison County; Menifee County; Montgomery County; Nicholas County; Powell County; Scott County; Wolfe County; Woodford County,Harrison County; Jessamine County; Robertson County,19,167009,200995,7772,375775,45.38,54.62,52.29,-8.58,R+8.6,5.5,-6.9,-8.94,-9.89,-10.25,0.4,0.2,0.2,0.2,pres+house+senate+statewide
2020,2010s,Louisiana,LA,LA-01,,False,3,5,Plaquemines Parish; St. Bernard Parish; St. Tammany Parish,Jefferson Parish; Lafourche Parish; Orleans Parish; Tangipahoa Parish; Terrebonne Parish,8,136809,255861,7043,399712,34.84,65.16,52.29,-19.85,R+19.9,57.8,-17.44,-24.67,,,0.667,0.333,0.0,0.0,pres+house
2020,2010s,Louisiana,LA,LA-02,,False,1,9,St. James Parish,Ascension Parish; Assumption Parish; East Baton Rouge Parish; Iberville Parish; Jefferson Parish; Orleans Parish; St. Charles Parish; St. John the Baptist Parish; West Baton Rouge Parish,10,209177,110999,5800,325976,65.33,34.67,52.29,18.11,D+18.1,96.1,13.05,28.24,,,0.667,0.333,0.0,0.0,pres+house
2020,2010s,Louisiana,LA,LA-03,,False,9,1,Acadia Parish; Calcasieu Parish; Cameron Parish; Iberia Parish; Jefferson Davis Parish; Lafayette Parish; St. Martin Parish; St. Mary Parish; Vermilion Parish,St. Landry Parish,10,107555,241980,6121,355656,30.77,69.23,52.29,-21.11,R+21.1,0.3,-21.51,-20.3,,,0.667,0.333,0.0,0.0,pres+house
2020,2010s,Louisiana,LA,LA-04,,False,14,1,Allen Parish; Beauregard Parish; Bienville Parish; Bossier Parish; Caddo Parish; Claiborne Parish; De Soto Parish; Evangeline Parish; Natchitoches Parish; Red River Parish; Sabine Parish; Union Parish; Vernon Parish; Webster Parish,St. Landry Parish,15,120012,199540,4941,324493,37.56,62.44,52.29,-15.6,R+15.6,5.2,-14.73,-17.35,,,0.667,0.333,0.0,0.0,pres+house
2020,2010s,Louisiana,LA,LA-05,,False,20,4,Avoyelles Parish; Caldwell Parish; Catahoula Parish; Concordia Parish; East Carroll Parish; Franklin Parish; Grant Parish; Jackson Parish; La Salle Parish; Lincoln Parish; Madison Parish; Morehouse Parish; Ouachita Parish; Rapides Parish; Richland Parish; Tensas Parish; Washington Parish; West Carroll Parish; West Feliciana Parish; Winn Parish,East Feliciana Parish; St. Helena Parish; St. Landry Parish; Tangipahoa Parish,24,120153,229643,5225,355021,34.35,65.65,52.29,-17.94,R+17.9,19.5,-17.94,,,,1.0,0.0,0.0,0.0,pres
2020,2010s,Louisiana,LA,LA-06,,False,2,11,Livingston Parish; Pointe Coupee Parish,Ascension Parish; Assumption Parish; East Baton Rouge Parish; East Feliciana Parish; Iberville Parish; Lafourche Parish; St. Charles Parish; St. Helena Parish; St. John the Baptist Parish; Terrebonne Parish; West Baton Rouge Parish,13,162328,217753,7122,387204,42.71,57.29,52.29,-14.44,R+14.4,80.0,-9.58,-24.17,,,0.667,0.333,0.0,0.0,pres+house
2020,2010s,Massachusetts,MA,MA-01,,False,2,3,Berkshire County; Hampden County,Franklin County; Hampshire County; Worcester County,5,256749,143217,9690,409656,64.19,35.81,52.29,13.6,D+13.6,29.3,11.91,,16.98,,0.667,0.0,0.333,0.0,pres+senate
2020,2010s,Massachusetts,MA,MA-02,,False,0,3,,Franklin County; Hampshire County; Worcester County,3,215383,134421,9608,359412,61.57,38.43,52.29,12.58,D+12.6,100.0,9.29,14.78,16.98,,0.5,0.25,0.25,0.0,pres+house+senate
2020,2010s,Massachusetts,MA,MA-03,,False,0,3,,Essex County; Middlesex County; Worcester County,3,393495,167405,13198,574098,70.15,29.85,52.29,17.57,D+17.6,100.0,17.87,,16.98,,0.667,0.0,0.333,0.0,pres+senate
2020,2010s,Massachusetts,MA,MA-04,,False,0,4,,Bristol County; Middlesex County; Norfolk County; Plymouth County,4,291931,165599,10353,467883,63.81,36.19,52.29,12.6,D+12.6,100.0,11.52,10.39,16.98,,0.5,0.25,0.25,0.0,pres+house+senate
2020,2010s,Massachusetts,MA,MA-05,,False,0,3,,Middlesex County; Suffolk County; Worcester County,3,224120,77603,6791,308514,74.28,25.72,52.29,21.19,D+21.2,100.0,21.99,23.78,16.98,,0.5,0.25,0.25,0.0,pres+house+senate
2020,2010s,Massachusetts,MA,MA-06,,False,0,2,,Essex County; Middlesex County,2,309803,152437,10383,472623,67.02,32.98,52.29,15.34,D+15.3,100.0,14.74,14.91,16.98,,0.5,0.25,0.25,0.0,pres+house+senate
2020,2010s,Massachusetts,MA,MA-07,,False,0,3,,Norfolk County; Suffolk County; Middlesex County,3,181189,43278,4420,228887,80.72,19.28,52.29,24.61,D+24.6,100.0,28.43,,16.98,,0.667,0.0,0.333,0.0,pres+senate
2020,2010s,Massachusetts,MA,MA-08,,False,0,3,,Norfolk County; Plymouth County; Suffolk County,3,221369,92623,6917,320909,70.5,29.5,52.29,17.8,D+17.8,100.0,18.22,,16.98,,0.667,0.0,0.333,0.0,pres+senate
2020,2010s,Massachusetts,MA,MA-09,,False,3,2,Barnstable County; Dukes County; Nantucket County,Bristol County; Plymouth County,5,288164,190618,10639,489420,60.19,39.81,52.29,11.24,D+11.2,65.2,7.9,12.17,16.98,,0.5,0.25,0.25,0.0,pres+house+senate
2020,2010s,Maryland,MD,MD-01,,False,9,3,Caroline County; Cecil County; Dorchester County; Kent County; Queen Anne's County; Somerset County; Talbot County; Wicomico County; Worcester County,Baltimore County; Carroll County; Harford County,12,212665,253124,12737,478527,45.66,54.34,52.29,-9.14,R+9.1,51.7,-6.63,-14.17,,,0.667,0.333,0.0,0.0,pres+house
2020,2010s,Maryland,MD,MD-02,,False,0,5,,Anne Arundel County; Baltimore County; Harford County; Howard County; Baltimore City,5,158233,81683,6194,246110,65.95,34.05,52.29,14.87,D+14.9,100.0,13.67,17.27,,,0.667,0.333,0.0,0.0,pres+house
2020,2010s,Maryland,MD,MD-03,,False,0,5,,Anne Arundel County; Baltimore County; Howard County; Montgomery County; Baltimore City,5,218864,77727,7621,304212,73.79,26.21,52.29,20.77,D+20.8,100.0,21.51,19.28,,,0.667,0.333,0.0,0.0,pres+house
2020,2010s,Maryland,MD,MD-04,,False,0,2,,Anne Arundel County; Prince George's County,2,184017,53270,5766,243054,77.55,22.45,52.29,26.55,D+26.6,100.0,25.27,29.13,,,0.667,0.333,0.0,0.0,pres+house
2020,2010s,Maryland,MD,MD-05,,False,3,2,Calvert County; Charles County; St. Mary's County,Anne Arundel County; Prince George's County,5,414730,148143,13216,576089,73.68,26.32,52.29,20.37,D+20.4,66.3,21.4,18.33,,,0.667,0.333,0.0,0.0,pres+house
2020,2010s,Maryland,MD,MD-06,,False,3,2,Allegany County; Garrett County; Washington County,Frederick County; Montgomery County,5,283319,143347,10456,437123,66.4,33.6,52.29,12.55,D+12.5,73.9,14.12,9.4,,,0.667,0.333,0.0,0.0,pres+house
2020,2010s,Maryland,MD,MD-07,,False,0,3,,Baltimore County; Howard County; Baltimore City,3,305103,111754,10632,427489,73.19,26.81,52.29,21.02,D+21.0,100.0,20.91,21.25,,,0.667,0.333,0.0,0.0,pres+house
2020,2010s,Maryland,MD,MD-08,,False,0,3,,Carroll County; Frederick County; Montgomery County,3,208090,107365,8971,324427,65.97,34.03,52.29,15.03,D+15.0,100.0,13.68,17.73,,,0.667,0.333,0.0,0.0,pres+house
2020,2010s,Maine,ME,ME-01,,False,5,1,Cumberland County; Knox County; Lincoln County; Sagadahoc County; York County,Kennebec County,6,256452,159498,12098,428048,61.65,38.35,52.29,5.77,D+5.8,7.3,9.37,11.54,-4.32,2.9,0.4,0.2,0.2,0.2,pres+house+senate+statewide
2020,2010s,Maine,ME,ME-02,,False,10,1,Androscoggin County; Aroostook County; Franklin County; Hancock County; Oxford County; Penobscot County; Piscataquis County; Somerset County; Waldo County; Washington County,Kennebec County,11,174021,200401,11272,385694,46.48,53.52,52.29,-2.13,R+2.1,10.5,-5.81,2.38,-4.32,2.9,0.4,0.2,0.2,0.2,pres+house+senate+statewide
2020,2010s,Michigan,MI,MI-01,,False,31,1,Alcona County; Alger County; Alpena County; Antrim County; Baraga County; Benzie County; Charlevoix County; Cheboygan County; Chippewa County; Crawford County; Delta County; Dickinson County; Emmet County; Gogebic County; Grand Traverse County; Houghton County; Iron County; Kalkaska County; Keweenaw County; Leelanau County; Luce County; Mackinac County; Manistee County; Marquette County; Menominee County; Montmorency County; Ontonagon County; Oscoda County; Otsego County; Presque Isle County; Schoolcraft County,Mason County,32,173262,246683,7238,427183,41.26,58.74,52.29,-6.18,R+6.2,2.1,-11.03,-13.21,1.15,3.2,0.4,0.2,0.2,0.2,pres+house+senate+statewide
2020,2010s,Michigan,MI,MI-02,,False,5,2,Lake County; Muskegon County; Newaygo County; Oceana County; Ottawa County,Kent County; Mason County,7,146033,197929,6475,350438,42.46,57.54,52.29,-5.34,R+5.3,11.9,-9.83,-11.38,1.15,3.2,0.4,0.2,0.2,0.2,pres+house+senate+statewide
2020,2010s,Michigan,MI,MI-03,,False,3,2,Barry County; Calhoun County; Ionia County,Kent County; Montcalm County,5,222629,231802,10159,464589,48.99,51.01,52.29,-1.16,R+1.2,71.1,-3.29,-3.58,1.15,3.2,0.4,0.2,0.2,0.2,pres+house+senate+statewide
2020,2010s,Michigan,MI,MI-04,,False,13,2,Clare County; Clinton County; Gladwin County; Gratiot County; Isabella County; Mecosta County; Midland County; Missaukee County; Ogemaw County; Osceola County; Roscommon County; Shiawassee County; Wexford County,Montcalm County; Saginaw County,15,164405,242878,7415,414697,40.37,59.63,52.29,-7.37,R+7.4,26.8,-11.92,-17.38,1.15,3.2,0.4,0.2,0.2,0.2,pres+house+senate+statewide
2020,2010s,Michigan,MI,MI-05,,False,4,2,Arenac County; Bay County; Genesee County; Iosco County,Saginaw County; Tuscola County,6,166965,163377,5572,335914,50.54,49.46,52.29,1.37,D+1.4,8.8,-1.74,5.98,1.15,3.2,0.4,0.2,0.2,0.2,pres+house+senate+statewide
2020,2010s,Michigan,MI,MI-06,,False,6,0,Allegan County; Berrien County; Cass County; Kalamazoo County; St. Joseph County; Van Buren County,,6,180768,198151,7956,386875,47.71,52.29,52.29,-2.72,R+2.7,0.0,-4.58,-8.79,1.15,3.2,0.4,0.2,0.2,0.2,pres+house+senate+statewide
2020,2010s,Michigan,MI,MI-07,,False,6,1,Branch County; Eaton County; Hillsdale County; Jackson County; Lenawee County; Monroe County,Washtenaw County,7,251014,238121,8953,498089,51.32,48.68,52.29,-1.39,R+1.4,33.8,-0.97,-9.37,1.15,3.2,0.4,0.2,0.2,0.2,pres+house+senate+statewide
2020,2010s,Michigan,MI,MI-08,,False,2,1,Ingham County; Livingston County,Oakland County,3,331910,266887,9875,608672,55.43,44.57,52.29,2.37,D+2.4,55.4,3.14,1.22,1.15,3.2,0.4,0.2,0.2,0.2,pres+house+senate+statewide
2020,2010s,Michigan,MI,MI-09,,False,0,2,,Macomb County; Oakland County,2,86675,88935,2449,178059,49.36,50.64,52.29,1.58,D+1.6,100.0,-2.93,9.42,1.15,3.2,0.4,0.2,0.2,0.2,pres+house+senate+statewide
2020,2010s,Michigan,MI,MI-10,,False,4,2,Huron County; Lapeer County; St. Clair County; Sanilac County,Macomb County; Tuscola County,6,234044,337357,8242,579643,40.96,59.04,52.29,-7.04,R+7.0,67.9,-11.33,-16.9,1.15,3.2,0.4,0.2,0.2,0.2,pres+house+senate+statewide
2020,2010s,Michigan,MI,MI-11,,False,0,2,,Oakland County; Wayne County,2,263277,165596,6495,435368,61.39,38.61,52.29,4.63,D+4.6,100.0,9.1,0.6,1.15,3.2,0.4,0.2,0.2,0.2,pres+house+senate+statewide
2020,2010s,Michigan,MI,MI-12,,False,0,2,,Washtenaw County; Wayne County,2,276140,119325,5757,401222,69.83,30.17,52.29,11.44,D+11.4,100.0,17.54,17.8,1.15,3.2,0.4,0.2,0.2,0.2,pres+house+senate+statewide
2020,2010s,Michigan,MI,MI-13,,False,0,1,,Wayne County,1,179690,79605,3700,262994,69.3,30.7,52.29,13.7,D+13.7,100.0,17.01,30.1,1.15,3.2,0.4,0.2,0.2,0.2,pres+house+senate+statewide
2020,2010s,Michigan,MI,MI-14,,False,0,2,,Oakland County; Wayne County,2,127232,73221,2990,203443,63.47,36.53,52.29,11.47,D+11.5,100.0,11.19,30.62,1.15,3.2,0.4,0.2,0.2,0.2,pres+house+senate+statewide
2020,2010s,Minnesota,MN,MN-01,,False,19,2,Blue Earth County; Brown County; Dodge County; Faribault County; Fillmore County; Freeborn County; Houston County; Jackson County; Le Sueur County; Martin County; Mower County; Nicollet County; Nobles County; Olmsted County; Rock County; Steele County; Waseca County; Watonwan County; Winona County,Cottonwood County; Rice County,21,168157,201296,8973,378427,45.52,54.48,52.29,-1.17,R+1.2,6.8,-6.77,,3.13,5.72,0.5,0.0,0.25,0.25,pres+senate+statewide
2020,2010s,Minnesota,MN,MN-02,,False,4,2,Dakota County; Goodhue County; Scott County; Wabasha County,Rice County; Washington County,6,224148,198492,10521,433161,53.04,46.96,52.29,2.59,D+2.6,9.5,0.75,,3.13,5.72,0.5,0.0,0.25,0.25,pres+senate+statewide
2020,2010s,Minnesota,MN,MN-03,,False,0,3,,Anoka County; Carver County; Hennepin County,3,434275,176230,14399,624904,71.13,28.87,52.29,11.64,D+11.6,100.0,18.85,,3.13,5.72,0.5,0.0,0.25,0.25,pres+senate+statewide
2020,2010s,Minnesota,MN,MN-04,,False,1,1,Ramsey County,Washington County,2,252903,111529,8767,373199,69.4,30.6,52.29,10.77,D+10.8,20.7,17.11,,3.13,5.72,0.5,0.0,0.25,0.25,pres+senate+statewide
2020,2010s,Minnesota,MN,MN-05,,False,0,2,,Anoka County; Hennepin County,2,114018,46467,3793,164278,71.05,28.95,52.29,11.59,D+11.6,100.0,18.76,,3.13,5.72,0.5,0.0,0.25,0.25,pres+senate+statewide
2020,2010s,Minnesota,MN,MN-06,,False,3,4,Benton County; Sherburne County; Wright County,Anoka County; Carver County; Stearns County; Washington County,7,215853,273532,12304,501689,44.11,55.89,52.29,-1.88,R+1.9,68.0,-8.18,,3.13,5.72,0.5,0.0,0.25,0.25,pres+senate+statewide
2020,2010s,Minnesota,MN,MN-07,,False,35,3,Becker County; Big Stone County; Chippewa County; Clay County; Clearwater County; Douglas County; Grant County; Kandiyohi County; Kittson County; Lac qui Parle County; Lake of the Woods County; Lincoln County; Lyon County; McLeod County; Mahnomen County; Marshall County; Meeker County; Murray County; Norman County; Otter Tail County; Pennington County; Pipestone County; Polk County; Pope County; Red Lake County; Redwood County; Renville County; Roseau County; Sibley County; Stevens County; Swift County; Todd County; Traverse County; Wilkin County; Yellow Medicine County,Beltrami County; Cottonwood County; Stearns County,38,141419,253721,8536,403676,35.79,64.21,52.29,-6.04,R+6.0,17.4,-16.5,,3.13,5.72,0.5,0.0,0.25,0.25,pres+senate+statewide
2020,2010s,Minnesota,MN,MN-08,,False,17,1,Aitkin County; Carlton County; Cass County; Chisago County; Cook County; Crow Wing County; Hubbard County; Isanti County; Itasca County; Kanabec County; Koochiching County; Lake County; Mille Lacs County; Morrison County; Pine County; St. Louis County; Wadena County,Beltrami County,18,166303,222799,8736,397838,42.74,57.26,52.29,-2.56,R+2.6,1.5,-9.54,,3.13,5.72,0.5,0.0,0.25,0.25,pres+senate+statewide
2020,2010s,Missouri,MO,MO-01,,False,1,1,St. Louis City,St. Louis County,2,216614,86234,5161,308010,71.53,28.47,52.29,15.36,D+15.4,56.5,19.24,29.99,,-7.04,0.5,0.25,0.0,0.25,pres+house+statewide
2020,2010s,Missouri,MO,MO-02,,False,0,3,,Jefferson County; St. Charles County; St. Louis County,3,238364,159713,6728,404805,59.88,40.12,52.29,1.07,D+1.1,100.0,7.59,-3.88,,-7.04,0.5,0.25,0.0,0.25,pres+house+statewide
2020,2010s,Missouri,MO,MO-03,,False,10,3,Callaway County; Cole County; Franklin County; Gasconade County; Lincoln County; Maries County; Miller County; Montgomery County; Osage County; Warren County,Camden County; Jefferson County; St. Charles County,13,139971,283543,7936,431450,33.05,66.95,52.29,-16.76,R+16.8,53.6,-19.24,-21.52,,-7.04,0.5,0.25,0.0,0.25,pres+house+statewide
2020,2010s,Missouri,MO,MO-04,,False,21,3,Barton County; Bates County; Benton County; Boone County; Cass County; Cedar County; Cooper County; Dade County; Dallas County; Henry County; Hickory County; Howard County; Johnson County; Laclede County; Moniteau County; Morgan County; Pettis County; Pulaski County; Randolph County; St. Clair County; Vernon County,Audrain County; Camden County; Webster County,24,119996,249883,7780,377659,32.44,67.56,52.29,-16.71,R+16.7,10.6,-19.84,-20.11,,-7.04,0.5,0.25,0.0,0.25,pres+house+statewide
2020,2010s,Missouri,MO,MO-05,,False,3,2,Lafayette County; Ray County; Saline County,Clay County; Jackson County,5,157502,123396,5657,286555,56.07,43.93,52.29,2.57,D+2.6,86.7,3.79,9.77,,-7.04,0.5,0.25,0.0,0.25,pres+house+statewide
2020,2010s,Missouri,MO,MO-06,,False,33,3,Adair County; Andrew County; Atchison County; Buchanan County; Caldwell County; Carroll County; Chariton County; Clark County; Clinton County; Daviess County; DeKalb County; Gentry County; Grundy County; Harrison County; Holt County; Knox County; Lewis County; Linn County; Livingston County; Macon County; Marion County; Mercer County; Monroe County; Nodaway County; Pike County; Platte County; Putnam County; Ralls County; Schuyler County; Scotland County; Shelby County; Sullivan County; Worth County,Audrain County; Clay County; Jackson County,36,188705,267183,8510,464398,41.39,58.61,52.29,-11.99,R+12.0,46.2,-10.89,-19.14,,-7.04,0.5,0.25,0.0,0.25,pres+house+statewide
2020,2010s,Missouri,MO,MO-07,,False,10,1,Barry County; Christian County; Greene County; Jasper County; Lawrence County; McDonald County; Newton County; Polk County; Stone County; Taney County,Webster County,11,105562,262640,7079,375280,28.67,71.33,52.29,-19.26,R+19.3,0.9,-23.62,-22.78,,-7.04,0.5,0.25,0.0,0.25,pres+house+statewide
2020,2010s,Missouri,MO,MO-08,,False,29,1,Bollinger County; Butler County; Cape Girardeau County; Carter County; Crawford County; Dent County; Douglas County; Dunklin County; Howell County; Iron County; Madison County; Mississippi County; New Madrid County; Oregon County; Ozark County; Pemiscot County; Perry County; Phelps County; Reynolds County; Ripley County; Ste. Genevieve County; St. Francois County; Scott County; Shannon County; Stoddard County; Texas County; Washington County; Wayne County; Wright County,Jefferson County,30,86300,286143,5361,377804,23.17,76.83,52.29,-23.53,R+23.5,19.1,-29.11,-28.86,,-7.04,0.5,0.25,0.0,0.25,pres+house+statewide
2020,2010s,Mississippi,MS,MS-01,,False,21,1,Alcorn County; Benton County; Calhoun County; Chickasaw County; Choctaw County; Clay County; DeSoto County; Itawamba County; Lafayette County; Lee County; Lowndes County; Marshall County; Monroe County; Pontotoc County; Prentiss County; Tate County; Tippah County; Tishomingo County; Union County; Webster County; Winston County,Oktibbeha County,22,118303,224087,5111,347500,34.55,65.45,52.29,-14.9,R+14.9,1.7,-17.73,-19.36,-4.79,,0.5,0.25,0.25,0.0,pres+house+senate
2020,2010s,Mississippi,MS,MS-02,,False,24,2,Attala County; Bolivar County; Carroll County; Claiborne County; Coahoma County; Copiah County; Grenada County; Holmes County; Humphreys County; Issaquena County; Jefferson County; Leake County; Leflore County; Montgomery County; Panola County; Quitman County; Sharkey County; Sunflower County; Tallahatchie County; Tunica County; Warren County; Washington County; Yalobusha County; Yazoo County,Hinds County; Madison County,26,205554,129989,4139,339683,61.26,38.74,52.29,7.14,D+7.1,40.2,8.97,15.4,-4.79,,0.5,0.25,0.25,0.0,pres+house+senate
2020,2010s,Mississippi,MS,MS-03,,False,20,4,Adams County; Amite County; Covington County; Franklin County; Jasper County; Jefferson Davis County; Kemper County; Lauderdale County; Lawrence County; Lincoln County; Neshoba County; Newton County; Noxubee County; Pike County; Rankin County; Scott County; Simpson County; Smith County; Walthall County; Wilkinson County,Clarke County; Hinds County; Madison County; Oktibbeha County,24,118728,183762,3649,306139,39.25,60.75,52.29,-11.54,R+11.5,13.0,-13.03,-15.3,-4.79,,0.5,0.25,0.25,0.0,pres+house+senate
2020,2010s,Mississippi,MS,MS-04,,False,13,1,Forrest County; George County; Greene County; Hancock County; Harrison County; Jackson County; Jones County; Lamar County; Marion County; Pearl River County; Perry County; Stone County; Wayne County,Clarke County,14,96813,218926,4698,320437,30.66,69.34,52.29,-16.01,R+16.0,0.6,-21.62,,-4.79,,0.667,0.0,0.333,0.0,pres+senate
2020,2010s,Montana,MT,MT-AL,,True,0,0,,,56,244786,343602,15286,603674,41.6,58.4,52.29,-7.45,R+7.4,0.0,-10.68,-7.0,-4.72,-4.13,0.4,0.2,0.2,0.2,pres+house+senate+statewide
2020,2010s,North Carolina,NC,NC-01,,False,5,18,Bertie County; Halifax County; Hertford County; Northampton County; Warren County,Chowan County; Craven County; Durham County; Edgecombe County; Franklin County; Gates County; Granville County; Greene County; Lenoir County; Martin County; Nash County; Pasquotank County; Perquimans County; Pitt County; Vance County; Washington County; Wayne County; Wilson County,23,173788,121819,3296,298903,58.79,41.21,52.29,3.8,D+3.8,77.7,6.51,3.56,-0.63,3.08,0.4,0.2,0.2,0.2,pres+house+senate+statewide
2020,2010s,North Carolina,NC,NC-02,,False,2,7,Lee County; Moore County,Alamance County; Chatham County; Cumberland County; Harnett County; Hoke County; Randolph County; Wake County,9,198070,216444,6711,421226,47.78,52.22,52.29,1.44,D+1.4,79.3,-4.5,13.77,-0.63,3.08,0.4,0.2,0.2,0.2,pres+house+senate+statewide
2020,2010s,North Carolina,NC,NC-03,,False,10,12,Beaufort County; Camden County; Carteret County; Currituck County; Dare County; Hyde County; Jones County; Onslow County; Pamlico County; Tyrrell County,Chowan County; Craven County; Gates County; Greene County; Lenoir County; Martin County; New Hanover County; Pasquotank County; Pender County; Perquimans County; Pitt County; Washington County,22,161561,239075,6586,407223,40.33,59.67,52.29,-7.09,R+7.1,49.6,-11.96,-14.0,-0.63,3.08,0.4,0.2,0.2,0.2,pres+house+senate+statewide
2020,2010s,North Carolina,NC,NC-04,,False,0,7,,Alamance County; Chatham County; Cumberland County; Durham County; Harnett County; Orange County; Wake County,7,179844,97387,4819,282050,64.87,35.13,52.29,8.87,D+8.9,100.0,12.59,16.71,-0.63,3.08,0.4,0.2,0.2,0.2,pres+house+senate+statewide
2020,2010s,North Carolina,NC,NC-05,,False,7,5,Alexander County; Alleghany County; Ashe County; Davie County; Watauga County; Wilkes County; Yadkin County,Catawba County; Davidson County; Forsyth County; Iredell County; Rowan County,12,178554,252459,6349,437363,41.43,58.57,52.29,-7.63,R+7.6,64.5,-10.86,-18.89,-0.63,3.08,0.4,0.2,0.2,0.2,pres+house+senate+statewide
2020,2010s,North Carolina,NC,NC-06,,False,5,5,Caswell County; Person County; Rockingham County; Stokes County; Surry County,Alamance County; Durham County; Granville County; Guilford County; Orange County,10,300767,248431,7483,556681,54.76,45.24,52.29,3.81,D+3.8,74.1,2.48,11.66,-0.63,3.08,0.4,0.2,0.2,0.2,pres+house+senate+statewide
2020,2010s,North Carolina,NC,NC-07,,False,6,6,Bladen County; Brunswick County; Columbus County; Duplin County; Johnston County; Sampson County,Cumberland County; Hoke County; Lenoir County; New Hanover County; Pender County; Robeson County,12,203064,267405,6433,476902,43.16,56.84,52.29,-5.35,R+5.3,37.8,-9.12,-10.96,-0.63,3.08,0.4,0.2,0.2,0.2,pres+house+senate+statewide
2020,2010s,North Carolina,NC,NC-08,,False,5,6,Anson County; Montgomery County; Richmond County; Scotland County; Stanly County,Cabarrus County; Davidson County; Randolph County; Robeson County; Rowan County; Union County,11,157900,264385,5401,427686,37.39,62.61,52.29,-6.25,R+6.2,78.1,-14.89,-3.9,-0.63,3.08,0.4,0.2,0.2,0.2,pres+house+senate+statewide
2020,2010s,North Carolina,NC,NC-09,,False,0,3,,Iredell County; Mecklenburg County; Union County,3,286693,182980,7929,477602,61.04,38.96,52.29,2.75,D+2.8,100.0,8.76,-6.21,-0.63,3.08,0.4,0.2,0.2,0.2,pres+house+senate+statewide
2020,2010s,North Carolina,NC,NC-10,,False,5,2,Cleveland County; Gaston County; Lincoln County; Polk County; Rutherford County,Buncombe County; Catawba County,7,148981,255761,5401,410143,36.81,63.19,52.29,-9.6,R+9.6,35.7,-15.48,-19.52,-0.63,3.08,0.4,0.2,0.2,0.2,pres+house+senate+statewide
2020,2010s,North Carolina,NC,NC-11,,False,16,1,Avery County; Burke County; Caldwell County; Cherokee County; Clay County; Graham County; Haywood County; Henderson County; Jackson County; McDowell County; Macon County; Madison County; Mitchell County; Swain County; Transylvania County; Yancey County,Buncombe County,17,172566,272406,6575,451547,38.78,61.22,52.29,-6.29,R+6.3,21.2,-13.5,-6.89,-0.63,3.08,0.4,0.2,0.2,0.2,pres+house+senate+statewide
2020,2010s,North Carolina,NC,NC-12,,False,0,6,,Cabarrus County; Davidson County; Forsyth County; Guilford County; Mecklenburg County; Rowan County,6,176440,111474,4753,292667,61.28,38.72,52.29,5.11,D+5.1,100.0,9.0,,-0.63,3.08,0.5,0.0,0.25,0.25,pres+senate+statewide
2020,2010s,North Carolina,NC,NC-13,,False,0,9,,Durham County; Edgecombe County; Franklin County; Granville County; Nash County; Vance County; Wake County; Wayne County; Wilson County,9,346065,228748,9999,584812,60.2,39.8,52.29,-0.1,R+0.1,100.0,7.92,-18.8,-0.63,3.08,0.4,0.2,0.2,0.2,pres+house+senate+statewide
2020,2010s,North Dakota,ND,ND-AL,,True,0,0,,,53,114902,235595,11322,361819,32.78,67.22,52.29,-19.11,R+19.1,0.0,-19.5,-22.07,,-15.35,0.5,0.25,0.0,0.25,pres+house+statewide
2020,2010s,Nebraska,NE,NE-01,,False,16,1,Burt County; Butler County; Cass County; Colfax County; Cuming County; Dodge County; Lancaster County; Madison County; Otoe County; Platte County; Polk County; Saunders County; Seward County; Stanton County; Thurston County; Washington County,Sarpy County,17,127442,176445,8861,312747,41.94,58.06,52.29,-13.56,R+13.6,7.7,-10.35,-11.86,-21.69,,0.5,0.25,0.25,0.0,pres+house+senate
2020,2010s,Nebraska,NE,NE-02,,False,1,1,Douglas County,Sarpy County,2,181254,158143,9287,348685,53.4,46.6,52.29,-5.6,R+5.6,20.7,1.12,-2.97,-21.69,,0.5,0.25,0.25,0.0,pres+house+senate
2020,2010s,Nebraska,NE,NE-03,,False,75,0,Adams County; Antelope County; Arthur County; Banner County; Blaine County; Boone County; Box Butte County; Boyd County; Brown County; Buffalo County; Cedar County; Chase County; Cherry County; Cheyenne County; Clay County; Custer County; Dakota County; Dawes County; Dawson County; Deuel County; Dixon County; Dundy County; Fillmore County; Franklin County; Frontier County; Furnas County; Gage County; Garden County; Garfield County; Gosper County; Grant County; Greeley County; Hall County; Hamilton County; Harlan County; Hayes County; Hitchcock County; Holt County; Hooker County; Howard County; Jefferson County; Johnson County; Kearney County; Keith County; Keya Paha County; Kimball County; Knox County; Lincoln County; Logan County; Loup County; McPherson County; Merrick County; Morrill County; Nance County; Nemaha County; Nuckolls County; Pawnee County; Perkins County; Phelps County; Pierce County; Red Willow County; Richardson County; Rock County; Saline County; Scotts Bluff County; Sheridan County; Sherman County; Sioux County; Thayer County; Thomas County; Valley County; Wayne County; Webster County; Wheeler County; York County,,75,65897,222258,6806,294961,22.87,77.13,52.29,-28.19,R+28.2,0.0,-29.42,-32.24,-21.69,,0.5,0.25,0.25,0.0,pres+house+senate
2020,2010s,New Hampshire,NH,NH-01,,False,2,5,Carroll County; Strafford County,Belknap County; Grafton County; Hillsborough County; Merrimack County; Rockingham County,7,176512,161745,6321,344577,52.18,47.82,52.29,1.0,D+1.0,68.9,-0.1,2.0,8.3,-5.08,0.4,0.2,0.2,0.2,pres+house+senate+statewide
2020,2010s,New Hampshire,NH,NH-02,,False,3,5,Cheshire County; Coos County; Sullivan County,Belknap County; Grafton County; Hillsborough County; Merrimack County; Rockingham County,8,248425,203915,9287,461628,54.92,45.08,52.29,2.62,D+2.6,81.5,2.63,4.61,8.3,-5.08,0.4,0.2,0.2,0.2,pres+house+senate+statewide
2020,2010s,New Jersey,NJ,NJ-01,,False,0,2,,Camden County; Gloucester County,2,190237,113879,4109,308224,62.55,37.45,52.29,10.25,D+10.2,100.0,10.27,11.86,8.6,,0.5,0.25,0.25,0.0,pres+house+senate
2020,2010s,New Jersey,NJ,NJ-02,,False,4,4,Atlantic County; Cape May County; Cumberland County; Salem County,Burlington County; Camden County; Gloucester County; Ocean County,8,269390,257475,7034,533900,51.13,48.87,52.29,0.68,D+0.7,44.9,-1.15,-3.55,8.6,,0.5,0.25,0.25,0.0,pres+house+senate
2020,2010s,New Jersey,NJ,NJ-03,,False,0,2,,Burlington County; Ocean County,2,174739,180037,4741,359517,49.25,50.75,52.29,1.46,D+1.5,100.0,-3.03,3.32,8.6,,0.5,0.25,0.25,0.0,pres+house+senate
2020,2010s,New Jersey,NJ,NJ-04,,False,0,3,,Mercer County; Monmouth County; Ocean County,3,226127,254385,6430,486941,47.06,52.94,52.29,-3.37,R+3.4,100.0,-5.23,-11.62,8.6,,0.5,0.25,0.25,0.0,pres+house+senate
2020,2010s,New Jersey,NJ,NJ-05,,False,0,4,,Bergen County; Passaic County; Sussex County; Warren County,4,330113,271910,7831,609854,54.83,45.17,52.29,4.22,D+4.2,100.0,2.55,3.19,8.6,,0.5,0.25,0.25,0.0,pres+house+senate
2020,2010s,New Jersey,NJ,NJ-06,,False,0,2,,Middlesex County; Monmouth County,2,127295,94950,2860,225105,57.28,42.72,52.29,7.29,D+7.3,100.0,4.99,10.56,8.6,,0.5,0.25,0.25,0.0,pres+house+senate
2020,2010s,New Jersey,NJ,NJ-07,,False,1,5,Hunterdon County,Essex County; Morris County; Somerset County; Union County; Warren County,6,290556,201045,7075,498676,59.1,40.9,52.29,5.56,D+5.6,83.1,6.82,-0.01,8.6,,0.5,0.25,0.25,0.0,pres+house+senate
2020,2010s,New Jersey,NJ,NJ-08,,False,0,3,,Essex County; Hudson County; Union County,3,162457,59339,2367,224162,73.25,26.75,52.29,18.74,D+18.7,100.0,20.96,24.46,8.6,,0.5,0.25,0.25,0.0,pres+house+senate
2020,2010s,New Jersey,NJ,NJ-09,,False,0,3,,Bergen County; Hudson County; Passaic County,3,125104,78124,2274,205503,61.56,38.44,52.29,10.98,D+11.0,100.0,9.27,16.76,8.6,,0.5,0.25,0.25,0.0,pres+house+senate
2020,2010s,New Jersey,NJ,NJ-10,,False,0,3,,Essex County; Hudson County; Union County,3,160248,55280,2111,217639,74.35,25.65,52.29,21.95,D+22.0,100.0,22.07,35.09,8.6,,0.5,0.25,0.25,0.0,pres+house+senate
2020,2010s,New Jersey,NJ,NJ-11,,False,0,4,,Essex County; Morris County; Passaic County; Sussex County,4,285038,170639,5532,461209,62.55,37.45,52.29,7.95,D+8.0,100.0,10.27,2.69,8.6,,0.5,0.25,0.25,0.0,pres+house+senate
2020,2010s,New Jersey,NJ,NJ-12,,False,0,4,,Mercer County; Middlesex County; Somerset County; Union County,4,267096,146250,5380,418726,64.62,35.38,52.29,12.37,D+12.4,100.0,12.33,16.22,8.6,,0.5,0.25,0.25,0.0,pres+house+senate
2020,2010s,New Mexico,NM,NM-01,,False,1,4,Torrance County,Bernalillo County; Sandoval County; Santa Fe County; Valencia County,5,163306,101762,6544,271612,61.61,38.39,52.29,8.14,D+8.1,97.3,9.32,7.57,3.42,11.05,0.4,0.2,0.2,0.2,pres+house+senate+statewide
2020,2010s,New Mexico,NM,NM-02,,False,15,4,Catron County; Chaves County; Cibola County; De Baca County; Doña Ana County; Eddy County; Grant County; Guadalupe County; Hidalgo County; Lea County; Lincoln County; Luna County; Otero County; Sierra County; Socorro County,Bernalillo County; McKinley County; Roosevelt County; Valencia County,19,154509,173828,7056,335392,47.06,52.94,52.29,-0.06,R+0.1,29.9,-5.23,-4.34,3.42,11.05,0.4,0.2,0.2,0.2,pres+house+senate+statewide
2020,2010s,New Mexico,NM,NM-03,,False,11,4,Colfax County; Curry County; Harding County; Los Alamos County; Mora County; Quay County; Rio Arriba County; San Juan County; San Miguel County; Taos County; Union County,McKinley County; Roosevelt County; Sandoval County; Santa Fe County,15,183799,126304,6857,316961,59.27,40.73,52.29,7.3,D+7.3,55.9,6.99,8.07,3.42,11.05,0.4,0.2,0.2,0.2,pres+house+senate+statewide
2020,2010s,Nevada,NV,NV-01,,False,0,1,,Clark County,1,6784,5602,256,12643,54.77,45.23,52.29,6.02,D+6.0,100.0,2.49,14.31,,4.8,0.5,0.25,0.0,0.25,pres+house+statewide
2020,2010s,Nevada,NV,NV-02,,False,10,1,Churchill County; Douglas County; Elko County; Eureka County; Humboldt County; Lander County; Pershing County; Storey County; Washoe County; Carson City,Lyon County,11,167907,203410,11021,382339,45.22,54.78,52.29,-4.51,R+4.5,3.9,-7.07,-8.72,,4.8,0.5,0.25,0.0,0.25,pres+house+statewide
2020,2010s,Nevada,NV,NV-03,,False,0,1,,Clark County,1,186823,154273,7063,348159,54.77,45.23,52.29,2.68,D+2.7,100.0,2.49,0.96,,4.8,0.5,0.25,0.0,0.25,pres+house+statewide
2020,2010s,Nevada,NV,NV-04,,False,5,2,Esmeralda County; Lincoln County; Mineral County; Nye County; White Pine County,Clark County; Lyon County,7,341972,306605,13659,662236,52.73,47.27,52.29,1.9,D+1.9,94.7,0.44,1.91,,4.8,0.5,0.25,0.0,0.25,pres+house+statewide
2020,2010s,New York,NY,NY-01,,False,0,1,,Suffolk County,1,272321,272487,7871,552680,49.98,50.02,52.29,-0.38,R+0.4,100.0,-2.3,-5.47,,8.54,0.5,0.25,0.0,0.25,pres+house+statewide
2020,2010s,New York,NY,NY-02,,False,0,2,,Nassau County; Suffolk County,2,106943,99235,2877,209056,51.87,48.13,52.29,0.9,D+0.9,100.0,-0.42,-4.1,,8.54,0.5,0.25,0.0,0.25,pres+house+statewide
2020,2010s,New York,NY,NY-03,,False,0,3,,Nassau County; Queens County; Suffolk County,3,280614,216225,6484,503323,56.48,43.52,52.29,5.64,D+5.6,100.0,4.19,5.65,,8.54,0.5,0.25,0.0,0.25,pres+house+statewide
2020,2010s,New York,NY,NY-04,,False,0,1,,Nassau County,1,155826,128399,3748,287973,54.82,45.18,52.29,4.91,D+4.9,100.0,2.54,6.01,,8.54,0.5,0.25,0.0,0.25,pres+house+statewide
2020,2010s,New York,NY,NY-05,,False,0,2,,Nassau County; Queens County,2,239788,95507,3613,338908,71.52,28.48,52.29,15.67,D+15.7,100.0,19.23,,,8.54,0.667,0.0,0.0,0.333,pres+statewide
2020,2010s,New York,NY,NY-06,,False,0,1,,Queens County,1,156072,58329,2270,216671,72.79,27.21,52.29,16.73,D+16.7,100.0,20.51,17.38,,8.54,0.5,0.25,0.0,0.25,pres+house+statewide
2020,2010s,New York,NY,NY-07,,False,0,3,,Kings County; New York County; Queens County,3,165092,44357,2392,211841,78.82,21.18,52.29,24.11,D+24.1,100.0,26.54,34.84,,8.54,0.5,0.25,0.0,0.25,pres+house+statewide
2020,2010s,New York,NY,NY-08,,False,0,2,,Kings County; Queens County,2,280870,82583,3973,367425,77.28,22.72,52.29,23.19,D+23.2,100.0,24.99,34.22,,8.54,0.5,0.25,0.0,0.25,pres+house+statewide
2020,2010s,New York,NY,NY-09,,False,0,1,,Kings County,1,154574,44565,2182,201321,77.62,22.38,52.29,23.14,D+23.1,100.0,25.34,33.35,,8.54,0.5,0.25,0.0,0.25,pres+house+statewide
2020,2010s,New York,NY,NY-10,,False,0,2,,Kings County; New York County,2,263987,47623,4072,315681,84.72,15.28,52.29,24.58,D+24.6,100.0,32.43,24.9,,8.54,0.5,0.25,0.0,0.25,pres+house+statewide
2020,2010s,New York,NY,NY-11,,False,1,1,Richmond County,Kings County,2,164068,144387,3481,311937,53.19,46.81,52.29,1.65,D+1.6,30.5,0.91,-3.76,,8.54,0.5,0.25,0.0,0.25,pres+house+statewide
2020,2010s,New York,NY,NY-12,,False,0,3,,Kings County; New York County; Queens County,3,234044,43298,3639,280981,84.39,15.61,52.29,26.36,D+26.4,100.0,32.1,32.71,,8.54,0.5,0.25,0.0,0.25,pres+house+statewide
2020,2010s,New York,NY,NY-13,,False,0,2,,Bronx County; New York County,2,221180,32419,3378,256976,87.22,12.78,52.29,29.98,D+30.0,100.0,34.93,41.51,,8.54,0.5,0.25,0.0,0.25,pres+house+statewide
2020,2010s,New York,NY,NY-14,,False,0,2,,Bronx County; Queens County,2,194944,50406,2287,247637,79.46,20.54,52.29,21.15,D+21.1,100.0,27.17,21.7,,8.54,0.5,0.25,0.0,0.25,pres+house+statewide
2020,2010s,New York,NY,NY-15,,False,0,1,,Bronx County,1,122959,23438,1238,147636,83.99,16.01,52.29,27.55,D+27.6,100.0,31.7,38.26,,8.54,0.5,0.25,0.0,0.25,pres+house+statewide
2020,2010s,New York,NY,NY-16,,False,0,2,,Bronx County; Westchester County,2,134116,38682,1666,174464,77.61,22.39,52.29,19.73,D+19.7,100.0,25.33,,,8.54,0.667,0.0,0.0,0.333,pres+statewide
2020,2010s,New York,NY,NY-17,,False,1,1,Rockland County,Westchester County,2,227334,143381,4234,374949,61.32,38.68,52.29,9.68,D+9.7,59.8,9.04,12.1,,8.54,0.5,0.25,0.0,0.25,pres+house+statewide
2020,2010s,New York,NY,NY-18,,False,2,2,Orange County; Putnam County,Dutchess County; Westchester County,4,239314,180241,5848,425403,57.04,42.96,52.29,5.95,D+5.9,46.5,4.75,5.74,,8.54,0.5,0.25,0.0,0.25,pres+house+statewide
2020,2010s,New York,NY,NY-19,,False,7,4,Columbia County; Delaware County; Greene County; Otsego County; Schoharie County; Sullivan County; Ulster County,Broome County; Dutchess County; Montgomery County; Rensselaer County,11,241920,219419,9788,471127,52.44,47.56,52.29,3.54,D+3.5,44.9,0.15,5.3,,8.54,0.5,0.25,0.0,0.25,pres+house+statewide
2020,2010s,New York,NY,NY-20,,False,2,3,Albany County; Schenectady County,Montgomery County; Rensselaer County; Saratoga County,5,169873,109614,6642,286130,60.78,39.22,52.29,9.03,D+9.0,19.9,8.5,10.57,,8.54,0.5,0.25,0.0,0.25,pres+house+statewide
2020,2010s,New York,NY,NY-21,,False,10,2,Clinton County; Essex County; Franklin County; Fulton County; Hamilton County; Jefferson County; Lewis County; St. Lawrence County; Warren County; Washington County,Herkimer County; Saratoga County,12,172704,202630,7699,383034,46.01,53.99,52.29,-3.36,R+3.4,30.2,-6.27,-9.45,,8.54,0.5,0.25,0.0,0.25,pres+house+statewide
2020,2010s,New York,NY,NY-22,,False,4,4,Chenango County; Cortland County; Madison County; Oneida County,Broome County; Herkimer County; Oswego County; Tioga County,8,136052,169615,7107,312773,44.51,55.49,52.29,-1.91,R+1.9,42.4,-7.78,-0.63,,8.54,0.5,0.25,0.0,0.25,pres+house+statewide
2020,2010s,New York,NY,NY-23,,False,9,2,Allegany County; Cattaraugus County; Chautauqua County; Chemung County; Schuyler County; Seneca County; Steuben County; Tompkins County; Yates County,Ontario County; Tioga County,11,142292,178350,7661,328303,44.38,55.62,52.29,-4.07,R+4.1,14.0,-7.91,-9.01,,8.54,0.5,0.25,0.0,0.25,pres+house+statewide
2020,2010s,New York,NY,NY-24,,False,3,1,Cayuga County; Onondaga County; Wayne County,Oswego County,4,179516,147750,7631,334897,54.85,45.15,52.29,1.94,D+1.9,5.2,2.57,-5.9,,8.54,0.5,0.25,0.0,0.25,pres+house+statewide
2020,2010s,New York,NY,NY-25,,False,0,1,,Monroe County,1,175856,113470,7464,296790,60.78,39.22,52.29,8.79,D+8.8,100.0,8.5,9.63,,8.54,0.5,0.25,0.0,0.25,pres+house+statewide
2020,2010s,New York,NY,NY-26,,False,0,2,,Erie County; Niagara County,2,52289,39708,1708,93704,56.84,43.16,52.29,9.48,D+9.5,100.0,4.55,20.28,,8.54,0.5,0.25,0.0,0.25,pres+house+statewide
2020,2010s,New York,NY,NY-27,,False,4,4,Genesee County; Livingston County; Orleans County; Wyoming County,Erie County; Monroe County; Niagara County; Ontario County,8,360336,325879,14418,700633,52.51,47.49,52.29,-0.53,R+0.5,86.0,0.23,-11.11,,8.54,0.5,0.25,0.0,0.25,pres+house+statewide
2020,2010s,Ohio,OH,OH-01,,False,1,1,Warren County,Hamilton County,2,218948,212864,7141,438953,50.7,49.3,52.29,-3.15,R+3.1,68.9,-1.58,-4.32,,-5.11,0.5,0.25,0.0,0.25,pres+house+statewide
2020,2010s,Ohio,OH,OH-02,,False,5,3,Adams County; Brown County; Clermont County; Highland County; Pike County,Hamilton County; Ross County; Scioto County,8,129740,199117,5217,334073,39.45,60.55,52.29,-10.62,R+10.6,47.3,-12.83,-11.7,,-5.11,0.5,0.25,0.0,0.25,pres+house+statewide
2020,2010s,Ohio,OH,OH-03,,False,0,1,,Franklin County,1,174704,90198,5188,270091,65.95,34.05,52.29,10.61,D+10.6,100.0,13.67,20.23,,-5.11,0.5,0.25,0.0,0.25,pres+house+statewide
2020,2010s,Ohio,OH,OH-04,,False,9,5,Allen County; Auglaize County; Champaign County; Crawford County; Logan County; Sandusky County; Seneca County; Shelby County; Union County,Erie County; Huron County; Lorain County; Marion County; Mercer County,14,114479,242185,6531,363195,32.1,67.9,52.29,-16.48,R+16.5,30.4,-20.19,-20.45,,-5.11,0.5,0.25,0.0,0.25,pres+house+statewide
2020,2010s,Ohio,OH,OH-05,,False,11,3,Defiance County; Fulton County; Hancock County; Hardin County; Henry County; Paulding County; Putnam County; Van Wert County; Williams County; Wood County; Wyandot County,Lucas County; Mercer County; Ottawa County,14,158776,239695,7453,405924,39.85,60.15,52.29,-12.15,R+12.1,38.1,-12.44,-18.61,,-5.11,0.5,0.25,0.0,0.25,pres+house+statewide
2020,2010s,Ohio,OH,OH-06,,False,13,5,Belmont County; Carroll County; Columbiana County; Gallia County; Guernsey County; Harrison County; Jackson County; Jefferson County; Lawrence County; Meigs County; Monroe County; Noble County; Washington County,Athens County; Mahoning County; Muskingum County; Scioto County; Tuscarawas County,18,121675,269002,5889,396565,31.14,68.86,52.29,-18.1,R+18.1,31.9,-21.14,-25.03,,-5.11,0.5,0.25,0.0,0.25,pres+house+statewide
2020,2010s,Ohio,OH,OH-07,,False,4,6,Ashland County; Coshocton County; Holmes County; Knox County,Huron County; Lorain County; Medina County; Richland County; Stark County; Tuscarawas County,10,163311,282998,7411,453720,36.59,63.41,52.29,-14.23,R+14.2,80.7,-15.69,-20.44,,-5.11,0.5,0.25,0.0,0.25,pres+house+statewide
2020,2010s,Ohio,OH,OH-08,,False,5,1,Butler County; Clark County; Darke County; Miami County; Preble County,Mercer County,6,119917,240292,5869,366078,33.29,66.71,52.29,-15.67,R+15.7,2.2,-18.99,-19.59,,-5.11,0.5,0.25,0.0,0.25,pres+house+statewide
2020,2010s,Ohio,OH,OH-09,,False,0,5,,Cuyahoga County; Erie County; Lorain County; Lucas County; Ottawa County,5,117690,82652,3368,203710,58.74,41.26,52.29,5.07,D+5.1,100.0,6.46,12.47,,-5.11,0.5,0.25,0.0,0.25,pres+house+statewide
2020,2010s,Ohio,OH,OH-10,,False,2,1,Greene County; Montgomery County,Fayette County,3,171724,187036,6950,365711,47.87,52.13,52.29,-5.73,R+5.7,2.2,-4.42,-8.97,,-5.11,0.5,0.25,0.0,0.25,pres+house+statewide
2020,2010s,Ohio,OH,OH-11,,False,0,2,,Cuyahoga County; Summit County,2,180758,97263,3917,281938,65.02,34.98,52.29,12.45,D+12.4,100.0,12.73,29.44,,-5.11,0.5,0.25,0.0,0.25,pres+house+statewide
2020,2010s,Ohio,OH,OH-12,,False,3,4,Delaware County; Licking County; Morrow County,Franklin County; Marion County; Muskingum County; Richland County,7,187532,214984,7565,410081,46.59,53.41,52.29,-6.01,R+6.0,41.7,-5.7,-7.56,,-5.11,0.5,0.25,0.0,0.25,pres+house+statewide
2020,2010s,Ohio,OH,OH-13,,False,0,5,,Mahoning County; Portage County; Stark County; Summit County; Trumbull County,5,111309,117977,3619,232904,48.55,51.45,52.29,-2.33,R+2.3,100.0,-3.74,3.26,,-5.11,0.5,0.25,0.0,0.25,pres+house+statewide
2020,2010s,Ohio,OH,OH-14,,False,3,4,Ashtabula County; Geauga County; Lake County,Cuyahoga County; Portage County; Summit County; Trumbull County,7,261658,252667,7765,522090,50.87,49.13,52.29,-4.66,R+4.7,55.7,-1.41,-10.72,,-5.11,0.5,0.25,0.0,0.25,pres+house+statewide
2020,2010s,Ohio,OH,OH-15,,False,8,4,Clinton County; Fairfield County; Hocking County; Madison County; Morgan County; Perry County; Pickaway County; Vinton County,Athens County; Fayette County; Franklin County; Ross County,12,236702,239570,8516,484788,49.7,50.3,52.29,-6.08,R+6.1,59.7,-2.59,-14.04,,-5.11,0.5,0.25,0.0,0.25,pres+house+statewide
2020,2010s,Ohio,OH,OH-16,,False,1,5,Wayne County,Cuyahoga County; Medina County; Portage County; Stark County; Summit County,6,210242,186336,6047,402625,53.01,46.99,52.29,-4.36,R+4.4,86.5,0.73,-13.81,,-5.11,0.5,0.25,0.0,0.25,pres+house+statewide
2020,2010s,Oklahoma,OK,OK-01,,False,3,2,Tulsa County; Wagoner County; Washington County,Creek County; Rogers County,5,124080,196760,8533,329373,38.67,61.33,52.29,-14.32,R+14.3,1.2,-13.61,-16.71,-15.48,-12.18,0.4,0.2,0.2,0.2,pres+house+senate+statewide
2020,2010s,Oklahoma,OK,OK-02,,False,25,1,Adair County; Atoka County; Bryan County; Cherokee County; Choctaw County; Coal County; Craig County; Delaware County; Haskell County; Hughes County; Johnston County; Latimer County; Le Flore County; McCurtain County; McIntosh County; Marshall County; Mayes County; Muskogee County; Nowata County; Okfuskee County; Okmulgee County; Ottawa County; Pittsburg County; Pushmataha County; Sequoyah County,Rogers County,26,65948,225783,5259,296990,22.61,77.39,52.29,-22.99,R+23.0,14.2,-29.68,-27.95,-15.48,-12.18,0.4,0.2,0.2,0.2,pres+house+senate+statewide
2020,2010s,Oklahoma,OK,OK-03,,False,30,2,Alfalfa County; Beaver County; Beckham County; Blaine County; Caddo County; Cimarron County; Custer County; Dewey County; Ellis County; Garfield County; Grant County; Greer County; Harmon County; Harper County; Jackson County; Kay County; Kingfisher County; Kiowa County; Lincoln County; Logan County; Major County; Noble County; Osage County; Pawnee County; Payne County; Roger Mills County; Texas County; Washita County; Woods County; Woodward County,Canadian County; Creek County,32,73961,239201,7276,320438,23.62,76.38,52.29,-22.82,R+22.8,27.6,-28.67,-29.11,-15.48,-12.18,0.4,0.2,0.2,0.2,pres+house+senate+statewide
2020,2010s,Oklahoma,OK,OK-04,,False,13,2,Carter County; Cleveland County; Comanche County; Cotton County; Garvin County; Grady County; Jefferson County; Love County; McClain County; Murray County; Pontotoc County; Stephens County; Tillman County,Canadian County; Oklahoma County,15,99675,198415,7264,305354,33.44,66.56,52.29,-17.23,R+17.2,8.3,-18.85,-20.82,-15.48,-12.18,0.4,0.2,0.2,0.2,pres+house+senate+statewide
2020,2010s,Oklahoma,OK,OK-05,,False,2,1,Pottawatomie County; Seminole County,Oklahoma County,3,140225,160121,8198,308544,46.69,53.31,52.29,-8.31,R+8.3,88.2,-5.6,-2.68,-15.48,-12.18,0.4,0.2,0.2,0.2,pres+house+senate+statewide
2020,2010s,Oregon,OR,OR-01,,False,4,1,Clatsop County; Columbia County; Washington County; Yamhill County,Multnomah County,5,332586,171522,18033,522141,65.98,34.02,52.29,11.94,D+11.9,16.6,13.69,14.11,9.42,8.77,0.4,0.2,0.2,0.2,pres+house+senate+statewide
2020,2010s,Oregon,OR,OR-02,,False,19,1,Baker County; Crook County; Deschutes County; Gilliam County; Grant County; Harney County; Hood River County; Jackson County; Jefferson County; Klamath County; Lake County; Malheur County; Morrow County; Sherman County; Umatilla County; Union County; Wallowa County; Wasco County; Wheeler County,Josephine County,20,187587,243438,12866,443890,43.52,56.48,52.29,-2.36,R+2.4,0.8,-8.76,-12.47,9.42,8.77,0.4,0.2,0.2,0.2,pres+house+senate+statewide
2020,2010s,Oregon,OR,OR-03,,False,0,2,,Clackamas County; Multnomah County,2,352446,110317,14056,476819,76.16,23.84,52.29,18.2,D+18.2,100.0,23.88,25.04,9.42,8.77,0.4,0.2,0.2,0.2,pres+house+senate+statewide
2020,2010s,Oregon,OR,OR-04,,False,5,2,Coos County; Curry County; Douglas County; Lane County; Linn County,Benton County; Josephine County,7,251393,241133,16791,509317,51.04,48.96,52.29,3.56,D+3.6,19.3,-1.24,2.11,9.42,8.77,0.4,0.2,0.2,0.2,pres+house+senate+statewide
2020,2010s,Oregon,OR,OR-05,,False,4,2,Lincoln County; Marion County; Polk County; Tillamook County,Benton County; Clackamas County,6,216372,192037,13744,422153,52.98,47.02,52.29,4.49,D+4.5,38.1,0.69,2.86,9.42,8.77,0.4,0.2,0.2,0.2,pres+house+senate+statewide
2020,2010s,Pennsylvania,PA,PA-01,,False,0,2,,Delaware County; Philadelphia County,2,243342,66361,3084,312786,78.57,21.43,52.29,12.37,D+12.4,100.0,26.29,-7.17,,4.09,0.5,0.25,0.0,0.25,pres+house+statewide
2020,2010s,Pennsylvania,PA,PA-02,,False,0,2,,Montgomery County; Philadelphia County,2,241858,58949,2935,303742,80.4,19.6,52.29,20.56,D+20.6,100.0,28.12,21.92,,4.09,0.5,0.25,0.0,0.25,pres+house+statewide
2020,2010s,Pennsylvania,PA,PA-03,,False,4,3,Armstrong County; Butler County; Crawford County; Mercer County,Clarion County; Erie County; Lawrence County,7,113527,214214,5053,332795,34.64,65.36,52.29,2.3,D+2.3,24.8,-17.65,40.41,,4.09,0.5,0.25,0.0,0.25,pres+house+statewide
2020,2010s,Pennsylvania,PA,PA-04,,False,2,2,Adams County; York County,Cumberland County; Dauphin County,4,118450,198497,5793,322740,37.37,62.63,52.29,-4.21,R+4.2,8.3,-14.91,8.91,,4.09,0.5,0.25,0.0,0.25,pres+house+statewide
2020,2010s,Pennsylvania,PA,PA-05,,False,11,4,Cameron County; Centre County; Clearfield County; Clinton County; Elk County; Forest County; Jefferson County; McKean County; Potter County; Venango County; Warren County,Clarion County; Erie County; Huntingdon County; Tioga County,15,142219,235219,6450,383889,37.68,62.32,52.29,-2.76,R+2.8,33.4,-14.61,14.08,,4.09,0.5,0.25,0.0,0.25,pres+house+statewide
2020,2010s,Pennsylvania,PA,PA-06,,False,0,4,,Berks County; Chester County; Lebanon County; Montgomery County,4,203326,158228,5524,367078,56.24,43.76,52.29,4.36,D+4.4,100.0,3.95,5.44,,4.09,0.5,0.25,0.0,0.25,pres+house+statewide
2020,2010s,Pennsylvania,PA,PA-07,,False,0,5,,Berks County; Chester County; Delaware County; Lancaster County; Montgomery County,5,344528,232802,8175,585506,59.68,40.32,52.29,5.03,D+5.0,100.0,7.39,1.25,,4.09,0.5,0.25,0.0,0.25,pres+house+statewide
2020,2010s,Pennsylvania,PA,PA-08,,False,1,1,Bucks County,Montgomery County,2,273087,227055,6699,506842,54.6,45.4,52.29,2.47,D+2.5,21.6,2.32,1.16,,4.09,0.5,0.25,0.0,0.25,pres+house+statewide
2020,2010s,Pennsylvania,PA,PA-09,,False,6,5,Bedford County; Blair County; Fayette County; Franklin County; Fulton County; Indiana County,Cambria County; Greene County; Huntingdon County; Somerset County; Washington County,11,99445,253359,4553,357356,28.19,71.81,52.29,-15.26,R+15.3,20.5,-24.1,-16.95,,4.09,0.5,0.25,0.0,0.25,pres+house+statewide
2020,2010s,Pennsylvania,PA,PA-10,,False,10,5,Bradford County; Juniata County; Lycoming County; Mifflin County; Pike County; Snyder County; Sullivan County; Susquehanna County; Union County; Wayne County,Lackawanna County; Monroe County; Northumberland County; Perry County; Tioga County,15,141405,253958,5962,401326,35.77,64.23,52.29,-8.22,R+8.2,38.0,-16.52,-3.93,,4.09,0.5,0.25,0.0,0.25,pres+house+statewide
2020,2010s,Pennsylvania,PA,PA-11,,False,3,6,Columbia County; Montour County; Wyoming County,Carbon County; Cumberland County; Dauphin County; Luzerne County; Northumberland County; Perry County,9,205078,266596,7729,479403,43.48,56.52,52.29,-6.82,R+6.8,88.3,-8.81,-13.74,,4.09,0.5,0.25,0.0,0.25,pres+house+statewide
2020,2010s,Pennsylvania,PA,PA-12,,False,1,5,Beaver County,Allegheny County; Cambria County; Lawrence County; Somerset County; Westmoreland County,6,246473,262519,7702,516695,48.42,51.58,52.29,-6.27,R+6.3,81.7,-3.86,-21.46,,4.09,0.5,0.25,0.0,0.25,pres+house+statewide
2020,2010s,Pennsylvania,PA,PA-13,,False,0,2,,Montgomery County; Philadelphia County,2,248236,82353,3636,334225,75.09,24.91,52.29,6.4,D+6.4,100.0,22.8,-24.1,,4.09,0.5,0.25,0.0,0.25,pres+house+statewide
2020,2010s,Pennsylvania,PA,PA-14,,False,0,1,,Allegheny County,1,124059,81479,3205,208742,60.36,39.64,52.29,1.23,D+1.2,100.0,8.07,-15.31,,4.09,0.5,0.25,0.0,0.25,pres+house+statewide
2020,2010s,Pennsylvania,PA,PA-15,,False,1,4,Lehigh County,Berks County; Dauphin County; Lebanon County; Northampton County,5,221555,225730,7014,454300,49.53,50.47,52.29,-6.37,R+6.4,59.1,-2.75,-24.07,,4.09,0.5,0.25,0.0,0.25,pres+house+statewide
2020,2010s,Pennsylvania,PA,PA-16,,False,0,3,,Berks County; Chester County; Lancaster County,3,143365,169269,5741,318375,45.86,54.14,52.29,-4.68,R+4.7,100.0,-6.43,-9.95,,4.09,0.5,0.25,0.0,0.25,pres+house+statewide
2020,2010s,Pennsylvania,PA,PA-17,,False,1,5,Schuylkill County,Carbon County; Lackawanna County; Luzerne County; Monroe County; Northampton County,6,115763,143096,3810,262669,44.72,55.28,52.29,-2.63,R+2.6,73.1,-7.56,0.53,,4.09,0.5,0.25,0.0,0.25,pres+house+statewide
2020,2010s,Pennsylvania,PA,PA-18,,False,0,4,,Allegheny County; Greene County; Washington County; Westmoreland County,4,235506,249369,7106,491981,48.57,51.43,52.29,3.82,D+3.8,100.0,-3.71,18.63,,4.09,0.5,0.25,0.0,0.25,pres+house+statewide
2020,2010s,Rhode Island,RI,RI-01,,False,2,1,Bristol County; Newport County,Providence County,3,104465,60847,3321,168633,63.19,36.81,52.29,11.55,D+11.6,55.8,10.91,,16.88,7.51,0.5,0.0,0.25,0.25,pres+senate+statewide
2020,2010s,Rhode Island,RI,RI-02,,False,2,1,Kent County; Washington County,Providence County,3,201745,138990,7015,347750,59.21,40.79,52.29,9.19,D+9.2,51.4,6.92,7.74,16.88,7.51,0.4,0.2,0.2,0.2,pres+house+senate+statewide
2020,2010s,South Carolina,SC,SC-01,,False,0,5,,Beaufort County; Berkeley County; Charleston County; Colleton County; Dorchester County,5,138388,131123,4672,274184,51.35,48.65,52.29,-2.34,R+2.3,100.0,-0.94,-1.25,-4.92,-3.67,0.4,0.2,0.2,0.2,pres+house+senate+statewide
2020,2010s,South Carolina,SC,SC-02,,False,3,2,Aiken County; Barnwell County; Lexington County,Orangeburg County; Richland County,5,152305,179478,5242,337025,45.91,54.09,52.29,-5.72,R+5.7,28.8,-6.38,-7.27,-4.92,-3.67,0.4,0.2,0.2,0.2,pres+house+senate+statewide
2020,2010s,South Carolina,SC,SC-03,,False,9,2,Abbeville County; Anderson County; Edgefield County; Greenwood County; Laurens County; McCormick County; Oconee County; Pickens County; Saluda County,Greenville County; Newberry County,11,118215,249348,5540,373103,32.16,67.84,52.29,-14.15,R+14.1,20.3,-20.12,-21.9,-4.92,-3.67,0.4,0.2,0.2,0.2,pres+house+senate+statewide
2020,2010s,South Carolina,SC,SC-04,,False,0,2,,Greenville County; Spartanburg County,2,122928,193674,5687,322289,38.83,61.17,52.29,-9.73,R+9.7,100.0,-13.46,-13.16,-4.92,-3.67,0.4,0.2,0.2,0.2,pres+house+senate+statewide
2020,2010s,South Carolina,SC,SC-05,,False,8,3,Cherokee County; Chester County; Fairfield County; Kershaw County; Lancaster County; Lee County; Union County; York County,Newberry County; Spartanburg County; Sumter County,11,152864,209038,4940,366842,42.24,57.76,52.29,-7.88,R+7.9,17.6,-10.05,-10.73,-4.92,-3.67,0.4,0.2,0.2,0.2,pres+house+senate+statewide
2020,2010s,South Carolina,SC,SC-06,,False,7,9,Allendale County; Bamberg County; Calhoun County; Clarendon County; Hampton County; Jasper County; Williamsburg County,Beaufort County; Berkeley County; Charleston County; Colleton County; Dorchester County; Florence County; Orangeburg County; Richland County; Sumter County,16,261358,210207,7038,478604,55.42,44.58,52.29,3.19,D+3.2,84.4,3.14,18.26,-4.92,-3.67,0.4,0.2,0.2,0.2,pres+house+senate+statewide
2020,2010s,South Carolina,SC,SC-07,,False,7,1,Chesterfield County; Darlington County; Dillon County; Georgetown County; Horry County; Marion County; Marlboro County,Florence County,8,145482,212236,3556,361273,40.67,59.33,52.29,-8.85,R+8.9,15.0,-11.62,-12.45,-4.92,-3.67,0.4,0.2,0.2,0.2,pres+house+senate+statewide
2020,2010s,South Dakota,SD,SD-AL,,True,0,0,,,66,150471,261043,11095,422609,36.57,63.43,52.29,-14.2,R+14.2,0.0,-15.72,,-15.45,-9.9,0.5,0.0,0.25,0.25,pres+senate+statewide
2020,2010s,Tennessee,TN,TN-01,,False,11,1,Carter County; Cocke County; Greene County; Hamblen County; Hancock County; Hawkins County; Johnson County; Sevier County; Sullivan County; Unicoi County; Washington County,Jefferson County,12,70633,242496,5458,318587,22.56,77.44,52.29,-22.61,R+22.6,1.5,-29.73,-27.5,-13.6,-12.48,0.4,0.2,0.2,0.2,pres+house+senate+statewide
2020,2010s,Tennessee,TN,TN-02,,False,5,2,Blount County; Claiborne County; Grainger County; Knox County; Loudon County,Campbell County; Jefferson County,7,124144,229987,7107,361238,35.06,64.94,52.29,-15.94,R+15.9,6.0,-17.23,-19.15,-13.6,-12.48,0.4,0.2,0.2,0.2,pres+house+senate+statewide
2020,2010s,Tennessee,TN,TN-03,,False,9,2,Anderson County; Hamilton County; McMinn County; Monroe County; Morgan County; Polk County; Roane County; Scott County; Union County,Bradley County; Campbell County,11,113237,225671,6183,345092,33.41,66.59,52.29,-16.65,R+16.7,10.2,-18.87,-19.43,-13.6,-12.48,0.4,0.2,0.2,0.2,pres+house+senate+statewide
2020,2010s,Tennessee,TN,TN-04,,False,13,3,Bedford County; Bledsoe County; Franklin County; Grundy County; Lincoln County; Marion County; Marshall County; Meigs County; Moore County; Rhea County; Rutherford County; Sequatchie County; Warren County,Bradley County; Maury County; Van Buren County,16,103445,227078,6135,336657,31.3,68.7,52.29,-17.07,R+17.1,15.8,-20.99,-17.3,-13.6,-12.48,0.4,0.2,0.2,0.2,pres+house+senate+statewide
2020,2010s,Tennessee,TN,TN-05,,False,2,1,Davidson County; Dickson County,Cheatham County,3,210463,130048,10571,351082,61.81,38.19,52.29,-1.76,R+1.8,4.9,9.52,,-13.6,-12.48,0.5,0.0,0.25,0.25,pres+senate+statewide
2020,2010s,Tennessee,TN,TN-06,,False,17,2,Cannon County; Clay County; Coffee County; Cumberland County; DeKalb County; Fentress County; Jackson County; Macon County; Overton County; Pickett County; Putnam County; Robertson County; Smith County; Sumner County; Trousdale County; White County; Wilson County,Cheatham County; Van Buren County,19,96057,271729,6424,374210,26.12,73.88,52.29,-20.89,R+20.9,0.9,-26.17,-26.06,-13.6,-12.48,0.4,0.2,0.2,0.2,pres+house+senate+statewide
2020,2010s,Tennessee,TN,TN-07,,False,17,2,Chester County; Decatur County; Giles County; Hardeman County; Hardin County; Henderson County; Hickman County; Houston County; Humphreys County; Lawrence County; Lewis County; McNairy County; Montgomery County; Perry County; Stewart County; Wayne County; Williamson County,Benton County; Maury County,19,117552,250877,6787,375217,31.91,68.09,52.29,-17.87,R+17.9,6.9,-20.38,-22.51,-13.6,-12.48,0.4,0.2,0.2,0.2,pres+house+senate+statewide
2020,2010s,Tennessee,TN,TN-08,,False,13,2,Carroll County; Crockett County; Dyer County; Fayette County; Gibson County; Haywood County; Henry County; Lake County; Lauderdale County; Madison County; Obion County; Tipton County; Weakley County,Benton County; Shelby County,15,150180,191248,5061,346489,43.99,56.01,52.29,-12.64,R+12.6,39.6,-8.3,-20.51,-13.6,-12.48,0.4,0.2,0.2,0.2,pres+house+senate+statewide
2020,2010s,Tennessee,TN,TN-09,,False,0,1,,Shelby County,1,157999,83341,3939,245279,65.47,34.53,52.29,5.81,D+5.8,100.0,13.18,28.76,-13.6,-12.48,0.4,0.2,0.2,0.2,pres+house+senate+statewide
2020,2010s,Texas,TX,TX-01,,False,10,2,Angelina County; Gregg County; Harrison County; Nacogdoches County; Panola County; Rusk County; Sabine County; San Augustine County; Shelby County; Smith County,Upshur County; Wood County,12,83294,220348,4041,307683,27.43,72.57,52.29,-16.31,R+16.3,5.1,-24.85,-23.22,-4.66,-3.98,0.4,0.2,0.2,0.2,pres+house+senate+statewide
2020,2010s,Texas,TX,TX-02,,False,0,1,,Harris County,1,170784,130317,4173,305274,56.72,43.28,52.29,-1.38,R+1.4,100.0,4.43,-7.12,-4.66,-3.98,0.4,0.2,0.2,0.2,pres+house+senate+statewide
2020,2010s,Texas,TX,TX-03,,False,0,1,,Collin County,1,135103,147606,5238,287946,47.79,52.21,52.29,-4.89,R+4.9,100.0,-4.5,-6.84,-4.66,-3.98,0.4,0.2,0.2,0.2,pres+house+senate+statewide
2020,2010s,Texas,TX,TX-04,,False,16,2,Bowie County; Camp County; Cass County; Delta County; Fannin County; Franklin County; Grayson County; Hopkins County; Hunt County; Lamar County; Marion County; Morris County; Rains County; Red River County; Rockwall County; Titus County,Collin County; Upshur County,18,164797,333479,7203,505479,33.07,66.93,52.29,-14.91,R+14.9,40.2,-19.21,-27.48,-4.66,-3.98,0.4,0.2,0.2,0.2,pres+house+senate+statewide
2020,2010s,Texas,TX,TX-05,,False,5,2,Anderson County; Cherokee County; Henderson County; Kaufman County; Van Zandt County,Dallas County; Wood County,7,133411,176706,4407,314524,43.02,56.98,52.29,-8.22,R+8.2,49.8,-9.27,-13.95,-4.66,-3.98,0.4,0.2,0.2,0.2,pres+house+senate+statewide
2020,2010s,Texas,TX,TX-06,,False,2,1,Ellis County; Navarro County,Tarrant County,3,128437,165863,4744,299043,43.64,56.36,52.29,-6.22,R+6.2,65.0,-8.64,-5.16,-4.66,-3.98,0.4,0.2,0.2,0.2,pres+house+senate+statewide
2020,2010s,Texas,TX,TX-07,,False,0,1,,Harris County,1,85392,65159,2086,152637,56.72,43.28,52.29,0.27,D+0.3,100.0,4.43,1.12,-4.66,-3.98,0.4,0.2,0.2,0.2,pres+house+senate+statewide
2020,2010s,Texas,TX,TX-08,,False,7,2,Grimes County; Houston County; Madison County; Montgomery County; San Jacinto County; Trinity County; Walker County,Harris County; Leon County,9,120133,269204,5278,394616,30.86,69.14,52.29,-15.22,R+15.2,13.4,-21.43,-24.6,-4.66,-3.98,0.4,0.2,0.2,0.2,pres+house+senate+statewide
2020,2010s,Texas,TX,TX-09,,False,0,2,,Fort Bend County; Harris County,2,73575,56586,1813,131974,56.53,43.47,52.29,5.4,D+5.4,100.0,4.24,27.14,-4.66,-3.98,0.4,0.2,0.2,0.2,pres+house+senate+statewide
2020,2010s,Texas,TX,TX-10,,False,5,4,Austin County; Colorado County; Fayette County; Waller County; Washington County,Bastrop County; Harris County; Lee County; Travis County,9,286428,229233,8178,523839,55.55,44.45,52.29,-1.28,R+1.3,85.2,3.26,-4.3,-4.66,-3.98,0.4,0.2,0.2,0.2,pres+house+senate+statewide
2020,2010s,Texas,TX,TX-11,,False,27,2,Andrews County; Brown County; Callahan County; Coke County; Coleman County; Comanche County; Concho County; Dawson County; Eastland County; Ector County; Glasscock County; Hood County; Irion County; Kimble County; Llano County; McCulloch County; Martin County; Mason County; Menard County; Midland County; Mills County; Mitchell County; Palo Pinto County; Runnels County; San Saba County; Sterling County; Tom Green County,Erath County; Stephens County,29,58922,236320,3822,299065,19.96,80.04,52.29,-21.05,R+21.0,4.3,-32.33,-31.94,-4.66,-3.98,0.4,0.2,0.2,0.2,pres+house+senate+statewide
2020,2010s,Texas,TX,TX-12,,False,1,2,Parker County,Tarrant County; Wise County,3,195140,247360,7027,449527,44.1,55.9,52.29,-8.3,R+8.3,83.1,-8.19,-16.49,-4.66,-3.98,0.4,0.2,0.2,0.2,pres+house+senate+statewide
2020,2010s,Texas,TX,TX-13,,False,39,2,Archer County; Armstrong County; Baylor County; Briscoe County; Carson County; Childress County; Clay County; Collingsworth County; Cooke County; Cottle County; Dallam County; Deaf Smith County; Dickens County; Donley County; Foard County; Gray County; Hall County; Hansford County; Hardeman County; Hartley County; Hemphill County; Hutchinson County; Jack County; King County; Knox County; Lipscomb County; Montague County; Moore County; Motley County; Ochiltree County; Oldham County; Potter County; Randall County; Roberts County; Sherman County; Swisher County; Wheeler County; Wichita County; Wilbarger County,Floyd County; Wise County,41,55351,224742,4090,284184,19.76,80.24,52.29,-21.08,R+21.1,9.7,-32.52,-31.72,-4.66,-3.98,0.4,0.2,0.2,0.2,pres+house+senate+statewide
2020,2010s,Texas,TX,TX-14,,False,2,1,Galveston County; Jefferson County,Brazoria County,3,159474,220768,5460,385702,41.94,58.06,52.29,-8.31,R+8.3,35.2,-10.35,-12.22,-4.66,-3.98,0.4,0.2,0.2,0.2,pres+house+senate+statewide
2020,2010s,Texas,TX,TX-15,,False,6,2,Brooks County; Duval County; Guadalupe County; Jim Hogg County; Karnes County; Live Oak County,Hidalgo County; Wilson County,8,136315,134912,3263,274490,50.26,49.74,52.29,-2.37,R+2.4,64.4,-2.03,0.86,-4.66,-3.98,0.4,0.2,0.2,0.2,pres+house+senate+statewide
2020,2010s,Texas,TX,TX-16,,False,0,1,,El Paso County,1,125044,59200,3340,187585,67.87,32.13,52.29,7.32,D+7.3,100.0,15.58,14.08,-4.66,-3.98,0.4,0.2,0.2,0.2,pres+house+senate+statewide
2020,2010s,Texas,TX,TX-17,,False,8,3,Brazos County; Burleson County; Falls County; Freestone County; Limestone County; McLennan County; Milam County; Robertson County,Lee County; Leon County; Travis County,11,122805,165664,5771,294239,42.57,57.43,52.29,-7.29,R+7.3,20.3,-9.71,-8.36,-4.66,-3.98,0.4,0.2,0.2,0.2,pres+house+senate+statewide
2020,2010s,Texas,TX,TX-18,,False,0,1,,Harris County,1,123038,93884,3006,219928,56.72,43.28,52.29,5.07,D+5.1,100.0,4.43,25.11,-4.66,-3.98,0.4,0.2,0.2,0.2,pres+house+senate+statewide
2020,2010s,Texas,TX,TX-19,,False,27,2,Bailey County; Borden County; Castro County; Cochran County; Crosby County; Fisher County; Gaines County; Garza County; Hale County; Haskell County; Hockley County; Howard County; Jones County; Kent County; Lamb County; Lubbock County; Lynn County; Nolan County; Parmer County; Scurry County; Shackelford County; Stonewall County; Taylor County; Terry County; Throckmorton County; Yoakum County; Young County,Floyd County; Stephens County,29,71280,196063,3996,271339,26.66,73.34,52.29,-17.41,R+17.4,1.1,-25.62,-27.18,-4.66,-3.98,0.4,0.2,0.2,0.2,pres+house+senate+statewide
2020,2010s,Texas,TX,TX-20,,False,0,1,,Bexar County,1,71375,49119,2149,122643,59.24,40.76,52.29,4.16,D+4.2,100.0,6.95,15.54,-4.66,-3.98,0.4,0.2,0.2,0.2,pres+house+senate+statewide
2020,2010s,Texas,TX,TX-21,,False,6,4,Bandera County; Blanco County; Gillespie County; Kendall County; Kerr County; Real County,Bexar County; Comal County; Hays County; Travis County,10,139980,185476,5374,330830,43.01,56.99,52.29,-6.25,R+6.2,72.1,-9.27,-4.06,-4.66,-3.98,0.4,0.2,0.2,0.2,pres+house+senate+statewide
2020,2010s,Texas,TX,TX-22,,False,0,3,,Brazoria County; Fort Bend County; Harris County,3,214120,176735,5601,396456,54.78,45.22,52.29,-1.57,R+1.6,100.0,2.5,-4.21,-4.66,-3.98,0.4,0.2,0.2,0.2,pres+house+senate+statewide
2020,2010s,Texas,TX,TX-23,,False,26,3,Brewster County; Crane County; Crockett County; Culberson County; Dimmit County; Edwards County; Frio County; Hudspeth County; Jeff Davis County; Kinney County; Loving County; Maverick County; Medina County; Pecos County; Presidio County; Reagan County; Reeves County; Schleicher County; Sutton County; Terrell County; Upton County; Uvalde County; Val Verde County; Ward County; Winkler County; Zavala County,Bexar County; El Paso County; La Salle County,29,298246,231071,8684,538000,56.35,43.65,52.29,-0.64,R+0.6,78.9,4.06,-2.67,-4.66,-3.98,0.4,0.2,0.2,0.2,pres+house+senate+statewide
2020,2010s,Texas,TX,TX-24,,False,0,3,,Dallas County; Denton County; Tarrant County,3,140523,102662,4246,247431,57.78,42.22,52.29,0.21,D+0.2,100.0,5.5,-1.29,-4.66,-3.98,0.4,0.2,0.2,0.2,pres+house+senate+statewide
2020,2010s,Texas,TX,TX-25,,False,8,3,Bosque County; Burnet County; Coryell County; Hamilton County; Hill County; Johnson County; Lampasas County; Somervell County,Erath County; Hays County; Travis County,11,250428,221933,9021,481382,53.02,46.98,52.29,-2.97,R+3.0,65.9,0.73,-7.66,-4.66,-3.98,0.4,0.2,0.2,0.2,pres+house+senate+statewide
2020,2010s,Texas,TX,TX-26,,False,0,2,,Denton County; Tarrant County,2,209931,242443,7458,459832,46.41,53.59,52.29,-6.58,R+6.6,100.0,-5.88,-12.52,-4.66,-3.98,0.4,0.2,0.2,0.2,pres+house+senate+statewide
2020,2010s,Texas,TX,TX-27,,False,9,4,Aransas County; Calhoun County; Jackson County; Lavaca County; Matagorda County; Nueces County; Refugio County; Victoria County; Wharton County,Bastrop County; Caldwell County; Gonzales County; San Patricio County,13,108283,171574,3852,283708,38.69,61.31,52.29,-10.17,R+10.2,18.2,-13.59,-15.0,-4.66,-3.98,0.4,0.2,0.2,0.2,pres+house+senate+statewide
2020,2010s,Texas,TX,TX-28,,False,5,4,Atascosa County; McMullen County; Starr County; Webb County; Zapata County,Bexar County; Hidalgo County; La Salle County; Wilson County,9,179117,141934,4589,325640,55.79,44.21,52.29,1.53,D+1.5,66.7,3.51,9.3,-4.66,-3.98,0.4,0.2,0.2,0.2,pres+house+senate+statewide
2020,2010s,Texas,TX,TX-29,,False,0,1,,Harris County,1,99165,75668,2423,177256,56.72,43.28,52.29,4.36,D+4.4,100.0,4.43,21.57,-4.66,-3.98,0.4,0.2,0.2,0.2,pres+house+senate+statewide
2020,2010s,Texas,TX,TX-30,,False,0,1,,Dallas County,1,243022,124673,6846,374540,66.09,33.91,52.29,9.83,D+9.8,100.0,13.81,30.2,-4.66,-3.98,0.4,0.2,0.2,0.2,pres+house+senate+statewide
2020,2010s,Texas,TX,TX-31,,False,2,0,Bell County; Williamson County,,2,200809,207622,9427,417858,49.17,50.83,52.29,-4.03,R+4.0,0.0,-3.12,-5.27,-4.66,-3.98,0.4,0.2,0.2,0.2,pres+house+senate+statewide
2020,2010s,Texas,TX,TX-32,,False,0,2,,Collin County; Dallas County,2,119923,65804,3456,189183,64.57,35.43,52.29,3.69,D+3.7,100.0,12.28,2.5,-4.66,-3.98,0.4,0.2,0.2,0.2,pres+house+senate+statewide
2020,2010s,Texas,TX,TX-33,,False,0,2,,Dallas County; Tarrant County,2,121263,87507,3645,212414,58.08,41.92,52.29,4.99,D+5.0,100.0,5.8,21.99,-4.66,-3.98,0.4,0.2,0.2,0.2,pres+house+senate+statewide
2020,2010s,Texas,TX,TX-34,,False,8,3,Bee County; Cameron County; DeWitt County; Goliad County; Jim Wells County; Kenedy County; Kleberg County; Willacy County,Gonzales County; Hidalgo County; San Patricio County,11,100022,96402,2032,198456,50.92,49.08,52.29,-1.01,R+1.0,16.2,-1.36,6.32,-4.66,-3.98,0.4,0.2,0.2,0.2,pres+house+senate+statewide
2020,2010s,Texas,TX,TX-35,,False,0,5,,Bexar County; Caldwell County; Comal County; Hays County; Travis County,5,136558,70903,4246,211708,65.82,34.18,52.29,7.27,D+7.3,100.0,13.54,17.94,-4.66,-3.98,0.4,0.2,0.2,0.2,pres+house+senate+statewide
2020,2010s,Texas,TX,TX-36,,False,8,1,Chambers County; Hardin County; Jasper County; Liberty County; Newton County; Orange County; Polk County; Tyler County,Harris County,9,197641,265405,5829,468875,42.68,57.32,52.29,-10.73,R+10.7,63.7,-9.6,-25.79,-4.66,-3.98,0.4,0.2,0.2,0.2,pres+house+senate+statewide
2020,2010s,Utah,UT,UT-01,,False,9,1,Box Elder County; Cache County; Daggett County; Duchesne County; Morgan County; Rich County; Summit County; Uintah County; Weber County,Davis County,10,97824,194005,12574,304402,33.52,66.48,52.29,-17.06,R+17.1,16.4,-18.76,-20.17,,-10.56,0.5,0.25,0.0,0.25,pres+house+statewide
2020,2010s,Utah,UT,UT-02,,False,10,4,Beaver County; Garfield County; Iron County; Kane County; Millard County; Piute County; Sevier County; Tooele County; Washington County; Wayne County,Davis County; Juab County; Salt Lake County; Sanpete County,14,209410,317442,21423,548275,39.75,60.25,52.29,-11.99,R+12.0,67.9,-12.54,-12.31,,-10.56,0.5,0.25,0.0,0.25,pres+house+statewide
2020,2010s,Utah,UT,UT-03,,False,5,2,Carbon County; Emery County; Grand County; San Juan County; Wasatch County,Salt Lake County; Utah County,7,127619,196118,15567,339304,39.42,60.58,52.29,-14.72,R+14.7,87.1,-12.86,-22.59,,-10.56,0.5,0.25,0.0,0.25,pres+house+statewide
2020,2010s,Utah,UT,UT-04,,False,0,4,,Juab County; Salt Lake County; Sanpete County; Utah County,4,125429,157575,13304,296308,44.32,55.68,52.29,-6.91,R+6.9,100.0,-7.96,-1.15,,-10.56,0.5,0.25,0.0,0.25,pres+house+statewide
2020,2010s,Virginia,VA,VA-01,,False,18,5,Caroline County; Essex County; Gloucester County; James City County; King and Queen County; King George County; King William County; Lancaster County; Mathews County; Middlesex County; Northumberland County; Richmond County; Stafford County; Westmoreland County; York County; Fredericksburg City; Poquoson City; Williamsburg City,Fauquier County; Prince William County; Spotsylvania County; Manassas City; Newport News City,23,240350,221480,8987,470816,52.04,47.96,52.29,-0.76,R+0.8,33.9,-0.24,-8.88,6.34,,0.5,0.25,0.25,0.0,pres+house+senate
2020,2010s,Virginia,VA,VA-02,,False,3,3,Accomack County; Northampton County; Virginia Beach City,Hampton City; Newport News City; Norfolk City,6,205683,149109,7732,362524,57.97,42.03,52.29,5.01,D+5.0,30.7,5.69,2.34,6.34,,0.5,0.25,0.25,0.0,pres+house+senate
2020,2010s,Virginia,VA,VA-03,,False,2,8,Charles City County; Surry County,Henrico County; Prince George County; Hampton City; Newport News City; Norfolk City; Petersburg City; Portsmouth City; Richmond City,10,273009,109040,7413,389463,71.46,28.54,52.29,15.64,D+15.6,97.7,19.17,17.88,6.34,,0.5,0.25,0.25,0.0,pres+house+senate
2020,2010s,Virginia,VA,VA-04,,False,14,4,Amelia County; Dinwiddie County; Greensville County; Isle of Wight County; Nottoway County; Powhatan County; Southampton County; Sussex County; Chesapeake City; Colonial Heights City; Emporia City; Franklin City; Hopewell City; Suffolk City,Chesterfield County; Prince George County; Petersburg City; Portsmouth City,18,221555,215413,7663,444631,50.7,49.3,52.29,3.57,D+3.6,33.7,-1.58,11.09,6.34,,0.5,0.25,0.25,0.0,pres+house+senate
2020,2010s,Virginia,VA,VA-05,,False,21,3,Albemarle County; Appomattox County; Brunswick County; Buckingham County; Campbell County; Charlotte County; Cumberland County; Fluvanna County; Franklin County; Greene County; Halifax County; Lunenburg County; Madison County; Mecklenburg County; Nelson County; Pittsylvania County; Prince Edward County; Rappahannock County; Bedford City; Charlottesville City; Danville City,Fauquier County; Henry County; Lynchburg City,24,182052,217506,6591,406149,45.56,54.44,52.29,-2.57,R+2.6,10.7,-6.72,-3.19,6.34,,0.5,0.25,0.25,0.0,pres+house+senate
2020,2010s,Virginia,VA,VA-06,,False,16,4,Amherst County; Augusta County; Bath County; Botetourt County; Highland County; Page County; Rockbridge County; Rockingham County; Shenandoah County; Warren County; Buena Vista City; Harrisonburg City; Lexington City; Roanoke City; Staunton City; Waynesboro City,Bedford County; Roanoke County; Lynchburg City; Salem City,20,137184,209765,7340,354289,39.54,60.46,52.29,-8.61,R+8.6,18.8,-12.75,-15.28,6.34,,0.5,0.25,0.25,0.0,pres+house+senate
2020,2010s,Virginia,VA,VA-07,,False,6,4,Culpeper County; Goochland County; Hanover County; Louisa County; New Kent County; Orange County,Chesterfield County; Henrico County; Spotsylvania County; Richmond City,10,196147,198626,7399,402172,49.69,50.31,52.29,0.36,D+0.4,57.2,-2.6,0.3,6.34,,0.5,0.25,0.25,0.0,pres+house+senate
2020,2010s,Virginia,VA,VA-08,,False,3,1,Arlington County; Alexandria City; Falls Church City,Fairfax County,4,293069,84203,8342,385613,77.68,22.32,52.29,20.62,D+20.6,42.4,25.4,25.35,6.34,,0.5,0.25,0.25,0.0,pres+house+senate
2020,2010s,Virginia,VA,VA-09,,False,26,3,Alleghany County; Bland County; Buchanan County; Carroll County; Craig County; Dickenson County; Floyd County; Giles County; Grayson County; Lee County; Montgomery County; Patrick County; Pulaski County; Russell County; Scott County; Smyth County; Tazewell County; Washington County; Wise County; Wythe County; Bristol City; Covington City; Galax City; Martinsville City; Norton City; Radford City,Henry County; Roanoke County; Salem City,29,106527,254570,5447,366543,29.5,70.5,52.29,-13.08,R+13.1,17.5,-22.78,,6.34,,0.667,0.0,0.333,0.0,pres+senate
2020,2010s,Virginia,VA,VA-10,,False,5,3,Clarke County; Frederick County; Loudoun County; Manassas Park City; Winchester City,Fairfax County; Prince William County; Manassas City,8,385719,219861,12333,617913,63.69,36.31,52.29,8.78,D+8.8,51.3,11.41,5.96,6.34,,0.5,0.25,0.25,0.0,pres+house+senate
2020,2010s,Virginia,VA,VA-11,,False,1,2,Fairfax City,Fairfax County; Prince William County,3,168361,71412,4991,244765,70.22,29.78,52.29,15.79,D+15.8,94.5,17.93,20.98,6.34,,0.5,0.25,0.25,0.0,pres+house+senate
2020,2010s,Vermont,VT,VT-AL,,True,0,0,,,14,242820,112704,11904,367428,68.3,31.7,52.29,16.64,D+16.6,0.0,16.01,20.75,,13.8,0.5,0.25,0.0,0.25,pres+house+statewide
2020,2010s,Washington,WA,WA-01,,False,0,4,,King County; Skagit County; Snohomish County; Whatcom County,4,723191,335621,34451,1093264,68.3,31.7,52.29,11.62,D+11.6,100.0,16.02,8.01,,6.43,0.5,0.25,0.0,0.25,pres+house+statewide
2020,2010s,Washington,WA,WA-02,,False,2,3,Island County; San Juan County,Skagit County; Snohomish County; Whatcom County,5,80522,53962,4902,139386,59.87,40.13,52.29,8.56,D+8.6,51.8,7.59,12.61,,6.43,0.5,0.25,0.0,0.25,pres+house+statewide
2020,2010s,Washington,WA,WA-03,,False,7,1,Clark County; Cowlitz County; Klickitat County; Lewis County; Pacific County; Skamania County; Wahkiakum County,Thurston County,8,225387,229863,14991,470241,49.51,50.49,52.29,-1.56,R+1.6,10.9,-2.78,-7.12,,6.43,0.5,0.25,0.0,0.25,pres+house+statewide
2020,2010s,Washington,WA,WA-04,,False,7,1,Adams County; Benton County; Douglas County; Franklin County; Grant County; Okanogan County; Yakima County,Walla Walla County,8,129238,186820,10082,326140,40.89,59.11,52.29,-8.32,R+8.3,2.6,-11.39,-16.93,,6.43,0.5,0.25,0.0,0.25,pres+house+statewide
2020,2010s,Washington,WA,WA-05,,False,9,1,Asotin County; Columbia County; Ferry County; Garfield County; Lincoln County; Pend Oreille County; Spokane County; Stevens County; Whitman County,Walla Walla County,10,175885,213247,14625,403757,45.2,54.8,52.29,-4.94,R+4.9,5.7,-7.09,-12.02,,6.43,0.5,0.25,0.0,0.25,pres+house+statewide
2020,2010s,Washington,WA,WA-06,,False,4,2,Clallam County; Grays Harbor County; Jefferson County; Kitsap County,Mason County; Pierce County,6,186937,145895,12856,345688,56.17,43.83,52.29,5.76,D+5.8,21.6,3.88,8.83,,6.43,0.5,0.25,0.0,0.25,pres+house+statewide
2020,2010s,Washington,WA,WA-07,,False,0,2,,King County; Snohomish County,2,57539,17522,2188,77250,76.66,23.34,52.29,21.94,D+21.9,100.0,24.37,32.57,,6.43,0.5,0.25,0.0,0.25,pres+house+statewide
2020,2010s,Washington,WA,WA-08,,False,2,2,Chelan County; Kittitas County,King County; Pierce County,4,605325,298287,29105,932717,66.99,33.01,52.29,9.25,D+9.3,92.5,14.7,1.17,,6.43,0.5,0.25,0.0,0.25,pres+house+statewide
2020,2010s,Washington,WA,WA-09,,False,0,2,,King County; Pierce County,2,74585,23118,2857,100561,76.34,23.66,52.29,19.55,D+19.5,100.0,24.05,23.64,,6.43,0.5,0.25,0.0,0.25,pres+house+statewide
2020,2010s,Washington,WA,WA-10,,False,0,3,,Mason County; Pierce County; Thurston County,3,111003,80316,7310,198629,58.02,41.98,52.29,5.97,D+6.0,100.0,5.73,,,6.43,0.667,0.0,0.0,0.333,pres+statewide
2020,2010s,Wisconsin,WI,WI-01,,False,3,3,Kenosha County; Racine County; Walworth County,Milwaukee County; Rock County; Waukesha County,6,270642,254311,9091,534044,51.56,48.44,52.29,-3.81,R+3.8,52.7,-0.73,-9.97,,,0.667,0.333,0.0,0.0,pres+house
2020,2010s,Wisconsin,WI,WI-02,,False,5,2,Dane County; Green County; Iowa County; Lafayette County; Sauk County,Richland County; Rock County,7,330396,141166,8145,479707,70.06,29.94,52.29,18.22,D+18.2,11.4,17.78,19.11,,,0.667,0.333,0.0,0.0,pres+house
2020,2010s,Wisconsin,WI,WI-03,,False,12,6,Adams County; Buffalo County; Crawford County; Dunn County; Eau Claire County; Grant County; La Crosse County; Pepin County; Pierce County; Portage County; Trempealeau County; Vernon County,Chippewa County; Jackson County; Juneau County; Monroe County; Richland County; Wood County,18,174159,191173,7257,372589,47.67,52.33,52.29,-2.84,R+2.8,18.7,-4.61,0.71,,,0.667,0.333,0.0,0.0,pres+house
2020,2010s,Wisconsin,WI,WI-04,,False,0,1,,Milwaukee County,1,168458,71347,4093,243897,70.25,29.75,52.29,20.66,D+20.7,100.0,17.96,26.06,,,0.667,0.333,0.0,0.0,pres+house
2020,2010s,Wisconsin,WI,WI-05,,False,2,3,Jefferson County; Washington County,Dodge County; Milwaukee County; Waukesha County,5,164451,219358,6225,390034,42.85,57.15,52.29,-9.88,R+9.9,65.1,-9.44,-10.76,,,0.667,0.333,0.0,0.0,pres+house
2020,2010s,Wisconsin,WI,WI-06,,False,8,3,Columbia County; Fond du Lac County; Green Lake County; Manitowoc County; Marquette County; Ozaukee County; Sheboygan County; Waushara County,Dodge County; Milwaukee County; Winnebago County,11,166987,226641,7214,400842,42.42,57.58,52.29,-9.87,R+9.9,26.0,-9.86,-9.87,,,0.667,0.333,0.0,0.0,pres+house
2020,2010s,Wisconsin,WI,WI-07,,False,21,5,Ashland County; Barron County; Bayfield County; Burnett County; Clark County; Douglas County; Florence County; Forest County; Iron County; Langlade County; Lincoln County; Marathon County; Oneida County; Polk County; Price County; Rusk County; St. Croix County; Sawyer County; Taylor County; Vilas County; Washburn County,Chippewa County; Jackson County; Juneau County; Monroe County; Wood County,26,175474,260654,7535,443662,40.23,59.77,52.29,-11.83,R+11.8,14.0,-12.05,-11.38,,,0.667,0.333,0.0,0.0,pres+house
2020,2010s,Wisconsin,WI,WI-08,,False,10,1,Brown County; Calumet County; Door County; Kewaunee County; Marinette County; Menominee County; Oconto County; Outagamie County; Shawano County; Waupaca County,Winnebago County,11,180300,245535,7431,433266,42.34,57.66,52.29,-11.57,R+11.6,4.3,-9.94,-14.81,,,0.667,0.333,0.0,0.0,pres+house
2020,2010s,West Virginia,WV,WV-01,,False,20,0,Barbour County; Brooke County; Doddridge County; Gilmer County; Grant County; Hancock County; Harrison County; Marion County; Marshall County; Mineral County; Monongalia County; Ohio County; Pleasants County; Preston County; Ritchie County; Taylor County; Tucker County; Tyler County; Wetzel County; Wood County,,20,81849,183904,4786,270539,30.8,69.2,52.29,-18.06,R+18.1,0.0,-21.49,-19.59,-21.96,-5.79,0.4,0.2,0.2,0.2,pres+house+senate+statewide
2020,2010s,West Virginia,WV,WV-02,,False,17,0,Berkeley County; Braxton County; Calhoun County; Clay County; Hampshire County; Hardy County; Jackson County; Jefferson County; Kanawha County; Lewis County; Morgan County; Pendleton County; Putnam County; Randolph County; Roane County; Upshur County; Wirt County,,17,92623,184784,5169,282576,33.39,66.61,52.29,-15.85,R+15.8,0.0,-18.9,-13.69,-21.96,-5.79,0.4,0.2,0.2,0.2,pres+house+senate+statewide
2020,2010s,West Virginia,WV,WV-03,,False,18,0,Boone County; Cabell County; Fayette County; Greenbrier County; Lincoln County; Logan County; McDowell County; Mason County; Mercer County; Mingo County; Monroe County; Nicholas County; Pocahontas County; Raleigh County; Summers County; Wayne County; Webster County; Wyoming County,,18,61512,176694,3410,241616,25.82,74.18,52.29,-20.53,R+20.5,0.0,-26.46,-21.95,-21.96,-5.79,0.4,0.2,0.2,0.2,pres+house+senate+statewide
2020,2010s,Wyoming,WY,WY-AL,,True,0,0,,,23,73491,193559,9715,276765,27.52,72.48,52.29,-21.37,R+21.4,0.0,-24.77,-24.23,-22.85,-10.24,0.4,0.2,0.2,0.2,pres+house+senate+statewide
2024,2020s,Alaska,AK,AK-AL,,True,0,0,,,30,139543,184179,13735,337457,43.11,56.89,49.25,-1.95,R+1.9,0.0,-6.14,0.28,,4.22,0.5,0.25,0.0,0.25,pres+house+statewide
2024,2020s,Alabama,AL,AL-01,,False,8,1,Baldwin County; Coffee County; Covington County; Dale County; Escambia County; Geneva County; Henry County; Houston County,Mobile County,9,97599,262863,4188,364650,27.08,72.92,49.25,-23.89,R+23.9,28.2,-22.17,-27.33,,,0.667,0.333,0.0,0.0,pres+house
2024,2020s,Alabama,AL,AL-02,,False,11,2,Barbour County; Bullock County; Butler County; Conecuh County; Crenshaw County; Macon County; Monroe County; Montgomery County; Pike County; Russell County; Washington County,Clarke County; Mobile County,13,130731,127165,3128,261024,50.69,49.31,49.25,2.88,D+2.9,29.2,1.44,5.75,,,0.667,0.333,0.0,0.0,pres+house
2024,2020s,Alabama,AL,AL-03,,False,10,1,Calhoun County; Chambers County; Cherokee County; Clay County; Cleburne County; Etowah County; Lee County; Randolph County; St. Clair County; Tallapoosa County,Talladega County,11,82420,229770,3491,315680,26.4,73.6,49.25,-22.85,R+22.8,10.0,-22.85,,,,1.0,0.0,0.0,0.0,pres
2024,2020s,Alabama,AL,AL-04,,False,11,2,Blount County; Colbert County; Cullman County; DeKalb County; Fayette County; Franklin County; Lamar County; Marion County; Marshall County; Walker County; Winston County,Lauderdale County; Tuscaloosa County,13,61048,270548,3383,334979,18.41,81.59,49.25,-30.84,R+30.8,25.3,-30.84,,,,1.0,0.0,0.0,0.0,pres
2024,2020s,Alabama,AL,AL-05,,False,5,1,Jackson County; Lawrence County; Limestone County; Madison County; Morgan County,Lauderdale County,6,123958,226054,6420,356432,35.42,64.58,49.25,-13.83,R+13.8,3.4,-13.83,,,,1.0,0.0,0.0,0.0,pres
2024,2020s,Alabama,AL,AL-06,,False,6,2,Autauga County; Bibb County; Chilton County; Coosa County; Elmore County; Shelby County,Jefferson County; Talladega County,8,121593,213469,5225,340288,36.29,63.71,49.25,-15.05,R+15.1,35.7,-12.96,-19.25,,,0.667,0.333,0.0,0.0,pres+house
2024,2020s,Alabama,AL,AL-07,,False,10,3,Choctaw County; Dallas County; Greene County; Hale County; Lowndes County; Marengo County; Perry County; Pickens County; Sumter County; Wilcox County,Clarke County; Jefferson County; Tuscaloosa County,13,155063,132749,4225,292037,53.88,46.12,49.25,8.04,D+8.0,75.1,4.63,14.87,,,0.667,0.333,0.0,0.0,pres+house
2024,2020s,Arkansas,AR,AR-01,,False,30,1,Arkansas County; Baxter County; Boone County; Chicot County; Clay County; Craighead County; Crittenden County; Cross County; Desha County; Fulton County; Greene County; Independence County; Izard County; Jackson County; Lawrence County; Lee County; Lincoln County; Lonoke County; Marion County; Mississippi County; Monroe County; Phillips County; Poinsett County; Prairie County; Randolph County; St. Francis County; Searcy County; Sharp County; Stone County; Woodruff County,Pulaski County,31,84836,204286,5802,294925,29.34,70.66,49.25,-19.24,R+19.2,8.4,-19.91,-24.08,,-13.08,0.5,0.25,0.0,0.25,pres+house+statewide
2024,2020s,Arkansas,AR,AR-02,,False,7,1,Cleburne County; Conway County; Faulkner County; Perry County; Saline County; Van Buren County; White County,Pulaski County,8,110718,165971,6684,283373,40.02,59.98,49.25,-9.83,R+9.8,37.8,-9.23,-7.79,,-13.08,0.5,0.25,0.0,0.25,pres+house+statewide
2024,2020s,Arkansas,AR,AR-03,,False,5,1,Benton County; Carroll County; Crawford County; Madison County; Washington County,Sebastian County,6,107244,180521,8088,295852,37.27,62.73,49.25,-13.16,R+13.2,9.2,-11.98,-15.61,,-13.08,0.5,0.25,0.0,0.25,pres+house+statewide
2024,2020s,Arkansas,AR,AR-04,,False,31,2,Ashley County; Bradley County; Calhoun County; Clark County; Cleveland County; Columbia County; Dallas County; Drew County; Franklin County; Garland County; Grant County; Hempstead County; Hot Spring County; Howard County; Jefferson County; Johnson County; Lafayette County; Little River County; Logan County; Miller County; Montgomery County; Nevada County; Newton County; Ouachita County; Pike County; Polk County; Pope County; Scott County; Sevier County; Union County; Yell County,Pulaski County; Sebastian County,33,94107,208463,5956,308526,31.1,68.9,49.25,-17.78,R+17.8,13.1,-18.15,-21.76,,-13.08,0.5,0.25,0.0,0.25,pres+house+statewide
2024,2020s,Arizona,AZ,AZ-01,,False,0,1,,Maricopa County,1,174469,187200,4071,365740,48.24,51.76,49.25,-0.55,R+0.6,100.0,-1.01,-0.76,1.72,-1.71,0.4,0.2,0.2,0.2,pres+house+senate+statewide
2024,2020s,Arizona,AZ,AZ-02,,False,5,3,Apache County; Coconino County; Gila County; Navajo County; Yavapai County,Graham County; Mohave County; Pinal County,8,185571,267615,4646,457832,40.95,59.05,49.25,-3.99,R+4.0,27.9,-8.3,-3.34,1.72,-1.71,0.4,0.2,0.2,0.2,pres+house+senate+statewide
2024,2020s,Arizona,AZ,AZ-03,,False,0,1,,Maricopa County,1,21933,23534,512,45979,48.24,51.76,49.25,4.38,D+4.4,100.0,-1.01,23.89,1.72,-1.71,0.4,0.2,0.2,0.2,pres+house+senate+statewide
2024,2020s,Arizona,AZ,AZ-04,,False,0,1,,Maricopa County,1,18942,20325,442,39709,48.24,51.76,49.25,0.57,D+0.6,100.0,-1.01,4.86,1.72,-1.71,0.4,0.2,0.2,0.2,pres+house+senate+statewide
2024,2020s,Arizona,AZ,AZ-05,,False,0,2,,Maricopa County; Pinal County,2,27586,30931,647,59164,47.14,52.86,49.25,-2.69,R+2.7,100.0,-2.11,-9.24,1.72,-1.71,0.4,0.2,0.2,0.2,pres+house+senate+statewide
2024,2020s,Arizona,AZ,AZ-06,,False,1,4,Greenlee County,Cochise County; Graham County; Pima County; Pinal County,5,101260,116537,2515,220311,46.49,53.51,49.25,-1.13,R+1.1,98.5,-2.76,-0.14,1.72,-1.71,0.4,0.2,0.2,0.2,pres+house+senate+statewide
2024,2020s,Arizona,AZ,AZ-07,,False,1,5,Santa Cruz County,Cochise County; Maricopa County; Pima County; Pinal County; Yuma County,6,599815,572155,13519,1185488,51.18,48.82,49.25,3.69,D+3.7,98.4,1.93,14.6,1.72,-1.71,0.4,0.2,0.2,0.2,pres+house+senate+statewide
2024,2020s,Arizona,AZ,AZ-08,,False,0,1,,Maricopa County,1,62809,67392,1466,131666,48.24,51.76,49.25,-1.47,R+1.5,100.0,-1.01,-5.35,1.72,-1.71,0.4,0.2,0.2,0.2,pres+house+senate+statewide
2024,2020s,Arizona,AZ,AZ-09,,False,1,3,La Paz County,Maricopa County; Mohave County; Yuma County,4,390475,484553,9242,884271,44.62,55.38,49.25,-4.68,R+4.7,99.1,-4.62,-14.15,1.72,-1.71,0.4,0.2,0.2,0.2,pres+house+senate+statewide
2024,2020s,California,CA,CA-01,,False,9,1,Butte County; Colusa County; Glenn County; Lassen County; Modoc County; Shasta County; Siskiyou County; Sutter County; Tehama County,Yuba County,10,112609,191589,8793,312990,37.02,62.98,49.25,-12.88,R+12.9,3.0,-12.23,-14.19,,,0.667,0.333,0.0,0.0,pres+house
2024,2020s,California,CA,CA-02,,False,5,2,Del Norte County; Humboldt County; Marin County; Mendocino County; Trinity County,San Francisco County; Sonoma County,7,337986,120299,16099,474383,73.75,26.25,49.25,24.01,D+24.0,44.4,24.5,23.03,,,0.667,0.333,0.0,0.0,pres+house
2024,2020s,California,CA,CA-03,,False,7,3,Alpine County; Inyo County; Mono County; Nevada County; Placer County; Plumas County; Sierra County,El Dorado County; Sacramento County; Yuba County,10,228400,245687,15082,489169,48.18,51.82,49.25,-2.15,R+2.2,33.6,-1.07,-4.32,,,0.667,0.333,0.0,0.0,pres+house
2024,2020s,California,CA,CA-04,,False,2,3,Lake County; Napa County,Solano County; Sonoma County; Yolo County,5,215899,112991,10884,339774,65.64,34.36,49.25,16.8,D+16.8,72.8,16.4,17.6,,,0.667,0.333,0.0,0.0,pres+house
2024,2020s,California,CA,CA-05,,False,4,4,Amador County; Calaveras County; Mariposa County; Tuolumne County,El Dorado County; Fresno County; Madera County; Stanislaus County,8,140842,186361,8694,335897,43.04,56.96,49.25,-7.68,R+7.7,74.0,-6.2,-10.64,,,0.667,0.333,0.0,0.0,pres+house
2024,2020s,California,CA,CA-06,,False,0,1,,Sacramento County,1,97404,64365,5882,167652,60.21,39.79,49.25,10.23,D+10.2,100.0,10.96,8.77,,,0.667,0.333,0.0,0.0,pres+house
2024,2020s,California,CA,CA-07,,False,0,2,,Sacramento County; Yolo County,2,252368,166282,15228,433877,60.28,39.72,49.25,13.32,D+13.3,100.0,11.03,17.9,,,0.667,0.333,0.0,0.0,pres+house
2024,2020s,California,CA,CA-08,,False,0,2,,Contra Costa County; Solano County,2,129614,65453,6383,201450,66.45,33.55,49.25,19.84,D+19.8,100.0,17.2,25.12,,,0.667,0.333,0.0,0.0,pres+house
2024,2020s,California,CA,CA-09,,False,0,3,,Contra Costa County; San Joaquin County; Stanislaus County,3,133242,126889,8201,268331,51.22,48.78,49.25,2.3,D+2.3,100.0,1.97,2.94,,,0.667,0.333,0.0,0.0,pres+house
2024,2020s,California,CA,CA-10,,False,0,1,,Contra Costa County,1,257097,112158,12761,382017,69.63,30.37,49.25,19.46,D+19.5,100.0,20.38,17.62,,,0.667,0.333,0.0,0.0,pres+house
2024,2020s,California,CA,CA-11,,False,0,1,,San Francisco County,1,279693,54081,14415,348189,83.8,16.2,49.25,33.76,D+33.8,100.0,34.55,32.18,,,0.667,0.333,0.0,0.0,pres+house
2024,2020s,California,CA,CA-12,,False,0,1,,Alameda County,1,64097,18065,3794,85955,78.01,21.99,49.25,28.77,D+28.8,100.0,28.77,,,,1.0,0.0,0.0,0.0,pres
2024,2020s,California,CA,CA-13,,False,1,4,Merced County,Fresno County; Madera County; San Joaquin County; Stanislaus County,5,181196,207250,10594,399039,46.65,53.35,49.25,-1.34,R+1.3,78.3,-2.6,1.19,,,0.667,0.333,0.0,0.0,pres+house
2024,2020s,California,CA,CA-14,,False,0,1,,Alameda County,1,398318,112258,23575,534152,78.01,21.99,49.25,25.48,D+25.5,100.0,28.77,18.9,,,0.667,0.333,0.0,0.0,pres+house
2024,2020s,California,CA,CA-15,,False,0,2,,San Francisco County; San Mateo County,2,97361,26280,4633,128274,78.75,21.25,49.25,27.75,D+27.7,100.0,29.5,24.25,,,0.667,0.333,0.0,0.0,pres+house
2024,2020s,California,CA,CA-16,,False,0,2,,San Mateo County; Santa Clara County,2,257594,88626,12519,358739,74.4,25.6,49.25,25.15,D+25.2,100.0,25.15,,,,1.0,0.0,0.0,0.0,pres
2024,2020s,California,CA,CA-17,,False,0,2,,Alameda County; Santa Clara County,2,87289,31178,5040,123506,73.68,26.32,49.25,22.56,D+22.6,100.0,24.43,18.81,,,0.667,0.333,0.0,0.0,pres+house
2024,2020s,California,CA,CA-18,,False,1,3,San Benito County,Monterey County; Santa Clara County; Santa Cruz County,4,387813,172052,21240,581105,69.27,30.73,49.25,18.61,D+18.6,95.2,20.02,15.77,,,0.667,0.333,0.0,0.0,pres+house
2024,2020s,California,CA,CA-19,,False,0,4,,Monterey County; San Luis Obispo County; Santa Clara County; Santa Cruz County,4,238343,101396,12783,352522,70.15,29.85,49.25,20.75,D+20.8,100.0,20.91,20.44,,,0.667,0.333,0.0,0.0,pres+house
2024,2020s,California,CA,CA-20,,False,0,4,,Fresno County; Kern County; Kings County; Tulare County,4,129844,192179,8173,330196,40.32,59.68,49.25,-8.93,R+8.9,100.0,-8.93,,,,1.0,0.0,0.0,0.0,pres
2024,2020s,California,CA,CA-21,,False,0,2,,Fresno County; Tulare County,2,16368,20045,940,37352,44.95,55.05,49.25,-1.62,R+1.6,100.0,-4.3,3.72,,,0.667,0.333,0.0,0.0,pres+house
2024,2020s,California,CA,CA-22,,False,0,3,,Kern County; Kings County; Tulare County,3,52703,82432,3337,138471,39.0,61.0,49.25,-7.59,R+7.6,100.0,-10.25,-2.27,,,0.667,0.333,0.0,0.0,pres+house
2024,2020s,California,CA,CA-23,,False,0,3,,Kern County; Los Angeles County; San Bernardino County,3,533150,440781,29625,1003556,54.74,45.26,49.25,0.66,D+0.7,100.0,5.49,-8.99,,,0.667,0.333,0.0,0.0,pres+house
2024,2020s,California,CA,CA-24,,False,1,2,Santa Barbara County,San Luis Obispo County; Ventura County,3,181512,117435,9475,308422,60.72,39.28,49.25,12.26,D+12.3,40.1,11.47,13.85,,,0.667,0.333,0.0,0.0,pres+house
2024,2020s,California,CA,CA-25,,False,1,2,Imperial County,Riverside County; San Bernardino County,3,399356,410520,22266,832142,49.31,50.69,49.25,2.51,D+2.5,93.5,0.06,7.4,,,0.667,0.333,0.0,0.0,pres+house
2024,2020s,California,CA,CA-26,,False,0,1,,Ventura County,1,199305,145659,10431,355395,57.78,42.22,49.25,8.09,D+8.1,100.0,8.53,7.2,,,0.667,0.333,0.0,0.0,pres+house
2024,2020s,California,CA,CA-27,,False,0,1,,Los Angeles County,1,909455,447695,45948,1403098,67.01,32.99,49.25,12.67,D+12.7,100.0,17.76,2.48,,,0.667,0.333,0.0,0.0,pres+house
2024,2020s,California,CA,CA-28,,False,0,2,,Los Angeles County; San Bernardino County,2,353789,176162,17905,547856,66.76,33.24,49.25,17.03,D+17.0,100.0,17.51,16.08,,,0.667,0.333,0.0,0.0,pres+house
2024,2020s,California,CA,CA-29,,False,0,1,,Los Angeles County,1,77814,38305,3931,120051,67.01,32.99,49.25,18.82,D+18.8,100.0,17.76,20.93,,,0.667,0.333,0.0,0.0,pres+house
2024,2020s,California,CA,CA-30,,False,0,1,,Los Angeles County,1,106995,52670,5406,165070,67.01,32.99,49.25,18.35,D+18.4,100.0,17.76,19.53,,,0.667,0.333,0.0,0.0,pres+house
2024,2020s,California,CA,CA-31,,False,0,1,,Los Angeles County,1,126448,62246,6388,195083,67.01,32.99,49.25,15.47,D+15.5,100.0,17.76,10.88,,,0.667,0.333,0.0,0.0,pres+house
2024,2020s,California,CA,CA-32,,False,0,1,,Los Angeles County,1,175082,86187,8846,270115,67.01,32.99,49.25,17.63,D+17.6,100.0,17.76,17.35,,,0.667,0.333,0.0,0.0,pres+house
2024,2020s,California,CA,CA-33,,False,0,1,,San Bernardino County,1,3262,3409,192,6863,48.9,51.1,49.25,3.09,D+3.1,100.0,-0.35,9.96,,,0.667,0.333,0.0,0.0,pres+house
2024,2020s,California,CA,CA-34,,False,0,1,,Los Angeles County,1,29180,14365,1474,45019,67.01,32.99,49.25,17.76,D+17.8,100.0,17.76,,,,1.0,0.0,0.0,0.0,pres
2024,2020s,California,CA,CA-35,,False,0,3,,Los Angeles County; Riverside County; San Bernardino County,3,18032,10762,937,29731,62.62,37.38,49.25,12.1,D+12.1,100.0,13.38,9.56,,,0.667,0.333,0.0,0.0,pres+house
2024,2020s,California,CA,CA-36,,False,0,1,,Los Angeles County,1,58361,28729,2949,90038,67.01,32.99,49.25,18.47,D+18.5,100.0,17.76,19.87,,,0.667,0.333,0.0,0.0,pres+house
2024,2020s,California,CA,CA-37,,False,0,1,,Los Angeles County,1,31612,15562,1597,48771,67.01,32.99,49.25,17.76,D+17.8,100.0,17.76,,,,1.0,0.0,0.0,0.0,pres
2024,2020s,California,CA,CA-38,,False,0,2,,Los Angeles County; Orange County,2,92034,48451,4748,145233,65.51,34.49,49.25,14.5,D+14.5,100.0,16.26,10.99,,,0.667,0.333,0.0,0.0,pres+house
2024,2020s,California,CA,CA-39,,False,0,1,,Riverside County,1,17637,18102,978,36717,49.35,50.65,49.25,2.68,D+2.7,100.0,0.1,7.84,,,0.667,0.333,0.0,0.0,pres+house
2024,2020s,California,CA,CA-40,,False,0,2,,Orange County; San Bernardino County,2,299852,283921,19399,603171,51.36,48.64,49.25,0.04,EVEN,100.0,2.12,-4.11,,,0.667,0.333,0.0,0.0,pres+house
2024,2020s,California,CA,CA-41,,False,0,1,,Riverside County,1,83211,85402,4614,173227,49.35,50.65,49.25,-0.11,R+0.1,100.0,0.1,-0.54,,,0.667,0.333,0.0,0.0,pres+house
2024,2020s,California,CA,CA-42,,False,0,1,,Los Angeles County,1,126448,62246,6388,195083,67.01,32.99,49.25,18.27,D+18.3,100.0,17.76,19.29,,,0.667,0.333,0.0,0.0,pres+house
2024,2020s,California,CA,CA-43,,False,0,1,,Los Angeles County,1,43771,21547,2211,67529,67.01,32.99,49.25,20.58,D+20.6,100.0,17.76,26.22,,,0.667,0.333,0.0,0.0,pres+house
2024,2020s,California,CA,CA-44,,False,0,1,,Los Angeles County,1,55929,27532,2826,86287,67.01,32.99,49.25,19.35,D+19.3,100.0,17.76,22.52,,,0.667,0.333,0.0,0.0,pres+house
2024,2020s,California,CA,CA-45,,False,0,2,,Orange County; Los Angeles County,2,86924,78970,5521,171415,52.4,47.6,49.25,2.52,D+2.5,100.0,3.15,1.25,,,0.667,0.333,0.0,0.0,pres+house
2024,2020s,California,CA,CA-46,,False,0,1,,Orange County,1,65088,61614,4212,130914,51.37,48.63,49.25,6.27,D+6.3,100.0,2.12,14.57,,,0.667,0.333,0.0,0.0,pres+house
2024,2020s,California,CA,CA-47,,False,0,1,,Orange County,1,152333,144204,9857,306394,51.37,48.63,49.25,2.28,D+2.3,100.0,2.12,2.59,,,0.667,0.333,0.0,0.0,pres+house
2024,2020s,California,CA,CA-48,,False,0,2,,Riverside County; San Diego County,2,666324,477394,34451,1178169,58.26,41.74,49.25,3.29,D+3.3,100.0,9.01,-8.14,,,0.667,0.333,0.0,0.0,pres+house
2024,2020s,California,CA,CA-49,,False,0,2,,Orange County; San Diego County,2,166878,139074,9770,315722,54.54,45.46,49.25,4.64,D+4.6,100.0,5.3,3.32,,,0.667,0.333,0.0,0.0,pres+house
2024,2020s,California,CA,CA-50,,False,0,1,,San Diego County,1,53848,37969,2777,94594,58.65,41.35,49.25,11.41,D+11.4,100.0,9.4,15.42,,,0.667,0.333,0.0,0.0,pres+house
2024,2020s,California,CA,CA-51,,False,0,1,,San Diego County,1,37862,26697,1952,66511,58.65,41.35,49.25,10.21,D+10.2,100.0,9.4,11.85,,,0.667,0.333,0.0,0.0,pres+house
2024,2020s,California,CA,CA-52,,False,0,1,,San Diego County,1,28607,20171,1475,50253,58.65,41.35,49.25,12.09,D+12.1,100.0,9.4,17.46,,,0.667,0.333,0.0,0.0,pres+house
2024,2020s,Colorado,CO,CO-01,,False,0,1,,Denver County,1,271605,72879,9865,354348,78.84,21.16,49.25,24.01,D+24.0,100.0,29.6,29.16,,7.68,0.5,0.25,0.0,0.25,pres+house+statewide
2024,2020s,Colorado,CO,CO-02,,False,7,4,Boulder County; Clear Creek County; Gilpin County; Grand County; Jackson County; Routt County; Summit County,Broomfield County; Eagle County; Jefferson County; Larimer County,11,327651,160087,14319,502056,67.18,32.82,49.25,16.24,D+16.2,50.0,17.93,21.41,,7.68,0.5,0.25,0.0,0.25,pres+house+statewide
2024,2020s,Colorado,CO,CO-03,,False,26,1,Alamosa County; Archuleta County; Conejos County; Costilla County; Delta County; Dolores County; Garfield County; Gunnison County; Hinsdale County; Huerfano County; La Plata County; Las Animas County; Mesa County; Mineral County; Moffat County; Montezuma County; Montrose County; Otero County; Ouray County; Pitkin County; Pueblo County; Rio Blanco County; Rio Grande County; Saguache County; San Juan County; San Miguel County,Eagle County,27,179536,219091,10280,408907,45.04,54.96,49.25,-0.54,R+0.5,1.8,-4.21,-1.43,,7.68,0.5,0.25,0.0,0.25,pres+house+statewide
2024,2020s,Colorado,CO,CO-04,,False,16,5,Baca County; Bent County; Cheyenne County; Crowley County; Douglas County; Elbert County; Kiowa County; Kit Carson County; Lincoln County; Logan County; Morgan County; Phillips County; Prowers County; Sedgwick County; Washington County; Yuma County,Adams County; Arapahoe County; El Paso County; Larimer County; Weld County,21,474024,507561,26901,1008486,48.29,51.71,49.25,0.21,D+0.2,68.4,-0.96,-4.92,,7.68,0.5,0.25,0.0,0.25,pres+house+statewide
2024,2020s,Colorado,CO,CO-05,,False,0,1,,El Paso County,1,115234,141059,7232,263525,44.96,55.04,49.25,-1.74,R+1.7,100.0,-4.29,-6.07,,7.68,0.5,0.25,0.0,0.25,pres+house+statewide
2024,2020s,Colorado,CO,CO-06,,False,0,4,,Adams County; Arapahoe County; Denver County; Jefferson County,4,67496,43345,3304,114144,60.89,39.11,49.25,10.66,D+10.7,100.0,11.65,11.68,,7.68,0.5,0.25,0.0,0.25,pres+house+statewide
2024,2020s,Colorado,CO,CO-07,,False,6,2,Chaffee County; Custer County; Fremont County; Lake County; Park County; Teller County,Broomfield County; Jefferson County,8,253428,191501,13002,457931,56.96,43.04,49.25,7.9,D+7.9,83.4,7.71,8.5,,7.68,0.5,0.25,0.0,0.25,pres+house+statewide
2024,2020s,Colorado,CO,CO-08,,False,0,2,,Adams County; Weld County,2,39186,41918,2243,83347,48.32,51.68,49.25,1.65,D+1.6,100.0,-0.93,0.77,,7.68,0.5,0.25,0.0,0.25,pres+house+statewide
2024,2020s,Connecticut,CT,CT-01,,False,0,3,,Hartford County; Litchfield County; Middlesex County,3,169473,112303,4888,286665,60.14,39.86,49.25,11.03,D+11.0,100.0,10.9,15.59,8.93,8.82,0.4,0.2,0.2,0.2,pres+house+senate+statewide
2024,2020s,Connecticut,CT,CT-02,,False,3,3,New London County; Tolland County; Windham County,Hartford County; Middlesex County; New Haven County,6,244474,196534,7819,448827,55.44,44.56,49.25,7.86,D+7.9,38.5,6.19,9.16,8.93,8.82,0.4,0.2,0.2,0.2,pres+house+senate+statewide
2024,2020s,Connecticut,CT,CT-03,,False,0,3,,Fairfield County; Middlesex County; New Haven County,3,161498,124555,5428,291480,56.46,43.54,49.25,8.44,D+8.4,100.0,7.21,10.06,8.93,8.82,0.4,0.2,0.2,0.2,pres+house+senate+statewide
2024,2020s,Connecticut,CT,CT-04,,False,0,2,,Fairfield County; New Haven County,2,186200,125672,4994,316867,59.7,40.3,49.25,10.37,D+10.4,100.0,10.46,13.2,8.93,8.82,0.4,0.2,0.2,0.2,pres+house+senate+statewide
2024,2020s,Connecticut,CT,CT-05,,False,0,4,,Fairfield County; Hartford County; Litchfield County; New Haven County,4,230408,177853,6910,415171,56.44,43.56,49.25,7.34,D+7.3,100.0,7.19,4.56,8.93,8.82,0.4,0.2,0.2,0.2,pres+house+senate+statewide
2024,2020s,District of Columbia,DC,DC-AL,,True,0,0,,,8,294185,21076,10608,325869,93.31,6.69,49.25,44.0,D+44.0,0.0,44.07,43.86,,,0.667,0.333,0.0,0.0,pres+house
2024,2020s,Delaware,DE,DE-AL,,True,0,0,,,3,289758,214351,8803,512912,57.48,42.52,49.25,8.75,D+8.7,0.0,8.23,9.01,9.38,8.89,0.4,0.2,0.2,0.2,pres+house+senate+statewide
2024,2020s,Florida,FL,FL-01,,False,3,1,Escambia County; Okaloosa County; Santa Rosa County,Walton County,4,129810,284139,4280,418229,31.36,68.64,49.25,-12.61,R+12.6,7.0,-17.89,-14.89,-6.01,-6.38,0.4,0.2,0.2,0.2,pres+house+senate+statewide
2024,2020s,Florida,FL,FL-02,,False,14,2,Bay County; Calhoun County; Franklin County; Gadsden County; Gulf County; Holmes County; Jackson County; Jefferson County; Leon County; Liberty County; Madison County; Taylor County; Wakulla County; Washington County,Lafayette County; Walton County,16,166579,243012,4023,413613,40.67,59.33,49.25,-8.01,R+8.0,5.0,-8.58,-10.49,-6.01,-6.38,0.4,0.2,0.2,0.2,pres+house+senate+statewide
2024,2020s,Florida,FL,FL-03,,False,10,2,Alachua County; Baker County; Bradford County; Columbia County; Dixie County; Gilchrist County; Hamilton County; Levy County; Suwannee County; Union County,Lafayette County; Marion County,12,139485,221057,3476,364017,38.69,61.31,49.25,-8.79,R+8.8,24.1,-10.56,-10.46,-6.01,-6.38,0.4,0.2,0.2,0.2,pres+house+senate+statewide
2024,2020s,Florida,FL,FL-04,,False,2,1,Clay County; Nassau County,Duval County,3,211725,297039,5558,514322,41.62,58.38,49.25,-6.75,R+6.8,62.6,-7.63,-6.12,-6.01,-6.38,0.4,0.2,0.2,0.2,pres+house+senate+statewide
2024,2020s,Florida,FL,FL-05,,False,0,2,,Duval County; St. Johns County,2,113829,154089,2914,270832,42.49,57.51,49.25,-7.57,R+7.6,100.0,-6.76,-11.93,-6.01,-6.38,0.4,0.2,0.2,0.2,pres+house+senate+statewide
2024,2020s,Florida,FL,FL-06,,False,2,4,Flagler County; Putnam County,Lake County; Marion County; St. Johns County; Volusia County,6,207624,372395,4526,584545,35.8,64.2,49.25,-10.94,R+10.9,80.1,-13.45,-15.39,-6.01,-6.38,0.4,0.2,0.2,0.2,pres+house+senate+statewide
2024,2020s,Florida,FL,FL-07,,False,1,1,Seminole County,Volusia County,2,177059,217762,4530,399351,44.85,55.15,49.25,-5.31,R+5.3,36.5,-4.4,-5.38,-6.01,-6.38,0.4,0.2,0.2,0.2,pres+house+senate+statewide
2024,2020s,Florida,FL,FL-08,,False,2,1,Brevard County; Indian River County,Orange County,3,219829,311813,5331,536973,41.35,58.65,49.25,-7.86,R+7.9,14.2,-7.9,-11.09,-6.01,-6.38,0.4,0.2,0.2,0.2,pres+house+senate+statewide
2024,2020s,Florida,FL,FL-09,,False,1,2,Osceola County,Orange County; Polk County,3,182785,164896,4200,351882,52.57,47.43,49.25,0.37,D+0.4,50.9,3.32,7.57,-6.01,-6.38,0.4,0.2,0.2,0.2,pres+house+senate+statewide
2024,2020s,Florida,FL,FL-10,,False,0,1,,Orange County,1,92359,69994,2199,164551,56.89,43.11,49.25,3.29,D+3.3,100.0,7.64,13.55,-6.01,-6.38,0.4,0.2,0.2,0.2,pres+house+senate+statewide
2024,2020s,Florida,FL,FL-11,,False,1,3,Sumter County,Lake County; Orange County; Polk County,4,210443,264548,4580,479571,44.3,55.7,49.25,-6.3,R+6.3,78.1,-4.94,-9.24,-6.01,-6.38,0.4,0.2,0.2,0.2,pres+house+senate+statewide
2024,2020s,Florida,FL,FL-12,,False,2,1,Citrus County; Hernando County,Pasco County,3,154902,305421,4019,464342,33.65,66.35,49.25,-12.69,R+12.7,55.0,-15.6,-19.89,-6.01,-6.38,0.4,0.2,0.2,0.2,pres+house+senate+statewide
2024,2020s,Florida,FL,FL-13,,False,0,1,,Pinellas County,1,202932,225548,4311,432791,47.36,52.64,49.25,-3.97,R+4.0,100.0,-1.89,-3.67,-6.01,-6.38,0.4,0.2,0.2,0.2,pres+house+senate+statewide
2024,2020s,Florida,FL,FL-14,,False,0,2,,Hillsborough County; Pinellas County,2,112490,121562,2774,236825,48.06,51.94,49.25,-1.17,R+1.2,100.0,-1.19,8.94,-6.01,-6.38,0.4,0.2,0.2,0.2,pres+house+senate+statewide
2024,2020s,Florida,FL,FL-15,,False,0,3,,Hillsborough County; Pasco County; Polk County,3,152198,180092,4023,336314,45.8,54.2,49.25,-4.86,R+4.9,100.0,-3.45,-5.03,-6.01,-6.38,0.4,0.2,0.2,0.2,pres+house+senate+statewide
2024,2020s,Florida,FL,FL-16,,False,1,1,Manatee County,Hillsborough County,2,214292,276267,5083,495641,43.68,56.32,49.25,-6.37,R+6.4,53.8,-5.56,-8.33,-6.01,-6.38,0.4,0.2,0.2,0.2,pres+house+senate+statewide
2024,2020s,Florida,FL,FL-17,,False,2,1,Charlotte County; Sarasota County,Lee County,3,188939,310183,3402,502524,37.85,62.15,49.25,-9.59,R+9.6,20.1,-11.39,-12.76,-6.01,-6.38,0.4,0.2,0.2,0.2,pres+house+senate+statewide
2024,2020s,Florida,FL,FL-18,,False,6,2,DeSoto County; Glades County; Hardee County; Hendry County; Highlands County; Okeechobee County,Collier County; Polk County,8,138018,244166,3011,385195,36.11,63.89,49.25,-10.56,R+10.6,72.1,-13.14,-14.15,-6.01,-6.38,0.4,0.2,0.2,0.2,pres+house+senate+statewide
2024,2020s,Florida,FL,FL-19,,False,0,2,,Collier County; Lee County,2,108440,196205,2051,306696,35.6,64.4,49.25,-10.97,R+11.0,100.0,-13.65,-15.17,-6.01,-6.38,0.4,0.2,0.2,0.2,pres+house+senate+statewide
2024,2020s,Florida,FL,FL-20,,False,0,2,,Broward County; Palm Beach County,2,620759,509089,10306,1140155,54.94,45.06,49.25,-0.25,R+0.3,100.0,5.69,,-6.01,-6.38,0.5,0.0,0.25,0.25,pres+senate+statewide
2024,2020s,Florida,FL,FL-21,,False,2,1,Martin County; St. Lucie County,Palm Beach County,3,184175,230511,3098,417784,44.41,55.59,49.25,-6.55,R+6.5,32.2,-4.83,-10.68,-6.01,-6.38,0.4,0.2,0.2,0.2,pres+house+senate+statewide
2024,2020s,Florida,FL,FL-22,,False,0,1,,Palm Beach County,1,43628,42963,745,87335,50.38,49.62,49.25,-0.8,R+0.8,100.0,1.14,6.1,-6.01,-6.38,0.4,0.2,0.2,0.2,pres+house+senate+statewide
2024,2020s,Florida,FL,FL-23,,False,0,2,,Broward County; Palm Beach County,2,57432,43323,943,101697,57.0,43.0,49.25,1.34,D+1.3,100.0,7.75,3.59,-6.01,-6.38,0.4,0.2,0.2,0.2,pres+house+senate+statewide
2024,2020s,Florida,FL,FL-24,,False,0,2,,Miami-Dade County; Broward County,2,31470,37147,531,69149,45.86,54.14,49.25,0.05,EVEN,100.0,-3.38,19.39,-6.01,-6.38,0.4,0.2,0.2,0.2,pres+house+senate+statewide
2024,2020s,Florida,FL,FL-25,,False,0,1,,Broward County,1,86332,61083,1405,148820,58.56,41.44,49.25,2.37,D+2.4,100.0,9.32,5.63,-6.01,-6.38,0.4,0.2,0.2,0.2,pres+house+senate+statewide
2024,2020s,Florida,FL,FL-26,,False,0,2,,Collier County; Miami-Dade County,2,187089,283112,3325,473526,39.79,60.21,49.25,-10.22,R+10.2,100.0,-9.46,-19.77,-6.01,-6.38,0.4,0.2,0.2,0.2,pres+house+senate+statewide
2024,2020s,Florida,FL,FL-27,,False,0,1,,Miami-Dade County,1,30743,38758,522,70023,44.23,55.77,49.25,-6.33,R+6.3,100.0,-5.01,-9.24,-6.01,-6.38,0.4,0.2,0.2,0.2,pres+house+senate+statewide
2024,2020s,Florida,FL,FL-28,,False,1,1,Monroe County,Miami-Dade County,2,317675,403952,5423,727050,44.02,55.98,49.25,-7.25,R+7.3,93.9,-5.23,-13.43,-6.01,-6.38,0.4,0.2,0.2,0.2,pres+house+senate+statewide
2024,2020s,Georgia,GA,GA-01,,False,14,1,Appling County; Bacon County; Brantley County; Bryan County; Camden County; Charlton County; Chatham County; Glynn County; Liberty County; Long County; McIntosh County; Pierce County; Ware County; Wayne County,Effingham County,15,149165,201151,1935,352251,42.58,57.42,49.25,-6.46,R+6.5,4.2,-6.67,-10.84,,-1.67,0.5,0.25,0.0,0.25,pres+house+statewide
2024,2020s,Georgia,GA,GA-02,,False,27,3,Baker County; Calhoun County; Chattahoochee County; Clay County; Crawford County; Decatur County; Dooly County; Dougherty County; Early County; Grady County; Lee County; Macon County; Marion County; Miller County; Mitchell County; Peach County; Quitman County; Randolph County; Schley County; Seminole County; Stewart County; Sumter County; Talbot County; Taylor County; Terrell County; Thomas County; Webster County,Bibb County; Houston County; Muscogee County,30,163815,154838,1351,320003,51.41,48.59,49.25,2.53,D+2.5,40.9,2.16,7.48,,-1.67,0.5,0.25,0.0,0.25,pres+house+statewide
2024,2020s,Georgia,GA,GA-03,,False,11,4,Carroll County; Coweta County; Haralson County; Harris County; Heard County; Lamar County; Meriwether County; Pike County; Spalding County; Troup County; Upson County,Douglas County; Fayette County; Henry County; Muscogee County,15,167994,265935,2562,436491,38.71,61.29,49.25,-9.47,R+9.5,30.3,-10.53,-15.16,,-1.67,0.5,0.25,0.0,0.25,pres+house+statewide
2024,2020s,Georgia,GA,GA-04,,False,0,2,,DeKalb County; Gwinnett County,2,258602,76216,3621,338440,77.24,22.76,49.25,20.26,D+20.3,100.0,27.99,26.73,,-1.67,0.5,0.25,0.0,0.25,pres+house+statewide
2024,2020s,Georgia,GA,GA-05,,False,0,3,,Clayton County; DeKalb County; Fulton County,3,184118,48454,2235,234807,79.17,20.83,49.25,23.75,D+23.7,100.0,29.92,36.83,,-1.67,0.5,0.25,0.0,0.25,pres+house+statewide
2024,2020s,Georgia,GA,GA-06,,False,0,4,,Cobb County; Douglas County; Fayette County; Fulton County,4,307361,151680,4862,463902,66.96,33.04,49.25,14.89,D+14.9,100.0,17.71,25.83,,-1.67,0.5,0.25,0.0,0.25,pres+house+statewide
2024,2020s,Georgia,GA,GA-07,,False,3,3,Dawson County; Forsyth County; Lumpkin County,Cherokee County; Fulton County; Hall County,6,192153,220185,4018,416357,46.6,53.4,49.25,-5.17,R+5.2,57.8,-2.65,-13.7,,-1.67,0.5,0.25,0.0,0.25,pres+house+statewide
2024,2020s,Georgia,GA,GA-08,,False,27,2,Atkinson County; Baldwin County; Ben Hill County; Berrien County; Bleckley County; Brooks County; Clinch County; Coffee County; Colquitt County; Cook County; Crisp County; Dodge County; Echols County; Irwin County; Jeff Davis County; Jones County; Lanier County; Lowndes County; Monroe County; Pulaski County; Telfair County; Tift County; Turner County; Twiggs County; Wilcox County; Wilkinson County; Worth County,Bibb County; Houston County,29,123014,219773,1395,344182,35.89,64.11,49.25,-11.54,R+11.5,25.3,-13.36,-17.77,,-1.67,0.5,0.25,0.0,0.25,pres+house+statewide
2024,2020s,Georgia,GA,GA-09,,False,10,2,Banks County; Fannin County; Gilmer County; Habersham County; Jackson County; Rabun County; Stephens County; Towns County; Union County; White County,Gwinnett County; Hall County,12,145867,266214,3263,415343,35.4,64.6,49.25,-11.81,R+11.8,56.0,-13.85,-17.86,,-1.67,0.5,0.25,0.0,0.25,pres+house+statewide
2024,2020s,Georgia,GA,GA-10,,False,16,4,Barrow County; Butts County; Clarke County; Elbert County; Franklin County; Greene County; Hancock County; Hart County; Jasper County; Madison County; Morgan County; Oconee County; Oglethorpe County; Putnam County; Taliaferro County; Walton County,Gwinnett County; Henry County; Newton County; Wilkes County,20,199712,258986,3019,461717,43.54,56.46,49.25,-6.25,R+6.2,32.8,-5.71,-11.9,,-1.67,0.5,0.25,0.0,0.25,pres+house+statewide
2024,2020s,Georgia,GA,GA-11,,False,3,2,Bartow County; Gordon County; Pickens County,Cherokee County; Cobb County,5,150639,230111,3245,383996,39.56,60.44,49.25,-9.3,R+9.3,72.4,-9.68,-16.16,,-1.67,0.5,0.25,0.0,0.25,pres+house+statewide
2024,2020s,Georgia,GA,GA-12,,False,22,2,Bulloch County; Burke County; Candler County; Columbia County; Emanuel County; Evans County; Glascock County; Jefferson County; Jenkins County; Johnson County; Laurens County; Lincoln County; McDuffie County; Montgomery County; Richmond County; Screven County; Tattnall County; Toombs County; Treutlen County; Warren County; Washington County; Wheeler County,Effingham County; Wilkes County,24,151627,206655,1759,360042,42.32,57.68,49.25,-6.17,R+6.2,7.0,-6.93,-9.17,,-1.67,0.5,0.25,0.0,0.25,pres+house+statewide
2024,2020s,Georgia,GA,GA-13,,False,1,5,Rockdale County,Clayton County; DeKalb County; Gwinnett County; Henry County; Newton County,6,217073,105723,2970,325765,67.25,32.75,49.25,14.33,D+14.3,86.1,18.0,22.98,,-1.67,0.5,0.25,0.0,0.25,pres+house+statewide
2024,2020s,Georgia,GA,GA-14,,False,9,1,Catoosa County; Chattooga County; Dade County; Floyd County; Murray County; Paulding County; Polk County; Walker County; Whitfield County,Cobb County,10,136879,257197,2677,396753,34.73,65.27,49.25,-10.98,R+11.0,23.8,-14.51,-13.22,,-1.67,0.5,0.25,0.0,0.25,pres+house+statewide
2024,2020s,Hawaii,HI,HI-01,,False,0,1,,Honolulu County,1,70280,44888,2109,117277,61.02,38.98,49.25,16.28,D+16.3,100.0,11.78,22.99,17.43,17.44,0.4,0.2,0.2,0.2,pres+house+senate+statewide
2024,2020s,Hawaii,HI,HI-02,,False,4,1,Hawaii County; Kalawao County; Kauai County; Maui County,Honolulu County,5,242764,148773,7887,399424,62.0,38.0,49.25,16.06,D+16.1,56.0,12.75,19.93,17.43,17.44,0.4,0.2,0.2,0.2,pres+house+senate+statewide
2024,2020s,Iowa,IA,IA-01,,False,20,0,Cedar County; Clinton County; Des Moines County; Henry County; Iowa County; Jackson County; Jasper County; Jefferson County; Johnson County; Jones County; Keokuk County; Lee County; Louisa County; Mahaska County; Marion County; Muscatine County; Scott County; Van Buren County; Warren County; Washington County,,20,190502,226309,7877,424688,45.7,54.3,49.25,-2.53,R+2.5,0.0,-3.54,1.05,,-4.09,0.5,0.25,0.0,0.25,pres+house+statewide
2024,2020s,Iowa,IA,IA-02,,False,22,0,Allamakee County; Benton County; Black Hawk County; Bremer County; Buchanan County; Butler County; Cerro Gordo County; Chickasaw County; Clayton County; Delaware County; Dubuque County; Fayette County; Floyd County; Grundy County; Hardin County; Howard County; Linn County; Mitchell County; Poweshiek County; Tama County; Winneshiek County; Worth County,,22,186017,227941,7324,421282,44.94,55.06,49.25,-4.86,R+4.9,0.0,-4.31,-6.74,,-4.09,0.5,0.25,0.0,0.25,pres+house+statewide
2024,2020s,Iowa,IA,IA-03,,False,21,0,Adair County; Adams County; Appanoose County; Cass County; Clarke County; Dallas County; Davis County; Decatur County; Greene County; Guthrie County; Lucas County; Madison County; Monroe County; Montgomery County; Page County; Polk County; Ringgold County; Taylor County; Union County; Wapello County; Wayne County,,21,199043,217645,7338,424026,47.77,52.23,49.25,-1.96,R+2.0,0.0,-1.48,-0.77,,-4.09,0.5,0.25,0.0,0.25,pres+house+statewide
2024,2020s,Iowa,IA,IA-04,,False,36,0,Audubon County; Boone County; Buena Vista County; Calhoun County; Carroll County; Cherokee County; Clay County; Crawford County; Dickinson County; Emmet County; Franklin County; Fremont County; Hamilton County; Hancock County; Harrison County; Humboldt County; Ida County; Kossuth County; Lyon County; Marshall County; Mills County; Monona County; O'Brien County; Osceola County; Palo Alto County; Plymouth County; Pocahontas County; Pottawattamie County; Sac County; Shelby County; Sioux County; Story County; Webster County; Winnebago County; Woodbury County; Wright County,,36,131716,255124,6670,393510,34.05,65.95,49.25,-12.64,R+12.6,0.0,-15.2,-16.07,,-4.09,0.5,0.25,0.0,0.25,pres+house+statewide
2024,2020s,Idaho,ID,ID-01,,False,18,1,Adams County; Benewah County; Boise County; Bonner County; Boundary County; Canyon County; Clearwater County; Gem County; Idaho County; Kootenai County; Latah County; Lewis County; Nez Perce County; Owyhee County; Payette County; Shoshone County; Valley County; Washington County,Ada County,19,175127,364492,15897,555515,32.45,67.55,49.25,-18.38,R+18.4,37.0,-16.79,-22.47,,-17.47,0.5,0.25,0.0,0.25,pres+house+statewide
2024,2020s,Idaho,ID,ID-02,,False,25,1,Bannock County; Bear Lake County; Bingham County; Blaine County; Bonneville County; Butte County; Camas County; Caribou County; Cassia County; Clark County; Custer County; Elmore County; Franklin County; Fremont County; Gooding County; Jefferson County; Jerome County; Lemhi County; Lincoln County; Madison County; Minidoka County; Oneida County; Power County; Teton County; Twin Falls County,Ada County,26,99845,240754,10956,351556,29.31,70.69,49.25,-18.16,R+18.2,18.2,-19.93,-15.31,,-17.47,0.5,0.25,0.0,0.25,pres+house+statewide
2024,2020s,Illinois,IL,IL-01,,False,0,3,,Cook County; Kankakee County; Will County,3,222545,139785,6907,369238,61.42,38.58,49.25,13.6,D+13.6,100.0,12.17,17.0,,13.04,0.5,0.25,0.0,0.25,pres+house+statewide
2024,2020s,Illinois,IL,IL-02,,False,1,7,Iroquois County,Champaign County; Cook County; Ford County; Kankakee County; Livingston County; Vermilion County; Will County,8,329007,201648,11846,542500,62.0,38.0,49.25,14.31,D+14.3,97.5,12.75,18.71,,13.04,0.5,0.25,0.0,0.25,pres+house+statewide
2024,2020s,Illinois,IL,IL-03,,False,0,2,,Cook County; DuPage County,2,159549,91507,4940,255997,63.55,36.45,49.25,15.02,D+15.0,100.0,14.3,18.44,,13.04,0.5,0.25,0.0,0.25,pres+house+statewide
2024,2020s,Illinois,IL,IL-04,,False,0,2,,Cook County; DuPage County,2,137795,59166,4487,201449,69.96,30.04,49.25,19.21,D+19.2,100.0,20.71,22.36,,13.04,0.5,0.25,0.0,0.25,pres+house+statewide
2024,2020s,Illinois,IL,IL-05,,False,0,2,,Cook County; Lake County,2,197420,83429,6689,287538,70.29,29.71,49.25,18.81,D+18.8,100.0,21.05,20.12,,13.04,0.5,0.25,0.0,0.25,pres+house+statewide
2024,2020s,Illinois,IL,IL-06,,False,0,2,,Cook County; DuPage County,2,282159,137533,9006,428698,67.23,32.77,49.25,13.59,D+13.6,100.0,17.98,5.36,,13.04,0.5,0.25,0.0,0.25,pres+house+statewide
2024,2020s,Illinois,IL,IL-07,,False,0,1,,Cook County,1,104255,42042,3425,149722,71.26,28.74,49.25,22.88,D+22.9,100.0,22.01,34.45,,13.04,0.5,0.25,0.0,0.25,pres+house+statewide
2024,2020s,Illinois,IL,IL-08,,False,0,3,,Cook County; DuPage County; Kane County,3,228735,119402,7121,355258,65.7,34.3,49.25,13.54,D+13.5,100.0,16.45,8.2,,13.04,0.5,0.25,0.0,0.25,pres+house+statewide
2024,2020s,Illinois,IL,IL-09,,False,0,3,,Cook County; Lake County; McHenry County,3,148500,68161,5197,221858,68.54,31.46,49.25,17.79,D+17.8,100.0,19.29,19.54,,13.04,0.5,0.25,0.0,0.25,pres+house+statewide
2024,2020s,Illinois,IL,IL-10,,False,0,3,,Cook County; Lake County; McHenry County,3,216134,134602,9292,360028,61.62,38.38,49.25,12.23,D+12.2,100.0,12.37,11.13,,13.04,0.5,0.25,0.0,0.25,pres+house+statewide
2024,2020s,Illinois,IL,IL-11,,False,0,7,,Boone County; DeKalb County; DuPage County; Kane County; Lake County; McHenry County; Will County,7,188507,163869,6206,358582,53.5,46.5,49.25,7.07,D+7.1,100.0,4.25,6.74,,13.04,0.5,0.25,0.0,0.25,pres+house+statewide
2024,2020s,Illinois,IL,IL-12,,False,32,2,Alexander County; Clark County; Clay County; Clinton County; Crawford County; Cumberland County; Edwards County; Effingham County; Franklin County; Gallatin County; Hamilton County; Hardin County; Jackson County; Jasper County; Jefferson County; Johnson County; Lawrence County; Marion County; Massac County; Monroe County; Perry County; Pope County; Pulaski County; Randolph County; Richland County; Saline County; Union County; Wabash County; Washington County; Wayne County; White County; Williamson County,Coles County; St. Clair County,34,135536,280544,8664,424744,32.57,67.43,49.25,-10.84,R+10.8,25.1,-16.67,-23.04,,13.04,0.5,0.25,0.0,0.25,pres+house+statewide
2024,2020s,Illinois,IL,IL-13,,False,1,6,Macoupin County,Champaign County; Macon County; Madison County; Piatt County; St. Clair County; Sangamon County,7,81714,97988,4764,184466,45.47,54.53,49.25,3.69,D+3.7,87.3,-3.78,9.26,,13.04,0.5,0.25,0.0,0.25,pres+house+statewide
2024,2020s,Illinois,IL,IL-14,,False,1,6,Kendall County,Bureau County; DeKalb County; Kane County; LaSalle County; Putnam County; Will County,7,123396,124187,3857,251441,49.84,50.16,49.25,5.12,D+5.1,73.8,0.59,6.25,,13.04,0.5,0.25,0.0,0.25,pres+house+statewide
2024,2020s,Illinois,IL,IL-15,,False,24,11,Adams County; Bond County; Brown County; Calhoun County; Cass County; Christian County; De Witt County; Douglas County; Edgar County; Fayette County; Greene County; Hancock County; Henderson County; Jersey County; Logan County; Mason County; Menard County; Montgomery County; Morgan County; Moultrie County; Pike County; Schuyler County; Scott County; Shelby County,Champaign County; Coles County; Fulton County; McDonough County; Macon County; Madison County; Mercer County; Piatt County; Sangamon County; Vermilion County; Warren County,35,176803,300146,11555,488504,37.07,62.93,49.25,-3.77,R+3.8,55.9,-12.18,,,13.04,0.667,0.0,0.0,0.333,pres+statewide
2024,2020s,Illinois,IL,IL-16,,False,7,14,Grundy County; Jo Daviess County; Lee County; Marshall County; Ogle County; Stark County; Woodford County,Boone County; Bureau County; DeKalb County; Ford County; Henry County; LaSalle County; Livingston County; McHenry County; McLean County; Peoria County; Putnam County; Stephenson County; Tazewell County; Winnebago County,21,212635,271437,11674,495746,43.93,56.07,49.25,0.8,D+0.8,77.5,-5.32,,,13.04,0.667,0.0,0.0,0.333,pres+statewide
2024,2020s,Illinois,IL,IL-17,,False,4,10,Carroll County; Knox County; Rock Island County; Whiteside County,Fulton County; Henry County; McDonough County; McLean County; Mercer County; Peoria County; Stephenson County; Tazewell County; Warren County; Winnebago County,14,118174,133633,6295,258102,46.93,53.07,49.25,3.49,D+3.5,53.4,-2.32,5.56,,13.04,0.5,0.25,0.0,0.25,pres+house+statewide
2024,2020s,Indiana,IN,IN-01,,False,2,1,Lake County; Porter County,LaPorte County,3,152541,151718,5678,309937,50.14,49.86,49.25,-1.42,R+1.4,4.8,0.89,5.47,-9.71,-4.63,0.4,0.2,0.2,0.2,pres+house+senate+statewide
2024,2020s,Indiana,IN,IN-02,,False,8,3,Elkhart County; Fulton County; Marshall County; Miami County; Pulaski County; St. Joseph County; Starke County; Wabash County,Cass County; Kosciusko County; LaPorte County,11,118208,198534,6110,322852,37.32,62.68,49.25,-10.3,R+10.3,21.4,-11.93,-13.3,-9.71,-4.63,0.4,0.2,0.2,0.2,pres+house+senate+statewide
2024,2020s,Indiana,IN,IN-03,,False,11,2,Adams County; Allen County; Blackford County; DeKalb County; Huntington County; Jay County; LaGrange County; Noble County; Steuben County; Wells County; Whitley County,Kosciusko County; Randolph County,13,106527,204723,6454,317705,34.23,65.77,49.25,-12.13,R+12.1,3.6,-15.02,-16.28,-9.71,-4.63,0.4,0.2,0.2,0.2,pres+house+senate+statewide
2024,2020s,Indiana,IN,IN-04,,False,13,3,Benton County; Boone County; Carroll County; Clinton County; Hendricks County; Jasper County; Montgomery County; Morgan County; Newton County; Putnam County; Tippecanoe County; Warren County; White County,Cass County; Fountain County; Howard County,16,114511,212756,7223,334491,34.99,65.01,49.25,-11.88,R+11.9,3.3,-14.26,-16.55,-9.71,-4.63,0.4,0.2,0.2,0.2,pres+house+senate+statewide
2024,2020s,Indiana,IN,IN-05,,False,5,1,Delaware County; Grant County; Hamilton County; Madison County; Tipton County,Howard County,6,149763,211610,8751,370124,41.44,58.56,49.25,-7.73,R+7.7,10.1,-7.81,-8.67,-9.71,-4.63,0.4,0.2,0.2,0.2,pres+house+senate+statewide
2024,2020s,Indiana,IN,IN-06,,False,8,3,Fayette County; Hancock County; Henry County; Johnson County; Rush County; Shelby County; Union County; Wayne County,Bartholomew County; Marion County; Randolph County,11,139175,201654,7408,348238,40.83,59.17,49.25,-9.38,R+9.4,39.4,-8.41,-15.71,-9.71,-4.63,0.4,0.2,0.2,0.2,pres+house+senate+statewide
2024,2020s,Indiana,IN,IN-07,,False,0,1,,Marion County,1,155647,87278,5842,248766,64.07,35.93,49.25,7.34,D+7.3,100.0,14.82,21.39,-9.71,-4.63,0.4,0.2,0.2,0.2,pres+house+senate+statewide
2024,2020s,Indiana,IN,IN-08,,False,20,1,Clay County; Crawford County; Daviess County; Dubois County; Gibson County; Greene County; Knox County; Martin County; Orange County; Owen County; Parke County; Perry County; Pike County; Posey County; Spencer County; Sullivan County; Vanderburgh County; Vermillion County; Vigo County; Warrick County,Fountain County,21,103739,222624,6047,332410,31.79,68.21,49.25,-13.58,R+13.6,1.3,-17.46,-18.62,-9.71,-4.63,0.4,0.2,0.2,0.2,pres+house+senate+statewide
2024,2020s,Indiana,IN,IN-09,,False,17,1,Brown County; Clark County; Dearborn County; Decatur County; Floyd County; Franklin County; Harrison County; Jackson County; Jefferson County; Jennings County; Lawrence County; Monroe County; Ohio County; Ripley County; Scott County; Switzerland County; Washington County,Bartholomew County,18,123491,229450,6872,359813,34.99,65.01,49.25,-11.6,R+11.6,2.7,-14.26,-15.13,-9.71,-4.63,0.4,0.2,0.2,0.2,pres+house+senate+statewide
2024,2020s,Kansas,KS,KS-01,,False,57,3,Barton County; Cheyenne County; Clark County; Clay County; Cloud County; Decatur County; Dickinson County; Ellis County; Ellsworth County; Finney County; Ford County; Gove County; Graham County; Grant County; Gray County; Greeley County; Hamilton County; Haskell County; Hodgeman County; Jefferson County; Jewell County; Kearny County; Lane County; Lincoln County; Logan County; McPherson County; Marshall County; Meade County; Mitchell County; Morton County; Ness County; Norton County; Osborne County; Ottawa County; Phillips County; Pottawatomie County; Rawlins County; Reno County; Republic County; Rice County; Riley County; Rooks County; Rush County; Russell County; Saline County; Scott County; Seward County; Sheridan County; Sherman County; Smith County; Stanton County; Stevens County; Thomas County; Trego County; Wallace County; Washington County; Wichita County,Douglas County; Jackson County; Pawnee County,60,75182,192630,5116,272927,28.07,71.93,49.25,-15.88,R+15.9,5.3,-21.18,-17.99,,-3.19,0.5,0.25,0.0,0.25,pres+house+statewide
2024,2020s,Kansas,KS,KS-02,,False,24,3,Allen County; Atchison County; Bourbon County; Brown County; Chase County; Cherokee County; Coffey County; Crawford County; Doniphan County; Geary County; Labette County; Leavenworth County; Linn County; Lyon County; Marion County; Montgomery County; Morris County; Nemaha County; Neosho County; Osage County; Shawnee County; Wabaunsee County; Wilson County; Woodson County,Douglas County; Jackson County; Wyandotte County,27,147068,190257,6406,343731,43.6,56.4,49.25,-5.81,R+5.8,23.7,-5.65,-8.76,,-3.19,0.5,0.25,0.0,0.25,pres+house+statewide
2024,2020s,Kansas,KS,KS-03,,False,4,1,Anderson County; Franklin County; Johnson County; Miami County,Wyandotte County,5,205768,186457,7081,399306,52.46,47.54,49.25,2.5,D+2.5,5.1,3.21,6.75,,-3.19,0.5,0.25,0.0,0.25,pres+house+statewide
2024,2020s,Kansas,KS,KS-04,,False,16,1,Barber County; Butler County; Chautauqua County; Comanche County; Cowley County; Edwards County; Elk County; Greenwood County; Harper County; Harvey County; Kingman County; Kiowa County; Pratt County; Sedgwick County; Stafford County; Sumner County,Pawnee County,17,116835,189459,5333,311626,38.14,61.86,49.25,-9.82,R+9.8,0.5,-11.1,-13.9,,-3.19,0.5,0.25,0.0,0.25,pres+house+statewide
2024,2020s,Kentucky,KY,KY-01,,False,33,2,Adair County; Allen County; Ballard County; Boyle County; Caldwell County; Calloway County; Carlisle County; Casey County; Christian County; Clinton County; Crittenden County; Cumberland County; Franklin County; Fulton County; Graves County; Henderson County; Hickman County; Hopkins County; Livingston County; Lyon County; McCracken County; Marion County; Marshall County; Metcalfe County; Monroe County; Russell County; Simpson County; Taylor County; Todd County; Trigg County; Union County; Washington County; Webster County,Anderson County; Logan County,35,89213,253197,4545,346955,26.05,73.95,49.25,-19.51,R+19.5,5.2,-23.19,-23.57,,-8.09,0.5,0.25,0.0,0.25,pres+house+statewide
2024,2020s,Kentucky,KY,KY-02,,False,17,3,Barren County; Breckinridge County; Bullitt County; Butler County; Daviess County; Edmonson County; Grayson County; Green County; Hancock County; Hardin County; Hart County; Larue County; McLean County; Meade County; Muhlenberg County; Ohio County; Warren County,Jefferson County; Logan County; Nelson County,20,130646,261444,6380,398469,33.32,66.68,49.25,-15.47,R+15.5,20.0,-15.93,-21.95,,-8.09,0.5,0.25,0.0,0.25,pres+house+statewide
2024,2020s,Kentucky,KY,KY-03,,False,0,1,,Jefferson County,1,164855,117350,6575,288779,58.42,41.58,49.25,5.84,D+5.8,100.0,9.17,13.11,,-8.09,0.5,0.25,0.0,0.25,pres+house+statewide
2024,2020s,Kentucky,KY,KY-04,,False,19,2,Boone County; Bracken County; Campbell County; Carroll County; Gallatin County; Grant County; Greenup County; Harrison County; Henry County; Kenton County; Lewis County; Mason County; Oldham County; Owen County; Pendleton County; Robertson County; Shelby County; Spencer County; Trimble County,Carter County; Nelson County,21,117672,250428,6747,374848,31.97,68.03,49.25,-14.22,R+14.2,3.8,-17.28,,,-8.09,0.667,0.0,0.0,0.333,pres+statewide
2024,2020s,Kentucky,KY,KY-05,,False,31,2,Bell County; Boyd County; Breathitt County; Clay County; Elliott County; Floyd County; Harlan County; Jackson County; Johnson County; Knott County; Knox County; Laurel County; Lawrence County; Lee County; Leslie County; Letcher County; Lincoln County; McCreary County; Magoffin County; Martin County; Menifee County; Morgan County; Owsley County; Perry County; Pike County; Pulaski County; Rockcastle County; Rowan County; Wayne County; Whitley County; Wolfe County,Bath County; Carter County,33,54695,256087,4046,314828,17.6,82.4,49.25,-23.8,R+23.8,3.6,-31.65,,,-8.09,0.667,0.0,0.0,0.333,pres+statewide
2024,2020s,Kentucky,KY,KY-06,,False,14,2,Bourbon County; Clark County; Estill County; Fayette County; Fleming County; Garrard County; Jessamine County; Madison County; Mercer County; Montgomery County; Nicholas County; Powell County; Scott County; Woodford County,Anderson County; Bath County,16,146962,198988,6976,352926,42.48,57.52,49.25,-8.38,R+8.4,2.6,-6.77,-11.89,,-8.09,0.5,0.25,0.0,0.25,pres+house+statewide
2024,2020s,Louisiana,LA,LA-01,,False,2,8,Plaquemines Parish; St. Tammany Parish,Ascension Parish; Jefferson Parish; Lafourche Parish; Livingston Parish; Orleans Parish; St. Bernard Parish; St. Charles Parish; Tangipahoa Parish,10,225297,284147,9961,519405,44.22,55.78,49.25,-11.47,R+11.5,71.4,-5.02,-24.36,,,0.667,0.333,0.0,0.0,pres+house
2024,2020s,Louisiana,LA,LA-02,,False,4,6,Assumption Parish; Iberville Parish; St. James Parish; St. John the Baptist Parish,Ascension Parish; Jefferson Parish; Lafourche Parish; Orleans Parish; St. Bernard Parish; St. Charles Parish,10,98421,95162,3596,197178,50.84,49.16,49.25,8.42,D+8.4,71.4,1.59,22.09,,,0.667,0.333,0.0,0.0,pres+house
2024,2020s,Louisiana,LA,LA-03,,False,8,3,Acadia Parish; Cameron Parish; Iberia Parish; Jefferson Davis Parish; St. Martin Parish; St. Mary Parish; Terrebonne Parish; Vermilion Parish,Calcasieu Parish; Lafayette Parish; Lafourche Parish,11,82183,217176,3919,303278,27.45,72.55,49.25,-22.38,R+22.4,38.2,-21.8,-23.54,,,0.667,0.333,0.0,0.0,pres+house
2024,2020s,Louisiana,LA,LA-04,,False,15,5,Allen Parish; Beauregard Parish; Bienville Parish; Bossier Parish; Claiborne Parish; Evangeline Parish; Grant Parish; Jackson Parish; Lincoln Parish; Red River Parish; Sabine Parish; Union Parish; Vernon Parish; Webster Parish; Winn Parish,Caddo Parish; Calcasieu Parish; De Soto Parish; Ouachita Parish; Rapides Parish,20,133609,273288,5238,412135,32.84,67.16,49.25,-16.41,R+16.4,51.5,-16.41,,,,1.0,0.0,0.0,0.0,pres
2024,2020s,Louisiana,LA,LA-05,,False,15,6,Caldwell Parish; Catahoula Parish; Concordia Parish; East Carroll Parish; East Feliciana Parish; Franklin Parish; La Salle Parish; Madison Parish; Morehouse Parish; Richland Parish; St. Helena Parish; Tensas Parish; Washington Parish; West Carroll Parish; West Feliciana Parish,Ascension Parish; Avoyelles Parish; East Baton Rouge Parish; Livingston Parish; Ouachita Parish; Tangipahoa Parish,21,111428,195919,4565,311912,36.25,63.75,49.25,-16.3,R+16.3,66.6,-12.99,-22.91,,,0.667,0.333,0.0,0.0,pres+house
2024,2020s,Louisiana,LA,LA-06,,False,4,6,Natchitoches Parish; Pointe Coupee Parish; St. Landry Parish; West Baton Rouge Parish,Avoyelles Parish; Caddo Parish; De Soto Parish; East Baton Rouge Parish; Lafayette Parish; Rapides Parish,10,115933,142813,4321,263066,44.81,55.19,49.25,1.51,D+1.5,70.5,-4.44,13.4,,,0.667,0.333,0.0,0.0,pres+house
2024,2020s,Massachusetts,MA,MA-01,,False,2,3,Berkshire County; Hampden County,Franklin County; Hampshire County; Worcester County,5,238986,162931,10995,412913,59.46,40.54,49.25,10.28,D+10.3,32.8,10.21,,10.41,,0.667,0.0,0.333,0.0,pres+senate
2024,2020s,Massachusetts,MA,MA-02,,False,0,5,,Franklin County; Hampshire County; Middlesex County; Norfolk County; Worcester County,5,228461,149148,11318,388927,60.5,39.5,49.25,10.97,D+11.0,100.0,11.25,,10.41,,0.667,0.0,0.333,0.0,pres+senate
2024,2020s,Massachusetts,MA,MA-03,,False,0,3,,Essex County; Middlesex County; Worcester County,3,348091,170697,15937,534725,67.1,32.9,49.25,15.37,D+15.4,100.0,17.85,,10.41,,0.667,0.0,0.333,0.0,pres+senate
2024,2020s,Massachusetts,MA,MA-04,,False,0,5,,Bristol County; Middlesex County; Norfolk County; Plymouth County; Worcester County,5,251629,177029,11401,440059,58.7,41.3,49.25,9.77,D+9.8,100.0,9.45,,10.41,,0.667,0.0,0.333,0.0,pres+senate
2024,2020s,Massachusetts,MA,MA-05,,False,0,2,,Middlesex County; Suffolk County,2,169983,68316,7781,246081,71.33,28.67,49.25,18.19,D+18.2,100.0,22.08,,10.41,,0.667,0.0,0.333,0.0,pres+senate
2024,2020s,Massachusetts,MA,MA-06,,False,0,2,,Essex County; Middlesex County,2,275285,164848,11761,451894,62.55,37.45,49.25,12.34,D+12.3,100.0,13.3,,10.41,,0.667,0.0,0.333,0.0,pres+senate
2024,2020s,Massachusetts,MA,MA-07,,False,0,3,,Norfolk County; Suffolk County; Middlesex County,3,146166,47238,6844,200247,75.58,24.42,49.25,21.02,D+21.0,100.0,26.33,,10.41,,0.667,0.0,0.333,0.0,pres+senate
2024,2020s,Massachusetts,MA,MA-08,,False,0,4,,Bristol County; Norfolk County; Plymouth County; Suffolk County,4,188334,96523,8633,293490,66.12,33.88,49.25,16.47,D+16.5,100.0,16.87,21.73,10.41,,0.5,0.25,0.25,0.0,pres+house+senate
2024,2020s,Massachusetts,MA,MA-09,,False,3,3,Barnstable County; Dukes County; Nantucket County,Bristol County; Norfolk County; Plymouth County,6,279584,214571,11178,505333,56.58,43.42,49.25,8.18,D+8.2,66.7,7.33,7.67,10.41,,0.5,0.25,0.25,0.0,pres+house+senate
2024,2020s,Maryland,MD,MD-01,,False,10,1,Caroline County; Cecil County; Dorchester County; Harford County; Kent County; Queen Anne's County; Somerset County; Talbot County; Wicomico County; Worcester County,Baltimore County,11,216644,259119,14138,489901,45.54,54.46,49.25,-2.78,R+2.8,19.9,-3.71,-10.22,6.54,,0.5,0.25,0.25,0.0,pres+house+senate
2024,2020s,Maryland,MD,MD-02,,False,0,3,,Baltimore County; Carroll County; Baltimore City,3,213740,157974,12646,384359,57.5,42.5,49.25,8.43,D+8.4,100.0,8.25,10.69,6.54,,0.5,0.25,0.25,0.0,pres+house+senate
2024,2020s,Maryland,MD,MD-03,,False,1,2,Howard County,Anne Arundel County; Carroll County,3,217683,122452,14021,354156,64.0,36.0,49.25,12.05,D+12.1,48.5,14.75,12.17,6.54,,0.5,0.25,0.25,0.0,pres+house+senate
2024,2020s,Maryland,MD,MD-04,,False,0,2,,Montgomery County; Prince George's County,2,156799,22154,5599,184552,87.62,12.38,49.25,30.79,D+30.8,100.0,38.37,39.87,6.54,,0.5,0.25,0.25,0.0,pres+house+senate
2024,2020s,Maryland,MD,MD-05,,False,3,2,Calvert County; Charles County; St. Mary's County,Anne Arundel County; Prince George's County,5,394523,177149,17834,589506,69.01,30.99,49.25,16.28,D+16.3,65.2,19.76,19.06,6.54,,0.5,0.25,0.25,0.0,pres+house+senate
2024,2020s,Maryland,MD,MD-06,,False,4,1,Allegany County; Frederick County; Garrett County; Washington County,Montgomery County,5,284433,194155,16520,495108,59.43,40.57,49.25,7.81,D+7.8,44.0,10.18,4.32,6.54,,0.5,0.25,0.25,0.0,pres+house+senate
2024,2020s,Maryland,MD,MD-07,,False,0,2,,Baltimore County; Baltimore City,2,205495,40412,8413,254320,83.57,16.43,49.25,27.18,D+27.2,100.0,34.32,33.53,6.54,,0.5,0.25,0.25,0.0,pres+house+senate
2024,2020s,Maryland,MD,MD-08,,False,0,1,,Montgomery County,1,213259,62137,11035,286431,77.44,22.56,49.25,23.26,D+23.3,100.0,28.19,30.11,6.54,,0.5,0.25,0.25,0.0,pres+house+senate
2024,2020s,Maine,ME,ME-01,,False,5,1,Cumberland County; Knox County; Lincoln County; Sagadahoc County; York County,Kennebec County,6,257066,164595,9650,431311,60.96,39.04,49.25,3.27,D+3.3,7.4,11.72,12.88,-25.7,5.73,0.4,0.2,0.2,0.2,pres+house+senate+statewide
2024,2020s,Maine,ME,ME-02,,False,10,1,Androscoggin County; Aroostook County; Franklin County; Hancock County; Oxford County; Penobscot County; Piscataquis County; Somerset County; Waldo County; Washington County,Kennebec County,11,172975,212256,7878,393109,44.9,55.1,49.25,-5.43,R+5.4,10.4,-4.35,1.49,-25.7,5.73,0.4,0.2,0.2,0.2,pres+house+senate+statewide
2024,2020s,Michigan,MI,MI-01,,False,35,1,Alcona County; Alger County; Alpena County; Antrim County; Arenac County; Baraga County; Benzie County; Charlevoix County; Cheboygan County; Chippewa County; Crawford County; Delta County; Dickinson County; Emmet County; Gogebic County; Grand Traverse County; Houghton County; Iosco County; Iron County; Kalkaska County; Keweenaw County; Leelanau County; Luce County; Mackinac County; Marquette County; Menominee County; Missaukee County; Montmorency County; Ogemaw County; Ontonagon County; Oscoda County; Otsego County; Presque Isle County; Roscommon County; Schoolcraft County,Wexford County,36,188619,291856,7137,487613,39.26,60.74,49.25,-5.31,R+5.3,0.9,-9.99,-9.79,0.66,2.54,0.4,0.2,0.2,0.2,pres+house+senate+statewide
2024,2020s,Michigan,MI,MI-02,,False,14,6,Barry County; Clare County; Gladwin County; Gratiot County; Ionia County; Isabella County; Lake County; Manistee County; Mason County; Mecosta County; Montcalm County; Newaygo County; Oceana County; Osceola County,Eaton County; Kent County; Midland County; Muskegon County; Ottawa County; Wexford County,20,262815,361257,10061,634133,42.11,57.89,49.25,-5.44,R+5.4,51.0,-7.14,-16.12,0.66,2.54,0.4,0.2,0.2,0.2,pres+house+senate+statewide
2024,2020s,Michigan,MI,MI-03,,False,0,3,,Kent County; Muskegon County; Ottawa County,3,135358,144415,4736,284509,48.38,51.62,49.25,1.54,D+1.5,100.0,-0.87,6.22,0.66,2.54,0.4,0.2,0.2,0.2,pres+house+senate+statewide
2024,2020s,Michigan,MI,MI-04,,False,2,4,Allegan County; Van Buren County,Berrien County; Calhoun County; Kalamazoo County; Ottawa County,6,152636,179083,5257,336975,46.01,53.99,49.25,-1.61,R+1.6,66.4,-3.23,-4.8,0.66,2.54,0.4,0.2,0.2,0.2,pres+house+senate+statewide
2024,2020s,Michigan,MI,MI-05,,False,7,3,Branch County; Cass County; Hillsdale County; Jackson County; Lenawee County; Monroe County; St. Joseph County,Berrien County; Calhoun County; Kalamazoo County,10,189517,292209,7064,488789,39.34,60.66,49.25,-6.44,R+6.4,31.8,-9.91,-15.57,0.66,2.54,0.4,0.2,0.2,0.2,pres+house+senate+statewide
2024,2020s,Michigan,MI,MI-06,,False,1,2,Washtenaw County,Oakland County; Wayne County,3,386574,185835,18408,590817,67.53,32.47,49.25,10.97,D+11.0,62.5,18.29,15.08,0.66,2.54,0.4,0.2,0.2,0.2,pres+house+senate+statewide
2024,2020s,Michigan,MI,MI-07,,False,4,2,Clinton County; Ingham County; Livingston County; Shiawassee County,Eaton County; Oakland County,6,237729,235067,8076,480872,50.28,49.72,49.25,0.9,D+0.9,22.8,1.03,-0.77,0.66,2.54,0.4,0.2,0.2,0.2,pres+house+senate+statewide
2024,2020s,Michigan,MI,MI-08,,False,3,1,Bay County; Genesee County; Saginaw County,Midland County,4,203742,211835,6023,421600,49.03,50.97,49.25,1.48,D+1.5,7.9,-0.22,4.61,0.66,2.54,0.4,0.2,0.2,0.2,pres+house+senate+statewide
2024,2020s,Michigan,MI,MI-09,,False,5,2,Huron County; Lapeer County; St. Clair County; Sanilac County; Tuscola County,Macomb County; Oakland County,7,384294,477272,15387,876953,44.6,55.4,49.25,-4.86,R+4.9,74.3,-4.64,-18.2,0.66,2.54,0.4,0.2,0.2,0.2,pres+house+senate+statewide
2024,2020s,Michigan,MI,MI-10,,False,0,2,,Macomb County; Oakland County,2,102212,126635,4375,233221,44.66,55.34,49.25,-1.6,R+1.6,100.0,-4.58,-2.04,0.66,2.54,0.4,0.2,0.2,0.2,pres+house+senate+statewide
2024,2020s,Michigan,MI,MI-11,,False,0,1,,Oakland County,1,155222,124983,5489,285694,55.4,44.6,49.25,5.23,D+5.2,100.0,6.15,10.66,0.66,2.54,0.4,0.2,0.2,0.2,pres+house+senate+statewide
2024,2020s,Michigan,MI,MI-12,,False,0,2,,Oakland County; Wayne County,2,149288,84785,8193,242266,63.78,36.22,49.25,11.33,D+11.3,100.0,14.53,24.41,0.66,2.54,0.4,0.2,0.2,0.2,pres+house+senate+statewide
2024,2020s,Michigan,MI,MI-13,,False,0,1,,Wayne County,1,188527,101405,10812,300744,65.02,34.98,49.25,11.92,D+11.9,100.0,15.78,24.85,0.66,2.54,0.4,0.2,0.2,0.2,pres+house+senate+statewide
2024,2020s,Minnesota,MN,MN-01,,False,19,2,Blue Earth County; Dodge County; Faribault County; Fillmore County; Freeborn County; Goodhue County; Houston County; Jackson County; Martin County; Mower County; Nicollet County; Nobles County; Olmsted County; Rock County; Steele County; Wabasha County; Waseca County; Watonwan County; Winona County,Brown County; Rice County,21,168011,211339,8552,387902,44.29,55.71,49.25,0.44,D+0.4,6.4,-4.96,,8.61,3.06,0.5,0.0,0.25,0.25,pres+senate+statewide
2024,2020s,Minnesota,MN,MN-02,,False,3,2,Dakota County; Le Sueur County; Scott County,Rice County; Washington County,5,218233,195744,10255,424232,52.72,47.28,49.25,4.65,D+4.7,13.4,3.47,,8.61,3.06,0.5,0.0,0.25,0.25,pres+senate+statewide
2024,2020s,Minnesota,MN,MN-03,,False,0,2,,Anoka County; Hennepin County,2,409814,165886,16624,592325,71.19,28.81,49.25,13.89,D+13.9,100.0,21.94,,8.61,3.06,0.5,0.0,0.25,0.25,pres+senate+statewide
2024,2020s,Minnesota,MN,MN-04,,False,1,1,Ramsey County,Washington County,2,230304,104564,9106,343975,68.77,31.23,49.25,12.68,D+12.7,19.2,19.53,,8.61,3.06,0.5,0.0,0.25,0.25,pres+senate+statewide
2024,2020s,Minnesota,MN,MN-05,,False,0,2,,Anoka County; Hennepin County,2,103660,43149,4238,151047,70.61,29.39,49.25,13.6,D+13.6,100.0,21.36,,8.61,3.06,0.5,0.0,0.25,0.25,pres+senate+statewide
2024,2020s,Minnesota,MN,MN-06,,False,4,2,Benton County; Carver County; Sherburne County; Wright County,Anoka County; Stearns County,6,180894,251924,10822,443640,41.79,58.21,49.25,-0.81,R+0.8,45.9,-7.45,,8.61,3.06,0.5,0.0,0.25,0.25,pres+senate+statewide
2024,2020s,Minnesota,MN,MN-07,,False,34,4,Big Stone County; Chippewa County; Clay County; Cottonwood County; Douglas County; Grant County; Kandiyohi County; Kittson County; Lac qui Parle County; Lincoln County; Lyon County; McLeod County; Marshall County; Meeker County; Morrison County; Murray County; Norman County; Otter Tail County; Pennington County; Pipestone County; Polk County; Pope County; Red Lake County; Redwood County; Renville County; Roseau County; Sibley County; Stevens County; Swift County; Todd County; Traverse County; Wadena County; Wilkin County; Yellow Medicine County,Becker County; Brown County; Hubbard County; Stearns County,38,139846,285129,8713,433687,32.91,67.09,49.25,-5.25,R+5.3,21.5,-16.34,,8.61,3.06,0.5,0.0,0.25,0.25,pres+senate+statewide
2024,2020s,Minnesota,MN,MN-08,,False,18,3,Aitkin County; Beltrami County; Carlton County; Cass County; Chisago County; Clearwater County; Cook County; Crow Wing County; Isanti County; Itasca County; Kanabec County; Koochiching County; Lake County; Lake of the Woods County; Mahnomen County; Mille Lacs County; Pine County; St. Louis County,Becker County; Hubbard County; Washington County,21,206216,261297,9600,477112,44.11,55.89,49.25,0.35,D+0.3,17.5,-5.14,,8.61,3.06,0.5,0.0,0.25,0.25,pres+senate+statewide
2024,2020s,Missouri,MO,MO-01,,False,1,1,St. Louis City,St. Louis County,2,207417,88818,5842,302076,70.02,29.98,49.25,12.17,D+12.2,61.5,20.77,31.67,-6.56,-5.82,0.4,0.2,0.2,0.2,pres+house+senate+statewide
2024,2020s,Missouri,MO,MO-02,,False,1,3,Franklin County,St. Charles County; St. Louis County; Warren County,4,246442,219966,7836,474244,52.84,47.16,49.25,-2.05,R+2.0,88.3,3.59,-5.03,-6.56,-5.82,0.4,0.2,0.2,0.2,pres+house+senate+statewide
2024,2020s,Missouri,MO,MO-03,,False,11,5,Callaway County; Cole County; Cooper County; Crawford County; Gasconade County; Maries County; Miller County; Moniteau County; Montgomery County; Osage County; Washington County,Boone County; Camden County; Jefferson County; St. Charles County; Warren County,16,130395,247028,5345,382768,34.55,65.45,49.25,-10.82,R+10.8,63.9,-14.7,-12.31,-6.56,-5.82,0.4,0.2,0.2,0.2,pres+house+senate+statewide
2024,2020s,Missouri,MO,MO-04,,False,20,4,Barton County; Bates County; Benton County; Cass County; Cedar County; Dade County; Dallas County; Henry County; Hickory County; Howard County; Johnson County; Laclede County; Lafayette County; Morgan County; Pettis County; Polk County; Pulaski County; St. Clair County; Saline County; Vernon County,Boone County; Camden County; Jackson County; Webster County,24,147709,280317,5959,433984,34.51,65.49,49.25,-12.72,R+12.7,38.6,-14.74,-21.76,-6.56,-5.82,0.4,0.2,0.2,0.2,pres+house+senate+statewide
2024,2020s,Missouri,MO,MO-05,,False,0,2,,Clay County; Jackson County,2,118452,84851,3484,206788,58.26,41.74,49.25,3.82,D+3.8,100.0,9.02,13.45,-6.56,-5.82,0.4,0.2,0.2,0.2,pres+house+senate+statewide
2024,2020s,Missouri,MO,MO-06,,False,37,2,Adair County; Andrew County; Atchison County; Audrain County; Buchanan County; Caldwell County; Carroll County; Chariton County; Clark County; Clinton County; Daviess County; DeKalb County; Gentry County; Grundy County; Harrison County; Holt County; Knox County; Lewis County; Lincoln County; Linn County; Livingston County; Macon County; Marion County; Mercer County; Monroe County; Nodaway County; Pike County; Platte County; Putnam County; Ralls County; Randolph County; Ray County; Schuyler County; Scotland County; Shelby County; Sullivan County; Worth County,Clay County; Jackson County,39,170191,299380,6359,475930,36.24,63.76,49.25,-11.93,R+11.9,33.9,-13.0,-21.27,-6.56,-5.82,0.4,0.2,0.2,0.2,pres+house+senate+statewide
2024,2020s,Missouri,MO,MO-07,,False,9,1,Barry County; Christian County; Greene County; Jasper County; Lawrence County; McDonald County; Newton County; Stone County; Taney County,Webster County,10,105658,265630,4640,375929,28.46,71.54,49.25,-15.19,R+15.2,2.2,-20.79,-21.99,-6.56,-5.82,0.4,0.2,0.2,0.2,pres+house+senate+statewide
2024,2020s,Missouri,MO,MO-08,,False,27,1,Bollinger County; Butler County; Cape Girardeau County; Carter County; Dent County; Douglas County; Dunklin County; Howell County; Iron County; Madison County; Mississippi County; New Madrid County; Oregon County; Ozark County; Pemiscot County; Perry County; Phelps County; Reynolds County; Ripley County; Ste. Genevieve County; St. Francois County; Scott County; Shannon County; Stoddard County; Texas County; Wayne County; Wright County,Jefferson County,28,74336,265996,3276,343608,21.84,78.16,49.25,-18.76,R+18.8,17.2,-27.41,-26.6,-6.56,-5.82,0.4,0.2,0.2,0.2,pres+house+senate+statewide
2024,2020s,Mississippi,MS,MS-01,,False,20,1,Alcorn County; Benton County; Calhoun County; Chickasaw County; Choctaw County; Clay County; DeSoto County; Itawamba County; Lafayette County; Lee County; Lowndes County; Marshall County; Monroe County; Pontotoc County; Prentiss County; Tate County; Tippah County; Tishomingo County; Union County; Webster County,Oktibbeha County,21,101751,221037,4365,327154,31.52,68.48,49.25,-16.61,R+16.6,1.4,-17.73,-18.66,-12.32,,0.5,0.25,0.25,0.0,pres+house+senate
2024,2020s,Mississippi,MS,MS-02,,False,29,1,Adams County; Amite County; Attala County; Bolivar County; Carroll County; Claiborne County; Coahoma County; Copiah County; Franklin County; Grenada County; Hinds County; Holmes County; Humphreys County; Issaquena County; Jefferson County; Leake County; Leflore County; Montgomery County; Panola County; Quitman County; Sharkey County; Sunflower County; Tallahatchie County; Tunica County; Warren County; Washington County; Wilkinson County; Yalobusha County; Yazoo County,Madison County,30,184808,136891,3525,325224,57.45,42.55,49.25,4.31,D+4.3,12.0,8.2,13.16,-12.32,,0.5,0.25,0.25,0.0,pres+house+senate
2024,2020s,Mississippi,MS,MS-03,,False,19,3,Clarke County; Covington County; Jasper County; Jefferson Davis County; Kemper County; Lauderdale County; Lawrence County; Lincoln County; Marion County; Neshoba County; Newton County; Noxubee County; Pike County; Rankin County; Scott County; Simpson County; Smith County; Walthall County; Winston County,Jones County; Madison County; Oktibbeha County,22,97091,180963,2513,280567,34.92,65.08,49.25,-13.66,R+13.7,11.7,-14.33,,-12.32,,0.667,0.0,0.333,0.0,pres+senate
2024,2020s,Mississippi,MS,MS-04,,False,11,1,Forrest County; George County; Greene County; Hancock County; Harrison County; Jackson County; Lamar County; Pearl River County; Perry County; Stone County; Wayne County,Jones County,12,83018,208853,3192,295063,28.44,71.56,49.25,-19.18,R+19.2,8.5,-20.8,-22.8,-12.32,,0.5,0.25,0.25,0.0,pres+house+senate
2024,2020s,Montana,MT,MT-01,,False,15,1,Beaverhead County; Deer Lodge County; Flathead County; Gallatin County; Glacier County; Granite County; Lake County; Lincoln County; Madison County; Mineral County; Missoula County; Powell County; Ravalli County; Sanders County; Silver Bow County,Pondera County,16,137499,174999,10086,322584,44.0,56.0,49.25,-4.47,R+4.5,0.4,-5.25,-2.81,-3.15,-5.88,0.4,0.2,0.2,0.2,pres+house+senate+statewide
2024,2020s,Montana,MT,MT-02,,False,40,1,Big Horn County; Blaine County; Broadwater County; Carbon County; Carter County; Cascade County; Chouteau County; Custer County; Daniels County; Dawson County; Fallon County; Fergus County; Garfield County; Golden Valley County; Hill County; Jefferson County; Judith Basin County; Lewis and Clark County; Liberty County; McCone County; Meagher County; Musselshell County; Park County; Petroleum County; Phillips County; Powder River County; Prairie County; Richland County; Roosevelt County; Rosebud County; Sheridan County; Stillwater County; Sweet Grass County; Teton County; Toole County; Treasure County; Valley County; Wheatland County; Wibaux County; Yellowstone County,Pondera County,41,94407,177080,8919,280406,34.77,65.23,49.25,-10.56,R+10.6,0.5,-14.47,-14.84,-3.15,-5.88,0.4,0.2,0.2,0.2,pres+house+senate+statewide
2024,2020s,North Carolina,NC,NC-01,,False,21,1,Bertie County; Camden County; Chowan County; Currituck County; Edgecombe County; Gates County; Greene County; Halifax County; Hertford County; Lenoir County; Martin County; Nash County; Northampton County; Pasquotank County; Perquimans County; Tyrrell County; Vance County; Warren County; Washington County; Wayne County; Wilson County,Granville County,22,180078,193645,3661,377384,48.18,51.82,49.25,0.86,D+0.9,0.5,-1.06,2.01,,3.55,0.5,0.25,0.0,0.25,pres+house+statewide
2024,2020s,North Carolina,NC,NC-02,,False,0,1,,Wake County,1,194447,114229,6688,315364,62.99,37.01,49.25,12.47,D+12.5,100.0,13.75,18.85,,3.55,0.5,0.25,0.0,0.25,pres+house+statewide
2024,2020s,North Carolina,NC,NC-03,,False,10,1,Beaufort County; Carteret County; Craven County; Dare County; Duplin County; Hyde County; Jones County; Onslow County; Pamlico County; Pitt County,Sampson County,11,146860,232991,4398,384249,38.66,61.34,49.25,-5.87,R+5.9,6.0,-10.59,,,3.55,0.667,0.0,0.0,0.333,pres+statewide
2024,2020s,North Carolina,NC,NC-04,,False,2,2,Durham County; Orange County,Chatham County; Wake County,4,298040,107105,8131,413277,73.56,26.44,49.25,19.16,D+19.2,35.0,24.32,24.47,,3.55,0.5,0.25,0.0,0.25,pres+house+statewide
2024,2020s,North Carolina,NC,NC-05,,False,9,1,Alexander County; Alleghany County; Ashe County; Caldwell County; Rockingham County; Stokes County; Surry County; Watauga County; Wilkes County,Guilford County,10,125884,226476,4299,356659,35.73,64.27,49.25,-7.95,R+8.0,24.1,-13.52,-8.32,,3.55,0.5,0.25,0.0,0.25,pres+house+statewide
2024,2020s,North Carolina,NC,NC-06,,False,3,3,Davidson County; Davie County; Rowan County,Cabarrus County; Forsyth County; Guilford County,6,134026,200315,4963,339305,40.09,59.91,49.25,-4.92,R+4.9,42.3,-9.16,,,3.55,0.667,0.0,0.0,0.333,pres+statewide
2024,2020s,North Carolina,NC,NC-07,,False,5,3,Bladen County; Brunswick County; Columbus County; New Hanover County; Pender County,Cumberland County; Robeson County; Sampson County,8,208902,253420,5654,467976,45.19,54.81,49.25,-3.0,R+3.0,29.4,-4.06,-7.44,,3.55,0.5,0.25,0.0,0.25,pres+house+statewide
2024,2020s,North Carolina,NC,NC-08,,False,6,3,Anson County; Montgomery County; Richmond County; Scotland County; Stanly County; Union County,Cabarrus County; Mecklenburg County; Robeson County,9,186534,239344,6238,432115,43.8,56.2,49.25,-3.95,R+4.0,45.7,-5.45,-8.46,,3.55,0.5,0.25,0.0,0.25,pres+house+statewide
2024,2020s,North Carolina,NC,NC-09,,False,4,3,Alamance County; Hoke County; Moore County; Randolph County,Chatham County; Cumberland County; Guilford County,7,219151,244620,6631,470402,47.25,52.75,49.25,-2.28,R+2.3,46.8,-1.99,-8.68,,3.55,0.5,0.25,0.0,0.25,pres+house+statewide
2024,2020s,North Carolina,NC,NC-10,,False,4,1,Catawba County; Iredell County; Lincoln County; Yadkin County,Forsyth County,5,155855,245565,5205,406625,38.83,61.17,49.25,-6.55,R+6.6,32.6,-10.42,-8.93,,3.55,0.5,0.25,0.0,0.25,pres+house+statewide
2024,2020s,North Carolina,NC,NC-11,,False,15,1,Avery County; Buncombe County; Cherokee County; Clay County; Graham County; Haywood County; Henderson County; Jackson County; McDowell County; Macon County; Madison County; Mitchell County; Swain County; Transylvania County; Yancey County,Polk County,16,197465,239200,6820,443484,45.22,54.78,49.25,-2.53,R+2.5,1.4,-4.03,-5.62,,3.55,0.5,0.25,0.0,0.25,pres+house+statewide
2024,2020s,North Carolina,NC,NC-12,,False,0,1,,Mecklenburg County,1,189169,94355,6674,290198,66.72,33.28,49.25,15.92,D+15.9,100.0,17.47,25.17,,3.55,0.5,0.25,0.0,0.25,pres+house+statewide
2024,2020s,North Carolina,NC,NC-13,,False,6,2,Caswell County; Franklin County; Harnett County; Johnston County; Lee County; Person County,Granville County; Wake County,8,257548,268989,8552,535089,48.91,51.09,49.25,-1.15,R+1.2,44.8,-0.33,-7.49,,3.55,0.5,0.25,0.0,0.25,pres+house+statewide
2024,2020s,North Carolina,NC,NC-14,,False,4,2,Burke County; Cleveland County; Gaston County; Rutherford County,Mecklenburg County; Polk County,6,221416,238169,7429,467015,48.18,51.82,49.25,-1.38,R+1.4,46.2,-1.07,-6.92,,3.55,0.5,0.25,0.0,0.25,pres+house+statewide
2024,2020s,North Dakota,ND,ND-AL,,True,0,0,,,53,112327,246505,9323,368155,31.3,68.7,49.25,-17.32,R+17.3,0.0,-17.94,-18.37,-16.03,-16.33,0.4,0.2,0.2,0.2,pres+house+senate+statewide
2024,2020s,Nebraska,NE,NE-01,,False,10,2,Butler County; Cass County; Colfax County; Cuming County; Dodge County; Lancaster County; Madison County; Platte County; Seward County; Stanton County,Polk County; Sarpy County,12,120978,162144,5724,288845,42.73,57.27,49.25,-8.52,R+8.5,14.3,-6.52,-8.96,-12.09,,0.5,0.25,0.25,0.0,pres+house+senate
2024,2020s,Nebraska,NE,NE-02,,False,2,1,Douglas County; Saunders County,Sarpy County,3,178630,164169,6849,349648,52.11,47.89,49.25,-1.54,R+1.5,17.4,2.86,0.22,-12.09,,0.5,0.25,0.25,0.0,pres+house+senate
2024,2020s,Nebraska,NE,NE-03,,False,79,1,Adams County; Antelope County; Arthur County; Banner County; Blaine County; Boone County; Box Butte County; Boyd County; Brown County; Buffalo County; Burt County; Cedar County; Chase County; Cherry County; Cheyenne County; Clay County; Custer County; Dakota County; Dawes County; Dawson County; Deuel County; Dixon County; Dundy County; Fillmore County; Franklin County; Frontier County; Furnas County; Gage County; Garden County; Garfield County; Gosper County; Grant County; Greeley County; Hall County; Hamilton County; Harlan County; Hayes County; Hitchcock County; Holt County; Hooker County; Howard County; Jefferson County; Johnson County; Kearney County; Keith County; Keya Paha County; Kimball County; Knox County; Lincoln County; Logan County; Loup County; McPherson County; Merrick County; Morrill County; Nance County; Nemaha County; Nuckolls County; Otoe County; Pawnee County; Perkins County; Phelps County; Pierce County; Red Willow County; Richardson County; Rock County; Saline County; Scotts Bluff County; Sheridan County; Sherman County; Sioux County; Thayer County; Thomas County; Thurston County; Valley County; Washington County; Wayne County; Webster County; Wheeler County; York County,Polk County,80,70388,238503,4798,313689,22.79,77.21,49.25,-23.57,R+23.6,0.6,-26.46,-29.27,-12.09,,0.5,0.25,0.25,0.0,pres+house+senate
2024,2020s,New Hampshire,NH,NH-01,,False,1,5,Strafford County,Belknap County; Carroll County; Hillsborough County; Merrimack County; Rockingham County,6,168915,167521,4686,341122,50.21,49.79,49.25,2.04,D+2.0,77.5,0.96,5.18,,1.05,0.5,0.25,0.0,0.25,pres+house+statewide
2024,2020s,New Hampshire,NH,NH-02,,False,4,5,Cheshire County; Coos County; Grafton County; Sullivan County,Belknap County; Carroll County; Hillsborough County; Merrimack County; Rockingham County,9,249573,228002,7492,485067,52.26,47.74,49.25,2.8,D+2.8,70.3,3.01,4.13,,1.05,0.5,0.25,0.0,0.25,pres+house+statewide
2024,2020s,New Jersey,NJ,NJ-01,,False,1,1,Camden County,Gloucester County,2,189603,123847,4791,318241,60.49,39.51,49.25,9.54,D+9.5,22.4,11.24,10.27,5.42,,0.5,0.25,0.25,0.0,pres+house+senate
2024,2020s,New Jersey,NJ,NJ-02,,False,4,2,Atlantic County; Cape May County; Cumberland County; Salem County,Gloucester County; Ocean County,6,205446,274686,6932,487064,42.79,57.21,49.25,-3.72,R+3.7,44.3,-6.46,-7.36,5.42,,0.5,0.25,0.25,0.0,pres+house+senate
2024,2020s,New Jersey,NJ,NJ-03,,False,1,2,Burlington County,Mercer County; Monmouth County,3,240184,194273,7056,441513,55.28,44.72,49.25,5.76,D+5.8,48.0,6.04,5.53,5.42,,0.5,0.25,0.25,0.0,pres+house+senate
2024,2020s,New Jersey,NJ,NJ-04,,False,0,2,,Monmouth County; Ocean County,2,138190,234090,5497,377777,37.12,62.88,49.25,-8.93,R+8.9,100.0,-12.13,-16.89,5.42,,0.5,0.25,0.25,0.0,pres+house+senate
2024,2020s,New Jersey,NJ,NJ-05,,False,0,3,,Bergen County; Passaic County; Sussex County,3,253620,260409,12150,526178,49.34,50.66,49.25,3.13,D+3.1,100.0,0.09,6.9,5.42,,0.5,0.25,0.25,0.0,pres+house+senate
2024,2020s,New Jersey,NJ,NJ-06,,False,0,2,,Middlesex County; Monmouth County,2,103728,97861,5515,207104,51.46,48.54,49.25,4.78,D+4.8,100.0,2.21,9.3,5.42,,0.5,0.25,0.25,0.0,pres+house+senate
2024,2020s,New Jersey,NJ,NJ-07,,False,2,4,Hunterdon County; Warren County,Morris County; Somerset County; Sussex County; Union County,6,259881,239643,10109,509633,52.03,47.97,49.25,2.34,D+2.3,72.3,2.78,-1.62,5.42,,0.5,0.25,0.25,0.0,pres+house+senate
2024,2020s,New Jersey,NJ,NJ-08,,False,0,3,,Essex County; Hudson County; Union County,3,130267,70963,5312,206542,64.74,35.26,49.25,12.65,D+12.7,100.0,15.49,14.23,5.42,,0.5,0.25,0.25,0.0,pres+house+senate
2024,2020s,New Jersey,NJ,NJ-09,,False,0,3,,Bergen County; Hudson County; Passaic County,3,108430,93777,5092,207299,53.62,46.38,49.25,4.46,D+4.5,100.0,4.37,3.68,5.42,,0.5,0.25,0.25,0.0,pres+house+senate
2024,2020s,New Jersey,NJ,NJ-10,,False,0,3,,Essex County; Hudson County; Union County,3,135524,62273,3560,201357,68.52,31.48,49.25,18.02,D+18.0,100.0,19.27,28.14,5.42,,0.5,0.25,0.25,0.0,pres+house+senate
2024,2020s,New Jersey,NJ,NJ-11,,False,0,3,,Essex County; Morris County; Passaic County,3,233337,156035,7336,396708,59.93,40.07,49.25,8.85,D+8.9,100.0,10.68,8.64,5.42,,0.5,0.25,0.25,0.0,pres+house+senate
2024,2020s,New Jersey,NJ,NJ-12,,False,0,4,,Mercer County; Middlesex County; Somerset County; Union County,4,222504,160357,10447,393309,58.12,41.88,49.25,9.25,D+9.2,100.0,8.87,13.83,5.42,,0.5,0.25,0.25,0.0,pres+house+senate
2024,2020s,New Mexico,NM,NM-01,,False,4,6,De Baca County; Guadalupe County; Lincoln County; Torrance County,Bernalillo County; Chaves County; Otero County; Sandoval County; Santa Fe County; Valencia County,10,105476,85316,4687,195479,55.28,44.72,49.25,6.22,D+6.2,89.7,6.04,7.52,5.54,5.99,0.4,0.2,0.2,0.2,pres+house+senate+statewide
2024,2020s,New Mexico,NM,NM-02,,False,8,7,Catron County; Cibola County; Doña Ana County; Grant County; Hidalgo County; Luna County; Sierra County; Socorro County,Bernalillo County; Chaves County; Eddy County; Lea County; McKinley County; Otero County; Valencia County,15,194349,183455,8816,386620,51.44,48.56,49.25,3.83,D+3.8,65.3,2.19,3.23,5.54,5.99,0.4,0.2,0.2,0.2,pres+house+senate+statewide
2024,2020s,New Mexico,NM,NM-03,,False,12,6,Colfax County; Curry County; Harding County; Los Alamos County; Mora County; Quay County; Rio Arriba County; Roosevelt County; San Juan County; San Miguel County; Taos County; Union County,Chaves County; Eddy County; Lea County; McKinley County; Sandoval County; Santa Fe County,18,178977,154620,7707,341304,53.65,46.35,49.25,5.56,D+5.6,57.6,4.4,7.43,5.54,5.99,0.4,0.2,0.2,0.2,pres+house+senate+statewide
2024,2020s,Nevada,NV,NV-01,,False,0,1,,Clark County,1,65609,62187,2268,130064,51.34,48.66,49.25,2.95,D+2.9,100.0,2.09,5.04,1.36,4.16,0.4,0.2,0.2,0.2,pres+house+senate+statewide
2024,2020s,Nevada,NV,NV-02,,False,11,1,Churchill County; Douglas County; Elko County; Eureka County; Humboldt County; Lander County; Pershing County; Storey County; Washoe County; White Pine County; Carson City,Lyon County,12,173094,226510,9580,409183,43.32,56.68,49.25,-1.58,R+1.6,5.2,-5.93,,1.36,4.16,0.5,0.0,0.25,0.25,pres+senate+statewide
2024,2020s,Nevada,NV,NV-03,,False,0,1,,Clark County,1,130698,123880,4519,259096,51.34,48.66,49.25,2.45,D+2.4,100.0,2.09,2.52,1.36,4.16,0.4,0.2,0.2,0.2,pres+house+senate+statewide
2024,2020s,Nevada,NV,NV-04,,False,4,2,Esmeralda County; Lincoln County; Mineral County; Nye County,Clark County; Lyon County,6,335796,338629,12072,686497,49.79,50.21,49.25,2.38,D+2.4,95.3,0.54,5.31,1.36,4.16,0.4,0.2,0.2,0.2,pres+house+senate+statewide
2024,2020s,New York,NY,NY-01,,False,0,1,,Suffolk County,1,235956,288238,2408,526602,45.01,54.99,49.25,1.17,D+1.2,100.0,-4.24,-4.07,10.17,8.21,0.4,0.2,0.2,0.2,pres+house+senate+statewide
2024,2020s,New York,NY,NY-02,,False,0,2,,Nassau County; Suffolk County,2,123096,147012,1677,271784,45.57,54.43,49.25,0.48,D+0.5,100.0,-3.68,-8.62,10.17,8.21,0.4,0.2,0.2,0.2,pres+house+senate+statewide
2024,2020s,New York,NY,NY-03,,False,0,3,,Nassau County; Queens County; Suffolk County,3,227367,224257,6257,457881,50.34,49.66,49.25,4.7,D+4.7,100.0,1.1,2.94,10.17,8.21,0.4,0.2,0.2,0.2,pres+house+senate+statewide
2024,2020s,New York,NY,NY-04,,False,0,1,,Nassau County,1,143779,156394,3876,304050,47.9,52.1,49.25,3.6,D+3.6,100.0,-1.35,2.3,10.17,8.21,0.4,0.2,0.2,0.2,pres+house+senate+statewide
2024,2020s,New York,NY,NY-05,,False,0,1,,Queens County,1,200734,121477,6451,328663,62.3,37.7,49.25,13.71,D+13.7,100.0,13.05,24.07,10.17,8.21,0.4,0.2,0.2,0.2,pres+house+senate+statewide
2024,2020s,New York,NY,NY-06,,False,0,1,,Queens County,1,93735,56725,3013,153473,62.3,37.7,49.25,11.47,D+11.5,100.0,13.05,12.87,10.17,8.21,0.4,0.2,0.2,0.2,pres+house+senate+statewide
2024,2020s,New York,NY,NY-07,,False,0,2,,Kings County; Queens County,2,122494,56835,3829,183159,68.31,31.69,49.25,17.15,D+17.2,100.0,19.06,29.26,10.17,8.21,0.4,0.2,0.2,0.2,pres+house+senate+statewide
2024,2020s,New York,NY,NY-08,,False,0,1,,Kings County,1,272646,106092,8396,387133,71.99,28.01,49.25,18.08,D+18.1,100.0,22.74,26.54,10.17,8.21,0.4,0.2,0.2,0.2,pres+house+senate+statewide
2024,2020s,New York,NY,NY-09,,False,0,1,,Kings County,1,115558,44966,3558,164083,71.99,28.01,49.25,17.85,D+17.9,100.0,22.74,25.4,10.17,8.21,0.4,0.2,0.2,0.2,pres+house+senate+statewide
2024,2020s,New York,NY,NY-10,,False,0,2,,Kings County; New York County,2,189860,55008,5141,250008,77.54,22.46,49.25,22.14,D+22.1,100.0,28.29,35.74,10.17,8.21,0.4,0.2,0.2,0.2,pres+house+senate+statewide
2024,2020s,New York,NY,NY-11,,False,1,1,Richmond County,Kings County,2,119902,147824,4619,272344,44.79,55.21,49.25,-0.7,R+0.7,26.4,-4.46,-12.95,10.17,8.21,0.4,0.2,0.2,0.2,pres+house+senate+statewide
2024,2020s,New York,NY,NY-12,,False,0,1,,New York County,1,228301,48725,5530,282556,82.41,17.59,49.25,23.27,D+23.3,100.0,33.16,31.66,10.17,8.21,0.4,0.2,0.2,0.2,pres+house+senate+statewide
2024,2020s,New York,NY,NY-13,,False,0,2,,Bronx County; New York County,2,214119,48293,5057,267468,81.6,18.4,49.25,23.55,D+23.6,100.0,32.35,34.69,10.17,8.21,0.4,0.2,0.2,0.2,pres+house+senate+statewide
2024,2020s,New York,NY,NY-14,,False,0,2,,Bronx County; Queens County,2,176900,77962,3659,258521,69.41,30.59,49.25,15.81,D+15.8,100.0,20.16,20.35,10.17,8.21,0.4,0.2,0.2,0.2,pres+house+senate+statewide
2024,2020s,New York,NY,NY-15,,False,0,1,,Bronx County,1,107824,40454,1738,150015,72.72,27.28,49.25,18.97,D+19.0,100.0,23.47,29.51,10.17,8.21,0.4,0.2,0.2,0.2,pres+house+senate+statewide
2024,2020s,New York,NY,NY-16,,False,0,2,,Bronx County; Westchester County,2,90720,50600,903,142223,64.19,35.81,49.25,14.2,D+14.2,100.0,14.95,22.74,10.17,8.21,0.4,0.2,0.2,0.2,pres+house+senate+statewide
2024,2020s,New York,NY,NY-17,,False,2,2,Putnam County; Rockland County,Dutchess County; Westchester County,4,308909,246449,4022,559379,55.62,44.38,49.25,5.81,D+5.8,63.0,6.38,-2.07,10.17,8.21,0.4,0.2,0.2,0.2,pres+house+senate+statewide
2024,2020s,New York,NY,NY-18,,False,1,2,Orange County,Dutchess County; Ulster County,3,168386,169954,2367,340707,49.77,50.23,49.25,5.55,D+5.5,48.4,0.52,8.32,10.17,8.21,0.4,0.2,0.2,0.2,pres+house+senate+statewide
2024,2020s,New York,NY,NY-19,,False,8,3,Broome County; Chenango County; Columbia County; Delaware County; Greene County; Otsego County; Sullivan County; Tompkins County,Cortland County; Rensselaer County; Ulster County,11,226419,208346,5133,439898,52.08,47.92,49.25,5.26,D+5.3,29.8,2.83,2.26,10.17,8.21,0.4,0.2,0.2,0.2,pres+house+senate+statewide
2024,2020s,New York,NY,NY-20,,False,2,3,Albany County; Schenectady County,Montgomery County; Rensselaer County; Saratoga County,5,174749,128881,3941,307571,57.55,42.45,49.25,9.46,D+9.5,27.7,8.31,12.28,10.17,8.21,0.4,0.2,0.2,0.2,pres+house+senate+statewide
2024,2020s,New York,NY,NY-21,,False,11,4,Clinton County; Essex County; Franklin County; Fulton County; Hamilton County; Herkimer County; Lewis County; St. Lawrence County; Schoharie County; Warren County; Washington County,Jefferson County; Montgomery County; Oneida County; Saratoga County,15,185574,254937,2599,443110,42.13,57.87,49.25,-1.37,R+1.4,39.3,-7.12,-10.99,10.17,8.21,0.4,0.2,0.2,0.2,pres+house+senate+statewide
2024,2020s,New York,NY,NY-22,,False,2,3,Madison County; Onondaga County,Cayuga County; Cortland County; Oneida County,5,173038,147555,3621,324214,53.97,46.03,49.25,6.71,D+6.7,18.6,4.73,5.71,10.17,8.21,0.4,0.2,0.2,0.2,pres+house+senate+statewide
2024,2020s,New York,NY,NY-23,,False,5,4,Allegany County; Cattaraugus County; Chautauqua County; Chemung County; Tioga County,Erie County; Niagara County; Schuyler County; Steuben County,9,281326,303553,6478,591357,48.1,51.9,49.25,0.29,D+0.3,70.8,-1.15,-14.66,10.17,8.21,0.4,0.2,0.2,0.2,pres+house+senate+statewide
2024,2020s,New York,NY,NY-24,,False,8,6,Genesee County; Livingston County; Orleans County; Oswego County; Seneca County; Wayne County; Wyoming County; Yates County,Cayuga County; Jefferson County; Niagara County; Ontario County; Schuyler County; Steuben County,14,166148,252294,2544,420986,39.71,60.29,49.25,-3.04,R+3.0,47.4,-9.54,-14.52,10.17,8.21,0.4,0.2,0.2,0.2,pres+house+senate+statewide
2024,2020s,New York,NY,NY-25,,False,1,1,Monroe County,Ontario County,2,217030,148267,3940,369237,59.41,40.59,49.25,10.14,D+10.1,1.3,10.16,11.97,10.17,8.21,0.4,0.2,0.2,0.2,pres+house+senate+statewide
2024,2020s,New York,NY,NY-26,,False,0,2,,Erie County; Niagara County,2,54625,47803,1360,103788,53.33,46.67,49.25,8.57,D+8.6,100.0,4.08,16.32,10.17,8.21,0.4,0.2,0.2,0.2,pres+house+senate+statewide
2024,2020s,Ohio,OH,OH-01,,False,1,1,Warren County,Hamilton County,2,161941,175936,5417,343294,47.93,52.07,49.25,-0.55,R+0.6,59.0,-1.32,5.73,-1.39,-4.47,0.4,0.2,0.2,0.2,pres+house+senate+statewide
2024,2020s,Ohio,OH,OH-02,,False,15,1,Adams County; Brown County; Clermont County; Clinton County; Gallia County; Highland County; Hocking County; Jackson County; Lawrence County; Meigs County; Pickaway County; Pike County; Ross County; Scioto County; Vinton County,Fayette County,16,98074,278598,4239,380910,26.04,73.96,49.25,-14.94,R+14.9,0.4,-23.21,-22.41,-1.39,-4.47,0.4,0.2,0.2,0.2,pres+house+senate+statewide
2024,2020s,Ohio,OH,OH-03,,False,0,1,,Franklin County,1,154645,85683,5217,245544,64.35,35.65,49.25,9.25,D+9.2,100.0,15.1,21.89,-1.39,-4.47,0.4,0.2,0.2,0.2,pres+house+senate+statewide
2024,2020s,Ohio,OH,OH-04,,False,10,3,Allen County; Ashland County; Auglaize County; Champaign County; Hardin County; Logan County; Marion County; Morrow County; Richland County; Union County,Delaware County; Shelby County; Wyandot County,13,122267,275790,5036,403094,30.72,69.28,49.25,-12.05,R+12.0,26.0,-18.53,-17.31,-1.39,-4.47,0.4,0.2,0.2,0.2,pres+house+senate+statewide
2024,2020s,Ohio,OH,OH-05,,False,10,2,Crawford County; Hancock County; Henry County; Huron County; Lorain County; Mercer County; Paulding County; Putnam County; Seneca County; Van Wert County,Wood County; Wyandot County,12,148996,265935,5573,420504,35.91,64.09,49.25,-9.78,R+9.8,15.9,-13.34,-16.36,-1.39,-4.47,0.4,0.2,0.2,0.2,pres+house+senate+statewide
2024,2020s,Ohio,OH,OH-06,,False,9,2,Belmont County; Carroll County; Columbiana County; Harrison County; Jefferson County; Mahoning County; Monroe County; Noble County; Washington County,Stark County; Tuscarawas County,11,145984,275639,4650,426273,34.62,65.38,49.25,-10.14,R+10.1,32.2,-14.62,-15.59,-1.39,-4.47,0.4,0.2,0.2,0.2,pres+house+senate+statewide
2024,2020s,Ohio,OH,OH-07,,False,2,2,Medina County; Wayne County,Cuyahoga County; Holmes County,4,255055,208777,5567,469399,54.99,45.01,49.25,-0.36,R+0.4,65.8,5.74,-7.44,-1.39,-4.47,0.4,0.2,0.2,0.2,pres+house+senate+statewide
2024,2020s,Ohio,OH,OH-08,,False,3,2,Butler County; Darke County; Preble County,Hamilton County; Miami County,5,198054,252111,5485,455650,44.0,56.0,49.25,-5.6,R+5.6,49.1,-5.25,-11.66,-1.39,-4.47,0.4,0.2,0.2,0.2,pres+house+senate+statewide
2024,2020s,Ohio,OH,OH-09,,False,7,1,Defiance County; Erie County; Fulton County; Lucas County; Ottawa County; Sandusky County; Williams County,Wood County,8,163654,187593,5932,357179,46.59,53.41,49.25,-1.94,R+1.9,3.0,-2.66,1.48,-1.39,-4.47,0.4,0.2,0.2,0.2,pres+house+senate+statewide
2024,2020s,Ohio,OH,OH-10,,False,2,1,Greene County; Montgomery County,Clark County,3,168656,190641,5908,365206,46.94,53.06,49.25,-3.77,R+3.8,5.0,-2.31,-8.36,-1.39,-4.47,0.4,0.2,0.2,0.2,pres+house+senate+statewide
2024,2020s,Ohio,OH,OH-11,,False,0,1,,Cuyahoga County,1,177455,92015,3215,272685,65.85,34.15,49.25,11.69,D+11.7,100.0,16.61,31.1,-1.39,-4.47,0.4,0.2,0.2,0.2,pres+house+senate+statewide
2024,2020s,Ohio,OH,OH-12,,False,9,3,Athens County; Coshocton County; Fairfield County; Guernsey County; Knox County; Licking County; Morgan County; Muskingum County; Perry County,Delaware County; Holmes County; Tuscarawas County,12,139921,268173,5102,413196,34.29,65.71,49.25,-10.63,R+10.6,18.8,-14.96,-17.36,-1.39,-4.47,0.4,0.2,0.2,0.2,pres+house+senate+statewide
2024,2020s,Ohio,OH,OH-13,,False,1,1,Summit County,Stark County,2,170267,165524,4116,339908,50.71,49.29,49.25,-0.14,R+0.1,19.3,1.46,2.25,-1.39,-4.47,0.4,0.2,0.2,0.2,pres+house+senate+statewide
2024,2020s,Ohio,OH,OH-14,,False,5,0,Ashtabula County; Geauga County; Lake County; Portage County; Trumbull County,,5,164950,238088,5600,408638,40.93,59.07,49.25,-6.95,R+7.0,0.0,-8.32,-12.27,-1.39,-4.47,0.4,0.2,0.2,0.2,pres+house+senate+statewide
2024,2020s,Ohio,OH,OH-15,,False,1,5,Madison County,Clark County; Fayette County; Franklin County; Miami County; Shelby County,6,263781,219615,9464,492859,54.57,45.43,49.25,-0.11,R+0.1,95.8,5.32,-5.31,-1.39,-4.47,0.4,0.2,0.2,0.2,pres+house+senate+statewide
2024,2020s,Oklahoma,OK,OK-01,,False,1,3,Tulsa County,Creek County; Rogers County; Wagoner County,4,113041,167186,6116,286343,40.34,59.66,49.25,-10.1,R+10.1,10.3,-8.91,-12.49,,,0.667,0.333,0.0,0.0,pres+house
2024,2020s,Oklahoma,OK,OK-02,,False,26,2,Adair County; Atoka County; Bryan County; Cherokee County; Choctaw County; Coal County; Craig County; Delaware County; Haskell County; Hughes County; Johnston County; Latimer County; Le Flore County; McCurtain County; McIntosh County; Marshall County; Mayes County; Muskogee County; Nowata County; Okfuskee County; Okmulgee County; Ottawa County; Pittsburg County; Pushmataha County; Sequoyah County; Washington County,Rogers County; Wagoner County,28,73546,261931,5422,340899,21.92,78.08,49.25,-27.03,R+27.0,17.7,-27.33,-26.42,,,0.667,0.333,0.0,0.0,pres+house
2024,2020s,Oklahoma,OK,OK-03,,False,28,4,Alfalfa County; Beaver County; Beckham County; Blaine County; Caddo County; Cimarron County; Custer County; Dewey County; Ellis County; Garfield County; Grant County; Greer County; Harmon County; Harper County; Jackson County; Kay County; Kingfisher County; Kiowa County; Major County; Noble County; Osage County; Pawnee County; Payne County; Roger Mills County; Texas County; Washita County; Woods County; Woodward County,Canadian County; Creek County; Logan County; Oklahoma County,32,84933,232255,6240,323428,26.78,73.22,49.25,-22.47,R+22.5,40.9,-22.47,,,,1.0,0.0,0.0,0.0,pres
2024,2020s,Oklahoma,OK,OK-04,,False,13,1,Carter County; Cleveland County; Comanche County; Cotton County; Garvin County; Grady County; Jefferson County; Love County; McClain County; Murray County; Pontotoc County; Stephens County; Tillman County,Oklahoma County,14,95893,198982,5706,300581,32.52,67.48,49.25,-17.36,R+17.4,6.2,-16.73,-18.62,,,0.667,0.333,0.0,0.0,pres+house
2024,2020s,Oklahoma,OK,OK-05,,False,3,3,Lincoln County; Pottawatomie County; Seminole County,Canadian County; Logan County; Oklahoma County,6,132186,175860,6877,314922,42.91,57.09,49.25,-7.41,R+7.4,83.4,-6.34,-9.54,,,0.667,0.333,0.0,0.0,pres+house
2024,2020s,Oregon,OR,OR-01,,False,3,2,Clatsop County; Columbia County; Tillamook County,Multnomah County; Washington County,5,282970,136024,17842,436836,67.54,32.46,49.25,16.75,D+16.7,83.8,18.29,22.1,,8.31,0.5,0.25,0.0,0.25,pres+house+statewide
2024,2020s,Oregon,OR,OR-02,,False,18,2,Baker County; Crook County; Gilliam County; Grant County; Harney County; Jackson County; Jefferson County; Josephine County; Klamath County; Lake County; Malheur County; Morrow County; Sherman County; Umatilla County; Union County; Wallowa County; Wasco County; Wheeler County,Deschutes County; Douglas County,20,171031,265897,14413,451341,39.14,60.86,49.25,-6.7,R+6.7,25.0,-10.1,-14.92,,8.31,0.5,0.25,0.0,0.25,pres+house+statewide
2024,2020s,Oregon,OR,OR-03,,False,1,2,Hood River County,Clackamas County; Multnomah County,3,293058,88936,16498,398492,76.72,23.28,49.25,21.81,D+21.8,96.8,27.47,24.01,,8.31,0.5,0.25,0.0,0.25,pres+house+statewide
2024,2020s,Oregon,OR,OR-04,,False,5,1,Benton County; Coos County; Curry County; Lane County; Lincoln County,Douglas County,6,204225,150053,13740,368018,57.65,42.35,49.25,7.58,D+7.6,7.3,8.4,5.21,,8.31,0.5,0.25,0.0,0.25,pres+house+statewide
2024,2020s,Oregon,OR,OR-05,,False,1,4,Linn County,Clackamas County; Deschutes County; Marion County; Multnomah County,5,204070,195073,15229,414372,51.13,48.87,49.25,3.67,D+3.7,82.8,1.88,2.62,,8.31,0.5,0.25,0.0,0.25,pres+house+statewide
2024,2020s,Oregon,OR,OR-06,,False,2,2,Polk County; Yamhill County,Marion County; Washington County,4,85246,83497,6691,175434,50.52,49.48,49.25,3.86,D+3.9,39.9,1.27,4.58,,8.31,0.5,0.25,0.0,0.25,pres+house+statewide
2024,2020s,Pennsylvania,PA,PA-01,,False,1,1,Bucks County,Montgomery County,2,261088,237907,4960,503955,52.32,47.68,49.25,0.52,D+0.5,20.4,3.07,-5.25,0.38,1.34,0.4,0.2,0.2,0.2,pres+house+senate+statewide
2024,2020s,Pennsylvania,PA,PA-02,,False,0,1,,Philadelphia County,1,269899,68504,4063,342465,79.76,20.24,49.25,17.07,D+17.1,100.0,30.51,22.61,0.38,1.34,0.4,0.2,0.2,0.2,pres+house+senate+statewide
2024,2020s,Pennsylvania,PA,PA-03,,False,0,1,,Philadelphia County,1,216955,55066,3266,275287,79.76,20.24,49.25,15.68,D+15.7,100.0,30.51,,0.38,1.34,0.5,0.0,0.25,0.25,pres+senate+statewide
2024,2020s,Pennsylvania,PA,PA-04,,False,0,2,,Berks County; Montgomery County,2,275039,197577,4960,477576,58.19,41.81,49.25,5.97,D+6.0,100.0,8.95,10.22,0.38,1.34,0.4,0.2,0.2,0.2,pres+house+senate+statewide
2024,2020s,Pennsylvania,PA,PA-05,,False,1,2,Delaware County,Montgomery County; Philadelphia County,3,301489,155699,4977,462164,65.94,34.06,49.25,10.31,D+10.3,29.0,16.7,16.44,0.38,1.34,0.4,0.2,0.2,0.2,pres+house+senate+statewide
2024,2020s,Pennsylvania,PA,PA-06,,False,1,1,Chester County,Berks County,2,202889,161125,3800,367814,55.74,44.26,49.25,4.41,D+4.4,11.6,6.49,7.35,0.38,1.34,0.4,0.2,0.2,0.2,pres+house+senate+statewide
2024,2020s,Pennsylvania,PA,PA-07,,False,3,1,Carbon County; Lehigh County; Northampton County,Monroe County,4,199323,209768,4421,413512,48.72,51.28,49.25,0.26,D+0.3,2.4,-0.52,0.65,0.38,1.34,0.4,0.2,0.2,0.2,pres+house+senate+statewide
2024,2020s,Pennsylvania,PA,PA-08,,False,3,2,Lackawanna County; Pike County; Wayne County,Luzerne County; Monroe County,5,154130,187700,2744,344574,45.09,54.91,49.25,-1.25,R+1.3,47.5,-4.16,0.34,0.38,1.34,0.4,0.2,0.2,0.2,pres+house+senate+statewide
2024,2020s,Pennsylvania,PA,PA-09,,False,9,3,Bradford County; Columbia County; Lebanon County; Montour County; Northumberland County; Schuylkill County; Sullivan County; Susquehanna County; Wyoming County,Berks County; Luzerne County; Lycoming County,12,158625,304055,4185,466865,34.28,65.72,49.25,-9.51,R+9.5,34.6,-14.96,-19.36,0.38,1.34,0.4,0.2,0.2,0.2,pres+house+senate+statewide
2024,2020s,Pennsylvania,PA,PA-10,,False,1,2,Dauphin County,Cumberland County; York County,3,159989,185046,3958,348994,46.37,53.63,49.25,-0.7,R+0.7,57.2,-2.88,0.52,0.38,1.34,0.4,0.2,0.2,0.2,pres+house+senate+statewide
2024,2020s,Pennsylvania,PA,PA-11,,False,1,1,Lancaster County,York County,2,176894,261920,4359,443173,40.31,59.69,49.25,-5.58,R+5.6,34.7,-8.94,-11.75,0.38,1.34,0.4,0.2,0.2,0.2,pres+house+senate+statewide
2024,2020s,Pennsylvania,PA,PA-12,,False,0,2,,Allegheny County; Westmoreland County,2,172444,126520,2853,301817,57.68,42.32,49.25,5.23,D+5.2,100.0,8.43,7.56,0.38,1.34,0.4,0.2,0.2,0.2,pres+house+senate+statewide
2024,2020s,Pennsylvania,PA,PA-13,,False,10,1,Adams County; Bedford County; Blair County; Cambria County; Franklin County; Fulton County; Huntingdon County; Juniata County; Mifflin County; Perry County,Cumberland County,11,126649,313834,3751,444234,28.75,71.25,49.25,-12.46,R+12.5,10.0,-20.5,-23.05,0.38,1.34,0.4,0.2,0.2,0.2,pres+house+senate+statewide
2024,2020s,Pennsylvania,PA,PA-14,,False,4,2,Fayette County; Greene County; Somerset County; Washington County,Indiana County; Westmoreland County,6,150901,300657,3232,454790,33.42,66.58,49.25,-9.08,R+9.1,46.5,-15.83,-15.44,0.38,1.34,0.4,0.2,0.2,0.2,pres+house+senate+statewide
2024,2020s,Pennsylvania,PA,PA-15,,False,15,3,Armstrong County; Cameron County; Centre County; Clarion County; Clearfield County; Clinton County; Elk County; Forest County; Jefferson County; McKean County; Potter County; Snyder County; Tioga County; Union County; Warren County,Indiana County; Lycoming County; Venango County,18,131935,290521,3641,426098,31.23,68.77,49.25,-10.93,R+10.9,16.9,-18.02,-20.32,0.38,1.34,0.4,0.2,0.2,0.2,pres+house+senate+statewide
2024,2020s,Pennsylvania,PA,PA-16,,False,5,1,Butler County; Crawford County; Erie County; Lawrence County; Mercer County,Venango County,6,158954,253361,3506,415821,38.55,61.45,49.25,-6.44,R+6.4,2.0,-10.7,-12.5,0.38,1.34,0.4,0.2,0.2,0.2,pres+house+senate+statewide
2024,2020s,Pennsylvania,PA,PA-17,,False,1,1,Beaver County,Allegheny County,2,305840,234048,5180,545068,56.65,43.35,49.25,4.31,D+4.3,82.6,7.4,5.02,0.38,1.34,0.4,0.2,0.2,0.2,pres+house+senate+statewide
2024,2020s,Rhode Island,RI,RI-01,,False,2,1,Bristol County; Newport County,Providence County,3,96875,65093,4563,166532,59.81,40.19,49.25,11.78,D+11.8,56.2,10.56,17.48,10.54,9.75,0.4,0.2,0.2,0.2,pres+house+senate+statewide
2024,2020s,Rhode Island,RI,RI-02,,False,2,1,Kent County; Washington County,Providence County,3,186875,149198,9212,345284,55.61,44.39,49.25,8.51,D+8.5,51.0,6.36,9.53,10.54,9.75,0.4,0.2,0.2,0.2,pres+house+senate+statewide
2024,2020s,South Carolina,SC,SC-01,,False,2,4,Beaufort County; Berkeley County,Charleston County; Colleton County; Dorchester County; Jasper County,6,172954,201240,5804,379999,46.22,53.78,49.25,-4.2,R+4.2,42.8,-3.03,-7.12,,-3.61,0.5,0.25,0.0,0.25,pres+house+statewide
2024,2020s,South Carolina,SC,SC-02,,False,3,2,Aiken County; Barnwell County; Lexington County,Orangeburg County; Richland County,5,148446,188539,5117,342101,44.05,55.95,49.25,-5.62,R+5.6,29.0,-5.2,-8.48,,-3.61,0.5,0.25,0.0,0.25,pres+house+statewide
2024,2020s,South Carolina,SC,SC-03,,False,10,1,Abbeville County; Anderson County; Edgefield County; Greenwood County; Laurens County; McCormick County; Newberry County; Oconee County; Pickens County; Saluda County,Greenville County,11,112378,269156,5143,386677,29.45,70.55,49.25,-16.49,R+16.5,16.9,-19.79,-22.75,,-3.61,0.5,0.25,0.0,0.25,pres+house+statewide
2024,2020s,South Carolina,SC,SC-04,,False,0,2,,Greenville County; Spartanburg County,2,115357,200700,5002,321058,36.5,63.5,49.25,-9.89,R+9.9,100.0,-12.75,-10.45,,-3.61,0.5,0.25,0.0,0.25,pres+house+statewide
2024,2020s,South Carolina,SC,SC-05,,False,8,2,Cherokee County; Chester County; Fairfield County; Kershaw County; Lancaster County; Lee County; Union County; York County,Spartanburg County; Sumter County,10,145401,222952,5165,373519,39.47,60.53,49.25,-8.91,R+8.9,17.0,-9.77,-12.46,,-3.61,0.5,0.25,0.0,0.25,pres+house+statewide
2024,2020s,South Carolina,SC,SC-06,,False,6,8,Allendale County; Bamberg County; Calhoun County; Clarendon County; Hampton County; Williamsburg County,Charleston County; Colleton County; Dorchester County; Florence County; Jasper County; Orangeburg County; Richland County; Sumter County,14,194305,161507,5689,361501,54.61,45.39,49.25,5.02,D+5.0,84.6,5.36,12.99,,-3.61,0.5,0.25,0.0,0.25,pres+house+statewide
2024,2020s,South Carolina,SC,SC-07,,False,7,1,Chesterfield County; Darlington County; Dillon County; Georgetown County; Horry County; Marion County; Marlboro County,Florence County,8,139610,239654,4021,383285,36.81,63.19,49.25,-10.58,R+10.6,14.5,-12.44,-13.83,,-3.61,0.5,0.25,0.0,0.25,pres+house+statewide
2024,2020s,South Dakota,SD,SD-AL,,True,0,0,,,66,146859,272081,9982,428922,35.05,64.95,49.25,-15.08,R+15.1,0.0,-14.19,-20.9,,-11.03,0.5,0.25,0.0,0.25,pres+house+statewide
2024,2020s,Tennessee,TN,TN-01,,False,11,1,Carter County; Cocke County; Greene County; Hamblen County; Hancock County; Hawkins County; Johnson County; Sevier County; Sullivan County; Unicoi County; Washington County,Jefferson County,12,71697,273416,3574,348688,20.78,79.22,49.25,-22.81,R+22.8,7.2,-28.47,-28.96,-14.64,-13.52,0.4,0.2,0.2,0.2,pres+house+senate+statewide
2024,2020s,Tennessee,TN,TN-02,,False,6,2,Blount County; Claiborne County; Grainger County; Knox County; Loudon County; Union County,Campbell County; Jefferson County,8,119156,244929,5071,369155,32.73,67.27,49.25,-15.86,R+15.9,3.1,-16.52,-18.11,-14.64,-13.52,0.4,0.2,0.2,0.2,pres+house+senate+statewide
2024,2020s,Tennessee,TN,TN-03,,False,8,2,Anderson County; Bradley County; Hamilton County; McMinn County; Monroe County; Morgan County; Polk County; Roane County,Campbell County; Scott County,10,113208,242109,4718,360035,31.86,68.14,49.25,-16.3,R+16.3,2.4,-17.39,-18.55,-14.64,-13.52,0.4,0.2,0.2,0.2,pres+house+senate+statewide
2024,2020s,Tennessee,TN,TN-04,,False,15,0,Bedford County; Bledsoe County; Coffee County; Franklin County; Giles County; Grundy County; Lawrence County; Lincoln County; Marion County; Meigs County; Moore County; Rhea County; Rutherford County; Sequatchie County; Warren County,,15,93068,240013,4027,337108,27.94,72.06,49.25,-18.39,R+18.4,0.0,-21.31,-21.18,-14.64,-13.52,0.4,0.2,0.2,0.2,pres+house+senate+statewide
2024,2020s,Tennessee,TN,TN-05,,False,3,3,Lewis County; Marshall County; Maury County,Davidson County; Williamson County; Wilson County,6,124292,171688,4760,300741,41.99,58.01,49.25,-10.11,R+10.1,75.4,-7.25,-7.87,-14.64,-13.52,0.4,0.2,0.2,0.2,pres+house+senate+statewide
2024,2020s,Tennessee,TN,TN-06,,False,15,3,Cannon County; Clay County; Cumberland County; DeKalb County; Fentress County; Jackson County; Macon County; Overton County; Pickett County; Putnam County; Smith County; Sumner County; Trousdale County; Van Buren County; White County,Davidson County; Scott County; Wilson County,18,111917,252631,4398,368946,30.7,69.3,49.25,-16.42,R+16.4,30.4,-18.55,-16.85,-14.64,-13.52,0.4,0.2,0.2,0.2,pres+house+senate+statewide
2024,2020s,Tennessee,TN,TN-07,,False,11,3,Cheatham County; Decatur County; Dickson County; Hickman County; Houston County; Humphreys County; Montgomery County; Perry County; Robertson County; Stewart County; Wayne County,Benton County; Davidson County; Williamson County,14,155999,234529,6126,396653,39.95,60.05,49.25,-11.32,R+11.3,47.6,-9.3,-9.85,-14.64,-13.52,0.4,0.2,0.2,0.2,pres+house+senate+statewide
2024,2020s,Tennessee,TN,TN-08,,False,17,3,Carroll County; Chester County; Crockett County; Dyer County; Fayette County; Gibson County; Hardeman County; Hardin County; Haywood County; Henderson County; Henry County; Lake County; Lauderdale County; McNairy County; Madison County; Obion County; Weakley County,Benton County; Shelby County; Tipton County,20,122829,213256,3939,340024,36.55,63.45,49.25,-15.26,R+15.3,32.9,-12.7,-22.72,-14.64,-13.52,0.4,0.2,0.2,0.2,pres+house+senate+statewide
2024,2020s,Tennessee,TN,TN-09,,False,0,2,,Shelby County; Tipton County,2,144098,94295,4199,242592,60.45,39.55,49.25,3.78,D+3.8,100.0,11.2,24.66,-14.64,-13.52,0.4,0.2,0.2,0.2,pres+house+senate+statewide
2024,2020s,Texas,TX,TX-01,,False,14,3,Camp County; Cass County; Franklin County; Gregg County; Harrison County; Marion County; Morris County; Panola County; Rusk County; Sabine County; San Augustine County; Shelby County; Smith County; Titus County,Bowie County; Red River County; Upshur County,17,75113,237243,2329,314685,24.05,75.95,49.25,-14.83,R+14.8,11.5,-25.2,,-3.86,-5.06,0.5,0.0,0.25,0.25,pres+senate+statewide
2024,2020s,Texas,TX,TX-02,,False,0,2,,Harris County; Montgomery County,2,166364,197990,5475,369829,45.66,54.34,49.25,-6.12,R+6.1,100.0,-3.59,-14.51,-3.86,-5.06,0.4,0.2,0.2,0.2,pres+house+senate+statewide
2024,2020s,Texas,TX,TX-03,,False,0,2,,Collin County; Hunt County,2,187849,257038,11559,456446,42.22,57.78,49.25,-6.86,R+6.9,100.0,-7.02,-11.31,-3.86,-5.06,0.4,0.2,0.2,0.2,pres+house+senate+statewide
2024,2020s,Texas,TX,TX-04,,False,7,4,Delta County; Fannin County; Grayson County; Hopkins County; Lamar County; Rains County; Rockwall County,Bowie County; Collin County; Hunt County; Red River County,11,87228,210996,4198,302423,29.25,70.75,49.25,-13.23,R+13.2,36.6,-20.0,-17.24,-3.86,-5.06,0.4,0.2,0.2,0.2,pres+house+senate+statewide
2024,2020s,Texas,TX,TX-05,,False,4,2,Henderson County; Kaufman County; Van Zandt County; Wood County,Dallas County; Upshur County,6,138966,191264,4349,334580,42.08,57.92,49.25,-7.24,R+7.2,52.1,-7.17,-12.93,-3.86,-5.06,0.4,0.2,0.2,0.2,pres+house+senate+statewide
2024,2020s,Texas,TX,TX-06,,False,5,4,Anderson County; Cherokee County; Ellis County; Hill County; Navarro County,Dallas County; Freestone County; Johnson County; Tarrant County,9,104249,189430,3288,296967,35.5,64.5,49.25,-10.19,R+10.2,40.7,-13.75,-14.53,-3.86,-5.06,0.4,0.2,0.2,0.2,pres+house+senate+statewide
2024,2020s,Texas,TX,TX-07,,False,0,2,,Fort Bend County; Harris County,2,45926,41962,1744,89631,52.25,47.75,49.25,1.88,D+1.9,100.0,3.01,12.32,-3.86,-5.06,0.4,0.2,0.2,0.2,pres+house+senate+statewide
2024,2020s,Texas,TX,TX-08,,False,2,3,Polk County; San Jacinto County,Harris County; Montgomery County; Walker County,5,171256,279806,5768,456831,37.97,62.03,49.25,-9.71,R+9.7,91.9,-11.28,-17.07,-3.86,-5.06,0.4,0.2,0.2,0.2,pres+house+senate+statewide
2024,2020s,Texas,TX,TX-09,,False,0,3,,Brazoria County; Fort Bend County; Harris County,3,71309,65575,2587,139470,52.09,47.91,49.25,-0.81,R+0.8,100.0,2.85,,-3.86,-5.06,0.5,0.0,0.25,0.25,pres+senate+statewide
2024,2020s,Texas,TX,TX-10,,False,10,2,Austin County; Brazos County; Burleson County; Colorado County; Fayette County; Grimes County; Lee County; Madison County; Waller County; Washington County,Bastrop County; Travis County,12,232475,229963,7376,469813,50.27,49.73,49.25,-4.18,R+4.2,54.5,1.02,-14.05,-3.86,-5.06,0.4,0.2,0.2,0.2,pres+house+senate+statewide
2024,2020s,Texas,TX,TX-11,,False,19,1,Brown County; Coke County; Coleman County; Concho County; Ector County; Glasscock County; Irion County; Kimble County; Lampasas County; Llano County; McCulloch County; Mason County; Menard County; Midland County; Mills County; Runnels County; San Saba County; Sterling County; Tom Green County,Bell County,20,51950,184400,2064,238414,21.98,78.02,49.25,-15.87,R+15.9,9.0,-27.27,,-3.86,-5.06,0.5,0.0,0.25,0.25,pres+senate+statewide
2024,2020s,Texas,TX,TX-12,,False,0,2,,Parker County; Tarrant County,2,178164,236345,5863,420372,42.98,57.02,49.25,-6.76,R+6.8,100.0,-6.27,-12.35,-3.86,-5.06,0.4,0.2,0.2,0.2,pres+house+senate+statewide
2024,2020s,Texas,TX,TX-13,,False,36,2,Archer County; Armstrong County; Baylor County; Briscoe County; Carson County; Childress County; Clay County; Collingsworth County; Cottle County; Dallam County; Deaf Smith County; Dickens County; Donley County; Foard County; Gray County; Hall County; Hansford County; Hardeman County; Hartley County; Hemphill County; Hutchinson County; King County; Knox County; Lipscomb County; Montague County; Moore County; Motley County; Ochiltree County; Oldham County; Potter County; Randall County; Roberts County; Sherman County; Wheeler County; Wichita County; Wilbarger County,Denton County; Wise County,38,93555,261538,3937,359030,26.35,73.65,49.25,-13.68,R+13.7,35.8,-22.9,,-3.86,-5.06,0.5,0.0,0.25,0.25,pres+senate+statewide
2024,2020s,Texas,TX,TX-14,,False,2,2,Galveston County; Orange County,Brazoria County; Jefferson County,4,144142,243866,4563,392570,37.15,62.85,49.25,-10.13,R+10.1,50.2,-12.1,-17.54,-3.86,-5.06,0.4,0.2,0.2,0.2,pres+house+senate+statewide
2024,2020s,Texas,TX,TX-15,,False,5,2,Brooks County; Jim Wells County; Karnes County; Live Oak County; Wilson County,Guadalupe County; Hidalgo County,7,122730,170484,2547,295761,41.86,58.14,49.25,-5.93,R+5.9,82.0,-7.39,-5.97,-3.86,-5.06,0.4,0.2,0.2,0.2,pres+house+senate+statewide
2024,2020s,Texas,TX,TX-16,,False,0,1,,El Paso County,1,44665,32799,1026,78490,57.66,42.34,49.25,3.72,D+3.7,100.0,8.41,10.69,-3.86,-5.06,0.4,0.2,0.2,0.2,pres+house+senate+statewide
2024,2020s,Texas,TX,TX-17,,False,10,4,Angelina County; Falls County; Houston County; Leon County; Limestone County; McLennan County; Milam County; Nacogdoches County; Robertson County; Trinity County,Freestone County; Travis County; Walker County; Williamson County,14,119957,209970,3925,333852,36.36,63.64,49.25,-9.98,R+10.0,34.1,-12.89,-15.2,-3.86,-5.06,0.4,0.2,0.2,0.2,pres+house+senate+statewide
2024,2020s,Texas,TX,TX-18,,False,0,1,,Harris County,1,107127,95726,3446,206300,52.81,47.19,49.25,3.76,D+3.8,100.0,3.56,20.59,-3.86,-5.06,0.4,0.2,0.2,0.2,pres+house+senate+statewide
2024,2020s,Texas,TX,TX-19,,False,32,1,Andrews County; Bailey County; Borden County; Castro County; Cochran County; Crosby County; Dawson County; Fisher County; Floyd County; Gaines County; Garza County; Hale County; Haskell County; Hockley County; Howard County; Jones County; Kent County; Lamb County; Lubbock County; Lynn County; Martin County; Mitchell County; Nolan County; Parmer County; Scurry County; Shackelford County; Stonewall County; Swisher County; Taylor County; Terry County; Throckmorton County; Yoakum County,Callahan County,33,66848,212549,2692,282089,23.93,76.07,49.25,-14.89,R+14.9,0.2,-25.32,,-3.86,-5.06,0.5,0.0,0.25,0.25,pres+senate+statewide
2024,2020s,Texas,TX,TX-20,,False,0,1,,Bexar County,1,58888,48317,1344,108549,54.93,45.07,49.25,0.61,D+0.6,100.0,5.68,,-3.86,-5.06,0.5,0.0,0.25,0.25,pres+senate+statewide
2024,2020s,Texas,TX,TX-21,,False,6,4,Bandera County; Blanco County; Gillespie County; Kendall County; Kerr County; Real County,Bexar County; Comal County; Hays County; Travis County,10,165156,241310,5020,411487,40.63,59.37,49.25,-7.64,R+7.6,76.2,-8.62,-12.02,-3.86,-5.06,0.4,0.2,0.2,0.2,pres+house+senate+statewide
2024,2020s,Texas,TX,TX-22,,False,2,2,Matagorda County; Wharton County,Brazoria County; Fort Bend County,4,170495,185800,8803,365098,47.85,52.15,49.25,-4.54,R+4.5,91.8,-1.4,-10.97,-3.86,-5.06,0.4,0.2,0.2,0.2,pres+house+senate+statewide
2024,2020s,Texas,TX,TX-23,,False,27,2,Brewster County; Crane County; Crockett County; Culberson County; Dimmit County; Edwards County; Frio County; Hudspeth County; Jeff Davis County; Kinney County; La Salle County; Loving County; Maverick County; Medina County; Pecos County; Presidio County; Reagan County; Reeves County; Schleicher County; Sutton County; Terrell County; Upton County; Uvalde County; Val Verde County; Ward County; Winkler County; Zavala County,Bexar County; El Paso County,29,301198,281740,6901,589839,51.67,48.33,49.25,-3.05,R+3.0,80.9,2.42,-11.15,-3.86,-5.06,0.4,0.2,0.2,0.2,pres+house+senate+statewide
2024,2020s,Texas,TX,TX-24,,False,0,2,,Dallas County; Tarrant County,2,130576,119642,4137,254355,52.18,47.82,49.25,-2.44,R+2.4,100.0,2.94,-9.15,-3.86,-5.06,0.4,0.2,0.2,0.2,pres+house+senate+statewide
2024,2020s,Texas,TX,TX-25,,False,9,4,Comanche County; Eastland County; Erath County; Hood County; Jack County; Palo Pinto County; Somervell County; Stephens County; Young County,Callahan County; Johnson County; Parker County; Tarrant County,13,95001,228749,3487,327237,29.34,70.66,49.25,-12.18,R+12.2,68.0,-19.9,,-3.86,-5.06,0.5,0.0,0.25,0.25,pres+senate+statewide
2024,2020s,Texas,TX,TX-26,,False,1,2,Cooke County,Denton County; Wise County,3,151060,222547,5710,379317,40.43,59.57,49.25,-7.78,R+7.8,94.6,-8.82,-12.34,-3.86,-5.06,0.4,0.2,0.2,0.2,pres+house+senate+statewide
2024,2020s,Texas,TX,TX-27,,False,13,1,Aransas County; Bee County; Caldwell County; Calhoun County; DeWitt County; Goliad County; Gonzales County; Jackson County; Lavaca County; Nueces County; Refugio County; San Patricio County; Victoria County,Bastrop County,14,99772,184278,2636,286686,35.12,64.88,49.25,-10.41,R+10.4,6.7,-14.12,-14.89,-3.86,-5.06,0.4,0.2,0.2,0.2,pres+house+senate+statewide
2024,2020s,Texas,TX,TX-28,,False,7,2,Atascosa County; Duval County; Jim Hogg County; McMullen County; Starr County; Webb County; Zapata County,Bexar County; Guadalupe County,9,167915,166902,3561,338378,50.15,49.85,49.25,-0.63,R+0.6,66.9,0.9,3.96,-3.86,-5.06,0.4,0.2,0.2,0.2,pres+house+senate+statewide
2024,2020s,Texas,TX,TX-29,,False,0,1,,Harris County,1,96496,86227,3104,185827,52.81,47.19,49.25,2.92,D+2.9,100.0,3.56,16.38,-3.86,-5.06,0.4,0.2,0.2,0.2,pres+house+senate+statewide
2024,2020s,Texas,TX,TX-30,,False,0,2,,Dallas County; Tarrant County,2,206285,133321,6532,346139,60.74,39.26,49.25,3.52,D+3.5,100.0,11.49,,-3.86,-5.06,0.5,0.0,0.25,0.25,pres+senate+statewide
2024,2020s,Texas,TX,TX-31,,False,4,2,Bosque County; Burnet County; Coryell County; Hamilton County,Bell County; Williamson County,6,177744,236490,6199,420434,42.91,57.09,49.25,-6.98,R+7.0,84.3,-6.34,-13.32,-3.86,-5.06,0.4,0.2,0.2,0.2,pres+house+senate+statewide
2024,2020s,Texas,TX,TX-32,,False,0,2,,Collin County; Dallas County,2,76586,51400,2577,130563,59.84,40.16,49.25,5.09,D+5.1,100.0,10.59,13.2,-3.86,-5.06,0.4,0.2,0.2,0.2,pres+house+senate+statewide
2024,2020s,Texas,TX,TX-33,,False,0,2,,Dallas County; Tarrant County,2,110650,94348,3505,208503,53.98,46.02,49.25,4.08,D+4.1,100.0,4.73,19.88,-3.86,-5.06,0.4,0.2,0.2,0.2,pres+house+senate+statewide
2024,2020s,Texas,TX,TX-34,,False,4,1,Cameron County; Kenedy County; Kleberg County; Willacy County,Hidalgo County,5,81273,90729,1384,173386,47.25,52.75,49.25,-2.1,R+2.1,23.9,-2.0,2.42,-3.86,-5.06,0.4,0.2,0.2,0.2,pres+house+senate+statewide
2024,2020s,Texas,TX,TX-35,,False,0,4,,Bexar County; Comal County; Hays County; Travis County,4,153697,85380,4272,243349,64.29,35.71,49.25,7.93,D+7.9,100.0,15.04,18.5,-3.86,-5.06,0.4,0.2,0.2,0.2,pres+house+senate+statewide
2024,2020s,Texas,TX,TX-36,,False,6,2,Chambers County; Hardin County; Jasper County; Liberty County; Newton County; Tyler County,Harris County; Jefferson County,8,155184,222107,4867,382158,41.13,58.87,49.25,-8.69,R+8.7,69.7,-8.12,-18.29,-3.86,-5.06,0.4,0.2,0.2,0.2,pres+house+senate+statewide
2024,2020s,Texas,TX,TX-37,,False,0,2,,Travis County; Williamson County,2,84292,37487,2449,124227,69.22,30.78,49.25,11.61,D+11.6,100.0,19.97,27.04,-3.86,-5.06,0.4,0.2,0.2,0.2,pres+house+senate+statewide
2024,2020s,Texas,TX,TX-38,,False,0,1,,Harris County,1,143109,127878,4604,275591,52.81,47.19,49.25,-2.68,R+2.7,100.0,3.56,-11.6,-3.86,-5.06,0.4,0.2,0.2,0.2,pres+house+senate+statewide
2024,2020s,Utah,UT,UT-01,,False,5,3,Box Elder County; Cache County; Morgan County; Rich County; Weber County,Davis County; Salt Lake County; Summit County,8,135636,211250,10709,357596,39.1,60.9,49.25,-12.56,R+12.6,41.4,-10.15,-15.17,-15.83,-11.51,0.4,0.2,0.2,0.2,pres+house+senate+statewide
2024,2020s,Utah,UT,UT-02,,False,10,3,Beaver County; Garfield County; Iron County; Kane County; Millard County; Piute County; Sevier County; Tooele County; Washington County; Wayne County,Davis County; Juab County; Salt Lake County,13,169879,284147,12042,466067,37.42,62.58,49.25,-12.55,R+12.5,59.3,-11.83,-11.74,-15.83,-11.51,0.4,0.2,0.2,0.2,pres+house+senate+statewide
2024,2020s,Utah,UT,UT-03,,False,8,3,Carbon County; Daggett County; Duchesne County; Emery County; Grand County; San Juan County; Uintah County; Wasatch County,Salt Lake County; Summit County; Utah County,11,109478,146658,6917,263053,42.74,57.26,49.25,-11.12,R+11.1,73.5,-6.51,-15.24,-15.83,-11.51,0.4,0.2,0.2,0.2,pres+house+senate+statewide
2024,2020s,Utah,UT,UT-04,,False,1,3,Sanpete County,Juab County; Salt Lake County; Utah County,4,147573,241763,12442,401778,37.9,62.1,49.25,-13.32,R+13.3,96.8,-11.34,-16.59,-15.83,-11.51,0.4,0.2,0.2,0.2,pres+house+senate+statewide
2024,2020s,Virginia,VA,VA-01,,False,14,4,Essex County; Gloucester County; James City County; King and Queen County; King William County; Lancaster County; Mathews County; Middlesex County; New Kent County; Northumberland County; Richmond County; Westmoreland County; York County; Williamsburg City,Chesterfield County; Hanover County; Henrico County; Poquoson City,18,195367,208903,6673,410944,48.33,51.67,49.25,-0.53,R+0.5,50.4,-0.92,-5.25,4.96,,0.5,0.25,0.25,0.0,pres+house+senate
2024,2020s,Virginia,VA,VA-02,,False,6,2,Accomack County; Isle of Wight County; Northampton County; Franklin City; Suffolk City; Virginia Beach City,Southampton County; Chesapeake City,8,226948,215061,7217,449227,51.34,48.66,49.25,2.08,D+2.1,25.4,2.1,-0.82,4.96,,0.5,0.25,0.25,0.0,pres+house+senate
2024,2020s,Virginia,VA,VA-03,,False,4,2,Hampton City; Newport News City; Norfolk City; Portsmouth City,Chesapeake City; Poquoson City,6,188817,90042,5093,283953,67.71,32.29,49.25,15.77,D+15.8,6.3,18.46,21.2,4.96,,0.5,0.25,0.25,0.0,pres+house+senate
2024,2020s,Virginia,VA,VA-04,,False,12,3,Brunswick County; Charles City County; Dinwiddie County; Greensville County; Prince George County; Surry County; Sussex County; Colonial Heights City; Emporia City; Hopewell City; Petersburg City; Richmond City,Chesterfield County; Henrico County; Southampton County,15,274209,155390,8347,437947,63.83,36.17,49.25,13.19,D+13.2,54.1,14.58,18.64,4.96,,0.5,0.25,0.25,0.0,pres+house+senate
2024,2020s,Virginia,VA,VA-05,,False,22,2,Albemarle County; Amelia County; Amherst County; Appomattox County; Buckingham County; Campbell County; Charlotte County; Cumberland County; Fluvanna County; Goochland County; Halifax County; Louisa County; Lunenburg County; Mecklenburg County; Nelson County; Nottoway County; Pittsylvania County; Powhatan County; Prince Edward County; Charlottesville City; Danville City; Lynchburg City,Bedford County; Hanover County,24,196555,248647,6481,451683,44.15,55.85,49.25,-2.9,R+2.9,8.6,-5.1,-6.38,4.96,,0.5,0.25,0.25,0.0,pres+house+senate
2024,2020s,Virginia,VA,VA-06,,False,20,2,Alleghany County; Augusta County; Bath County; Botetourt County; Clarke County; Frederick County; Highland County; Page County; Rockbridge County; Rockingham County; Shenandoah County; Warren County; Buena Vista City; Covington City; Harrisonburg City; Lexington City; Roanoke City; Staunton City; Waynesboro City; Winchester City,Roanoke County; Salem City,22,157071,254204,6712,417987,38.19,61.81,49.25,-7.62,R+7.6,12.0,-11.06,-13.32,4.96,,0.5,0.25,0.25,0.0,pres+house+senate
2024,2020s,Virginia,VA,VA-07,,False,9,1,Caroline County; Culpeper County; Greene County; King George County; Madison County; Orange County; Spotsylvania County; Stafford County; Fredericksburg City,Prince William County,10,175945,185962,7707,369615,48.62,51.38,49.25,1.54,D+1.5,23.9,-0.63,2.47,4.96,,0.5,0.25,0.25,0.0,pres+house+senate
2024,2020s,Virginia,VA,VA-08,,False,3,1,Arlington County; Alexandria City; Falls Church City,Fairfax County,4,276242,92976,12401,381619,74.82,25.18,49.25,20.4,D+20.4,42.5,25.57,25.51,4.96,,0.5,0.25,0.25,0.0,pres+house+senate
2024,2020s,Virginia,VA,VA-09,,False,27,2,Bland County; Buchanan County; Carroll County; Craig County; Dickenson County; Floyd County; Franklin County; Giles County; Grayson County; Henry County; Lee County; Montgomery County; Patrick County; Pulaski County; Russell County; Scott County; Smyth County; Tazewell County; Washington County; Wise County; Wythe County; Bedford City; Bristol City; Galax City; Martinsville City; Norton City; Radford City,Roanoke County; Salem City,29,108327,285076,4547,397950,27.54,72.46,49.25,-14.98,R+15.0,5.0,-21.71,-21.47,4.96,,0.5,0.25,0.25,0.0,pres+house+senate
2024,2020s,Virginia,VA,VA-10,,False,5,2,Fauquier County; Loudoun County; Rappahannock County; Manassas City; Manassas Park City,Fairfax County; Prince William County,7,282946,205727,16499,505172,57.9,42.1,49.25,6.43,D+6.4,40.3,8.65,3.43,4.96,,0.5,0.25,0.25,0.0,pres+house+senate
2024,2020s,Virginia,VA,VA-11,,False,1,1,Fairfax City,Fairfax County,2,247616,116713,13504,377833,67.96,32.04,49.25,15.11,D+15.1,96.4,18.72,18.04,4.96,,0.5,0.25,0.25,0.0,pres+house+senate
2024,2020s,Vermont,VT,VT-AL,,True,0,0,,,14,235791,119395,14236,369422,66.39,33.61,49.25,15.05,D+15.1,0.0,17.14,18.8,,7.14,0.5,0.25,0.0,0.25,pres+house+statewide
2024,2020s,Washington,WA,WA-01,,False,0,2,,King County; Snohomish County,2,63073,30108,3905,97086,67.69,32.31,49.25,14.4,D+14.4,100.0,18.44,14.31,9.74,11.08,0.4,0.2,0.2,0.2,pres+house+senate+statewide
2024,2020s,Washington,WA,WA-02,,False,4,1,Island County; San Juan County; Skagit County; Whatcom County,Snohomish County,5,181256,118534,11885,311675,60.46,39.54,49.25,11.68,D+11.7,12.2,11.21,15.18,9.74,11.08,0.4,0.2,0.2,0.2,pres+house+senate+statewide
2024,2020s,Washington,WA,WA-03,,False,6,1,Clark County; Cowlitz County; Lewis County; Pacific County; Skamania County; Wahkiakum County,Thurston County,7,227969,224280,16137,468386,50.41,49.59,49.25,5.25,D+5.2,13.3,1.16,3.1,9.74,11.08,0.4,0.2,0.2,0.2,pres+house+senate+statewide
2024,2020s,Washington,WA,WA-04,,False,6,2,Benton County; Douglas County; Grant County; Klickitat County; Okanogan County; Yakima County,Adams County; Franklin County,8,108269,167268,9278,284815,39.29,60.71,49.25,0.23,D+0.2,1.3,-9.95,,9.74,11.08,0.5,0.0,0.25,0.25,pres+senate+statewide
2024,2020s,Washington,WA,WA-05,,False,10,2,Asotin County; Columbia County; Ferry County; Garfield County; Lincoln County; Pend Oreille County; Spokane County; Stevens County; Walla Walla County; Whitman County,Adams County; Franklin County,12,184805,233549,15347,433701,44.17,55.83,49.25,0.23,D+0.2,7.8,-5.07,-9.51,9.74,11.08,0.4,0.2,0.2,0.2,pres+house+senate+statewide
2024,2020s,Washington,WA,WA-06,,False,5,1,Clallam County; Grays Harbor County; Jefferson County; Kitsap County; Mason County,Pierce County,6,191840,142868,12689,347397,57.32,42.68,49.25,8.98,D+9.0,12.3,8.07,7.96,9.74,11.08,0.4,0.2,0.2,0.2,pres+house+senate+statewide
2024,2020s,Washington,WA,WA-07,,False,0,1,,King County,1,56561,17132,3105,76797,76.75,23.25,49.25,22.23,D+22.2,100.0,27.5,35.33,9.74,11.08,0.4,0.2,0.2,0.2,pres+house+senate+statewide
2024,2020s,Washington,WA,WA-08,,False,2,3,Chelan County; Kittitas County,King County; Pierce County; Snohomish County,5,1058083,504857,64206,1627147,67.7,32.3,49.25,12.59,D+12.6,95.8,18.45,5.23,9.74,11.08,0.4,0.2,0.2,0.2,pres+house+senate+statewide
2024,2020s,Washington,WA,WA-09,,False,0,1,,King County,1,76523,23179,4200,103902,76.75,23.25,49.25,18.96,D+19.0,100.0,27.5,,9.74,11.08,0.5,0.0,0.25,0.25,pres+senate+statewide
2024,2020s,Washington,WA,WA-10,,False,0,2,,Pierce County; Thurston County,2,97470,69148,6719,173336,58.5,41.5,49.25,9.83,D+9.8,100.0,9.25,9.82,9.74,11.08,0.4,0.2,0.2,0.2,pres+house+senate+statewide
2024,2020s,Wisconsin,WI,WI-01,,False,2,3,Kenosha County; Racine County,Milwaukee County; Rock County; Walworth County,5,243791,204093,7819,455703,54.43,45.57,49.25,0.9,D+0.9,56.5,5.18,-4.06,0.92,-2.72,0.4,0.2,0.2,0.2,pres+house+senate+statewide
2024,2020s,Wisconsin,WI,WI-02,,False,4,2,Dane County; Green County; Iowa County; Lafayette County,Rock County; Sauk County,6,337630,146726,8547,492902,69.71,30.29,49.25,12.08,D+12.1,16.5,20.46,21.29,0.92,-2.72,0.4,0.2,0.2,0.2,pres+house+senate+statewide
2024,2020s,Wisconsin,WI,WI-03,,False,13,6,Adams County; Buffalo County; Crawford County; Dunn County; Eau Claire County; Grant County; La Crosse County; Pepin County; Pierce County; Portage County; Richland County; Trempealeau County; Vernon County,Chippewa County; Jackson County; Juneau County; Monroe County; Sauk County; Wood County,19,182273,210613,6859,399744,46.39,53.61,49.25,-1.54,R+1.5,16.6,-2.85,-0.21,0.92,-2.72,0.4,0.2,0.2,0.2,pres+house+senate+statewide
2024,2020s,Wisconsin,WI,WI-04,,False,0,1,,Milwaukee County,1,183766,80191,5690,269646,69.62,30.38,49.25,13.41,D+13.4,100.0,20.37,28.09,0.92,-2.72,0.4,0.2,0.2,0.2,pres+house+senate+statewide
2024,2020s,Wisconsin,WI,WI-05,,False,3,3,Jefferson County; Washington County; Waukesha County,Dodge County; Milwaukee County; Walworth County,6,192422,286188,7855,486465,40.2,59.8,49.25,-6.64,R+6.6,14.2,-9.04,-13.32,0.92,-2.72,0.4,0.2,0.2,0.2,pres+house+senate+statewide
2024,2020s,Wisconsin,WI,WI-06,,False,8,3,Columbia County; Fond du Lac County; Green Lake County; Manitowoc County; Marquette County; Ozaukee County; Sheboygan County; Waushara County,Calumet County; Dodge County; Winnebago County,11,171305,241818,6408,419530,41.47,58.53,49.25,-5.5,R+5.5,27.1,-7.78,-10.15,0.92,-2.72,0.4,0.2,0.2,0.2,pres+house+senate+statewide
2024,2020s,Wisconsin,WI,WI-07,,False,21,5,Ashland County; Barron County; Bayfield County; Burnett County; Clark County; Douglas County; Florence County; Forest County; Iron County; Langlade County; Lincoln County; Marathon County; Oneida County; Polk County; Price County; Rusk County; St. Croix County; Sawyer County; Taylor County; Vilas County; Washburn County,Chippewa County; Jackson County; Juneau County; Monroe County; Wood County,26,178491,280022,7718,466230,38.93,61.07,49.25,-6.98,R+7.0,14.5,-10.32,-12.46,0.92,-2.72,0.4,0.2,0.2,0.2,pres+house+senate+statewide
2024,2020s,Wisconsin,WI,WI-08,,False,9,2,Brown County; Door County; Kewaunee County; Marinette County; Menominee County; Oconto County; Outagamie County; Shawano County; Waupaca County,Calumet County; Winnebago County,11,178553,247976,6168,432697,41.86,58.14,49.25,-4.55,R+4.5,7.7,-7.39,-6.18,0.92,-2.72,0.4,0.2,0.2,0.2,pres+house+senate+statewide
2024,2020s,West Virginia,WV,WV-01,,False,28,0,Boone County; Braxton County; Cabell County; Calhoun County; Clay County; Fayette County; Gilmer County; Greenbrier County; Jackson County; Kanawha County; Lincoln County; Logan County; McDowell County; Mason County; Mercer County; Mingo County; Monroe County; Nicholas County; Pendleton County; Pocahontas County; Putnam County; Raleigh County; Roane County; Summers County; Wayne County; Webster County; Wirt County; Wyoming County,,28,98066,259831,6765,364662,27.4,72.6,49.25,-19.8,R+19.8,0.0,-21.85,-20.58,-20.75,-13.95,0.4,0.2,0.2,0.2,pres+house+senate+statewide
2024,2020s,West Virginia,WV,WV-02,,False,27,0,Barbour County; Berkeley County; Brooke County; Doddridge County; Grant County; Hampshire County; Hancock County; Hardy County; Harrison County; Jefferson County; Lewis County; Marion County; Marshall County; Mineral County; Monongalia County; Morgan County; Ohio County; Pleasants County; Preston County; Randolph County; Ritchie County; Taylor County; Tucker County; Tyler County; Upshur County; Wetzel County; Wood County,,27,116243,273725,7760,397728,29.81,70.19,49.25,-18.64,R+18.6,0.0,-19.44,-19.62,-20.75,-13.95,0.4,0.2,0.2,0.2,pres+house+senate+statewide
2024,2020s,Wyoming,WY,WY-AL,,True,0,0,,,23,69527,192633,6888,269048,26.52,73.48,49.25,-21.05,R+21.0,0.0,-22.73,-24.09,-25.2,-10.48,0.4,0.2,0.2,0.2,pres+house+senate+statewide
