state,state_code,district,district_note,at_large,map_vintage,is_current_map,years_used,n_years,d_share_mean,national_d_share_mean,pvi_pct,pvi_label,total_votes_mean,counties_whole,counties_partial,votes_from_partial_pct_max
Alaska,AK,AK-AL,,True,2000s,False,2004+2008+2012,3,,51.5,-11.91,R+11.9,0,0,0,
Alaska,AK,AK-AL,,True,2010s,False,2016+2020,2,,51.71,-8.44,R+8.4,0,0,0,
Alaska,AK,AK-AL,,True,2020s,True,2024,1,43.11,49.25,-1.95,R+1.9,337457,0,0,0.0
Alabama,AL,AL-01,,False,2000s,False,2004+2008+2012,3,37.46,51.5,-14.68,R+14.7,287510,5,1,1.6
Alabama,AL,AL-01,,False,2010s,False,2016+2020,2,35.39,51.71,-14.34,R+14.3,317108,5,1,0.7
Alabama,AL,AL-01,,False,2020s,True,2024,1,27.08,49.25,-23.89,R+23.9,364650,8,1,28.2
Alabama,AL,AL-02,,False,2000s,False,2004+2008+2012,3,33.94,51.5,-16.31,R+16.3,246827,15,1,8.3
Alabama,AL,AL-02,,False,2010s,False,2016+2020,2,36.04,51.71,-12.5,R+12.5,304752,14,1,22.0
Alabama,AL,AL-02,,False,2020s,True,2024,1,50.69,49.25,2.88,D+2.9,261024,11,2,29.2
Alabama,AL,AL-03,,False,2000s,False,2004+2008+2012,3,44.06,51.5,-10.23,R+10.2,305979,11,2,26.9
Alabama,AL,AL-03,,False,2010s,False,2016+2020,2,35.12,51.71,-14.68,R+14.7,310470,11,2,10.3
Alabama,AL,AL-03,,False,2020s,True,2024,1,26.4,49.25,-22.85,R+22.9,315680,10,1,10.0
Alabama,AL,AL-04,,False,2000s,False,2004+2008+2012,3,25.23,51.5,-25.03,R+25.0,289020,11,3,18.7
Alabama,AL,AL-04,,False,2010s,False,2016+2020,2,21.24,51.71,-23.64,R+23.6,333285,12,3,17.5
Alabama,AL,AL-04,,False,2020s,True,2024,1,18.41,49.25,-30.84,R+30.8,334979,11,2,25.3
Alabama,AL,AL-05,,False,2000s,False,2004+2008+2012,3,38.34,51.5,-10.33,R+10.3,282369,6,1,2.5
Alabama,AL,AL-05,,False,2010s,False,2016+2020,2,34.43,51.71,-14.52,R+14.5,340268,5,0,0.0
Alabama,AL,AL-05,,False,2020s,True,2024,1,35.42,49.25,-13.83,R+13.8,356432,5,1,3.4
Alabama,AL,AL-06,,False,2000s,False,2004+2008+2012,3,39.48,51.5,-14.48,R+14.5,422718,3,4,74.0
Alabama,AL,AL-06,,False,2010s,False,2016+2020,2,42.27,51.71,-11.57,R+11.6,409324,4,2,65.9
Alabama,AL,AL-06,,False,2020s,True,2024,1,36.29,49.25,-15.05,R+15.1,340288,6,2,35.7
Alabama,AL,AL-07,,False,2000s,False,2004+2008+2012,3,53.61,51.5,2.8,D+2.8,184780,8,4,61.7
Alabama,AL,AL-07,,False,2010s,False,2016+2020,2,55.75,51.71,-2.28,R+2.3,208121,10,4,60.9
Alabama,AL,AL-07,,False,2020s,True,2024,1,53.88,49.25,8.04,D+8.0,292037,10,3,75.1
Arkansas,AR,AR-01,,False,2000s,False,2004+2008+2012,3,41.22,51.5,-7.74,R+7.7,244820,26,0,0.0
Arkansas,AR,AR-01,,False,2010s,False,2016+2020,2,30.95,51.71,-17.19,R+17.2,272182,28,2,3.8
Arkansas,AR,AR-01,,False,2020s,True,2024,1,29.34,49.25,-19.24,R+19.2,294925,30,1,8.4
Arkansas,AR,AR-02,,False,2000s,False,2004+2008+2012,3,45.55,51.5,-4.9,R+4.9,293477,8,0,0.0
Arkansas,AR,AR-02,,False,2010s,False,2016+2020,2,44.88,51.71,-7.75,R+7.8,320160,7,0,0.0
Arkansas,AR,AR-02,,False,2020s,True,2024,1,40.02,49.25,-9.83,R+9.8,283373,7,1,37.8
Arkansas,AR,AR-03,,False,2000s,False,2004+2008+2012,3,34.47,51.5,-15.62,R+15.6,285331,12,0,0.0
Arkansas,AR,AR-03,,False,2010s,False,2016+2020,2,34.72,51.71,-15.16,R+15.2,293674,6,4,13.7
Arkansas,AR,AR-03,,False,2020s,True,2024,1,37.27,49.25,-13.16,R+13.2,295852,5,1,9.2
Arkansas,AR,AR-04,,False,2000s,False,2004+2008+2012,3,42.43,51.5,-8.55,R+8.6,246716,29,0,0.0
Arkansas,AR,AR-04,,False,2010s,False,2016+2020,2,31.12,51.71,-17.64,R+17.6,288856,29,4,18.7
Arkansas,AR,AR-04,,False,2020s,True,2024,1,31.1,49.25,-17.78,R+17.8,308526,31,2,13.1
Arizona,AZ,AZ-01,,False,2000s,False,2004+2008+2012,3,44.33,51.5,-7.81,R+7.8,296104,5,3,48.0
Arizona,AZ,AZ-01,,False,2010s,False,2016+2020,2,47.16,51.71,-2.3,R+2.3,324531,5,5,51.4
Arizona,AZ,AZ-01,,False,2020s,True,2024,1,48.24,49.25,-0.55,R+0.6,365740,0,1,100.0
Arizona,AZ,AZ-02,,False,2000s,False,2004+2008+2012,3,42.4,51.5,-10.32,R+10.3,419606,1,4,84.8
Arizona,AZ,AZ-02,,False,2010s,False,2016+2020,2,50.91,51.71,-1.52,R+1.5,141000,1,1,61.0
Arizona,AZ,AZ-02,,False,2020s,True,2024,1,40.95,49.25,-3.99,R+4.0,457832,5,3,27.9
Arizona,AZ,AZ-03,,False,2000s,False,2004+2008+2012,3,43.94,51.5,-8.72,R+8.7,85524,0,1,100.0
Arizona,AZ,AZ-03,,False,2010s,False,2016+2020,2,52.45,51.71,0.16,D+0.2,1305572,1,4,98.7
Arizona,AZ,AZ-03,,False,2020s,True,2024,1,48.24,49.25,4.38,D+4.4,45979,0,1,100.0
Arizona,AZ,AZ-04,,False,2000s,False,2004+2008+2012,3,43.94,51.5,-5.54,R+5.5,28947,0,1,100.0
Arizona,AZ,AZ-04,,False,2010s,False,2016+2020,2,44.26,51.71,-8.12,R+8.1,856718,1,6,99.2
Arizona,AZ,AZ-04,,False,2020s,True,2024,1,48.24,49.25,0.57,D+0.6,39709,0,1,100.0
Arizona,AZ,AZ-05,,False,2000s,False,2004+2008+2012,3,43.94,51.5,-9.47,R+9.5,202628,0,1,100.0
Arizona,AZ,AZ-05,,False,2010s,False,2016+2020,2,49.79,51.71,-4.09,R+4.1,59203,0,1,100.0
Arizona,AZ,AZ-05,,False,2020s,True,2024,1,47.14,49.25,-2.69,R+2.7,59164,0,2,100.0
Arizona,AZ,AZ-06,,False,2000s,False,2004+2008+2012,3,43.69,51.5,-11.19,R+11.2,51940,0,2,100.0
Arizona,AZ,AZ-06,,False,2010s,False,2016+2020,2,49.79,51.71,-3.22,R+3.2,125807,0,1,100.0
Arizona,AZ,AZ-06,,False,2020s,True,2024,1,46.49,49.25,-1.13,R+1.1,220311,1,4,98.5
Arizona,AZ,AZ-07,,False,2000s,False,2004+2008+2012,3,46.73,51.5,-4.83,R+4.8,983204,1,5,95.9
Arizona,AZ,AZ-07,,False,2010s,False,2016+2020,2,49.79,51.71,3.4,D+3.4,40702,0,1,100.0
Arizona,AZ,AZ-07,,False,2020s,True,2024,1,51.18,49.25,3.69,D+3.7,1185488,1,5,98.4
Arizona,AZ,AZ-08,,False,2000s,False,2004+2008+2012,3,49.16,51.5,-7.06,R+7.1,140881,1,2,66.7
Arizona,AZ,AZ-08,,False,2010s,False,2016+2020,2,49.79,51.71,-3.47,R+3.5,109156,0,1,100.0
Arizona,AZ,AZ-08,,False,2020s,True,2024,1,48.24,49.25,-1.47,R+1.5,131666,0,1,100.0
Arizona,AZ,AZ-09,,False,2010s,False,2016+2020,2,49.79,51.71,0.47,D+0.5,33302,0,1,100.0
Arizona,AZ,AZ-09,,False,2020s,True,2024,1,44.62,49.25,-4.68,R+4.7,884271,1,3,99.1
California,CA,CA-01,,False,2000s,False,2004+2008+2012,3,65.46,51.5,10.62,D+10.6,291040,5,2,34.9
California,CA,CA-01,,False,2010s,False,2016+2020,2,42.11,51.71,-9.42,R+9.4,360552,8,3,28.3
California,CA,CA-01,,False,2020s,True,2024,1,37.02,49.25,-12.88,R+12.9,312990,9,1,3.0
California,CA,CA-02,,False,2000s,False,2004+2008+2012,3,43.57,51.5,-2.38,R+2.4,311871,8,2,37.5
California,CA,CA-02,,False,2010s,False,2016+2020,2,75.55,51.71,24.09,D+24.1,464940,5,2,42.4
California,CA,CA-02,,False,2020s,True,2024,1,73.75,49.25,24.01,D+24.0,474383,5,2,44.4
California,CA,CA-03,,False,2000s,False,2004+2008+2012,3,55.87,51.5,2.61,D+2.6,483485,3,2,91.7
California,CA,CA-03,,False,2010s,False,2016+2020,2,61.56,51.71,9.02,D+9.0,506494,3,5,86.0
California,CA,CA-03,,False,2020s,True,2024,1,48.18,49.25,-2.15,R+2.1,489169,7,3,33.6
California,CA,CA-04,,False,2000s,False,2004+2008+2012,3,41.89,51.5,-5.14,R+5.1,358908,7,1,6.4
California,CA,CA-04,,False,2010s,False,2016+2020,2,46.03,51.71,-5.9,R+5.9,531412,6,4,65.1
California,CA,CA-04,,False,2020s,True,2024,1,65.64,49.25,16.8,D+16.8,339774,2,3,72.8
California,CA,CA-05,,False,2000s,False,2004+2008+2012,3,56.52,51.5,9.83,D+9.8,79078,0,1,100.0
California,CA,CA-05,,False,2010s,False,2016+2020,2,71.43,51.71,20.72,D+20.7,194274,1,4,65.8
California,CA,CA-05,,False,2020s,True,2024,1,43.04,49.25,-7.68,R+7.7,335897,4,4,74.0
California,CA,CA-06,,False,2000s,False,2004+2008+2012,3,74.82,51.5,17.86,D+17.9,301165,1,2,54.8
California,CA,CA-06,,False,2010s,False,2016+2020,2,63.26,51.71,13.53,D+13.5,103650,0,2,100.0
California,CA,CA-06,,False,2020s,True,2024,1,60.21,49.25,10.23,D+10.2,167652,0,1,100.0
California,CA,CA-07,,False,2000s,False,2004+2008+2012,3,65.57,51.5,12.03,D+12.0,126525,0,2,100.0
California,CA,CA-07,,False,2010s,False,2016+2020,2,63.08,51.71,10.59,D+10.6,360331,0,1,100.0
California,CA,CA-07,,False,2020s,True,2024,1,60.28,49.25,13.32,D+13.3,433877,0,2,100.0
California,CA,CA-08,,False,2000s,False,2004+2008+2012,3,85.69,51.5,25.07,D+25.1,268775,0,1,100.0
California,CA,CA-08,,False,2010s,False,2016+2020,2,55.49,51.71,2.14,D+2.1,747382,2,1,98.1
California,CA,CA-08,,False,2020s,True,2024,1,66.45,49.25,19.84,D+19.8,201450,0,2,100.0
California,CA,CA-09,,False,2000s,False,2004+2008+2012,3,79.33,51.5,20.56,D+20.6,106133,0,1,100.0
California,CA,CA-09,,False,2010s,False,2016+2020,2,63.23,51.71,10.9,D+10.9,336850,0,3,100.0
California,CA,CA-09,,False,2020s,True,2024,1,51.22,49.25,2.3,D+2.3,268331,0,3,100.0
California,CA,CA-10,,False,2000s,False,2004+2008+2012,3,68.01,51.5,11.28,D+11.3,493553,0,4,100.0
California,CA,CA-10,,False,2010s,False,2016+2020,2,52.26,51.71,1.36,D+1.4,252762,1,1,23.7
California,CA,CA-10,,False,2020s,True,2024,1,69.63,49.25,19.46,D+19.5,382017,0,1,100.0
California,CA,CA-11,,False,2000s,False,2004+2008+2012,3,67.72,51.5,10.25,D+10.2,765200,0,4,100.0
California,CA,CA-11,,False,2010s,False,2016+2020,2,73.25,51.71,21.8,D+21.8,352138,0,1,100.0
California,CA,CA-11,,False,2020s,True,2024,1,83.8,49.25,33.76,D+33.8,348189,0,1,100.0
California,CA,CA-12,,False,2000s,False,2004+2008+2012,3,80.18,51.5,21.86,D+21.9,157387,0,2,100.0
California,CA,CA-12,,False,2010s,False,2016+2020,2,88.58,51.71,36.88,D+36.9,341862,0,1,100.0
California,CA,CA-12,,False,2020s,True,2024,1,78.01,49.25,28.77,D+28.8,85955,0,1,100.0
California,CA,CA-13,,False,2000s,False,2004+2008+2012,3,79.33,51.5,20.04,D+20.0,176098,0,1,100.0
California,CA,CA-13,,False,2010s,False,2016+2020,2,83.1,51.71,33.08,D+33.1,91432,0,1,100.0
California,CA,CA-13,,False,2020s,True,2024,1,46.65,49.25,-1.34,R+1.3,399039,1,4,78.3
California,CA,CA-14,,False,2000s,False,2004+2008+2012,3,73.45,51.5,17.17,D+17.2,388859,0,3,100.0
California,CA,CA-14,,False,2010s,False,2016+2020,2,82.28,51.71,30.5,D+30.5,266390,0,2,100.0
California,CA,CA-14,,False,2020s,True,2024,1,78.01,49.25,25.48,D+25.5,534152,0,1,100.0
California,CA,CA-15,,False,2000s,False,2004+2008+2012,3,69.26,51.5,14.61,D+14.6,140531,0,1,100.0
California,CA,CA-15,,False,2010s,False,2016+2020,2,82.78,51.71,29.56,D+29.6,573198,0,2,100.0
California,CA,CA-15,,False,2020s,True,2024,1,78.75,49.25,27.75,D+27.8,128274,0,2,100.0
California,CA,CA-16,,False,2000s,False,2004+2008+2012,3,69.26,51.5,13.85,D+13.8,114341,0,1,100.0
California,CA,CA-16,,False,2010s,False,2016+2020,2,53.68,51.71,3.23,D+3.2,105490,1,2,23.7
California,CA,CA-16,,False,2020s,True,2024,1,74.4,49.25,25.15,D+25.1,358739,0,2,100.0
California,CA,CA-17,,False,2000s,False,2004+2008+2012,3,67.55,51.5,14.14,D+14.1,175453,2,1,17.3
California,CA,CA-17,,False,2010s,False,2016+2020,2,79.47,51.71,26.94,D+26.9,137882,0,2,100.0
California,CA,CA-17,,False,2020s,True,2024,1,73.68,49.25,22.56,D+22.6,123506,0,2,100.0
California,CA,CA-18,,False,2000s,False,2004+2008+2012,3,49.09,51.5,3.52,D+3.5,156413,1,3,60.9
California,CA,CA-18,,False,2010s,False,2016+2020,2,78.65,51.71,26.94,D+26.9,375858,0,3,100.0
California,CA,CA-18,,False,2020s,True,2024,1,69.27,49.25,18.61,D+18.6,581105,1,3,95.2
California,CA,CA-19,,False,2000s,False,2004+2008+2012,3,44.7,51.5,-1.17,R+1.2,165635,2,3,79.5
California,CA,CA-19,,False,2010s,False,2016+2020,2,76.08,51.71,24.23,D+24.2,561285,0,1,100.0
California,CA,CA-19,,False,2020s,True,2024,1,70.15,49.25,20.75,D+20.8,352522,0,4,100.0
California,CA,CA-20,,False,2000s,False,2004+2008+2012,3,44.52,51.5,2.4,D+2.4,169211,1,2,81.2
California,CA,CA-20,,False,2010s,False,2016+2020,2,72.72,51.71,22.0,D+22.0,229624,2,1,25.2
California,CA,CA-20,,False,2020s,True,2024,1,40.32,49.25,-8.93,R+8.9,330196,0,4,100.0
California,CA,CA-21,,False,2000s,False,2004+2008+2012,3,44.34,51.5,-5.85,R+5.8,242495,1,1,58.4
California,CA,CA-21,,False,2010s,False,2016+2020,2,49.4,51.71,-2.09,R+2.1,272216,1,3,85.8
California,CA,CA-21,,False,2020s,True,2024,1,44.95,49.25,-1.62,R+1.6,37352,0,2,100.0
California,CA,CA-22,,False,2000s,False,2004+2008+2012,3,57.82,51.5,4.35,D+4.3,726338,0,3,100.0
California,CA,CA-22,,False,2010s,False,2016+2020,2,49.89,51.71,-2.3,R+2.3,43150,0,2,100.0
California,CA,CA-22,,False,2020s,True,2024,1,39.0,49.25,-7.59,R+7.6,138471,0,3,100.0
California,CA,CA-23,,False,2000s,False,2004+2008+2012,3,55.33,51.5,6.11,D+6.1,66533,0,3,100.0
California,CA,CA-23,,False,2010s,False,2016+2020,2,55.8,51.71,1.44,D+1.4,488372,0,3,100.0
California,CA,CA-23,,False,2020s,True,2024,1,54.74,49.25,0.66,D+0.7,1003556,0,3,100.0
California,CA,CA-24,,False,2000s,False,2004+2008+2012,3,54.35,51.5,1.43,D+1.4,442955,0,2,100.0
California,CA,CA-24,,False,2010s,False,2016+2020,2,60.98,51.71,9.06,D+9.1,513684,2,1,35.0
California,CA,CA-24,,False,2020s,True,2024,1,60.72,49.25,12.26,D+12.3,308422,1,2,40.1
California,CA,CA-25,,False,2000s,False,2004+2008+2012,3,66.05,51.5,6.14,D+6.1,1434657,2,2,99.1
California,CA,CA-25,,False,2010s,False,2016+2020,2,74.28,51.71,19.1,D+19.1,1564809,0,2,100.0
California,CA,CA-25,,False,2020s,True,2024,1,49.31,49.25,2.51,D+2.5,832142,1,2,93.5
California,CA,CA-26,,False,2000s,False,2004+2008+2012,3,68.32,51.5,8.51,D+8.5,388317,0,2,100.0
California,CA,CA-26,,False,2010s,False,2016+2020,2,60.14,51.71,8.68,D+8.7,196736,0,1,100.0
California,CA,CA-26,,False,2020s,True,2024,1,57.78,49.25,8.09,D+8.1,355395,0,1,100.0
California,CA,CA-27,,False,2000s,False,2004+2008+2012,3,68.66,51.5,13.49,D+13.5,117445,0,1,100.0
California,CA,CA-27,,False,2010s,False,2016+2020,2,74.38,51.71,22.49,D+22.5,649888,0,1,100.0
California,CA,CA-27,,False,2020s,True,2024,1,67.01,49.25,12.67,D+12.7,1403098,0,1,100.0
California,CA,CA-28,,False,2000s,False,2004+2008+2012,3,68.66,51.5,14.6,D+14.6,60310,0,1,100.0
California,CA,CA-28,,False,2010s,False,2016+2020,2,74.38,51.71,22.96,D+23.0,207656,0,1,100.0
California,CA,CA-28,,False,2020s,True,2024,1,66.76,49.25,17.03,D+17.0,547856,0,2,100.0
California,CA,CA-29,,False,2000s,False,2004+2008+2012,3,68.66,51.5,13.75,D+13.8,79355,0,1,100.0
California,CA,CA-29,,False,2010s,False,2016+2020,2,74.38,51.71,22.67,D+22.7,88446,0,1,100.0
California,CA,CA-29,,False,2020s,True,2024,1,67.01,49.25,18.82,D+18.8,120051,0,1,100.0
California,CA,CA-30,,False,2000s,False,2004+2008+2012,3,68.66,51.5,13.47,D+13.5,222194,0,1,100.0
California,CA,CA-30,,False,2010s,False,2016+2020,2,74.2,51.71,22.28,D+22.3,124605,0,2,100.0
California,CA,CA-30,,False,2020s,True,2024,1,67.01,49.25,18.35,D+18.4,165070,0,1,100.0
California,CA,CA-31,,False,2000s,False,2004+2008+2012,3,68.66,51.5,14.06,D+14.1,31742,0,1,100.0
California,CA,CA-31,,False,2010s,False,2016+2020,2,55.57,51.71,5.11,D+5.1,8232,0,1,100.0
California,CA,CA-31,,False,2020s,True,2024,1,67.01,49.25,15.47,D+15.5,195083,0,1,100.0
California,CA,CA-32,,False,2000s,False,2004+2008+2012,3,68.66,51.5,12.65,D+12.7,73007,0,1,100.0
California,CA,CA-32,,False,2010s,False,2016+2020,2,74.38,51.71,21.96,D+22.0,119210,0,1,100.0
California,CA,CA-32,,False,2020s,True,2024,1,67.01,49.25,17.63,D+17.6,270115,0,1,100.0
California,CA,CA-33,,False,2000s,False,2004+2008+2012,3,68.66,51.5,14.48,D+14.5,38090,0,1,100.0
California,CA,CA-33,,False,2010s,False,2016+2020,2,74.38,51.71,22.12,D+22.1,273030,0,1,100.0
California,CA,CA-33,,False,2020s,True,2024,1,48.9,49.25,3.09,D+3.1,6863,0,1,100.0
California,CA,CA-34,,False,2000s,False,2004+2008+2012,3,68.66,51.5,16.22,D+16.2,44439,0,1,100.0
California,CA,CA-34,,False,2010s,False,2016+2020,2,74.38,51.71,22.67,D+22.7,46146,0,1,100.0
California,CA,CA-34,,False,2020s,True,2024,1,67.01,49.25,17.76,D+17.8,45019,0,1,100.0
California,CA,CA-35,,False,2000s,False,2004+2008+2012,3,68.66,51.5,16.01,D+16.0,44439,0,1,100.0
California,CA,CA-35,,False,2010s,False,2016+2020,2,70.92,51.71,19.48,D+19.5,28311,0,2,100.0
California,CA,CA-35,,False,2020s,True,2024,1,62.62,49.25,12.1,D+12.1,29731,0,3,100.0
California,CA,CA-36,,False,2000s,False,2004+2008+2012,3,68.66,51.5,12.09,D+12.1,57135,0,1,100.0
California,CA,CA-36,,False,2010s,False,2016+2020,2,53.46,51.71,3.08,D+3.1,721232,0,1,100.0
California,CA,CA-36,,False,2020s,True,2024,1,67.01,49.25,18.47,D+18.5,90038,0,1,100.0
California,CA,CA-37,,False,2000s,False,2004+2008+2012,3,68.66,51.5,15.66,D+15.7,57135,0,1,100.0
California,CA,CA-37,,False,2010s,False,2016+2020,2,74.38,51.71,25.18,D+25.2,53836,0,1,100.0
California,CA,CA-37,,False,2020s,True,2024,1,67.01,49.25,17.76,D+17.8,48771,0,1,100.0
California,CA,CA-38,,False,2000s,False,2004+2008+2012,3,68.66,51.5,12.81,D+12.8,82529,0,1,100.0
California,CA,CA-38,,False,2010s,False,2016+2020,2,74.38,51.71,22.67,D+22.7,96138,0,1,100.0
California,CA,CA-38,,False,2020s,True,2024,1,65.51,49.25,14.5,D+14.5,145233,0,2,100.0
California,CA,CA-39,,False,2000s,False,2004+2008+2012,3,68.66,51.5,11.07,D+11.1,50787,0,1,100.0
California,CA,CA-39,,False,2010s,False,2016+2020,2,59.98,51.71,6.88,D+6.9,228057,0,3,100.0
California,CA,CA-39,,False,2020s,True,2024,1,49.35,49.25,2.68,D+2.7,36717,0,1,100.0
California,CA,CA-40,,False,2000s,False,2004+2008+2012,3,45.0,51.5,-3.92,R+3.9,141891,0,1,100.0
California,CA,CA-40,,False,2010s,False,2016+2020,2,74.38,51.71,22.98,D+23.0,53836,0,1,100.0
California,CA,CA-40,,False,2020s,True,2024,1,51.36,49.25,0.04,EVEN,603171,0,2,100.0
California,CA,CA-41,,False,2000s,False,2004+2008+2012,3,50.1,51.5,0.29,D+0.3,404707,0,2,100.0
California,CA,CA-41,,False,2010s,False,2016+2020,2,53.46,51.71,3.69,D+3.7,38700,0,1,100.0
California,CA,CA-41,,False,2020s,True,2024,1,49.35,49.25,-0.11,R+0.1,173227,0,1,100.0
California,CA,CA-42,,False,2000s,False,2004+2008+2012,3,47.93,51.5,-3.22,R+3.2,311863,0,3,100.0
California,CA,CA-42,,False,2010s,False,2016+2020,2,53.46,51.71,0.17,D+0.2,114342,0,1,100.0
California,CA,CA-42,,False,2020s,True,2024,1,67.01,49.25,18.27,D+18.3,195083,0,1,100.0
California,CA,CA-43,,False,2000s,False,2004+2008+2012,3,50.35,51.5,3.92,D+3.9,5702,0,1,100.0
California,CA,CA-43,,False,2010s,False,2016+2020,2,74.38,51.71,22.8,D+22.8,69219,0,1,100.0
California,CA,CA-43,,False,2020s,True,2024,1,67.01,49.25,20.58,D+20.6,67529,0,1,100.0
California,CA,CA-44,,False,2000s,False,2004+2008+2012,3,45.37,51.5,-2.49,R+2.5,247365,0,2,100.0
California,CA,CA-44,,False,2010s,False,2016+2020,2,74.38,51.71,22.67,D+22.7,76910,0,1,100.0
California,CA,CA-44,,False,2020s,True,2024,1,67.01,49.25,19.35,D+19.4,86287,0,1,100.0
California,CA,CA-45,,False,2000s,False,2004+2008+2012,3,47.84,51.5,-2.8,R+2.8,516477,0,1,100.0
California,CA,CA-45,,False,2010s,False,2016+2020,2,54.6,51.71,2.99,D+3.0,568750,0,1,100.0
California,CA,CA-45,,False,2020s,True,2024,1,52.4,49.25,2.52,D+2.5,171415,0,2,100.0
California,CA,CA-46,,False,2000s,False,2004+2008+2012,3,58.28,51.5,3.97,D+4.0,254564,0,2,100.0
California,CA,CA-46,,False,2010s,False,2016+2020,2,54.6,51.71,5.54,D+5.5,124116,0,1,100.0
California,CA,CA-46,,False,2020s,True,2024,1,51.37,49.25,6.27,D+6.3,130914,0,1,100.0
California,CA,CA-47,,False,2000s,False,2004+2008+2012,3,45.0,51.5,1.52,D+1.5,77090,0,1,100.0
California,CA,CA-47,,False,2010s,False,2016+2020,2,69.14,51.71,16.96,D+17.0,230578,0,2,100.0
California,CA,CA-47,,False,2020s,True,2024,1,51.37,49.25,2.28,D+2.3,306394,0,1,100.0
California,CA,CA-48,,False,2000s,False,2004+2008+2012,3,45.0,51.5,-4.34,R+4.3,299423,0,1,100.0
California,CA,CA-48,,False,2010s,False,2016+2020,2,54.6,51.71,2.23,D+2.2,252323,0,1,100.0
California,CA,CA-48,,False,2020s,True,2024,1,58.26,49.25,3.29,D+3.3,1178169,0,2,100.0
California,CA,CA-49,,False,2000s,False,2004+2008+2012,3,51.63,51.5,-1.1,R+1.1,397933,0,2,100.0
California,CA,CA-49,,False,2010s,False,2016+2020,2,57.52,51.71,5.33,D+5.3,340918,0,2,100.0
California,CA,CA-49,,False,2020s,True,2024,1,54.54,49.25,4.64,D+4.6,315722,0,2,100.0
California,CA,CA-50,,False,2000s,False,2004+2008+2012,3,51.99,51.5,-0.87,R+0.9,85432,0,1,100.0
California,CA,CA-50,,False,2010s,False,2016+2020,2,61.14,51.71,7.1,D+7.1,948185,0,1,100.0
California,CA,CA-50,,False,2020s,True,2024,1,58.65,49.25,11.41,D+11.4,94594,0,1,100.0
California,CA,CA-51,,False,2000s,False,2004+2008+2012,3,54.18,51.5,7.44,D+7.4,152316,1,1,76.3
California,CA,CA-51,,False,2010s,False,2016+2020,2,62.38,51.71,12.02,D+12.0,264740,1,1,80.5
California,CA,CA-51,,False,2020s,True,2024,1,58.65,49.25,10.21,D+10.2,66511,0,1,100.0
California,CA,CA-52,,False,2000s,False,2004+2008+2012,3,51.99,51.5,-0.5,R+0.5,595652,0,1,100.0
California,CA,CA-52,,False,2010s,False,2016+2020,2,61.14,51.71,9.7,D+9.7,93074,0,1,100.0
California,CA,CA-52,,False,2020s,True,2024,1,58.65,49.25,12.09,D+12.1,50253,0,1,100.0
California,CA,CA-53,,False,2000s,False,2004+2008+2012,3,51.99,51.5,5.64,D+5.6,27291,0,1,100.0
California,CA,CA-53,,False,2010s,False,2016+2020,2,61.14,51.71,9.43,D+9.4,47991,0,1,100.0
Colorado,CO,CO-01,,False,2000s,False,2004+2008+2012,3,73.68,51.5,17.63,D+17.6,276152,1,1,1.9
Colorado,CO,CO-01,,False,2010s,False,2016+2020,2,79.53,51.71,17.84,D+17.8,379296,0,3,100.0
Colorado,CO,CO-01,,False,2020s,True,2024,1,78.84,49.25,24.01,D+24.0,354348,0,1,100.0
Colorado,CO,CO-02,,False,2000s,False,2004+2008+2012,3,63.46,51.5,10.07,D+10.1,277071,6,3,71.7
Colorado,CO,CO-02,,False,2010s,False,2016+2020,2,61.92,51.71,8.51,D+8.5,733379,5,5,66.4
Colorado,CO,CO-02,,False,2020s,True,2024,1,67.18,49.25,16.24,D+16.2,502056,7,4,50.0
Colorado,CO,CO-03,,False,2000s,False,2004+2008+2012,3,46.45,51.5,-1.4,R+1.4,333347,28,1,2.1
Colorado,CO,CO-03,,False,2010s,False,2016+2020,2,45.41,51.71,-1.56,R+1.6,405440,28,1,4.6
Colorado,CO,CO-03,,False,2020s,True,2024,1,45.04,49.25,-0.54,R+0.5,408907,26,1,1.8
Colorado,CO,CO-04,,False,2000s,False,2004+2008+2012,3,46.39,51.5,-2.73,R+2.7,335431,16,2,6.0
Colorado,CO,CO-04,,False,2010s,False,2016+2020,2,48.4,51.71,-2.17,R+2.2,841870,18,5,71.6
Colorado,CO,CO-04,,False,2020s,True,2024,1,48.29,49.25,0.21,D+0.2,1008486,16,5,68.4
Colorado,CO,CO-05,,False,2000s,False,2004+2008+2012,3,37.79,51.5,-9.58,R+9.6,322083,5,1,2.7
Colorado,CO,CO-05,,False,2010s,False,2016+2020,2,40.01,51.71,-5.4,R+5.4,411376,4,1,2.6
Colorado,CO,CO-05,,False,2020s,True,2024,1,44.96,49.25,-1.74,R+1.7,263525,0,1,100.0
Colorado,CO,CO-06,,False,2000s,False,2004+2008+2012,3,48.2,51.5,-2.96,R+3.0,618045,2,3,75.8
Colorado,CO,CO-06,,False,2010s,False,2016+2020,2,57.74,51.71,4.88,D+4.9,129334,0,3,100.0
Colorado,CO,CO-06,,False,2020s,True,2024,1,60.89,49.25,10.66,D+10.7,114144,0,4,100.0
Colorado,CO,CO-07,,False,2000s,False,2004+2008+2012,3,55.14,51.5,3.51,D+3.5,205749,0,3,100.0
Colorado,CO,CO-07,,False,2010s,False,2016+2020,2,56.66,51.71,5.94,D+5.9,117918,0,3,100.0
Colorado,CO,CO-07,,False,2020s,True,2024,1,56.96,49.25,7.9,D+7.9,457931,6,2,83.4
Colorado,CO,CO-08,,False,2020s,True,2024,1,48.32,49.25,1.65,D+1.6,83347,0,2,100.0
Connecticut,CT,CT-01,,False,2000s,False,2004+2008+2012,3,61.85,51.5,12.31,D+12.3,267473,0,3,100.0
Connecticut,CT,CT-01,,False,2010s,False,2016+2020,2,61.58,51.71,10.67,D+10.7,300492,0,3,100.0
Connecticut,CT,CT-01,,False,2020s,True,2024,1,60.14,49.25,11.03,D+11.0,286665,0,3,100.0
Connecticut,CT,CT-02,,False,2000s,False,2004+2008+2012,3,59.06,51.5,8.26,D+8.3,396012,3,3,39.6
Connecticut,CT,CT-02,,False,2010s,False,2016+2020,2,55.64,51.71,7.53,D+7.5,415730,3,3,36.4
Connecticut,CT,CT-02,,False,2020s,True,2024,1,55.44,49.25,7.86,D+7.9,448827,3,3,38.5
Connecticut,CT,CT-03,,False,2000s,False,2004+2008+2012,3,59.22,51.5,11.98,D+12.0,260082,0,3,100.0
Connecticut,CT,CT-03,,False,2010s,False,2016+2020,2,57.72,51.71,8.66,D+8.7,281966,0,3,100.0
Connecticut,CT,CT-03,,False,2020s,True,2024,1,56.46,49.25,8.44,D+8.4,291480,0,3,100.0
Connecticut,CT,CT-04,,False,2000s,False,2004+2008+2012,3,55.8,51.5,4.55,D+4.5,290444,0,2,100.0
Connecticut,CT,CT-04,,False,2010s,False,2016+2020,2,61.77,51.71,10.04,D+10.0,324248,0,2,100.0
Connecticut,CT,CT-04,,False,2020s,True,2024,1,59.7,49.25,10.37,D+10.4,316867,0,2,100.0
Connecticut,CT,CT-05,,False,2000s,False,2004+2008+2012,3,56.96,51.5,4.86,D+4.9,380528,0,4,100.0
Connecticut,CT,CT-05,,False,2010s,False,2016+2020,2,57.74,51.71,7.12,D+7.1,412252,0,4,100.0
Connecticut,CT,CT-05,,False,2020s,True,2024,1,56.44,49.25,7.34,D+7.3,415171,0,4,100.0
District of Columbia,DC,DC-AL,,True,2000s,False,2004+2008+2012,3,92.17,51.5,40.67,D+40.7,261499,0,0,0.0
District of Columbia,DC,DC-AL,,True,2010s,False,2016+2020,2,95.08,51.71,43.37,D+43.4,327812,0,0,0.0
District of Columbia,DC,DC-AL,,True,2020s,True,2024,1,93.31,49.25,44.0,D+44.0,325869,0,0,0.0
Delaware,DE,DE-AL,,True,2000s,False,2004+2008+2012,3,58.64,51.5,3.64,D+3.6,400602,0,0,0.0
Delaware,DE,DE-AL,,True,2010s,False,2016+2020,2,57.82,51.71,8.02,D+8.0,473912,0,0,0.0
Delaware,DE,DE-AL,,True,2020s,True,2024,1,57.48,49.25,8.75,D+8.8,512912,0,0,0.0
Florida,FL,FL-01,,False,2000s,False,2004+2008+2012,3,29.95,51.5,-17.82,R+17.8,359939,5,1,7.2
Florida,FL,FL-01,,False,2010s,False,2016+2020,2,31.15,51.71,-13.44,R+13.4,415114,4,1,1.8
Florida,FL,FL-01,,False,2020s,True,2024,1,31.36,49.25,-12.61,R+12.6,418229,3,1,7.0
Florida,FL,FL-02,,False,2000s,False,2004+2008+2012,3,46.28,51.5,-1.35,R+1.4,337286,12,3,42.7
Florida,FL,FL-02,,False,2010s,False,2016+2020,2,45.58,51.71,-5.66,R+5.7,370400,12,2,1.6
Florida,FL,FL-02,,False,2020s,True,2024,1,40.67,49.25,-8.01,R+8.0,413613,14,2,5.0
Florida,FL,FL-03,,False,2000s,False,2004+2008+2012,3,46.97,51.5,-4.62,R+4.6,289507,0,9,100.0
Florida,FL,FL-03,,False,2010s,False,2016+2020,2,37.76,51.71,-8.43,R+8.4,378270,9,4,69.1
Florida,FL,FL-03,,False,2020s,True,2024,1,38.69,49.25,-8.79,R+8.8,364017,10,2,24.1
Florida,FL,FL-04,,False,2000s,False,2004+2008+2012,3,42.35,51.5,-8.0,R+8.0,333568,6,3,72.5
Florida,FL,FL-04,,False,2010s,False,2016+2020,2,46.68,51.71,-6.19,R+6.2,459428,2,1,86.1
Florida,FL,FL-04,,False,2020s,True,2024,1,41.62,49.25,-6.75,R+6.8,514322,2,1,62.6
Florida,FL,FL-05,,False,2000s,False,2004+2008+2012,3,43.56,51.5,-5.82,R+5.8,502804,3,5,59.9
Florida,FL,FL-05,,False,2010s,False,2016+2020,2,51.16,51.71,2.66,D+2.7,354053,0,8,100.0
Florida,FL,FL-05,,False,2020s,True,2024,1,42.49,49.25,-7.57,R+7.6,270832,0,2,100.0
Florida,FL,FL-06,,False,2000s,False,2004+2008+2012,3,43.64,51.5,-7.64,R+7.6,382438,2,6,95.1
Florida,FL,FL-06,,False,2010s,False,2016+2020,2,39.26,51.71,-8.18,R+8.2,486451,2,2,55.5
Florida,FL,FL-06,,False,2020s,True,2024,1,35.8,49.25,-10.94,R+10.9,584545,2,4,80.1
Florida,FL,FL-07,,False,2000s,False,2004+2008+2012,3,42.83,51.5,-7.53,R+7.5,315850,2,3,56.0
Florida,FL,FL-07,,False,2010s,False,2016+2020,2,50.94,51.71,0.18,D+0.2,309084,0,3,100.0
Florida,FL,FL-07,,False,2020s,True,2024,1,44.85,49.25,-5.31,R+5.3,399351,1,1,36.5
Florida,FL,FL-08,,False,2000s,False,2004+2008+2012,3,52.06,51.5,-1.76,R+1.8,258233,0,3,100.0
Florida,FL,FL-08,,False,2010s,False,2016+2020,2,45.68,51.71,-6.12,R+6.1,571154,2,1,25.1
Florida,FL,FL-08,,False,2020s,True,2024,1,41.35,49.25,-7.86,R+7.9,536973,2,1,14.2
Florida,FL,FL-09,,False,2000s,False,2004+2008+2012,3,51.35,51.5,-1.55,R+1.6,395940,0,3,100.0
Florida,FL,FL-09,,False,2010s,False,2016+2020,2,59.7,51.71,4.58,D+4.6,330096,1,2,52.9
Florida,FL,FL-09,,False,2020s,True,2024,1,52.57,49.25,0.37,D+0.4,351882,1,2,50.9
Florida,FL,FL-10,,False,2000s,False,2004+2008+2012,3,52.33,51.5,-3.14,R+3.1,282540,0,1,100.0
Florida,FL,FL-10,,False,2010s,False,2016+2020,2,49.84,51.71,1.92,D+1.9,335688,0,3,100.0
Florida,FL,FL-10,,False,2020s,True,2024,1,56.89,49.25,3.29,D+3.3,164551,0,1,100.0
Florida,FL,FL-11,,False,2000s,False,2004+2008+2012,3,51.23,51.5,0.42,D+0.4,129566,0,3,100.0
Florida,FL,FL-11,,False,2010s,False,2016+2020,2,33.37,51.71,-12.5,R+12.5,386657,3,2,29.3
Florida,FL,FL-11,,False,2020s,True,2024,1,44.3,49.25,-6.3,R+6.3,479571,1,3,78.1
Florida,FL,FL-12,,False,2000s,False,2004+2008+2012,3,48.02,51.5,-5.64,R+5.6,385320,0,3,100.0
Florida,FL,FL-12,,False,2010s,False,2016+2020,2,43.96,51.71,-7.37,R+7.4,456758,1,2,41.4
Florida,FL,FL-12,,False,2020s,True,2024,1,33.65,49.25,-12.69,R+12.7,464342,2,1,55.0
Florida,FL,FL-13,,False,2000s,False,2004+2008+2012,3,45.73,51.5,-5.63,R+5.6,371110,3,2,40.6
Florida,FL,FL-13,,False,2010s,False,2016+2020,2,49.76,51.71,-0.72,R+0.7,354162,0,1,100.0
Florida,FL,FL-13,,False,2020s,True,2024,1,47.36,49.25,-3.97,R+4.0,432791,0,1,100.0
Florida,FL,FL-14,,False,2000s,False,2004+2008+2012,3,41.8,51.5,-8.05,R+8.1,281561,1,2,8.1
Florida,FL,FL-14,,False,2010s,False,2016+2020,2,52.76,51.71,2.52,D+2.5,196902,0,2,100.0
Florida,FL,FL-14,,False,2020s,True,2024,1,48.06,49.25,-1.17,R+1.2,236825,0,2,100.0
Florida,FL,FL-15,,False,2000s,False,2004+2008+2012,3,46.48,51.5,-5.31,R+5.3,348715,1,3,80.6
Florida,FL,FL-15,,False,2010s,False,2016+2020,2,51.2,51.71,-2.08,R+2.1,330143,0,2,100.0
Florida,FL,FL-15,,False,2020s,True,2024,1,45.8,49.25,-4.86,R+4.9,336314,0,3,100.0
Florida,FL,FL-16,,False,2000s,False,2004+2008+2012,3,47.56,51.5,-5.54,R+5.5,283681,3,5,79.8
Florida,FL,FL-16,,False,2010s,False,2016+2020,2,43.64,51.71,-5.7,R+5.7,337666,1,1,25.9
Florida,FL,FL-16,,False,2020s,True,2024,1,43.68,49.25,-6.37,R+6.4,495641,1,1,53.8
Florida,FL,FL-17,,False,2000s,False,2004+2008+2012,3,60.78,51.5,4.98,D+5.0,47190,0,2,100.0
Florida,FL,FL-17,,False,2010s,False,2016+2020,2,42.78,51.71,-7.81,R+7.8,743639,6,4,73.9
Florida,FL,FL-17,,False,2020s,True,2024,1,37.85,49.25,-9.59,R+9.6,502524,2,1,20.1
Florida,FL,FL-18,,False,2000s,False,2004+2008+2012,3,57.38,51.5,0.13,D+0.1,94711,0,2,100.0
Florida,FL,FL-18,,False,2010s,False,2016+2020,2,48.86,51.71,-3.2,R+3.2,380024,2,1,34.5
Florida,FL,FL-18,,False,2020s,True,2024,1,36.11,49.25,-10.56,R+10.6,385195,6,2,72.1
Florida,FL,FL-19,,False,2000s,False,2004+2008+2012,3,62.81,51.5,7.3,D+7.3,79063,0,2,100.0
Florida,FL,FL-19,,False,2010s,False,2016+2020,2,39.77,51.71,-8.77,R+8.8,297054,0,2,100.0
Florida,FL,FL-19,,False,2020s,True,2024,1,35.6,49.25,-10.97,R+11.0,306696,0,2,100.0
Florida,FL,FL-20,,False,2000s,False,2004+2008+2012,3,66.05,51.5,12.15,D+12.2,97621,0,2,100.0
Florida,FL,FL-20,,False,2010s,False,2016+2020,2,61.14,51.71,10.38,D+10.4,888764,0,3,100.0
Florida,FL,FL-20,,False,2020s,True,2024,1,54.94,49.25,-0.25,R+0.2,1140155,0,2,100.0
Florida,FL,FL-21,,False,2000s,False,2004+2008+2012,3,60.9,51.5,4.02,D+4.0,66274,0,2,100.0
Florida,FL,FL-21,,False,2010s,False,2016+2020,2,61.4,51.71,6.56,D+6.6,114670,0,2,100.0
Florida,FL,FL-21,,False,2020s,True,2024,1,44.41,49.25,-6.55,R+6.5,417784,2,1,32.2
Florida,FL,FL-22,,False,2000s,False,2004+2008+2012,3,63.5,51.5,5.24,D+5.2,99863,0,2,100.0
Florida,FL,FL-22,,False,2010s,False,2016+2020,2,62.51,51.71,6.35,D+6.3,84451,0,2,100.0
Florida,FL,FL-22,,False,2020s,True,2024,1,50.38,49.25,-0.8,R+0.8,87335,0,1,100.0
Florida,FL,FL-23,,False,2000s,False,2004+2008+2012,3,62.42,51.5,10.13,D+10.1,1049251,0,5,100.0
Florida,FL,FL-23,,False,2010s,False,2016+2020,2,65.98,51.71,7.77,D+7.8,124366,0,2,100.0
Florida,FL,FL-23,,False,2020s,True,2024,1,57.0,49.25,1.34,D+1.3,101697,0,2,100.0
Florida,FL,FL-24,,False,2000s,False,2004+2008+2012,3,50.46,51.5,-0.46,R+0.5,547114,0,4,100.0
Florida,FL,FL-24,,False,2010s,False,2016+2020,2,61.46,51.71,7.75,D+7.8,64990,0,2,100.0
Florida,FL,FL-24,,False,2020s,True,2024,1,45.86,49.25,0.05,D+0.1,69149,0,2,100.0
Florida,FL,FL-25,,False,2000s,False,2004+2008+2012,3,54.1,51.5,0.4,D+0.4,832274,0,3,100.0
Florida,FL,FL-25,,False,2010s,False,2016+2020,2,56.54,51.71,0.46,D+0.5,726036,0,4,100.0
Florida,FL,FL-25,,False,2020s,True,2024,1,58.56,49.25,2.37,D+2.4,148820,0,1,100.0
Florida,FL,FL-26,,False,2010s,False,2016+2020,2,58.52,51.71,1.54,D+1.5,668960,1,1,93.3
Florida,FL,FL-26,,False,2020s,True,2024,1,39.79,49.25,-10.22,R+10.2,473526,0,2,100.0
Florida,FL,FL-27,,False,2010s,False,2016+2020,2,59.42,51.71,2.09,D+2.1,120184,0,1,100.0
Florida,FL,FL-27,,False,2020s,True,2024,1,44.23,49.25,-6.33,R+6.3,70023,0,1,100.0
Florida,FL,FL-28,,False,2020s,True,2024,1,44.02,49.25,-7.25,R+7.2,727050,1,1,93.9
Georgia,GA,GA-01,,False,2000s,False,2004+2008+2012,3,39.32,51.5,-11.58,R+11.6,257062,23,2,30.6
Georgia,GA,GA-01,,False,2010s,False,2016+2020,2,43.42,51.71,-7.59,R+7.6,299384,15,2,5.3
Georgia,GA,GA-01,,False,2020s,True,2024,1,42.58,49.25,-6.46,R+6.5,352251,14,1,4.2
Georgia,GA,GA-02,,False,2000s,False,2004+2008+2012,3,48.79,51.5,1.18,D+1.2,217133,29,3,15.2
Georgia,GA,GA-02,,False,2010s,False,2016+2020,2,53.1,51.71,2.13,D+2.1,279712,27,2,40.8
Georgia,GA,GA-02,,False,2020s,True,2024,1,51.41,49.25,2.53,D+2.5,320003,27,3,40.9
Georgia,GA,GA-03,,False,2000s,False,2004+2008+2012,3,39.04,51.5,-9.16,R+9.2,388678,10,5,46.7
Georgia,GA,GA-03,,False,2010s,False,2016+2020,2,37.28,51.71,-12.5,R+12.5,343592,10,3,30.8
Georgia,GA,GA-03,,False,2020s,True,2024,1,38.71,49.25,-9.47,R+9.5,436491,11,4,30.3
Georgia,GA,GA-04,,False,2000s,False,2004+2008+2012,3,71.76,51.5,13.51,D+13.5,271152,0,3,100.0
Georgia,GA,GA-04,,False,2010s,False,2016+2020,2,73.89,51.71,16.96,D+17.0,338198,1,3,87.8
Georgia,GA,GA-04,,False,2020s,True,2024,1,77.24,49.25,20.26,D+20.3,338440,0,2,100.0
Georgia,GA,GA-05,,False,2000s,False,2004+2008+2012,3,67.66,51.5,11.68,D+11.7,189187,0,3,100.0
Georgia,GA,GA-05,,False,2010s,False,2016+2020,2,77.85,51.71,20.66,D+20.7,250428,0,3,100.0
Georgia,GA,GA-05,,False,2020s,True,2024,1,79.17,49.25,23.75,D+23.8,234807,0,3,100.0
Georgia,GA,GA-06,,False,2000s,False,2004+2008+2012,3,47.66,51.5,-7.19,R+7.2,295454,1,3,71.7
Georgia,GA,GA-06,,False,2010s,False,2016+2020,2,69.89,51.71,7.1,D+7.1,305554,0,3,100.0
Georgia,GA,GA-06,,False,2020s,True,2024,1,66.96,49.25,14.89,D+14.9,463902,0,4,100.0
Georgia,GA,GA-07,,False,2000s,False,2004+2008+2012,3,37.97,51.5,-12.11,R+12.1,326803,2,3,83.9
Georgia,GA,GA-07,,False,2010s,False,2016+2020,2,51.21,51.71,-2.48,R+2.5,296827,0,2,100.0
Georgia,GA,GA-07,,False,2020s,True,2024,1,46.6,49.25,-5.17,R+5.2,416357,3,3,57.8
Georgia,GA,GA-08,,False,2000s,False,2004+2008+2012,3,42.03,51.5,-9.04,R+9.0,276317,18,3,13.9
Georgia,GA,GA-08,,False,2010s,False,2016+2020,2,36.58,51.71,-12.68,R+12.7,275224,22,2,17.3
Georgia,GA,GA-08,,False,2020s,True,2024,1,35.89,49.25,-11.54,R+11.5,344182,27,2,25.3
Georgia,GA,GA-09,,False,2000s,False,2004+2008+2012,3,22.41,51.5,-23.62,R+23.6,297166,13,2,27.4
Georgia,GA,GA-09,,False,2010s,False,2016+2020,2,23.76,51.71,-21.64,R+21.6,374672,17,3,21.8
Georgia,GA,GA-09,,False,2020s,True,2024,1,35.4,49.25,-11.81,R+11.8,415343,10,2,56.0
Georgia,GA,GA-10,,False,2000s,False,2004+2008+2012,3,36.47,51.5,-13.12,R+13.1,286871,20,1,9.2
Georgia,GA,GA-10,,False,2010s,False,2016+2020,2,42.82,51.71,-8.5,R+8.5,421774,20,5,47.0
Georgia,GA,GA-10,,False,2020s,True,2024,1,43.54,49.25,-6.25,R+6.2,461717,16,4,32.8
Georgia,GA,GA-11,,False,2000s,False,2004+2008+2012,3,34.24,51.5,-14.63,R+14.6,313006,6,3,52.9
Georgia,GA,GA-11,,False,2010s,False,2016+2020,2,42.24,51.71,-9.32,R+9.3,375454,2,2,54.8
Georgia,GA,GA-11,,False,2020s,True,2024,1,39.56,49.25,-9.3,R+9.3,383996,3,2,72.4
Georgia,GA,GA-12,,False,2000s,False,2004+2008+2012,3,48.34,51.5,-1.64,R+1.6,239429,19,3,47.6
Georgia,GA,GA-12,,False,2010s,False,2016+2020,2,42.76,51.71,-8.09,R+8.1,273415,17,2,19.9
Georgia,GA,GA-12,,False,2020s,True,2024,1,42.32,49.25,-6.17,R+6.2,360042,22,2,7.0
Georgia,GA,GA-13,,False,2000s,False,2004+2008+2012,3,60.33,51.5,6.61,D+6.6,356767,0,6,100.0
Georgia,GA,GA-13,,False,2010s,False,2016+2020,2,66.13,51.71,10.03,D+10.0,446724,1,5,85.8
Georgia,GA,GA-13,,False,2020s,True,2024,1,67.25,49.25,14.33,D+14.3,325765,1,5,86.1
Georgia,GA,GA-14,,False,2010s,False,2016+2020,2,24.18,51.71,-20.9,R+20.9,292433,11,1,2.8
Georgia,GA,GA-14,,False,2020s,True,2024,1,34.73,49.25,-10.98,R+11.0,396753,9,1,23.8
Hawaii,HI,HI-01,,False,2000s,False,2004+2008+2012,3,64.02,51.5,14.51,D+14.5,96826,0,1,100.0
Hawaii,HI,HI-01,,False,2010s,False,2016+2020,2,64.86,51.71,18.13,D+18.1,113878,0,1,100.0
Hawaii,HI,HI-01,,False,2020s,True,2024,1,61.02,49.25,16.28,D+16.3,117277,0,1,100.0
Hawaii,HI,HI-02,,False,2000s,False,2004+2008+2012,3,67.01,51.5,17.99,D+18.0,341713,4,1,60.9
Hawaii,HI,HI-02,,False,2010s,False,2016+2020,2,66.65,51.71,18.84,D+18.8,387836,4,1,56.8
Hawaii,HI,HI-02,,False,2020s,True,2024,1,62.0,49.25,16.06,D+16.1,399424,4,1,56.0
Iowa,IA,IA-01,,False,2000s,False,2004+2008+2012,3,56.44,51.5,2.54,D+2.5,304827,12,0,0.0
Iowa,IA,IA-01,,False,2010s,False,2016+2020,2,48.18,51.71,-4.29,R+4.3,408614,20,0,0.0
Iowa,IA,IA-01,,False,2020s,True,2024,1,45.7,49.25,-2.53,R+2.5,424688,20,0,0.0
Iowa,IA,IA-02,,False,2000s,False,2004+2008+2012,3,58.6,51.5,2.75,D+2.8,319792,15,0,0.0
Iowa,IA,IA-02,,False,2010s,False,2016+2020,2,47.89,51.71,-3.34,R+3.3,398100,24,0,0.0
Iowa,IA,IA-02,,False,2020s,True,2024,1,44.94,49.25,-4.86,R+4.9,421282,22,0,0.0
Iowa,IA,IA-03,,False,2000s,False,2004+2008+2012,3,52.95,51.5,-0.09,R+0.1,324910,12,0,0.0
Iowa,IA,IA-03,,False,2010s,False,2016+2020,2,49.02,51.71,-4.2,R+4.2,430330,16,0,0.0
Iowa,IA,IA-03,,False,2020s,True,2024,1,47.77,49.25,-1.96,R+2.0,424026,21,0,0.0
Iowa,IA,IA-04,,False,2000s,False,2004+2008+2012,3,51.19,51.5,-3.36,R+3.4,313758,28,0,0.0
Iowa,IA,IA-04,,False,2010s,False,2016+2020,2,35.92,51.71,-11.84,R+11.8,391406,39,0,0.0
Iowa,IA,IA-04,,False,2020s,True,2024,1,34.05,49.25,-12.64,R+12.6,393510,36,0,0.0
Iowa,IA,IA-05,,False,2000s,False,2004+2008+2012,3,42.08,51.5,-7.97,R+8.0,278783,32,0,0.0
Idaho,ID,ID-01,,False,2000s,False,2004+2008+2012,3,37.0,51.5,-17.45,R+17.4,368769,18,1,36.6
Idaho,ID,ID-01,,False,2010s,False,2016+2020,2,34.89,51.71,-16.62,R+16.6,468523,18,1,37.8
Idaho,ID,ID-01,,False,2020s,True,2024,1,32.45,49.25,-18.38,R+18.4,555515,18,1,37.0
Idaho,ID,ID-02,,False,2000s,False,2004+2008+2012,3,29.29,51.5,-23.48,R+23.5,267970,25,1,15.6
Idaho,ID,ID-02,,False,2010s,False,2016+2020,2,29.84,51.71,-18.55,R+18.6,312896,25,1,18.1
Idaho,ID,ID-02,,False,2020s,True,2024,1,29.31,49.25,-18.16,R+18.2,351556,25,1,18.2
Illinois,IL,IL-01,,False,2000s,False,2004+2008+2012,3,74.22,51.5,22.22,D+22.2,213139,0,1,100.0
Illinois,IL,IL-01,,False,2010s,False,2016+2020,2,72.56,51.71,17.25,D+17.2,310975,0,2,100.0
Illinois,IL,IL-01,,False,2020s,True,2024,1,61.42,49.25,13.6,D+13.6,369238,0,3,100.0
Illinois,IL,IL-02,,False,2000s,False,2004+2008+2012,3,74.07,51.5,21.12,D+21.1,391747,0,2,100.0
Illinois,IL,IL-02,,False,2010s,False,2016+2020,2,70.06,51.71,17.33,D+17.3,549698,1,2,91.2
Illinois,IL,IL-02,,False,2020s,True,2024,1,62.0,49.25,14.31,D+14.3,542500,1,7,97.5
Illinois,IL,IL-03,,False,2000s,False,2004+2008+2012,3,74.22,51.5,20.18,D+20.2,273149,0,1,100.0
Illinois,IL,IL-03,,False,2010s,False,2016+2020,2,75.26,51.71,15.87,D+15.9,412112,0,2,100.0
Illinois,IL,IL-03,,False,2020s,True,2024,1,63.55,49.25,15.02,D+15.0,255997,0,2,100.0
Illinois,IL,IL-04,,False,2000s,False,2004+2008+2012,3,74.22,51.5,23.56,D+23.6,84842,0,1,100.0
Illinois,IL,IL-04,,False,2010s,False,2016+2020,2,76.81,51.71,19.46,D+19.5,124281,0,1,100.0
Illinois,IL,IL-04,,False,2020s,True,2024,1,69.96,49.25,19.21,D+19.2,201449,0,2,100.0
Illinois,IL,IL-05,,False,2000s,False,2004+2008+2012,3,74.22,51.5,20.45,D+20.4,124158,0,1,100.0
Illinois,IL,IL-05,,False,2010s,False,2016+2020,2,74.31,51.71,17.56,D+17.6,207536,0,2,100.0
Illinois,IL,IL-05,,False,2020s,True,2024,1,70.29,49.25,18.81,D+18.8,287538,0,2,100.0
Illinois,IL,IL-06,,False,2000s,False,2004+2008+2012,3,60.42,51.5,4.99,D+5.0,319766,0,2,100.0
Illinois,IL,IL-06,,False,2010s,False,2016+2020,2,64.46,51.71,7.38,D+7.4,418752,0,5,100.0
Illinois,IL,IL-06,,False,2020s,True,2024,1,67.23,49.25,13.59,D+13.6,428698,0,2,100.0
Illinois,IL,IL-07,,False,2000s,False,2004+2008+2012,3,74.22,51.5,23.9,D+23.9,120020,0,1,100.0
Illinois,IL,IL-07,,False,2010s,False,2016+2020,2,76.81,51.71,21.62,D+21.6,146878,0,1,100.0
Illinois,IL,IL-07,,False,2020s,True,2024,1,71.26,49.25,22.88,D+22.9,149722,0,1,100.0
Illinois,IL,IL-08,,False,2000s,False,2004+2008+2012,3,62.28,51.5,9.33,D+9.3,447433,0,3,100.0
Illinois,IL,IL-08,,False,2010s,False,2016+2020,2,70.97,51.71,13.36,D+13.4,370034,0,3,100.0
Illinois,IL,IL-08,,False,2020s,True,2024,1,65.7,49.25,13.54,D+13.5,355258,0,3,100.0
Illinois,IL,IL-09,,False,2000s,False,2004+2008+2012,3,74.22,51.5,20.04,D+20.0,161406,0,1,100.0
Illinois,IL,IL-09,,False,2010s,False,2016+2020,2,76.81,51.71,17.93,D+17.9,248562,0,1,100.0
Illinois,IL,IL-09,,False,2020s,True,2024,1,68.54,49.25,17.79,D+17.8,221858,0,3,100.0
Illinois,IL,IL-10,,False,2000s,False,2004+2008+2012,3,68.66,51.5,10.04,D+10.0,316769,0,2,100.0
Illinois,IL,IL-10,,False,2010s,False,2016+2020,2,67.71,51.71,11.34,D+11.3,295518,0,2,100.0
Illinois,IL,IL-10,,False,2020s,True,2024,1,61.62,49.25,12.23,D+12.2,360028,0,3,100.0
Illinois,IL,IL-11,,False,2000s,False,2004+2008+2012,3,50.5,51.5,2.88,D+2.9,383405,3,5,70.3
Illinois,IL,IL-11,,False,2010s,False,2016+2020,2,56.63,51.71,7.24,D+7.2,178204,0,4,100.0
Illinois,IL,IL-11,,False,2020s,True,2024,1,53.5,49.25,7.07,D+7.1,358582,0,7,100.0
Illinois,IL,IL-12,,False,2000s,False,2004+2008+2012,3,51.87,51.5,6.3,D+6.3,270029,9,2,18.3
Illinois,IL,IL-12,,False,2010s,False,2016+2020,2,41.96,51.71,-4.01,R+4.0,300338,11,1,7.9
Illinois,IL,IL-12,,False,2020s,True,2024,1,32.57,49.25,-10.84,R+10.8,424744,32,2,25.1
Illinois,IL,IL-13,,False,2000s,False,2004+2008+2012,3,60.18,51.5,5.26,D+5.3,352751,0,3,100.0
Illinois,IL,IL-13,,False,2010s,False,2016+2020,2,39.24,51.71,-4.88,R+4.9,240196,9,5,42.3
Illinois,IL,IL-13,,False,2020s,True,2024,1,45.47,49.25,3.69,D+3.7,184466,1,6,87.3
Illinois,IL,IL-14,,False,2000s,False,2004+2008+2012,3,50.11,51.5,-0.44,R+0.4,353446,3,5,34.4
Illinois,IL,IL-14,,False,2010s,False,2016+2020,2,54.34,51.71,2.46,D+2.5,514214,0,7,100.0
Illinois,IL,IL-14,,False,2020s,True,2024,1,49.84,49.25,5.12,D+5.1,251441,1,6,73.8
Illinois,IL,IL-15,,False,2000s,False,2004+2008+2012,3,44.78,51.5,-5.27,R+5.3,300644,13,9,27.8
Illinois,IL,IL-15,,False,2010s,False,2016+2020,2,33.26,51.71,-9.72,R+9.7,404075,29,4,33.5
Illinois,IL,IL-15,,False,2020s,True,2024,1,37.07,49.25,-3.77,R+3.8,488504,24,11,55.9
Illinois,IL,IL-16,,False,2000s,False,2004+2008+2012,3,49.57,51.5,-2.46,R+2.5,320387,6,3,35.3
Illinois,IL,IL-16,,False,2010s,False,2016+2020,2,44.58,51.71,-2.81,R+2.8,388319,9,5,50.4
Illinois,IL,IL-16,,False,2020s,True,2024,1,43.93,49.25,0.8,D+0.8,495746,7,14,77.5
Illinois,IL,IL-17,,False,2000s,False,2004+2008+2012,3,52.28,51.5,4.5,D+4.5,243997,9,14,37.9
Illinois,IL,IL-17,,False,2010s,False,2016+2020,2,46.67,51.71,1.64,D+1.6,275126,11,3,21.1
Illinois,IL,IL-17,,False,2020s,True,2024,1,46.93,49.25,3.49,D+3.5,258102,4,10,53.4
Illinois,IL,IL-18,,False,2000s,False,2004+2008+2012,3,45.56,51.5,-5.95,R+6.0,342728,13,7,38.7
Illinois,IL,IL-18,,False,2010s,False,2016+2020,2,40.88,51.71,-7.3,R+7.3,438576,14,5,67.2
Illinois,IL,IL-19,,False,2000s,False,2004+2008+2012,3,42.86,51.5,-6.34,R+6.3,332163,15,15,60.7
Indiana,IN,IN-01,,False,2000s,False,2004+2008+2012,3,59.63,51.5,6.32,D+6.3,280223,4,1,21.2
Indiana,IN,IN-01,,False,2010s,False,2016+2020,2,55.16,51.71,0.86,D+0.9,313006,2,1,6.1
Indiana,IN,IN-01,,False,2020s,True,2024,1,50.14,49.25,-1.42,R+1.4,309937,2,1,4.8
Indiana,IN,IN-02,,False,2000s,False,2004+2008+2012,3,48.68,51.5,-1.35,R+1.4,250723,8,4,12.0
Indiana,IN,IN-02,,False,2010s,False,2016+2020,2,38.98,51.71,-9.78,R+9.8,305678,8,2,16.6
Indiana,IN,IN-02,,False,2020s,True,2024,1,37.32,49.25,-10.3,R+10.3,322852,8,3,21.4
Indiana,IN,IN-03,,False,2000s,False,2004+2008+2012,3,37.22,51.5,-10.59,R+10.6,267559,6,2,63.3
Indiana,IN,IN-03,,False,2010s,False,2016+2020,2,33.38,51.71,-14.44,R+14.4,304868,10,2,4.7
Indiana,IN,IN-03,,False,2020s,True,2024,1,34.23,49.25,-12.13,R+12.1,317705,11,2,3.6
Indiana,IN,IN-04,,False,2000s,False,2004+2008+2012,3,39.99,51.5,-9.47,R+9.5,314959,7,5,30.9
Indiana,IN,IN-04,,False,2010s,False,2016+2020,2,33.8,51.71,-13.36,R+13.4,328124,13,3,19.2
Indiana,IN,IN-04,,False,2020s,True,2024,1,34.99,49.25,-11.88,R+11.9,334491,13,3,3.3
Indiana,IN,IN-05,,False,2000s,False,2004+2008+2012,3,39.5,51.5,-10.1,R+10.1,373595,7,4,38.4
Indiana,IN,IN-05,,False,2010s,False,2016+2020,2,45.24,51.71,-6.0,R+6.0,379894,4,4,31.7
Indiana,IN,IN-05,,False,2020s,True,2024,1,41.44,49.25,-7.73,R+7.7,370124,5,1,10.1
Indiana,IN,IN-06,,False,2000s,False,2004+2008+2012,3,41.03,51.5,-9.22,R+9.2,315466,14,5,24.8
Indiana,IN,IN-06,,False,2010s,False,2016+2020,2,29.26,51.71,-16.44,R+16.4,319317,18,1,1.7
Indiana,IN,IN-06,,False,2020s,True,2024,1,40.83,49.25,-9.38,R+9.4,348238,8,3,39.4
Indiana,IN,IN-07,,False,2000s,False,2004+2008+2012,3,58.86,51.5,4.33,D+4.3,231984,0,1,100.0
Indiana,IN,IN-07,,False,2010s,False,2016+2020,2,63.45,51.71,6.67,D+6.7,287574,0,1,100.0
Indiana,IN,IN-07,,False,2020s,True,2024,1,64.07,49.25,7.34,D+7.3,248766,0,1,100.0
Indiana,IN,IN-08,,False,2000s,False,2004+2008+2012,3,41.9,51.5,-4.9,R+4.9,283624,17,1,1.6
Indiana,IN,IN-08,,False,2010s,False,2016+2020,2,33.04,51.71,-13.95,R+13.9,315760,18,1,0.4
Indiana,IN,IN-08,,False,2020s,True,2024,1,31.79,49.25,-13.58,R+13.6,332410,20,1,1.3
Indiana,IN,IN-09,,False,2000s,False,2004+2008+2012,3,43.2,51.5,-4.52,R+4.5,301136,17,3,22.8
Indiana,IN,IN-09,,False,2010s,False,2016+2020,2,36.94,51.71,-10.63,R+10.6,345834,10,3,9.0
Indiana,IN,IN-09,,False,2020s,True,2024,1,34.99,49.25,-11.6,R+11.6,359813,17,1,2.7
Kansas,KS,KS-01,,False,2000s,False,2004+2008+2012,3,27.93,51.5,-24.36,R+24.4,263811,66,3,4.0
Kansas,KS,KS-01,,False,2010s,False,2016+2020,2,27.37,51.71,-17.02,R+17.0,281116,61,2,1.4
Kansas,KS,KS-01,,False,2020s,True,2024,1,28.07,49.25,-15.88,R+15.9,272927,57,3,5.3
Kansas,KS,KS-02,,False,2000s,False,2004+2008+2012,3,42.88,51.5,-10.3,R+10.3,313620,23,3,12.5
Kansas,KS,KS-02,,False,2010s,False,2016+2020,2,41.08,51.71,-9.58,R+9.6,322298,23,2,5.1
Kansas,KS,KS-02,,False,2020s,True,2024,1,43.6,49.25,-5.81,R+5.8,343731,24,3,23.7
Kansas,KS,KS-03,,False,2000s,False,2004+2008+2012,3,46.79,51.5,-5.54,R+5.5,342642,2,1,4.8
Kansas,KS,KS-03,,False,2010s,False,2016+2020,2,53.23,51.71,-2.52,R+2.5,376411,2,1,1.0
Kansas,KS,KS-03,,False,2020s,True,2024,1,52.46,49.25,2.5,D+2.5,399306,4,1,5.1
Kansas,KS,KS-04,,False,2000s,False,2004+2008+2012,3,37.56,51.5,-16.02,R+16.0,274647,10,1,0.7
Kansas,KS,KS-04,,False,2010s,False,2016+2020,2,37.14,51.71,-11.97,R+12.0,301119,16,1,0.2
Kansas,KS,KS-04,,False,2020s,True,2024,1,38.14,49.25,-9.82,R+9.8,311626,16,1,0.5
Kentucky,KY,KY-01,,False,2000s,False,2004+2008+2012,3,35.16,51.5,-12.04,R+12.0,282147,32,2,2.1
Kentucky,KY,KY-01,,False,2010s,False,2016+2020,2,25.35,51.71,-17.9,R+17.9,322466,34,1,0.1
Kentucky,KY,KY-01,,False,2020s,True,2024,1,26.05,49.25,-19.51,R+19.5,346955,33,2,5.2
Kentucky,KY,KY-02,,False,2000s,False,2004+2008+2012,3,37.4,51.5,-10.0,R+10.0,316748,19,2,7.6
Kentucky,KY,KY-02,,False,2010s,False,2016+2020,2,30.08,51.71,-15.11,R+15.1,349052,18,3,5.8
Kentucky,KY,KY-02,,False,2020s,True,2024,1,33.32,49.25,-15.47,R+15.5,398469,17,3,20.0
Kentucky,KY,KY-03,,False,2000s,False,2004+2008+2012,3,54.18,51.5,1.2,D+1.2,327056,0,1,100.0
Kentucky,KY,KY-03,,False,2010s,False,2016+2020,2,58.64,51.71,2.8,D+2.8,311948,0,1,100.0
Kentucky,KY,KY-03,,False,2020s,True,2024,1,58.42,49.25,5.84,D+5.8,288779,0,1,100.0
Kentucky,KY,KY-04,,False,2000s,False,2004+2008+2012,3,37.04,51.5,-9.8,R+9.8,315814,22,2,3.8
Kentucky,KY,KY-04,,False,2010s,False,2016+2020,2,36.25,51.71,-12.62,R+12.6,393613,16,5,19.5
Kentucky,KY,KY-04,,False,2020s,True,2024,1,31.97,49.25,-14.22,R+14.2,374848,19,2,3.8
Kentucky,KY,KY-05,,False,2000s,False,2004+2008+2012,3,31.23,51.5,-13.5,R+13.5,249821,28,1,0.5
Kentucky,KY,KY-05,,False,2010s,False,2016+2020,2,19.0,51.71,-21.19,R+21.2,300599,29,1,5.0
Kentucky,KY,KY-05,,False,2020s,True,2024,1,17.6,49.25,-23.8,R+23.8,314828,31,2,3.6
Kentucky,KY,KY-06,,False,2000s,False,2004+2008+2012,3,42.32,51.5,-3.67,R+3.7,315639,14,2,5.9
Kentucky,KY,KY-06,,False,2010s,False,2016+2020,2,43.64,51.71,-7.77,R+7.8,353400,16,3,5.5
Kentucky,KY,KY-06,,False,2020s,True,2024,1,42.48,49.25,-8.38,R+8.4,352926,14,2,2.6
Louisiana,LA,LA-01,,False,2000s,False,2004+2008+2012,3,31.65,51.5,-18.69,R+18.7,209349,3,3,19.6
Louisiana,LA,LA-01,,False,2010s,False,2016+2020,2,33.9,51.71,-19.19,R+19.2,383054,3,5,58.8
Louisiana,LA,LA-01,,False,2020s,True,2024,1,44.22,49.25,-11.47,R+11.5,519405,2,8,71.4
Louisiana,LA,LA-02,,False,2000s,False,2004+2008+2012,3,69.57,51.5,15.36,D+15.4,212122,0,2,100.0
Louisiana,LA,LA-02,,False,2010s,False,2016+2020,2,65.0,51.71,11.72,D+11.7,315002,1,9,96.1
Louisiana,LA,LA-02,,False,2020s,True,2024,1,50.84,49.25,8.42,D+8.4,197178,4,6,71.4
Louisiana,LA,LA-03,,False,2000s,False,2004+2008+2012,3,37.99,51.5,-10.65,R+10.7,393803,10,3,41.3
Louisiana,LA,LA-03,,False,2010s,False,2016+2020,2,30.56,51.71,-21.95,R+21.9,348998,9,1,0.3
Louisiana,LA,LA-03,,False,2020s,True,2024,1,27.45,49.25,-22.38,R+22.4,303278,8,3,38.2
Louisiana,LA,LA-04,,False,2000s,False,2004+2008+2012,3,40.16,51.5,-8.8,R+8.8,273087,12,1,1.6
Louisiana,LA,LA-04,,False,2010s,False,2016+2020,2,37.63,51.71,-14.49,R+14.5,319652,14,1,5.2
Louisiana,LA,LA-04,,False,2020s,True,2024,1,32.84,49.25,-16.41,R+16.4,412135,15,5,51.5
Louisiana,LA,LA-05,,False,2000s,False,2004+2008+2012,3,37.49,51.5,-12.64,R+12.6,289316,18,4,11.5
Louisiana,LA,LA-05,,False,2010s,False,2016+2020,2,34.48,51.71,-16.33,R+16.3,348829,20,4,19.5
Louisiana,LA,LA-05,,False,2020s,True,2024,1,36.25,49.25,-16.3,R+16.3,311912,15,6,66.6
Louisiana,LA,LA-06,,False,2000s,False,2004+2008+2012,3,43.38,51.5,-7.48,R+7.5,298969,6,3,8.0
Louisiana,LA,LA-06,,False,2010s,False,2016+2020,2,42.29,51.71,-13.75,R+13.8,373010,2,11,80.6
Louisiana,LA,LA-06,,False,2020s,True,2024,1,44.81,49.25,1.51,D+1.5,263066,4,6,70.5
Louisiana,LA,LA-07,,False,2000s,False,2004+2008+2012,3,36.07,51.5,-12.63,R+12.6,289331,7,1,1.6
Massachusetts,MA,MA-01,,False,2000s,False,2004+2008+2012,3,64.9,51.5,13.6,D+13.6,485345,2,4,79.4
Massachusetts,MA,MA-01,,False,2010s,False,2016+2020,2,63.56,51.71,12.7,D+12.7,396429,2,3,29.3
Massachusetts,MA,MA-01,,False,2020s,True,2024,1,59.46,49.25,10.28,D+10.3,412913,2,3,32.8
Massachusetts,MA,MA-02,,False,2000s,False,2004+2008+2012,3,59.67,51.5,9.36,D+9.4,246381,0,4,100.0
Massachusetts,MA,MA-02,,False,2010s,False,2016+2020,2,60.0,51.71,9.94,D+9.9,343073,0,3,100.0
Massachusetts,MA,MA-02,,False,2020s,True,2024,1,60.5,49.25,10.97,D+11.0,388927,0,5,100.0
Massachusetts,MA,MA-03,,False,2000s,False,2004+2008+2012,3,60.69,51.5,11.62,D+11.6,262873,0,4,100.0
Massachusetts,MA,MA-03,,False,2010s,False,2016+2020,2,68.73,51.71,17.75,D+17.8,550812,0,3,100.0
Massachusetts,MA,MA-03,,False,2020s,True,2024,1,67.1,49.25,15.37,D+15.4,534725,0,3,100.0
Massachusetts,MA,MA-04,,False,2000s,False,2004+2008+2012,3,59.7,51.5,10.8,D+10.8,363508,0,4,100.0
Massachusetts,MA,MA-04,,False,2010s,False,2016+2020,2,62.54,51.71,13.48,D+13.5,445458,0,4,100.0
Massachusetts,MA,MA-04,,False,2020s,True,2024,1,58.7,49.25,9.77,D+9.8,440059,0,5,100.0
Massachusetts,MA,MA-05,,False,2000s,False,2004+2008+2012,3,63.47,51.5,13.44,D+13.4,424800,0,3,100.0
Massachusetts,MA,MA-05,,False,2010s,False,2016+2020,2,73.16,51.71,21.05,D+21.1,296792,0,3,100.0
Massachusetts,MA,MA-05,,False,2020s,True,2024,1,71.33,49.25,18.19,D+18.2,246081,0,2,100.0
Massachusetts,MA,MA-06,,False,2000s,False,2004+2008+2012,3,60.22,51.5,10.81,D+10.8,347950,0,2,100.0
Massachusetts,MA,MA-06,,False,2010s,False,2016+2020,2,65.6,51.71,14.2,D+14.2,452994,0,2,100.0
Massachusetts,MA,MA-06,,False,2020s,True,2024,1,62.55,49.25,12.34,D+12.3,451894,0,2,100.0
Massachusetts,MA,MA-07,,False,2000s,False,2004+2008+2012,3,67.39,51.5,16.56,D+16.6,179919,0,2,100.0
Massachusetts,MA,MA-07,,False,2010s,False,2016+2020,2,80.9,51.71,27.27,D+27.3,220978,0,3,100.0
Massachusetts,MA,MA-07,,False,2020s,True,2024,1,75.58,49.25,21.02,D+21.0,200247,0,3,100.0
Massachusetts,MA,MA-08,,False,2000s,False,2004+2008+2012,3,77.18,51.5,22.33,D+22.3,145133,0,2,100.0
Massachusetts,MA,MA-08,,False,2010s,False,2016+2020,2,69.3,51.71,18.75,D+18.8,306484,0,3,100.0
Massachusetts,MA,MA-08,,False,2020s,True,2024,1,66.12,49.25,16.47,D+16.5,293490,0,4,100.0
Massachusetts,MA,MA-09,,False,2000s,False,2004+2008+2012,3,64.97,51.5,13.41,D+13.4,283488,0,4,100.0
Massachusetts,MA,MA-09,,False,2010s,False,2016+2020,2,58.12,51.71,9.77,D+9.8,465204,3,2,65.2
Massachusetts,MA,MA-09,,False,2020s,True,2024,1,56.58,49.25,8.18,D+8.2,505333,3,3,66.7
Massachusetts,MA,MA-10,,False,2000s,False,2004+2008+2012,3,55.92,51.5,7.71,D+7.7,314345,3,2,53.4
Maryland,MD,MD-01,,False,2000s,False,2004+2008+2012,3,44.87,51.5,-5.49,R+5.5,350494,9,3,43.9
Maryland,MD,MD-01,,False,2010s,False,2016+2020,2,43.36,51.71,-7.49,R+7.5,459116,9,3,51.7
Maryland,MD,MD-01,,False,2020s,True,2024,1,45.54,49.25,-2.78,R+2.8,489901,10,1,19.9
Maryland,MD,MD-02,,False,2000s,False,2004+2008+2012,3,60.26,51.5,12.29,D+12.3,223764,0,4,100.0
Maryland,MD,MD-02,,False,2010s,False,2016+2020,2,64.27,51.71,14.3,D+14.3,238378,0,5,100.0
Maryland,MD,MD-02,,False,2020s,True,2024,1,57.5,49.25,8.43,D+8.4,384359,0,3,100.0
Maryland,MD,MD-03,,False,2000s,False,2004+2008+2012,3,63.68,51.5,13.54,D+13.5,243772,0,4,100.0
Maryland,MD,MD-03,,False,2010s,False,2016+2020,2,72.64,51.71,19.47,D+19.5,292494,0,5,100.0
Maryland,MD,MD-03,,False,2020s,True,2024,1,64.0,49.25,12.05,D+12.1,354156,1,2,48.5
Maryland,MD,MD-04,,False,2000s,False,2004+2008+2012,3,77.87,51.5,25.29,D+25.3,257250,0,2,100.0
Maryland,MD,MD-04,,False,2010s,False,2016+2020,2,76.74,51.71,25.02,D+25.0,230902,0,2,100.0
Maryland,MD,MD-04,,False,2020s,True,2024,1,87.62,49.25,30.79,D+30.8,184552,0,2,100.0
Maryland,MD,MD-05,,False,2000s,False,2004+2008+2012,3,69.08,51.5,17.79,D+17.8,486198,3,2,68.8
Maryland,MD,MD-05,,False,2010s,False,2016+2020,2,72.52,51.71,19.8,D+19.8,548875,3,2,66.3
Maryland,MD,MD-05,,False,2020s,True,2024,1,69.01,49.25,16.28,D+16.3,589506,3,2,65.2
Maryland,MD,MD-06,,False,2000s,False,2004+2008+2012,3,45.34,51.5,-3.53,R+3.5,506628,5,3,41.6
Maryland,MD,MD-06,,False,2010s,False,2016+2020,2,64.88,51.71,12.47,D+12.5,418211,3,2,73.9
Maryland,MD,MD-06,,False,2020s,True,2024,1,59.43,49.25,7.81,D+7.8,495108,4,1,44.0
Maryland,MD,MD-07,,False,2000s,False,2004+2008+2012,3,69.54,51.5,19.64,D+19.6,248088,0,3,100.0
Maryland,MD,MD-07,,False,2010s,False,2016+2020,2,71.72,51.71,20.83,D+20.8,414962,0,3,100.0
Maryland,MD,MD-07,,False,2020s,True,2024,1,83.57,49.25,27.18,D+27.2,254320,0,2,100.0
Maryland,MD,MD-08,,False,2000s,False,2004+2008+2012,3,70.59,51.5,18.78,D+18.8,258941,0,1,100.0
Maryland,MD,MD-08,,False,2010s,False,2016+2020,2,64.26,51.71,14.22,D+14.2,306302,0,3,100.0
Maryland,MD,MD-08,,False,2020s,True,2024,1,77.44,49.25,23.26,D+23.3,286431,0,1,100.0
Maine,ME,ME-01,,False,2000s,False,2004+2008+2012,3,59.55,51.5,3.53,D+3.5,386051,5,1,12.6
Maine,ME,ME-01,,False,2010s,False,2016+2020,2,59.69,51.71,5.97,D+6.0,404603,5,1,7.6
Maine,ME,ME-01,,False,2020s,True,2024,1,60.96,49.25,3.27,D+3.3,431311,5,1,7.4
Maine,ME,ME-02,,False,2000s,False,2004+2008+2012,3,54.25,51.5,1.14,D+1.1,341296,10,1,5.1
Maine,ME,ME-02,,False,2010s,False,2016+2020,2,45.62,51.71,-2.82,R+2.8,374238,10,1,10.5
Maine,ME,ME-02,,False,2020s,True,2024,1,44.9,49.25,-5.43,R+5.4,393109,10,1,10.4
Michigan,MI,MI-01,,False,2000s,False,2004+2008+2012,3,48.41,51.5,2.38,D+2.4,350583,30,1,11.2
Michigan,MI,MI-01,,False,2010s,False,2016+2020,2,40.0,51.71,-5.06,R+5.1,398770,31,1,2.1
Michigan,MI,MI-01,,False,2020s,True,2024,1,39.26,49.25,-5.31,R+5.3,487613,35,1,0.9
Michigan,MI,MI-02,,False,2000s,False,2004+2008+2012,3,44.21,51.5,-5.61,R+5.6,369142,9,2,17.3
Michigan,MI,MI-02,,False,2010s,False,2016+2020,2,40.99,51.71,-5.44,R+5.4,324420,5,2,12.0
Michigan,MI,MI-02,,False,2020s,True,2024,1,42.11,49.25,-5.44,R+5.4,634133,14,6,51.0
Michigan,MI,MI-03,,False,2000s,False,2004+2008+2012,3,45.01,51.5,-4.36,R+4.4,308045,2,1,82.1
Michigan,MI,MI-03,,False,2010s,False,2016+2020,2,47.15,51.71,-1.34,R+1.3,432258,3,2,71.1
Michigan,MI,MI-03,,False,2020s,True,2024,1,48.38,49.25,1.54,D+1.5,284509,0,3,100.0
Michigan,MI,MI-04,,False,2000s,False,2004+2008+2012,3,48.86,51.5,-3.1,R+3.1,345887,12,2,29.2
Michigan,MI,MI-04,,False,2010s,False,2016+2020,2,40.03,51.71,-6.4,R+6.4,387012,13,2,27.7
Michigan,MI,MI-04,,False,2020s,True,2024,1,46.01,49.25,-1.61,R+1.6,336975,2,4,66.4
Michigan,MI,MI-05,,False,2000s,False,2004+2008+2012,3,60.94,51.5,9.45,D+9.4,278363,2,2,13.8
Michigan,MI,MI-05,,False,2010s,False,2016+2020,2,50.52,51.71,4.33,D+4.3,317422,4,2,9.0
Michigan,MI,MI-05,,False,2020s,True,2024,1,39.34,49.25,-6.44,R+6.4,488789,7,3,31.8
Michigan,MI,MI-06,,False,2000s,False,2004+2008+2012,3,50.17,51.5,-1.93,R+1.9,321388,5,2,12.6
Michigan,MI,MI-06,,False,2010s,False,2016+2020,2,46.61,51.71,-2.12,R+2.1,360580,6,0,0.0
Michigan,MI,MI-06,,False,2020s,True,2024,1,67.53,49.25,10.97,D+11.0,590817,1,2,62.5
Michigan,MI,MI-07,,False,2000s,False,2004+2008+2012,3,54.39,51.5,1.17,D+1.2,395860,5,2,46.7
Michigan,MI,MI-07,,False,2010s,False,2016+2020,2,50.76,51.71,0.19,D+0.2,465328,6,1,34.1
Michigan,MI,MI-07,,False,2020s,True,2024,1,50.28,49.25,0.9,D+0.9,480872,4,2,22.8
Michigan,MI,MI-08,,False,2000s,False,2004+2008+2012,3,52.86,51.5,-0.58,R+0.6,512612,3,2,47.5
Michigan,MI,MI-08,,False,2010s,False,2016+2020,2,54.09,51.71,2.59,D+2.6,569620,2,1,55.4
Michigan,MI,MI-08,,False,2020s,True,2024,1,49.03,49.25,1.48,D+1.5,421600,3,1,7.9
Michigan,MI,MI-09,,False,2000s,False,2004+2008+2012,3,53.88,51.5,2.69,D+2.7,232338,0,1,100.0
Michigan,MI,MI-09,,False,2010s,False,2016+2020,2,48.26,51.71,3.25,D+3.2,165056,0,2,100.0
Michigan,MI,MI-09,,False,2020s,True,2024,1,44.6,49.25,-4.86,R+4.9,876953,5,2,74.3
Michigan,MI,MI-10,,False,2000s,False,2004+2008+2012,3,49.89,51.5,-3.68,R+3.7,475226,4,1,67.4
Michigan,MI,MI-10,,False,2010s,False,2016+2020,2,40.14,51.71,-6.38,R+6.4,536418,4,2,67.9
Michigan,MI,MI-10,,False,2020s,True,2024,1,44.66,49.25,-1.6,R+1.6,233221,0,2,100.0
Michigan,MI,MI-11,,False,2000s,False,2004+2008+2012,3,65.76,51.5,6.25,D+6.2,425284,0,2,100.0
Michigan,MI,MI-11,,False,2010s,False,2016+2020,2,60.56,51.71,5.72,D+5.7,408522,0,2,100.0
Michigan,MI,MI-11,,False,2020s,True,2024,1,55.4,49.25,5.23,D+5.2,285694,0,1,100.0
Michigan,MI,MI-12,,False,2000s,False,2004+2008+2012,3,52.44,51.5,6.34,D+6.3,129007,0,2,100.0
Michigan,MI,MI-12,,False,2010s,False,2016+2020,2,69.76,51.71,14.8,D+14.8,379795,0,2,100.0
Michigan,MI,MI-12,,False,2020s,True,2024,1,63.78,49.25,11.33,D+11.3,242266,0,2,100.0
Michigan,MI,MI-13,,False,2000s,False,2004+2008+2012,3,72.86,51.5,17.32,D+17.3,150185,0,1,100.0
Michigan,MI,MI-13,,False,2010s,False,2016+2020,2,69.35,51.71,17.66,D+17.7,249258,0,1,100.0
Michigan,MI,MI-13,,False,2020s,True,2024,1,65.02,49.25,11.92,D+11.9,300744,0,1,100.0
Michigan,MI,MI-14,,False,2000s,False,2004+2008+2012,3,72.86,51.5,16.87,D+16.9,169923,0,1,100.0
Michigan,MI,MI-14,,False,2010s,False,2016+2020,2,62.9,51.71,14.48,D+14.5,191403,0,2,100.0
Michigan,MI,MI-15,,False,2000s,False,2004+2008+2012,3,68.03,51.5,12.6,D+12.6,401191,1,2,81.6
Minnesota,MN,MN-01,,False,2000s,False,2004+2008+2012,3,50.36,51.5,-2.29,R+2.3,338244,22,0,0.0
Minnesota,MN,MN-01,,False,2010s,False,2016+2020,2,44.07,51.71,-2.74,R+2.7,362740,19,2,6.8
Minnesota,MN,MN-01,,False,2020s,True,2024,1,44.29,49.25,0.44,D+0.4,387902,19,2,6.4
Minnesota,MN,MN-02,,False,2000s,False,2004+2008+2012,3,48.32,51.5,-3.6,R+3.6,428090,5,2,56.6
Minnesota,MN,MN-02,,False,2010s,False,2016+2020,2,50.92,51.71,1.2,D+1.2,406870,4,2,9.5
Minnesota,MN,MN-02,,False,2020s,True,2024,1,52.72,49.25,4.65,D+4.7,424232,3,2,13.4
Minnesota,MN,MN-03,,False,2000s,False,2004+2008+2012,3,62.58,51.5,2.96,D+3.0,549031,0,2,100.0
Minnesota,MN,MN-03,,False,2010s,False,2016+2020,2,69.63,51.71,12.16,D+12.2,592956,0,3,100.0
Minnesota,MN,MN-03,,False,2020s,True,2024,1,71.19,49.25,13.89,D+13.9,592325,0,2,100.0
Minnesota,MN,MN-04,,False,2000s,False,2004+2008+2012,3,65.45,51.5,7.73,D+7.7,294243,1,2,6.3
Minnesota,MN,MN-04,,False,2010s,False,2016+2020,2,68.43,51.71,11.51,D+11.5,356562,1,1,20.7
Minnesota,MN,MN-04,,False,2020s,True,2024,1,68.77,49.25,12.68,D+12.7,343975,1,1,19.2
Minnesota,MN,MN-05,,False,2000s,False,2004+2008+2012,3,62.07,51.5,5.44,D+5.4,130334,0,2,100.0
Minnesota,MN,MN-05,,False,2010s,False,2016+2020,2,69.54,51.71,12.1,D+12.1,155946,0,2,100.0
Minnesota,MN,MN-05,,False,2020s,True,2024,1,70.61,49.25,13.6,D+13.6,151047,0,2,100.0
Minnesota,MN,MN-06,,False,2000s,False,2004+2008+2012,3,45.9,51.5,-5.1,R+5.1,446638,3,3,71.9
Minnesota,MN,MN-06,,False,2010s,False,2016+2020,2,42.12,51.71,-3.92,R+3.9,469566,3,4,68.5
Minnesota,MN,MN-06,,False,2020s,True,2024,1,41.79,49.25,-0.81,R+0.8,443640,4,2,45.9
Minnesota,MN,MN-07,,False,2000s,False,2004+2008+2012,3,45.93,51.5,-5.23,R+5.2,344184,33,2,13.2
Minnesota,MN,MN-07,,False,2010s,False,2016+2020,2,34.9,51.71,-8.04,R+8.0,387876,35,3,17.5
Minnesota,MN,MN-07,,False,2020s,True,2024,1,32.91,49.25,-5.25,R+5.2,433687,34,4,21.5
Minnesota,MN,MN-08,,False,2000s,False,2004+2008+2012,3,53.66,51.5,0.25,D+0.2,361010,17,1,0.9
Minnesota,MN,MN-08,,False,2010s,False,2016+2020,2,42.24,51.71,-3.73,R+3.7,378686,17,1,1.5
Minnesota,MN,MN-08,,False,2020s,True,2024,1,44.11,49.25,0.35,D+0.3,477112,18,3,17.5
Missouri,MO,MO-01,,False,2000s,False,2004+2008+2012,3,65.1,51.5,10.86,D+10.9,282028,0,2,100.0
Missouri,MO,MO-01,,False,2010s,False,2016+2020,2,70.52,51.71,14.2,D+14.2,304600,1,1,56.5
Missouri,MO,MO-01,,False,2020s,True,2024,1,70.02,49.25,12.17,D+12.2,302076,1,1,61.5
Missouri,MO,MO-02,,False,2000s,False,2004+2008+2012,3,52.07,51.5,-2.88,R+2.9,415152,1,2,95.1
Missouri,MO,MO-02,,False,2010s,False,2016+2020,2,58.1,51.71,0.43,D+0.4,397347,0,3,100.0
Missouri,MO,MO-02,,False,2020s,True,2024,1,52.84,49.25,-2.05,R+2.0,474244,1,3,88.3
Missouri,MO,MO-03,,False,2000s,False,2004+2008+2012,3,60.05,51.5,4.36,D+4.4,240581,2,2,56.4
Missouri,MO,MO-03,,False,2010s,False,2016+2020,2,31.66,51.71,-14.69,R+14.7,413757,10,3,53.6
Missouri,MO,MO-03,,False,2020s,True,2024,1,34.55,49.25,-10.82,R+10.8,382768,11,5,63.9
Missouri,MO,MO-04,,False,2000s,False,2004+2008+2012,3,36.8,51.5,-4.87,R+4.9,324464,21,4,25.7
Missouri,MO,MO-04,,False,2010s,False,2016+2020,2,31.64,51.71,-14.56,R+14.6,363554,21,3,10.6
Missouri,MO,MO-04,,False,2020s,True,2024,1,34.51,49.25,-12.72,R+12.7,433984,20,4,38.6
Missouri,MO,MO-05,,False,2000s,False,2004+2008+2012,3,59.76,51.5,5.92,D+5.9,226883,0,2,100.0
Missouri,MO,MO-05,,False,2010s,False,2016+2020,2,55.2,51.71,2.93,D+2.9,274685,3,2,86.7
Missouri,MO,MO-05,,False,2020s,True,2024,1,58.26,49.25,3.82,D+3.8,206788,0,2,100.0
Missouri,MO,MO-06,,False,2000s,False,2004+2008+2012,3,47.17,51.5,-5.05,R+5.0,374855,25,1,23.4
Missouri,MO,MO-06,,False,2010s,False,2016+2020,2,40.17,51.71,-10.54,R+10.5,446326,33,3,46.2
Missouri,MO,MO-06,,False,2020s,True,2024,1,36.24,49.25,-11.93,R+11.9,475930,37,2,33.9
Missouri,MO,MO-07,,False,2000s,False,2004+2008+2012,3,33.38,51.5,-12.26,R+12.3,304870,8,2,5.0
Missouri,MO,MO-07,,False,2010s,False,2016+2020,2,27.33,51.71,-16.84,R+16.8,359856,10,1,0.9
Missouri,MO,MO-07,,False,2020s,True,2024,1,28.46,49.25,-15.19,R+15.2,375929,9,1,2.2
Missouri,MO,MO-08,,False,2000s,False,2004+2008+2012,3,34.52,51.5,-12.58,R+12.6,281854,27,1,4.9
Missouri,MO,MO-08,,False,2010s,False,2016+2020,2,23.1,51.71,-20.11,R+20.1,366989,29,1,19.1
Missouri,MO,MO-08,,False,2020s,True,2024,1,21.84,49.25,-18.76,R+18.8,343608,27,1,17.2
Missouri,MO,MO-09,,False,2000s,False,2004+2008+2012,3,41.72,51.5,-5.72,R+5.7,357397,23,2,19.8
Mississippi,MS,MS-01,,False,2000s,False,2004+2008+2012,3,37.88,51.5,-12.02,R+12.0,331201,22,2,1.8
Mississippi,MS,MS-01,,False,2010s,False,2016+2020,2,33.98,51.71,-16.43,R+16.4,330982,21,1,1.7
Mississippi,MS,MS-01,,False,2020s,True,2024,1,31.52,49.25,-16.61,R+16.6,327154,20,1,1.4
Mississippi,MS,MS-02,,False,2000s,False,2004+2008+2012,3,61.0,51.5,6.56,D+6.6,310407,20,3,43.8
Mississippi,MS,MS-02,,False,2010s,False,2016+2020,2,61.1,51.71,10.57,D+10.6,332230,24,2,40.2
Mississippi,MS,MS-02,,False,2020s,True,2024,1,57.45,49.25,4.31,D+4.3,325224,29,1,12.0
Mississippi,MS,MS-03,,False,2000s,False,2004+2008+2012,3,39.11,51.5,-13.03,R+13.0,311639,20,8,14.3
Mississippi,MS,MS-03,,False,2010s,False,2016+2020,2,38.75,51.71,-12.71,R+12.7,295966,20,4,13.0
Mississippi,MS,MS-03,,False,2020s,True,2024,1,34.92,49.25,-13.66,R+13.7,280567,19,3,11.7
Mississippi,MS,MS-04,,False,2000s,False,2004+2008+2012,3,31.73,51.5,-11.4,R+11.4,289284,12,3,13.6
Mississippi,MS,MS-04,,False,2010s,False,2016+2020,2,29.76,51.71,-18.33,R+18.3,302380,13,1,0.7
Mississippi,MS,MS-04,,False,2020s,True,2024,1,28.44,49.25,-19.18,R+19.2,295063,11,1,8.5
Montana,MT,MT-01,,False,2020s,True,2024,1,44.0,49.25,-4.47,R+4.5,322584,15,1,0.4
Montana,MT,MT-02,,False,2020s,True,2024,1,34.77,49.25,-10.56,R+10.6,280406,40,1,0.5
Montana,MT,MT-AL,,True,2000s,False,2004+2008+2012,3,43.75,51.5,-4.47,R+4.5,475911,0,0,0.0
Montana,MT,MT-AL,,True,2010s,False,2016+2020,2,40.25,51.71,-7.18,R+7.2,552748,0,0,0.0
North Carolina,NC,NC-01,,False,2000s,False,2004+2008+2012,3,54.77,51.5,5.24,D+5.2,264228,13,10,44.7
North Carolina,NC,NC-01,,False,2010s,False,2016+2020,2,59.26,51.71,5.92,D+5.9,286372,5,18,77.7
North Carolina,NC,NC-01,,False,2020s,True,2024,1,48.18,49.25,0.86,D+0.9,377384,21,1,0.5
North Carolina,NC,NC-02,,False,2000s,False,2004+2008+2012,3,45.15,51.5,-2.05,R+2.0,291559,4,6,47.4
North Carolina,NC,NC-02,,False,2010s,False,2016+2020,2,47.18,51.71,-0.59,R+0.6,388255,2,7,79.3
North Carolina,NC,NC-02,,False,2020s,True,2024,1,62.99,49.25,12.47,D+12.5,315364,0,1,100.0
North Carolina,NC,NC-03,,False,2000s,False,2004+2008+2012,3,41.43,51.5,-8.62,R+8.6,282849,8,9,57.6
North Carolina,NC,NC-03,,False,2010s,False,2016+2020,2,39.93,51.71,-7.32,R+7.3,379496,10,12,51.1
North Carolina,NC,NC-03,,False,2020s,True,2024,1,38.66,49.25,-5.87,R+5.9,384249,10,1,6.0
North Carolina,NC,NC-04,,False,2000s,False,2004+2008+2012,3,63.07,51.5,7.93,D+7.9,415769,2,2,52.1
North Carolina,NC,NC-04,,False,2010s,False,2016+2020,2,64.43,51.71,9.09,D+9.1,262614,0,7,100.0
North Carolina,NC,NC-04,,False,2020s,True,2024,1,73.56,49.25,19.16,D+19.2,413277,2,2,35.0
North Carolina,NC,NC-05,,False,2000s,False,2004+2008+2012,3,39.94,51.5,-7.53,R+7.5,350594,9,3,51.6
North Carolina,NC,NC-05,,False,2010s,False,2016+2020,2,40.84,51.71,-6.56,R+6.6,410278,7,5,64.5
North Carolina,NC,NC-05,,False,2020s,True,2024,1,35.73,49.25,-7.95,R+8.0,356659,9,1,24.1
North Carolina,NC,NC-06,,False,2000s,False,2004+2008+2012,3,43.59,51.5,-7.74,R+7.7,397335,2,4,75.1
North Carolina,NC,NC-06,,False,2010s,False,2016+2020,2,54.56,51.71,1.9,D+1.9,526190,5,5,74.2
North Carolina,NC,NC-06,,False,2020s,True,2024,1,40.09,49.25,-4.92,R+4.9,339305,3,3,42.3
North Carolina,NC,NC-07,,False,2000s,False,2004+2008+2012,3,48.74,51.5,0.89,D+0.9,351870,6,3,31.3
North Carolina,NC,NC-07,,False,2010s,False,2016+2020,2,42.68,51.71,-5.28,R+5.3,436478,6,6,39.2
North Carolina,NC,NC-07,,False,2020s,True,2024,1,45.19,49.25,-3.0,R+3.0,467976,5,3,29.4
North Carolina,NC,NC-08,,False,2000s,False,2004+2008+2012,3,44.69,51.5,-4.0,R+4.0,235249,6,4,61.0
North Carolina,NC,NC-08,,False,2010s,False,2016+2020,2,36.89,51.71,-6.68,R+6.7,394551,5,6,78.1
North Carolina,NC,NC-08,,False,2020s,True,2024,1,43.8,49.25,-3.95,R+4.0,432115,6,3,45.7
North Carolina,NC,NC-09,,False,2000s,False,2004+2008+2012,3,51.2,51.5,-3.32,R+3.3,360158,0,3,100.0
North Carolina,NC,NC-09,,False,2010s,False,2016+2020,2,59.86,51.71,2.34,D+2.3,436584,0,3,100.0
North Carolina,NC,NC-09,,False,2020s,True,2024,1,47.25,49.25,-2.28,R+2.3,470402,4,3,46.8
North Carolina,NC,NC-10,,False,2000s,False,2004+2008+2012,3,34.9,51.5,-9.99,R+10.0,287436,7,3,22.3
North Carolina,NC,NC-10,,False,2010s,False,2016+2020,2,36.06,51.71,-9.01,R+9.0,379470,5,2,36.2
North Carolina,NC,NC-10,,False,2020s,True,2024,1,38.83,49.25,-6.55,R+6.5,406625,4,1,32.6
North Carolina,NC,NC-11,,False,2000s,False,2004+2008+2012,3,45.05,51.5,-3.6,R+3.6,324179,14,1,1.9
North Carolina,NC,NC-11,,False,2010s,False,2016+2020,2,37.7,51.71,-7.19,R+7.2,420098,16,1,21.2
North Carolina,NC,NC-11,,False,2020s,True,2024,1,45.22,49.25,-2.53,R+2.5,443484,15,1,1.4
North Carolina,NC,NC-12,,False,2000s,False,2004+2008+2012,3,51.1,51.5,4.18,D+4.2,241038,0,6,100.0
North Carolina,NC,NC-12,,False,2010s,False,2016+2020,2,60.15,51.71,6.1,D+6.1,270540,0,6,100.0
North Carolina,NC,NC-12,,False,2020s,True,2024,1,66.72,49.25,15.92,D+15.9,290198,0,1,100.0
North Carolina,NC,NC-13,,False,2000s,False,2004+2008+2012,3,51.34,51.5,0.31,D+0.3,303458,2,5,91.1
North Carolina,NC,NC-13,,False,2010s,False,2016+2020,2,59.22,51.71,1.03,D+1.0,542260,0,9,100.0
North Carolina,NC,NC-13,,False,2020s,True,2024,1,48.91,49.25,-1.15,R+1.1,535089,6,2,44.8
North Carolina,NC,NC-14,,False,2020s,True,2024,1,48.18,49.25,-1.38,R+1.4,467015,4,2,46.2
North Dakota,ND,ND-AL,,True,2000s,False,2004+2008+2012,3,40.51,51.5,-8.75,R+8.8,317355,0,0,0.0
North Dakota,ND,ND-AL,,True,2010s,False,2016+2020,2,31.48,51.71,-21.71,R+21.7,353090,0,0,0.0
North Dakota,ND,ND-AL,,True,2020s,True,2024,1,31.3,49.25,-17.32,R+17.3,368155,0,0,0.0
Nebraska,NE,NE-01,,False,2000s,False,2004+2008+2012,3,40.74,51.5,-12.39,R+12.4,302517,22,2,16.2
Nebraska,NE,NE-01,,False,2010s,False,2016+2020,2,40.2,51.71,-13.81,R+13.8,292861,16,1,7.7
Nebraska,NE,NE-01,,False,2020s,True,2024,1,42.73,49.25,-8.52,R+8.5,288845,10,2,14.3
Nebraska,NE,NE-02,,False,2000s,False,2004+2008+2012,3,46.28,51.5,-7.19,R+7.2,240930,1,1,9.5
Nebraska,NE,NE-02,,False,2010s,False,2016+2020,2,51.06,51.71,-3.26,R+3.3,324776,1,1,20.7
Nebraska,NE,NE-02,,False,2020s,True,2024,1,52.11,49.25,-1.54,R+1.5,349648,2,1,17.4
Nebraska,NE,NE-03,,False,2000s,False,2004+2008+2012,3,26.97,51.5,-24.69,R+24.7,247835,68,1,1.2
Nebraska,NE,NE-03,,False,2010s,False,2016+2020,2,21.98,51.71,-29.12,R+29.1,282675,75,0,0.0
Nebraska,NE,NE-03,,False,2020s,True,2024,1,22.79,49.25,-23.57,R+23.6,313689,79,1,0.6
New Hampshire,NH,NH-01,,False,2000s,False,2004+2008+2012,3,50.83,51.5,-0.71,R+0.7,305010,2,4,70.3
New Hampshire,NH,NH-01,,False,2010s,False,2016+2020,2,50.29,51.71,0.65,D+0.7,329998,2,5,68.9
New Hampshire,NH,NH-01,,False,2020s,True,2024,1,50.21,49.25,2.04,D+2.0,341122,1,5,77.5
New Hampshire,NH,NH-02,,False,2000s,False,2004+2008+2012,3,54.32,51.5,1.4,D+1.4,394884,4,4,67.9
New Hampshire,NH,NH-02,,False,2010s,False,2016+2020,2,53.22,51.71,2.24,D+2.2,445252,3,5,81.5
New Hampshire,NH,NH-02,,False,2020s,True,2024,1,52.26,49.25,2.8,D+2.8,485067,4,5,70.3
New Jersey,NJ,NJ-01,,False,2000s,False,2004+2008+2012,3,63.19,51.5,13.24,D+13.2,235484,0,2,100.0
New Jersey,NJ,NJ-01,,False,2010s,False,2016+2020,2,62.44,51.71,11.3,D+11.3,285473,0,2,100.0
New Jersey,NJ,NJ-01,,False,2020s,True,2024,1,60.49,49.25,9.54,D+9.5,318241,1,1,22.4
New Jersey,NJ,NJ-02,,False,2000s,False,2004+2008+2012,3,55.51,51.5,-0.85,R+0.8,389904,4,3,36.5
New Jersey,NJ,NJ-02,,False,2010s,False,2016+2020,2,50.68,51.71,-1.42,R+1.4,492414,4,4,44.9
New Jersey,NJ,NJ-02,,False,2020s,True,2024,1,42.79,49.25,-3.72,R+3.7,487064,4,2,44.3
New Jersey,NJ,NJ-03,,False,2000s,False,2004+2008+2012,3,50.29,51.5,-2.11,R+2.1,318670,0,3,100.0
New Jersey,NJ,NJ-03,,False,2010s,False,2016+2020,2,48.14,51.71,-1.92,R+1.9,329060,0,2,100.0
New Jersey,NJ,NJ-03,,False,2020s,True,2024,1,55.28,49.25,5.76,D+5.8,441513,1,2,48.0
New Jersey,NJ,NJ-04,,False,2000s,False,2004+2008+2012,3,48.55,51.5,-6.15,R+6.2,356381,0,4,100.0
New Jersey,NJ,NJ-04,,False,2010s,False,2016+2020,2,45.68,51.71,-6.11,R+6.1,447324,0,3,100.0
New Jersey,NJ,NJ-04,,False,2020s,True,2024,1,37.12,49.25,-8.93,R+8.9,377777,0,2,100.0
New Jersey,NJ,NJ-05,,False,2000s,False,2004+2008+2012,3,52.38,51.5,-1.14,R+1.1,500965,1,3,90.7
New Jersey,NJ,NJ-05,,False,2010s,False,2016+2020,2,54.23,51.71,3.76,D+3.8,565464,0,4,100.0
New Jersey,NJ,NJ-05,,False,2020s,True,2024,1,49.34,49.25,3.13,D+3.1,526178,0,3,100.0
New Jersey,NJ,NJ-06,,False,2000s,False,2004+2008+2012,3,55.76,51.5,7.47,D+7.5,162891,0,3,100.0
New Jersey,NJ,NJ-06,,False,2010s,False,2016+2020,2,56.78,51.71,8.24,D+8.2,210025,0,2,100.0
New Jersey,NJ,NJ-06,,False,2020s,True,2024,1,51.46,49.25,4.78,D+4.8,207104,0,2,100.0
New Jersey,NJ,NJ-07,,False,2000s,False,2004+2008+2012,3,55.88,51.5,0.82,D+0.8,310539,0,4,100.0
New Jersey,NJ,NJ-07,,False,2010s,False,2016+2020,2,57.78,51.71,4.06,D+4.1,463373,1,5,83.3
New Jersey,NJ,NJ-07,,False,2020s,True,2024,1,52.03,49.25,2.34,D+2.3,509633,2,4,72.3
New Jersey,NJ,NJ-08,,False,2000s,False,2004+2008+2012,3,69.72,51.5,16.56,D+16.6,164131,0,2,100.0
New Jersey,NJ,NJ-08,,False,2010s,False,2016+2020,2,74.68,51.71,23.24,D+23.2,211344,0,3,100.0
New Jersey,NJ,NJ-08,,False,2020s,True,2024,1,64.74,49.25,12.65,D+12.7,206542,0,3,100.0
New Jersey,NJ,NJ-09,,False,2000s,False,2004+2008+2012,3,61.41,51.5,11.47,D+11.5,201255,0,2,100.0
New Jersey,NJ,NJ-09,,False,2010s,False,2016+2020,2,61.78,51.71,13.11,D+13.1,191329,0,3,100.0
New Jersey,NJ,NJ-09,,False,2020s,True,2024,1,53.62,49.25,4.46,D+4.5,207299,0,3,100.0
New Jersey,NJ,NJ-10,,False,2000s,False,2004+2008+2012,3,70.87,51.5,17.63,D+17.6,154689,0,3,100.0
New Jersey,NJ,NJ-10,,False,2010s,False,2016+2020,2,75.1,51.71,25.95,D+25.9,206266,0,3,100.0
New Jersey,NJ,NJ-10,,False,2020s,True,2024,1,68.52,49.25,18.02,D+18.0,201357,0,3,100.0
New Jersey,NJ,NJ-11,,False,2000s,False,2004+2008+2012,3,52.75,51.5,-2.84,R+2.8,364855,1,4,35.8
New Jersey,NJ,NJ-11,,False,2010s,False,2016+2020,2,62.26,51.71,6.38,D+6.4,432183,0,4,100.0
New Jersey,NJ,NJ-11,,False,2020s,True,2024,1,59.93,49.25,8.85,D+8.8,396708,0,3,100.0
New Jersey,NJ,NJ-12,,False,2000s,False,2004+2008+2012,3,57.63,51.5,7.71,D+7.7,392301,0,5,100.0
New Jersey,NJ,NJ-12,,False,2010s,False,2016+2020,2,64.33,51.71,13.64,D+13.6,393834,0,4,100.0
New Jersey,NJ,NJ-12,,False,2020s,True,2024,1,58.12,49.25,9.25,D+9.2,393309,0,4,100.0
New Jersey,NJ,NJ-13,,False,2000s,False,2004+2008+2012,3,71.37,51.5,18.19,D+18.2,161496,0,4,100.0
New Mexico,NM,NM-01,,False,2000s,False,2004+2008+2012,3,56.37,51.5,3.41,D+3.4,192264,1,4,96.7
New Mexico,NM,NM-01,,False,2010s,False,2016+2020,2,60.51,51.71,8.66,D+8.7,253132,1,4,97.3
New Mexico,NM,NM-01,,False,2020s,True,2024,1,55.28,49.25,6.22,D+6.2,195479,4,6,89.7
New Mexico,NM,NM-02,,False,2000s,False,2004+2008+2012,3,49.21,51.5,-1.35,R+1.4,324651,15,3,37.4
New Mexico,NM,NM-02,,False,2010s,False,2016+2020,2,47.02,51.71,-2.02,R+2.0,313064,15,4,29.9
New Mexico,NM,NM-02,,False,2020s,True,2024,1,51.44,49.25,3.83,D+3.8,386620,8,7,65.3
New Mexico,NM,NM-03,,False,2000s,False,2004+2008+2012,3,58.57,51.5,7.19,D+7.2,273158,12,3,51.0
New Mexico,NM,NM-03,,False,2010s,False,2016+2020,2,59.08,51.71,7.78,D+7.8,294946,11,4,55.9
New Mexico,NM,NM-03,,False,2020s,True,2024,1,53.65,49.25,5.56,D+5.6,341304,12,6,57.6
Nevada,NV,NV-01,,False,2000s,False,2004+2008+2012,3,56.53,51.5,8.0,D+8.0,13844,0,1,100.0
Nevada,NV,NV-01,,False,2010s,False,2016+2020,2,55.23,51.71,7.08,D+7.1,11308,0,1,100.0
Nevada,NV,NV-01,,False,2020s,True,2024,1,51.34,49.25,2.95,D+3.0,130064,0,1,100.0
Nevada,NV,NV-02,,False,2000s,False,2004+2008+2012,3,50.26,51.5,-3.94,R+3.9,553607,16,1,45.4
Nevada,NV,NV-02,,False,2010s,False,2016+2020,2,44.4,51.71,-4.9,R+4.9,350229,10,1,3.9
Nevada,NV,NV-02,,False,2020s,True,2024,1,43.32,49.25,-1.58,R+1.6,409183,11,1,5.2
Nevada,NV,NV-03,,False,2000s,False,2004+2008+2012,3,56.53,51.5,2.19,D+2.2,370001,0,1,100.0
Nevada,NV,NV-03,,False,2010s,False,2016+2020,2,55.23,51.71,3.2,D+3.2,311400,0,1,100.0
Nevada,NV,NV-03,,False,2020s,True,2024,1,51.34,49.25,2.45,D+2.5,259096,0,1,100.0
Nevada,NV,NV-04,,False,2010s,False,2016+2020,2,53.1,51.71,2.45,D+2.5,592444,5,2,94.7
Nevada,NV,NV-04,,False,2020s,True,2024,1,49.79,49.25,2.38,D+2.4,686497,4,2,95.3
New York,NY,NY-01,,False,2000s,False,2004+2008+2012,3,51.79,51.5,4.53,D+4.5,448583,0,1,100.0
New York,NY,NY-01,,False,2010s,False,2016+2020,2,48.21,51.71,0.99,D+1.0,519791,0,1,100.0
New York,NY,NY-01,,False,2020s,True,2024,1,45.01,49.25,1.17,D+1.2,526602,0,1,100.0
New York,NY,NY-02,,False,2000s,False,2004+2008+2012,3,52.09,51.5,5.76,D+5.8,183795,0,2,100.0
New York,NY,NY-02,,False,2010s,False,2016+2020,2,50.48,51.71,1.83,D+1.8,196703,0,2,100.0
New York,NY,NY-02,,False,2020s,True,2024,1,45.57,49.25,0.48,D+0.5,271784,0,2,100.0
New York,NY,NY-03,,False,2000s,False,2004+2008+2012,3,53.49,51.5,1.69,D+1.7,331163,0,2,100.0
New York,NY,NY-03,,False,2010s,False,2016+2020,2,55.94,51.71,7.66,D+7.7,473305,0,3,100.0
New York,NY,NY-03,,False,2020s,True,2024,1,50.34,49.25,4.7,D+4.7,457881,0,3,100.0
New York,NY,NY-04,,False,2000s,False,2004+2008+2012,3,53.64,51.5,7.63,D+7.6,191288,0,1,100.0
New York,NY,NY-04,,False,2010s,False,2016+2020,2,54.02,51.71,7.58,D+7.6,271146,0,1,100.0
New York,NY,NY-04,,False,2020s,True,2024,1,47.9,49.25,3.6,D+3.6,304050,0,1,100.0
New York,NY,NY-05,,False,2000s,False,2004+2008+2012,3,68.0,51.5,18.18,D+18.2,233614,0,2,100.0
New York,NY,NY-05,,False,2010s,False,2016+2020,2,73.68,51.71,22.02,D+22.0,316860,0,2,100.0
New York,NY,NY-05,,False,2020s,True,2024,1,62.3,49.25,13.71,D+13.7,328663,0,1,100.0
New York,NY,NY-06,,False,2000s,False,2004+2008+2012,3,75.93,51.5,21.18,D+21.2,220596,0,1,100.0
New York,NY,NY-06,,False,2010s,False,2016+2020,2,75.19,51.71,21.26,D+21.3,202466,0,1,100.0
New York,NY,NY-06,,False,2020s,True,2024,1,62.3,49.25,11.47,D+11.5,153473,0,1,100.0
New York,NY,NY-07,,False,2000s,False,2004+2008+2012,3,85.5,51.5,28.48,D+28.5,208575,0,2,100.0
New York,NY,NY-07,,False,2010s,False,2016+2020,2,80.89,51.71,28.52,D+28.5,200380,0,3,100.0
New York,NY,NY-07,,False,2020s,True,2024,1,68.31,49.25,17.15,D+17.1,183159,0,2,100.0
New York,NY,NY-08,,False,2000s,False,2004+2008+2012,3,82.97,51.5,27.82,D+27.8,262837,0,2,100.0
New York,NY,NY-08,,False,2010s,False,2016+2020,2,79.46,51.71,25.88,D+25.9,345144,0,2,100.0
New York,NY,NY-08,,False,2020s,True,2024,1,71.99,49.25,18.08,D+18.1,387133,0,1,100.0
New York,NY,NY-09,,False,2000s,False,2004+2008+2012,3,77.77,51.5,23.66,D+23.7,275918,0,2,100.0
New York,NY,NY-09,,False,2010s,False,2016+2020,2,79.78,51.71,25.96,D+26.0,189188,0,1,100.0
New York,NY,NY-09,,False,2020s,True,2024,1,71.99,49.25,17.85,D+17.9,164083,0,1,100.0
New York,NY,NY-10,,False,2000s,False,2004+2008+2012,3,79.44,51.5,27.7,D+27.7,180603,0,1,100.0
New York,NY,NY-10,,False,2010s,False,2016+2020,2,86.22,51.71,28.36,D+28.4,305528,0,2,100.0
New York,NY,NY-10,,False,2020s,True,2024,1,77.54,49.25,22.14,D+22.1,250008,0,2,100.0
New York,NY,NY-11,,False,2000s,False,2004+2008+2012,3,79.44,51.5,23.88,D+23.9,123800,0,1,100.0
New York,NY,NY-11,,False,2010s,False,2016+2020,2,53.99,51.71,3.58,D+3.6,288298,1,1,31.6
New York,NY,NY-11,,False,2020s,True,2024,1,44.79,49.25,-0.7,R+0.7,272344,1,1,26.4
New York,NY,NY-12,,False,2000s,False,2004+2008+2012,3,79.85,51.5,26.95,D+26.9,188394,0,3,100.0
New York,NY,NY-12,,False,2010s,False,2016+2020,2,85.92,51.71,29.82,D+29.8,272126,0,3,100.0
New York,NY,NY-12,,False,2020s,True,2024,1,82.41,49.25,23.27,D+23.3,282556,0,1,100.0
New York,NY,NY-13,,False,2000s,False,2004+2008+2012,3,56.52,51.5,8.99,D+9.0,223657,1,1,29.4
New York,NY,NY-13,,False,2010s,False,2016+2020,2,88.59,51.71,33.46,D+33.5,251341,0,2,100.0
New York,NY,NY-13,,False,2020s,True,2024,1,81.6,49.25,23.55,D+23.6,267468,0,2,100.0
New York,NY,NY-14,,False,2000s,False,2004+2008+2012,3,83.37,51.5,27.72,D+27.7,215509,0,2,100.0
New York,NY,NY-14,,False,2010s,False,2016+2020,2,82.44,51.71,26.68,D+26.7,236366,0,2,100.0
New York,NY,NY-14,,False,2020s,True,2024,1,69.41,49.25,15.81,D+15.8,258521,0,2,100.0
New York,NY,NY-15,,False,2000s,False,2004+2008+2012,3,84.76,51.5,31.52,D+31.5,259093,0,3,100.0
New York,NY,NY-15,,False,2010s,False,2016+2020,2,87.16,51.71,32.8,D+32.8,142936,0,1,100.0
New York,NY,NY-15,,False,2020s,True,2024,1,72.72,49.25,18.97,D+19.0,150015,0,1,100.0
New York,NY,NY-16,,False,2000s,False,2004+2008+2012,3,88.09,51.5,32.47,D+32.5,101594,0,1,100.0
New York,NY,NY-16,,False,2010s,False,2016+2020,2,79.46,51.71,24.03,D+24.0,167964,0,2,100.0
New York,NY,NY-16,,False,2020s,True,2024,1,64.19,49.25,14.2,D+14.2,142223,0,2,100.0
New York,NY,NY-17,,False,2000s,False,2004+2008+2012,3,71.37,51.5,19.66,D+19.7,180447,0,3,100.0
New York,NY,NY-17,,False,2010s,False,2016+2020,2,61.57,51.71,12.52,D+12.5,357027,1,1,60.2
New York,NY,NY-17,,False,2020s,True,2024,1,55.62,49.25,5.81,D+5.8,559379,2,2,63.0
New York,NY,NY-18,,False,2000s,False,2004+2008+2012,3,60.9,51.5,11.52,D+11.5,198981,0,2,100.0
New York,NY,NY-18,,False,2010s,False,2016+2020,2,55.95,51.71,8.02,D+8.0,402286,2,2,47.1
New York,NY,NY-18,,False,2020s,True,2024,1,49.77,49.25,5.55,D+5.5,340707,1,2,48.4
New York,NY,NY-19,,False,2000s,False,2004+2008+2012,3,55.31,51.5,4.14,D+4.1,444204,1,4,89.7
New York,NY,NY-19,,False,2010s,False,2016+2020,2,50.32,51.71,3.92,D+3.9,442763,7,4,45.1
New York,NY,NY-19,,False,2020s,True,2024,1,52.08,49.25,5.26,D+5.3,439898,8,3,29.8
New York,NY,NY-20,,False,2000s,False,2004+2008+2012,3,50.77,51.5,3.59,D+3.6,391150,5,5,44.9
New York,NY,NY-20,,False,2010s,False,2016+2020,2,59.2,51.71,11.79,D+11.8,271537,2,3,19.9
New York,NY,NY-20,,False,2020s,True,2024,1,57.55,49.25,9.46,D+9.5,307571,2,3,27.7
New York,NY,NY-21,,False,2000s,False,2004+2008+2012,3,58.81,51.5,9.85,D+9.8,258820,4,2,5.2
New York,NY,NY-21,,False,2010s,False,2016+2020,2,44.8,51.71,-2.46,R+2.5,359371,10,2,30.2
New York,NY,NY-21,,False,2020s,True,2024,1,42.13,49.25,-1.37,R+1.4,443110,11,4,39.3
New York,NY,NY-22,,False,2000s,False,2004+2008+2012,3,55.14,51.5,7.19,D+7.2,214564,2,5,46.4
New York,NY,NY-22,,False,2010s,False,2016+2020,2,43.38,51.71,-0.15,R+0.1,297546,4,4,42.8
New York,NY,NY-22,,False,2020s,True,2024,1,53.97,49.25,6.71,D+6.7,324214,2,3,18.6
New York,NY,NY-23,,False,2000s,False,2004+2008+2012,3,51.15,51.5,-1.04,R+1.0,286159,8,3,23.2
New York,NY,NY-23,,False,2010s,False,2016+2020,2,43.2,51.71,-1.85,R+1.9,313433,9,2,14.0
New York,NY,NY-23,,False,2020s,True,2024,1,48.1,49.25,0.29,D+0.3,591357,5,4,70.8
New York,NY,NY-24,,False,2000s,False,2004+2008+2012,3,51.55,51.5,2.13,D+2.1,274551,4,7,70.0
New York,NY,NY-24,,False,2010s,False,2016+2020,2,53.46,51.71,3.3,D+3.3,315742,3,1,5.2
New York,NY,NY-24,,False,2020s,True,2024,1,39.71,49.25,-3.04,R+3.0,420986,8,6,47.4
New York,NY,NY-25,,False,2000s,False,2004+2008+2012,3,56.28,51.5,7.16,D+7.2,298318,2,2,15.4
New York,NY,NY-25,,False,2010s,False,2016+2020,2,59.39,51.71,10.3,D+10.3,283859,0,1,100.0
New York,NY,NY-25,,False,2020s,True,2024,1,59.41,49.25,10.14,D+10.1,369237,1,1,1.3
New York,NY,NY-26,,False,2000s,False,2004+2008+2012,3,52.12,51.5,3.4,D+3.4,348591,3,4,79.6
New York,NY,NY-26,,False,2010s,False,2016+2020,2,54.76,51.71,11.62,D+11.6,88758,0,2,100.0
New York,NY,NY-26,,False,2020s,True,2024,1,53.33,49.25,8.57,D+8.6,103788,0,2,100.0
New York,NY,NY-27,,False,2000s,False,2004+2008+2012,3,56.63,51.5,8.41,D+8.4,376445,1,1,85.2
New York,NY,NY-27,,False,2010s,False,2016+2020,2,50.62,51.71,0.4,D+0.4,665158,4,4,86.0
New York,NY,NY-28,,False,2000s,False,2004+2008+2012,3,54.36,51.5,9.93,D+9.9,135099,0,4,100.0
New York,NY,NY-29,,False,2000s,False,2004+2008+2012,3,48.65,51.5,1.33,D+1.3,315133,6,2,54.1
Ohio,OH,OH-01,,False,2000s,False,2004+2008+2012,3,49.22,51.5,-4.68,R+4.7,342004,0,2,100.0
Ohio,OH,OH-01,,False,2010s,False,2016+2020,2,49.42,51.71,-4.64,R+4.6,422228,1,1,70.8
Ohio,OH,OH-01,,False,2020s,True,2024,1,47.93,49.25,-0.55,R+0.6,343294,1,1,59.0
Ohio,OH,OH-02,,False,2000s,False,2004+2008+2012,3,41.11,51.5,-10.81,R+10.8,332637,4,3,59.0
Ohio,OH,OH-02,,False,2010s,False,2016+2020,2,38.94,51.71,-11.04,R+11.0,322753,5,3,48.1
Ohio,OH,OH-02,,False,2020s,True,2024,1,26.04,49.25,-14.94,R+14.9,380910,15,1,0.4
Ohio,OH,OH-03,,False,2000s,False,2004+2008+2012,3,46.42,51.5,-5.52,R+5.5,342162,2,2,89.3
Ohio,OH,OH-03,,False,2010s,False,2016+2020,2,64.87,51.71,8.16,D+8.2,260482,0,1,100.0
Ohio,OH,OH-03,,False,2020s,True,2024,1,64.35,49.25,9.25,D+9.2,245544,0,1,100.0
Ohio,OH,OH-04,,False,2000s,False,2004+2008+2012,3,36.75,51.5,-13.54,R+13.5,296576,10,1,1.9
Ohio,OH,OH-04,,False,2010s,False,2016+2020,2,32.26,51.71,-15.32,R+15.3,348600,9,5,30.4
Ohio,OH,OH-04,,False,2020s,True,2024,1,30.72,49.25,-12.05,R+12.1,403094,10,3,26.0
Ohio,OH,OH-05,,False,2000s,False,2004+2008+2012,3,45.06,51.5,-9.28,R+9.3,355415,12,4,20.5
Ohio,OH,OH-05,,False,2010s,False,2016+2020,2,40.1,51.71,-11.86,R+11.9,396930,11,3,38.9
Ohio,OH,OH-05,,False,2020s,True,2024,1,35.91,49.25,-9.78,R+9.8,420504,10,2,15.9
Ohio,OH,OH-06,,False,2000s,False,2004+2008+2012,3,52.08,51.5,-0.52,R+0.5,338795,8,4,47.8
Ohio,OH,OH-06,,False,2010s,False,2016+2020,2,31.89,51.71,-16.36,R+16.4,386232,13,5,32.5
Ohio,OH,OH-06,,False,2020s,True,2024,1,34.62,49.25,-10.14,R+10.1,426273,9,2,32.2
Ohio,OH,OH-07,,False,2000s,False,2004+2008+2012,3,46.2,51.5,-7.7,R+7.7,355216,6,2,24.5
Ohio,OH,OH-07,,False,2010s,False,2016+2020,2,36.9,51.71,-13.32,R+13.3,433714,4,6,80.7
Ohio,OH,OH-07,,False,2020s,True,2024,1,54.99,49.25,-0.36,R+0.4,469399,2,2,65.8
Ohio,OH,OH-08,,False,2000s,False,2004+2008+2012,3,36.3,51.5,-14.92,R+14.9,257498,3,3,61.8
Ohio,OH,OH-08,,False,2010s,False,2016+2020,2,32.78,51.71,-15.33,R+15.3,354799,5,1,2.2
Ohio,OH,OH-08,,False,2020s,True,2024,1,44.0,49.25,-5.6,R+5.6,455650,3,2,49.1
Ohio,OH,OH-09,,False,2000s,False,2004+2008+2012,3,60.34,51.5,9.29,D+9.3,328442,2,2,80.8
Ohio,OH,OH-09,,False,2010s,False,2016+2020,2,59.36,51.71,4.64,D+4.6,200060,0,5,100.0
Ohio,OH,OH-09,,False,2020s,True,2024,1,46.59,49.25,-1.94,R+1.9,357179,7,1,3.0
Ohio,OH,OH-10,,False,2000s,False,2004+2008+2012,3,68.89,51.5,8.86,D+8.9,282060,0,1,100.0
Ohio,OH,OH-10,,False,2010s,False,2016+2020,2,47.06,51.71,-7.0,R+7.0,357778,2,1,2.2
Ohio,OH,OH-10,,False,2020s,True,2024,1,46.94,49.25,-3.77,R+3.8,365206,2,1,5.0
Ohio,OH,OH-11,,False,2000s,False,2004+2008+2012,3,68.89,51.5,13.05,D+13.1,194661,0,1,100.0
Ohio,OH,OH-11,,False,2010s,False,2016+2020,2,65.5,51.71,10.68,D+10.7,276676,0,2,100.0
Ohio,OH,OH-11,,False,2020s,True,2024,1,65.85,49.25,11.69,D+11.7,272685,0,1,100.0
Ohio,OH,OH-12,,False,2000s,False,2004+2008+2012,3,50.42,51.5,-5.44,R+5.4,326826,1,2,73.7
Ohio,OH,OH-12,,False,2010s,False,2016+2020,2,45.62,51.71,-7.74,R+7.7,387301,3,4,43.5
Ohio,OH,OH-12,,False,2020s,True,2024,1,34.29,49.25,-10.63,R+10.6,413196,9,3,18.8
Ohio,OH,OH-13,,False,2000s,False,2004+2008+2012,3,60.7,51.5,7.78,D+7.8,308034,0,4,100.0
Ohio,OH,OH-13,,False,2010s,False,2016+2020,2,49.13,51.71,-1.22,R+1.2,226235,0,5,100.0
Ohio,OH,OH-13,,False,2020s,True,2024,1,50.71,49.25,-0.14,R+0.1,339908,1,1,19.3
Ohio,OH,OH-14,,False,2000s,False,2004+2008+2012,3,55.48,51.5,-2.71,R+2.7,429197,3,4,49.8
Ohio,OH,OH-14,,False,2010s,False,2016+2020,2,51.17,51.71,-5.06,R+5.1,504292,3,4,57.0
Ohio,OH,OH-14,,False,2020s,True,2024,1,40.93,49.25,-6.95,R+7.0,408638,5,0,0.0
Ohio,OH,OH-15,,False,2000s,False,2004+2008+2012,3,55.89,51.5,-1.33,R+1.3,325454,2,1,87.2
Ohio,OH,OH-15,,False,2010s,False,2016+2020,2,49.42,51.71,-6.59,R+6.6,466196,8,4,61.0
Ohio,OH,OH-15,,False,2020s,True,2024,1,54.57,49.25,-0.11,R+0.1,492859,1,5,95.8
Ohio,OH,OH-16,,False,2000s,False,2004+2008+2012,3,47.2,51.5,-5.35,R+5.3,324584,2,2,27.5
Ohio,OH,OH-16,,False,2010s,False,2016+2020,2,53.47,51.71,-4.69,R+4.7,390046,1,5,86.7
Ohio,OH,OH-17,,False,2000s,False,2004+2008+2012,3,58.77,51.5,7.72,D+7.7,218059,0,4,100.0
Ohio,OH,OH-18,,False,2000s,False,2004+2008+2012,3,44.21,51.5,-6.74,R+6.7,289236,12,4,25.9
Oklahoma,OK,OK-01,,False,2000s,False,2004+2008+2012,3,35.0,51.5,-15.39,R+15.4,305464,3,2,2.9
Oklahoma,OK,OK-01,,False,2010s,False,2016+2020,2,36.86,51.71,-15.38,R+15.4,316764,3,2,1.2
Oklahoma,OK,OK-01,,False,2020s,True,2024,1,40.34,49.25,-10.1,R+10.1,286343,1,3,10.3
Oklahoma,OK,OK-02,,False,2000s,False,2004+2008+2012,3,35.69,51.5,-9.08,R+9.1,265859,24,1,12.1
Oklahoma,OK,OK-02,,False,2010s,False,2016+2020,2,23.21,51.71,-22.58,R+22.6,287267,25,1,14.2
Oklahoma,OK,OK-02,,False,2020s,True,2024,1,21.92,49.25,-27.03,R+27.0,340899,26,2,17.7
Oklahoma,OK,OK-03,,False,2000s,False,2004+2008+2012,3,26.97,51.5,-22.43,R+22.4,292544,30,2,24.3
Oklahoma,OK,OK-03,,False,2010s,False,2016+2020,2,22.78,51.71,-23.18,R+23.2,311070,30,2,27.6
Oklahoma,OK,OK-03,,False,2020s,True,2024,1,26.78,49.25,-22.47,R+22.5,323428,28,4,40.9
Oklahoma,OK,OK-04,,False,2000s,False,2004+2008+2012,3,33.7,51.5,-17.02,R+17.0,277235,14,2,10.0
Oklahoma,OK,OK-04,,False,2010s,False,2016+2020,2,32.12,51.71,-18.05,R+18.1,294314,13,2,8.3
Oklahoma,OK,OK-04,,False,2020s,True,2024,1,32.52,49.25,-17.36,R+17.4,300581,13,1,6.2
Oklahoma,OK,OK-05,,False,2000s,False,2004+2008+2012,3,38.87,51.5,-12.87,R+12.9,279329,2,1,88.4
Oklahoma,OK,OK-05,,False,2010s,False,2016+2020,2,44.41,51.71,-10.13,R+10.1,297430,2,1,88.3
Oklahoma,OK,OK-05,,False,2020s,True,2024,1,42.91,49.25,-7.41,R+7.4,314922,3,3,83.4
Oregon,OR,OR-01,,False,2000s,False,2004+2008+2012,3,56.79,51.5,6.78,D+6.8,335150,4,1,4.3
Oregon,OR,OR-01,,False,2010s,False,2016+2020,2,64.84,51.71,12.01,D+12.0,480544,4,1,17.0
Oregon,OR,OR-01,,False,2020s,True,2024,1,67.54,49.25,16.75,D+16.8,436836,3,2,83.8
Oregon,OR,OR-02,,False,2000s,False,2004+2008+2012,3,41.73,51.5,-10.83,R+10.8,332325,19,1,1.2
Oregon,OR,OR-02,,False,2010s,False,2016+2020,2,41.58,51.71,-3.32,R+3.3,406568,19,1,0.8
Oregon,OR,OR-02,,False,2020s,True,2024,1,39.14,49.25,-6.7,R+6.7,451341,18,2,25.0
Oregon,OR,OR-03,,False,2000s,False,2004+2008+2012,3,72.79,51.5,20.33,D+20.3,405088,0,2,100.0
Oregon,OR,OR-03,,False,2010s,False,2016+2020,2,75.88,51.71,17.82,D+17.8,442120,0,2,100.0
Oregon,OR,OR-03,,False,2020s,True,2024,1,76.72,49.25,21.81,D+21.8,398492,1,2,96.8
Oregon,OR,OR-04,,False,2000s,False,2004+2008+2012,3,52.19,51.5,3.54,D+3.5,404953,5,2,19.3
Oregon,OR,OR-04,,False,2010s,False,2016+2020,2,49.98,51.71,4.51,D+4.5,472536,5,2,20.1
Oregon,OR,OR-04,,False,2020s,True,2024,1,57.65,49.25,7.58,D+7.6,368018,5,1,7.3
Oregon,OR,OR-05,,False,2000s,False,2004+2008+2012,3,51.51,51.5,2.53,D+2.5,340455,4,3,42.5
Oregon,OR,OR-05,,False,2010s,False,2016+2020,2,51.72,51.71,5.0,D+5.0,386058,4,2,38.2
Oregon,OR,OR-05,,False,2020s,True,2024,1,51.13,49.25,3.67,D+3.7,414372,1,4,82.8
Oregon,OR,OR-06,,False,2020s,True,2024,1,50.52,49.25,3.86,D+3.9,175434,2,2,39.9
Pennsylvania,PA,PA-01,,False,2000s,False,2004+2008+2012,3,80.86,51.5,25.51,D+25.5,241983,0,2,100.0
Pennsylvania,PA,PA-01,,False,2010s,False,2016+2020,2,79.44,51.71,15.98,D+16.0,304262,0,2,100.0
Pennsylvania,PA,PA-01,,False,2020s,True,2024,1,52.32,49.25,0.52,D+0.5,503955,1,1,20.4
Pennsylvania,PA,PA-02,,False,2000s,False,2004+2008+2012,3,82.66,51.5,26.9,D+26.9,266021,0,2,100.0
Pennsylvania,PA,PA-02,,False,2010s,False,2016+2020,2,81.48,51.71,21.32,D+21.3,295490,0,2,100.0
Pennsylvania,PA,PA-02,,False,2020s,True,2024,1,79.76,49.25,17.07,D+17.1,342465,0,1,100.0
Pennsylvania,PA,PA-03,,False,2000s,False,2004+2008+2012,3,47.19,51.5,-4.88,R+4.9,311888,1,6,60.8
Pennsylvania,PA,PA-03,,False,2010s,False,2016+2020,2,34.16,51.71,-2.62,R+2.6,313808,4,3,25.2
Pennsylvania,PA,PA-03,,False,2020s,True,2024,1,79.76,49.25,15.68,D+15.7,275287,0,1,100.0
Pennsylvania,PA,PA-04,,False,2000s,False,2004+2008+2012,3,53.43,51.5,-1.83,R+1.8,401285,1,5,90.0
Pennsylvania,PA,PA-04,,False,2010s,False,2016+2020,2,36.06,51.71,-6.24,R+6.2,301052,2,2,8.4
Pennsylvania,PA,PA-04,,False,2020s,True,2024,1,58.19,49.25,5.97,D+6.0,477576,0,2,100.0
Pennsylvania,PA,PA-05,,False,2000s,False,2004+2008+2012,3,40.81,51.5,-9.78,R+9.8,274376,9,8,41.7
Pennsylvania,PA,PA-05,,False,2010s,False,2016+2020,2,37.51,51.71,-5.12,R+5.1,366160,11,4,33.4
Pennsylvania,PA,PA-05,,False,2020s,True,2024,1,65.94,49.25,10.31,D+10.3,462164,1,2,29.0
Pennsylvania,PA,PA-06,,False,2000s,False,2004+2008+2012,3,53.04,51.5,-1.16,R+1.2,285350,0,4,100.0
Pennsylvania,PA,PA-06,,False,2010s,False,2016+2020,2,54.98,51.71,2.72,D+2.7,342760,0,4,100.0
Pennsylvania,PA,PA-06,,False,2020s,True,2024,1,55.74,49.25,4.41,D+4.4,367814,1,1,11.6
Pennsylvania,PA,PA-07,,False,2000s,False,2004+2008+2012,3,58.85,51.5,2.38,D+2.4,335219,0,3,100.0
Pennsylvania,PA,PA-07,,False,2010s,False,2016+2020,2,58.58,51.71,3.58,D+3.6,552113,0,5,100.0
Pennsylvania,PA,PA-07,,False,2020s,True,2024,1,48.72,49.25,0.26,D+0.3,413512,3,1,2.4
Pennsylvania,PA,PA-08,,False,2000s,False,2004+2008+2012,3,55.28,51.5,0.71,D+0.7,360941,1,1,10.1
Pennsylvania,PA,PA-08,,False,2010s,False,2016+2020,2,53.64,51.71,1.85,D+1.9,472878,1,1,21.6
Pennsylvania,PA,PA-08,,False,2020s,True,2024,1,45.09,49.25,-1.25,R+1.2,344574,3,2,47.5
Pennsylvania,PA,PA-09,,False,2000s,False,2004+2008+2012,3,36.27,51.5,-13.75,R+13.8,363672,5,9,56.0
Pennsylvania,PA,PA-09,,False,2010s,False,2016+2020,2,27.88,51.71,-12.94,R+12.9,335487,6,5,20.7
Pennsylvania,PA,PA-09,,False,2020s,True,2024,1,34.28,49.25,-9.51,R+9.5,466865,9,3,34.6
Pennsylvania,PA,PA-10,,False,2000s,False,2004+2008+2012,3,46.59,51.5,-5.03,R+5.0,323809,10,4,45.0
Pennsylvania,PA,PA-10,,False,2010s,False,2016+2020,2,34.84,51.71,-8.83,R+8.8,374372,10,5,38.7
Pennsylvania,PA,PA-10,,False,2020s,True,2024,1,46.37,49.25,-0.7,R+0.7,348994,1,2,57.2
Pennsylvania,PA,PA-11,,False,2000s,False,2004+2008+2012,3,52.49,51.5,-1.33,R+1.3,231037,3,2,52.3
Pennsylvania,PA,PA-11,,False,2010s,False,2016+2020,2,42.03,51.71,-6.14,R+6.1,451052,3,6,88.3
Pennsylvania,PA,PA-11,,False,2020s,True,2024,1,40.31,49.25,-5.58,R+5.6,443173,1,1,34.7
Pennsylvania,PA,PA-12,,False,2000s,False,2004+2008+2012,3,43.94,51.5,-5.05,R+5.0,216960,1,7,93.0
Pennsylvania,PA,PA-12,,False,2010s,False,2016+2020,2,47.78,51.71,-4.37,R+4.4,491041,1,5,81.9
Pennsylvania,PA,PA-12,,False,2020s,True,2024,1,57.68,49.25,5.23,D+5.2,301817,0,2,100.0
Pennsylvania,PA,PA-13,,False,2000s,False,2004+2008+2012,3,70.49,51.5,13.92,D+13.9,371043,0,2,100.0
Pennsylvania,PA,PA-13,,False,2010s,False,2016+2020,2,75.76,51.71,10.12,D+10.1,320529,0,2,100.0
Pennsylvania,PA,PA-13,,False,2020s,True,2024,1,28.75,49.25,-12.46,R+12.5,444234,10,1,10.0
Pennsylvania,PA,PA-14,,False,2000s,False,2004+2008+2012,3,57.58,51.5,5.37,D+5.4,147300,0,1,100.0
Pennsylvania,PA,PA-14,,False,2010s,False,2016+2020,2,59.49,51.71,5.29,D+5.3,199006,0,1,100.0
Pennsylvania,PA,PA-14,,False,2020s,True,2024,1,33.42,49.25,-9.08,R+9.1,454790,4,2,46.5
Pennsylvania,PA,PA-15,,False,2000s,False,2004+2008+2012,3,54.48,51.5,-1.8,R+1.8,357551,1,3,63.5
Pennsylvania,PA,PA-15,,False,2010s,False,2016+2020,2,48.68,51.71,-4.16,R+4.2,425256,1,4,59.1
Pennsylvania,PA,PA-15,,False,2020s,True,2024,1,31.23,49.25,-10.93,R+10.9,426098,15,3,16.9
Pennsylvania,PA,PA-16,,False,2000s,False,2004+2008+2012,3,43.04,51.5,-8.67,R+8.7,331170,1,2,32.8
Pennsylvania,PA,PA-16,,False,2010s,False,2016+2020,2,44.6,51.71,-3.72,R+3.7,297568,0,3,100.0
Pennsylvania,PA,PA-16,,False,2020s,True,2024,1,38.55,49.25,-6.44,R+6.4,415821,5,1,2.0
Pennsylvania,PA,PA-17,,False,2000s,False,2004+2008+2012,3,46.88,51.5,-0.44,R+0.4,344712,3,2,29.4
Pennsylvania,PA,PA-17,,False,2010s,False,2016+2020,2,43.42,51.71,-2.0,R+2.0,245130,1,5,73.1
Pennsylvania,PA,PA-17,,False,2020s,True,2024,1,56.65,49.25,4.31,D+4.3,545068,1,1,82.6
Pennsylvania,PA,PA-18,,False,2000s,False,2004+2008+2012,3,52.02,51.5,-4.78,R+4.8,403232,0,4,100.0
Pennsylvania,PA,PA-18,,False,2010s,False,2016+2020,2,47.86,51.71,1.5,D+1.5,465732,0,4,100.0
Pennsylvania,PA,PA-19,,False,2000s,False,2004+2008+2012,3,38.99,51.5,-11.57,R+11.6,278070,2,1,16.8
Rhode Island,RI,RI-01,,False,2000s,False,2004+2008+2012,3,64.27,51.5,13.38,D+13.4,179514,2,1,63.8
Rhode Island,RI,RI-01,,False,2010s,False,2016+2020,2,62.11,51.71,11.98,D+12.0,160438,2,1,56.3
Rhode Island,RI,RI-01,,False,2020s,True,2024,1,59.81,49.25,11.78,D+11.8,166532,2,1,56.2
Rhode Island,RI,RI-02,,False,2000s,False,2004+2008+2012,3,62.04,51.5,13.8,D+13.8,272025,2,1,47.2
Rhode Island,RI,RI-02,,False,2010s,False,2016+2020,2,58.06,51.71,9.53,D+9.5,329461,2,1,52.3
Rhode Island,RI,RI-02,,False,2020s,True,2024,1,55.61,49.25,8.51,D+8.5,345284,2,1,51.0
South Carolina,SC,SC-01,,False,2000s,False,2004+2008+2012,3,43.86,51.5,-8.36,R+8.4,251846,1,4,62.4
South Carolina,SC,SC-01,,False,2010s,False,2016+2020,2,50.1,51.71,-3.67,R+3.7,246802,0,5,100.0
South Carolina,SC,SC-01,,False,2020s,True,2024,1,46.22,49.25,-4.2,R+4.2,379999,2,4,42.8
South Carolina,SC,SC-02,,False,2000s,False,2004+2008+2012,3,44.91,51.5,-7.6,R+7.6,321422,6,4,37.7
South Carolina,SC,SC-02,,False,2010s,False,2016+2020,2,44.6,51.71,-6.6,R+6.6,314444,3,2,29.3
South Carolina,SC,SC-02,,False,2020s,True,2024,1,44.05,49.25,-5.62,R+5.6,342101,3,2,29.0
South Carolina,SC,SC-03,,False,2000s,False,2004+2008+2012,3,34.6,51.5,-15.35,R+15.3,266662,8,2,22.8
South Carolina,SC,SC-03,,False,2010s,False,2016+2020,2,31.62,51.71,-14.28,R+14.3,345657,9,2,20.3
South Carolina,SC,SC-03,,False,2020s,True,2024,1,29.45,49.25,-16.49,R+16.5,386677,10,1,16.9
South Carolina,SC,SC-04,,False,2000s,False,2004+2008+2012,3,36.69,51.5,-14.49,R+14.5,303186,3,1,0.4
South Carolina,SC,SC-04,,False,2010s,False,2016+2020,2,37.33,51.71,-10.67,R+10.7,294204,0,2,100.0
South Carolina,SC,SC-04,,False,2020s,True,2024,1,36.5,49.25,-9.89,R+9.9,321058,0,2,100.0
South Carolina,SC,SC-05,,False,2000s,False,2004+2008+2012,3,44.81,51.5,-3.95,R+4.0,288492,11,3,7.8
South Carolina,SC,SC-05,,False,2010s,False,2016+2020,2,41.76,51.71,-7.85,R+7.8,334394,8,3,18.8
South Carolina,SC,SC-05,,False,2020s,True,2024,1,39.47,49.25,-8.91,R+8.9,373519,8,2,17.0
South Carolina,SC,SC-06,,False,2000s,False,2004+2008+2012,3,53.74,51.5,2.92,D+2.9,402440,5,10,83.4
South Carolina,SC,SC-06,,False,2010s,False,2016+2020,2,54.96,51.71,3.54,D+3.5,441812,7,9,84.4
South Carolina,SC,SC-06,,False,2020s,True,2024,1,54.61,49.25,5.02,D+5.0,361501,6,8,84.6
South Carolina,SC,SC-07,,False,2010s,False,2016+2020,2,40.56,51.71,-8.56,R+8.6,328623,7,1,16.5
South Carolina,SC,SC-07,,False,2020s,True,2024,1,36.81,49.25,-10.58,R+10.6,383285,7,1,14.5
South Dakota,SD,SD-AL,,True,2000s,False,2004+2008+2012,3,41.86,51.5,-4.24,R+4.2,378002,0,0,0.0
South Dakota,SD,SD-AL,,True,2010s,False,2016+2020,2,35.3,51.71,-16.24,R+16.2,396351,0,0,0.0
South Dakota,SD,SD-AL,,True,2020s,True,2024,1,35.05,49.25,-15.08,R+15.1,428922,0,0,0.0
Tennessee,TN,TN-01,,False,2000s,False,2004+2008+2012,3,28.97,51.5,-23.51,R+23.5,259292,10,2,13.7
Tennessee,TN,TN-01,,False,2010s,False,2016+2020,2,21.52,51.71,-24.18,R+24.2,292512,11,1,1.5
Tennessee,TN,TN-01,,False,2020s,True,2024,1,20.78,49.25,-22.81,R+22.8,348688,11,1,7.2
Tennessee,TN,TN-02,,False,2000s,False,2004+2008+2012,3,33.88,51.5,-21.64,R+21.6,288373,5,1,1.3
Tennessee,TN,TN-02,,False,2010s,False,2016+2020,2,33.14,51.71,-17.16,R+17.2,326926,5,2,6.0
Tennessee,TN,TN-02,,False,2020s,True,2024,1,32.73,49.25,-15.86,R+15.9,369155,6,2,3.1
Tennessee,TN,TN-03,,False,2000s,False,2004+2008+2012,3,36.92,51.5,-16.58,R+16.6,275700,9,2,7.4
Tennessee,TN,TN-03,,False,2010s,False,2016+2020,2,32.42,51.71,-16.73,R+16.7,315514,9,2,10.3
Tennessee,TN,TN-03,,False,2020s,True,2024,1,31.86,49.25,-16.3,R+16.3,360035,8,2,2.4
Tennessee,TN,TN-04,,False,2000s,False,2004+2008+2012,3,35.34,51.5,-11.44,R+11.4,273007,21,3,16.4
Tennessee,TN,TN-04,,False,2010s,False,2016+2020,2,30.0,51.71,-17.04,R+17.0,300526,13,3,16.1
Tennessee,TN,TN-04,,False,2020s,True,2024,1,27.94,49.25,-18.39,R+18.4,337108,15,0,0.0
Tennessee,TN,TN-05,,False,2000s,False,2004+2008+2012,3,55.47,51.5,3.26,D+3.3,269565,0,3,100.0
Tennessee,TN,TN-05,,False,2010s,False,2016+2020,2,60.6,51.71,1.74,D+1.7,316145,2,1,4.9
Tennessee,TN,TN-05,,False,2020s,True,2024,1,41.99,49.25,-10.11,R+10.1,300741,3,3,75.4
Tennessee,TN,TN-06,,False,2000s,False,2004+2008+2012,3,36.37,51.5,-13.21,R+13.2,311392,14,1,9.2
Tennessee,TN,TN-06,,False,2010s,False,2016+2020,2,25.38,51.71,-21.4,R+21.4,335752,17,2,0.9
Tennessee,TN,TN-06,,False,2020s,True,2024,1,30.7,49.25,-16.42,R+16.4,368946,15,3,30.4
Tennessee,TN,TN-07,,False,2000s,False,2004+2008+2012,3,46.69,51.5,-10.46,R+10.5,345813,9,6,77.5
Tennessee,TN,TN-07,,False,2010s,False,2016+2020,2,30.68,51.71,-18.55,R+18.6,336894,17,2,6.9
Tennessee,TN,TN-07,,False,2020s,True,2024,1,39.95,49.25,-11.32,R+11.3,396653,11,3,47.6
Tennessee,TN,TN-08,,False,2000s,False,2004+2008+2012,3,45.75,51.5,-6.66,R+6.7,310040,17,2,30.6
Tennessee,TN,TN-08,,False,2010s,False,2016+2020,2,43.88,51.71,-12.08,R+12.1,325730,13,2,39.7
Tennessee,TN,TN-08,,False,2020s,True,2024,1,36.55,49.25,-15.26,R+15.3,340024,17,3,32.9
Tennessee,TN,TN-09,,False,2000s,False,2004+2008+2012,3,61.59,51.5,7.57,D+7.6,166097,0,1,100.0
Tennessee,TN,TN-09,,False,2010s,False,2016+2020,2,64.85,51.71,9.0,D+9.0,230940,0,1,100.0
Tennessee,TN,TN-09,,False,2020s,True,2024,1,60.45,49.25,3.78,D+3.8,242592,0,2,100.0
Texas,TX,TX-01,,False,2000s,False,2004+2008+2012,3,29.7,51.5,-18.62,R+18.6,263951,12,1,0.7
Texas,TX,TX-01,,False,2010s,False,2016+2020,2,26.63,51.71,-20.38,R+20.4,286621,10,2,5.1
Texas,TX,TX-01,,False,2020s,True,2024,1,24.05,49.25,-14.83,R+14.8,314685,14,3,11.5
Texas,TX,TX-02,,False,2000s,False,2004+2008+2012,3,48.53,51.5,-6.12,R+6.1,361940,1,2,76.1
Texas,TX,TX-02,,False,2010s,False,2016+2020,2,56.59,51.71,-0.6,R+0.6,274664,0,1,100.0
Texas,TX,TX-02,,False,2020s,True,2024,1,45.66,49.25,-6.12,R+6.1,369829,0,2,100.0
Texas,TX,TX-03,,False,2000s,False,2004+2008+2012,3,44.32,51.5,-8.97,R+9.0,121994,0,2,100.0
Texas,TX,TX-03,,False,2010s,False,2016+2020,2,44.47,51.71,-7.64,R+7.6,250569,0,1,100.0
Texas,TX,TX-03,,False,2020s,True,2024,1,42.22,49.25,-6.86,R+6.9,456446,0,2,100.0
Texas,TX,TX-04,,False,2000s,False,2004+2008+2012,3,31.07,51.5,-19.4,R+19.4,447379,14,2,53.6
Texas,TX,TX-04,,False,2010s,False,2016+2020,2,30.94,51.71,-18.62,R+18.6,453880,16,2,40.2
Texas,TX,TX-04,,False,2020s,True,2024,1,29.25,49.25,-13.23,R+13.2,302423,7,4,36.6
Texas,TX,TX-05,,False,2000s,False,2004+2008+2012,3,40.04,51.5,-12.29,R+12.3,256575,6,1,48.9
Texas,TX,TX-05,,False,2010s,False,2016+2020,2,41.72,51.71,-9.46,R+9.5,285742,5,2,50.6
Texas,TX,TX-05,,False,2020s,True,2024,1,42.08,49.25,-7.24,R+7.2,334580,4,2,52.1
Texas,TX,TX-06,,False,2000s,False,2004+2008+2012,3,36.07,51.5,-14.57,R+14.6,255830,5,3,65.0
Texas,TX,TX-06,,False,2010s,False,2016+2020,2,41.25,51.71,-8.41,R+8.4,267574,2,1,65.9
Texas,TX,TX-06,,False,2020s,True,2024,1,35.5,49.25,-10.19,R+10.2,296967,5,4,40.7
Texas,TX,TX-07,,False,2000s,False,2004+2008+2012,3,48.58,51.5,-7.27,R+7.3,128236,0,1,100.0
Texas,TX,TX-07,,False,2010s,False,2016+2020,2,56.59,51.71,1.32,D+1.3,137332,0,1,100.0
Texas,TX,TX-07,,False,2020s,True,2024,1,52.25,49.25,1.88,D+1.9,89631,0,2,100.0
Texas,TX,TX-08,,False,2000s,False,2004+2008+2012,3,25.01,51.5,-23.32,R+23.3,291839,9,2,4.0
Texas,TX,TX-08,,False,2010s,False,2016+2020,2,29.37,51.71,-19.24,R+19.2,350588,7,2,13.8
Texas,TX,TX-08,,False,2020s,True,2024,1,37.97,49.25,-9.71,R+9.7,456831,2,3,91.9
Texas,TX,TX-09,,False,2000s,False,2004+2008+2012,3,48.4,51.5,0.91,D+0.9,88304,0,2,100.0
Texas,TX,TX-09,,False,2010s,False,2016+2020,2,56.3,51.71,9.89,D+9.9,118103,0,2,100.0
Texas,TX,TX-09,,False,2020s,True,2024,1,52.09,49.25,-0.81,R+0.8,139470,0,3,100.0
Texas,TX,TX-10,,False,2000s,False,2004+2008+2012,3,49.67,51.5,-5.1,R+5.1,432401,4,4,89.3
Texas,TX,TX-10,,False,2010s,False,2016+2020,2,54.82,51.71,-0.86,R+0.9,469770,5,4,85.2
Texas,TX,TX-10,,False,2020s,True,2024,1,50.27,49.25,-4.18,R+4.2,469813,10,2,54.5
Texas,TX,TX-11,,False,2000s,False,2004+2008+2012,3,22.0,51.5,-25.8,R+25.8,237653,34,2,0.7
Texas,TX,TX-11,,False,2010s,False,2016+2020,2,19.84,51.71,-26.24,R+26.2,274910,27,2,4.3
Texas,TX,TX-11,,False,2020s,True,2024,1,21.98,49.25,-15.87,R+15.9,238414,19,1,9.0
Texas,TX,TX-12,,False,2000s,False,2004+2008+2012,3,36.86,51.5,-16.29,R+16.3,321552,2,1,79.6
Texas,TX,TX-12,,False,2010s,False,2016+2020,2,42.13,51.71,-11.05,R+11.1,402597,1,2,84.0
Texas,TX,TX-12,,False,2020s,True,2024,1,42.98,49.25,-6.76,R+6.8,420372,0,2,100.0
Texas,TX,TX-13,,False,2000s,False,2004+2008+2012,3,21.55,51.5,-26.08,R+26.1,234643,42,2,4.6
Texas,TX,TX-13,,False,2010s,False,2016+2020,2,18.6,51.71,-27.38,R+27.4,264618,39,2,9.7
Texas,TX,TX-13,,False,2020s,True,2024,1,26.35,49.25,-13.68,R+13.7,359030,36,2,35.8
Texas,TX,TX-14,,False,2000s,False,2004+2008+2012,3,36.01,51.5,-13.53,R+13.5,309988,7,3,71.9
Texas,TX,TX-14,,False,2010s,False,2016+2020,2,41.33,51.71,-9.16,R+9.2,351234,2,1,35.2
Texas,TX,TX-14,,False,2020s,True,2024,1,37.15,49.25,-10.13,R+10.1,392570,2,2,50.2
Texas,TX,TX-15,,False,2000s,False,2004+2008+2012,3,57.32,51.5,4.15,D+4.2,179408,9,3,74.8
Texas,TX,TX-15,,False,2010s,False,2016+2020,2,54.05,51.71,3.22,D+3.2,244764,6,2,64.9
Texas,TX,TX-15,,False,2020s,True,2024,1,41.86,49.25,-5.93,R+5.9,295761,5,2,82.0
Texas,TX,TX-16,,False,2000s,False,2004+2008+2012,3,63.1,51.5,8.16,D+8.2,101006,0,1,100.0
Texas,TX,TX-16,,False,2010s,False,2016+2020,2,70.28,51.71,14.44,D+14.4,169581,0,1,100.0
Texas,TX,TX-16,,False,2020s,True,2024,1,57.66,49.25,3.72,D+3.7,78490,0,1,100.0
Texas,TX,TX-17,,False,2000s,False,2004+2008+2012,3,30.25,51.5,-14.98,R+15.0,254080,9,3,5.2
Texas,TX,TX-17,,False,2010s,False,2016+2020,2,41.04,51.71,-9.29,R+9.3,265184,8,3,20.3
Texas,TX,TX-17,,False,2020s,True,2024,1,36.36,49.25,-9.98,R+10.0,333852,10,4,34.1
Texas,TX,TX-18,,False,2000s,False,2004+2008+2012,3,48.58,51.5,0.28,D+0.3,147701,0,1,100.0
Texas,TX,TX-18,,False,2010s,False,2016+2020,2,56.59,51.71,9.03,D+9.0,197876,0,1,100.0
Texas,TX,TX-18,,False,2020s,True,2024,1,52.81,49.25,3.76,D+3.8,206300,0,1,100.0
Texas,TX,TX-19,,False,2000s,False,2004+2008+2012,3,24.99,51.5,-21.82,R+21.8,235910,25,2,3.4
Texas,TX,TX-19,,False,2010s,False,2016+2020,2,25.54,51.71,-22.07,R+22.1,250764,27,2,1.2
Texas,TX,TX-19,,False,2020s,True,2024,1,23.93,49.25,-14.89,R+14.9,282089,32,1,0.2
Texas,TX,TX-20,,False,2000s,False,2004+2008+2012,3,49.94,51.5,2.0,D+2.0,74358,0,1,100.0
Texas,TX,TX-20,,False,2010s,False,2016+2020,2,58.16,51.71,5.05,D+5.0,108638,0,1,100.0
Texas,TX,TX-20,,False,2020s,True,2024,1,54.93,49.25,0.61,D+0.6,108549,0,1,100.0
Texas,TX,TX-21,,False,2000s,False,2004+2008+2012,3,46.58,51.5,-7.77,R+7.8,340186,6,2,71.0
Texas,TX,TX-21,,False,2010s,False,2016+2020,2,41.26,51.71,-8.4,R+8.4,290074,6,4,72.1
Texas,TX,TX-21,,False,2020s,True,2024,1,40.63,49.25,-7.64,R+7.6,411487,6,4,76.2
Texas,TX,TX-22,,False,2000s,False,2004+2008+2012,3,45.79,51.5,-7.9,R+7.9,280551,0,4,100.0
Texas,TX,TX-22,,False,2010s,False,2016+2020,2,53.86,51.71,-1.33,R+1.3,344970,0,3,100.0
Texas,TX,TX-22,,False,2020s,True,2024,1,47.85,49.25,-4.54,R+4.5,365098,2,2,91.8
Texas,TX,TX-23,,False,2000s,False,2004+2008+2012,3,52.04,51.5,-3.53,R+3.5,437601,17,3,83.3
Texas,TX,TX-23,,False,2010s,False,2016+2020,2,56.8,51.71,2.05,D+2.0,482822,26,3,78.9
Texas,TX,TX-23,,False,2020s,True,2024,1,51.67,49.25,-3.05,R+3.0,589839,27,2,80.9
Texas,TX,TX-24,,False,2000s,False,2004+2008+2012,3,49.25,51.5,-6.99,R+7.0,239096,0,3,100.0
Texas,TX,TX-24,,False,2010s,False,2016+2020,2,56.09,51.71,0.16,D+0.2,223970,0,3,100.0
Texas,TX,TX-24,,False,2020s,True,2024,1,52.18,49.25,-2.44,R+2.4,254355,0,2,100.0
Texas,TX,TX-25,,False,2000s,False,2004+2008+2012,3,51.06,51.5,0.22,D+0.2,245937,6,2,59.7
Texas,TX,TX-25,,False,2010s,False,2016+2020,2,51.23,51.71,-3.4,R+3.4,425125,8,3,65.9
Texas,TX,TX-25,,False,2020s,True,2024,1,29.34,49.25,-12.18,R+12.2,327237,9,4,68.0
Texas,TX,TX-26,,False,2000s,False,2004+2008+2012,3,35.91,51.5,-15.54,R+15.5,327562,0,3,100.0
Texas,TX,TX-26,,False,2010s,False,2016+2020,2,43.32,51.71,-9.68,R+9.7,396619,0,2,100.0
Texas,TX,TX-26,,False,2020s,True,2024,1,40.43,49.25,-7.78,R+7.8,379317,1,2,94.6
Texas,TX,TX-27,,False,2000s,False,2004+2008+2012,3,51.6,51.5,-0.68,R+0.7,184424,4,2,39.3
Texas,TX,TX-27,,False,2010s,False,2016+2020,2,38.65,51.71,-10.77,R+10.8,261311,9,4,18.2
Texas,TX,TX-27,,False,2020s,True,2024,1,35.12,49.25,-10.41,R+10.4,286686,13,1,6.7
Texas,TX,TX-28,,False,2000s,False,2004+2008+2012,3,51.85,51.5,2.23,D+2.2,210844,10,2,33.9
Texas,TX,TX-28,,False,2010s,False,2016+2020,2,58.42,51.71,7.5,D+7.5,290220,5,4,66.7
Texas,TX,TX-28,,False,2020s,True,2024,1,50.15,49.25,-0.63,R+0.6,338378,7,2,66.9
Texas,TX,TX-29,,False,2000s,False,2004+2008+2012,3,48.58,51.5,-2.66,R+2.7,156860,0,1,100.0
Texas,TX,TX-29,,False,2010s,False,2016+2020,2,56.59,51.71,8.59,D+8.6,159482,0,1,100.0
Texas,TX,TX-29,,False,2020s,True,2024,1,52.81,49.25,2.92,D+2.9,185827,0,1,100.0
Texas,TX,TX-30,,False,2000s,False,2004+2008+2012,3,54.94,51.5,4.91,D+4.9,252074,0,1,100.0
Texas,TX,TX-30,,False,2010s,False,2016+2020,2,64.89,51.71,14.61,D+14.6,342704,0,1,100.0
Texas,TX,TX-30,,False,2020s,True,2024,1,60.74,49.25,3.52,D+3.5,346139,0,2,100.0
Texas,TX,TX-31,,False,2000s,False,2004+2008+2012,3,37.79,51.5,-13.93,R+13.9,285773,7,1,0.6
Texas,TX,TX-31,,False,2010s,False,2016+2020,2,46.54,51.71,-5.9,R+5.9,359109,2,0,0.0
Texas,TX,TX-31,,False,2020s,True,2024,1,42.91,49.25,-6.98,R+7.0,420434,4,2,84.3
Texas,TX,TX-32,,False,2000s,False,2004+2008+2012,3,54.94,51.5,-2.57,R+2.6,127114,0,1,100.0
Texas,TX,TX-32,,False,2010s,False,2016+2020,2,63.29,51.71,7.28,D+7.3,172396,0,2,100.0
Texas,TX,TX-32,,False,2020s,True,2024,1,59.84,49.25,5.09,D+5.1,130563,0,2,100.0
Texas,TX,TX-33,,False,2010s,False,2016+2020,2,56.4,51.71,8.08,D+8.1,192812,0,2,100.0
Texas,TX,TX-33,,False,2020s,True,2024,1,53.98,49.25,4.08,D+4.1,208503,0,2,100.0
Texas,TX,TX-34,,False,2010s,False,2016+2020,2,55.14,51.71,4.8,D+4.8,181686,8,3,16.2
Texas,TX,TX-34,,False,2020s,True,2024,1,47.25,49.25,-2.1,R+2.1,173386,4,1,23.9
Texas,TX,TX-35,,False,2010s,False,2016+2020,2,64.62,51.71,10.94,D+10.9,186070,0,5,100.0
Texas,TX,TX-35,,False,2020s,True,2024,1,64.29,49.25,7.93,D+7.9,243349,0,4,100.0
Texas,TX,TX-36,,False,2010s,False,2016+2020,2,42.32,51.71,-9.94,R+9.9,425192,8,1,63.7
Texas,TX,TX-36,,False,2020s,True,2024,1,41.13,49.25,-8.69,R+8.7,382158,6,2,69.7
Texas,TX,TX-37,,False,2020s,True,2024,1,69.22,49.25,11.61,D+11.6,124227,0,2,100.0
Texas,TX,TX-38,,False,2020s,True,2024,1,52.81,49.25,-2.68,R+2.7,275591,0,1,100.0
Utah,UT,UT-01,,False,2000s,False,2004+2008+2012,3,28.8,51.5,-22.58,R+22.6,371371,8,2,22.7
Utah,UT,UT-01,,False,2010s,False,2016+2020,2,32.62,51.71,-18.14,R+18.1,272902,9,1,17.1
Utah,UT,UT-01,,False,2020s,True,2024,1,39.1,49.25,-12.56,R+12.6,357596,5,3,41.4
Utah,UT,UT-02,,False,2000s,False,2004+2008+2012,3,32.97,51.5,-15.7,R+15.7,294686,14,2,60.1
Utah,UT,UT-02,,False,2010s,False,2016+2020,2,38.9,51.71,-13.65,R+13.7,485752,10,4,70.1
Utah,UT,UT-02,,False,2020s,True,2024,1,37.42,49.25,-12.55,R+12.6,466067,10,3,59.3
Utah,UT,UT-03,,False,2000s,False,2004+2008+2012,3,25.92,51.5,-23.86,R+23.9,303176,4,3,92.2
Utah,UT,UT-03,,False,2010s,False,2016+2020,2,38.36,51.71,-16.07,R+16.1,296950,5,2,87.1
Utah,UT,UT-03,,False,2020s,True,2024,1,42.74,49.25,-11.12,R+11.1,263053,8,3,73.5
Utah,UT,UT-04,,False,2010s,False,2016+2020,2,43.98,51.71,-9.2,R+9.2,260344,0,4,100.0
Utah,UT,UT-04,,False,2020s,True,2024,1,37.9,49.25,-13.32,R+13.3,401778,1,3,96.8
Virginia,VA,VA-01,,False,2000s,False,2004+2008+2012,3,46.35,51.5,-4.65,R+4.7,357445,17,6,36.5
Virginia,VA,VA-01,,False,2010s,False,2016+2020,2,50.3,51.71,-2.8,R+2.8,440276,18,5,33.9
Virginia,VA,VA-01,,False,2020s,True,2024,1,48.33,49.25,-0.53,R+0.5,410944,14,4,50.4
Virginia,VA,VA-02,,False,2000s,False,2004+2008+2012,3,51.92,51.5,-0.11,R+0.1,282791,3,2,25.3
Virginia,VA,VA-02,,False,2010s,False,2016+2020,2,56.34,51.71,2.23,D+2.2,345900,3,3,31.6
Virginia,VA,VA-02,,False,2020s,True,2024,1,51.34,49.25,2.08,D+2.1,449227,6,2,25.4
Virginia,VA,VA-03,,False,2000s,False,2004+2008+2012,3,62.35,51.5,12.41,D+12.4,320368,3,7,94.7
Virginia,VA,VA-03,,False,2010s,False,2016+2020,2,70.59,51.71,17.26,D+17.3,375263,2,8,97.7
Virginia,VA,VA-03,,False,2020s,True,2024,1,67.71,49.25,15.77,D+15.8,283953,4,2,6.3
Virginia,VA,VA-04,,False,2000s,False,2004+2008+2012,3,47.7,51.5,-4.72,R+4.7,369464,15,4,30.9
Virginia,VA,VA-04,,False,2010s,False,2016+2020,2,49.22,51.71,2.4,D+2.4,419272,14,4,33.7
Virginia,VA,VA-04,,False,2020s,True,2024,1,63.83,49.25,13.19,D+13.2,437947,12,3,54.1
Virginia,VA,VA-05,,False,2000s,False,2004+2008+2012,3,46.29,51.5,-4.45,R+4.5,315466,19,4,14.1
Virginia,VA,VA-05,,False,2010s,False,2016+2020,2,44.78,51.71,-4.61,R+4.6,386448,21,3,10.7
Virginia,VA,VA-05,,False,2020s,True,2024,1,44.15,49.25,-2.9,R+2.9,451683,22,2,8.6
Virginia,VA,VA-06,,False,2000s,False,2004+2008+2012,3,40.19,51.5,-9.54,R+9.5,287871,15,5,25.3
Virginia,VA,VA-06,,False,2010s,False,2016+2020,2,38.44,51.71,-11.26,R+11.3,335687,16,4,19.8
Virginia,VA,VA-06,,False,2020s,True,2024,1,38.19,49.25,-7.62,R+7.6,417987,20,2,12.0
Virginia,VA,VA-07,,False,2000s,False,2004+2008+2012,3,45.44,51.5,-5.7,R+5.7,315672,8,5,57.3
Virginia,VA,VA-07,,False,2010s,False,2016+2020,2,48.07,51.71,-2.22,R+2.2,374446,6,4,57.8
Virginia,VA,VA-07,,False,2020s,True,2024,1,48.62,49.25,1.54,D+1.5,369615,9,1,23.9
Virginia,VA,VA-08,,False,2000s,False,2004+2008+2012,3,66.04,51.5,13.01,D+13.0,284577,3,1,36.6
Virginia,VA,VA-08,,False,2010s,False,2016+2020,2,77.04,51.71,22.76,D+22.8,370284,3,1,42.4
Virginia,VA,VA-08,,False,2020s,True,2024,1,74.82,49.25,20.4,D+20.4,381619,3,1,42.5
Virginia,VA,VA-09,,False,2000s,False,2004+2008+2012,3,38.05,51.5,-6.64,R+6.6,284866,23,4,14.0
Virginia,VA,VA-09,,False,2010s,False,2016+2020,2,29.25,51.71,-16.94,R+16.9,350480,26,3,17.6
Virginia,VA,VA-09,,False,2020s,True,2024,1,27.54,49.25,-14.98,R+15.0,397950,27,2,5.0
Virginia,VA,VA-10,,False,2000s,False,2004+2008+2012,3,51.47,51.5,-2.86,R+2.9,419034,6,4,53.1
Virginia,VA,VA-10,,False,2010s,False,2016+2020,2,62.32,51.71,7.62,D+7.6,576325,5,3,53.7
Virginia,VA,VA-10,,False,2020s,True,2024,1,57.9,49.25,6.43,D+6.4,505172,5,2,40.3
Virginia,VA,VA-11,,False,2000s,False,2004+2008+2012,3,57.22,51.5,3.94,D+3.9,349570,1,3,96.9
Virginia,VA,VA-11,,False,2010s,False,2016+2020,2,69.12,51.71,16.34,D+16.3,233538,1,2,94.6
Virginia,VA,VA-11,,False,2020s,True,2024,1,67.96,49.25,15.11,D+15.1,377833,1,1,96.4
Vermont,VT,VT-AL,,True,2000s,False,2004+2008+2012,3,65.82,51.5,7.03,D+7.0,312215,0,0,0.0
Vermont,VT,VT-AL,,True,2010s,False,2016+2020,2,66.74,51.71,15.39,D+15.4,341248,0,0,0.0
Vermont,VT,VT-AL,,True,2020s,True,2024,1,66.39,49.25,15.05,D+15.1,369422,0,0,0.0
Washington,WA,WA-01,,False,2000s,False,2004+2008+2012,3,59.49,51.5,6.35,D+6.3,124365,0,3,100.0
Washington,WA,WA-01,,False,2010s,False,2016+2020,2,67.91,51.71,11.64,D+11.6,999258,0,4,100.0
Washington,WA,WA-01,,False,2020s,True,2024,1,67.69,49.25,14.4,D+14.4,97086,0,2,100.0
Washington,WA,WA-02,,False,2000s,False,2004+2008+2012,3,59.64,51.5,6.6,D+6.6,660637,4,2,69.4
Washington,WA,WA-02,,False,2010s,False,2016+2020,2,58.69,51.71,8.98,D+9.0,126522,2,3,51.8
Washington,WA,WA-02,,False,2020s,True,2024,1,60.46,49.25,11.68,D+11.7,311675,4,1,12.2
Washington,WA,WA-03,,False,2000s,False,2004+2008+2012,3,51.86,51.5,1.71,D+1.7,373561,5,2,27.6
Washington,WA,WA-03,,False,2010s,False,2016+2020,2,48.54,51.71,-0.65,R+0.7,416170,7,1,11.3
Washington,WA,WA-03,,False,2020s,True,2024,1,50.41,49.25,5.25,D+5.2,468386,6,1,13.3
Washington,WA,WA-04,,False,2000s,False,2004+2008+2012,3,38.9,51.5,-8.21,R+8.2,268828,8,2,0.3
Washington,WA,WA-04,,False,2010s,False,2016+2020,2,39.39,51.71,-5.28,R+5.3,294306,7,1,2.7
Washington,WA,WA-04,,False,2020s,True,2024,1,39.29,49.25,0.23,D+0.2,284815,6,2,1.3
Washington,WA,WA-05,,False,2000s,False,2004+2008+2012,3,44.45,51.5,-5.49,R+5.5,328820,11,1,1.5
Washington,WA,WA-05,,False,2010s,False,2016+2020,2,43.97,51.71,-3.1,R+3.1,365221,9,1,5.9
Washington,WA,WA-05,,False,2020s,True,2024,1,44.17,49.25,0.23,D+0.2,433701,10,2,7.8
Washington,WA,WA-06,,False,2000s,False,2004+2008+2012,3,54.83,51.5,4.96,D+5.0,201614,4,2,44.1
Washington,WA,WA-06,,False,2010s,False,2016+2020,2,54.94,51.71,6.56,D+6.6,311521,4,2,21.6
Washington,WA,WA-06,,False,2020s,True,2024,1,57.32,49.25,8.98,D+9.0,347397,5,1,12.3
Washington,WA,WA-07,,False,2000s,False,2004+2008+2012,3,69.35,51.5,14.81,D+14.8,61466,0,1,100.0
Washington,WA,WA-07,,False,2010s,False,2016+2020,2,76.52,51.71,19.47,D+19.5,71396,0,2,100.0
Washington,WA,WA-07,,False,2020s,True,2024,1,76.75,49.25,22.23,D+22.2,76797,0,1,100.0
Washington,WA,WA-08,,False,2000s,False,2004+2008+2012,3,65.32,51.5,5.2,D+5.2,845561,0,2,100.0
Washington,WA,WA-08,,False,2010s,False,2016+2020,2,66.78,51.71,8.71,D+8.7,847404,2,2,92.9
Washington,WA,WA-08,,False,2020s,True,2024,1,67.7,49.25,12.59,D+12.6,1627147,2,3,95.8
Washington,WA,WA-09,,False,2000s,False,2004+2008+2012,3,60.44,51.5,7.84,D+7.8,142306,0,3,100.0
Washington,WA,WA-09,,False,2010s,False,2016+2020,2,76.22,51.71,19.08,D+19.1,92862,0,2,100.0
Washington,WA,WA-09,,False,2020s,True,2024,1,76.75,49.25,18.96,D+19.0,103902,0,1,100.0
Washington,WA,WA-10,,False,2010s,False,2016+2020,2,57.35,51.71,6.98,D+7.0,177666,0,3,100.0
Washington,WA,WA-10,,False,2020s,True,2024,1,58.5,49.25,9.83,D+9.8,173336,0,2,100.0
Wisconsin,WI,WI-01,,False,2000s,False,2004+2008+2012,3,54.79,51.5,-2.1,R+2.1,494113,3,3,53.6
Wisconsin,WI,WI-01,,False,2010s,False,2016+2020,2,51.34,51.71,-3.82,R+3.8,507746,3,3,53.9
Wisconsin,WI,WI-01,,False,2020s,True,2024,1,54.43,49.25,0.9,D+0.9,455703,2,3,56.5
Wisconsin,WI,WI-02,,False,2000s,False,2004+2008+2012,3,66.38,51.5,11.0,D+11.0,415832,3,3,19.8
Wisconsin,WI,WI-02,,False,2010s,False,2016+2020,2,69.56,51.71,14.49,D+14.5,454102,5,2,11.4
Wisconsin,WI,WI-02,,False,2020s,True,2024,1,69.71,49.25,12.08,D+12.1,492902,4,2,16.5
Wisconsin,WI,WI-03,,False,2000s,False,2004+2008+2012,3,55.11,51.5,4.3,D+4.3,382203,17,2,8.9
Wisconsin,WI,WI-03,,False,2010s,False,2016+2020,2,47.66,51.71,-2.73,R+2.7,358060,12,6,18.7
Wisconsin,WI,WI-03,,False,2020s,True,2024,1,46.39,49.25,-1.54,R+1.5,399744,13,6,16.6
Wisconsin,WI,WI-04,,False,2000s,False,2004+2008+2012,3,66.21,51.5,11.56,D+11.6,223301,0,1,100.0
Wisconsin,WI,WI-04,,False,2010s,False,2016+2020,2,69.93,51.71,14.51,D+14.5,238944,0,1,100.0
Wisconsin,WI,WI-04,,False,2020s,True,2024,1,69.62,49.25,13.41,D+13.4,269646,0,1,100.0
Wisconsin,WI,WI-05,,False,2000s,False,2004+2008+2012,3,41.46,51.5,-8.51,R+8.5,406075,2,3,68.5
Wisconsin,WI,WI-05,,False,2010s,False,2016+2020,2,42.03,51.71,-8.96,R+9.0,370092,2,3,65.8
Wisconsin,WI,WI-05,,False,2020s,True,2024,1,40.2,49.25,-6.64,R+6.6,486465,3,3,14.2
Wisconsin,WI,WI-06,,False,2000s,False,2004+2008+2012,3,46.88,51.5,-6.31,R+6.3,363713,10,1,1.9
Wisconsin,WI,WI-06,,False,2010s,False,2016+2020,2,41.87,51.71,-8.04,R+8.0,381461,8,3,26.5
Wisconsin,WI,WI-06,,False,2020s,True,2024,1,41.47,49.25,-5.5,R+5.5,419530,8,3,27.1
Wisconsin,WI,WI-07,,False,2000s,False,2004+2008+2012,3,52.69,51.5,1.03,D+1.0,358024,17,3,5.7
Wisconsin,WI,WI-07,,False,2010s,False,2016+2020,2,39.94,51.71,-9.47,R+9.5,418558,21,5,14.0
Wisconsin,WI,WI-07,,False,2020s,True,2024,1,38.93,49.25,-6.98,R+7.0,466230,21,5,14.5
Wisconsin,WI,WI-08,,False,2000s,False,2004+2008+2012,3,49.19,51.5,-2.75,R+2.8,373030,12,2,4.5
Wisconsin,WI,WI-08,,False,2010s,False,2016+2020,2,41.72,51.71,-9.14,R+9.1,408133,10,1,4.5
Wisconsin,WI,WI-08,,False,2020s,True,2024,1,41.86,49.25,-4.55,R+4.5,432697,9,2,7.7
West Virginia,WV,WV-01,,False,2000s,False,2004+2008+2012,3,40.16,51.5,-1.39,R+1.4,245607,20,0,0.0
West Virginia,WV,WV-01,,False,2010s,False,2016+2020,2,29.38,51.71,-16.2,R+16.2,258752,20,0,0.0
West Virginia,WV,WV-01,,False,2020s,True,2024,1,27.4,49.25,-19.8,R+19.8,364662,28,0,0.0
West Virginia,WV,WV-02,,False,2000s,False,2004+2008+2012,3,41.98,51.5,-3.97,R+4.0,256967,18,0,0.0
West Virginia,WV,WV-02,,False,2010s,False,2016+2020,2,32.12,51.71,-13.02,R+13.0,267934,17,0,0.0
West Virginia,WV,WV-02,,False,2020s,True,2024,1,29.81,49.25,-18.64,R+18.6,397728,27,0,0.0
West Virginia,WV,WV-03,,False,2000s,False,2004+2008+2012,3,40.92,51.5,0.86,D+0.9,211803,17,0,0.0
West Virginia,WV,WV-03,,False,2010s,False,2016+2020,2,25.06,51.71,-18.96,R+19.0,231309,18,0,0.0
Wyoming,WY,WY-AL,,True,2000s,False,2004+2008+2012,3,30.66,51.5,-20.09,R+20.1,249049,0,0,0.0
Wyoming,WY,WY-AL,,True,2010s,False,2016+2020,2,25.9,51.71,-21.52,R+21.5,266307,0,0,0.0
Wyoming,WY,WY-AL,,True,2020s,True,2024,1,26.52,49.25,-21.05,R+21.1,269048,0,0,0.0
