year,state,state_code,office,election,row_type,candidate,party,votes,percentage,winner,incumbent
1969,New Jersey,NJ,governor,"New Jersey gubernatorial election, 1969",Winning,William T. Cahill,Republican,1411905,59.66,True,False
1969,New Jersey,NJ,governor,"New Jersey gubernatorial election, 1969",Candidate,Robert B. Meyner,Democratic,911003,38.49,False,False
1969,New Jersey,NJ,governor,"New Jersey gubernatorial election, 1969",Candidate,James E. Johnson,Independent,10725,0.45,False,False
1969,New Jersey,NJ,governor,"New Jersey gubernatorial election, 1969",Candidate,Jack D. Alvino,Independent,10149,0.43,False,False
1969,New Jersey,NJ,governor,"New Jersey gubernatorial election, 1969",Candidate,Winifred O. Perry,Conservative Party (new York),10128,0.43,False,False
1969,New Jersey,NJ,governor,"New Jersey gubernatorial election, 1969",Candidate,Louis Vanderplate,Independent,6611,0.28,False,False
1969,New Jersey,NJ,governor,"New Jersey gubernatorial election, 1969",Candidate,Julius Levin,Labor,6085,0.26,False,False
1969,New Jersey,NJ,governor,"New Jersey gubernatorial election, 1969",Total,,,2366606,100.0,False,False
1969,Virginia,VA,governor,1969 Virginia gubernatorial election,Winning,"A. Linwood Holton, Jr.",Republican,480869,52.51,True,False
1969,Virginia,VA,governor,1969 Virginia gubernatorial election,Candidate,William C. Battle,Democratic,415695,45.39,False,False
1969,Virginia,VA,governor,1969 Virginia gubernatorial election,Candidate,Beverly McDowell,Conservative Party of Virginia (1965),10596,1.16,False,False
1969,Virginia,VA,governor,1969 Virginia gubernatorial election,Candidate,William Pennington,Independent,7382,0.81,False,False
1969,Virginia,VA,governor,1969 Virginia gubernatorial election,Candidate,George Walker,Independent,1182,0.13,False,False
1969,Virginia,VA,governor,1969 Virginia gubernatorial election,Write-in,Write-ins,Write-ins,317,0.01,False,False
1971,Kentucky,KY,governor,1971 Kentucky gubernatorial election,Winning,Wendell H. Ford,Democratic,470720,50.57,True,False
1971,Kentucky,KY,governor,1971 Kentucky gubernatorial election,Candidate,Tom Emberton,Republican,412653,44.33,False,False
1971,Kentucky,KY,governor,1971 Kentucky gubernatorial election,Candidate,Albert B. Chandler,Independent,39493,4.24,False,False
1971,Kentucky,KY,governor,1971 Kentucky gubernatorial election,Candidate,William E. Smith,Independent,7924,0.85,False,False
1971,Kentucky,KY,governor,1971 Kentucky gubernatorial election,Total,,,930790,100.0,False,False
1971,Mississippi,MS,governor,"Mississippi gubernatorial election, 1971",Winning,William L. Waller,Democratic,601222,77.02,True,False
1971,Mississippi,MS,governor,"Mississippi gubernatorial election, 1971",Candidate,Charles Evers,Independent,172762,22.13,False,False
1971,Mississippi,MS,governor,"Mississippi gubernatorial election, 1971",Candidate,Tom P. Brady,Independent,6653,0.85,False,False
1972,Arkansas,AR,governor,1972 Arkansas gubernatorial election,Winning,Dale Bumpers,Democratic,488892,75.44,True,True
1972,Arkansas,AR,governor,1972 Arkansas gubernatorial election,Candidate,Len E. Blaylock,Republican,159177,24.56,False,False
1972,Delaware,DE,governor,1972 Delaware gubernatorial election,Winning,Sherman W. Tribbitt,Democratic,117274,51.27,True,False
1972,Delaware,DE,governor,1972 Delaware gubernatorial election,Candidate,Russell W. Peterson,Republican,109583,47.91,False,True
1972,Delaware,DE,governor,1972 Delaware gubernatorial election,Candidate,Virginia M. Lyndall,American Party (1969),1468,0.64,False,False
1972,Delaware,DE,governor,1972 Delaware gubernatorial election,Candidate,Harry H. Conner,Prohibition,397,0.17,False,False
1972,Illinois,IL,governor,"1972 gubernatorial election, Illinois",Winning,Daniel Walker/Neil F. Hartigan,Democratic,2371303,50.68,True,False
1972,Illinois,IL,governor,"1972 gubernatorial election, Illinois",Candidate,Richard B. Ogilvie (incumbent)/James D. Nowlan,Republican,2293809,49.02,False,False
1972,Illinois,IL,governor,"1972 gubernatorial election, Illinois",Candidate,George LaForest/Stanley L. Prorok,Labor,7966,0.17,False,False
1972,Illinois,IL,governor,"1972 gubernatorial election, Illinois",Candidate,Ishmael Flory/Theodore Pearson,Communist Party Usa,4592,0.1,False,False
1972,Illinois,IL,governor,"1972 gubernatorial election, Illinois",Write-in,,,1373,0.03,False,False
1972,Illinois,IL,governor,"1972 gubernatorial election, Illinois",Total,,,4679043,,False,False
1972,Indiana,IN,governor,1972 Indiana gubernatorial election,Winning,Otis Bowen,Republican,1203903,56.77,True,False
1972,Indiana,IN,governor,1972 Indiana gubernatorial election,Candidate,Matthew E. Welsh,Democratic,900489,42.46,False,False
1972,Indiana,IN,governor,1972 Indiana gubernatorial election,Candidate,Berryman S. Hurley,Independent,8525,0.4,False,False
1972,Indiana,IN,governor,1972 Indiana gubernatorial election,Candidate,Finley C. Campbell,Freedom,6278,0.3,False,False
1972,Indiana,IN,governor,1972 Indiana gubernatorial election,Candidate,John M. Morris,Labor,1652,0.08,False,False
1972,Indiana,IN,governor,1972 Indiana lieutenant gubernatorial election,Winning,Robert D. Orr,Republican,1149255,55.34,True,False
1972,Indiana,IN,governor,1972 Indiana lieutenant gubernatorial election,Candidate,Richard C. Bodine,Democratic,914000,44.01,False,False
1972,Indiana,IN,governor,1972 Indiana lieutenant gubernatorial election,Candidate,Raymond Lee Clark,Independent,6816,0.33,False,False
1972,Indiana,IN,governor,1972 Indiana lieutenant gubernatorial election,Candidate,Elizabeth Toohy,Freedom,4737,0.23,False,False
1972,Indiana,IN,governor,1972 Indiana lieutenant gubernatorial election,Candidate,Casimer Kanczuzewski,Labor,1878,0.09,False,False
1972,Iowa,IA,governor,1972 Iowa gubernatorial election,Winning,Robert D. Ray,Republican,707177,58.43,True,True
1972,Iowa,IA,governor,1972 Iowa gubernatorial election,Candidate,Paul Franzenburg,Democratic,487282,40.26,False,False
1972,Iowa,IA,governor,1972 Iowa gubernatorial election,Candidate,Robert Dilley,Independent,15715,1.3,False,False
1972,Iowa,IA,governor,1972 Iowa gubernatorial election,Write-in,Write-ins,Write-ins,48,0.0,False,False
1972,Kansas,KS,governor,1972 Kansas gubernatorial election,Winning,Robert Docking,Democratic,571256,61.99,True,True
1972,Kansas,KS,governor,1972 Kansas gubernatorial election,Candidate,Morris Kay,Republican,341440,37.05,False,False
1972,Kansas,KS,governor,1972 Kansas gubernatorial election,Candidate,Rolland Ernest Fisher,Prohibition,8856,0.96,False,False
1972,Missouri,MO,governor,"1972 gubernatorial election, Missouri",Winning,Kit Bond,Republican,1029451,55.18,True,False
1972,Missouri,MO,governor,"1972 gubernatorial election, Missouri",Candidate,Edward L. Dowd,Democratic,832751,44.64,False,False
1972,Missouri,MO,governor,"1972 gubernatorial election, Missouri",Candidate,Paul J. Leonard,Nonpartisan,3481,0.19,False,False
1972,Montana,MT,governor,"Montana gubernatorial election, 1972",Winning,Thomas Lee Judge,Democratic,172523,54.12,True,False
1972,Montana,MT,governor,"Montana gubernatorial election, 1972",Candidate,Ed Smith,Republican,146231,45.88,False,False
1972,New Hampshire,NH,governor,1972 New Hampshire gubernatorial election,Winning,Meldrim Thomson Jr.,Republican,133702,41.38,True,False
1972,New Hampshire,NH,governor,1972 New Hampshire gubernatorial election,Candidate,Robert J. Crowley,Democratic,126107,39.03,False,False
1972,New Hampshire,NH,governor,1972 New Hampshire gubernatorial election,Candidate,Malcolm McLane,Independent,63199,19.56,False,False
1972,New Hampshire,NH,governor,1972 New Hampshire gubernatorial election,Candidate,Scattering,Write-in,94,0.32,False,False
1972,North Carolina,NC,governor,1972 North Carolina gubernatorial election,Winning,James Holshouser,Republican,767470,51.0,True,False
1972,North Carolina,NC,governor,1972 North Carolina gubernatorial election,Candidate,Skipper Bowles,Democratic,729104,48.45,False,False
1972,North Carolina,NC,governor,1972 North Carolina gubernatorial election,Candidate,Arlis F. Pettyjohn,American Party (1969),8211,0.55,False,False
1972,North Dakota,ND,governor,1972 North Dakota gubernatorial election,Winning,Arthur A. Link,North Dakota Democratic-npl,143899,51.04,True,False
1972,North Dakota,ND,governor,1972 North Dakota gubernatorial election,Candidate,Richard F. Larsen,Republican,138032,48.96,False,False
1972,Rhode Island,RI,governor,1972 Rhode Island gubernatorial election,Winning,Philip Noel,Democratic,216953,52.55,True,False
1972,Rhode Island,RI,governor,1972 Rhode Island gubernatorial election,Candidate,Herbert F. DeSimone,Republican,194315,47.07,False,False
1972,Rhode Island,RI,governor,1972 Rhode Island gubernatorial election,Candidate,Adam J. Varone,Independent,1597,0.39,False,False
1972,South Dakota,SD,governor,"South Dakota gubernatorial election, 1972",Winning,Richard F. Kneip (inc.),Democratic,185012,60.03,True,False
1972,South Dakota,SD,governor,"South Dakota gubernatorial election, 1972",Candidate,Carveth Thompson,Republican,123165,39.97,False,False
1972,South Dakota,SD,governor,"South Dakota gubernatorial election, 1972",Total,,,308177,100.0,False,False
1972,Texas,TX,governor,General election results,Winning,Dolph Briscoe,Democratic,1633493,47.91,True,False
1972,Texas,TX,governor,General election results,Candidate,Henry Grover,Republican,1533986,44.99,False,False
1972,Texas,TX,governor,General election results,Candidate,Ramsey Muniz,Unida,214118,6.28,False,False
1972,Texas,TX,governor,General election results,Candidate,Deborah Leonard,Workers,24103,0.71,False,False
1972,Texas,TX,governor,General election results,Candidate,,Others,3891,0.11,False,False
1972,Texas,TX,governor,General election results,Total,,,3409501,100.0,False,False
1972,Utah,UT,governor,1972 Utah gubernatorial election,Winning,Cal Rampton,Democratic,331998,69.68,True,True
1972,Utah,UT,governor,1972 Utah gubernatorial election,Candidate,Nicholas L. Strike,Republican,144449,30.32,False,False
1972,Utah,UT,governor,1972 Utah gubernatorial election,Total,,,476447,100.0,False,False
1972,Vermont,VT,governor,1972 Vermont gubernatorial election,Candidate,Thomas P. Salmon,Democratic,101751,53.8,False,False
1972,Vermont,VT,governor,1972 Vermont gubernatorial election,Candidate,Luther F. Hackett,Republican,82491,43.6,False,False
1972,Vermont,VT,governor,1972 Vermont gubernatorial election,Candidate,Bernie Sanders,Union,2175,1.1,False,False
1972,Vermont,VT,governor,1972 Vermont gubernatorial election,Candidate,Other,N/a,38,0.0,False,False
1972,Vermont,VT,governor,1972 Vermont gubernatorial election,Total,,,189237,100.0,False,False
1972,Washington,WA,governor,1972 Washington gubernatorial election,Winning,Daniel J. Evans,Republican,747825,50.78,True,True
1972,Washington,WA,governor,1972 Washington gubernatorial election,Candidate,Albert D. Rosellini,Democratic,630613,42.82,False,False
1972,Washington,WA,governor,1972 Washington gubernatorial election,Candidate,Vick Gould,Taxpayers,86843,5.9,False,False
1972,Washington,WA,governor,1972 Washington gubernatorial election,Candidate,Robin David,Workers,4552,0.31,False,False
1972,Washington,WA,governor,1972 Washington gubernatorial election,Candidate,Henry Killman,Labor,2709,0.18,False,False
1972,Washington,WA,governor,1972 Washington gubernatorial election,Total,,,1472542,100.0,False,False
1972,West Virginia,WV,governor,1972 West Virginia gubernatorial election,Winning,"Arch A. Moore, Jr.",Republican,423817,54.74,True,True
1972,West Virginia,WV,governor,1972 West Virginia gubernatorial election,Candidate,Jay Rockefeller,Democratic,350462,45.26,False,False
1972,West Virginia,WV,governor,1972 West Virginia gubernatorial election,Total,,,774279,100.0,False,False
1973,New Jersey,NJ,governor,"New Jersey gubernatorial election, 1973",Winning,Brendan Byrne,Democratic,1414613,66.67,True,False
1973,New Jersey,NJ,governor,"New Jersey gubernatorial election, 1973",Candidate,Charles W. Sandman Jr.,Republican,676235,31.87,False,False
1973,New Jersey,NJ,governor,"New Jersey gubernatorial election, 1973",Candidate,A. Howard Freund,Independent,6412,0.31,False,False
1973,New Jersey,NJ,governor,"New Jersey gubernatorial election, 1973",Candidate,Alfred V. Colabella,Independent,5088,0.24,False,False
1973,New Jersey,NJ,governor,"New Jersey gubernatorial election, 1973",Candidate,Robert Clement,Labor,4249,0.2,False,False
1973,New Jersey,NJ,governor,"New Jersey gubernatorial election, 1973",Candidate,John A. Goodson,Libertarian,3071,0.15,False,False
1973,New Jersey,NJ,governor,"New Jersey gubernatorial election, 1973",Candidate,"James J. Terlizzi, Sr.",Independent,2670,0.13,False,False
1973,New Jersey,NJ,governor,"New Jersey gubernatorial election, 1973",Candidate,Stanley R. Knis,Independent,2108,0.1,False,False
1973,New Jersey,NJ,governor,"New Jersey gubernatorial election, 1973",Candidate,Kenneth F. Newcombe,Communist Party Usa,2008,0.1,False,False
1973,New Jersey,NJ,governor,"New Jersey gubernatorial election, 1973",Candidate,Angelo S. Massaro,Independent,1898,0.09,False,False
1973,New Jersey,NJ,governor,"New Jersey gubernatorial election, 1973",Candidate,Jack D. Alvino,Independent,1843,0.09,False,False
1973,New Jersey,NJ,governor,"New Jersey gubernatorial election, 1973",Candidate,George Gilk,Independent,1814,0.09,False,False
1973,Virginia,VA,governor,1973 Virginia gubernatorial election,Winning,Mills Godwin,Republican,525075,50.71,True,False
1973,Virginia,VA,governor,1973 Virginia gubernatorial election,Candidate,Henry Howell,Independent,510103,49.26,False,False
1973,Virginia,VA,governor,1973 Virginia gubernatorial election,Write-in,Write-ins,Write-ins,317,0.03,False,False
1974,Alabama,AL,governor,1974 Alabama gubernatorial election,Winning,George Wallace,Democratic,497574,83.16,True,True
1974,Alabama,AL,governor,1974 Alabama gubernatorial election,Candidate,Elvin McCary,Republican,88381,14.77,False,False
1974,Alabama,AL,governor,1974 Alabama gubernatorial election,Candidate,Jim Partain,Prohibition,12350,2.06,False,False
1974,Alabama,AL,governor,1974 Alabama gubernatorial election,Total,,,598305,100.0,False,False
1974,Alaska,AK,governor,Open Primary Result,Winning,Jay Hammond,Republican,28602,34.47,True,False
1974,Alaska,AK,governor,Open Primary Result,Winning,Bill Egan (inc.),Democratic,20356,24.53,True,False
1974,Alaska,AK,governor,Open Primary Result,Candidate,Wally Hickel,Republican,20728,24.98,False,False
1974,Alaska,AK,governor,Open Primary Result,Candidate,Keith Harvey Miller,Republican,10864,13.09,False,False
1974,Alaska,AK,governor,Open Primary Result,Candidate,Don Wright,Democratic,1063,1.28,False,False
1974,Alaska,AK,governor,Open Primary Result,Candidate,Eben Hopson,Democratic,951,1.15,False,False
1974,Alaska,AK,governor,Open Primary Result,Candidate,Donn Hopkins,Republican,269,0.32,False,False
1974,Alaska,AK,governor,Open Primary Result,Candidate,James R. Russell,Republican,144,0.17,False,False
1974,Alaska,AK,governor,Open Primary Result,Total,,,82977,100.0,False,False
1974,Alaska,AK,governor,1974 Alaska gubernatorial election,Winning,Jay Hammond,Republican,45840,47.67,True,False
1974,Alaska,AK,governor,1974 Alaska gubernatorial election,Candidate,Bill Egan (inc.),Democratic,45553,47.37,False,False
1974,Alaska,AK,governor,1974 Alaska gubernatorial election,Candidate,Joe Vogler,Independence,4770,4.96,False,False
1974,Arizona,AZ,governor,"Arizona gubernatorial election, 1974",Winning,Raúl Héctor Castro,Democratic,278375,50.41,True,False
1974,Arizona,AZ,governor,"Arizona gubernatorial election, 1974",Candidate,Russell Williams,Republican,273674,49.56,False,False
1974,Arizona,AZ,governor,"Arizona gubernatorial election, 1974",Candidate,Russell Shaw (write-in),Independent,149,0.03,False,False
1974,Arizona,AZ,governor,"Arizona gubernatorial election, 1974",Candidate,Harold Bates (write-in),Independent,4,0.0,False,False
1974,Arizona,AZ,governor,"Arizona gubernatorial election, 1974",Total,,,552202,100.0,False,False
1974,Arkansas,AR,governor,1974 Arkansas gubernatorial election,Winning,David Pryor,Democratic,358018,65.57,True,False
1974,Arkansas,AR,governor,1974 Arkansas gubernatorial election,Candidate,Ken Coon,Republican,187872,34.41,False,False
1974,Arkansas,AR,governor,1974 Arkansas gubernatorial election,Candidate,Joseph H. Weston,Write-in,84,0.02,False,False
1974,California,CA,governor,1974 California gubernatorial election,Winning,Edmund G. Brown Jr.,Democratic,3131648,50.12,True,False
1974,California,CA,governor,1974 California gubernatorial election,Candidate,Houston I. Flournoy,Republican,2952954,47.26,False,False
1974,California,CA,governor,1974 California gubernatorial election,Candidate,Edmon V. Kaiser,Independent,83869,1.34,False,False
1974,California,CA,governor,1974 California gubernatorial election,Candidate,Elizabeth Keathley,Freedom,75004,1.2,False,False
1974,California,CA,governor,1974 California gubernatorial election,Candidate,Scattering,,4595,0.07,False,False
1974,California,CA,governor,1974 California gubernatorial election,Total,,,6248070,100.0,False,False
1974,Colorado,CO,governor,1974 Colorado gubernatorial election,Winning,Richard Lamm,Democratic,441199,53.22,True,False
1974,Colorado,CO,governor,1974 Colorado gubernatorial election,Candidate,John D. Vanderhoof,Republican,378907,45.71,False,True
1974,Colorado,CO,governor,1974 Colorado gubernatorial election,Candidate,Earl F. Dodge Jr.,Prohibition,6419,0.77,False,False
1974,Colorado,CO,governor,1974 Colorado gubernatorial election,Candidate,Lann Meyers,U.s. Labor,2307,0.28,False,False
1974,Connecticut,CT,governor,1974 Connecticut gubernatorial election,Winning,Ella Grasso,Democratic,643490,58.35,True,False
1974,Connecticut,CT,governor,1974 Connecticut gubernatorial election,Candidate,Robert H. Steele,Republican,440169,39.92,False,False
1974,Connecticut,CT,governor,1974 Connecticut gubernatorial election,Candidate,Thomas J. Pallone,Wallace,16660,1.51,False,False
1974,Connecticut,CT,governor,1974 Connecticut gubernatorial election,Candidate,Allen C. Peichert,American Party (1969),2291,0.21,False,False
1974,Florida,FL,governor,1974 Florida gubernatorial election results,Winning,Reubin Askew,Democratic,1118954,61.2,True,True
1974,Florida,FL,governor,1974 Florida gubernatorial election results,Candidate,Jerry Thomas,Republican,709438,38.8,False,False
1974,Guamanian,GU,governor,1974 Guamanian gubernatorial general election|,Winning,Ricardo Bordallo Rudy Sablan,Democratic,8830,39.52,True,False
1974,Guamanian,GU,governor,1974 Guamanian gubernatorial general election|,Winning,Carlos Camacho (inc.) Kurt Moylan (inc.),Republican,7203,32.24,True,False
1974,Guamanian,GU,governor,1974 Guamanian gubernatorial general election|,Candidate,Paul McDonald Calvo Tony Palomo,Write-in For '74,6311,28.24,False,False
1974,Guamanian,GU,governor,1974 Guamanian gubernatorial general election|,Total,,,22344,100.0,False,False
1974,Guamanian,GU,governor,1974 Guamanian gubernatorial runoff election|,Winning,Ricardo Bordallo Rudy Sablan,Democratic,11441,51.41,True,False
1974,Guamanian,GU,governor,1974 Guamanian gubernatorial runoff election|,Winning,Carlos Camacho (inc.) Kurt Moylan (inc.),Republican,10814,48.59,True,False
1974,Guamanian,GU,governor,1974 Guamanian gubernatorial runoff election|,Total,,,22255,100.0,False,False
1974,Hawaii,HI,governor,"Hawaii gubernatorial election, 1974",Winning,George Ariyoshi,Democratic,136262,54.58,True,False
1974,Hawaii,HI,governor,"Hawaii gubernatorial election, 1974",Candidate,Randolph Crossley,Republican,113388,45.42,False,False
1974,Idaho,ID,governor,1974 Idaho gubernatorial election,Winning,Cecil Andrus,Democratic,184142,70.92,True,True
1974,Idaho,ID,governor,1974 Idaho gubernatorial election,Candidate,Jack Murphy,Republican,68731,26.47,False,False
1974,Idaho,ID,governor,1974 Idaho gubernatorial election,Candidate,Nolan Victor,American Party (1969),6759,2.6,False,False
1974,Iowa,IA,governor,1974 Iowa gubernatorial election,Winning,Robert D. Ray,Republican,534518,58.07,True,True
1974,Iowa,IA,governor,1974 Iowa gubernatorial election,Candidate,James Schaben,Democratic,377553,41.02,False,False
1974,Iowa,IA,governor,1974 Iowa gubernatorial election,Candidate,Ralph Scott,American Party (1969),8323,0.9,False,False
1974,Iowa,IA,governor,1974 Iowa gubernatorial election,Write-in,Write-ins,Write-ins,64,0.01,False,False
1974,Kansas,KS,governor,1974 Kansas gubernatorial election,Winning,Robert Frederick Bennett,Republican,387792,49.47,True,False
1974,Kansas,KS,governor,1974 Kansas gubernatorial election,Candidate,Vern Miller,Democratic,384115,49.0,False,False
1974,Kansas,KS,governor,1974 Kansas gubernatorial election,Candidate,Marshall Uncapher,Prohibition,11968,1.53,False,False
1974,Maine,ME,governor,1974 Maine gubernatorial election results,Winning,James B. Longley,Independent,142464,39.7,True,False
1974,Maine,ME,governor,1974 Maine gubernatorial election results,Candidate,George J. Mitchell,Democratic,132219,36.84,False,False
1974,Maine,ME,governor,1974 Maine gubernatorial election results,Candidate,James S. Erwin,Republican,84176,23.46,False,False
1974,Maryland,MD,governor,1974 Maryland gubernatorial election,Winning,Marvin Mandel,Democratic,602648,63.5,True,True
1974,Maryland,MD,governor,1974 Maryland gubernatorial election,Candidate,Louise Gore,Republican,346449,36.5,False,False
1974,Massachusetts,MA,governor,"Massachusetts gubernatorial election, 1974",Winning,Michael Dukakis (Thomas P. O'Neill III),Democratic,992284,53.5,True,False
1974,Massachusetts,MA,governor,"Massachusetts gubernatorial election, 1974",Candidate,Francis W. Sargent (Donald R. Dwight),Republican,784353,42.29,False,True
1974,Massachusetts,MA,governor,"Massachusetts gubernatorial election, 1974",Candidate,Leo F. Kahian (Nicholas J. Greco),American Party (1969),63083,3.4,False,False
1974,Massachusetts,MA,governor,"Massachusetts gubernatorial election, 1974",Candidate,Donald Gurewitz (Ollie Bivins),Workers,15011,0.81,False,False
1974,Michigan,MI,governor,1974 Michigan gubernatorial election,Winning,William G. Milliken (inc.),Republican,1356865,51.07,True,False
1974,Michigan,MI,governor,1974 Michigan gubernatorial election,Candidate,Sander M. Levin,Democratic,1242247,46.75,False,False
1974,Michigan,MI,governor,1974 Michigan gubernatorial election,Candidate,Zolton Ferency,Rights,28675,1.08,False,False
1974,Michigan,MI,governor,1974 Michigan gubernatorial election,Candidate,Hugh McDermand Davidson,Independent,20278,0.76,False,False
1974,Michigan,MI,governor,1974 Michigan gubernatorial election,Candidate,Eldon K. Andrews,Conservative,4117,0.15,False,False
1974,Michigan,MI,governor,1974 Michigan gubernatorial election,Candidate,Robin Maisel,Workers,1505,0.06,False,False
1974,Michigan,MI,governor,1974 Michigan gubernatorial election,Candidate,James Horvath,Labor,1296,0.05,False,False
1974,Michigan,MI,governor,1974 Michigan gubernatorial election,Candidate,Thomas Dennis,Communist Party Usa,1119,0.04,False,False
1974,Michigan,MI,governor,1974 Michigan gubernatorial election,Candidate,Peter Signorelli,U.s. Labor,898,0.03,False,False
1974,Michigan,MI,governor,1974 Michigan gubernatorial election,Candidate,Scattering,,17,0.0,False,False
1974,Michigan,MI,governor,1974 Michigan gubernatorial election,Total,,,2657017,100.0,False,False
1974,Minnesota,MN,governor,1974 Minnesota gubernatorial election,Winning,Wendell Anderson,Minnesota Democratic–farmer–labor,786787,62.8,True,True
1974,Minnesota,MN,governor,1974 Minnesota gubernatorial election,Candidate,John W. Johnson,Republican,376722,29.35,False,False
1974,Minnesota,MN,governor,1974 Minnesota gubernatorial election,Candidate,James Miles,Independent,60150,4.8,False,False
1974,Minnesota,MN,governor,1974 Minnesota gubernatorial election,Candidate,Harry Pool,American Party (1969),20454,1.63,False,False
1974,Minnesota,MN,governor,1974 Minnesota gubernatorial election,Candidate,Jane VanDeusen,Workers,9232,0.74,False,False
1974,Minnesota,MN,governor,1974 Minnesota gubernatorial election,Candidate,Erwin Marquit,Communist Party Usa,3570,0.28,False,False
1974,Minnesota,MN,governor,1974 Minnesota gubernatorial election,Candidate,Genevieve Gunderson,Government,2720,0.22,False,False
1974,Minnesota,MN,governor,1974 Minnesota gubernatorial election,Candidate,Richard Kleinow,Libertarian,2115,0.17,False,False
1974,Nebraska,NE,governor,"Nebraska gubernatorial election, 1974",Winning,J. James Exon,Democratic,267012,59.16,True,True
1974,Nebraska,NE,governor,"Nebraska gubernatorial election, 1974",Candidate,Richard D. Marvel,Republican,159780,35.4,False,False
1974,Nebraska,NE,governor,"Nebraska gubernatorial election, 1974",Candidate,Ernie Chambers,Write-in,24320,5.39,False,False
1974,Nebraska,NE,governor,"Nebraska gubernatorial election, 1974",Candidate,Others,Write-in,194,0.04,False,False
1974,Nebraska,NE,governor,"Nebraska gubernatorial election, 1974",Total,,,451306,100.0,False,False
1974,Nevada,NV,governor,"Nevada gubernatorial election, 1974",Winning,Mike O'Callaghan (inc.),Democratic,114114,67.38,True,False
1974,Nevada,NV,governor,"Nevada gubernatorial election, 1974",Candidate,Shirley Crumpler,Republican,28959,17.1,False,False
1974,Nevada,NV,governor,"Nevada gubernatorial election, 1974",Candidate,James Ray Houston,American,26285,15.52,False,False
1974,Nevada,NV,governor,"Nevada gubernatorial election, 1974",Total,,,169358,100.0,False,False
1974,New Hampshire,NH,governor,1974 New Hampshire gubernatorial election,Winning,Meldrim Thomson Jr.,Republican,115933,51.15,True,True
1974,New Hampshire,NH,governor,1974 New Hampshire gubernatorial election,Candidate,Richard W. Leonard,Democratic,110591,48.79,False,False
1974,New Hampshire,NH,governor,1974 New Hampshire gubernatorial election,Candidate,Scattering,Write-in,141,0.06,False,False
1974,New Mexico,NM,governor,1974 New Mexico gubernatorial election,Winning,Jerry Apodaca,Democratic,164172,49.94,True,False
1974,New Mexico,NM,governor,1974 New Mexico gubernatorial election,Candidate,Joe Skeen,Republican,160430,48.8,False,False
1974,New Mexico,NM,governor,1974 New Mexico gubernatorial election,Candidate,Gene Gonzales,Independent,4140,1.24,False,False
1974,New Mexico,NM,governor,1974 New Mexico gubernatorial election,Candidate,Scattering,,78,0.02,False,False
1974,New Mexico,NM,governor,1974 New Mexico gubernatorial election,Total,,,328742,100.0,False,False
1974,New York,NY,governor,"New York gubernatorial election, 1974",Winning,Hugh Carey,Total,3028503,57.22,True,False
1974,New York,NY,governor,"New York gubernatorial election, 1974",Candidate,Hugh Carey,Democratic,2807724,53.05,False,False
1974,New York,NY,governor,"New York gubernatorial election, 1974",Candidate,Malcolm Wilson,Republican,1950587,36.85,False,False
1974,New York,NY,governor,"New York gubernatorial election, 1974",Candidate,Wayne S. Amato,Courage,12459,0.24,False,False
1974,New York,NY,governor,"New York gubernatorial election, 1974",Candidate,Jerome Tuccille,Libertarian,10503,0.2,False,False
1974,New York,NY,governor,"New York gubernatorial election, 1974",Candidate,Derrick Morrison,Workers,8857,0.17,False,False
1974,New York,NY,governor,"New York gubernatorial election, 1974",Candidate,Jose A. Ristorrucci,Communist Party Usa,5232,0.24,False,False
1974,New York,NY,governor,"New York gubernatorial election, 1974",Candidate,John Emanuel,Labor,4574,0.09,False,False
1974,New York,NY,governor,"New York gubernatorial election, 1974",Candidate,Anton Chaitkin,U.s. Labor,3151,0.06,False,False
1974,Ohio,OH,governor,1974 Ohio gubernatorial election,Winning,Jim Rhodes,Republican,1493679,48.62,True,False
1974,Ohio,OH,governor,1974 Ohio gubernatorial election,Candidate,John J. Gilligan,Democratic,1482191,48.25,False,True
1974,Ohio,OH,governor,1974 Ohio gubernatorial election,Candidate,Nancy B. Lazar,Independent,95625,3.11,False,False
1974,Oklahoma,OK,governor,1974 Oklahoma gubernatorial election,Winning,David Lyle Boren,Democratic,514389,63.91,True,False
1974,Oklahoma,OK,governor,1974 Oklahoma gubernatorial election,Candidate,Jim Inhofe,Republican,290459,36.09,False,False
1974,Oklahoma,OK,governor,1974 Oklahoma gubernatorial election,Total,,,804848,100.0,False,False
1974,Oregon,OR,governor,1974 Oregon gubernatorial election,Winning,Robert W. Straub,Democratic,444812,57.73,True,False
1974,Oregon,OR,governor,1974 Oregon gubernatorial election,Candidate,Victor G. Atiyeh,Republican,324751,42.14,False,False
1974,Oregon,OR,governor,1974 Oregon gubernatorial election,Candidate,Scattering,Write-in,1011,0.13,False,False
1974,Oregon,OR,governor,1974 Oregon gubernatorial election,Total,,,770574,100.0,False,False
1974,Rhode Island,RI,governor,1974 Rhode Island gubernatorial election,Winning,Philip Noel,Democratic,252436,78.48,True,True
1974,Rhode Island,RI,governor,1974 Rhode Island gubernatorial election,Candidate,James W. Nugent,Republican,69224,21.52,False,False
1974,South Carolina,SC,governor,"South Carolina Gubernatorial Election, 1974",Winning,James B. Edwards,Republican,266338,50.3,True,False
1974,South Carolina,SC,governor,"South Carolina Gubernatorial Election, 1974",Candidate,W.J. Bryan Dorn,Democratic,248861,47.0,False,False
1974,South Carolina,SC,governor,"South Carolina Gubernatorial Election, 1974",Candidate,Peggy Jennings,Independent,8313,1.6,False,False
1974,South Carolina,SC,governor,"South Carolina Gubernatorial Election, 1974",Candidate,Write-Ins,No,5528,1.1,False,False
1974,South Dakota,SD,governor,"South Dakota gubernatorial election, 1974",Winning,Richard F. Kneip (inc.),Democratic,149151,53.61,True,False
1974,South Dakota,SD,governor,"South Dakota gubernatorial election, 1974",Candidate,John E. Olson,Republican,129077,46.39,False,False
1974,South Dakota,SD,governor,"South Dakota gubernatorial election, 1974",Total,,,278228,100.0,False,False
1974,Tennessee,TN,governor,1974 Tennessee gubernatorial election,Winning,Ray Blanton,Democratic,576833,55.43,True,False
1974,Tennessee,TN,governor,1974 Tennessee gubernatorial election,Candidate,Lamar Alexander,Republican,455467,43.77,False,False
1974,Tennessee,TN,governor,1974 Tennessee gubernatorial election,Candidate,Jack Comer,Independent,2431,0.23,False,False
1974,Tennessee,TN,governor,1974 Tennessee gubernatorial election,Candidate,Alfred W. Taylor,Independent,2338,0.23,False,False
1974,Tennessee,TN,governor,1974 Tennessee gubernatorial election,Candidate,James Reesor,Independent,1986,0.19,False,False
1974,Tennessee,TN,governor,1974 Tennessee gubernatorial election,Candidate,Hubert David Patty,Independent,845,0.08,False,False
1974,Tennessee,TN,governor,1974 Tennessee gubernatorial election,Candidate,Arnold Joseph Zandi,Independent,784,0.08,False,False
1974,Tennessee,TN,governor,1974 Tennessee gubernatorial election,Write-in,Write-in,Write-in,30,0.0,False,False
1974,Texas,TX,governor,General Election Results,Winning,Dolph Briscoe (Inc.),Democratic,1016334,61.41,True,False
1974,Texas,TX,governor,General Election Results,Candidate,Jim Granberry,Republican,514725,31.07,False,False
1974,Texas,TX,governor,General Election Results,Candidate,Ramsey Muniz,Unida,93295,5.63,False,False
1974,Texas,TX,governor,General Election Results,Candidate,S. W. McDonnell,Independent,22208,1.34,False,False
1974,Texas,TX,governor,General Election Results,Candidate,Sherry Smith,Workers,8171,0.49,False,False
1974,Texas,TX,governor,General Election Results,Total,,,1654984,100.0,False,False
1974,Vermont,VT,governor,1974 Vermont gubernatorial election,Candidate,Thomas P. Salmon,Democratic,77254,54.7,False,False
1974,Vermont,VT,governor,1974 Vermont gubernatorial election,Candidate,Thomas P. Salmon (inc.),Total,79842,56.5,False,False
1974,Vermont,VT,governor,1974 Vermont gubernatorial election,Candidate,Walter L. Kennedy,Republican,53672,38.1,False,False
1974,Vermont,VT,governor,1974 Vermont gubernatorial election,Candidate,Martha Abbott,Union,7629,5.4,False,False
1974,Vermont,VT,governor,1974 Vermont gubernatorial election,Candidate,Other,N/a,13,0.0,False,False
1974,Vermont,VT,governor,1974 Vermont gubernatorial election,Total,,,141156,100.0,False,False
1974,Wisconsin,WI,governor,1974 Wisconsin gubernatorial election,Winning,Patrick J. Lucey,Democratic,628639,53.19,True,True
1974,Wisconsin,WI,governor,1974 Wisconsin gubernatorial election,Candidate,William Dyke,Republican,497195,42.06,False,False
1974,Wisconsin,WI,governor,1974 Wisconsin gubernatorial election,Candidate,William H. Upham,American Party (1969),33528,2.84,False,False
1974,Wisconsin,WI,governor,1974 Wisconsin gubernatorial election,Candidate,Crazy Jim,Independent,12203,1.03,False,False
1974,Wisconsin,WI,governor,1974 Wisconsin gubernatorial election,Candidate,William O. Hart,Independent,5159,0.44,False,False
1974,Wisconsin,WI,governor,1974 Wisconsin gubernatorial election,Candidate,Fred B. Blair,Independent,3617,0.31,False,False
1974,Wisconsin,WI,governor,1974 Wisconsin gubernatorial election,Candidate,Georgia Cozzini,Independent,1513,0.13,False,False
1974,Wisconsin,WI,governor,1974 Wisconsin gubernatorial election,Candidate,Scattering,,132,0.01,False,False
1974,Wisconsin,WI,governor,1974 Wisconsin gubernatorial election,Total,,,1181976,100.0,False,False
1974,Wyoming,WY,governor,1974 Wyoming gubernatorial election,Winning,Edgar Herschler,Democratic,71741,55.88,True,False
1974,Wyoming,WY,governor,1974 Wyoming gubernatorial election,Candidate,Dick Jones,Republican,56645,44.12,False,False
1975,Kentucky,KY,governor,1975 Kentucky gubernatorial election,Winning,Julian M. Carroll,Democratic,470159,62.84,True,True
1975,Kentucky,KY,governor,1975 Kentucky gubernatorial election,Candidate,"Robert E. ""Bob"" Gable",Republican,277998,37.16,False,False
1975,Kentucky,KY,governor,1975 Kentucky gubernatorial election,Total,,,748157,100.0,False,False
1975,Louisiana,LA,governor,1975 Louisiana gubernatorial election,Winning,Edwin Edwards,Democratic,750107,62.35,True,True
1975,Louisiana,LA,governor,1975 Louisiana gubernatorial election,Candidate,Bob Jones,Democratic,292220,24.29,False,False
1975,Louisiana,LA,governor,1975 Louisiana gubernatorial election,Candidate,Wade O. Martin Jr.,Democratic,146368,12.17,False,False
1975,Louisiana,LA,governor,1975 Louisiana gubernatorial election,Candidate,Ken Lewis,Democratic,5307,0.44,False,False
1975,Louisiana,LA,governor,1975 Louisiana gubernatorial election,Candidate,Addison Roswell Thompson,Democratic,4664,0.39,False,False
1975,Louisiana,LA,governor,1975 Louisiana gubernatorial election,Candidate,Cecilia M. Pizzo,Democratic,4338,0.36,False,False
1975,Louisiana,LA,governor,1975 Louisiana gubernatorial election,Total,,,1203004,100.0,False,False
1975,Mississippi,MS,governor,"Mississippi gubernatorial election, 1975",Winning,Cliff Finch,Democratic,369568,52.19,True,False
1975,Mississippi,MS,governor,"Mississippi gubernatorial election, 1975",Candidate,Gil Carmichael,Republican,319632,45.14,False,False
1975,Mississippi,MS,governor,"Mississippi gubernatorial election, 1975",Candidate,Henry Jay Kirksey,Independent,18883,2.67,False,False
1975,Mississippi,MS,governor,"Mississippi gubernatorial election, 1975",Total,,,708083,100.0,False,False
1976,Arkansas,AR,governor,1976 Arkansas gubernatorial election,Winning,David Pryor,Democratic,605083,83.24,True,True
1976,Arkansas,AR,governor,1976 Arkansas gubernatorial election,Candidate,Leon Griffith,Republican,121716,16.74,False,False
1976,Arkansas,AR,governor,1976 Arkansas gubernatorial election,Candidate,Thaddeus Honeycutt,Write-in,150,0.02,False,False
1976,Delaware,DE,governor,1976 Delaware gubernatorial election,Winning,Pierre S. duPont IV,Republican,130531,56.86,True,False
1976,Delaware,DE,governor,1976 Delaware gubernatorial election,Candidate,Sherman W. Tribbitt,Democratic,97480,42.46,False,True
1976,Delaware,DE,governor,1976 Delaware gubernatorial election,Candidate,George W. Cripps,American Party (1969),1255,0.55,False,False
1976,Delaware,DE,governor,1976 Delaware gubernatorial election,Candidate,Harry Conner,Prohibition,297,0.13,False,False
1976,Illinois,IL,governor,"1976 gubernatorial election, Illinois",Winning,James R. Thompson/Dave O'Neal,Republican,3000365,64.68,True,False
1976,Illinois,IL,governor,"1976 gubernatorial election, Illinois",Candidate,Michael J. Howlett/Neil F. Hartigan,Democratic,1610258,34.71,False,False
1976,Illinois,IL,governor,"1976 gubernatorial election, Illinois",Candidate,Ishmael Flory/Linda R. Appelhans,Communist Party Usa,10091,0.22,False,False
1976,Illinois,IL,governor,"1976 gubernatorial election, Illinois",Candidate,F. Joseph McCaffrey/Georgia E. Shields,Libertarian,7552,0.16,False,False
1976,Illinois,IL,governor,"1976 gubernatorial election, Illinois",Candidate,Suzanne Haig/Dennis Brasky,Workers,4926,0.11,False,False
1976,Illinois,IL,governor,"1976 gubernatorial election, Illinois",Candidate,George LaForest/Stanley A. Prorok,Labor,3147,0.07,False,False
1976,Illinois,IL,governor,"1976 gubernatorial election, Illinois",Candidate,Edward Waffle/Peter Matni,U.s. Labor,2302,0.05,False,False
1976,Illinois,IL,governor,"1976 gubernatorial election, Illinois",Write-in,,,369,0.01,False,False
1976,Indiana,IN,governor,1976 Indiana gubernatorial election,Winning,Otis Bowen,Republican,1236555,56.85,True,True
1976,Indiana,IN,governor,1976 Indiana gubernatorial election,Candidate,Larry A. Conrad,Democratic,927243,42.63,False,False
1976,Indiana,IN,governor,1976 Indiana gubernatorial election,Candidate,Daniel P. Talbot,American Party (1969),9850,0.45,False,False
1976,Indiana,IN,governor,1976 Indiana gubernatorial election,Candidate,Samuel L. Washington,U.s. Labor,1676,0.08,False,False
1976,Missouri,MO,governor,"1976 gubernatorial election, Missouri",Winning,Joseph P. Teasdale,Democratic,971184,50.23,True,False
1976,Missouri,MO,governor,"1976 gubernatorial election, Missouri",Candidate,Kit Bond,Republican,958110,49.55,False,True
1976,Missouri,MO,governor,"1976 gubernatorial election, Missouri",Candidate,Leon Striler,Nonpartisan,4215,0.22,False,False
1976,Missouri,MO,governor,"1976 gubernatorial election, Missouri",Candidate,write-ins,N/a,46,0.0,False,False
1976,Missouri,MO,governor,"1976 gubernatorial election, Missouri",Candidate,Helen Savio,Workers,20,0.0,False,False
1976,Montana,MT,governor,"Montana gubernatorial election, 1976",Winning,Thomas Lee Judge,Democratic,195420,61.7,True,True
1976,Montana,MT,governor,"Montana gubernatorial election, 1976",Candidate,Bob Woodahl,Republican,115848,36.58,False,False
1976,Montana,MT,governor,"Montana gubernatorial election, 1976",Candidate,Charlie Mahoney,Independent,5452,1.72,False,False
1976,New Hampshire,NH,governor,1976 New Hampshire gubernatorial election,Winning,Meldrim Thomson Jr.,Republican,197589,57.66,True,True
1976,New Hampshire,NH,governor,1976 New Hampshire gubernatorial election,Candidate,Harry V. Spanos,Democratic,145015,42.32,False,False
1976,New Hampshire,NH,governor,1976 New Hampshire gubernatorial election,Candidate,Scattering,Write-in,65,0.02,False,False
1976,North Carolina,NC,governor,1976 North Carolina gubernatorial election,Winning,Jim Hunt,Democratic,1081293,64.99,True,False
1976,North Carolina,NC,governor,1976 North Carolina gubernatorial election,Candidate,David T. Flaherty,Republican,564102,33.9,False,False
1976,North Carolina,NC,governor,1976 North Carolina gubernatorial election,Candidate,Herbert F. Seawell Jr.,American Party (1969),13604,0.82,False,False
1976,North Carolina,NC,governor,1976 North Carolina gubernatorial election,Candidate,Arlan K. Andrews,Libertarian,4764,0.29,False,False
1976,North Dakota,ND,governor,1976 North Dakota gubernatorial election,Winning,Arthur A. Link (inc.),North Dakota Democratic-npl,153309,51.58,True,False
1976,North Dakota,ND,governor,1976 North Dakota gubernatorial election,Candidate,Richard Elkin,Republican,138321,46.53,False,False
1976,North Dakota,ND,governor,1976 North Dakota gubernatorial election,Candidate,Martin K. Vaaler,American Party (1969),5619,1.89,False,False
1976,Rhode Island,RI,governor,1976 Rhode Island gubernatorial election,Winning,J. Joseph Garrahy,Democratic,218561,54.82,True,False
1976,Rhode Island,RI,governor,1976 Rhode Island gubernatorial election,Candidate,James L. Taft Jr.,Republican,178254,44.71,False,False
1976,Rhode Island,RI,governor,1976 Rhode Island gubernatorial election,Candidate,John C. Swift,Independent,1267,0.32,False,False
1976,Rhode Island,RI,governor,1976 Rhode Island gubernatorial election,Candidate,Stewart L. Engel,Libertarian,601,0.15,False,False
1976,Utah,UT,governor,1976 Utah gubernatorial election,Winning,Scott M. Matheson,Democratic,280706,52.02,True,False
1976,Utah,UT,governor,1976 Utah gubernatorial election,Candidate,Vernon B. Romney,Republican,248027,45.96,False,False
1976,Utah,UT,governor,1976 Utah gubernatorial election,Candidate,L. S. Brown,American Party (1969),7201,1.33,False,False
1976,Utah,UT,governor,1976 Utah gubernatorial election,Candidate,Betty Bates,Concerned Citizens,3715,0.69,False,False
1976,Utah,UT,governor,1976 Utah gubernatorial election,Total,,,539649,100.0,False,False
1976,Vermont,VT,governor,1976 Vermont gubernatorial election,Candidate,Richard A. Snelling,Republican,98206,52.8,False,False
1976,Vermont,VT,governor,1976 Vermont gubernatorial election,Candidate,Stella B. Hackel,Democratic,72761,39.1,False,False
1976,Vermont,VT,governor,1976 Vermont gubernatorial election,Candidate,Bernie Sanders,Union,11317,6.1,False,False
1976,Vermont,VT,governor,1976 Vermont gubernatorial election,Candidate,Other,N/a,82,0.0,False,False
1976,Vermont,VT,governor,1976 Vermont gubernatorial election,Total,,,185929,100.0,False,False
1976,Washington,WA,governor,1976 Washington gubernatorial election,Winning,Dixy Lee Ray,Democratic,821797,53.14,True,False
1976,Washington,WA,governor,1976 Washington gubernatorial election,Candidate,John D. Spellman,Republican,687039,44.43,False,False
1976,Washington,WA,governor,1976 Washington gubernatorial election,Candidate,Art Manning,Independent,12406,0.8,False,False
1976,Washington,WA,governor,1976 Washington gubernatorial election,Candidate,Red Kelly,Owl,12400,0.8,False,False
1976,Washington,WA,governor,1976 Washington gubernatorial election,Candidate,Henry Killman,Labor,4137,0.27,False,False
1976,Washington,WA,governor,1976 Washington gubernatorial election,Candidate,Maurice Willey,Libertarian,4133,0.27,False,False
1976,Washington,WA,governor,1976 Washington gubernatorial election,Candidate,Patricia A. Bethard,Workers,3106,0.2,False,False
1976,Washington,WA,governor,1976 Washington gubernatorial election,Candidate,Evelyn Olafson,U.s. Labor,1364,0.09,False,False
1976,Washington,WA,governor,1976 Washington gubernatorial election,Total,,,1546382,100.0,False,False
1976,West Virginia,WV,governor,"West Virginia Democratic gubernatorial primary, 1976",Winning,Jay Rockefeller,Democratic,206732,49.68,True,False
1976,West Virginia,WV,governor,"West Virginia Democratic gubernatorial primary, 1976",Candidate,James Marshall Sprouse,Democratic,118707,28.52,False,False
1976,West Virginia,WV,governor,"West Virginia Democratic gubernatorial primary, 1976",Candidate,Ken Hechler,Democratic,52791,12.69,False,False
1976,West Virginia,WV,governor,"West Virginia Democratic gubernatorial primary, 1976",Candidate,John G. Hutchinson,Democratic,26222,6.3,False,False
1976,West Virginia,WV,governor,"West Virginia Democratic gubernatorial primary, 1976",Candidate,Ezra H. Graley,Democratic,4249,1.02,False,False
1976,West Virginia,WV,governor,"West Virginia Democratic gubernatorial primary, 1976",Candidate,Powell Lane,Democratic,3536,0.85,False,False
1976,West Virginia,WV,governor,"West Virginia Democratic gubernatorial primary, 1976",Candidate,H. John Rogers,Democratic,2345,0.56,False,False
1976,West Virginia,WV,governor,"West Virginia Democratic gubernatorial primary, 1976",Total,,,414582,100.0,False,False
1976,West Virginia,WV,governor,"West Virginia Republican gubernatorial primary, 1976",Winning,Cecil H. Underwood,Republican,97671,64.36,True,False
1976,West Virginia,WV,governor,"West Virginia Republican gubernatorial primary, 1976",Candidate,Ralph Albertazzie,Republican,44393,29.25,False,False
1976,West Virginia,WV,governor,"West Virginia Republican gubernatorial primary, 1976",Candidate,Melton Maloney,Republican,3408,2.25,False,False
1976,West Virginia,WV,governor,"West Virginia Republican gubernatorial primary, 1976",Candidate,Larry Lunsford,Republican,2593,1.71,False,False
1976,West Virginia,WV,governor,"West Virginia Republican gubernatorial primary, 1976",Candidate,John Lusher,Republican,2442,1.61,False,False
1976,West Virginia,WV,governor,"West Virginia Republican gubernatorial primary, 1976",Candidate,E. E. Cumptan,Republican,1257,0.83,False,False
1976,West Virginia,WV,governor,"West Virginia Republican gubernatorial primary, 1976",Total,,,151764,100.0,False,False
1976,West Virginia,WV,governor,"West Virginia gubernatorial election, 1976",Winning,Jay Rockefeller,Democratic,495661,66.15,True,False
1976,West Virginia,WV,governor,"West Virginia gubernatorial election, 1976",Candidate,Cecil H. Underwood,Republican,253420,33.82,False,False
1976,West Virginia,WV,governor,"West Virginia gubernatorial election, 1976",Candidate,Write-ins,Other,189,0.03,False,False
1976,West Virginia,WV,governor,"West Virginia gubernatorial election, 1976",Total,,,749270,100.0,False,False
1977,New Jersey,NJ,governor,"New Jersey gubernatorial election, 1977",Winning,Brendan Byrne,Democratic,1184564,55.71,True,True
1977,New Jersey,NJ,governor,"New Jersey gubernatorial election, 1977",Candidate,Raymond Bateman,Republican,888880,41.81,False,False
1977,New Jersey,NJ,governor,"New Jersey gubernatorial election, 1977",Candidate,Francis W. Flowers,Independent,8677,0.41,False,False
1977,New Jersey,NJ,governor,"New Jersey gubernatorial election, 1977",Candidate,Chester Grabowski,Independent,8494,0.4,False,False
1977,New Jersey,NJ,governor,"New Jersey gubernatorial election, 1977",Candidate,Frank J. Primich,Libertarian,5674,0.27,False,False
1977,New Jersey,NJ,governor,"New Jersey gubernatorial election, 1977",Candidate,Chauncey E. McSpiritt,Independent,4464,0.21,False,False
1977,New Jersey,NJ,governor,"New Jersey gubernatorial election, 1977",Candidate,Paul B. Rizzo,Independent,3691,0.17,False,False
1977,New Jersey,NJ,governor,"New Jersey gubernatorial election, 1977",Candidate,Richard D. McAleer,Independent,3688,0.17,False,False
1977,New Jersey,NJ,governor,"New Jersey gubernatorial election, 1977",Candidate,John F. Donato (withdrawn),Independent,3189,0.15,False,False
1977,New Jersey,NJ,governor,"New Jersey gubernatorial election, 1977",Candidate,Angelo S. Massaro,Independent,3031,0.14,False,False
1977,New Jersey,NJ,governor,"New Jersey gubernatorial election, 1977",Candidate,William Zsidisin,Independent,2974,0.14,False,False
1977,New Jersey,NJ,governor,"New Jersey gubernatorial election, 1977",Candidate,Julius Levin,Labor,2276,0.11,False,False
1977,New Jersey,NJ,governor,"New Jersey gubernatorial election, 1977",Candidate,Jasper C. Gould,Independent,2248,0.11,False,False
1977,New Jersey,NJ,governor,"New Jersey gubernatorial election, 1977",Candidate,Leif O. Johnson,Independent,1601,0.08,False,False
1977,New Jersey,NJ,governor,"New Jersey gubernatorial election, 1977",Candidate,Robert Ganteaume,Independent,1480,,False,False
1977,New Jersey,NJ,governor,"New Jersey gubernatorial election, 1977",Candidate,Bill Gahres,Independent,1333,,False,False
1977,Virginia,VA,governor,1977 Virginia gubernatorial election,Winning,John N. Dalton,Republican,699302,55.9,True,False
1977,Virginia,VA,governor,1977 Virginia gubernatorial election,Candidate,Henry Howell,Democratic,541319,43.27,False,False
1977,Virginia,VA,governor,1977 Virginia gubernatorial election,Candidate,Alan Ogden,Independent,10101,0.81,False,False
1977,Virginia,VA,governor,1977 Virginia gubernatorial election,Write-in,Write-ins,Write-ins,218,0.02,False,False
1978,Alabama,AL,governor,1978 Alabama gubernatorial election,Winning,Fob James,Democratic,551786,72.59,True,False
1978,Alabama,AL,governor,1978 Alabama gubernatorial election,Candidate,Guy Hunt,Republican,196693,25.88,False,False
1978,Alabama,AL,governor,1978 Alabama gubernatorial election,Candidate,Jim Partain,Prohibition,8103,1.07,False,False
1978,Alabama,AL,governor,1978 Alabama gubernatorial election,Candidate,Richard Dare,Determination,3522,0.46,False,False
1978,Alabama,AL,governor,1978 Alabama gubernatorial election,Total,,,760104,100.0,False,False
1978,Alaska,AK,governor,Open Primary Result,Winning,Jay Hammond (inc.),Republican,31921,30.01,True,False
1978,Alaska,AK,governor,Open Primary Result,Candidate,Wally Hickel,Republican,31823,29.92,False,False
1978,Alaska,AK,governor,Open Primary Result,Candidate,Tom Fink,Republican,17487,16.44,False,False
1978,Alaska,AK,governor,Open Primary Result,Candidate,Chancy Croft,Democratic,8910,8.38,False,False
1978,Alaska,AK,governor,Open Primary Result,Candidate,Edward A. Merdes,Democratic,8655,8.14,False,False
1978,Alaska,AK,governor,Open Primary Result,Candidate,Jay Kerttula,Democratic,7125,6.7,False,False
1978,Alaska,AK,governor,Open Primary Result,Candidate,Jimmie D. Lockhart,Republican,451,0.42,False,False
1978,Alaska,AK,governor,1978 Alaska gubernatorial election,Winning,Jay Hammond (inc.),Republican,49580,39.07,True,False
1978,Alaska,AK,governor,1978 Alaska gubernatorial election,Candidate,Wally Hickel (write-in),Write-in Candidate,33555,26.44,False,False
1978,Alaska,AK,governor,1978 Alaska gubernatorial election,Candidate,Chancy Croft,Democratic,25656,20.22,False,False
1978,Alaska,AK,governor,1978 Alaska gubernatorial election,Candidate,Tom Kelly,Independent,15656,12.34,False,False
1978,Alaska,AK,governor,1978 Alaska gubernatorial election,Candidate,Don Wright,Independence,2463,1.94,False,False
1978,Arizona,AZ,governor,"Arizona gubernatorial election, 1978",Winning,Bruce Babbitt,Democratic,282605,52.47,True,True
1978,Arizona,AZ,governor,"Arizona gubernatorial election, 1978",Candidate,Evan Mecham,Republican,241093,44.77,False,False
1978,Arizona,AZ,governor,"Arizona gubernatorial election, 1978",Candidate,V. Gene Lewter,Libertarian,10421,1.93,False,False
1978,Arizona,AZ,governor,"Arizona gubernatorial election, 1978",Candidate,Jessica Sampson,Workers,4437,0.82,False,False
1978,Arizona,AZ,governor,"Arizona gubernatorial election, 1978",Total,,,538556,100.0,False,False
1978,California,CA,governor,1978 California gubernatorial election,Winning,Edmund G. Brown Jr.,Democratic,3878812,56.03,True,True
1978,California,CA,governor,1978 California gubernatorial election,Candidate,Evelle J. Younger,Republican,2526534,36.5,False,False
1978,California,CA,governor,1978 California gubernatorial election,Candidate,Ed Clark,Independent,377960,5.46,False,False
1978,California,CA,governor,1978 California gubernatorial election,Candidate,Marilyn Seals,Freedom,70864,1.02,False,False
1978,California,CA,governor,1978 California gubernatorial election,Candidate,Theresa F. Dietrich,Independent,67103,0.97,False,False
1978,California,CA,governor,1978 California gubernatorial election,Candidate,Scattering,,1105,0.02,False,False
1978,California,CA,governor,1978 California gubernatorial election,Total,,,6922378,100.0,False,False
1978,Colorado,CO,governor,1978 Colorado gubernatorial election,Winning,Richard Lamm,Democratic,483985,58.76,True,True
1978,Colorado,CO,governor,1978 Colorado gubernatorial election,Candidate,Ted L. Strickland,Republican,317292,38.53,False,False
1978,Colorado,CO,governor,1978 Colorado gubernatorial election,Candidate,Roy Peister,Independent,13990,1.7,False,False
1978,Colorado,CO,governor,1978 Colorado gubernatorial election,Candidate,Elsa Blum,Workers,3690,0.45,False,False
1978,Colorado,CO,governor,1978 Colorado gubernatorial election,Candidate,Sal A. Mander,Independent,2452,0.3,False,False
1978,Colorado,CO,governor,1978 Colorado gubernatorial election,Candidate,Earl Dodge,Prohibition,2198,0.27,False,False
1978,Connecticut,CT,governor,1978 Connecticut gubernatorial election,Winning,Ella Grasso,Democratic,613109,59.15,True,True
1978,Connecticut,CT,governor,1978 Connecticut gubernatorial election,Candidate,Ronald A. Sarasin,Republican,422316,40.74,False,False
1978,Florida,FL,governor,1978 Florida gubernatorial election,Winning,Bob Graham/ Wayne Mixson,Democratic,1406580,55.59,True,False
1978,Florida,FL,governor,1978 Florida gubernatorial election,Candidate,Jack Eckerd/ Paula Hawkins,Republican,1123888,44.41,False,False
1978,Hawaii,HI,governor,"Hawaii gubernatorial election, 1978",Winning,George Ariyoshi,Democratic,153394,54.48,True,True
1978,Hawaii,HI,governor,"Hawaii gubernatorial election, 1978",Candidate,John R. Leopold,Republican,124610,44.25,False,False
1978,Hawaii,HI,governor,"Hawaii gubernatorial election, 1978",Candidate,Alema Leota,Nonpartisan,1982,0.7,False,False
1978,Hawaii,HI,governor,"Hawaii gubernatorial election, 1978",Candidate,Gregory Reeser,Libertarian,1059,0.38,False,False
1978,Hawaii,HI,governor,"Hawaii gubernatorial election, 1978",Candidate,John Moore,Aloha Democratic,542,0.19,False,False
1978,Idaho,ID,governor,1978 Idaho gubernatorial election,Winning,John Evans,Democratic,169540,58.75,True,True
1978,Idaho,ID,governor,1978 Idaho gubernatorial election,Candidate,Allan Larsen,Republican,114149,39.56,False,False
1978,Idaho,ID,governor,1978 Idaho gubernatorial election,Candidate,Wayne Loveless,American Party (1969),4877,1.69,False,False
1978,Illinois,IL,governor,"1978 gubernatorial election, Illinois",Winning,James R. Thompson (incumbent)/ David C. O'Neal,Republican,1859684,59.04,True,True
1978,Illinois,IL,governor,"1978 gubernatorial election, Illinois",Candidate,Michael Bakalis/ Richard J. Durbin,Democratic,1263134,40.1,False,False
1978,Illinois,IL,governor,"1978 gubernatorial election, Illinois",Candidate,Georgia Shields/ Marji Kohls,Libertarian,11420,0.36,False,False
1978,Illinois,IL,governor,"1978 gubernatorial election, Illinois",Candidate,Cecil Lampkin/ Dennis Brasky,Workers,11026,0.35,False,False
1978,Illinois,IL,governor,"1978 gubernatorial election, Illinois",Candidate,Melvin Klenetsky/ David R. Hoffman,U.s. Labor,4737,0.15,False,False
1978,Illinois,IL,governor,"1978 gubernatorial election, Illinois",Write-in,,,106,0.0,False,False
1978,Iowa,IA,governor,1978 Iowa gubernatorial election,Winning,Robert D. Ray,Republican,491713,58.32,True,True
1978,Iowa,IA,governor,1978 Iowa gubernatorial election,Candidate,Jerome D. Fitzgerald,Democratic,345519,40.98,False,False
1978,Iowa,IA,governor,1978 Iowa gubernatorial election,Candidate,John Ball,Libertarian,3947,0.47,False,False
1978,Iowa,IA,governor,1978 Iowa gubernatorial election,Candidate,Joseph Grant,Socialist Party Usa,1935,0.23,False,False
1978,Iowa,IA,governor,1978 Iowa gubernatorial election,Write-in,Write-ins,Write-ins,76,0.01,False,False
1978,Kansas,KS,governor,1978 Kansas gubernatorial election,Winning,John W. Carlin,Democratic,363835,49.42,True,False
1978,Kansas,KS,governor,1978 Kansas gubernatorial election,Candidate,Robert Frederick Bennett,Republican,348015,47.27,False,True
1978,Kansas,KS,governor,1978 Kansas gubernatorial election,Candidate,Frank W. Shelton Jr.,American Party (1969),17053,2.32,False,False
1978,Kansas,KS,governor,1978 Kansas gubernatorial election,Candidate,Berry Beets,Prohibition,7343,1.0,False,False
1978,Maine,ME,governor,"1978 Gubernatorial Election, Maine",Winning,Joseph Brennan,Democratic,176493,47.8,True,False
1978,Maine,ME,governor,"1978 Gubernatorial Election, Maine",Candidate,Linwood E. Palmer Jr.,Republican,126862,34.36,False,False
1978,Maine,ME,governor,"1978 Gubernatorial Election, Maine",Candidate,Herman C. Frankland,Independent,65889,17.84,False,False
1978,Maryland,MD,governor,1978 Maryland gubernatorial election,Winning,Harry Hughes,Democratic,705910,70.62,True,False
1978,Maryland,MD,governor,1978 Maryland gubernatorial election,Candidate,John Glenn Beall Jr.,Republican,293635,29.38,False,False
1978,Massachusetts,MA,governor,1978 Massachusetts gubernatorial election,Winning,Edward J. King (Thomas P. O'Neill III),Democratic,1030294,52.51,True,False
1978,Massachusetts,MA,governor,1978 Massachusetts gubernatorial election,Candidate,Francis W. Hatch Jr. (William I. Cowin),Republican,926072,47.19,False,False
1978,Massachusetts,MA,governor,1978 Massachusetts gubernatorial election,Candidate,All others,Write-in,5885,0.3,False,False
1978,Michigan,MI,governor,1978 Michigan gubernatorial election,Winning,William Milliken (inc.),Republican,1628485,56.8,True,False
1978,Michigan,MI,governor,1978 Michigan gubernatorial election,Candidate,William B. Fitzgerald,Democratic,1237256,43.15,False,False
1978,Michigan,MI,governor,1978 Michigan gubernatorial election,Candidate,Scattering,,1471,0.05,False,False
1978,Michigan,MI,governor,1978 Michigan gubernatorial election,Total,,,2867212,100.0,False,False
1978,Minnesota,MN,governor,"1978 gubernatorial election, Minnesota",Winning,Al Quie,Independent-republican,830019,52.35,True,False
1978,Minnesota,MN,governor,"1978 gubernatorial election, Minnesota",Candidate,Rudy Perpich,Minnesota Democratic–farmer–labor,718244,45.3,False,True
1978,Minnesota,MN,governor,"1978 gubernatorial election, Minnesota",Candidate,Richard Pedersen,American Party (1969),21058,1.33,False,False
1978,Minnesota,MN,governor,"1978 gubernatorial election, Minnesota",Candidate,Jill Lakowske,Workers,6287,0.4,False,False
1978,Minnesota,MN,governor,"1978 gubernatorial election, Minnesota",Candidate,Tom McDonald,Independent,4254,0.27,False,False
1978,Minnesota,MN,governor,"1978 gubernatorial election, Minnesota",Candidate,Robin E. Miller,Libertarian,3689,0.23,False,False
1978,Minnesota,MN,governor,"1978 gubernatorial election, Minnesota",Candidate,Edwin Pommerening,Independent,2043,0.13,False,False
1978,Nebraska,NE,governor,"Nebraska gubernatorial election, 1978",Winning,Charles Thone,Republican,275473,55.94,True,False
1978,Nebraska,NE,governor,"Nebraska gubernatorial election, 1978",Candidate,Gerald Whelan,Democratic,216754,44.02,False,False
1978,Nebraska,NE,governor,"Nebraska gubernatorial election, 1978",Candidate,Others,Write-in,196,0.04,False,False
1978,Nebraska,NE,governor,"Nebraska gubernatorial election, 1978",Total,,,492423,100.0,False,False
1978,Nevada,NV,governor,"Nevada gubernatorial election, 1978",Winning,Robert List,Republican,108097,56.17,True,False
1978,Nevada,NV,governor,"Nevada gubernatorial election, 1978",Candidate,Robert E. Rose,Democratic,76361,39.68,False,False
1978,Nevada,NV,governor,"Nevada gubernatorial election, 1978",Candidate,Thomas F. Jefferson,American,3282,1.71,False,False
1978,Nevada,NV,governor,"Nevada gubernatorial election, 1978",Candidate,None of These Candidates,,3218,1.67,False,False
1978,Nevada,NV,governor,"Nevada gubernatorial election, 1978",Candidate,"John W. Grayson, Jr.",Libertarian,1487,0.77,False,False
1978,Nevada,NV,governor,"Nevada gubernatorial election, 1978",Total,,,192445,100.0,False,False
1978,New Mexico,NM,governor,1978 New Mexico gubernatorial election,Winning,Bruce King,Democratic,174631,50.55,True,False
1978,New Mexico,NM,governor,1978 New Mexico gubernatorial election,Candidate,Joseph R. Skeen,Republican,170848,49.45,False,False
1978,New Mexico,NM,governor,1978 New Mexico gubernatorial election,Total,,,345479,100.0,False,False
1978,New York,NY,governor,"New York gubernatorial election, 1978",Winning,Hugh Carey,Total,2429272,50.95,True,True
1978,New York,NY,governor,"New York gubernatorial election, 1978",Candidate,Hugh Carey,Democratic,2305815,48.36,False,False
1978,New York,NY,governor,"New York gubernatorial election, 1978",Candidate,Perry Duryea,Republican,1913432,40.13,False,False
1978,New York,NY,governor,"New York gubernatorial election, 1978",Candidate,Mary Jane Tobin,Life,130193,2.73,False,False
1978,New York,NY,governor,"New York gubernatorial election, 1978",Candidate,Gary Greenberg,Libertarian,18990,0.4,False,False
1978,New York,NY,governor,"New York gubernatorial election, 1978",Candidate,Dianne M. Feeley,Workers,12987,0.27,False,False
1978,New York,NY,governor,"New York gubernatorial election, 1978",Candidate,Jarvis Tyner,Communist Party Usa,11400,0.24,False,False
1978,New York,NY,governor,"New York gubernatorial election, 1978",Candidate,Paul Gallagher,U.s. Labor,9073,0.19,False,False
1978,Ohio,OH,governor,1978 Ohio gubernatorial election,Winning,Jim Rhodes,Republican,1402167,49.31,True,True
1978,Ohio,OH,governor,1978 Ohio gubernatorial election,Candidate,Dick Celeste,Democratic,1354631,47.64,False,False
1978,Ohio,OH,governor,1978 Ohio gubernatorial election,Candidate,Patricia Wright,Independent,35164,1.24,False,False
1978,Ohio,OH,governor,1978 Ohio gubernatorial election,Candidate,John O'Neill,Independent,29413,1.03,False,False
1978,Ohio,OH,governor,1978 Ohio gubernatorial election,Candidate,Allan Friedman,Independent,21951,0.77,False,False
1978,Oklahoma,OK,governor,1978 Oklahoma gubernatorial election results,Winning,George Nigh,Democratic,402240,51.74,True,False
1978,Oklahoma,OK,governor,1978 Oklahoma gubernatorial election results,Candidate,Ron Shotts,Republican,367055,47.21,False,False
1978,Oklahoma,OK,governor,1978 Oklahoma gubernatorial election results,Candidate,Billy Joe Clegg,Independent,3887,0.5,False,False
1978,Oklahoma,OK,governor,1978 Oklahoma gubernatorial election results,Candidate,Floyd Shealy,Independent,2395,0.31,False,False
1978,Oklahoma,OK,governor,1978 Oklahoma gubernatorial election results,Candidate,Jim McCuiston,Independent,1395,0.24,False,False
1978,Oklahoma,OK,governor,1978 Oklahoma gubernatorial election results,Total,,,777414,100.0,False,False
1978,Oregon,OR,governor,1978 Oregon gubernatorial election,Winning,Victor G. Atiyeh,Republican,498452,54.9,True,False
1978,Oregon,OR,governor,1978 Oregon gubernatorial election,Candidate,Robert W. Straub (inc.),Democratic,409411,45.1,False,False
1978,Oregon,OR,governor,1978 Oregon gubernatorial election,Candidate,Scattering,Write-in,3280,0.36,False,False
1978,Oregon,OR,governor,1978 Oregon gubernatorial election,Total,,,911143,100.0,False,False
1978,Rhode Island,RI,governor,1978 Rhode Island gubernatorial election,Winning,J. Joseph Garrahy,Democratic,197386,62.79,True,True
1978,Rhode Island,RI,governor,1978 Rhode Island gubernatorial election,Candidate,Lincoln Almond,Republican,96596,30.73,False,False
1978,Rhode Island,RI,governor,1978 Rhode Island gubernatorial election,Candidate,Joseph A. Doorley Jr.,Independent,20381,6.48,False,False
1978,South Carolina,SC,governor,"South Carolina Gubernatorial Election, 1978",Winning,Richard Riley,Democratic,384898,61.33,True,False
1978,South Carolina,SC,governor,"South Carolina Gubernatorial Election, 1978",Candidate,Edward Lunn Young,Republican,236946,37.74,False,False
1978,South Carolina,SC,governor,"South Carolina Gubernatorial Election, 1978",Candidate,Judy Reynolds,Independent,5338,0.9,False,False
1978,South Carolina,SC,governor,"South Carolina Gubernatorial Election, 1978",Candidate,Write-Ins,No,731,0.1,False,False
1978,South Dakota,SD,governor,"South Dakota gubernatorial election, 1978",Winning,Bill Janklow,Republican,147116,56.63,True,False
1978,South Dakota,SD,governor,"South Dakota gubernatorial election, 1978",Candidate,Roger D. McKellips,Democratic,112679,43.37,False,False
1978,South Dakota,SD,governor,"South Dakota gubernatorial election, 1978",Total,,,259795,100.0,False,False
1978,Tennessee,TN,governor,1978 Tennessee gubernatorial election,Winning,Lamar Alexander,Republican,661959,55.84,True,False
1978,Tennessee,TN,governor,1978 Tennessee gubernatorial election,Candidate,Jake Butcher,Democratic,523495,44.16,False,False
1978,Texas,TX,governor,General election results,Winning,Bill Clements,Republican,1183828,49.96,True,False
1978,Texas,TX,governor,General election results,Candidate,John Hill,Democratic,1166919,49.24,False,False
1978,Texas,TX,governor,General election results,Candidate,Mario C. Compeán,Unida,14213,0.59,False,False
1978,Texas,TX,governor,General election results,Candidate,Sara Johnston,Workers,4624,0.19,False,False
1978,Texas,TX,governor,General election results,Total,,,2369999,100.0,False,False
1978,Vermont,VT,governor,1978 Vermont gubernatorial election,Winning,Richard A. Snelling (inc.),Republican,78181,62.8,True,False
1978,Vermont,VT,governor,1978 Vermont gubernatorial election,Candidate,Edwin C. Granai,Democratic,42482,34.1,False,False
1978,Vermont,VT,governor,1978 Vermont gubernatorial election,Candidate,Earl S. Gardner,Union,3629,2.9,False,False
1978,Vermont,VT,governor,1978 Vermont gubernatorial election,Candidate,Other,N/a,190,0.2,False,False
1978,Vermont,VT,governor,1978 Vermont gubernatorial election,Total,,,124482,100.0,False,False
1978,Wisconsin,WI,governor,1978 Wisconsin gubernatorial election,Winning,Lee S. Dreyfus,Republican,816056,54.37,True,False
1978,Wisconsin,WI,governor,1978 Wisconsin gubernatorial election,Candidate,Martin J. Schreiber,Democratic,673813,44.89,False,True
1978,Wisconsin,WI,governor,1978 Wisconsin gubernatorial election,Candidate,Eugene R. Zimmerman,Conservative,6355,0.42,False,False
1978,Wisconsin,WI,governor,1978 Wisconsin gubernatorial election,Candidate,John C. Doherty,Independent,2183,0.15,False,False
1978,Wisconsin,WI,governor,1978 Wisconsin gubernatorial election,Candidate,Adrienne Kaplan,Independent,1548,0.1,False,False
1978,Wisconsin,WI,governor,1978 Wisconsin gubernatorial election,Candidate,Henry A. Ochsner,Independent,849,0.06,False,False
1978,Wisconsin,WI,governor,1978 Wisconsin gubernatorial election,Candidate,Scattering,,192,0.01,False,False
1978,Wisconsin,WI,governor,1978 Wisconsin gubernatorial election,Total,,,1500996,100.0,False,False
1978,Wyoming,WY,governor,1978 Wyoming gubernatorial election,Winning,Edgar Herschler,Democratic,69972,50.86,True,True
1978,Wyoming,WY,governor,1978 Wyoming gubernatorial election,Candidate,John Ostlund,Republican,67595,49.14,False,False
1979,Kentucky,KY,governor,1979 Kentucky gubernatorial election,Winning,John Y. Brown Jr.,Democratic,558088,59.49,True,False
1979,Kentucky,KY,governor,1979 Kentucky gubernatorial election,Candidate,Louie B. Nunn,Republican,380085,40.51,False,False
1979,Kentucky,KY,governor,1979 Kentucky gubernatorial election,Total,,,938173,100.0,False,False
1979,Louisiana,LA,governor,1979 Louisiana gubernatorial runoff,Winning,David Treen,Republican,690691,50.35,True,False
1979,Louisiana,LA,governor,1979 Louisiana gubernatorial runoff,Candidate,Louis Lambert,Democratic,681134,49.65,False,False
1979,Louisiana,LA,governor,1979 Louisiana gubernatorial runoff,Total,,,1371825,100.0,False,False
1979,Mississippi,MS,governor,"Mississippi gubernatorial election, 1979",Winning,William Winter,Democratic,413620,61.07,True,False
1979,Mississippi,MS,governor,"Mississippi gubernatorial election, 1979",Candidate,Gil Carmichael,Republican,263702,38.93,False,False
1979,Mississippi,MS,governor,"Mississippi gubernatorial election, 1979",Total,,,677322,100.0,False,False
1980,Delaware,DE,governor,1980 Delaware gubernatorial election,Winning,Pierre S. duPont IV,Republican,159004,70.66,True,True
1980,Delaware,DE,governor,1980 Delaware gubernatorial election,Candidate,William J. Gordy,Democratic,64217,28.54,False,False
1980,Delaware,DE,governor,1980 Delaware gubernatorial election,Candidate,Lawrence Levy,Libertarian,1815,0.81,False,False
1980,Indiana,IN,governor,"Indiana gubernatorial election, 1980",Winning,Robert D. Orr,Republican,1257383,57.72,True,False
1980,Indiana,IN,governor,"Indiana gubernatorial election, 1980",Candidate,John A. Hillenbrand II,Democratic,913116,41.92,False,False
1980,Indiana,IN,governor,"Indiana gubernatorial election, 1980",Candidate,Cletis Artist,American Party (1969),7904,0.36,False,False
1980,Missouri,MO,governor,"1980 gubernatorial election, Missouri",Winning,Kit Bond,Republican,1098950,52.63,True,False
1980,Missouri,MO,governor,"1980 gubernatorial election, Missouri",Candidate,Joseph P. Teasdale,Democratic,981884,47.02,False,True
1980,Missouri,MO,governor,"1980 gubernatorial election, Missouri",Candidate,Helen Savio,Workers,7193,0.34,False,False
1980,Montana,MT,governor,"Montana gubernatorial election, 1980",Winning,Ted Schwinden,Democratic,199574,55.37,True,False
1980,Montana,MT,governor,"Montana gubernatorial election, 1980",Candidate,Jack Ramirez,Republican,160892,44.63,False,False
1980,North Carolina,NC,governor,1980 NC Governor Election Results,Winning,Jim Hunt,Democratic,1143145,61.88,True,True
1980,North Carolina,NC,governor,1980 NC Governor Election Results,Candidate,I. Beverly Lake,Republican,691449,37.43,False,False
1980,North Carolina,NC,governor,1980 NC Governor Election Results,Candidate,Robert Y. Emory,Libertarian,9552,0.54,False,False
1980,North Carolina,NC,governor,1980 NC Governor Election Results,Candidate,Douglas A. Cooper,Workers,2887,0.16,False,False
1980,North Carolina,NC,governor,1980 NC Governor Election Results,Candidate,Others,Independent,53,0.0,False,False
1980,North Dakota,ND,governor,1980 North Dakota gubernatorial election,Winning,Allen I. Olson,Republican,162230,53.61,True,False
1980,North Dakota,ND,governor,1980 North Dakota gubernatorial election,Candidate,Arthur A. Link (inc.),North Dakota Democratic-npl,140391,46.39,False,False
1980,North Dakota,ND,governor,1980 North Dakota gubernatorial election,Total,,,302621,100.0,False,False
1980,Rhode Island,RI,governor,1980 Rhode Island gubernatorial election,Winning,J. Joseph Garrahy,Democratic,299174,73.71,True,True
1980,Rhode Island,RI,governor,1980 Rhode Island gubernatorial election,Candidate,Buddy Cianci,Republican,106729,26.29,False,False
1980,Utah,UT,governor,1980 Utah gubernatorial election,Winning,Scott M. Matheson,Democratic,330974,55.16,True,True
1980,Utah,UT,governor,1980 Utah gubernatorial election,Candidate,Bob Wright,Republican,266578,44.43,False,False
1980,Utah,UT,governor,1980 Utah gubernatorial election,Candidate,Lawrence Rey Topham,American Party (1969),2467,0.41,False,False
1980,Utah,UT,governor,1980 Utah gubernatorial election,Total,,,600019,100.0,False,False
1980,Vermont,VT,governor,1980 Vermont gubernatorial election,Winning,Richard A. Snelling (inc.),Republican,123229,58.7,True,False
1980,Vermont,VT,governor,1980 Vermont gubernatorial election,Candidate,M. Jerome Diamond,Democratic,76826,36.6,False,False
1980,Vermont,VT,governor,1980 Vermont gubernatorial election,Candidate,Daniel E. Woodward,Independent,5323,2.5,False,False
1980,Vermont,VT,governor,1980 Vermont gubernatorial election,Candidate,Bruce Cullen,Independent,2263,1.1,False,False
1980,Vermont,VT,governor,1980 Vermont gubernatorial election,Candidate,John Potthast,Union,1952,0.9,False,False
1980,Vermont,VT,governor,1980 Vermont gubernatorial election,Candidate,Other,N/a,251,0.1,False,False
1980,Vermont,VT,governor,1980 Vermont gubernatorial election,Total,,,209844,100.0,False,False
1980,Washington,WA,governor,1980 Washington gubernatorial election,Winning,John Spellman,Republican,981083,56.68,True,False
1980,Washington,WA,governor,1980 Washington gubernatorial election,Candidate,Jim McDermott,Democratic,749813,43.32,False,False
1980,Washington,WA,governor,1980 Washington gubernatorial election,Total,,,1730896,100.0,False,False
1980,West Virginia,WV,governor,"West Virginia Democratic gubernatorial primary, 1980",Winning,Jay Rockefeller,Democratic,250550,78.05,True,True
1980,West Virginia,WV,governor,"West Virginia Democratic gubernatorial primary, 1980",Candidate,H. John Rogers,Democratic,70452,21.95,False,False
1980,West Virginia,WV,governor,"West Virginia Democratic gubernatorial primary, 1980",Total,,,321002,100.0,False,False
1980,West Virginia,WV,governor,"West Virginia gubernatorial election, 1980",Winning,Jay Rockefeller,Democratic,401863,54.15,True,True
1980,West Virginia,WV,governor,"West Virginia gubernatorial election, 1980",Candidate,"Arch A. Moore, Jr.",Republican,337240,45.44,False,False
1980,West Virginia,WV,governor,"West Virginia gubernatorial election, 1980",Candidate,Jack Kelley,Libertarian,3047,0.41,False,False
1980,West Virginia,WV,governor,"West Virginia gubernatorial election, 1980",Total,,,742150,100.0,False,False
1981,New Jersey,NJ,governor,"New Jersey gubernatorial election, 1981",Winning,Thomas Kean,Republican,1145999,49.46,True,False
1981,New Jersey,NJ,governor,"New Jersey gubernatorial election, 1981",Candidate,James Florio,Democratic,1144202,49.38,False,False
1981,New Jersey,NJ,governor,"New Jersey gubernatorial election, 1981",Candidate,Bill Gahres,Independent,4525,0.2,False,False
1981,New Jersey,NJ,governor,"New Jersey gubernatorial election, 1981",Candidate,Chester Grabowski (withdrawn),Independent,4496,0.19,False,False
1981,New Jersey,NJ,governor,"New Jersey gubernatorial election, 1981",Candidate,Jack Moyers,Libertarian,2377,0.1,False,False
1981,New Jersey,NJ,governor,"New Jersey gubernatorial election, 1981",Candidate,Paul B. Rizzo,Independent,2336,0.1,False,False
1981,New Jersey,NJ,governor,"New Jersey gubernatorial election, 1981",Candidate,Harry J. Gaynor,Independent,2209,0.1,False,False
1981,New Jersey,NJ,governor,"New Jersey gubernatorial election, 1981",Candidate,James A. Kolyer III,Independent,2144,0.09,False,False
1981,New Jersey,NJ,governor,"New Jersey gubernatorial election, 1981",Candidate,Julius Levin,Labor,2073,0.09,False,False
1981,New Jersey,NJ,governor,"New Jersey gubernatorial election, 1981",Candidate,"Charles C. Stone, Jr.",Independent,1948,0.08,False,False
1981,New Jersey,NJ,governor,"New Jersey gubernatorial election, 1981",Candidate,James E. Harris,Workers,1681,0.07,False,False
1981,New Jersey,NJ,governor,"New Jersey gubernatorial election, 1981",Candidate,Ernest D. Pellerino,Independent,1647,0.07,False,False
1981,New Jersey,NJ,governor,"New Jersey gubernatorial election, 1981",Candidate,Jasper C. Gould,Independent,1602,0.07,False,False
1981,Virginia,VA,governor,1981 Virginia gubernatorial election,Winning,Charles S. Robb,Democratic,760357,53.56,True,False
1981,Virginia,VA,governor,1981 Virginia gubernatorial election,Candidate,J. Marshall Coleman,Republican,659398,46.44,False,False
1982,Alaska,AK,governor,1982 Alaska gubernatorial election,Winning,Bill Sheffield,Democratic,89918,46.12,True,False
1982,Alaska,AK,governor,1982 Alaska gubernatorial election,Candidate,Tom Fink,Republican,72291,37.09,False,False
1982,Alaska,AK,governor,1982 Alaska gubernatorial election,Candidate,Dick Randolph,Libertarian,29067,14.91,False,False
1982,Alaska,AK,governor,1982 Alaska gubernatorial election,Candidate,Joe Vogler,Independence,3235,1.66,False,False
1982,Alaska,AK,governor,1982 Alaska gubernatorial election,Write-in,[[Write-in Candidate|Write-in Votes]],Write-in Votes,374,0.19,False,False
1982,Arizona,AZ,governor,"Arizona gubernatorial election, 1982",Winning,Bruce Babbitt,Democratic,453795,62.47,True,True
1982,Arizona,AZ,governor,"Arizona gubernatorial election, 1982",Candidate,Leo Corbet,Republican,235877,32.47,False,False
1982,Arizona,AZ,governor,"Arizona gubernatorial election, 1982",Candidate,Sam Steiger,Libertarian,36649,5.05,False,False
1982,Arizona,AZ,governor,"Arizona gubernatorial election, 1982",Candidate,Dave Duncan (write-in),Republican,28,0.0,False,False
1982,Arizona,AZ,governor,"Arizona gubernatorial election, 1982",Candidate,Sandy Greeneltch (write-in),Independent,13,0.0,False,False
1982,Arizona,AZ,governor,"Arizona gubernatorial election, 1982",Candidate,"Frank Henry Beversdorf, Sr. (write-in)",Independent,2,0.0,False,False
1982,Arizona,AZ,governor,"Arizona gubernatorial election, 1982",Total,,,726364,100.0,False,False
1982,California,CA,governor,1982 California gubernatorial election,Winning,George Deukmejian,Republican,3881014,49.27,True,False
1982,California,CA,governor,1982 California gubernatorial election,Candidate,Tom Bradley,Democratic,3787669,48.09,False,False
1982,California,CA,governor,1982 California gubernatorial election,Candidate,Dan P. Dougherty,Libertarian,81076,1.03,False,False
1982,California,CA,governor,1982 California gubernatorial election,Candidate,Elizabeth Martinez,Freedom,70327,0.89,False,False
1982,California,CA,governor,1982 California gubernatorial election,Candidate,Jim Griffin,Independent,56249,0.71,False,False
1982,California,CA,governor,1982 California gubernatorial election,Candidate,Scattering,,363,0.0,False,False
1982,California,CA,governor,1982 California gubernatorial election,Total,,,7876698,100.0,False,False
1982,Colorado,CO,governor,1982 Colorado gubernatorial election,Winning,Richard Lamm,Democratic,627960,65.69,True,True
1982,Colorado,CO,governor,1982 Colorado gubernatorial election,Candidate,John Fuhr,Republican,302740,31.67,False,False
1982,Colorado,CO,governor,1982 Colorado gubernatorial election,Candidate,Paul K. Grant,Libertarian,19349,2.02,False,False
1982,Colorado,CO,governor,1982 Colorado gubernatorial election,Candidate,Earl Dodge,Prohibition,3496,0.37,False,False
1982,Colorado,CO,governor,1982 Colorado gubernatorial election,Candidate,Alan Gummerson,Workers,2476,0.26,False,False
1982,Connecticut,CT,governor,1982 Connecticut gubernatorial election,Winning,Bill O'Neill,Democratic,578264,53.35,True,True
1982,Connecticut,CT,governor,1982 Connecticut gubernatorial election,Candidate,Lewis Rome,Republican,497773,45.93,False,False
1982,Connecticut,CT,governor,1982 Connecticut gubernatorial election,Candidate,Walter Gengarelly,Libertarian,7839,0.72,False,False
1982,Connecticut,CT,governor,1982 Connecticut gubernatorial election,Total,,,1083876,100.0,False,False
1982,Florida,FL,governor,1982 Florida gubernatorial election,Winning,Bob Graham,Democratic,1739553,64.7,True,True
1982,Florida,FL,governor,1982 Florida gubernatorial election,Candidate,Skip Bafalis,Republican,949013,35.3,False,False
1982,Florida,FL,governor,1982 Florida gubernatorial election,Total,,,2688566,100.0,False,False
1982,Hawaii,HI,governor,"Hawaii gubernatorial election, 1982",Winning,George Ariyoshi,Democratic,141043,45.23,True,True
1982,Hawaii,HI,governor,"Hawaii gubernatorial election, 1982",Candidate,Frank Fasi,Independent Democrat,89303,28.64,False,False
1982,Hawaii,HI,governor,"Hawaii gubernatorial election, 1982",Candidate,D. G. Anderson,Republican,81507,26.14,False,False
1982,Idaho,ID,governor,1982 Idaho gubernatorial election,Winning,John V. Evans,Democratic,165365,50.64,True,True
1982,Idaho,ID,governor,1982 Idaho gubernatorial election,Candidate,Phil Batt,Republican,161157,49.36,False,False
1982,Illinois,IL,governor,"1982 gubernatorial election, Illinois",Winning,James R. Thompson (incumbent)/ George H. Ryan,Republican,1816101,49.44,True,False
1982,Illinois,IL,governor,"1982 gubernatorial election, Illinois",Candidate,Adlai Stevenson III/ Grace Mary Stern,Democratic,1811027,49.3,False,False
1982,Illinois,IL,governor,"1982 gubernatorial election, Illinois",Candidate,Bea Armstrong/ David L. Kelley,Libertarian,24417,0.66,False,False
1982,Illinois,IL,governor,"1982 gubernatorial election, Illinois",Candidate,"John E. Roche/ Melvin ""Mel"" Jones",Taxpayers,22001,0.6,False,False
1982,Illinois,IL,governor,"1982 gubernatorial election, Illinois",Write-in,,,161,0.0,False,False
1982,Iowa,IA,governor,1982 Iowa gubernatorial election,Winning,Terry Branstad,Republican,548313,52.81,True,False
1982,Iowa,IA,governor,1982 Iowa gubernatorial election,Candidate,Roxanne Conlin,Democratic,483291,46.55,False,False
1982,Iowa,IA,governor,1982 Iowa gubernatorial election,Candidate,Marcia Farrington,Libertarian,3307,0.32,False,False
1982,Iowa,IA,governor,1982 Iowa gubernatorial election,Candidate,Jim Bittner,Socialist Party Usa,2767,0.27,False,False
1982,Iowa,IA,governor,1982 Iowa gubernatorial election,Write-in,Write-ins,Write-ins,551,0.05,False,False
1982,Kansas,KS,governor,1982 Kansas gubernatorial election,Winning,John W. Carlin,Democratic,405772,53.16,True,True
1982,Kansas,KS,governor,1982 Kansas gubernatorial election,Candidate,Sam Hardage,Republican,339356,44.46,False,False
1982,Kansas,KS,governor,1982 Kansas gubernatorial election,Candidate,James H. Ward,Libertarian,7595,1.0,False,False
1982,Kansas,KS,governor,1982 Kansas gubernatorial election,Candidate,Frank W. Shelton Jr.,American Party (1969),6136,0.8,False,False
1982,Kansas,KS,governor,1982 Kansas gubernatorial election,Candidate,Warren C. Martin,Prohibition,4404,0.58,False,False
1982,Maine,ME,governor,1982 Maine gubernatorial election results,Winning,Joseph Brennan,Democratic,281066,61.91,True,True
1982,Maine,ME,governor,1982 Maine gubernatorial election results,Candidate,Charles Cragin,Republican,172949,38.09,False,False
1982,Maryland,MD,governor,1982 Maryland gubernatorial election,Winning,Harry Hughes,Democratic,705910,61.97,True,True
1982,Maryland,MD,governor,1982 Maryland gubernatorial election,Candidate,Robert A. Pascal,Republican,432826,38.0,False,False
1982,Massachusetts,MA,governor,1982 Massachusetts gubernatorial election,Winning,Michael Dukakis (John Kerry),Democratic,1219109,59.48,True,False
1982,Massachusetts,MA,governor,1982 Massachusetts gubernatorial election,Candidate,John W. Sears (Leon Lombardi),Republican,749679,36.57,False,False
1982,Massachusetts,MA,governor,1982 Massachusetts gubernatorial election,Candidate,Frank Rich (John Davies),Independent,63068,3.08,False,False
1982,Massachusetts,MA,governor,1982 Massachusetts gubernatorial election,Candidate,"Rebecca Shipman (Norman MacConnell, Jr.)",Libertarian,17918,0.87,False,False
1982,Michigan,MI,governor,1982 Michigan gubernatorial election,Winning,James J. Blanchard,Democratic,1561291,51.36,True,False
1982,Michigan,MI,governor,1982 Michigan gubernatorial election,Candidate,Richard Headlee,Republican,1369582,45.05,False,False
1982,Michigan,MI,governor,1982 Michigan gubernatorial election,Candidate,Robert Tisch,Tisch Independent Citizens,80288,2.64,False,False
1982,Michigan,MI,governor,1982 Michigan gubernatorial election,Candidate,Dick Jacobs,Libertarian,15603,0.51,False,False
1982,Michigan,MI,governor,1982 Michigan gubernatorial election,Candidate,James Phillips,Independent,7356,0.24,False,False
1982,Michigan,MI,governor,1982 Michigan gubernatorial election,Candidate,Tim Craine,Workers,3682,0.12,False,False
1982,Michigan,MI,governor,1982 Michigan gubernatorial election,Candidate,Martin P. McLaughlin,League,1980,0.07,False,False
1982,Michigan,MI,governor,1982 Michigan gubernatorial election,Candidate,Scattering,,226,0.01,False,False
1982,Michigan,MI,governor,1982 Michigan gubernatorial election,Total,,,3040008,100.0,False,False
1982,Minnesota,MN,governor,"1982 gubernatorial election, Minnesota",Winning,Rudy Perpich,Minnesota Democratic–farmer–labor,1049104,58.76,True,False
1982,Minnesota,MN,governor,"1982 gubernatorial election, Minnesota",Candidate,"Wheelock Whitney, Jr.",Independent-republican,711796,39.86,False,False
1982,Minnesota,MN,governor,"1982 gubernatorial election, Minnesota",Candidate,Kathy Wheeler,Workers,10332,0.58,False,False
1982,Minnesota,MN,governor,"1982 gubernatorial election, Minnesota",Candidate,Tom McDonald,Honest Government 87,7984,0.45,False,False
1982,Minnesota,MN,governor,"1982 gubernatorial election, Minnesota",Candidate,Franklin Haws,Libertarian,6323,0.35,False,False
1982,Nebraska,NE,governor,"Nebraska gubernatorial election, 1982",Winning,Bob Kerrey,Democratic,277436,50.64,True,False
1982,Nebraska,NE,governor,"Nebraska gubernatorial election, 1982",Candidate,Charles Thone,Republican,270203,49.32,False,True
1982,Nebraska,NE,governor,"Nebraska gubernatorial election, 1982",Candidate,Others,Write-in,263,0.05,False,False
1982,Nebraska,NE,governor,"Nebraska gubernatorial election, 1982",Total,,,547902,100.0,False,False
1982,Nevada,NV,governor,"Nevada gubernatorial election, 1982",Winning,Richard Bryan,Democratic,128132,53.44,True,False
1982,Nevada,NV,governor,"Nevada gubernatorial election, 1982",Candidate,Robert List,Republican,100104,41.75,False,True
1982,Nevada,NV,governor,"Nevada gubernatorial election, 1982",Candidate,None of These Candidates,,6894,2.88,False,False
1982,Nevada,NV,governor,"Nevada gubernatorial election, 1982",Candidate,Dan Becan,Libertarian,4621,1.93,False,False
1982,Nevada,NV,governor,"Nevada gubernatorial election, 1982",Total,,,239751,100.0,False,False
1982,New Mexico,NM,governor,1982 New Mexico gubernatorial election,Winning,Toney Anaya,Democratic,215840,52.97,True,False
1982,New Mexico,NM,governor,1982 New Mexico gubernatorial election,Candidate,John B. Irick,Republican,191626,47.03,False,False
1982,New Mexico,NM,governor,1982 New Mexico gubernatorial election,Total,,,407466,100.0,False,False
1982,New York,NY,governor,1982 New York gubernatorial election,Winning,Mario Cuomo,Total,2675213,50.91,True,False
1982,New York,NY,governor,1982 New York gubernatorial election,Candidate,Mario Cuomo,Democratic,2559607,48.71,False,False
1982,New York,NY,governor,1982 New York gubernatorial election,Candidate,Lewis Lehrman,Republican,2248741,42.8,False,False
1982,New York,NY,governor,1982 New York gubernatorial election,Candidate,Robert J. Bohner,Life,52356,1.0,False,False
1982,New York,NY,governor,1982 New York gubernatorial election,Candidate,John H. Northrup,Libertarian,16913,0.32,False,False
1982,New York,NY,governor,1982 New York gubernatorial election,Candidate,Jane Benedict,Unity,6353,0.12,False,False
1982,New York,NY,governor,1982 New York gubernatorial election,Candidate,Nancy Ross,Alliance,5277,0.1,False,False
1982,New York,NY,governor,1982 New York gubernatorial election,Candidate,Diane Wang,Workers,3766,0.07,False,False
1982,New York,NY,governor,1982 New York gubernatorial election,Total,,,5254705,100.0,False,False
1982,Ohio,OH,governor,Gubernatorial election results,Winning,Dick Celeste,Democratic,1981882,59.04,True,False
1982,Ohio,OH,governor,Gubernatorial election results,Candidate,"Clarence ""Bud"" Brown, Jr",Republican,1303962,38.85,False,False
1982,Ohio,OH,governor,Gubernatorial election results,Candidate,Phyllis Goetz,Libertarian,39114,1.17,False,False
1982,Ohio,OH,governor,Gubernatorial election results,Candidate,Erwin Reupert,Independent,17484,0.52,False,False
1982,Ohio,OH,governor,Gubernatorial election results,Candidate,Kurt O. Landefiled,Independent,14279,0.43,False,False
1982,Ohio,OH,governor,Gubernatorial election results,Total,,,3356721,100.0,False,False
1982,Oklahoma,OK,governor,1982 Oklahoma gubernatorial election,Winning,George Nigh,Democratic,548159,62.07,True,True
1982,Oklahoma,OK,governor,1982 Oklahoma gubernatorial election,Candidate,Tom Daxon,Republican,332207,37.62,False,False
1982,Oklahoma,OK,governor,1982 Oklahoma gubernatorial election,Candidate,Allah-U-Akbar Allah-U Wahid,Independent,2764,0.31,False,False
1982,Oklahoma,OK,governor,1982 Oklahoma gubernatorial election,Total,,,883130,100.0,False,False
1982,Oregon,OR,governor,1982 Oregon gubernatorial election,Winning,Victor G. Atiyeh (inc.),Republican,639841,61.4,True,False
1982,Oregon,OR,governor,1982 Oregon gubernatorial election,Candidate,Ted Kulongoski,Democratic,374316,35.92,False,False
1982,Oregon,OR,governor,1982 Oregon gubernatorial election,Candidate,Paul Cleveland,Libertarian,27394,2.63,False,False
1982,Oregon,OR,governor,1982 Oregon gubernatorial election,Candidate,Scattering,Write-in,458,0.04,False,False
1982,Oregon,OR,governor,1982 Oregon gubernatorial election,Total,,,1042009,100.0,False,False
1982,Rhode Island,RI,governor,1982 Rhode Island gubernatorial election,Winning,J. Joseph Garrahy,Democratic,247208,73.3,True,True
1982,Rhode Island,RI,governor,1982 Rhode Island gubernatorial election,Candidate,Vincent Marzullo,Republican,79602,23.6,False,False
1982,Rhode Island,RI,governor,1982 Rhode Island gubernatorial election,Candidate,Hilary R. Salk,Citizens,7033,2.09,False,False
1982,Rhode Island,RI,governor,1982 Rhode Island gubernatorial election,Candidate,Peter Van Daam,Independent,3405,1.01,False,False
1982,South Carolina,SC,governor,"South Carolina Gubernatorial Election, 1982",Winning,Richard Riley,Democratic,468787,69.78,True,True
1982,South Carolina,SC,governor,"South Carolina Gubernatorial Election, 1982",Candidate,W. D. Workman Jr.,Republican,202806,30.19,False,False
1982,South Carolina,SC,governor,"South Carolina Gubernatorial Election, 1982",Candidate,Write-Ins,No,184,0.0,False,False
1982,South Dakota,SD,governor,"South Dakota gubernatorial election, 1982",Winning,Bill Janklow (inc.),Republican,197429,70.87,True,False
1982,South Dakota,SD,governor,"South Dakota gubernatorial election, 1982",Candidate,Mike O'Connor,Democratic,81136,29.13,False,False
1982,Tennessee,TN,governor,1982 Tennessee gubernatorial election,Winning,Lamar Alexander,Republican,737693,59.56,True,True
1982,Tennessee,TN,governor,1982 Tennessee gubernatorial election,Candidate,Randy Tyree,Democratic,500937,40.44,False,False
1982,Vermont,VT,governor,1982 Vermont gubernatorial election,Winning,Richard A. Snelling (inc.),Republican,93111,55.0,True,False
1982,Vermont,VT,governor,1982 Vermont gubernatorial election,Candidate,Madeleine M. Kunin,Democratic,74394,44.0,False,False
1982,Vermont,VT,governor,1982 Vermont gubernatorial election,Candidate,Richard F. Gottlieb,Union,850,0.5,False,False
1982,Vermont,VT,governor,1982 Vermont gubernatorial election,Candidate,"John L. Buttolph, III",Libertarian,801,0.5,False,False
1982,Vermont,VT,governor,1982 Vermont gubernatorial election,Candidate,Other,N/a,95,0.0,False,False
1982,Vermont,VT,governor,1982 Vermont gubernatorial election,Total,,,169251,100.0,False,False
1982,Wisconsin,WI,governor,1982 Wisconsin gubernatorial election,Winning,Anthony S. Earl,Democratic,896872,56.75,True,False
1982,Wisconsin,WI,governor,1982 Wisconsin gubernatorial election,Candidate,Terry J. Kohler,Republican,662738,41.94,False,False
1982,Wisconsin,WI,governor,1982 Wisconsin gubernatorial election,Candidate,Larry Smiley,Libertarian,9734,0.62,False,False
1982,Wisconsin,WI,governor,1982 Wisconsin gubernatorial election,Candidate,James P. Wickstrom,Constitution,7721,0.49,False,False
1982,Wisconsin,WI,governor,1982 Wisconsin gubernatorial election,Candidate,Peter Seidman,Independent,3025,0.19,False,False
1982,Wisconsin,WI,governor,1982 Wisconsin gubernatorial election,Candidate,Scattering,,214,0.01,False,False
1982,Wisconsin,WI,governor,1982 Wisconsin gubernatorial election,Total,,,1580304,100.0,False,False
1982,Wyoming,WY,governor,1982 Wyoming gubernatorial election,Winning,Edgar Herschler,Democratic,106427,63.14,True,True
1982,Wyoming,WY,governor,1982 Wyoming gubernatorial election,Candidate,Warren A. Morton,Republican,62128,36.86,False,False
1983,Kentucky,KY,governor,1983 Kentucky gubernatorial election,Winning,Martha Layne Collins,Democratic,561674,54.5,True,False
1983,Kentucky,KY,governor,1983 Kentucky gubernatorial election,Candidate,Jim Bunning,Republican,454650,44.11,False,False
1983,Kentucky,KY,governor,1983 Kentucky gubernatorial election,Candidate,Nicholas D. McCubbin,Citizens United,14347,1.39,False,False
1983,Kentucky,KY,governor,1983 Kentucky gubernatorial election,Total,,,1030671,100.0,False,False
1983,Louisiana,LA,governor,"Louisiana gubernatorial election, 1983",Winning,Edwin Edwards,Democratic,1002798,62.31,True,False
1983,Louisiana,LA,governor,"Louisiana gubernatorial election, 1983",Candidate,David Treen,Republican,585692,36.39,False,True
1983,Louisiana,LA,governor,"Louisiana gubernatorial election, 1983",Candidate,Robert M. Ross,Republican,7777,0.48,False,False
1983,Louisiana,LA,governor,"Louisiana gubernatorial election, 1983",Candidate,"Ken ""Cousin Ken"" Lewis",Democratic,4117,0.26,False,False
1983,Louisiana,LA,governor,"Louisiana gubernatorial election, 1983",Candidate,Charley Moore,Independent,2381,0.15,False,False
1983,Louisiana,LA,governor,"Louisiana gubernatorial election, 1983",Candidate,Floyd Smith,Democratic,2264,0.14,False,False
1983,Louisiana,LA,governor,"Louisiana gubernatorial election, 1983",Candidate,Michele A. Smith,Independent,2253,0.14,False,False
1983,Louisiana,LA,governor,"Louisiana gubernatorial election, 1983",Candidate,"Joseph Thomas Robino, Jr.",Independent,1038,0.06,False,False
1983,Louisiana,LA,governor,"Louisiana gubernatorial election, 1983",Candidate,"Michael J. Musmeci, Sr.",Democratic,1032,0.06,False,False
1983,Louisiana,LA,governor,"Louisiana gubernatorial election, 1983",Total,,,1609352,100.0,False,False
1983,Mississippi,MS,governor,"Mississippi gubernatorial election, 1983",Winning,William Allain,Democratic,409209,55.1,True,False
1983,Mississippi,MS,governor,"Mississippi gubernatorial election, 1983",Candidate,Leon Bramlett,Republican,288764,38.88,False,False
1983,Mississippi,MS,governor,"Mississippi gubernatorial election, 1983",Candidate,Charles Evers,Independent,30493,4.12,False,False
1983,Mississippi,MS,governor,"Mississippi gubernatorial election, 1983",Candidate,Billie H. Taylor,Independent,7869,1.06,False,False
1983,Mississippi,MS,governor,"Mississippi gubernatorial election, 1983",Candidate,Henry McMullen Williams,Independent,6302,0.85,False,False
1983,Mississippi,MS,governor,"Mississippi gubernatorial election, 1983",Total,,,742737,100.0,False,False
1984,Delaware,DE,governor,1984 Delaware gubernatorial election,Winning,Mike Castle,Republican,135250,55.53,True,False
1984,Delaware,DE,governor,1984 Delaware gubernatorial election,Candidate,William T. Quillen,Democratic,108315,44.47,False,False
1984,Indiana,IN,governor,"Indiana gubernatorial election, 1984",Winning,Robert D. Orr,Republican,1146497,52.16,True,True
1984,Indiana,IN,governor,"Indiana gubernatorial election, 1984",Candidate,Wayne Townsend,Democratic,1036922,47.18,False,False
1984,Indiana,IN,governor,"Indiana gubernatorial election, 1984",Candidate,Rockland Snyder,American Party (1969),7455,0.34,False,False
1984,Indiana,IN,governor,"Indiana gubernatorial election, 1984",Candidate,James A. Ridenour,Libertarian,7114,0.32,False,False
1984,Indiana,IN,governor,"Indiana gubernatorial election, 1984",Total,,,2197988,100.0,False,False
1984,Missouri,MO,governor,"1984 gubernatorial election, Missouri",Winning,John Ashcroft,Republican,1194506,56.66,True,False
1984,Missouri,MO,governor,"1984 gubernatorial election, Missouri",Candidate,Ken Rothman,Democratic,913700,43.34,False,False
1984,Missouri,MO,governor,"1984 gubernatorial election, Missouri",Candidate,Bob Allen,Independent,4,0.0,False,False
1984,Montana,MT,governor,"Montana gubernatorial election, 1984",Winning,Ted Schwinden,Democratic,266578,70.34,True,True
1984,Montana,MT,governor,"Montana gubernatorial election, 1984",Candidate,Pat M. Goodover,Republican,100070,26.41,False,False
1984,Montana,MT,governor,"Montana gubernatorial election, 1984",Candidate,Larry Dodge,Libertarian,12322,3.25,False,False
1984,North Carolina,NC,governor,1984 NC Governor election results,Winning,James G. Martin,Republican,1208167,54.26,True,False
1984,North Carolina,NC,governor,1984 NC Governor election results,Candidate,Rufus L. Edmisten,Democratic,1011209,45.41,False,False
1984,North Carolina,NC,governor,1984 NC Governor election results,Candidate,H. Fritz Prochnaw,Libertarian,4610,0.21,False,False
1984,North Carolina,NC,governor,1984 NC Governor election results,Candidate,Gregory McCartan,Workers,2740,0.12,False,False
1984,North Dakota,ND,governor,"North Dakota gubernatorial election, 1984",Winning,George A. Sinner/Ruth Meiers,North Dakota Democratic-npl,173922,55.32,True,False
1984,North Dakota,ND,governor,"North Dakota gubernatorial election, 1984",Candidate,Allen I. Olson (inc.)/Ernest Sands,Republican,140460,44.68,False,False
1984,North Dakota,ND,governor,"North Dakota gubernatorial election, 1984",Total,,,314382,100.0,False,False
1984,Rhode Island,RI,governor,1984 Rhode Island gubernatorial election,Winning,Edward D. DiPrete,Republican,245059,60.01,True,False
1984,Rhode Island,RI,governor,1984 Rhode Island gubernatorial election,Candidate,Anthony J. Solomon,Democratic,163311,39.99,False,False
1984,Utah,UT,governor,1984 Utah gubernatorial election,Winning,Norman H. Bangerter,Republican,351792,55.87,True,False
1984,Utah,UT,governor,1984 Utah gubernatorial election,Candidate,Wayne Owens,Democratic,275669,43.78,False,False
1984,Utah,UT,governor,1984 Utah gubernatorial election,Candidate,L. S. Brown,American Party (1969),2158,0.34,False,False
1984,Utah,UT,governor,1984 Utah gubernatorial election,Total,,,629619,100.0,False,False
1984,Vermont,VT,governor,1984 Vermont gubernatorial election,Winning,Madeleine M. Kunin,Democratic,116938,50.0,True,False
1984,Vermont,VT,governor,1984 Vermont gubernatorial election,Candidate,"John J. Easton, Jr.",Republican,113264,48.5,False,False
1984,Vermont,VT,governor,1984 Vermont gubernatorial election,Candidate,William Wicker,Libertarian,1904,0.8,False,False
1984,Vermont,VT,governor,1984 Vermont gubernatorial election,Candidate,Marian Wagner,Citizens,730,0.3,False,False
1984,Vermont,VT,governor,1984 Vermont gubernatorial election,Candidate,Richard F. Gottlieb,Union,695,0.3,False,False
1984,Vermont,VT,governor,1984 Vermont gubernatorial election,Candidate,Other,N/a,222,0.1,False,False
1984,Vermont,VT,governor,1984 Vermont gubernatorial election,Total,,,233753,100.0,False,False
1984,Washington,WA,governor,1984 Washington gubernatorial election,Winning,Booth Gardner,Democratic,1006993,53.31,True,False
1984,Washington,WA,governor,1984 Washington gubernatorial election,Candidate,John Spellman,Republican,881994,46.69,False,True
1984,Washington,WA,governor,1984 Washington gubernatorial election,Total,,,1888987,100.0,False,False
1984,West Virginia,WV,governor,"West Virginia Democratic gubernatorial primary, 1984",Winning,Clyde M. See Jr.,Democratic,148049,39.84,True,False
1984,West Virginia,WV,governor,"West Virginia Democratic gubernatorial primary, 1984",Candidate,Warren McGraw,Democratic,104138,28.02,False,False
1984,West Virginia,WV,governor,"West Virginia Democratic gubernatorial primary, 1984",Candidate,Chauncey H. Browning Jr.,Democratic,101712,27.37,False,False
1984,West Virginia,WV,governor,"West Virginia Democratic gubernatorial primary, 1984",Candidate,Dusty Rhodes,Democratic,7581,2.04,False,False
1984,West Virginia,WV,governor,"West Virginia Democratic gubernatorial primary, 1984",Candidate,Glenn W. Mullett,Democratic,5234,1.41,False,False
1984,West Virginia,WV,governor,"West Virginia Democratic gubernatorial primary, 1984",Candidate,Powell Lane,Democratic,2935,0.79,False,False
1984,West Virginia,WV,governor,"West Virginia Democratic gubernatorial primary, 1984",Candidate,E. E. Cumptan,Democratic,1960,0.53,False,False
1984,West Virginia,WV,governor,"West Virginia Democratic gubernatorial primary, 1984",Total,,,371609,100.0,False,False
1984,West Virginia,WV,governor,"West Virginia gubernatorial election, 1984",Winning,Arch A. Moore Jr.,Republican,394937,53.26,True,False
1984,West Virginia,WV,governor,"West Virginia gubernatorial election, 1984",Candidate,Clyde M. See Jr.,Democratic,346565,46.74,False,False
1984,West Virginia,WV,governor,"West Virginia gubernatorial election, 1984",Total,,,741502,100.0,False,False
1985,New Jersey,NJ,governor,"New Jersey Gubernatorial Election, 1985",Winning,Thomas Kean,Republican,1372631,69.58,True,True
1985,New Jersey,NJ,governor,"New Jersey Gubernatorial Election, 1985",Candidate,Peter Shapiro,Democratic,578402,29.32,False,False
1985,New Jersey,NJ,governor,"New Jersey Gubernatorial Election, 1985",Candidate,Rodger Headrick,Independent,8537,0.43,False,False
1985,New Jersey,NJ,governor,"New Jersey Gubernatorial Election, 1985",Candidate,Virginia Flynn,Libertarian,4710,0.24,False,False
1985,New Jersey,NJ,governor,"New Jersey Gubernatorial Election, 1985",Candidate,Mark Satinoff,Workers,3703,0.19,False,False
1985,New Jersey,NJ,governor,"New Jersey Gubernatorial Election, 1985",Candidate,Julius Levin,Labor,2740,0.14,False,False
1985,New Jersey,NJ,governor,"New Jersey Gubernatorial Election, 1985",Candidate,George M. Fishman,Communist Party Usa,1901,0.1,False,False
1985,Virginia,VA,governor,1985 Virginia gubernatorial election,Winning,Gerald L. Baliles,Democratic,741438,55.2,True,False
1985,Virginia,VA,governor,1985 Virginia gubernatorial election,Candidate,Wyatt B. Durrette Jr.,Republican,601652,44.79,False,False
1985,Virginia,VA,governor,1985 Virginia gubernatorial election,Write-in,Write-ins,Write-ins,153,0.01,False,False
1986,Alabama,AL,governor,1986 Alabama gubernatorial election,Winning,Guy Hunt,Republican,696203,56.45,True,False
1986,Alabama,AL,governor,1986 Alabama gubernatorial election,Candidate,Bill Baxley,Democratic,537163,43.55,False,False
1986,Alabama,AL,governor,1986 Alabama gubernatorial election,Total,,,1233366,100.0,False,False
1986,Alaska,AK,governor,1986 Alaska gubernatorial election,Winning,Steve Cowper,Democratic,84943,47.31,True,False
1986,Alaska,AK,governor,1986 Alaska gubernatorial election,Candidate,Arliss Sturgulewski,Republican,76515,42.61,False,False
1986,Alaska,AK,governor,1986 Alaska gubernatorial election,Candidate,Joe Vogler,Independence,10013,5.58,False,False
1986,Alaska,AK,governor,1986 Alaska gubernatorial election,Candidate,Mary Jane O'Brannon,Libertarian,1050,0.58,False,False
1986,Alaska,AK,governor,1986 Alaska gubernatorial election,Write-in,[[Write-in Candidate|Write-in Votes]],Write-in Votes,7034,3.92,False,False
1986,Arizona,AZ,governor,"Arizona gubernatorial election, 1986",Winning,Evan Mecham,Republican,343913,39.67,True,False
1986,Arizona,AZ,governor,"Arizona gubernatorial election, 1986",Candidate,Carolyn Warner,Democratic,298986,34.49,False,False
1986,Arizona,AZ,governor,"Arizona gubernatorial election, 1986",Candidate,Bill Schulz,Independent,224085,25.85,False,False
1986,Arizona,AZ,governor,"Arizona gubernatorial election, 1986",Total,,,866984,100.0,False,False
1986,California,CA,governor,1986 California gubernatorial election,Winning,George Deukmejian,Republican,4506601,60.54,True,True
1986,California,CA,governor,1986 California gubernatorial election,Candidate,Tom Bradley,Democratic,2781714,37.37,False,False
1986,California,CA,governor,1986 California gubernatorial election,Candidate,Joseph Fuhrig,Libertarian,52628,0.71,False,False
1986,California,CA,governor,1986 California gubernatorial election,Candidate,Maria Elizabeth Muñoz,Freedom,51995,0.7,False,False
1986,California,CA,governor,1986 California gubernatorial election,Candidate,Gary V. Miller,Independent,50547,0.68,False,False
1986,California,CA,governor,1986 California gubernatorial election,Candidate,Scattering,,66,0.0,False,False
1986,California,CA,governor,1986 California gubernatorial election,Total,,,7443551,100.0,False,False
1986,Colorado,CO,governor,1986 Colorado gubernatorial election,Winning,Roy Romer,Democratic,616325,58.2,True,False
1986,Colorado,CO,governor,1986 Colorado gubernatorial election,Candidate,Ted L. Strickland,Republican,434420,41.03,False,False
1986,Colorado,CO,governor,1986 Colorado gubernatorial election,Candidate,Earl Dodge,Prohibition,8183,0.77,False,False
1986,Florida,FL,governor,"Florida gubernatorial election, 1986",Winning,Bob Martinez,Republican,1847525,54.56,True,False
1986,Florida,FL,governor,"Florida gubernatorial election, 1986",Candidate,Steve Pajcic,Democratic,1538620,45.44,False,False
1986,Florida,FL,governor,"Florida gubernatorial election, 1986",Write-in,,,27,0.0,False,False
1986,Georgia,GA,governor,"Georgia gubernatorial election, 1986",Winning,Joe Frank Harris,Democratic,828465,70.51,True,True
1986,Georgia,GA,governor,"Georgia gubernatorial election, 1986",Candidate,Guy Davis,Republican,346512,29.49,False,False
1986,Hawaii,HI,governor,"Hawaii gubernatorial election, 1986",Winning,John D. Waihe'e III,Democratic,173655,51.98,True,False
1986,Hawaii,HI,governor,"Hawaii gubernatorial election, 1986",Candidate,D. G. Anderson,Republican,160460,48.02,False,False
1986,Illinois,IL,governor,1986 Illinois gubernatorial election,Winning,James R. Thompson (incumbent)/ George Ryan,Republican,1655849,52.67,True,True
1986,Illinois,IL,governor,1986 Illinois gubernatorial election,Candidate,Adlai Stevenson III/ Mike Howlett,Solidarity Party (illinois),1256626,39.97,False,False
1986,Illinois,IL,governor,1986 Illinois gubernatorial election,Candidate,No candidate/ Mark Fairchild,Democratic,208830,6.64,False,False
1986,Illinois,IL,governor,1986 Illinois gubernatorial election,Candidate,Gary L. Shilts/ Gerry Walsh,Libertarian,15646,0.5,False,False
1986,Illinois,IL,governor,1986 Illinois gubernatorial election,Candidate,Diane Roling/ Jim Little,Workers,6843,0.22,False,False
1986,Illinois,IL,governor,1986 Illinois gubernatorial election,Candidate,Charles E. Koen,Write-in,141,0.01,False,False
1986,Illinois,IL,governor,1986 Illinois gubernatorial election,Candidate,Wilbur L. Keeling,Write-in,30,0.0,False,False
1986,Illinois,IL,governor,1986 Illinois gubernatorial election,Candidate,David L. Bernabie,Write-in,13,0.0,False,False
1986,Iowa,IA,governor,1986 Iowa gubernatorial election,Winning,Terry Branstad,Republican,472712,51.91,True,True
1986,Iowa,IA,governor,1986 Iowa gubernatorial election,Candidate,Lowell Junkins,Democratic,436987,47.99,False,False
1986,Iowa,IA,governor,1986 Iowa gubernatorial election,Write-in,Write-ins,Write-ins,924,0.1,False,False
1986,Kansas,KS,governor,"Kansas gubernatorial election, 1986",Winning,Mike Hayden/Jack D. Walker,Republican,436267,51.9,True,False
1986,Kansas,KS,governor,"Kansas gubernatorial election, 1986",Candidate,Thomas Docking/John G. Montgomery,Democratic,404338,48.1,False,False
1986,Maine,ME,governor,"1986 Gubernatorial Election, Maine",Winning,John R. McKernan Jr.,Republican,170312,39.9,True,False
1986,Maine,ME,governor,"1986 Gubernatorial Election, Maine",Candidate,James Tierney,Democratic,128744,30.16,False,False
1986,Maine,ME,governor,"1986 Gubernatorial Election, Maine",Candidate,Sherry Huber,Independent,64317,15.07,False,False
1986,Maine,ME,governor,"1986 Gubernatorial Election, Maine",Candidate,John Menario,Independent,63474,14.87,False,False
1986,Maryland,MD,governor,1986 Maryland gubernatorial election,Winning,William Donald Schaefer,Democratic,907291,82.37,True,False
1986,Maryland,MD,governor,1986 Maryland gubernatorial election,Candidate,Thomas J. Mooney,Republican,194185,17.63,False,False
1986,Massachusetts,MA,governor,1986 Massachusetts gubernatorial election,Winning,Michael Dukakis,Democratic,1157786,68.79,True,True
1986,Massachusetts,MA,governor,1986 Massachusetts gubernatorial election,Candidate,George Kariotis,Republican,525364,31.21,False,False
1986,Massachusetts,MA,governor,1986 Massachusetts gubernatorial election,Candidate,Blank votes,None,93138,,False,False
1986,Massachusetts,MA,governor,1986 Massachusetts gubernatorial election,Total,,,1683150,100.0,False,False
1986,Michigan,MI,governor,1986 Michigan gubernatorial election,Winning,James J. Blanchard (inc.),Democratic,1632138,68.1,True,False
1986,Michigan,MI,governor,1986 Michigan gubernatorial election,Candidate,William Lucas,Republican,753647,31.45,False,False
1986,Michigan,MI,governor,1986 Michigan gubernatorial election,Candidate,Martin P. McLaughlin,League,9477,0.4,False,False
1986,Michigan,MI,governor,1986 Michigan gubernatorial election,Candidate,Scattering,,1302,0.05,False,False
1986,Michigan,MI,governor,1986 Michigan gubernatorial election,Total,,,2396564,100.0,False,False
1986,Minnesota,MN,governor,1986 Minnesota gubernatorial election,Winning,Rudy Perpich,Minnesota Democratic–farmer–labor,790138,56.11,True,True
1986,Minnesota,MN,governor,1986 Minnesota gubernatorial election,Candidate,Cal Ludeman,Independent-republican,606755,43.09,False,False
1986,Minnesota,MN,governor,1986 Minnesota gubernatorial election,Candidate,W. Z. Brust,League,4208,0.3,False,False
1986,Minnesota,MN,governor,1986 Minnesota gubernatorial election,Candidate,Joseph A. Rohner III,Libertarian,3852,0.27,False,False
1986,Minnesota,MN,governor,1986 Minnesota gubernatorial election,Candidate,Tom Jaax,Workers,3151,0.22,False,False
1986,Nebraska,NE,governor,"Nebraska gubernatorial election, 1986",Winning,Kay Orr,Republican,298325,52.86,True,False
1986,Nebraska,NE,governor,"Nebraska gubernatorial election, 1986",Candidate,Helen Boosalis,Democratic,265156,46.98,False,False
1986,Nebraska,NE,governor,"Nebraska gubernatorial election, 1986",Candidate,Others,Write-in,941,0.17,False,False
1986,Nebraska,NE,governor,"Nebraska gubernatorial election, 1986",Total,,,564442,100.0,False,False
1986,Nevada,NV,governor,1986 Nevada gubernatorial election result,Winning,Richard Bryan,Democratic,187268,71.92,True,True
1986,Nevada,NV,governor,1986 Nevada gubernatorial election result,Candidate,Patty Cafferata,Republican,65081,25.0,False,False
1986,Nevada,NV,governor,1986 Nevada gubernatorial election result,Candidate,None of These Candidates,,5471,2.1,False,False
1986,Nevada,NV,governor,1986 Nevada gubernatorial election result,Candidate,Lou Tomburello,Libertarian,2555,0.98,False,False
1986,Nevada,NV,governor,1986 Nevada gubernatorial election result,Total,,,260375,100.0,False,False
1986,New Mexico,NM,governor,1986 New Mexico gubernatorial election,Winning,Garrey Carruthers,Republican,209455,53.05,True,False
1986,New Mexico,NM,governor,1986 New Mexico gubernatorial election,Candidate,Ray Powell,Democratic,185378,46.95,False,False
1986,New Mexico,NM,governor,1986 New Mexico gubernatorial election,Total,,,394833,100.0,False,False
1986,New York,NY,governor,"New York gubernatorial election, 1986",Winning,Mario Cuomo,Total,2775045,64.63,True,True
1986,New York,NY,governor,"New York gubernatorial election, 1986",Candidate,Mario Cuomo,Democratic,2654754,61.83,False,False
1986,New York,NY,governor,"New York gubernatorial election, 1986",Candidate,Andrew O'Rourke,Republican,1211662,28.22,False,False
1986,New York,NY,governor,"New York gubernatorial election, 1986",Candidate,Denis Dillon,Life,130827,3.05,False,False
1986,New York,NY,governor,"New York gubernatorial election, 1986",Candidate,Lenora Fulani,Alliance,24135,0.56,False,False
1986,Ohio,OH,governor,"Ohio gubernatorial election, 1986",Winning,Dick Celeste,Democratic,1858372,60.6,True,True
1986,Ohio,OH,governor,"Ohio gubernatorial election, 1986",Candidate,Jim Rhodes,Republican,1207264,39.37,False,False
1986,Ohio,OH,governor,"Ohio gubernatorial election, 1986",Write-in,Write-ins,Write-ins,975,0.03,False,False
1986,Oklahoma,OK,governor,1986 Oklahoma gubernatorial election,Winning,Henry Bellmon,Republican,431762,47.45,True,False
1986,Oklahoma,OK,governor,1986 Oklahoma gubernatorial election,Candidate,David Walters,Democratic,405295,44.54,False,False
1986,Oklahoma,OK,governor,1986 Oklahoma gubernatorial election,Candidate,Jerry Brown,Independent,60115,6.61,False,False
1986,Oklahoma,OK,governor,1986 Oklahoma gubernatorial election,Candidate,"Nelson ""Freckles"" Little",Independent,12753,1.4,False,False
1986,Oklahoma,OK,governor,1986 Oklahoma gubernatorial election,Total,,,909925,100.0,False,False
1986,Oregon,OR,governor,1986 Oregon gubernatorial election,Winning,Neil Goldschmidt,Democratic,549456,51.85,True,False
1986,Oregon,OR,governor,1986 Oregon gubernatorial election,Candidate,Norma Paulus,Republican,506989,47.85,False,False
1986,Oregon,OR,governor,1986 Oregon gubernatorial election,Candidate,Scattering,Write-in,3188,0.3,False,False
1986,Oregon,OR,governor,1986 Oregon gubernatorial election,Total,,,1059630,100.0,False,False
1986,Pennsylvania,PA,governor,1986 Pennsylvania gubernatorial election,Winning,Bob Casey,Democratic,1717484,50.69,True,False
1986,Pennsylvania,PA,governor,1986 Pennsylvania gubernatorial election,Candidate,Bill Scranton III,Republican,1638268,48.35,False,False
1986,Pennsylvania,PA,governor,1986 Pennsylvania gubernatorial election,Candidate,Heidi Hoover,Consumer,33523,0.96,False,False
1986,Pennsylvania,PA,governor,1986 Pennsylvania gubernatorial election,Total,,,3388275,100.0,False,False
1986,Rhode Island,RI,governor,1986 Rhode Island gubernatorial election,Winning,Edward D. DiPrete,Republican,208822,64.7,True,True
1986,Rhode Island,RI,governor,1986 Rhode Island gubernatorial election,Candidate,Bruce Sundlun,Democratic,104504,32.38,False,False
1986,Rhode Island,RI,governor,1986 Rhode Island gubernatorial election,Candidate,Robert J. Healey,Independent,5964,1.85,False,False
1986,Rhode Island,RI,governor,1986 Rhode Island gubernatorial election,Candidate,Tony Affigne,Independent,3481,1.08,False,False
1986,South Carolina,SC,governor,"South Carolina Gubernatorial Election, 1986",Winning,"Carroll A. Campbell, Jr.",Republican,384565,51.02,True,False
1986,South Carolina,SC,governor,"South Carolina Gubernatorial Election, 1986",Candidate,Michael R. Daniel,Democratic,361328,47.94,False,False
1986,South Carolina,SC,governor,"South Carolina Gubernatorial Election, 1986",Candidate,William Griffin,Libertarian,4211,0.6,False,False
1986,South Carolina,SC,governor,"South Carolina Gubernatorial Election, 1986",Candidate,Millard Smith,American,3304,0.4,False,False
1986,South Carolina,SC,governor,"South Carolina Gubernatorial Election, 1986",Candidate,Write-Ins,No,341,0.1,False,False
1986,South Dakota,SD,governor,"South Dakota gubernatorial election, 1986",Winning,George S. Mickelson,Republican,152543,51.81,True,False
1986,South Dakota,SD,governor,"South Dakota gubernatorial election, 1986",Candidate,Ralph Lars Herseth,Democratic,141898,48.19,False,False
1986,South Dakota,SD,governor,"South Dakota gubernatorial election, 1986",Total,,,294441,100.0,False,False
1986,Tennessee,TN,governor,1986 Tennessee gubernatorial election,Winning,Ned McWherter,Democratic,656602,54.26,True,False
1986,Tennessee,TN,governor,1986 Tennessee gubernatorial election,Candidate,Winfield Dunn,Republican,553449,45.74,False,False
1986,Vermont,VT,governor,1986 Vermont gubernatorial election,Winning,Madeleine M. Kunin (inc.),Democratic,92485,47.0,True,False
1986,Vermont,VT,governor,1986 Vermont gubernatorial election,Candidate,Peter Plympton Smith,Republican,75239,38.2,False,False
1986,Vermont,VT,governor,1986 Vermont gubernatorial election,Candidate,Bernie Sanders,Independent,28418,14.4,False,False
1986,Vermont,VT,governor,1986 Vermont gubernatorial election,Candidate,Richard F. Gottlieb,Union,491,0.2,False,False
1986,Vermont,VT,governor,1986 Vermont gubernatorial election,Candidate,Write-ins,Write-in,83,0.1,False,False
1986,Vermont,VT,governor,1986 Vermont gubernatorial election,Total,,,196716,100.0,False,False
1986,Vermont,VT,governor,Vermont legislature vote results,Winning,Madeleine M. Kunin (inc.),Democratic,139,77.22,True,False
1986,Vermont,VT,governor,Vermont legislature vote results,Candidate,Peter Plympton Smith,Republican,39,21.66,False,False
1986,Vermont,VT,governor,Vermont legislature vote results,Candidate,Bernie Sanders,Independent,2,1.11,False,False
1986,Vermont,VT,governor,Vermont legislature vote results,Total,,,180,100.0,False,False
1986,Wisconsin,WI,governor,1986 Wisconsin gubernatorial election,Winning,Tommy G. Thompson,Republican,805090,52.73,True,False
1986,Wisconsin,WI,governor,1986 Wisconsin gubernatorial election,Candidate,Anthony S. Earl,Democratic,705578,46.21,False,False
1986,Wisconsin,WI,governor,1986 Wisconsin gubernatorial election,Candidate,Kathryn A. Christensen,Labor-farm,10323,0.68,False,False
1986,Wisconsin,WI,governor,1986 Wisconsin gubernatorial election,Candidate,Darold E. Wall,Independent,3913,0.26,False,False
1986,Wisconsin,WI,governor,1986 Wisconsin gubernatorial election,Candidate,Sanford Knapp,Independent,1668,0.11,False,False
1986,Wisconsin,WI,governor,1986 Wisconsin gubernatorial election,Candidate,Scattering,,388,0.03,False,False
1986,Wisconsin,WI,governor,1986 Wisconsin gubernatorial election,Total,,,1526960,100.0,False,False
1986,Wyoming,WY,governor,1986 Wyoming gubernatorial election,Winning,Mike Sullivan,Democratic,88879,53.96,True,False
1986,Wyoming,WY,governor,1986 Wyoming gubernatorial election,Candidate,Pete Simpson,Republican,75841,46.04,False,False
1987,Kentucky,KY,governor,1987 Kentucky gubernatorial election,Winning,Wallace G. Wilkinson,Democratic,504674,64.5,True,False
1987,Kentucky,KY,governor,1987 Kentucky gubernatorial election,Candidate,John Harper,Republican,273141,34.91,False,False
1987,Kentucky,KY,governor,1987 Kentucky gubernatorial election,Write-in,,,4639,0.59,False,False
1987,Kentucky,KY,governor,1987 Kentucky gubernatorial election,Total,,,782454,100.0,False,False
1987,Mississippi,MS,governor,"Mississippi gubernatorial election, 1987",Winning,Ray Mabus,Democratic,385689,53.44,True,False
1987,Mississippi,MS,governor,"Mississippi gubernatorial election, 1987",Candidate,Jack Reed,Republican,336006,46.56,False,False
1987,Mississippi,MS,governor,"Mississippi gubernatorial election, 1987",Total,,,721695,100.0,False,False
1988,Delaware,DE,governor,"Delaware gubernatorial election, 1988",Winning,Mike Castle,Republican,169733,70.73,True,True
1988,Delaware,DE,governor,"Delaware gubernatorial election, 1988",Candidate,Jacob Kreshtool,Democratic,70236,29.27,False,False
1988,Indiana,IN,governor,"Indiana gubernatorial election, 1988",Winning,Evan Bayh,Democratic,1138574,53.18,True,False
1988,Indiana,IN,governor,"Indiana gubernatorial election, 1988",Candidate,John Mutz,Republican,1002207,46.82,False,False
1988,Indiana,IN,governor,"Indiana gubernatorial election, 1988",Total,,,2140781,100.0,False,False
1988,Missouri,MO,governor,"1988 gubernatorial election, Missouri",Winning,John Ashcroft,Republican,1339531,64.22,True,True
1988,Missouri,MO,governor,"1988 gubernatorial election, Missouri",Candidate,Betty Cooper Hearnes,Democratic,724919,34.75,False,False
1988,Missouri,MO,governor,"1988 gubernatorial election, Missouri",Candidate,Mike Roberts,Libertarian,21467,1.03,False,False
1988,Montana,MT,governor,"Montana gubernatorial election, 1988",Winning,Stan Stephens,Republican,190604,51.93,True,False
1988,Montana,MT,governor,"Montana gubernatorial election, 1988",Candidate,Thomas Lee Judge,Democratic,169313,46.13,False,False
1988,Montana,MT,governor,"Montana gubernatorial election, 1988",Candidate,William Dee Morris,Libertarian,7104,1.94,False,False
1988,North Carolina,NC,governor,1988 NC Governor Election Results,Winning,James G. Martin,Republican,1222258,55.06,True,True
1988,North Carolina,NC,governor,1988 NC Governor Election Results,Candidate,Robert B. Jordan,Democratic,997408,44.94,False,False
1988,North Dakota,ND,governor,"North Dakota gubernatorial election, 1988",Winning,George A. Sinner (inc.)/Lloyd Omdahl,North Dakota Democratic-npl,179094,59.88,True,False
1988,North Dakota,ND,governor,"North Dakota gubernatorial election, 1988",Candidate,Leon Mallberg/Donna Nalewaja,Republican,119986,40.12,False,False
1988,North Dakota,ND,governor,"North Dakota gubernatorial election, 1988",Total,,,299080,100.0,False,False
1988,Rhode Island,RI,governor,1988 Rhode Island gubernatorial election,Winning,Edward D. DiPrete,Republican,203550,50.83,True,True
1988,Rhode Island,RI,governor,1988 Rhode Island gubernatorial election,Candidate,Bruce Sundlun,Democratic,196925,49.17,False,False
1988,Utah,UT,governor,1988 Utah gubernatorial election,Winning,Norman H. Bangerter,Republican,260462,40.13,True,True
1988,Utah,UT,governor,1988 Utah gubernatorial election,Candidate,Ted Wilson,Democratic,249321,38.41,False,False
1988,Utah,UT,governor,1988 Utah gubernatorial election,Candidate,Merrill Cook,Independent,136651,21.05,False,False
1988,Utah,UT,governor,1988 Utah gubernatorial election,Candidate,Kitty K. Burton,Libertarian,1661,0.26,False,False
1988,Utah,UT,governor,1988 Utah gubernatorial election,Candidate,Arly H. Pedersen,American Party (1969),1019,0.16,False,False
1988,Utah,UT,governor,1988 Utah gubernatorial election,Total,,,649114,100.0,False,False
1988,Vermont,VT,governor,1988 Vermont gubernatorial election,Winning,Madeleine M. Kunin (inc.),Democratic,134558,55.3,True,False
1988,Vermont,VT,governor,1988 Vermont gubernatorial election,Candidate,Michael Bernhardt,Republican,105319,43.3,False,False
1988,Vermont,VT,governor,1988 Vermont gubernatorial election,Candidate,Richard F. Gottlieb,Union,2923,1.2,False,False
1988,Vermont,VT,governor,1988 Vermont gubernatorial election,Candidate,Write-ins,N/a,330,0.1,False,False
1988,Vermont,VT,governor,1988 Vermont gubernatorial election,Total,,,243130,100.0,False,False
1988,Washington,WA,governor,1988 Washington gubernatorial election,Winning,Booth Gardner,Democratic,1166448,62.21,True,True
1988,Washington,WA,governor,1988 Washington gubernatorial election,Candidate,Bob Williams,Republican,708481,37.79,False,False
1988,Washington,WA,governor,1988 Washington gubernatorial election,Total,,,1874929,100.0,False,False
1988,West Virginia,WV,governor,"West Virginia Democratic gubernatorial primary, 1988",Winning,Gaston Caperton,Democratic,132435,37.96,True,False
1988,West Virginia,WV,governor,"West Virginia Democratic gubernatorial primary, 1988",Candidate,"Clyde M. See, Jr.",Democratic,94364,27.05,False,False
1988,West Virginia,WV,governor,"West Virginia Democratic gubernatorial primary, 1988",Candidate,Mario Palumbo,Democratic,51722,14.83,False,False
1988,West Virginia,WV,governor,"West Virginia Democratic gubernatorial primary, 1988",Candidate,Gus Douglass,Democratic,48748,13.97,False,False
1988,West Virginia,WV,governor,"West Virginia Democratic gubernatorial primary, 1988",Candidate,Dan R. Tonkovich,Democratic,14916,4.28,False,False
1988,West Virginia,WV,governor,"West Virginia Democratic gubernatorial primary, 1988",Candidate,Larry Harless,Democratic,5217,1.5,False,False
1988,West Virginia,WV,governor,"West Virginia Democratic gubernatorial primary, 1988",Candidate,Paul Nuchims,Democratic,1484,0.43,False,False
1988,West Virginia,WV,governor,"West Virginia Democratic gubernatorial primary, 1988",Total,,,348886,100.0,False,False
1988,West Virginia,WV,governor,"West Virginia Republican gubernatorial primary, 1988",Winning,Arch A. Moore Jr.,Republican,78495,53.23,True,True
1988,West Virginia,WV,governor,"West Virginia Republican gubernatorial primary, 1988",Candidate,John Raese,Republican,68973,46.77,False,False
1988,West Virginia,WV,governor,"West Virginia Republican gubernatorial primary, 1988",Total,,,147468,100.0,False,False
1988,West Virginia,WV,governor,"West Virginia gubernatorial election, 1988",Winning,Gaston Caperton,Democratic,382421,58.87,True,False
1988,West Virginia,WV,governor,"West Virginia gubernatorial election, 1988",Candidate,Arch A. Moore Jr.,Republican,267172,41.13,False,True
1988,West Virginia,WV,governor,"West Virginia gubernatorial election, 1988",Total,,,649593,100.0,False,False
1989,New Jersey,NJ,governor,"New Jersey Gubernatorial Election, 1989",Winning,James Florio,Democratic,1379937,61.23,True,False
1989,New Jersey,NJ,governor,"New Jersey Gubernatorial Election, 1989",Candidate,Jim Courter,Republican,838553,37.21,False,False
1989,New Jersey,NJ,governor,"New Jersey Gubernatorial Election, 1989",Candidate,Daniel M. Karlan,Libertarian,11878,0.53,False,False
1989,New Jersey,NJ,governor,"New Jersey Gubernatorial Election, 1989",Candidate,Michael Ziruolo,Independent,10210,0.45,False,False
1989,New Jersey,NJ,governor,"New Jersey Gubernatorial Election, 1989",Candidate,Tom Fuscaldo,Independent,6989,0.31,False,False
1989,New Jersey,NJ,governor,"New Jersey Gubernatorial Election, 1989",Candidate,Catherine Renee Sedwick,Workers,6197,0.28,False,False
1989,Virginia,VA,governor,"Virginia gubernatorial election, 1989",Winning,L. Douglas Wilder,Democratic,896936,50.13,True,False
1989,Virginia,VA,governor,"Virginia gubernatorial election, 1989",Candidate,J. Marshall Coleman,Republican,890195,49.76,False,False
1989,Virginia,VA,governor,"Virginia gubernatorial election, 1989",Write-in,Write-ins,Write-ins,1947,0.11,False,False
1990,Alaska,AK,governor,1990 Alaska gubernatorial election,Winning,Wally Hickel,Independence,75721,38.88,True,False
1990,Alaska,AK,governor,1990 Alaska gubernatorial election,Candidate,Tony Knowles,Democratic,60201,30.91,False,False
1990,Alaska,AK,governor,1990 Alaska gubernatorial election,Candidate,Arliss Sturgulewski,Republican,50991,26.18,False,False
1990,Alaska,AK,governor,1990 Alaska gubernatorial election,Candidate,Jim Sykes,Green,6563,3.37,False,False
1990,Alaska,AK,governor,1990 Alaska gubernatorial election,Candidate,Michael O'Callaghan,Political,942,0.48,False,False
1990,Alaska,AK,governor,1990 Alaska gubernatorial election,Write-in,[[Write-in Candidate|Write-in Votes]],Write-in Votes,332,0.17,False,False
1990,California,CA,governor,1990 California gubernatorial election,Winning,Pete Wilson,Republican,3791904,49.25,True,False
1990,California,CA,governor,1990 California gubernatorial election,Candidate,Dianne Feinstein,Democratic,3525197,45.78,False,False
1990,California,CA,governor,1990 California gubernatorial election,Candidate,Dennis Thompson,Libertarian,145628,1.89,False,False
1990,California,CA,governor,1990 California gubernatorial election,Candidate,Jerome McCready,Independent,139661,1.81,False,False
1990,California,CA,governor,1990 California gubernatorial election,Candidate,Maria Elizabeth Muñoz,Freedom,96842,1.26,False,False
1990,California,CA,governor,1990 California gubernatorial election,Candidate,Joel Britton (write-in),Independent,98,0.0,False,False
1990,California,CA,governor,1990 California gubernatorial election,Candidate,Charles A. Mahon III (write-in),Independent,91,0.0,False,False
1990,California,CA,governor,1990 California gubernatorial election,Candidate,Franklin R. Geraty (write-in),Independent,34,0.0,False,False
1990,California,CA,governor,1990 California gubernatorial election,Candidate,Jerry Irwin Solomon (write-in),Independent,12,0.0,False,False
1990,California,CA,governor,1990 California gubernatorial election,Total,,,7699467,100.0,False,False
1990,Colorado,CO,governor,1990 Colorado gubernatorial election,Winning,Roy Romer,Democratic,626032,61.89,True,True
1990,Colorado,CO,governor,1990 Colorado gubernatorial election,Candidate,John Andrews,Republican,358403,35.43,False,False
1990,Colorado,CO,governor,1990 Colorado gubernatorial election,Candidate,David Aitken,Libertarian,18930,1.87,False,False
1990,Colorado,CO,governor,1990 Colorado gubernatorial election,Candidate,David Livingston,Prohibition,7907,0.78,False,False
1990,Connecticut,CT,governor,General election results,Winning,Lowell Weicker,Connecticut,460576,40.36,True,False
1990,Connecticut,CT,governor,General election results,Candidate,John G. Rowland,Republican,427840,37.49,False,False
1990,Connecticut,CT,governor,General election results,Candidate,Bruce Morrison,Democratic,236641,20.74,False,False
1990,Connecticut,CT,governor,General election results,Candidate,Joseph Zdonczyk,Citizens,16044,1.41,False,False
1990,Connecticut,CT,governor,General election results,Write-in,,,21,0.0,False,False
1990,Connecticut,CT,governor,General election results,Total,,,1141122,100.0,False,False
1990,Florida,FL,governor,"Florida gubernatorial election, 1990",Winning,Lawton Chiles,Democratic,1995206,56.51,True,False
1990,Florida,FL,governor,"Florida gubernatorial election, 1990",Candidate,Bob Martinez,Republican,1535068,43.48,False,True
1990,Florida,FL,governor,"Florida gubernatorial election, 1990",Write-in,,,597,0.0,False,False
1990,Florida,FL,governor,"Florida gubernatorial election, 1990",Total,,,3530871,100.0,False,False
1990,Hawaii,HI,governor,"Hawaii gubernatorial election, 1990",Winning,John D. Waihe'e III,Democratic,203491,59.83,True,True
1990,Hawaii,HI,governor,"Hawaii gubernatorial election, 1990",Candidate,Fred Hemmings,Republican,131310,38.61,False,False
1990,Hawaii,HI,governor,"Hawaii gubernatorial election, 1990",Candidate,Don Smith,Libertarian,2885,0.85,False,False
1990,Hawaii,HI,governor,"Hawaii gubernatorial election, 1990",Candidate,Peggy Ha'o Ross,Nonpartisan,2446,0.72,False,False
1990,Idaho,ID,governor,"Idaho gubernatorial election, 1990",Winning,Cecil Andrus (inc.),Democratic,218673,68.21,True,False
1990,Idaho,ID,governor,"Idaho gubernatorial election, 1990",Candidate,Roger Fairchild,Republican,101937,31.79,False,False
1990,Illinois,IL,governor,"1990 gubernatorial election, Illinois",Candidate,Jim Edgar,Republican,1653126,50.75,False,False
1990,Illinois,IL,governor,"1990 gubernatorial election, Illinois",Candidate,Neil Hartigan,Democratic,1569217,48.17,False,False
1990,Illinois,IL,governor,"1990 gubernatorial election, Illinois",Candidate,Jessie Fields,Solidarity Party (illinois),35067,1.08,False,False
1990,Iowa,IA,governor,"Iowa gubernatorial election, 1990",Winning,Terry Branstad (inc.),Republican,591852,60.61,True,False
1990,Iowa,IA,governor,"Iowa gubernatorial election, 1990",Candidate,Donald Avenson,Democratic,379372,38.85,False,False
1990,Iowa,IA,governor,"Iowa gubernatorial election, 1990",Candidate,Nan Bailey,Workers,4263,0.44,False,False
1990,Iowa,IA,governor,"Iowa gubernatorial election, 1990",Write-in,Write-ins,Write-ins,996,0.1,False,False
1990,Kansas,KS,governor,"Kansas gubernatorial election, 1990",Winning,Joan Finney,Democratic,380609,48.59,True,False
1990,Kansas,KS,governor,"Kansas gubernatorial election, 1990",Candidate,Mike Hayden,Republican,333589,42.59,False,True
1990,Kansas,KS,governor,"Kansas gubernatorial election, 1990",Candidate,Christina Campbell-Cline,Independent,69127,8.82,False,False
1990,Kansas,KS,governor,"Kansas gubernatorial election, 1990",Total,,,783325,100.0,False,False
1990,Maine,ME,governor,1990 Maine gubernatorial election results,Winning,John McKernan Jr.,Republican,243766,46.68,True,True
1990,Maine,ME,governor,1990 Maine gubernatorial election results,Candidate,Joseph E. Brennan,Democratic,230038,44.05,False,False
1990,Maine,ME,governor,1990 Maine gubernatorial election results,Candidate,Andrew Adam,Independent,48377,9.27,False,False
1990,Maryland,MD,governor,1990 Maryland gubernatorial election,Winning,William Donald Schaefer,Democratic,664015,59.76,True,True
1990,Maryland,MD,governor,1990 Maryland gubernatorial election,Candidate,William S. Shepard,Republican,446980,40.23,False,False
1990,Massachusetts,MA,governor,1990 Massachusetts gubernatorial election,Winning,Bill Weld,Republican,1175817,50.19,True,False
1990,Massachusetts,MA,governor,1990 Massachusetts gubernatorial election,Candidate,John Silber,Democratic,1099878,46.94,False,False
1990,Massachusetts,MA,governor,1990 Massachusetts gubernatorial election,Candidate,Leonard Umina,Independent High Tech,62703,2.68,False,False
1990,Massachusetts,MA,governor,1990 Massachusetts gubernatorial election,Candidate,Dorothy Stevens (write-in),Independent,872,0.04,False,False
1990,Massachusetts,MA,governor,1990 Massachusetts gubernatorial election,Write-in,,,3657,0.2,False,False
1990,Massachusetts,MA,governor,1990 Massachusetts gubernatorial election,Total,,,2342927,100.0,False,False
1990,Michigan,MI,governor,1990 Michigan gubernatorial election,Winning,John Engler,Republican,1276134,49.76,True,False
1990,Michigan,MI,governor,1990 Michigan gubernatorial election,Candidate,James J. Blanchard (inc.),Democratic,1258539,49.07,False,False
1990,Michigan,MI,governor,1990 Michigan gubernatorial election,Candidate,William Roundtree,World,28091,1.1,False,False
1990,Michigan,MI,governor,1990 Michigan gubernatorial election,Candidate,Scattering,,1799,0.07,False,False
1990,Michigan,MI,governor,1990 Michigan gubernatorial election,Total,,,2564563,100.0,False,False
1990,Minnesota,MN,governor,1990 Minnesota gubernatorial election,Winning,Arne Carlson,Independent-republican,895988,50.11,True,False
1990,Minnesota,MN,governor,1990 Minnesota gubernatorial election,Candidate,Rudy Perpich,Minnesota Democratic–farmer–labor,836218,46.76,False,True
1990,Minnesota,MN,governor,1990 Minnesota gubernatorial election,Candidate,Heart Warrior Chosa,Earthright,21139,1.18,False,False
1990,Minnesota,MN,governor,1990 Minnesota gubernatorial election,Candidate,Ross S. Culverhouse,Grassroots,17176,0.96,False,False
1990,Minnesota,MN,governor,1990 Minnesota gubernatorial election,Candidate,Jon Grunseth,Independent-republican,10941,0.61,False,False
1990,Minnesota,MN,governor,1990 Minnesota gubernatorial election,Candidate,Wendy Lyons,Workers,6701,0.37,False,False
1990,Minnesota,MN,governor,1990 Minnesota gubernatorial election,Total,,,1788163,100.0,False,False
1990,Nebraska,NE,governor,General election results,Winning,Ben Nelson,Democratic,292771,49.91,True,False
1990,Nebraska,NE,governor,General election results,Candidate,Kay Orr,Republican,288741,49.23,False,True
1990,Nebraska,NE,governor,General election results,Candidate,Mort Sullivan,Write-in,1887,0.32,False,False
1990,Nebraska,NE,governor,General election results,Candidate,Others,Write-in,3143,0.54,False,False
1990,Nebraska,NE,governor,General election results,Total,,,586542,100.0,False,False
1990,Nevada,NV,governor,"Nevada gubernatorial election, 1990",Winning,Bob Miller,Democratic,207878,64.81,True,True
1990,Nevada,NV,governor,"Nevada gubernatorial election, 1990",Candidate,Jim Gallaway,Republican,95789,29.86,False,False
1990,Nevada,NV,governor,"Nevada gubernatorial election, 1990",Candidate,None of These Candidates,,9017,2.81,False,False
1990,Nevada,NV,governor,"Nevada gubernatorial election, 1990",Candidate,James Frye,Libertarian,8059,2.51,False,False
1990,Nevada,NV,governor,"Nevada gubernatorial election, 1990",Total,,,320743,100.0,False,False
1990,New Mexico,NM,governor,1990 New Mexico gubernatorial election,Winning,Bruce King,Democratic,224564,54.61,True,False
1990,New Mexico,NM,governor,1990 New Mexico gubernatorial election,Candidate,Frank M. Bond,Republican,185692,45.16,False,False
1990,New Mexico,NM,governor,1990 New Mexico gubernatorial election,Candidate,Joseph E. Knight (write-in),Libertarian,788,0.19,False,False
1990,New Mexico,NM,governor,1990 New Mexico gubernatorial election,Candidate,Thomas S. Macaione (write-in),Democratic,192,0.05,False,False
1990,New Mexico,NM,governor,1990 New Mexico gubernatorial election,Total,,,411236,100.0,False,False
1990,New York,NY,governor,"New York gubernatorial election, 1990",Winning,Mario Cuomo/Stan Lundine(incumbents),Total,2157087,53.17,True,False
1990,New York,NY,governor,"New York gubernatorial election, 1990",Candidate,Mario Cuomo,Democratic,2086070,51.42,False,False
1990,New York,NY,governor,"New York gubernatorial election, 1990",Candidate,Pierre A. Rinfret/George Yancey,Republican,865948,21.35,False,False
1990,New York,NY,governor,"New York gubernatorial election, 1990",Candidate,Herbert London/Anthony DiPerna,Conservative,827614,20.4,False,False
1990,New York,NY,governor,"New York gubernatorial election, 1990",Candidate,Louis P. Wein,Life,137804,3.4,False,False
1990,New York,NY,governor,"New York gubernatorial election, 1990",Candidate,Lenora Fulani,Alliance,31089,0.77,False,False
1990,New York,NY,governor,"New York gubernatorial election, 1990",Candidate,W. Gary Johnson,Libertarian,24611,0.61,False,False
1990,New York,NY,governor,"New York gubernatorial election, 1990",Candidate,Craig Gannon,Workers,12743,0.31,False,False
1990,Ohio,OH,governor,"Ohio gubernatorial election, 1990",Winning,George Voinovich,Republican,1938103,55.73,True,False
1990,Ohio,OH,governor,"Ohio gubernatorial election, 1990",Candidate,Anthony J. Celebrezze Jr.,Democratic,1539416,44.27,False,False
1990,Ohio,OH,governor,"Ohio gubernatorial election, 1990",Write-in,Write-ins,Write-ins,131,0.0,False,False
1990,Oklahoma,OK,governor,1990 Oklahoma gubernatorial election,Winning,David Walters,Democratic,523196,57.41,True,False
1990,Oklahoma,OK,governor,1990 Oklahoma gubernatorial election,Candidate,Bill Price,Republican,297584,32.65,False,False
1990,Oklahoma,OK,governor,1990 Oklahoma gubernatorial election,Candidate,Thomas D. Ledgerwood II,Independent,90534,9.93,False,False
1990,Oklahoma,OK,governor,1990 Oklahoma gubernatorial election,Total,,,913314,100.0,False,False
1990,Oregon,OR,governor,Oregon 1990 gubernatorial election,Winning,Barbara Roberts,Democratic,508749,45.72,True,False
1990,Oregon,OR,governor,Oregon 1990 gubernatorial election,Candidate,Dave Frohnmayer,Republican,444646,39.96,False,False
1990,Oregon,OR,governor,Oregon 1990 gubernatorial election,Candidate,Al Mobley,Independent,144062,12.95,False,False
1990,Oregon,OR,governor,Oregon 1990 gubernatorial election,Candidate,Fred Oerther,Libertarian,14583,1.31,False,False
1990,Oregon,OR,governor,Oregon 1990 gubernatorial election,Candidate,Scattering,Write-in,807,0.07,False,False
1990,Oregon,OR,governor,Oregon 1990 gubernatorial election,Total,,,1112847,100.0,False,False
1990,Rhode Island,RI,governor,1990 Rhode Island gubernatorial election,Winning,Bruce Sundlun,Democratic,264411,74.15,True,False
1990,Rhode Island,RI,governor,1990 Rhode Island gubernatorial election,Candidate,Edward D. DiPrete,Republican,92177,25.85,False,True
1990,Rhode Island,RI,governor,1990 Rhode Island gubernatorial election,Total,,,356672,100.0,False,False
1990,South Dakota,SD,governor,"South Dakota gubernatorial election, 1990",Winning,George S. Mickelson (inc.),Republican,151198,58.9,True,False
1990,South Dakota,SD,governor,"South Dakota gubernatorial election, 1990",Candidate,Bob L. Samuelson,Democratic,105525,41.1,False,False
1990,South Dakota,SD,governor,"South Dakota gubernatorial election, 1990",Total,,,256723,100.0,False,False
1990,Tennessee,TN,governor,"Tennessee gubernatorial election, 1990",Winning,Ned McWherter,Democratic,479990,60.83,True,True
1990,Tennessee,TN,governor,"Tennessee gubernatorial election, 1990",Candidate,Dwight Henry,Republican,288904,36.61,False,False
1990,Tennessee,TN,governor,"Tennessee gubernatorial election, 1990",Candidate,W. Curtis Jacox,Independent,10980,1.39,False,False
1990,Tennessee,TN,governor,"Tennessee gubernatorial election, 1990",Candidate,David Brandon Shepard,Independent,9094,1.15,False,False
1990,Tennessee,TN,governor,"Tennessee gubernatorial election, 1990",Candidate,Write-ins,N/a,100,0.01,False,False
1990,Tennessee,TN,governor,"Tennessee gubernatorial election, 1990",Total,,,789068,100.0,False,False
1990,Texas,TX,governor,General election results,Winning,Ann Richards,Democratic,1925670,49.47,True,False
1990,Texas,TX,governor,General election results,Candidate,Clayton Williams,Republican,1826431,46.92,False,False
1990,Texas,TX,governor,General election results,Candidate,Jeff Daiell,Libertarian,129128,3.32,False,False
1990,Texas,TX,governor,General election results,Total,,,3881229,100.0,False,False
1990,Vermont,VT,governor,1990 Vermont gubernatorial election,Winning,Richard Snelling,Republican,109540,51.81,True,False
1990,Vermont,VT,governor,1990 Vermont gubernatorial election,Candidate,Peter Welch,Democratic,97321,46.03,False,False
1990,Vermont,VT,governor,1990 Vermont gubernatorial election,Candidate,David Atkinson,Libertarian,2777,1.31,False,False
1990,Vermont,VT,governor,1990 Vermont gubernatorial election,Candidate,Richard Gottlieb,Union,1389,0.66,False,False
1990,Vermont,VT,governor,1990 Vermont gubernatorial election,Write-in,Write-ins,Write-ins,395,0.19,False,False
1990,Wisconsin,WI,governor,1990 Wisconsin gubernatorial election,Winning,Tommy G. Thompson,Republican,802321,58.15,True,False
1990,Wisconsin,WI,governor,1990 Wisconsin gubernatorial election,Candidate,Thomas A. Loftus,Democratic,576280,41.77,False,False
1990,Wisconsin,WI,governor,1990 Wisconsin gubernatorial election,Candidate,Scattering,,1126,0.08,False,False
1990,Wisconsin,WI,governor,1990 Wisconsin gubernatorial election,Total,,,1379727,100.0,False,False
1990,Wyoming,WY,governor,1990 Wyoming gubernatorial election,Winning,Mike Sullivan (inc.),Democratic,104638,65.35,True,False
1990,Wyoming,WY,governor,1990 Wyoming gubernatorial election,Candidate,Mary Mead,Republican,55471,34.65,False,False
1991,Kentucky,KY,governor,1991 Kentucky gubernatorial election,Winning,Brereton C. Jones,Democratic,540468,64.73,True,False
1991,Kentucky,KY,governor,1991 Kentucky gubernatorial election,Candidate,Larry J. Hopkins,Republican,294452,35.27,False,False
1991,Kentucky,KY,governor,1991 Kentucky gubernatorial election,Total,,,834920,100.0,False,False
1991,Mississippi,MS,governor,"Mississippi gubernatorial election, 1991",Winning,Kirk Fordice,Republican,361500,50.83,True,False
1991,Mississippi,MS,governor,"Mississippi gubernatorial election, 1991",Candidate,Ray Mabus,Democratic,338459,47.59,False,True
1991,Mississippi,MS,governor,"Mississippi gubernatorial election, 1991",Candidate,Shawn O'Hara,Independent,11253,1.58,False,False
1991,Mississippi,MS,governor,"Mississippi gubernatorial election, 1991",Total,,,711212,100.0,False,False
1992,Delaware,DE,governor,"Delaware gubernatorial election, 1992",Winning,Tom Carper,Democratic,179365,64.74,True,False
1992,Delaware,DE,governor,"Delaware gubernatorial election, 1992",Candidate,B. Gary Scott,Republican,90725,32.75,False,False
1992,Delaware,DE,governor,"Delaware gubernatorial election, 1992",Candidate,Floyd E. McDowell,Delaware,3779,1.36,False,False
1992,Delaware,DE,governor,"Delaware gubernatorial election, 1992",Candidate,Richard A. Cohen,Libertarian,3165,1.14,False,False
1992,Indiana,IN,governor,"Indiana gubernatorial election, 1992",Winning,Evan Bayh,Democratic,1382151,62.01,True,True
1992,Indiana,IN,governor,"Indiana gubernatorial election, 1992",Candidate,Linley E. Pearson,Republican,822533,36.9,False,False
1992,Indiana,IN,governor,"Indiana gubernatorial election, 1992",Candidate,Mary Barton,Alliance,24378,1.09,False,False
1992,Indiana,IN,governor,"Indiana gubernatorial election, 1992",Total,,,2229062,100.0,False,False
1992,Missouri,MO,governor,1992 Missouri gubernatorial election,Winning,Mel Carnahan,Democratic,1375425,58.68,True,False
1992,Missouri,MO,governor,1992 Missouri gubernatorial election,Candidate,William L. Webster,Republican,968574,41.32,False,False
1992,Missouri,MO,governor,1992 Missouri gubernatorial election,Candidate,Joan Dow (write-in),Libertarian,66,0.0,False,False
1992,Montana,MT,governor,"Montana gubernatorial election, 1992",Winning,Marc Racicot,Republican,209401,51.35,True,False
1992,Montana,MT,governor,"Montana gubernatorial election, 1992",Candidate,Dorothy Bradley,Democratic,198421,48.65,False,False
1992,North Carolina,NC,governor,1992 North Carolina gubernatorial election,Winning,Jim Hunt,Democratic,1368246,52.72,True,False
1992,North Carolina,NC,governor,1992 North Carolina gubernatorial election,Candidate,Jim Gardner,Republican,1121955,43.23,False,False
1992,North Carolina,NC,governor,1992 North Carolina gubernatorial election,Candidate,Scott McLaughlin,Libertarian,104983,4.05,False,False
1992,North Carolina,NC,governor,1992 North Carolina gubernatorial election,Total,,,2595184,100.0,False,False
1992,North Dakota,ND,governor,"North Dakota gubernatorial election, 1992",Winning,Ed Schafer,Republican,176398,57.86,True,False
1992,North Dakota,ND,governor,"North Dakota gubernatorial election, 1992",Candidate,Nicholas Spaeth,North Dakota Democratic-npl,123845,40.62,False,False
1992,North Dakota,ND,governor,"North Dakota gubernatorial election, 1992",Candidate,Harley McClain,Independent,2614,0.86,False,False
1992,North Dakota,ND,governor,"North Dakota gubernatorial election, 1992",Candidate,Michael DuPaul,Independent,2004,0.66,False,False
1992,North Dakota,ND,governor,"North Dakota gubernatorial election, 1992",Total,,,304861,100.0,False,False
1992,Rhode Island,RI,governor,1992 Rhode Island gubernatorial election,Winning,Bruce Sundlun,Democratic,261484,61.55,True,True
1992,Rhode Island,RI,governor,1992 Rhode Island gubernatorial election,Candidate,Elizabeth A. Leonard,Republican,145590,34.27,False,False
1992,Rhode Island,RI,governor,1992 Rhode Island gubernatorial election,Candidate,Joseph F. Devine,Independent,14511,3.42,False,False
1992,Rhode Island,RI,governor,1992 Rhode Island gubernatorial election,Candidate,Jack D. Potter,"Populist Party (united States, 1984)",1698,0.4,False,False
1992,Rhode Island,RI,governor,1992 Rhode Island gubernatorial election,Candidate,John J. Staradumsky,Independent,1535,0.36,False,False
1992,Rhode Island,RI,governor,1992 Rhode Island gubernatorial election,Total,,,424818,100.0,False,False
1992,Utah,UT,governor,1992 Utah gubernatorial election,Winning,Mike Leavitt,Republican,321713,42.19,True,False
1992,Utah,UT,governor,1992 Utah gubernatorial election,Candidate,Merrill Cook,Independent,255753,33.54,False,False
1992,Utah,UT,governor,1992 Utah gubernatorial election,Candidate,Stewart Hanson,Democratic,177181,23.24,False,False
1992,Utah,UT,governor,1992 Utah gubernatorial election,Candidate,Rita Gum,"Populist Party (united States, 1984)",3593,0.47,False,False
1992,Utah,UT,governor,1992 Utah gubernatorial election,Candidate,Gary R. Van Horn,American Party (1969),1492,0.2,False,False
1992,Utah,UT,governor,1992 Utah gubernatorial election,Candidate,Eleanor Garcia,Workers,1158,0.15,False,False
1992,Utah,UT,governor,1992 Utah gubernatorial election,Candidate,Linda Metzger-Agin,Independent,917,0.12,False,False
1992,Utah,UT,governor,1992 Utah gubernatorial election,Candidate,Frank W. Richins,Independent American,729,0.1,False,False
1992,Utah,UT,governor,1992 Utah gubernatorial election,Total,,,762536,100.0,False,False
1992,Vermont,VT,governor,1992 Vermont gubernatorial election,Winning,Howard Dean,Democratic,213523,74.73,True,True
1992,Vermont,VT,governor,1992 Vermont gubernatorial election,Candidate,John McClaughry,Republican,65837,23.04,False,False
1992,Vermont,VT,governor,1992 Vermont gubernatorial election,Candidate,Richard F. Gottlieb,Union,3120,1.09,False,False
1992,Vermont,VT,governor,1992 Vermont gubernatorial election,Candidate,August Jaccaci,Law,2834,0.99,False,False
1992,Vermont,VT,governor,1992 Vermont gubernatorial election,Write-in,,,414,0.14,False,False
1992,Vermont,VT,governor,1992 Vermont gubernatorial election,Total,,,285728,100.0,False,False
1992,Washington,WA,governor,1992 Washington gubernatorial election,Winning,Mike Lowry,Democratic,1184315,52.16,True,False
1992,Washington,WA,governor,1992 Washington gubernatorial election,Candidate,Ken Eikenberry,Republican,1086216,47.84,False,False
1992,Washington,WA,governor,1992 Washington gubernatorial election,Total,,,2270531,100.0,False,False
1992,West Virginia,WV,governor,"West Virginia gubernatorial election, 1992",Winning,Gaston Caperton,Democratic,368302,56.01,True,True
1992,West Virginia,WV,governor,"West Virginia gubernatorial election, 1992",Candidate,Cleve Benedict,Republican,240390,36.56,False,False
1992,West Virginia,WV,governor,"West Virginia gubernatorial election, 1992",Candidate,Charlotte Pritt (write-in),Write-in Candidate,48873,7.43,False,False
1992,West Virginia,WV,governor,"West Virginia gubernatorial election, 1992",Total,,,657565,100.0,False,False
1993,New Jersey,NJ,governor,1993 New Jersey gubernatorial election,Winning,Christine Todd Whitman,Republican,1236124,49.33,True,False
1993,New Jersey,NJ,governor,1993 New Jersey gubernatorial election,Candidate,James Florio,Democratic,1210031,48.29,False,True
1993,New Jersey,NJ,governor,1993 New Jersey gubernatorial election,Candidate,Pat Daly,Independent,10071,0.4,False,False
1993,New Jersey,NJ,governor,1993 New Jersey gubernatorial election,Candidate,Kenneth R. Kaplan,Libertarian,7935,0.32,False,False
1993,New Jersey,NJ,governor,1993 New Jersey gubernatorial election,Candidate,Tom Blomquist,Conservative,5164,0.21,False,False
1993,New Jersey,NJ,governor,1993 New Jersey gubernatorial election,Candidate,Joseph Marion,Independent,4311,0.17,False,False
1993,New Jersey,NJ,governor,1993 New Jersey gubernatorial election,Candidate,Richary J. Lynch,Independent,4030,0.16,False,False
1993,New Jersey,NJ,governor,1993 New Jersey gubernatorial election,Candidate,Alene S. Ammond,Independent,3330,0.13,False,False
1993,New Jersey,NJ,governor,1993 New Jersey gubernatorial election,Candidate,Tim Feeney,Independent,3306,0.13,False,False
1993,New Jersey,NJ,governor,1993 New Jersey gubernatorial election,Candidate,Michael R. Scully,Independent,3209,0.13,False,False
1993,New Jersey,NJ,governor,1993 New Jersey gubernatorial election,Candidate,Pete DiLauro,Independent,3009,0.12,False,False
1993,New Jersey,NJ,governor,1993 New Jersey gubernatorial election,Candidate,Marilyn Arons,Independent,2884,0.12,False,False
1993,New Jersey,NJ,governor,1993 New Jersey gubernatorial election,Candidate,John L. Kucek,"Populist Party (united States, 1984)",2822,0.11,False,False
1993,New Jersey,NJ,governor,1993 New Jersey gubernatorial election,Candidate,Tom Fuscaldo,Independent,2314,0.09,False,False
1993,New Jersey,NJ,governor,1993 New Jersey gubernatorial election,Candidate,Michael Ziruolo,Independent,2127,0.08,False,False
1993,New Jersey,NJ,governor,1993 New Jersey gubernatorial election,Candidate,Andrew J. Zemel,Independent,1530,0.06,False,False
1993,New Jersey,NJ,governor,1993 New Jersey gubernatorial election,Candidate,Andrea Lippi,Independent,1294,0.05,False,False
1993,New Jersey,NJ,governor,1993 New Jersey gubernatorial election,Candidate,Mark J. Rahn,Workers,1242,0.05,False,False
1993,New Jersey,NJ,governor,1993 New Jersey gubernatorial election,Candidate,Jerry T. Grant,Independent,1231,0.05,False,False
1993,Virginia,VA,governor,1993 Virginia gubernatorial election,Winning,George Allen,Republican,1045319,58.27,True,False
1993,Virginia,VA,governor,1993 Virginia gubernatorial election,Candidate,Mary Sue Terry,Democratic,733527,40.89,False,False
1993,Virginia,VA,governor,1993 Virginia gubernatorial election,Candidate,Nancy B. Spannaus,Independent,14398,0.8,False,False
1993,Virginia,VA,governor,1993 Virginia gubernatorial election,Write-in,Write-ins,Write-ins,672,0.04,False,False
1994,Alabama,AL,governor,1994 Alabama gubernatorial election,Winning,Fob James,Republican,604926,50.33,True,False
1994,Alabama,AL,governor,1994 Alabama gubernatorial election,Candidate,Jim Folsom Jr.,Democratic,594169,49.43,False,True
1994,Alabama,AL,governor,1994 Alabama gubernatorial election,Write-in,,,2874,0.24,False,False
1994,Alabama,AL,governor,1994 Alabama gubernatorial election,Total,,,1201969,100.0,False,False
1994,Arizona,AZ,governor,"Arizona gubernatorial election, 1994",Winning,Fife Symington,Republican,593492,52.54,True,True
1994,Arizona,AZ,governor,"Arizona gubernatorial election, 1994",Candidate,Eddie Basha,Democratic,500702,44.33,False,False
1994,Arizona,AZ,governor,"Arizona gubernatorial election, 1994",Candidate,John A. Buttrick,Libertarian,35222,3.11,False,False
1994,Arizona,AZ,governor,"Arizona gubernatorial election, 1994",Candidate,John Wright (write-in),Independent,121,0.01,False,False
1994,Arizona,AZ,governor,"Arizona gubernatorial election, 1994",Candidate,Caroline P. Killeen (write-in),Democratic,29,0.0,False,False
1994,Arizona,AZ,governor,"Arizona gubernatorial election, 1994",Candidate,Walter L. Bassett (write-in),Independent,11,0.0,False,False
1994,Arizona,AZ,governor,"Arizona gubernatorial election, 1994",Candidate,Charles M. Crawford (write-in),Republican,11,0.0,False,False
1994,Arizona,AZ,governor,"Arizona gubernatorial election, 1994",Candidate,S. Roberts (write-in),Democratic,11,0.0,False,False
1994,Arizona,AZ,governor,"Arizona gubernatorial election, 1994",Candidate,"Will Davis, II (write-in)",Republican,5,0.0,False,False
1994,Arizona,AZ,governor,"Arizona gubernatorial election, 1994",Candidate,Ilias Kostopoulos (write-in),Independent,3,0.0,False,False
1994,Arizona,AZ,governor,"Arizona gubernatorial election, 1994",Total,,,1129607,100.0,False,False
1994,California,CA,governor,1994 California gubernatorial election,Winning,Pete Wilson,Republican,4781766,55.18,True,True
1994,California,CA,governor,1994 California gubernatorial election,Candidate,Kathleen Brown,Democratic,3519799,40.62,False,False
1994,California,CA,governor,1994 California gubernatorial election,Candidate,Richard Rider,Libertarian,149281,1.72,False,False
1994,California,CA,governor,1994 California gubernatorial election,Candidate,Jerome McCready,Independent,133888,1.55,False,False
1994,California,CA,governor,1994 California gubernatorial election,Candidate,Gloria Estela La Riva,Freedom,80440,0.93,False,False
1994,California,CA,governor,1994 California gubernatorial election,Candidate,Aaron Boxerman (write-in),Independent,130,0.0,False,False
1994,California,CA,governor,1994 California gubernatorial election,Candidate,Nick Miloslavich (write-in),Independent,46,0.0,False,False
1994,California,CA,governor,1994 California gubernatorial election,Candidate,Thomas L. Sailers (write-in),Independent,16,0.0,False,False
1994,California,CA,governor,1994 California gubernatorial election,Candidate,Tim Oster (write-in),Independent,9,0.0,False,False
1994,California,CA,governor,1994 California gubernatorial election,Total,,,8665375,100.0,False,False
1994,Colorado,CO,governor,"Colorado gubernatorial election, 1994",Winning,Roy Romer,Democratic,619205,55.47,True,True
1994,Colorado,CO,governor,"Colorado gubernatorial election, 1994",Candidate,Bruce D. Benson,Republican,432042,38.7,False,False
1994,Colorado,CO,governor,"Colorado gubernatorial election, 1994",Candidate,Kevin Swanson,Constitution,40397,3.62,False,False
1994,Colorado,CO,governor,"Colorado gubernatorial election, 1994",Candidate,Philip Hufford,Green,16956,1.52,False,False
1994,Colorado,CO,governor,"Colorado gubernatorial election, 1994",Candidate,Earl Dodge,Prohibition,7584,0.68,False,False
1994,Colorado,CO,governor,"Colorado gubernatorial election, 1994",Candidate,Thomas Todd,Write-in,123,0.01,False,False
1994,Connecticut,CT,governor,1994 Connecticut gubernatorial election,Winning,John G. Rowland,Republican,415201,36.2,True,False
1994,Connecticut,CT,governor,1994 Connecticut gubernatorial election,Candidate,Bill Curry,Democratic,375133,32.7,False,False
1994,Connecticut,CT,governor,1994 Connecticut gubernatorial election,Candidate,Eunice Groark,Connecticut,216585,18.88,False,False
1994,Connecticut,CT,governor,1994 Connecticut gubernatorial election,Candidate,Tom Scott,Independent,130128,11.35,False,False
1994,Connecticut,CT,governor,1994 Connecticut gubernatorial election,Candidate,Joseph A. Zdonczyk,Citizens,10007,0.87,False,False
1994,Connecticut,CT,governor,1994 Connecticut gubernatorial election,Total,,,1147054,100.0,False,False
1994,Florida,FL,governor,"Florida gubernatorial election, 1994",Winning,Lawton Chiles,Democratic,2135008,50.75,True,True
1994,Florida,FL,governor,"Florida gubernatorial election, 1994",Candidate,Jeb Bush,Republican,2071068,49.23,False,False
1994,Florida,FL,governor,"Florida gubernatorial election, 1994",Write-in,,,583,0.0,False,False
1994,Georgia,GA,governor,"Georgia gubernatorial election, 1994",Winning,Zell Miller,Democratic,788926,51.05,True,True
1994,Georgia,GA,governor,"Georgia gubernatorial election, 1994",Candidate,Guy Millner,Republican,756371,48.95,False,False
1994,Guamanian,GU,governor,"Guam gubernatorial election, 1994|",Winning,Carl Gutierrez,Democratic,23405,54.83,True,False
1994,Guamanian,GU,governor,"Guam gubernatorial election, 1994|",Candidate,"Francisco Blas Aguon, Sr.",Republican,19281,45.17,False,False
1994,Guamanian,GU,governor,"Guam gubernatorial election, 1994|",Total,,,42686,100.0,False,False
1994,Hawaii,HI,governor,"Hawaii gubernatorial election, 1994",Winning,Ben Cayetano,Democratic,134978,36.58,True,False
1994,Hawaii,HI,governor,"Hawaii gubernatorial election, 1994",Candidate,Frank Fasi,Best,113158,30.67,False,False
1994,Hawaii,HI,governor,"Hawaii gubernatorial election, 1994",Candidate,Pat Saiki,Republican,107908,29.24,False,False
1994,Hawaii,HI,governor,"Hawaii gubernatorial election, 1994",Candidate,Kioni Dudley,Green,12969,3.51,False,False
1994,Idaho,ID,governor,"Idaho gubernatorial election, 1994",Winning,Phil Batt,Republican,216123,52.29,True,False
1994,Idaho,ID,governor,"Idaho gubernatorial election, 1994",Candidate,Larry Echo Hawk,Democratic,181363,43.88,False,False
1994,Idaho,ID,governor,"Idaho gubernatorial election, 1994",Candidate,Ronald D. Rankin,Independent,15793,3.82,False,False
1994,Idaho,ID,governor,"Idaho gubernatorial election, 1994",Write-in,Write-ins,Write-ins,67,0.02,False,False
1994,Illinois,IL,governor,"1994 gubernatorial election, Illinois",Winning,Jim Edgar,Republican,1984318,63.9,True,True
1994,Illinois,IL,governor,"1994 gubernatorial election, Illinois",Candidate,Dawn Clark Netsch,Democratic,1069850,34.4,False,False
1994,Illinois,IL,governor,"1994 gubernatorial election, Illinois",Candidate,David L. Kelley,Libertarian,52388,1.69,False,False
1994,Illinois,IL,governor,"1994 gubernatorial election, Illinois",Write-in,,,10,0.0,False,False
1994,Iowa,IA,governor,"Iowa gubernatorial election, 1994",Winning,Terry Branstad (inc.),Republican,566395,56.8,True,False
1994,Iowa,IA,governor,"Iowa gubernatorial election, 1994",Candidate,Bonnie Campbell,Democratic,414453,41.56,False,False
1994,Iowa,IA,governor,"Iowa gubernatorial election, 1994",Candidate,Richard O'Dell Hughes,Independent,5505,0.55,False,False
1994,Iowa,IA,governor,"Iowa gubernatorial election, 1994",Candidate,Veronica Bells Butler,Law,3737,0.37,False,False
1994,Iowa,IA,governor,"Iowa gubernatorial election, 1994",Candidate,Carl Eric Olsen,Libertarian,2772,0.28,False,False
1994,Iowa,IA,governor,"Iowa gubernatorial election, 1994",Candidate,Michael Galati,Workers,770,0.08,False,False
1994,Iowa,IA,governor,"Iowa gubernatorial election, 1994",Write-in,Write-ins,Write-ins,3616,0.36,False,False
1994,Kansas,KS,governor,"Kansas gubernatorial election, 1994",Winning,Bill Graves,Republican,526113,64.09,True,False
1994,Kansas,KS,governor,"Kansas gubernatorial election, 1994",Candidate,Jim Slattery,Democratic,294733,35.91,False,False
1994,Kansas,KS,governor,"Kansas gubernatorial election, 1994",Total,,,820846,100.0,False,False
1994,Maine,ME,governor,1994 Maine gubernatorial election,Winning,Angus King,Independent,180829,35.37,True,False
1994,Maine,ME,governor,1994 Maine gubernatorial election,Candidate,Joseph Brennan,Democratic,172951,33.83,False,False
1994,Maine,ME,governor,1994 Maine gubernatorial election,Candidate,Susan Collins,Republican,117990,23.08,False,False
1994,Maine,ME,governor,1994 Maine gubernatorial election,Candidate,Jonathan Carter,Green,32695,6.39,False,False
1994,Maine,ME,governor,1994 Maine gubernatorial election,Candidate,Write-ins,Write-in,6843,1.34,False,False
1994,Maine,ME,governor,1994 Maine gubernatorial election,Total,,,511308,100.0,False,False
1994,Maryland,MD,governor,"Maryland gubernatorial election, 1994",Winning,Parris Glendening,Democratic,708094,50.21,True,False
1994,Maryland,MD,governor,"Maryland gubernatorial election, 1994",Candidate,Ellen Sauerbrey,Republican,702101,49.78,False,False
1994,Maryland,MD,governor,"Maryland gubernatorial election, 1994",Write-in,,,105,0.02,False,False
1994,Massachusetts,MA,governor,1994 Massachusetts gubernatorial election,Winning,Bill Weld,Republican,1533390,70.87,True,True
1994,Massachusetts,MA,governor,1994 Massachusetts gubernatorial election,Candidate,Mark Roosevelt,Democratic,611650,28.27,False,False
1994,Massachusetts,MA,governor,1994 Massachusetts gubernatorial election,Candidate,Dean Cook,Libertarian,14698,0.68,False,False
1994,Massachusetts,MA,governor,1994 Massachusetts gubernatorial election,Candidate,Jeffrey W. Rebello,Larouche Was Right,3907,0.18,False,False
1994,Massachusetts,MA,governor,1994 Massachusetts gubernatorial election,Total,,,2163645,100.0,False,False
1994,Michigan,MI,governor,1944 Michigan gubernatorial election,Winning,John Engler (inc.),Republican,1899101,61.48,True,False
1994,Michigan,MI,governor,1944 Michigan gubernatorial election,Candidate,Howard Wolpe,Democratic,1188438,38.47,False,False
1994,Michigan,MI,governor,1944 Michigan gubernatorial election,Candidate,Scattering,,1538,0.05,False,False
1994,Michigan,MI,governor,1944 Michigan gubernatorial election,Total,,,3089077,100.0,False,False
1994,Minnesota,MN,governor,"1994 gubernatorial election, Minnesota",Winning,Arne Carlson,Independent-republican,1094165,63.34,True,True
1994,Minnesota,MN,governor,"1994 gubernatorial election, Minnesota",Candidate,John Marty,Minnesota Democratic–farmer–labor,589344,34.12,False,False
1994,Minnesota,MN,governor,"1994 gubernatorial election, Minnesota",Candidate,Will Shetterly,Grassroots,20785,1.2,False,False
1994,Minnesota,MN,governor,"1994 gubernatorial election, Minnesota",Candidate,Eric Olson,Libertarian,15467,0.9,False,False
1994,Minnesota,MN,governor,"1994 gubernatorial election, Minnesota",Candidate,Leslie Davis,Natural Rights Alliance,4611,0.27,False,False
1994,Minnesota,MN,governor,"1994 gubernatorial election, Minnesota",Candidate,Jon Hillson,Workers,3022,0.17,False,False
1994,Nebraska,NE,governor,"Nebraska gubernatorial election, 1994",Winning,Ben Nelson,Democratic,423270,73.03,True,True
1994,Nebraska,NE,governor,"Nebraska gubernatorial election, 1994",Candidate,Gene Spence,Republican,148230,25.58,False,False
1994,Nebraska,NE,governor,"Nebraska gubernatorial election, 1994",Candidate,Ernie Chambers,Write-in,2510,0.43,False,False
1994,Nebraska,NE,governor,"Nebraska gubernatorial election, 1994",Candidate,Others,Write-in,5551,0.96,False,False
1994,Nebraska,NE,governor,"Nebraska gubernatorial election, 1994",Total,,,579561,100.0,False,False
1994,Nevada,NV,governor,"Nevada gubernatorial election, 1994",Winning,Bob Miller,Democratic,200026,52.68,True,True
1994,Nevada,NV,governor,"Nevada gubernatorial election, 1994",Candidate,Jim Gibbons,Republican,156875,41.32,False,False
1994,Nevada,NV,governor,"Nevada gubernatorial election, 1994",Candidate,Daniel Hansen,American,10012,2.64,False,False
1994,Nevada,NV,governor,"Nevada gubernatorial election, 1994",Candidate,None of These Candidates,,8785,2.31,False,False
1994,Nevada,NV,governor,"Nevada gubernatorial election, 1994",Candidate,Denis Sholty,Libertarian,3978,1.05,False,False
1994,Nevada,NV,governor,"Nevada gubernatorial election, 1994",Total,,,379676,100.0,False,False
1994,New Mexico,NM,governor,1994 New Mexico gubernatorial election,Winning,Gary Johnson,Republican,232945,49.81,True,False
1994,New Mexico,NM,governor,1994 New Mexico gubernatorial election,Candidate,Bruce King,Democratic,186686,39.92,False,True
1994,New Mexico,NM,governor,1994 New Mexico gubernatorial election,Candidate,Roberto Mondragón,Green,47990,10.26,False,False
1994,New Mexico,NM,governor,1994 New Mexico gubernatorial election,Total,,,467621,100.0,False,False
1994,Ohio,OH,governor,"Ohio gubernatorial election, 1994",Winning,George Voinovich (inc.),Republican,2401572,71.77,True,False
1994,Ohio,OH,governor,"Ohio gubernatorial election, 1994",Candidate,Rob Burch,Democratic,835849,24.98,False,False
1994,Ohio,OH,governor,"Ohio gubernatorial election, 1994",Candidate,Billy R. Inmon,Independent,108745,3.25,False,False
1994,Ohio,OH,governor,"Ohio gubernatorial election, 1994",Write-in,Write-ins,Write-ins,72,0.0,False,False
1994,Oklahoma,OK,governor,1994 Oklahoma gubernatorial election,Winning,Frank Keating,Republican,466740,46.91,True,False
1994,Oklahoma,OK,governor,1994 Oklahoma gubernatorial election,Candidate,Jack Mildren,Democratic,294936,29.64,False,False
1994,Oklahoma,OK,governor,1994 Oklahoma gubernatorial election,Candidate,Wes Watkins,Independent,233336,23.45,False,False
1994,Oklahoma,OK,governor,1994 Oklahoma gubernatorial election,Total,,,995012,100.0,False,False
1994,Oregon,OR,governor,1994 Oregon gubernatorial election,Winning,John Kitzhaber,Democratic,622083,50.95,True,False
1994,Oregon,OR,governor,1994 Oregon gubernatorial election,Candidate,Denny Smith,Republican,517874,42.41,False,False
1994,Oregon,OR,governor,1994 Oregon gubernatorial election,Candidate,Ed Hickam,American Party (1969),58449,4.79,False,False
1994,Oregon,OR,governor,1994 Oregon gubernatorial election,Candidate,Danford P. Vander Ploeg,Libertarian,20183,1.65,False,False
1994,Oregon,OR,governor,1994 Oregon gubernatorial election,Candidate,Mark Richanbach,Write-in,92,0.01,False,False
1994,Oregon,OR,governor,1994 Oregon gubernatorial election,Candidate,Ron Mellow,Write-in,40,0.0,False,False
1994,Oregon,OR,governor,1994 Oregon gubernatorial election,Candidate,"""Mr. Bill"" Spidal",Write-in,39,0.0,False,False
1994,Oregon,OR,governor,1994 Oregon gubernatorial election,Candidate,Richard Alevizos,Write-in,24,0.0,False,False
1994,Oregon,OR,governor,1994 Oregon gubernatorial election,Candidate,Scattering,Write-in,2226,0.18,False,False
1994,Oregon,OR,governor,1994 Oregon gubernatorial election,Total,,,1221010,100.0,False,False
1994,Pennsylvania,PA,governor,1994 Pennsylvania gubernatorial election,Winning,Tom Ridge,Republican,1627976,45.4,True,False
1994,Pennsylvania,PA,governor,1994 Pennsylvania gubernatorial election,Candidate,Mark Singel,Democratic,1430099,39.88,False,False
1994,Pennsylvania,PA,governor,1994 Pennsylvania gubernatorial election,Candidate,Peg Luksik,Constitution,460269,12.84,False,False
1994,Pennsylvania,PA,governor,1994 Pennsylvania gubernatorial election,Candidate,Patrick Fallon,Libertarian,33602,0.94,False,False
1994,Pennsylvania,PA,governor,1994 Pennsylvania gubernatorial election,Candidate,Tom Holloway,Reform,33235,0.93,False,False
1994,Pennsylvania,PA,governor,1994 Pennsylvania gubernatorial election,Write-in,,,345,0.01,False,False
1994,Pennsylvania,PA,governor,1994 Pennsylvania gubernatorial election,Total,,,3585526,100.0,False,False
1994,Rhode Island,RI,governor,"Rhode Island gubernatorial election, 1994",Winning,Lincoln Almond,Republican,171194,47.37,True,False
1994,Rhode Island,RI,governor,"Rhode Island gubernatorial election, 1994",Candidate,Myrth York,Democratic,157361,43.54,False,False
1994,Rhode Island,RI,governor,"Rhode Island gubernatorial election, 1994",Candidate,Robert J. Healey,Independent,32822,9.08,False,False
1994,South Carolina,SC,governor,"South Carolina Gubernatorial Election, 1994",Winning,David Beasley,Republican,470756,50.41,True,False
1994,South Carolina,SC,governor,"South Carolina Gubernatorial Election, 1994",Candidate,Nick Theodore,Democratic,447002,47.87,False,False
1994,South Carolina,SC,governor,"South Carolina Gubernatorial Election, 1994",Candidate,"John R. Peeples, Jr.",U.s. Taxpayers,8003,0.9,False,False
1994,South Carolina,SC,governor,"South Carolina Gubernatorial Election, 1994",Candidate,Wayne B. Griffin,Alliance,5875,0.6,False,False
1994,South Carolina,SC,governor,"South Carolina Gubernatorial Election, 1994",Candidate,Write-Ins,No,2214,0.2,False,False
1994,South Dakota,SD,governor,"South Dakota gubernatorial election, 1994",Winning,Bill Janklow,Republican,172515,55.36,True,False
1994,South Dakota,SD,governor,"South Dakota gubernatorial election, 1994",Candidate,Jim Beddow,Democratic,126273,40.52,False,False
1994,South Dakota,SD,governor,"South Dakota gubernatorial election, 1994",Candidate,Nathan A. Barton,Libertarian,12825,4.12,False,False
1994,Tennessee,TN,governor,"Tennessee gubernatorial election, 1994",Winning,Don Sundquist,Republican,807104,54.27,True,False
1994,Tennessee,TN,governor,"Tennessee gubernatorial election, 1994",Candidate,Phil Bredesen,Democratic,664252,44.67,False,False
1994,Tennessee,TN,governor,"Tennessee gubernatorial election, 1994",Candidate,Stephanie E. Holt,Independent,9981,0.67,False,False
1994,Tennessee,TN,governor,"Tennessee gubernatorial election, 1994",Candidate,Will Smith,Independent,3365,0.23,False,False
1994,Tennessee,TN,governor,"Tennessee gubernatorial election, 1994",Candidate,Charlie Moffett,Independent,2347,0.16,False,False
1994,Tennessee,TN,governor,"Tennessee gubernatorial election, 1994",Candidate,Write-ins,N/a,81,0.01,False,False
1994,Tennessee,TN,governor,"Tennessee gubernatorial election, 1994",Total,,,1487130,100.0,False,False
1994,Texas,TX,governor,General election results,Winning,George W. Bush,Republican,2350994,53.48,True,False
1994,Texas,TX,governor,General election results,Candidate,Ann Richards,Democratic,2016928,45.88,False,True
1994,Texas,TX,governor,General election results,Candidate,Keary Ehlers,Libertarian,28320,0.64,False,False
1994,Texas,TX,governor,General election results,Total,,,4396242,100.0,False,False
1994,Vermont,VT,governor,1994 Vermont gubernatorial election,Winning,Howard Dean,Democratic,145661,68.69,True,True
1994,Vermont,VT,governor,1994 Vermont gubernatorial election,Candidate,David F. Kelley,Republican,40292,19.0,False,False
1994,Vermont,VT,governor,1994 Vermont gubernatorial election,Candidate,Thomas J. Morse,Independent,15000,7.07,False,False
1994,Vermont,VT,governor,1994 Vermont gubernatorial election,Candidate,Dennis Lane,Grassroots,2118,1.0,False,False
1994,Vermont,VT,governor,1994 Vermont gubernatorial election,Candidate,William Brueckner,Independent,2071,0.98,False,False
1994,Vermont,VT,governor,1994 Vermont gubernatorial election,Candidate,Gus Jaccaci,Independent,2043,0.96,False,False
1994,Vermont,VT,governor,1994 Vermont gubernatorial election,Candidate,Richard F. Gottlieb,Union,1733,0.82,False,False
1994,Vermont,VT,governor,1994 Vermont gubernatorial election,Candidate,Bill Brunelle,Law,1668,0.79,False,False
1994,Vermont,VT,governor,1994 Vermont gubernatorial election,Write-in,,,1460,0.69,False,False
1994,Wisconsin,WI,governor,1994 Wisconsin gubernatorial election,Winning,Tommy G. Thompson,Republican,1051326,67.23,True,False
1994,Wisconsin,WI,governor,1994 Wisconsin gubernatorial election,Candidate,Charles Chvala,Democratic,482850,30.88,False,False
1994,Wisconsin,WI,governor,1994 Wisconsin gubernatorial election,Candidate,David S. Harmon,Libertarian,11639,0.74,False,False
1994,Wisconsin,WI,governor,1994 Wisconsin gubernatorial election,Candidate,Edward J. Frami,U.s. Taxpayers',9188,0.59,False,False
1994,Wisconsin,WI,governor,1994 Wisconsin gubernatorial election,Candidate,Michael J. Mangan,Independent,8150,0.52,False,False
1994,Wisconsin,WI,governor,1994 Wisconsin gubernatorial election,Candidate,Scattering,,682,0.04,False,False
1994,Wisconsin,WI,governor,1994 Wisconsin gubernatorial election,Total,,,1563835,100.0,False,False
1994,Wyoming,WY,governor,1994 Wyoming gubernatorial election,Winning,Jim Geringer,Republican,104638,58.72,True,False
1994,Wyoming,WY,governor,1994 Wyoming gubernatorial election,Candidate,Kathy Karpan,Democratic,80747,40.17,False,False
1994,Wyoming,WY,governor,1994 Wyoming gubernatorial election,Candidate,Seaghan Uibreaslain,Libertarian,2227,1.11,False,False
1995,Kentucky,KY,governor,1995 Kentucky gubernatorial election,Winning,Paul E. Patton,Democratic,500605,50.88,True,False
1995,Kentucky,KY,governor,1995 Kentucky gubernatorial election,Candidate,Larry Forgy,Republican,479227,48.71,False,False
1995,Kentucky,KY,governor,1995 Kentucky gubernatorial election,Candidate,Gatewood Galbraith,Write-in,3965,0.4,False,False
1995,Kentucky,KY,governor,1995 Kentucky gubernatorial election,Total,,,983797,100.0,False,False
1995,Louisiana,LA,governor,"Louisiana gubernatorial election jungle primary, 1995",Winning,Mike Foster,Republican,385267,26.1,True,False
1995,Louisiana,LA,governor,"Louisiana gubernatorial election jungle primary, 1995",Winning,Cleo Fields,Democratic,280921,19.03,True,False
1995,Louisiana,LA,governor,"Louisiana gubernatorial election jungle primary, 1995",Candidate,Mary Landrieu,Democratic,271938,18.43,False,False
1995,Louisiana,LA,governor,"Louisiana gubernatorial election jungle primary, 1995",Candidate,Buddy Roemer,Republican,263330,17.84,False,False
1995,Louisiana,LA,governor,"Louisiana gubernatorial election jungle primary, 1995",Candidate,Phil Preis,Democratic,133271,9.03,False,False
1995,Louisiana,LA,governor,"Louisiana gubernatorial election jungle primary, 1995",Candidate,Melinda Schwegmann,Democratic,71288,4.83,False,False
1995,Louisiana,LA,governor,"Louisiana gubernatorial election jungle primary, 1995",Candidate,Robert Adley,Democratic,27534,1.87,False,False
1995,Louisiana,LA,governor,"Louisiana gubernatorial election jungle primary, 1995",Candidate,"Arthur D. ""Jim"" Nichols",Independent,16616,1.13,False,False
1995,Louisiana,LA,governor,"Louisiana gubernatorial election jungle primary, 1995",Candidate,Gene H. Alexander,Democratic,5688,0.39,False,False
1995,Louisiana,LA,governor,"Louisiana gubernatorial election jungle primary, 1995",Candidate,Kenneth Woods,Independent,4964,0.34,False,False
1995,Louisiana,LA,governor,"Louisiana gubernatorial election jungle primary, 1995",Candidate,Darryl Paul Ward,Independent,4210,0.29,False,False
1995,Louisiana,LA,governor,"Louisiana gubernatorial election jungle primary, 1995",Candidate,Belinda Alexandrenko,Democratic,3161,0.21,False,False
1995,Louisiana,LA,governor,"Louisiana gubernatorial election jungle primary, 1995",Candidate,Lonnie Creech,Independent,2338,0.16,False,False
1995,Louisiana,LA,governor,"Louisiana gubernatorial election jungle primary, 1995",Candidate,Ronnie Glynn Johnson,Independent,1884,0.13,False,False
1995,Louisiana,LA,governor,"Louisiana gubernatorial election jungle primary, 1995",Candidate,Anne Thompson,Independent,1416,0.1,False,False
1995,Louisiana,LA,governor,"Louisiana gubernatorial election jungle primary, 1995",Total,,,1473826,100.0,False,False
1995,Louisiana,LA,governor,"Louisiana gubernatorial election runoff, 1995",Winning,Mike Foster,Republican,984499,63.5,True,False
1995,Louisiana,LA,governor,"Louisiana gubernatorial election runoff, 1995",Candidate,Cleo Fields,Democratic,565861,36.5,False,False
1995,Louisiana,LA,governor,"Louisiana gubernatorial election runoff, 1995",Total,,,1550360,100.0,False,False
1995,Mississippi,MS,governor,"Mississippi gubernatorial election, 1995",Winning,Kirk Fordice,Republican,455261,55.56,True,True
1995,Mississippi,MS,governor,"Mississippi gubernatorial election, 1995",Candidate,Dick Molpus,Democratic,364210,44.44,False,False
1995,Mississippi,MS,governor,"Mississippi gubernatorial election, 1995",Total,,,819471,100.0,False,False
1996,Delaware,DE,governor,"Delaware gubernatorial election, 1996",Winning,Tom Carper,Democratic,188300,69.5,True,True
1996,Delaware,DE,governor,"Delaware gubernatorial election, 1996",Candidate,Janet Rzewnicki,Republican,82654,30.5,False,False
1996,Indiana,IN,governor,"Indiana gubernatorial election, 1996",Winning,Frank O'Bannon/Joe Kernan,Democratic,1087128,51.52,True,False
1996,Indiana,IN,governor,"Indiana gubernatorial election, 1996",Candidate,Stephen Goldsmith/George Witwer,Republican,986982,46.78,False,False
1996,Indiana,IN,governor,"Indiana gubernatorial election, 1996",Candidate,Steve Dillon/Leona McPherson,Libertarian,35805,1.7,False,False
1996,Indiana,IN,governor,"Indiana gubernatorial election, 1996",Total,,,2109915,100.0,False,False
1996,Missouri,MO,governor,"1996 gubernatorial election, Missouri",Winning,Mel Carnahan,Democratic,1224801,57.17,True,True
1996,Missouri,MO,governor,"1996 gubernatorial election, Missouri",Candidate,Margaret B. Kelly,Republican,866268,40.43,False,False
1996,Missouri,MO,governor,"1996 gubernatorial election, Missouri",Candidate,J. Mark Oglesby,Libertarian,51432,2.4,False,False
1996,Missouri,MO,governor,"1996 gubernatorial election, Missouri",Candidate,V. Marvalene Pankey (write-in),N/a,10,0.0,False,False
1996,Missouri,MO,governor,"1996 gubernatorial election, Missouri",Candidate,Jock Peacock (write-in),N/a,7,0.0,False,False
1996,Montana,MT,governor,"Montana gubernatorial election, 1996",Winning,Marc Racicot,Republican,320768,79.17,True,True
1996,Montana,MT,governor,"Montana gubernatorial election, 1996",Candidate,Judy Jacobson,Democratic,84407,20.83,False,False
1996,North Carolina,NC,governor,1996 North Carolina gubernatorial election,Winning,Jim Hunt,Democratic,1436638,55.98,True,True
1996,North Carolina,NC,governor,1996 North Carolina gubernatorial election,Candidate,Robin Hayes,Republican,1097053,42.75,False,False
1996,North Carolina,NC,governor,1996 North Carolina gubernatorial election,Candidate,Scott D. Yost,Libertarian,17559,0.68,False,False
1996,North Carolina,NC,governor,1996 North Carolina gubernatorial election,Candidate,Julia Van Witt,Law,14792,0.58,False,False
1996,North Dakota,ND,governor,"North Dakota gubernatorial election, 1996",Winning,Ed Schafer (inc.),Republican,174937,66.19,True,False
1996,North Dakota,ND,governor,"North Dakota gubernatorial election, 1996",Candidate,Lee Kaldor,North Dakota Democratic-npl,89349,33.81,False,False
1996,North Dakota,ND,governor,"North Dakota gubernatorial election, 1996",Total,,,264286,100.0,False,False
1996,Utah,UT,governor,1996 Utah gubernatorial election,Winning,Mike Leavitt,Republican,503693,74.97,True,True
1996,Utah,UT,governor,1996 Utah gubernatorial election,Candidate,Jim Bradley,Democratic,156616,23.31,False,False
1996,Utah,UT,governor,1996 Utah gubernatorial election,Candidate,Ken Larsen,Independent American,4741,0.71,False,False
1996,Utah,UT,governor,1996 Utah gubernatorial election,Candidate,Dub Richards,Independent,3845,0.57,False,False
1996,Utah,UT,governor,1996 Utah gubernatorial election,Candidate,Robert C. Lesh,Law,2969,0.44,False,False
1996,Utah,UT,governor,1996 Utah gubernatorial election,Candidate,Linda Metzger-Agin,Write-in,15,0.0,False,False
1996,Utah,UT,governor,1996 Utah gubernatorial election,Total,,,671879,100.0,False,False
1996,Vermont,VT,governor,1996 Vermont gubernatorial election,Winning,Howard Dean,Democratic,179544,70.51,True,True
1996,Vermont,VT,governor,1996 Vermont gubernatorial election,Candidate,John L. Gropper,Republican,57161,22.45,False,False
1996,Vermont,VT,governor,1996 Vermont gubernatorial election,Candidate,Mary Alice Herbert,Union,4156,1.63,False,False
1996,Vermont,VT,governor,1996 Vermont gubernatorial election,Candidate,Dennis Lane,Vermont Grassroots,3667,1.44,False,False
1996,Vermont,VT,governor,1996 Vermont gubernatorial election,Candidate,Bill Brunelle,Law,3342,1.31,False,False
1996,Vermont,VT,governor,1996 Vermont gubernatorial election,Candidate,August St. John,Independent,3201,1.26,False,False
1996,Vermont,VT,governor,1996 Vermont gubernatorial election,Candidate,Neil Randall,Libertarian,2916,1.15,False,False
1996,Vermont,VT,governor,1996 Vermont gubernatorial election,Write-in,,,661,0.26,False,False
1996,Vermont,VT,governor,1996 Vermont gubernatorial election,Total,,,254648,100.0,False,False
1996,Washington,WA,governor,1996 gubernatorial election,Winning,Gary Locke,Democratic,1296492,57.96,True,False
1996,Washington,WA,governor,1996 gubernatorial election,Candidate,Ellen Craswell,Republican,940538,42.04,False,False
1996,Washington,WA,governor,1996 gubernatorial election,Total,,,2237030,100.0,False,False
1996,West Virginia,WV,governor,"West Virginia gubernatorial election, 1996",Winning,Cecil Underwood,Republican,324518,51.63,True,False
1996,West Virginia,WV,governor,"West Virginia gubernatorial election, 1996",Candidate,Charlotte Pritt,Democratic,287870,45.8,False,False
1996,West Virginia,WV,governor,"West Virginia gubernatorial election, 1996",Candidate,Wallace Johnson,Libertarian,16171,2.57,False,False
1996,West Virginia,WV,governor,"West Virginia gubernatorial election, 1996",Total,,,628559,100.0,False,False
1997,New Jersey,NJ,governor,"New Jersey gubernatorial election, 1997",Winning,Christine Todd Whitman,Republican,1133394,46.87,True,True
1997,New Jersey,NJ,governor,"New Jersey gubernatorial election, 1997",Candidate,Jim McGreevey,Democratic,1107968,45.82,False,False
1997,New Jersey,NJ,governor,"New Jersey gubernatorial election, 1997",Candidate,Murray Sabrin,Libertarian,114172,4.72,False,False
1997,New Jersey,NJ,governor,"New Jersey gubernatorial election, 1997",Candidate,Richard J. Pezzullo,Conservative,34906,1.44,False,False
1997,New Jersey,NJ,governor,"New Jersey gubernatorial election, 1997",Candidate,Madelyn R. Hoffman,Green,10703,0.44,False,False
1997,New Jersey,NJ,governor,"New Jersey gubernatorial election, 1997",Candidate,"Michael Perrone, Jr.",Independent,6805,0.28,False,False
1997,New Jersey,NJ,governor,"New Jersey gubernatorial election, 1997",Candidate,Robert B. Miller,Workers,2816,0.12,False,False
1997,New Jersey,NJ,governor,"New Jersey gubernatorial election, 1997",Candidate,Greg Pason,Socialist Party Usa,2800,0.12,False,False
1997,New Jersey,NJ,governor,"New Jersey gubernatorial election, 1997",Candidate,Lincoln Norton,Law,2540,0.11,False,False
1997,New Jersey,NJ,governor,"New Jersey gubernatorial election, 1997",Candidate,"Nuncie A. Ripa, Jr.",Independent,2240,0.09,False,False
1997,Virginia,VA,governor,"Virginia gubernatorial election, 1997",Winning,Jim Gilmore,Republican,969062,55.81,True,False
1997,Virginia,VA,governor,"Virginia gubernatorial election, 1997",Candidate,Don Beyer,Democratic,738971,42.56,False,False
1997,Virginia,VA,governor,"Virginia gubernatorial election, 1997",Candidate,Sue Harris DeBauche,Reform,25955,1.49,False,False
1997,Virginia,VA,governor,"Virginia gubernatorial election, 1997",Write-in,Write-ins,Write-ins,2326,0.13,False,False
1998,Alabama,AL,governor,1998 Alabama gubernatorial election,Winning,Don Siegelman,Democratic,752087,57.92,True,False
1998,Alabama,AL,governor,1998 Alabama gubernatorial election,Candidate,Fob James,Republican,546504,42.08,False,True
1998,Alabama,AL,governor,1998 Alabama gubernatorial election,Total,,,1298591,100.0,False,False
1998,Arizona,AZ,governor,"Arizona gubernatorial election, 1998",Winning,Jane Dee Hull,Republican,620188,60.95,True,True
1998,Arizona,AZ,governor,"Arizona gubernatorial election, 1998",Candidate,Paul Johnson,Democratic,361552,35.53,False,False
1998,Arizona,AZ,governor,"Arizona gubernatorial election, 1998",Candidate,Katherine Gallant,Libertarian,27150,2.67,False,False
1998,Arizona,AZ,governor,"Arizona gubernatorial election, 1998",Candidate,Scott Malcomson,Reform,8371,0.82,False,False
1998,Arizona,AZ,governor,"Arizona gubernatorial election, 1998",Candidate,Alan White (write-in),Independent,328,0.03,False,False
1998,Arizona,AZ,governor,"Arizona gubernatorial election, 1998",Candidate,D'Herrera Tapia (write-in),Independent,15,0.0,False,False
1998,Arizona,AZ,governor,"Arizona gubernatorial election, 1998",Candidate,Robert B. Winn (write-in),Independent,12,0.0,False,False
1998,Arizona,AZ,governor,"Arizona gubernatorial election, 1998",Total,,,1017616,100.0,False,False
1998,Arkansas,AR,governor,"Arkansas gubernatorial election, 1998",Winning,Mike Huckabee (inc.),Republican,421989,59.77,True,False
1998,Arkansas,AR,governor,"Arkansas gubernatorial election, 1998",Candidate,Bill Bristow,Democratic,272923,38.66,False,False
1998,Arkansas,AR,governor,"Arkansas gubernatorial election, 1998",Candidate,Keith Carle,Reform,11099,1.57,False,False
1998,California,CA,governor,1998 California gubernatorial election,Winning,Gray Davis,Democratic,4860702,57.97,True,False
1998,California,CA,governor,1998 California gubernatorial election,Candidate,Dan Lungren,Republican,3218030,38.38,False,False
1998,California,CA,governor,1998 California gubernatorial election,Candidate,Dan Hamburg,Green,104179,1.24,False,False
1998,California,CA,governor,1998 California gubernatorial election,Candidate,Steve Kubby,Libertarian,73845,0.88,False,False
1998,California,CA,governor,1998 California gubernatorial election,Candidate,Gloria Estela La Riva,Freedom,59218,0.71,False,False
1998,California,CA,governor,1998 California gubernatorial election,Candidate,Nathan E. Johnson,Independent,37964,0.45,False,False
1998,California,CA,governor,1998 California gubernatorial election,Candidate,Harold H. Bloomfield,Law,31237,0.37,False,False
1998,California,CA,governor,1998 California gubernatorial election,Candidate,Gale Shangold (write-in),Independent,16,0.0,False,False
1998,California,CA,governor,1998 California gubernatorial election,Candidate,Phillip Ashamallah (write-in),Independent,3,0.0,False,False
1998,California,CA,governor,1998 California gubernatorial election,Candidate,Holden Charles Hollom (write-in),Independent,1,0.0,False,False
1998,California,CA,governor,1998 California gubernatorial election,Candidate,Lark D. Jursek (write-in),Independent,1,0.0,False,False
1998,California,CA,governor,1998 California gubernatorial election,Total,,,8385196,100.0,False,False
1998,Colorado,CO,governor,1998 Colorado gubernatorial election,Winning,Bill Owens,Republican,645806,49.04,True,False
1998,Colorado,CO,governor,1998 Colorado gubernatorial election,Candidate,Gail Schoettler,Democratic,637655,48.42,False,False
1998,Colorado,CO,governor,1998 Colorado gubernatorial election,Candidate,Sandra D. Johnson,Libertarian,22150,1.68,False,False
1998,Colorado,CO,governor,1998 Colorado gubernatorial election,Candidate,Tim Leonard,Constitution,10966,0.83,False,False
1998,Connecticut,CT,governor,1998 Connecticut gubernatorial election,Winning,John G. Rowland,Republican,628707,62.9,True,True
1998,Connecticut,CT,governor,1998 Connecticut gubernatorial election,Candidate,Barbara B. Kennelly,Democratic,354187,35.44,False,False
1998,Connecticut,CT,governor,1998 Connecticut gubernatorial election,Candidate,Joseph A. Zdonczyk,Citizens,8792,0.88,False,False
1998,Connecticut,CT,governor,1998 Connecticut gubernatorial election,Candidate,Ned Vare,Libertarian,5637,0.56,False,False
1998,Connecticut,CT,governor,1998 Connecticut gubernatorial election,Candidate,Roberta Scaglione,Term Limits,2212,0.22,False,False
1998,Connecticut,CT,governor,1998 Connecticut gubernatorial election,Total,,,999535,100.0,False,False
1998,Florida,FL,governor,1998 Florida gubernatorial election,Winning,Jeb Bush,Republican,2191105,55.27,True,False
1998,Florida,FL,governor,1998 Florida gubernatorial election,Candidate,Buddy MacKay,Democratic,1773054,44.72,False,False
1998,Florida,FL,governor,1998 Florida gubernatorial election,Write-in,,,282,0.01,False,False
1998,Florida,FL,governor,1998 Florida gubernatorial election,Total,,,3964441,100.0,False,False
1998,Georgia,GA,governor,1998 Georgia gubernatorial election,Winning,Roy Barnes,Democratic,941076,52.49,True,False
1998,Georgia,GA,governor,1998 Georgia gubernatorial election,Candidate,Guy Millner,Republican,790201,44.08,False,False
1998,Georgia,GA,governor,1998 Georgia gubernatorial election,Candidate,Jack Cashin,Libertarian,61531,3.43,False,False
1998,Hawaii,HI,governor,"Hawaii gubernatorial election, 1998",Winning,Ben Cayetano,Democratic,204206,50.11,True,True
1998,Hawaii,HI,governor,"Hawaii gubernatorial election, 1998",Candidate,Linda Lingle,Republican,198952,48.82,False,False
1998,Hawaii,HI,governor,"Hawaii gubernatorial election, 1998",Candidate,George Peabody,Libertarian,4398,1.08,False,False
1998,Idaho,ID,governor,"Idaho gubernatorial election, 1998",Winning,Dirk Kempthorne,Republican,258095,67.7,True,False
1998,Idaho,ID,governor,"Idaho gubernatorial election, 1998",Candidate,Robert C. Huntley,Democratic,110815,29.07,False,False
1998,Idaho,ID,governor,"Idaho gubernatorial election, 1998",Candidate,Peter Rickards,Independent,12338,3.24,False,False
1998,Illinois,IL,governor,"Illinois gubernatorial election, 1998",Winning,George Ryan / Corinne Wood,Republican,1714094,51.03,True,False
1998,Illinois,IL,governor,"Illinois gubernatorial election, 1998",Candidate,Glenn Poshard / Mary Lou Kearns,Democratic,1594191,47.46,False,False
1998,Illinois,IL,governor,"Illinois gubernatorial election, 1998",Candidate,Lawrence Redmond / Phyllis Nirchi,Reform,50372,1.5,False,False
1998,Illinois,IL,governor,"Illinois gubernatorial election, 1998",Write-in,Write-ins,Write-ins,48,0.0,False,False
1998,Iowa,IA,governor,"Iowa gubernatorial election, 1998",Winning,Tom Vilsack,Democratic,500231,52.3,True,False
1998,Iowa,IA,governor,"Iowa gubernatorial election, 1998",Candidate,Jim Ross Lightfoot,Republican,444787,46.51,False,False
1998,Iowa,IA,governor,"Iowa gubernatorial election, 1998",Candidate,Jim Hennager,Reform,5606,0.59,False,False
1998,Iowa,IA,governor,"Iowa gubernatorial election, 1998",Candidate,Jim Schaefer,Law,3144,0.33,False,False
1998,Iowa,IA,governor,"Iowa gubernatorial election, 1998",Candidate,Mark Kennis,Independent,2006,0.21,False,False
1998,Iowa,IA,governor,"Iowa gubernatorial election, 1998",Write-in,,,641,0.07,False,False
1998,Kansas,KS,governor,"Kansas gubernatorial election, 1998",Winning,Bill Graves (inc.),Republican,544882,73.37,True,False
1998,Kansas,KS,governor,"Kansas gubernatorial election, 1998",Candidate,Tom Sawyer,Democratic,168243,22.65,False,False
1998,Kansas,KS,governor,"Kansas gubernatorial election, 1998",Candidate,Kirt Poovey,Constitution,21710,2.92,False,False
1998,Kansas,KS,governor,"Kansas gubernatorial election, 1998",Candidate,Darrel King,Reform,7830,1.05,False,False
1998,Maine,ME,governor,"Maine gubernatorial election, 1998",Winning,Angus King,Independent,246772,58.61,True,True
1998,Maine,ME,governor,"Maine gubernatorial election, 1998",Candidate,James B. Longley Jr.,Republican,79716,18.93,False,False
1998,Maine,ME,governor,"Maine gubernatorial election, 1998",Candidate,Thomas J. Connolly,Democratic,50506,12.0,False,False
1998,Maine,ME,governor,"Maine gubernatorial election, 1998",Candidate,Pat LaMarche,Green,28722,6.82,False,False
1998,Maine,ME,governor,"Maine gubernatorial election, 1998",Candidate,William P. Clarke Jr.,Constitution,15293,3.63,False,False
1998,Maryland,MD,governor,"Maryland gubernatorial election, 1998",Winning,Parris Glendening (inc.),Democratic,846972,55.14,True,False
1998,Maryland,MD,governor,"Maryland gubernatorial election, 1998",Candidate,Ellen Sauerbrey,Republican,688357,44.82,False,False
1998,Maryland,MD,governor,"Maryland gubernatorial election, 1998",Write-in,Write-ins,Write-ins,649,0.04,False,False
1998,Massachusetts,MA,governor,"Massachusetts gubernatorial election, 1998",Winning,Paul Cellucci (acting),Republican,967160,50.87,True,False
1998,Massachusetts,MA,governor,"Massachusetts gubernatorial election, 1998",Candidate,Scott Harshbarger,Democratic,901843,47.44,False,False
1998,Massachusetts,MA,governor,"Massachusetts gubernatorial election, 1998",Candidate,Dean Cook,Libertarian,32184,1.69,False,False
1998,Massachusetts,MA,governor,"Massachusetts gubernatorial election, 1998",Candidate,Blank votes,N/a,31941,1.65,False,False
1998,Massachusetts,MA,governor,"Massachusetts gubernatorial election, 1998",Write-in,,,2149,0.11,False,False
1998,Massachusetts,MA,governor,"Massachusetts gubernatorial election, 1998",Total,,,1901187,51.19,False,False
1998,Michigan,MI,governor,1998 Michigan gubernatorial election,Winning,John Engler (inc.),Republican,1883005,62.2,True,False
1998,Michigan,MI,governor,1998 Michigan gubernatorial election,Candidate,Geoffrey Fieger,Democratic,1143574,37.78,False,False
1998,Michigan,MI,governor,1998 Michigan gubernatorial election,Candidate,Terry Link (write-in),,399,0.01,False,False
1998,Michigan,MI,governor,1998 Michigan gubernatorial election,Candidate,Carl Humphrey (write-in),,36,0.0,False,False
1998,Michigan,MI,governor,1998 Michigan gubernatorial election,Candidate,Vicki Foreback (write-in),,32,0.0,False,False
1998,Michigan,MI,governor,1998 Michigan gubernatorial election,Candidate,Marc Katz (write-in),,20,0.0,False,False
1998,Michigan,MI,governor,1998 Michigan gubernatorial election,Candidate,Robert Marek (write-in),,17,0.0,False,False
1998,Michigan,MI,governor,1998 Michigan gubernatorial election,Candidate,Michael Wagonlander (write-in),,12,0.0,False,False
1998,Michigan,MI,governor,1998 Michigan gubernatorial election,Candidate,Johnni Matthew III (write-in),,9,0.0,False,False
1998,Michigan,MI,governor,1998 Michigan gubernatorial election,Total,,,3027104,100.0,False,False
1998,Minnesota,MN,governor,1998 Minnesota gubernatorial election,Winning,Jesse Ventura,Reform,773713,36.99,True,False
1998,Minnesota,MN,governor,1998 Minnesota gubernatorial election,Candidate,Norm Coleman,Republican,717350,34.29,False,False
1998,Minnesota,MN,governor,1998 Minnesota gubernatorial election,Candidate,Skip Humphrey,Minnesota Democratic–farmer–labor,587528,28.09,False,False
1998,Minnesota,MN,governor,1998 Minnesota gubernatorial election,Candidate,Ken Pentel,Green,7034,0.34,False,False
1998,Minnesota,MN,governor,1998 Minnesota gubernatorial election,Candidate,Frank Germann,Libertarian,1932,0.09,False,False
1998,Minnesota,MN,governor,1998 Minnesota gubernatorial election,Candidate,Chris Wright,Grassroots,1727,0.08,False,False
1998,Minnesota,MN,governor,1998 Minnesota gubernatorial election,Candidate,Fancy Ray McCloney,People's Champion,919,0.04,False,False
1998,Minnesota,MN,governor,1998 Minnesota gubernatorial election,Candidate,Thomas Fiske,Workers,787,0.04,False,False
1998,Minnesota,MN,governor,1998 Minnesota gubernatorial election,Candidate,Write-ins,,776,,False,False
1998,Nebraska,NE,governor,"Nebraska gubernatorial election, 1998",Winning,Mike Johanns,Republican,293910,53.9,True,False
1998,Nebraska,NE,governor,"Nebraska gubernatorial election, 1998",Candidate,Bill Hoppner,Democratic,250678,45.98,False,False
1998,Nebraska,NE,governor,"Nebraska gubernatorial election, 1998",Write-in,Write-ins,Write-ins,650,0.12,False,False
1998,Nevada,NV,governor,"Nevada gubernatorial election, 1998",Winning,Kenny Guinn,Republican,223892,51.63,True,False
1998,Nevada,NV,governor,"Nevada gubernatorial election, 1998",Candidate,Jan Laverty Jones,Democratic,182281,42.04,False,False
1998,Nevada,NV,governor,"Nevada gubernatorial election, 1998",Candidate,None of These Candidates,,12641,2.92,False,False
1998,Nevada,NV,governor,"Nevada gubernatorial election, 1998",Candidate,Chuck Horne,American,7509,1.73,False,False
1998,Nevada,NV,governor,"Nevada gubernatorial election, 1998",Candidate,Terry C. Savage,Libertarian,7307,1.69,False,False
1998,Nevada,NV,governor,"Nevada gubernatorial election, 1998",Total,,,433630,100.0,False,False
1998,New Mexico,NM,governor,1998 New Mexico gubernatorial election,Winning,Gary Johnson,Republican,271948,54.53,True,True
1998,New Mexico,NM,governor,1998 New Mexico gubernatorial election,Candidate,Martin Chávez,Democratic,226755,45.47,False,False
1998,New Mexico,NM,governor,1998 New Mexico gubernatorial election,Total,,,498703,100.0,False,False
1998,New York,NY,governor,"New York gubernatorial election, 1998",Winning,George Pataki,Total,2571991,54.32,True,True
1998,New York,NY,governor,"New York gubernatorial election, 1998",Candidate,George Pataki,Republican,2223264,44.59,False,False
1998,New York,NY,governor,"New York gubernatorial election, 1998",Candidate,"Peter Vallone, Sr.",Democratic,1518992,30.47,False,False
1998,New York,NY,governor,"New York gubernatorial election, 1998",Candidate,Tom Golisano,Independence,364056,7.69,False,False
1998,New York,NY,governor,"New York gubernatorial election, 1998",Candidate,Betsy McCaughey,Liberal,77915,1.65,False,False
1998,New York,NY,governor,"New York gubernatorial election, 1998",Candidate,Michael Reynolds,Life,56683,1.2,False,False
1998,New York,NY,governor,"New York gubernatorial election, 1998",Candidate,Al Lewis,Green,52533,1.11,False,False
1998,New York,NY,governor,"New York gubernatorial election, 1998",Candidate,Thomas K. Leighton,Reform,24788,0.52,False,False
1998,New York,NY,governor,"New York gubernatorial election, 1998",Candidate,Mary Alice France,Unity,9692,0.21,False,False
1998,New York,NY,governor,"New York gubernatorial election, 1998",Candidate,Chris Garvey,Libertarian,4722,0.11,False,False
1998,New York,NY,governor,"New York gubernatorial election, 1998",Candidate,Al Duncan,Workers,2539,0.05,False,False
1998,New York,NY,governor,"New York gubernatorial election, 1998",Candidate,Blank – Void – Scattering,,250696,5.02,False,False
1998,Ohio,OH,governor,"Ohio gubernatorial election, 1998",Winning,Bob Taft,Republican,1678721,50.05,True,False
1998,Ohio,OH,governor,"Ohio gubernatorial election, 1998",Candidate,Lee Fisher,Democratic,1498956,44.69,False,False
1998,Ohio,OH,governor,"Ohio gubernatorial election, 1998",Candidate,John R. Mitchel,Reform,111468,3.32,False,False
1998,Ohio,OH,governor,"Ohio gubernatorial election, 1998",Candidate,Zanna Feitler,Law,65068,1.94,False,False
1998,Oklahoma,OK,governor,"1998 gubernatorial election, Oklahoma",Winning,Frank Keating,Republican,505498,57.86,True,True
1998,Oklahoma,OK,governor,"1998 gubernatorial election, Oklahoma",Candidate,Laura Boyd,Democratic,357552,40.93,False,False
1998,Oklahoma,OK,governor,"1998 gubernatorial election, Oklahoma",Candidate,Hoppy Heidelberg,Reform,10535,1.21,False,False
1998,Oklahoma,OK,governor,"1998 gubernatorial election, Oklahoma",Total,,,873585,100.0,False,False
1998,Oregon,OR,governor,1998 Oregon gubernatorial election,Winning,John Kitzhaber (inc.),Democratic,717061,64.42,True,False
1998,Oregon,OR,governor,1998 Oregon gubernatorial election,Candidate,Bill Sizemore,Republican,334001,30.01,False,False
1998,Oregon,OR,governor,1998 Oregon gubernatorial election,Candidate,Richard P. Burke,Libertarian,20200,1.81,False,False
1998,Oregon,OR,governor,1998 Oregon gubernatorial election,Candidate,Blair Bobier,Green,15843,1.42,False,False
1998,Oregon,OR,governor,1998 Oregon gubernatorial election,Candidate,Roger G. Weidner,Reform,10144,0.91,False,False
1998,Oregon,OR,governor,1998 Oregon gubernatorial election,Candidate,Patti Steurer,Law,7823,0.7,False,False
1998,Oregon,OR,governor,1998 Oregon gubernatorial election,Candidate,Trey Smith,Socialist Party Usa,5772,0.52,False,False
1998,Oregon,OR,governor,1998 Oregon gubernatorial election,Candidate,Scattering,Write-in,2254,0.2,False,False
1998,Oregon,OR,governor,1998 Oregon gubernatorial election,Total,,,1113098,100.0,False,False
1998,Pennsylvania,PA,governor,1998 Pennsylvania gubernatorial election,Winning,Tom Ridge,Republican,1736844,57.42,True,True
1998,Pennsylvania,PA,governor,1998 Pennsylvania gubernatorial election,Candidate,Ivan Itkin,Democratic,938745,31.03,False,False
1998,Pennsylvania,PA,governor,1998 Pennsylvania gubernatorial election,Candidate,Peg Luksik,Constitution,315761,10.43,False,False
1998,Pennsylvania,PA,governor,1998 Pennsylvania gubernatorial election,Candidate,Ken Krawchuk,Libertarian,33591,1.11,False,False
1998,Pennsylvania,PA,governor,1998 Pennsylvania gubernatorial election,Write-in,,,281,0.01,False,False
1998,Pennsylvania,PA,governor,1998 Pennsylvania gubernatorial election,Total,,,3025022,100.0,False,False
1998,Rhode Island,RI,governor,"Rhode Island gubernatorial election, 1998",Winning,Lincoln Almond,Republican,156180,50.97,True,True
1998,Rhode Island,RI,governor,"Rhode Island gubernatorial election, 1998",Candidate,Myrth York,Democratic,129105,42.13,False,False
1998,Rhode Island,RI,governor,"Rhode Island gubernatorial election, 1998",Candidate,Robert J. Healey,Cool Moose,19250,6.28,False,False
1998,Rhode Island,RI,governor,"Rhode Island gubernatorial election, 1998",Candidate,Joseph F. Devine,Reform,1848,0.6,False,False
1998,Rhode Island,RI,governor,"Rhode Island gubernatorial election, 1998",Write-in,Write-ins,Write-ins,62,0.02,False,False
1998,South Carolina,SC,governor,"South Carolina Gubernatorial Election, 1998",Winning,Jim Hodges,Democratic,570070,53.23,True,False
1998,South Carolina,SC,governor,"South Carolina Gubernatorial Election, 1998",Candidate,David Beasley,Republican,484088,45.21,False,True
1998,South Carolina,SC,governor,"South Carolina Gubernatorial Election, 1998",Candidate,Timothy Moultrie,Libertarian,14894,1.4,False,False
1998,South Carolina,SC,governor,"South Carolina Gubernatorial Election, 1998",Candidate,Write-Ins,No,1553,0.2,False,False
1998,South Carolina,SC,governor,"South Carolina Gubernatorial Election, 1998",Candidate,Bobby Eubanks,No,264,0.0,False,False
1998,South Dakota,SD,governor,"South Dakota gubernatorial election, 1998",Winning,Bill Janklow,Republican,166621,64.04,True,True
1998,South Dakota,SD,governor,"South Dakota gubernatorial election, 1998",Candidate,Bernie Hunhoff,Democratic,85473,32.85,False,False
1998,South Dakota,SD,governor,"South Dakota gubernatorial election, 1998",Candidate,Bob Newland,Libertarian,4389,1.69,False,False
1998,South Dakota,SD,governor,"South Dakota gubernatorial election, 1998",Candidate,Ronald Wieczorek,Independent,3704,1.42,False,False
1998,Tennessee,TN,governor,1998 Tennessee gubernatorial election,Winning,Don Sundquist,Republican,669973,68.63,True,True
1998,Tennessee,TN,governor,1998 Tennessee gubernatorial election,Candidate,John Jay Hooker,Democratic,287750,29.48,False,False
1998,Tennessee,TN,governor,1998 Tennessee gubernatorial election,Candidate,"George Alexander Hamilton, Sr.",Independent,5899,0.6,False,False
1998,Tennessee,TN,governor,1998 Tennessee gubernatorial election,Candidate,Irwin W. Gibbs,Independent,4651,0.48,False,False
1998,Tennessee,TN,governor,1998 Tennessee gubernatorial election,Candidate,Thomas E. Smith II,Independent,1851,0.19,False,False
1998,Tennessee,TN,governor,1998 Tennessee gubernatorial election,Candidate,Karl Smithson,Independent,1841,0.19,False,False
1998,Tennessee,TN,governor,1998 Tennessee gubernatorial election,Candidate,Write-ins,N/a,548,0.0,False,False
1998,Tennessee,TN,governor,1998 Tennessee gubernatorial election,Total,,,976236,100.0,False,False
1998,Texas,TX,governor,General election results,Winning,George W. Bush,Republican,2550821,68.24,True,True
1998,Texas,TX,governor,General election results,Candidate,Garry Mauro,Democratic,1165592,31.18,False,False
1998,Texas,TX,governor,General election results,Candidate,Lester R. Turlington Jr.,Libertarian,20711,0.47,False,False
1998,Texas,TX,governor,General election results,Candidate,Susan Lee Solar,Independent,954,0.03,False,False
1998,Texas,TX,governor,General election results,Total,,,3738078,100.0,False,False
1998,Vermont,VT,governor,1998 Vermont gubernatorial election,Winning,Howard Dean,Democratic,121425,55.67,True,True
1998,Vermont,VT,governor,1998 Vermont gubernatorial election,Candidate,Ruth Dwyer,Republican,89726,41.14,False,False
1998,Vermont,VT,governor,1998 Vermont gubernatorial election,Candidate,Joel Williams,Vermont Grassroots,3305,1.52,False,False
1998,Vermont,VT,governor,1998 Vermont gubernatorial election,Candidate,Amy Berkey,Libertarian,2141,0.98,False,False
1998,Vermont,VT,governor,1998 Vermont gubernatorial election,Candidate,Richard Gottlieb,Union,1177,0.54,False,False
1998,Vermont,VT,governor,1998 Vermont gubernatorial election,Write-in,,,346,0.16,False,False
1998,Vermont,VT,governor,1998 Vermont gubernatorial election,Total,,,218120,100.0,False,False
1998,Wisconsin,WI,governor,1998 Wisconsin gubernatorial election,Winning,Tommy G. Thompson,Republican,1047716,59.66,True,True
1998,Wisconsin,WI,governor,1998 Wisconsin gubernatorial election,Candidate,Ed Garvey,Democratic,679553,38.7,False,False
1998,Wisconsin,WI,governor,1998 Wisconsin gubernatorial election,Candidate,Jim Mueller,Libertarian,11071,0.63,False,False
1998,Wisconsin,WI,governor,1998 Wisconsin gubernatorial election,Candidate,Edward J. Frami,U.s. Taxpayers',10269,0.58,False,False
1998,Wisconsin,WI,governor,1998 Wisconsin gubernatorial election,Candidate,Mike Mangan,Independent,4985,0.28,False,False
1998,Wisconsin,WI,governor,1998 Wisconsin gubernatorial election,Candidate,A-Ja-mu Muhammad,Independent,1604,0.09,False,False
1998,Wisconsin,WI,governor,1998 Wisconsin gubernatorial election,Candidate,Jeffrey L. Smith (write-in),Green,14,0.0,False,False
1998,Wisconsin,WI,governor,1998 Wisconsin gubernatorial election,Candidate,Scattering,,802,0.05,False,False
1998,Wisconsin,WI,governor,1998 Wisconsin gubernatorial election,Total,,,1756014,100.0,False,False
1998,Wyoming,WY,governor,1998 Wyoming gubernatorial election,Winning,Jim Geringer (inc.),Republican,97235,55.6,True,False
1998,Wyoming,WY,governor,1998 Wyoming gubernatorial election,Candidate,John Vinich,Democratic,70754,40.46,False,False
1998,Wyoming,WY,governor,1998 Wyoming gubernatorial election,Candidate,Dave Dawson,Libertarian,6899,3.94,False,False
1999,Kentucky,KY,governor,1999 Kentucky gubernatorial election,Winning,Paul E. Patton,Democratic,352099,60.7,True,True
1999,Kentucky,KY,governor,1999 Kentucky gubernatorial election,Candidate,Peppy Martin,Republican,128788,22.2,False,False
1999,Kentucky,KY,governor,1999 Kentucky gubernatorial election,Candidate,Gatewood Galbraith,Reform,88930,15.33,False,False
1999,Kentucky,KY,governor,1999 Kentucky gubernatorial election,Candidate,Nailah Jumoke-Yarbrough,Law,6934,1.2,False,False
1999,Kentucky,KY,governor,1999 Kentucky gubernatorial election,Candidate,Hoby Anderson,Write-in,3323,0.57,False,False
1999,Kentucky,KY,governor,1999 Kentucky gubernatorial election,Total,,,580074,100.0,False,False
1999,Louisiana,LA,governor,"Louisiana Gubernatorial Election, 1999",Winning,Mike Foster,Republican,805203,62.17,True,True
1999,Louisiana,LA,governor,"Louisiana Gubernatorial Election, 1999",Candidate,Bill Jefferson,Democratic,382445,29.53,False,False
1999,Louisiana,LA,governor,"Louisiana Gubernatorial Election, 1999",Candidate,Tom Greene,Republican,35434,2.74,False,False
1999,Louisiana,LA,governor,"Louisiana Gubernatorial Election, 1999",Candidate,Phil Preis,Democratic,23445,1.81,False,False
1999,Louisiana,LA,governor,"Louisiana Gubernatorial Election, 1999",Candidate,Berl Bush,Democratic,12496,0.96,False,False
1999,Louisiana,LA,governor,"Louisiana Gubernatorial Election, 1999",Candidate,Belinda Alexandrenko,Reform,8978,0.69,False,False
1999,Louisiana,LA,governor,"Louisiana Gubernatorial Election, 1999",Candidate,Messiah Darryl Paul Ward,Democratic,7645,0.59,False,False
1999,Louisiana,LA,governor,"Louisiana Gubernatorial Election, 1999",Candidate,Bob McElroy,Democratic,7511,0.58,False,False
1999,Louisiana,LA,governor,"Louisiana Gubernatorial Election, 1999",Candidate,Charles V. Bellone,Democratic,5432,0.42,False,False
1999,Louisiana,LA,governor,"Louisiana Gubernatorial Election, 1999",Candidate,Sid Baron,Independent,3669,0.28,False,False
1999,Louisiana,LA,governor,"Louisiana Gubernatorial Election, 1999",Candidate,Ronnie Glynn Johnson,Independent,2946,0.23,False,False
2000,Indiana,IN,governor,"Indiana gubernatorial election, 2000",Winning,Frank O'Bannon/Joe Kernan (incumbents),Democratic,1232525,56.56,True,False
2000,Indiana,IN,governor,"Indiana gubernatorial election, 2000",Candidate,David M. McIntosh/J. Murray Clark,Republican,908285,41.68,False,False
2000,Indiana,IN,governor,"Indiana gubernatorial election, 2000",Candidate,Andrew Horning/Mark Schreiber,Libertarian,38458,1.76,False,False
2000,Indiana,IN,governor,"Indiana gubernatorial election, 2000",Total,,,2179268,100.0,False,False
2000,Missouri,MO,governor,2000 Missouri gubernatorial election,Winning,Bob Holden,Democratic,1152752,49.12,True,False
2000,Missouri,MO,governor,2000 Missouri gubernatorial election,Candidate,Jim Talent,Republican,1131307,48.21,False,False
2000,Missouri,MO,governor,2000 Missouri gubernatorial election,Candidate,Larry Rice,Independent,34431,1.47,False,False
2000,Missouri,MO,governor,2000 Missouri gubernatorial election,Candidate,John M. Swenson,Libertarian,11274,0.48,False,False
2000,Missouri,MO,governor,2000 Missouri gubernatorial election,Candidate,Lavoy Reed,Green,9008,0.38,False,False
2000,Missouri,MO,governor,2000 Missouri gubernatorial election,Candidate,Richard Allen Kline,Reform,4916,0.21,False,False
2000,Missouri,MO,governor,2000 Missouri gubernatorial election,Candidate,Richard L. Smith,Constitution,3142,0.13,False,False
2000,Missouri,MO,governor,2000 Missouri gubernatorial election,Total,,,2346830,100.0,False,False
2000,Montana,MT,governor,"Montana gubernatorial election, 2000",Winning,Judy Martz,Republican,209135,50.98,True,False
2000,Montana,MT,governor,"Montana gubernatorial election, 2000",Candidate,Mark O'Keefe,Democratic,193131,47.08,False,False
2000,Montana,MT,governor,"Montana gubernatorial election, 2000",Candidate,Stan Jones,Libertarian,7926,1.93,False,False
2000,North Carolina,NC,governor,2000 North Carolina gubernatorial election,Winning,Mike Easley,Democratic,1530324,52.02,True,False
2000,North Carolina,NC,governor,2000 North Carolina gubernatorial election,Candidate,Richard Vinroot,Republican,1360960,46.26,False,False
2000,North Carolina,NC,governor,2000 North Carolina gubernatorial election,Candidate,Barbara Howe,Libertarian,42674,1.45,False,False
2000,North Carolina,NC,governor,2000 North Carolina gubernatorial election,Candidate,Douglas Schell,Reform,8104,0.28,False,False
2000,Utah,UT,governor,2000 Utah gubernatorial election,Winning,Mike Leavitt,Republican,424837,55.77,True,False
2000,Utah,UT,governor,2000 Utah gubernatorial election,Candidate,Bill Orton,Democratic,321979,42.27,False,False
2000,Utah,UT,governor,2000 Utah gubernatorial election,Candidate,Jeremy Friedbaum,Independent American,14990,1.97,False,False
2000,Utah,UT,governor,2000 Utah gubernatorial election,Total,,,761806,100.0,False,False
2000,Vermont,VT,governor,2000 Vermont gubernatorial election,Winning,Howard Dean,Democratic,148059,50.45,True,True
2000,Vermont,VT,governor,2000 Vermont gubernatorial election,Candidate,Ruth Dwyer,Republican,111359,37.95,False,False
2000,Vermont,VT,governor,2000 Vermont gubernatorial election,Candidate,Anthony Pollina,Progressive,28116,9.58,False,False
2000,Vermont,VT,governor,2000 Vermont gubernatorial election,Candidate,"Phil Stannard, Sr.",Independent,2148,0.73,False,False
2000,Vermont,VT,governor,2000 Vermont gubernatorial election,Candidate,Joel W. Williams,Grassroots,1359,0.46,False,False
2000,Vermont,VT,governor,2000 Vermont gubernatorial election,Candidate,Marilyn Verna Christian,Independent,1054,0.36,False,False
2000,Vermont,VT,governor,2000 Vermont gubernatorial election,Candidate,Hardy Macia,Libertarian,785,0.27,False,False
2000,Vermont,VT,governor,2000 Vermont gubernatorial election,Candidate,Richard F. Gottlieb,Union,337,0.11,False,False
2000,Vermont,VT,governor,2000 Vermont gubernatorial election,Write-in,,,256,0.09,False,False
2000,Washington,WA,governor,2000 Washington gubernatorial election,Winning,Gary Locke,Democratic,1441973,58.38,True,True
2000,Washington,WA,governor,2000 Washington gubernatorial election,Candidate,John Carlson,Republican,980060,39.68,False,False
2000,Washington,WA,governor,2000 Washington gubernatorial election,Candidate,Steve W. LePage,Libertarian,47819,1.94,False,False
2000,Washington,WA,governor,2000 Washington gubernatorial election,Total,,,2469852,100.0,False,False
2000,West Virginia,WV,governor,"West Virginia gubernatorial election, 2000",Winning,Bob Wise,Democratic,324822,50.12,True,False
2000,West Virginia,WV,governor,"West Virginia gubernatorial election, 2000",Candidate,Cecil Underwood,Republican,305926,47.21,False,True
2000,West Virginia,WV,governor,"West Virginia gubernatorial election, 2000",Candidate,Denise Giardina,Mountain,10416,1.61,False,False
2000,West Virginia,WV,governor,"West Virginia gubernatorial election, 2000",Candidate,Bob Myers,Libertarian,5548,0.86,False,False
2000,West Virginia,WV,governor,"West Virginia gubernatorial election, 2000",Candidate,Randall Ashelman,Law,1301,0.2,False,False
2000,West Virginia,WV,governor,"West Virginia gubernatorial election, 2000",Write-in,,,34,0.01,False,False
2000,West Virginia,WV,governor,"West Virginia gubernatorial election, 2000",Total,,,648047,100.0,False,False
2001,New Jersey,NJ,governor,"New Jersey Gubernatorial Election, 2001",Winning,Jim McGreevey,Democratic,1256853,56.43,True,False
2001,New Jersey,NJ,governor,"New Jersey Gubernatorial Election, 2001",Candidate,Bret Schundler,Republican,928174,41.68,False,False
2001,New Jersey,NJ,governor,"New Jersey Gubernatorial Election, 2001",Candidate,Bill Schluter,Independent,24084,1.08,False,False
2001,New Jersey,NJ,governor,"New Jersey Gubernatorial Election, 2001",Candidate,Jerry L. Coleman,Green,6238,0.28,False,False
2001,New Jersey,NJ,governor,"New Jersey Gubernatorial Election, 2001",Candidate,Mark Edgerton,Libertarian,4684,0.21,False,False
2001,New Jersey,NJ,governor,"New Jersey Gubernatorial Election, 2001",Candidate,"George Watson, Jr.",Independent,2568,0.12,False,False
2001,New Jersey,NJ,governor,"New Jersey Gubernatorial Election, 2001",Candidate,Michael W. Koontz,Conservative,1949,0.09,False,False
2001,New Jersey,NJ,governor,"New Jersey Gubernatorial Election, 2001",Candidate,Costantino Rozzo,Socialist Party Usa,1537,0.07,False,False
2001,New Jersey,NJ,governor,"New Jersey Gubernatorial Election, 2001",Candidate,Kari Sachs,Workers,1078,0.05,False,False
2001,Virginia,VA,governor,"Virginia gubernatorial election, 2001",Winning,Mark Warner,Democratic,984177,52.16,True,False
2001,Virginia,VA,governor,"Virginia gubernatorial election, 2001",Candidate,Mark Earley,Republican,887234,47.03,False,False
2001,Virginia,VA,governor,"Virginia gubernatorial election, 2001",Candidate,William Redpath,Libertarian,14497,0.77,False,False
2001,Virginia,VA,governor,"Virginia gubernatorial election, 2001",Write-in,,,813,0.04,False,False
2002,Alabama,AL,governor,2002 Alabama gubernatorial election,Winning,Bob Riley,Republican,672225,49.17,True,False
2002,Alabama,AL,governor,2002 Alabama gubernatorial election,Candidate,Don Siegelman,Democratic,669105,48.95,False,True
2002,Alabama,AL,governor,2002 Alabama gubernatorial election,Candidate,John Sophocleus,Libertarian,23272,1.7,False,False
2002,Alabama,AL,governor,2002 Alabama gubernatorial election,Write-in,,,2451,0.18,False,False
2002,Alabama,AL,governor,2002 Alabama gubernatorial election,Total,,,1367053,100.0,False,False
2002,Arizona,AZ,governor,"Arizona gubernatorial election, 2002",Winning,Janet Napolitano,Democratic,566284,46.19,True,False
2002,Arizona,AZ,governor,"Arizona gubernatorial election, 2002",Candidate,Matt Salmon,Republican,554465,45.22,False,False
2002,Arizona,AZ,governor,"Arizona gubernatorial election, 2002",Candidate,Richard D. Mahoney,Independent,84947,6.93,False,False
2002,Arizona,AZ,governor,"Arizona gubernatorial election, 2002",Candidate,Barry Hess,Libertarian,20356,1.66,False,False
2002,Arizona,AZ,governor,"Arizona gubernatorial election, 2002",Candidate,Carlton Rahmani (write-in),Independent,29,0.0,False,False
2002,Arizona,AZ,governor,"Arizona gubernatorial election, 2002",Candidate,Tracey Sturgess (write-in),Independent,15,0.0,False,False
2002,Arizona,AZ,governor,"Arizona gubernatorial election, 2002",Candidate,Naida Axford (write-in),Independent,5,0.0,False,False
2002,Arizona,AZ,governor,"Arizona gubernatorial election, 2002",Candidate,Raymond Caplette (write-in),Independent,5,0.0,False,False
2002,Arizona,AZ,governor,"Arizona gubernatorial election, 2002",Candidate,D'Herrera Tapia (write-in),Independent,4,0.0,False,False
2002,Arizona,AZ,governor,"Arizona gubernatorial election, 2002",Candidate,L. D. Talbow (write-in),Independent,1,0.0,False,False
2002,Arizona,AZ,governor,"Arizona gubernatorial election, 2002",Total,,,1226111,100.0,False,False
2002,Arkansas,AR,governor,"Arkansas gubernatorial election, 2002",Winning,Mike Huckabee,Republican,427082,53.02,True,True
2002,Arkansas,AR,governor,"Arkansas gubernatorial election, 2002",Candidate,Jimmie Lou Fisher,Democratic,378250,46.96,False,False
2002,Arkansas,AR,governor,"Arkansas gubernatorial election, 2002",Write-in,,,210,0.03,False,False
2002,California,CA,governor,2002 California gubernatorial election,Winning,Gray Davis,Democratic,3533490,47.26,True,True
2002,California,CA,governor,2002 California gubernatorial election,Candidate,Bill Simon,Republican,3169801,42.4,False,False
2002,California,CA,governor,2002 California gubernatorial election,Candidate,Peter Miguel Camejo,Green,393036,5.26,False,False
2002,California,CA,governor,2002 California gubernatorial election,Candidate,Gary David Copeland,Libertarian,161203,2.16,False,False
2002,California,CA,governor,2002 California gubernatorial election,Candidate,Reinhold Gulke,Independent,128035,1.71,False,False
2002,California,CA,governor,2002 California gubernatorial election,Candidate,Iris Adam,Law,88415,1.18,False,False
2002,California,CA,governor,2002 California gubernatorial election,Write-in,Write-ins,,2331,0.03,False,False
2002,California,CA,governor,2002 California gubernatorial election,Total,,,7476311,100.0,False,False
2002,Colorado,CO,governor,2002 Colorado gubernatorial election,Winning,Bill Owens (inc.),Republican,884583,62.62,True,False
2002,Colorado,CO,governor,2002 Colorado gubernatorial election,Candidate,Rollie Heath,Democratic,475373,33.65,False,False
2002,Colorado,CO,governor,2002 Colorado gubernatorial election,Candidate,Ronald Forthofer,Green,32099,2.27,False,False
2002,Colorado,CO,governor,2002 Colorado gubernatorial election,Candidate,Ralph Shnelvar,Libertarian,20547,1.45,False,False
2002,Connecticut,CT,governor,2002 Connecticut gubernatorial election,Winning,John G. Rowland,Republican,573958,56.11,True,True
2002,Connecticut,CT,governor,2002 Connecticut gubernatorial election,Candidate,Bill Curry,Democratic,448984,43.89,False,False
2002,Connecticut,CT,governor,2002 Connecticut gubernatorial election,Write-in,,,56,0.0,False,False
2002,Connecticut,CT,governor,2002 Connecticut gubernatorial election,Total,,,1022998,100.0,False,False
2002,Florida,FL,governor,"2002 gubernatorial election, Florida",Winning,Jeb Bush,Republican,2856845,56.0,True,True
2002,Florida,FL,governor,"2002 gubernatorial election, Florida",Candidate,Bill McBride,Democratic,2201427,43.2,False,False
2002,Florida,FL,governor,"2002 gubernatorial election, Florida",Candidate,Bob Kunst,No Party Affiliation,42039,0.8,False,False
2002,Florida,FL,governor,"2002 gubernatorial election, Florida",Write-in,[[Write-in Candidate|Write-ins]],Write-ins,270,0.01,False,False
2002,Georgia,GA,governor,2002 Georgia gubernatorial election,Winning,Sonny Perdue,Republican,1041677,51.42,True,False
2002,Georgia,GA,governor,2002 Georgia gubernatorial election,Candidate,Roy Barnes,Democratic,937062,46.25,False,True
2002,Georgia,GA,governor,2002 Georgia gubernatorial election,Candidate,Garrett Michael Hayes,Libertarian,47122,2.33,False,False
2002,Georgia,GA,governor,2002 Georgia gubernatorial election,Total,,,2025861,100.0,False,False
2002,Hawaii,HI,governor,"Hawaii gubernatorial election, 2002",Winning,Linda Lingle,Republican,197009,51.56,True,False
2002,Hawaii,HI,governor,"Hawaii gubernatorial election, 2002",Candidate,Mazie Hirono,Democratic,179647,47.01,False,False
2002,Hawaii,HI,governor,"Hawaii gubernatorial election, 2002",Candidate,Bu Laʻia Hill,Law,2561,0.67,False,False
2002,Hawaii,HI,governor,"Hawaii gubernatorial election, 2002",Candidate,Tracy Ryan,Libertarian,1364,0.36,False,False
2002,Hawaii,HI,governor,"Hawaii gubernatorial election, 2002",Candidate,Jim Brewer,Independent,1147,0.3,False,False
2002,Hawaii,HI,governor,"Hawaii gubernatorial election, 2002",Candidate,Daniel Cunningham,Independent,382,0.1,False,False
2002,Idaho,ID,governor,"Idaho gubernatorial election, 2002",Winning,Dirk Kempthorne (inc.),Republican,231566,56.28,True,False
2002,Idaho,ID,governor,"Idaho gubernatorial election, 2002",Candidate,Jerry Brady,Democratic,171711,41.73,False,False
2002,Idaho,ID,governor,"Idaho gubernatorial election, 2002",Candidate,Daniel L. J. Adams,Libertarian,8187,1.99,False,False
2002,Idaho,ID,governor,"Idaho gubernatorial election, 2002",Write-in,Write-ins,Write-ins,13,0.0,False,False
2002,Illinois,IL,governor,2002 Illinois gubernatorial election,Winning,Rod Blagojevich,Democratic,1847040,52.19,True,False
2002,Illinois,IL,governor,2002 Illinois gubernatorial election,Candidate,Jim Ryan,Republican,1594961,45.07,False,False
2002,Illinois,IL,governor,2002 Illinois gubernatorial election,Candidate,Cal Skinner,Libertarian,73794,2.09,False,False
2002,Illinois,IL,governor,2002 Illinois gubernatorial election,Candidate,Marisellis Brown,Independent,23089,0.65,False,False
2002,Illinois,IL,governor,2002 Illinois gubernatorial election,Candidate,Peter Dale Kauss,Write-in,8,0.0,False,False
2002,Illinois,IL,governor,2002 Illinois gubernatorial election,Total,,,3538891,100.0,False,False
2002,Iowa,IA,governor,"Iowa gubernatorial election, 2002",Winning,Tom Vilsack,Democratic,540449,52.69,True,True
2002,Iowa,IA,governor,"Iowa gubernatorial election, 2002",Candidate,Doug Gross,Republican,456612,44.51,False,False
2002,Iowa,IA,governor,"Iowa gubernatorial election, 2002",Candidate,Jay Robinson,Green,14628,1.43,False,False
2002,Iowa,IA,governor,"Iowa gubernatorial election, 2002",Candidate,Clyde Cleveland,Libertarian,13098,1.28,False,False
2002,Iowa,IA,governor,"Iowa gubernatorial election, 2002",Write-in,Write-ins,Write-ins,1025,0.1,False,False
2002,Kansas,KS,governor,"Kansas gubernatorial election, 2002",Winning,Kathleen Sebelius,Democratic,441858,52.87,True,False
2002,Kansas,KS,governor,"Kansas gubernatorial election, 2002",Candidate,Tim Shallenburger,Republican,376830,45.09,False,False
2002,Kansas,KS,governor,"Kansas gubernatorial election, 2002",Candidate,Theodore Pettibone,Reform,8907,1.07,False,False
2002,Kansas,KS,governor,"Kansas gubernatorial election, 2002",Candidate,Dennis Hawver,Libertarian,8097,0.97,False,False
2002,Maine,ME,governor,"Maine gubernatorial election, 2002",Winning,John Baldacci,Democratic,238179,47.15,True,False
2002,Maine,ME,governor,"Maine gubernatorial election, 2002",Candidate,Peter Cianchette,Republican,209496,41.47,False,False
2002,Maine,ME,governor,"Maine gubernatorial election, 2002",Candidate,Jonathan Carter,Green,46903,9.28,False,False
2002,Maine,ME,governor,"Maine gubernatorial election, 2002",Candidate,John Michael,Independent,10612,2.1,False,False
2002,Maryland,MD,governor,"Maryland gubernatorial election, 2002",Winning,Bob Ehrlich,Republican,879592,51.55,True,False
2002,Maryland,MD,governor,"Maryland gubernatorial election, 2002",Candidate,Kathleen Kennedy Townsend,Democratic,813422,47.68,False,False
2002,Maryland,MD,governor,"Maryland gubernatorial election, 2002",Candidate,Spear Lancaster,Libertarian,11546,0.68,False,False
2002,Maryland,MD,governor,"Maryland gubernatorial election, 2002",Write-in,Write-ins,Write-ins,1619,0.09,False,False
2002,Massachusetts,MA,governor,"Massachusetts gubernatorial election, 2002",Winning,Mitt Romney,Republican,1091988,49.77,True,False
2002,Massachusetts,MA,governor,"Massachusetts gubernatorial election, 2002",Candidate,Shannon O'Brien,Democratic,985981,44.94,False,False
2002,Massachusetts,MA,governor,"Massachusetts gubernatorial election, 2002",Candidate,Jill Stein,Green-rainbow,76530,3.49,False,False
2002,Massachusetts,MA,governor,"Massachusetts gubernatorial election, 2002",Candidate,Carla Howell,Libertarian,23044,1.05,False,False
2002,Massachusetts,MA,governor,"Massachusetts gubernatorial election, 2002",Candidate,Barbara Johnson,Independent,15335,0.69,False,False
2002,Massachusetts,MA,governor,"Massachusetts gubernatorial election, 2002",Candidate,Blank ballots,None,26122,1.17,False,False
2002,Massachusetts,MA,governor,"Massachusetts gubernatorial election, 2002",Write-in,,,1301,0.06,False,False
2002,Massachusetts,MA,governor,"Massachusetts gubernatorial election, 2002",Total,,,2194179,100.0,False,False
2002,Michigan,MI,governor,2002 Michigan gubernatorial election,Winning,Jennifer Granholm,Democratic,1633796,51.42,True,False
2002,Michigan,MI,governor,2002 Michigan gubernatorial election,Candidate,Dick Posthumus,Republican,1506104,47.4,False,False
2002,Michigan,MI,governor,2002 Michigan gubernatorial election,Candidate,Douglas Campbell,Green,25236,0.79,False,False
2002,Michigan,MI,governor,2002 Michigan gubernatorial election,Candidate,Joseph Pilchak,U.s. Taxpayers,12411,0.39,False,False
2002,Michigan,MI,governor,2002 Michigan gubernatorial election,Candidate,Don Mackle (write-in),,7,0.0,False,False
2002,Michigan,MI,governor,2002 Michigan gubernatorial election,Candidate,Mark Anthony McFarlin (write-in),,6,0.0,False,False
2002,Michigan,MI,governor,2002 Michigan gubernatorial election,Candidate,Angelo Scott Brown (write-in),,5,0.0,False,False
2002,Michigan,MI,governor,2002 Michigan gubernatorial election,Total,,,3177565,100.0,False,False
2002,Minnesota,MN,governor,"2002 gubernatorial election, Minnesota",Winning,Tim Pawlenty,Republican,999473,44.37,True,False
2002,Minnesota,MN,governor,"2002 gubernatorial election, Minnesota",Candidate,Roger Moe,Minnesota Democratic–farmer–labor,821268,36.46,False,False
2002,Minnesota,MN,governor,"2002 gubernatorial election, Minnesota",Candidate,Tim Penny,Independence,364534,16.18,False,False
2002,Minnesota,MN,governor,"2002 gubernatorial election, Minnesota",Candidate,Ken Pentel,Green,50589,2.25,False,False
2002,Minnesota,MN,governor,"2002 gubernatorial election, Minnesota",Candidate,Booker Hodges IV,Independent,9698,0.43,False,False
2002,Minnesota,MN,governor,"2002 gubernatorial election, Minnesota",Candidate,Kari Sachs,Workers,3026,0.14,False,False
2002,Minnesota,MN,governor,"2002 gubernatorial election, Minnesota",Candidate,Lawrence Aeshliman,Constitution,2537,0.11,False,False
2002,Minnesota,MN,governor,"2002 gubernatorial election, Minnesota",Candidate,Lealand Vettleson,,2,0.0,False,False
2002,Minnesota,MN,governor,"2002 gubernatorial election, Minnesota",Candidate,Write-ins,,1348,0.06,False,False
2002,Nevada,NV,governor,"Nevada gubernatorial election, 2002",Winning,Kenny Guinn (inc.),Republican,344001,68.24,True,False
2002,Nevada,NV,governor,"Nevada gubernatorial election, 2002",Candidate,Joe Neal,Democratic,110935,22.01,False,False
2002,Nevada,NV,governor,"Nevada gubernatorial election, 2002",Candidate,None of These Candidates,,23674,4.7,False,False
2002,Nevada,NV,governor,"Nevada gubernatorial election, 2002",Candidate,Dick Geyer,Libertarian,8104,1.61,False,False
2002,Nevada,NV,governor,"Nevada gubernatorial election, 2002",Candidate,David G. Holmgren,American,7047,1.4,False,False
2002,Nevada,NV,governor,"Nevada gubernatorial election, 2002",Candidate,Jerry L. Norton,Independent,5543,1.1,False,False
2002,Nevada,NV,governor,"Nevada gubernatorial election, 2002",Candidate,Charles Laws,Green,4775,0.95,False,False
2002,Nevada,NV,governor,"Nevada gubernatorial election, 2002",Total,,,504079,100.0,False,False
2002,New Hampshire,NH,governor,"New Hampshire gubernatorial election, 2002",Winning,Craig Benson,Republican,259663,58.62,True,False
2002,New Hampshire,NH,governor,"New Hampshire gubernatorial election, 2002",Candidate,Mark Fernald,Democratic,169277,38.21,False,False
2002,New Hampshire,NH,governor,"New Hampshire gubernatorial election, 2002",Candidate,John Babiarz,Libertarian,13028,2.94,False,False
2002,New Hampshire,NH,governor,"New Hampshire gubernatorial election, 2002",Write-in,Write-ins,Write-ins,1008,0.23,False,False
2002,New Mexico,NM,governor,2002 New Mexico gubernatorial election,Winning,Bill Richardson,Democratic,268693,55.49,True,False
2002,New Mexico,NM,governor,2002 New Mexico gubernatorial election,Candidate,John A. Sanchez,Republican,189074,39.05,False,False
2002,New Mexico,NM,governor,2002 New Mexico gubernatorial election,Candidate,David E. Bacon,Green,26465,5.47,False,False
2002,New Mexico,NM,governor,2002 New Mexico gubernatorial election,Total,,,484233,100.0,False,False
2002,New York,NY,governor,"New York gubernatorial election, 2002",Winning,George Pataki,Total,2262255,49.4,True,True
2002,New York,NY,governor,"New York gubernatorial election, 2002",Candidate,George Pataki,Republican,2085407,45.54,False,False
2002,New York,NY,governor,"New York gubernatorial election, 2002",Candidate,Carl McCall,Democratic,1442531,31.5,False,False
2002,New York,NY,governor,"New York gubernatorial election, 2002",Candidate,Tom Golisano,Independence,654016,14.28,False,False
2002,New York,NY,governor,"New York gubernatorial election, 2002",Candidate,Gerard Cronin,Life,44195,0.97,False,False
2002,New York,NY,governor,"New York gubernatorial election, 2002",Candidate,Stanley Aronowitz,Green,41797,0.91,False,False
2002,New York,NY,governor,"New York gubernatorial election, 2002",Candidate,Thomas K. Leighton,Marijuana Reform,21977,0.48,False,False
2002,New York,NY,governor,"New York gubernatorial election, 2002",Candidate,Andrew M. Cuomo (withdrawn),Liberal,15761,0.34,False,False
2002,New York,NY,governor,"New York gubernatorial election, 2002",Candidate,Scott Jeffrey,Libertarian,5013,0.11,False,False
2002,Ohio,OH,governor,"Ohio gubernatorial election, 2002",Winning,Bob Taft,Republican,1865007,57.76,True,True
2002,Ohio,OH,governor,"Ohio gubernatorial election, 2002",Candidate,Tim Hagan,Democratic,1236924,38.31,False,False
2002,Ohio,OH,governor,"Ohio gubernatorial election, 2002",Candidate,John Eastman,Independent,126686,3.92,False,False
2002,Ohio,OH,governor,"Ohio gubernatorial election, 2002",Write-in,Write-ins,Write-ins,375,0.01,False,False
2002,Oklahoma,OK,governor,2002 Oklahoma gubernatorial election,Winning,Brad Henry,Democratic,448143,43.27,True,False
2002,Oklahoma,OK,governor,2002 Oklahoma gubernatorial election,Candidate,Steve Largent,Republican,441277,42.61,False,False
2002,Oklahoma,OK,governor,2002 Oklahoma gubernatorial election,Candidate,Gary Richardson,Independent,146200,14.12,False,False
2002,Oklahoma,OK,governor,2002 Oklahoma gubernatorial election,Total,,,1035620,100.0,False,False
2002,Oregon,OR,governor,2002 Oregon gubernatorial election,Winning,Ted Kulongoski,Democratic,618004,49.03,True,False
2002,Oregon,OR,governor,2002 Oregon gubernatorial election,Candidate,Kevin Mannix,Republican,581785,46.16,False,False
2002,Oregon,OR,governor,2002 Oregon gubernatorial election,Candidate,Tom Cox,Libertarian,57760,4.58,False,False
2002,Oregon,OR,governor,2002 Oregon gubernatorial election,Candidate,Scattering,Write-in,2948,0.23,False,False
2002,Oregon,OR,governor,2002 Oregon gubernatorial election,Total,,,1260497,100.0,False,False
2002,Pennsylvania,PA,governor,"Pennsylvania gubernatorial election, 2002",Winning,Ed Rendell,Democratic,1913235,53.4,True,False
2002,Pennsylvania,PA,governor,"Pennsylvania gubernatorial election, 2002",Candidate,Mike Fisher,Republican,1589408,44.4,False,False
2002,Pennsylvania,PA,governor,"Pennsylvania gubernatorial election, 2002",Candidate,Ken V. Krawchuk,Libertarian,40923,1.14,False,False
2002,Pennsylvania,PA,governor,"Pennsylvania gubernatorial election, 2002",Candidate,Mike Morrill,Green,38423,1.07,False,False
2002,Pennsylvania,PA,governor,"Pennsylvania gubernatorial election, 2002",Total,,,40923,100.0,False,False
2002,Rhode Island,RI,governor,"Rhode Island gubernatorial election, 2002",Winning,Donald Carcieri,Republican,181827,54.76,True,False
2002,Rhode Island,RI,governor,"Rhode Island gubernatorial election, 2002",Candidate,Myrth York,Democratic,150229,45.24,False,False
2002,South Carolina,SC,governor,"South Carolina gubernatorial election, 2002",Winning,Mark Sanford,Republican,585422,52.85,True,False
2002,South Carolina,SC,governor,"South Carolina gubernatorial election, 2002",Candidate,Jim Hodges,Democratic,521140,47.05,False,True
2002,South Carolina,SC,governor,"South Carolina gubernatorial election, 2002",Write-in,,,1163,0.1,False,False
2002,South Dakota,SD,governor,"South Dakota gubernatorial election, 2002",Winning,Mike Rounds,Republican,189920,56.77,True,False
2002,South Dakota,SD,governor,"South Dakota gubernatorial election, 2002",Candidate,Jim Abbott,Democratic,140263,41.92,False,False
2002,South Dakota,SD,governor,"South Dakota gubernatorial election, 2002",Candidate,James P. Carlson,Independent,2393,0.72,False,False
2002,South Dakota,SD,governor,"South Dakota gubernatorial election, 2002",Candidate,Nathan A. Barton,Libertarian,1983,0.59,False,False
2002,Tennessee,TN,governor,2002 Tennessee gubernatorial election,Winning,Phil Bredesen,Democratic,837284,50.65,True,False
2002,Tennessee,TN,governor,2002 Tennessee gubernatorial election,Candidate,Van Hilleary,Republican,786803,47.59,False,False
2002,Tennessee,TN,governor,2002 Tennessee gubernatorial election,Candidate,Edwin C. Sanders,Independent,7749,0.47,False,False
2002,Tennessee,TN,governor,2002 Tennessee gubernatorial election,Candidate,Carl Two Feathers Whitaker,Independent,5308,0.32,False,False
2002,Tennessee,TN,governor,2002 Tennessee gubernatorial election,Candidate,John Jay Hooker,Independent,4577,0.28,False,False
2002,Tennessee,TN,governor,2002 Tennessee gubernatorial election,Candidate,David Gatchell,Independent,2991,0.18,False,False
2002,Tennessee,TN,governor,2002 Tennessee gubernatorial election,Candidate,Gabriel Givens,Independent,1591,0.1,False,False
2002,Tennessee,TN,governor,2002 Tennessee gubernatorial election,Candidate,Ray Ledford,Independent,1589,0.1,False,False
2002,Tennessee,TN,governor,2002 Tennessee gubernatorial election,Candidate,James E. Herren,Independent,1210,0.07,False,False
2002,Tennessee,TN,governor,2002 Tennessee gubernatorial election,Candidate,"Charles V. Wilhoit, Jr.",Independent,898,0.05,False,False
2002,Tennessee,TN,governor,2002 Tennessee gubernatorial election,Candidate,Marivuana Stout Leinoff,Independent,645,0.04,False,False
2002,Tennessee,TN,governor,2002 Tennessee gubernatorial election,Candidate,Francis E. Waldron,Independent,635,0.04,False,False
2002,Tennessee,TN,governor,2002 Tennessee gubernatorial election,Candidate,Ronny Simmons,Independent,630,0.04,False,False
2002,Tennessee,TN,governor,2002 Tennessee gubernatorial election,Candidate,Robert O. Watson,Independent,579,0.04,False,False
2002,Tennessee,TN,governor,2002 Tennessee gubernatorial election,Candidate,Basil Marceaux,Independent,302,0.02,False,False
2002,Tennessee,TN,governor,2002 Tennessee gubernatorial election,Write-in,Write-ins,Write-ins,376,0.02,False,False
2002,Tennessee,TN,governor,2002 Tennessee gubernatorial election,Total,,,1653167,100.0,False,False
2002,Texas,TX,governor,General election results,Winning,Rick Perry,Republican,2632591,57.81,True,True
2002,Texas,TX,governor,General election results,Candidate,Tony Sanchez,Democratic,1819798,39.96,False,False
2002,Texas,TX,governor,General election results,Candidate,Jeff Daiell,Libertarian,66720,1.47,False,False
2002,Texas,TX,governor,General election results,Candidate,Rahul Mahajan,Green,32187,0.71,False,False
2002,Texas,TX,governor,General election results,Candidate,Elaine Eure Henderson (write-in),Independent,1715,0.04,False,False
2002,Texas,TX,governor,General election results,Candidate,Earl W. O'Neil (write-in),Independent,976,0.02,False,False
2002,Texas,TX,governor,General election results,Total,,,4553987,100.0,False,False
2002,Vermont,VT,governor,2002 Vermont gubernatorial election,Winning,Jim Douglas,Republican,103436,44.94,True,False
2002,Vermont,VT,governor,2002 Vermont gubernatorial election,Candidate,Doug Racine,Democratic,97565,42.39,False,False
2002,Vermont,VT,governor,2002 Vermont gubernatorial election,Candidate,Cornelius Hogan,Independent,22353,9.71,False,False
2002,Vermont,VT,governor,2002 Vermont gubernatorial election,Candidate,Cris Ericson,Marijuana,1737,0.75,False,False
2002,Vermont,VT,governor,2002 Vermont gubernatorial election,Candidate,Michael Badamo,Progressive,1380,0.6,False,False
2002,Vermont,VT,governor,2002 Vermont gubernatorial election,Candidate,Joel Williams,Libertarian,938,0.41,False,False
2002,Vermont,VT,governor,2002 Vermont gubernatorial election,Candidate,Patricia Hejny,Grassroots,771,0.33,False,False
2002,Vermont,VT,governor,2002 Vermont gubernatorial election,Candidate,Marilynn Christian,Restore Justice-freedom,638,0.28,False,False
2002,Vermont,VT,governor,2002 Vermont gubernatorial election,Candidate,Peter Diamondstone,Union,625,0.27,False,False
2002,Vermont,VT,governor,2002 Vermont gubernatorial election,Candidate,Brian Pearl,Independent,569,0.25,False,False
2002,Vermont,VT,governor,2002 Vermont gubernatorial election,Candidate,Write-ins,Write-in,149,0.06,False,False
2002,Vermont,VT,governor,2002 Vermont gubernatorial election,Total,,,230161,100.0,False,False
2002,Wisconsin,WI,governor,2002 Wisconsin gubernatorial election,Winning,Jim Doyle,Democratic,800515,45.09,True,False
2002,Wisconsin,WI,governor,2002 Wisconsin gubernatorial election,Candidate,Scott McCallum,Republican,734779,41.39,False,True
2002,Wisconsin,WI,governor,2002 Wisconsin gubernatorial election,Candidate,Ed Thompson,Libertarian,185455,10.45,False,False
2002,Wisconsin,WI,governor,2002 Wisconsin gubernatorial election,Candidate,Jim Young,Green,44111,2.48,False,False
2002,Wisconsin,WI,governor,2002 Wisconsin gubernatorial election,Candidate,Alan D. Eisenberg,Reform,2847,0.16,False,False
2002,Wisconsin,WI,governor,2002 Wisconsin gubernatorial election,Candidate,Ty A. Bollerud,Independent,2637,0.15,False,False
2002,Wisconsin,WI,governor,2002 Wisconsin gubernatorial election,Candidate,Mike Managan,Independent,1710,0.1,False,False
2002,Wisconsin,WI,governor,2002 Wisconsin gubernatorial election,Candidate,Aneb Jah Rasta,Independent,929,0.05,False,False
2002,Wisconsin,WI,governor,2002 Wisconsin gubernatorial election,Candidate,Scattering,,2366,0.13,False,False
2002,Wisconsin,WI,governor,2002 Wisconsin gubernatorial election,Total,,,1775349,100.0,False,False
2002,Wyoming,WY,governor,"Wyoming gubernatorial election, 2002",Winning,Dave Freudenthal,Democratic,92662,49.96,True,False
2002,Wyoming,WY,governor,"Wyoming gubernatorial election, 2002",Candidate,Eli Bebout,Republican,88873,47.92,False,False
2002,Wyoming,WY,governor,"Wyoming gubernatorial election, 2002",Candidate,Dave Dawson,Libertarian,3924,2.12,False,False
2003,Kentucky,KY,governor,2003 Kentucky gubernatorial election,Winning,Ernie Fletcher,Republican,596284,55.04,True,False
2003,Kentucky,KY,governor,2003 Kentucky gubernatorial election,Candidate,"A. B. ""Ben"" Chandler",Democratic,487159,44.96,False,False
2003,Kentucky,KY,governor,2003 Kentucky gubernatorial election,Total,,,1083443,100.0,False,False
2003,Louisiana,LA,governor,"Louisiana gubernatorial election runoff, 2003",Winning,Kathleen Blanco,Democratic,731358,51.95,True,False
2003,Louisiana,LA,governor,"Louisiana gubernatorial election runoff, 2003",Candidate,Bobby Jindal,Republican,676484,48.05,False,False
2003,Louisiana,LA,governor,"Louisiana gubernatorial election runoff, 2003",Total,,,1407842,100.0,False,False
2004,Indiana,IN,governor,"Indiana gubernatorial election, 2004",Winning,Mitch Daniels/Becky Skillman,Republican,1302912,53.21,True,False
2004,Indiana,IN,governor,"Indiana gubernatorial election, 2004",Candidate,Joe Kernan/Kathy Davis (incumbents),Democratic,1113900,45.49,False,False
2004,Indiana,IN,governor,"Indiana gubernatorial election, 2004",Candidate,Kenn Gividen/Elaine Badnarik,Libertarian,31664,1.29,False,False
2004,Indiana,IN,governor,"Indiana gubernatorial election, 2004",Write-in,Write-ins,Write-ins,22,0.0,False,False
2004,Missouri,MO,governor,"Missouri gubernatorial election, 2004",Winning,Matt Blunt,Republican,1382419,50.83,True,False
2004,Missouri,MO,governor,"Missouri gubernatorial election, 2004",Candidate,Claire McCaskill,Democratic,1301442,47.85,False,False
2004,Missouri,MO,governor,"Missouri gubernatorial election, 2004",Candidate,John Swenson,Libertarian,24378,0.9,False,False
2004,Missouri,MO,governor,"Missouri gubernatorial election, 2004",Candidate,Robert Wells,Constitution,11299,0.42,False,False
2004,Montana,MT,governor,2004 Montana gubernatorial election,Winning,Brian Schweitzer,Democratic,225016,50.44,True,False
2004,Montana,MT,governor,2004 Montana gubernatorial election,Candidate,Bob Brown,Republican,205313,46.02,False,False
2004,Montana,MT,governor,2004 Montana gubernatorial election,Candidate,Bob Kelleher,Green,8393,1.88,False,False
2004,Montana,MT,governor,2004 Montana gubernatorial election,Candidate,Stanley Jones,Libertarian,7424,1.66,False,False
2004,Montana,MT,governor,2004 Montana gubernatorial election,Total,,,446146,100.0,False,False
2004,New Hampshire,NH,governor,"New Hampshire gubernatorial election, 2004",Winning,John Lynch,Democratic,340299,51.02,True,False
2004,New Hampshire,NH,governor,"New Hampshire gubernatorial election, 2004",Candidate,Craig Benson,Republican,325981,48.87,False,True
2004,New Hampshire,NH,governor,"New Hampshire gubernatorial election, 2004",Write-in,,,740,0.11,False,False
2004,New Hampshire,NH,governor,"New Hampshire gubernatorial election, 2004",Total,,,667020,100.0,False,False
2004,North Carolina,NC,governor,2004 North Carolina gubernatorial election,Candidate,Mike Easley,Democratic,1939154,55.62,False,True
2004,North Carolina,NC,governor,2004 North Carolina gubernatorial election,Candidate,Patrick J. Ballantine,Republican,1495021,42.88,False,False
2004,North Carolina,NC,governor,2004 North Carolina gubernatorial election,Candidate,Barbara Howe,Libertarian,52513,1.51,False,False
2004,North Dakota,ND,governor,"North Dakota gubernatorial election, 2004",Winning,John Hoeven,Republican,220803,71.26,True,True
2004,North Dakota,ND,governor,"North Dakota gubernatorial election, 2004",Candidate,Joe Satrom,North Dakota Democratic-npl,84877,27.39,False,False
2004,North Dakota,ND,governor,"North Dakota gubernatorial election, 2004",Candidate,Roland Riemers,Libertarian,4193,1.35,False,False
2004,Utah,UT,governor,2004 Utah gubernatorial election,Winning,Jon Huntsman Jr.,Republican,531190,57.74,True,False
2004,Utah,UT,governor,2004 Utah gubernatorial election,Candidate,Scott Matheson Jr.,Democratic,380359,41.35,False,False
2004,Utah,UT,governor,2004 Utah gubernatorial election,Candidate,Ken Larsen,Choice,8399,0.91,False,False
2004,Utah,UT,governor,2004 Utah gubernatorial election,Write-in,Write-ins,Write-ins,12,0.0,False,False
2004,Vermont,VT,governor,2004 Vermont gubernatorial election,Winning,Jim Douglas (inc.),Republican,181540,58.7,True,False
2004,Vermont,VT,governor,2004 Vermont gubernatorial election,Candidate,Peter Clavelle,Democratic,117327,37.93,False,False
2004,Vermont,VT,governor,2004 Vermont gubernatorial election,Candidate,Cris Ericson,Marijuana,4221,1.36,False,False
2004,Vermont,VT,governor,2004 Vermont gubernatorial election,Candidate,Patricia Hejny,Independent,2431,0.79,False,False
2004,Vermont,VT,governor,2004 Vermont gubernatorial election,Candidate,Hardy Machia,Libertarian,2263,0.73,False,False
2004,Vermont,VT,governor,2004 Vermont gubernatorial election,Candidate,Peter Diamondstone,Union,1298,0.42,False,False
2004,Vermont,VT,governor,2004 Vermont gubernatorial election,Candidate,Write-ins,Write-ins,205,0.07,False,False
2004,Washington,WA,governor,2004 Washington gubernatorial election,Winning,Christine Gregoire,Democratic,1373361,48.87,True,False
2004,Washington,WA,governor,2004 Washington gubernatorial election,Candidate,Dino Rossi,Republican,1373232,48.87,False,False
2004,Washington,WA,governor,2004 Washington gubernatorial election,Candidate,Ruth Bennett,Libertarian,63465,2.26,False,False
2004,Washington,WA,governor,2004 Washington gubernatorial election,Total,,,2810058,100.0,False,False
2004,West Virginia,WV,governor,"West Virginia gubernatorial election, 2004",Winning,Joe Manchin,Democratic,472758,63.51,True,False
2004,West Virginia,WV,governor,"West Virginia gubernatorial election, 2004",Candidate,Monty Warner,Republican,253131,34.0,False,False
2004,West Virginia,WV,governor,"West Virginia gubernatorial election, 2004",Candidate,Jesse Johnson,Mountain,18430,2.48,False,False
2004,West Virginia,WV,governor,"West Virginia gubernatorial election, 2004",Write-in,,,114,0.02,False,False
2004,West Virginia,WV,governor,"West Virginia gubernatorial election, 2004",Total,,,744433,,False,False
2005,New Jersey,NJ,governor,"New Jersey Gubernatorial Election, 2005",Winning,Jon Corzine,Democratic,1224551,53.47,True,False
2005,New Jersey,NJ,governor,"New Jersey Gubernatorial Election, 2005",Candidate,Doug Forrester,Republican,985271,43.02,False,False
2005,New Jersey,NJ,governor,"New Jersey Gubernatorial Election, 2005",Candidate,Hector Castillo,Independent,29452,1.29,False,False
2005,New Jersey,NJ,governor,"New Jersey Gubernatorial Election, 2005",Candidate,Jeffrey Pawlowski,Libertarian,15417,0.67,False,False
2005,New Jersey,NJ,governor,"New Jersey Gubernatorial Election, 2005",Candidate,Matthew Thieke,Green,12315,0.54,False,False
2005,New Jersey,NJ,governor,"New Jersey Gubernatorial Election, 2005",Candidate,Edward Forchion,Legalize Marijuana,9137,0.4,False,False
2005,New Jersey,NJ,governor,"New Jersey Gubernatorial Election, 2005",Candidate,Michael Latigona,Independent,5169,0.23,False,False
2005,New Jersey,NJ,governor,"New Jersey Gubernatorial Election, 2005",Candidate,Wesley Bell,Independent,4178,0.18,False,False
2005,New Jersey,NJ,governor,"New Jersey Gubernatorial Election, 2005",Candidate,Angela Lariscy,Workers,2531,0.11,False,False
2005,New Jersey,NJ,governor,"New Jersey Gubernatorial Election, 2005",Candidate,Constantino Rozzo,Socialist Party Usa,2078,0.09,False,False
2005,Virginia,VA,governor,"Virginia gubernatorial election, 2005",Winning,Tim Kaine,Democratic,1025942,51.72,True,False
2005,Virginia,VA,governor,"Virginia gubernatorial election, 2005",Candidate,Jerry Kilgore,Republican,912327,45.99,False,False
2005,Virginia,VA,governor,"Virginia gubernatorial election, 2005",Candidate,Russ Potts,Independent,43953,2.22,False,False
2005,Virginia,VA,governor,"Virginia gubernatorial election, 2005",Write-in,,,1556,0.08,False,False
2006,Alabama,AL,governor,2006 Alabama gubernatorial election,Winning,Bob Riley,Republican,718327,57.45,True,True
2006,Alabama,AL,governor,2006 Alabama gubernatorial election,Candidate,Lucy Baxley,Democratic,519827,41.57,False,False
2006,Alabama,AL,governor,2006 Alabama gubernatorial election,Write-in,,,12247,0.98,False,False
2006,Alabama,AL,governor,2006 Alabama gubernatorial election,Total,,,1250401,100.0,False,False
2006,Alaska,AK,governor,2006 Alaska gubernatorial election,Winning,Sarah Palin,Republican,114697,48.33,True,False
2006,Alaska,AK,governor,2006 Alaska gubernatorial election,Candidate,Tony Knowles,Democratic,97238,40.97,False,False
2006,Alaska,AK,governor,2006 Alaska gubernatorial election,Candidate,Andrew Halcro,Independent,22443,9.46,False,False
2006,Alaska,AK,governor,2006 Alaska gubernatorial election,Candidate,Don Wright,Independence,1285,0.54,False,False
2006,Alaska,AK,governor,2006 Alaska gubernatorial election,Candidate,Billy Toien,Libertarian,682,0.29,False,False
2006,Alaska,AK,governor,2006 Alaska gubernatorial election,Candidate,David Massie,Green,593,0.25,False,False
2006,Alaska,AK,governor,2006 Alaska gubernatorial election,Write-in,,,384,0.16,False,False
2006,Arizona,AZ,governor,2006 Arizona gubernatorial election,Winning,Janet Napolitano,Democratic,959830,62.58,True,True
2006,Arizona,AZ,governor,2006 Arizona gubernatorial election,Candidate,Len Munsil,Republican,543528,35.44,False,False
2006,Arizona,AZ,governor,2006 Arizona gubernatorial election,Candidate,Barry Hess,Libertarian,30268,1.97,False,False
2006,Arizona,AZ,governor,2006 Arizona gubernatorial election,Candidate,Arthur Ray Arvizu (write-in),Independent,10,0.0,False,False
2006,Arizona,AZ,governor,2006 Arizona gubernatorial election,Candidate,Brian Wright (write-in),Independent,6,0.0,False,False
2006,Arizona,AZ,governor,2006 Arizona gubernatorial election,Candidate,Robert B. Winn (write-in),Independent,3,0.0,False,False
2006,Arizona,AZ,governor,2006 Arizona gubernatorial election,Total,,,1533645,100.0,False,False
2006,Arkansas,AR,governor,"Arkansas gubernatorial election, 2006",Winning,Mike Beebe,Democratic,430765,55.61,True,False
2006,Arkansas,AR,governor,"Arkansas gubernatorial election, 2006",Candidate,Asa Hutchinson,Republican,315040,40.67,False,False
2006,Arkansas,AR,governor,"Arkansas gubernatorial election, 2006",Candidate,Rod Bryan,Independent,15767,2.04,False,False
2006,Arkansas,AR,governor,"Arkansas gubernatorial election, 2006",Candidate,Jim Lendall,Green,12774,1.65,False,False
2006,Arkansas,AR,governor,"Arkansas gubernatorial election, 2006",Write-in,,,334,0.04,False,False
2006,Arkansas,AR,governor,"Arkansas gubernatorial election, 2006",Total,,,774680,100.0,False,False
2006,California,CA,governor,"California gubernatorial election, 2006",Winning,Arnold Schwarzenegger,Republican,4850157,55.88,True,True
2006,California,CA,governor,"California gubernatorial election, 2006",Candidate,Phil Angelides,Democratic,3376732,38.91,False,False
2006,California,CA,governor,"California gubernatorial election, 2006",Candidate,Peter Miguel Camejo,Green,205995,2.37,False,False
2006,California,CA,governor,"California gubernatorial election, 2006",Candidate,Art Olivier,Libertarian,114329,1.32,False,False
2006,California,CA,governor,"California gubernatorial election, 2006",Candidate,Janice Jordan,Freedom,69934,0.81,False,False
2006,California,CA,governor,"California gubernatorial election, 2006",Candidate,Edward C. Noonan,Independent,61901,0.71,False,False
2006,California,CA,governor,"California gubernatorial election, 2006",Candidate,Robert Newman (write-in),Republican,219,0.0,False,False
2006,California,CA,governor,"California gubernatorial election, 2006",Candidate,James Harris (write-in),Independent,46,0.0,False,False
2006,California,CA,governor,"California gubernatorial election, 2006",Candidate,Donald Etkes (write-in),Independent,43,0.0,False,False
2006,California,CA,governor,"California gubernatorial election, 2006",Candidate,Elisha Shapiro (write-in),Independent,36,0.0,False,False
2006,California,CA,governor,"California gubernatorial election, 2006",Candidate,Vibert Greene (write-in),Independent,18,0.0,False,False
2006,California,CA,governor,"California gubernatorial election, 2006",Candidate,Dealphria Tarver (write-in),Independent,6,0.0,False,False
2006,California,CA,governor,"California gubernatorial election, 2006",Total,,,8679416,100.0,False,False
2006,Connecticut,CT,governor,2006 Connecticut gubernatorial election,Winning,Jodi Rell,Republican,710048,63.22,True,True
2006,Connecticut,CT,governor,2006 Connecticut gubernatorial election,Candidate,John DeStefano Jr.,Democratic,398220,35.45,False,False
2006,Connecticut,CT,governor,2006 Connecticut gubernatorial election,Candidate,Cliff Thornton,Green,9584,0.85,False,False
2006,Connecticut,CT,governor,2006 Connecticut gubernatorial election,Candidate,Joseph A. Zdonczyk,Citizens,5560,0.49,False,False
2006,Connecticut,CT,governor,2006 Connecticut gubernatorial election,Write-in,,,54,0.0,False,False
2006,Connecticut,CT,governor,2006 Connecticut gubernatorial election,Total,,,1123212,100.0,False,False
2006,Florida,FL,governor,2006 Florida gubernatorial election,Winning,Charlie Crist/Jeff Kottkamp,Republican,2519845,52.2,True,False
2006,Florida,FL,governor,2006 Florida gubernatorial election,Candidate,Jim Davis/Daryl Jones,Democratic,2178289,45.1,False,False
2006,Florida,FL,governor,2006 Florida gubernatorial election,Candidate,Max Linn,Reform,92595,1.9,False,False
2006,Florida,FL,governor,2006 Florida gubernatorial election,Candidate,John Wayne Smith,Independent,15987,0.3,False,False
2006,Florida,FL,governor,2006 Florida gubernatorial election,Candidate,Richard Paul Dembinsky,Independent,11921,0.2,False,False
2006,Florida,FL,governor,2006 Florida gubernatorial election,Candidate,Karl C.C. Behm,Independent,10487,0.2,False,False
2006,Florida,FL,governor,2006 Florida gubernatorial election,Write-in,Write-ins,Write-ins,147,0.0,False,False
2006,Georgia,GA,governor,"Georgia gubernatorial election, 2006",Winning,Sonny Perdue,Republican,1229724,57.95,True,True
2006,Georgia,GA,governor,"Georgia gubernatorial election, 2006",Candidate,Mark Taylor,Democratic,811049,38.22,False,False
2006,Georgia,GA,governor,"Georgia gubernatorial election, 2006",Candidate,Garrett Michael Hayes,Libertarian,81412,3.83,False,False
2006,Hawaii,HI,governor,"Hawaii gubernatorial election, 2006",Winning,Linda Lingle,Republican,215313,62.53,True,True
2006,Hawaii,HI,governor,"Hawaii gubernatorial election, 2006",Candidate,Randy Iwase,Democratic,121717,35.35,False,False
2006,Hawaii,HI,governor,"Hawaii gubernatorial election, 2006",Candidate,"James Brewer, Jr.",Green,5435,1.58,False,False
2006,Hawaii,HI,governor,"Hawaii gubernatorial election, 2006",Candidate,Ozell Daniel,Libertarian,1850,0.54,False,False
2006,Idaho,ID,governor,"Idaho gubernatorial election, 2006",Winning,Butch Otter,Republican,237437,52.67,True,False
2006,Idaho,ID,governor,"Idaho gubernatorial election, 2006",Candidate,Jerry Brady,Democratic,198845,44.11,False,False
2006,Idaho,ID,governor,"Idaho gubernatorial election, 2006",Candidate,Marvin Richardson,Constitution,7309,1.62,False,False
2006,Idaho,ID,governor,"Idaho gubernatorial election, 2006",Candidate,Ted Dunlap,Libertarian,7241,1.61,False,False
2006,Illinois,IL,governor,2006 Illinois gubernatorial election,Winning,Rod Blagojevich,Democratic,1736731,49.79,True,True
2006,Illinois,IL,governor,2006 Illinois gubernatorial election,Candidate,Judy Baar Topinka,Republican,1369315,39.26,False,False
2006,Illinois,IL,governor,2006 Illinois gubernatorial election,Candidate,Rich Whitney,Green,361336,10.36,False,False
2006,Illinois,IL,governor,2006 Illinois gubernatorial election,Write-in,,,20607,0.59,False,False
2006,Illinois,IL,governor,2006 Illinois gubernatorial election,Total,,,3487989,100.0,False,False
2006,Iowa,IA,governor,"Iowa gubernatorial election, 2006",Winning,Chet Culver,Democratic,569021,54.02,True,False
2006,Iowa,IA,governor,"Iowa gubernatorial election, 2006",Candidate,Jim Nussle,Republican,467425,44.38,False,False
2006,Iowa,IA,governor,"Iowa gubernatorial election, 2006",Candidate,Wendy Barth,Green,7850,0.75,False,False
2006,Iowa,IA,governor,"Iowa gubernatorial election, 2006",Candidate,Kevin Litten,Libertarian,5735,0.54,False,False
2006,Iowa,IA,governor,"Iowa gubernatorial election, 2006",Candidate,Mary Martin,Workers,1974,0.19,False,False
2006,Iowa,IA,governor,"Iowa gubernatorial election, 2006",Write-in,Write-ins,Write-ins,1250,0.12,False,False
2006,Kansas,KS,governor,"Kansas gubernatorial election, 2006",Winning,Kathleen Sebelius,Democratic,491993,57.9,True,True
2006,Kansas,KS,governor,"Kansas gubernatorial election, 2006",Candidate,Jim Barnett,Republican,343586,40.44,False,False
2006,Kansas,KS,governor,"Kansas gubernatorial election, 2006",Candidate,Carl Kramer,Libertarian,8896,1.05,False,False
2006,Kansas,KS,governor,"Kansas gubernatorial election, 2006",Candidate,Richard Lee Ranzau,Reform,5221,0.61,False,False
2006,Kansas,KS,governor,"Kansas gubernatorial election, 2006",Write-in,,,4,0.0,False,False
2006,Maine,ME,governor,"Maine gubernatorial election, 2006",Winning,John Baldacci,Democratic,209927,38.11,True,True
2006,Maine,ME,governor,"Maine gubernatorial election, 2006",Candidate,Chandler Woodcock,Republican,166425,30.21,False,False
2006,Maine,ME,governor,"Maine gubernatorial election, 2006",Candidate,Barbara Merrill,Independent,118715,21.55,False,False
2006,Maine,ME,governor,"Maine gubernatorial election, 2006",Candidate,Pat LaMarche,Green,52690,9.56,False,False
2006,Maine,ME,governor,"Maine gubernatorial election, 2006",Candidate,Phillip Morris Napier,Independent,3108,0.56,False,False
2006,Maryland,MD,governor,"Maryland gubernatorial election, 2006",Winning,Martin O'Malley,Democratic,942279,52.69,True,False
2006,Maryland,MD,governor,"Maryland gubernatorial election, 2006",Candidate,Bob Ehrlich,Republican,825464,46.16,False,True
2006,Maryland,MD,governor,"Maryland gubernatorial election, 2006",Candidate,Ed Boyd,Green,15551,0.87,False,False
2006,Maryland,MD,governor,"Maryland gubernatorial election, 2006",Candidate,Christopher Driscoll,Populist,3481,0.19,False,False
2006,Maryland,MD,governor,"Maryland gubernatorial election, 2006",Write-in,,,1541,0.09,False,False
2006,Maryland,MD,governor,"Maryland gubernatorial election, 2006",Total,,,1788316,100.0,False,False
2006,Massachusetts,MA,governor,2006 Massachusetts gubernatorial election,Winning,Deval Patrick,Democratic,1234984,55.03,True,False
2006,Massachusetts,MA,governor,2006 Massachusetts gubernatorial election,Candidate,Kerry Healey,Republican,784342,34.95,False,False
2006,Massachusetts,MA,governor,2006 Massachusetts gubernatorial election,Candidate,Christy Mihos,Independent,154628,6.89,False,False
2006,Massachusetts,MA,governor,2006 Massachusetts gubernatorial election,Candidate,Grace Ross,Green-rainbow,43193,1.92,False,False
2006,Massachusetts,MA,governor,2006 Massachusetts gubernatorial election,Candidate,All others,Write-in,2632,0.12,False,False
2006,Massachusetts,MA,governor,2006 Massachusetts gubernatorial election,Candidate,Blank,,24056,,False,False
2006,Massachusetts,MA,governor,2006 Massachusetts gubernatorial election,Total,,,2219779,,False,False
2006,Michigan,MI,governor,2006 Michigan gubernatorial election,Winning,Jennifer Granholm,Democratic,2142513,56.36,True,True
2006,Michigan,MI,governor,2006 Michigan gubernatorial election,Candidate,Dick DeVos,Republican,1608086,42.3,False,False
2006,Michigan,MI,governor,2006 Michigan gubernatorial election,Candidate,Greg Creswell,Libertarian,23524,0.62,False,False
2006,Michigan,MI,governor,2006 Michigan gubernatorial election,Candidate,Douglas Campbell,Green,20009,0.53,False,False
2006,Michigan,MI,governor,2006 Michigan gubernatorial election,Candidate,Bhagwan Dashairya,Constitution,7087,0.19,False,False
2006,Michigan,MI,governor,2006 Michigan gubernatorial election,Write-in,,,37,0.0,False,False
2006,Minnesota,MN,governor,"Minnesota gubernatorial election, 2006",Winning,Tim Pawlenty,Republican,1028568,46.69,True,True
2006,Minnesota,MN,governor,"Minnesota gubernatorial election, 2006",Candidate,Mike Hatch,Minnesota Democratic-farmer-labor,1007460,45.73,False,False
2006,Minnesota,MN,governor,"Minnesota gubernatorial election, 2006",Candidate,Peter Hutchinson,Independence,141735,6.43,False,False
2006,Minnesota,MN,governor,"Minnesota gubernatorial election, 2006",Candidate,Ken Pentel,Green,10800,0.49,False,False
2006,Minnesota,MN,governor,"Minnesota gubernatorial election, 2006",Candidate,Walt E. Brown,Independent,9649,0.44,False,False
2006,Minnesota,MN,governor,"Minnesota gubernatorial election, 2006",Candidate,Leslie Davis,American Party (1969),3776,0.17,False,False
2006,Minnesota,MN,governor,"Minnesota gubernatorial election, 2006",Write-in,,,949,0.04,False,False
2006,Minnesota,MN,governor,"Minnesota gubernatorial election, 2006",Total,,,2202937,100.0,False,False
2006,Nebraska,NE,governor,"Nebraska gubernatorial election, 2006",Winning,Dave Heineman,Republican,435507,73.4,True,True
2006,Nebraska,NE,governor,"Nebraska gubernatorial election, 2006",Candidate,David Hahn,Democratic,145115,24.46,False,False
2006,Nebraska,NE,governor,"Nebraska gubernatorial election, 2006",Candidate,Barry Richards,Nebraska,8953,1.51,False,False
2006,Nebraska,NE,governor,"Nebraska gubernatorial election, 2006",Candidate,Mort Sullivan,Independent,3782,0.64,False,False
2006,Nevada,NV,governor,"Nevada gubernatorial election, 2006",Winning,Jim Gibbons,Republican,279003,47.93,True,False
2006,Nevada,NV,governor,"Nevada gubernatorial election, 2006",Candidate,Dina Titus,Democratic,255684,43.92,False,False
2006,Nevada,NV,governor,"Nevada gubernatorial election, 2006",Candidate,None of These Candidates,,20699,3.56,False,False
2006,Nevada,NV,governor,"Nevada gubernatorial election, 2006",Candidate,Christopher H. Hansen,American,20019,3.44,False,False
2006,Nevada,NV,governor,"Nevada gubernatorial election, 2006",Candidate,Craig Bergland,Green,6753,1.16,False,False
2006,Nevada,NV,governor,"Nevada gubernatorial election, 2006",Total,,,582158,100.0,False,False
2006,New Hampshire,NH,governor,"New Hampshire gubernatorial election, 2006",Winning,John Lynch,Democratic,298677,74.01,True,True
2006,New Hampshire,NH,governor,"New Hampshire gubernatorial election, 2006",Candidate,Jim Coburn,Republican,104223,25.83,False,False
2006,New Hampshire,NH,governor,"New Hampshire gubernatorial election, 2006",Candidate,Richard Kahn (write-in),Libertarian,323,0.08,False,False
2006,New Hampshire,NH,governor,"New Hampshire gubernatorial election, 2006",Write-in,Write-ins,Write-ins,557,0.08,False,False
2006,New Mexico,NM,governor,2006 New Mexico gubernatorial election,Winning,Bill Richardson,Democratic,384806,68.82,True,True
2006,New Mexico,NM,governor,2006 New Mexico gubernatorial election,Candidate,John Dendahl,Republican,174364,31.18,False,False
2006,New Mexico,NM,governor,2006 New Mexico gubernatorial election,Total,,,559170,100.0,False,False
2006,Ohio,OH,governor,"Ohio gubernatorial election, 2006",Winning,Ted Strickland,Democratic,2435505,60.54,True,False
2006,Ohio,OH,governor,"Ohio gubernatorial election, 2006",Candidate,Ken Blackwell,Republican,1474331,36.65,False,False
2006,Ohio,OH,governor,"Ohio gubernatorial election, 2006",Candidate,Bill Peirce,Libertarian,71473,1.78,False,False
2006,Ohio,OH,governor,"Ohio gubernatorial election, 2006",Candidate,Bob Fitrakis,Green,40967,1.02,False,False
2006,Ohio,OH,governor,"Ohio gubernatorial election, 2006",Write-in,,,652,0.02,False,False
2006,Oklahoma,OK,governor,2006 Oklahoma gubernatorial election,Winning,Brad Henry,Democratic,616135,66.5,True,True
2006,Oklahoma,OK,governor,2006 Oklahoma gubernatorial election,Candidate,Ernest Istook,Republican,310327,33.5,False,False
2006,Oklahoma,OK,governor,2006 Oklahoma gubernatorial election,Total,,,926462,100.0,False,False
2006,Oregon,OR,governor,2006 Oregon gubernatorial election,Winning,Ted Kulongoski (inc.),Democratic,699786,50.73,True,False
2006,Oregon,OR,governor,2006 Oregon gubernatorial election,Candidate,Ron Saxton,Republican,589748,42.75,False,False
2006,Oregon,OR,governor,2006 Oregon gubernatorial election,Candidate,Mary Starrett,Constitution,50229,3.64,False,False
2006,Oregon,OR,governor,2006 Oregon gubernatorial election,Candidate,Joe Keating,Green,20030,1.45,False,False
2006,Oregon,OR,governor,2006 Oregon gubernatorial election,Candidate,Richard Morley,Libertarian,16798,1.22,False,False
2006,Oregon,OR,governor,2006 Oregon gubernatorial election,Candidate,Scattering,Write-in,2884,0.21,False,False
2006,Oregon,OR,governor,2006 Oregon gubernatorial election,Total,,,1379475,100.0,False,False
2006,Pennsylvania,PA,governor,"Pennsylvania gubernatorial election, 2006",Winning,Ed Rendell,Democratic,2470517,60.33,True,True
2006,Pennsylvania,PA,governor,"Pennsylvania gubernatorial election, 2006",Candidate,Lynn Swann,Republican,1622135,39.61,False,False
2006,Pennsylvania,PA,governor,"Pennsylvania gubernatorial election, 2006",Write-in,,,2670,0.06,False,False
2006,Pennsylvania,PA,governor,"Pennsylvania gubernatorial election, 2006",Total,,,4095322,100.0,False,False
2006,Rhode Island,RI,governor,"Rhode Island gubernatorial election, 2006",Winning,Donald Carcieri,Republican,197306,51.01,True,True
2006,Rhode Island,RI,governor,"Rhode Island gubernatorial election, 2006",Candidate,Charles J. Fogarty,Democratic,189503,48.99,False,False
2006,South Dakota,SD,governor,"South Dakota gubernatorial election, 2006",Winning,Mike Rounds,Republican,206990,61.69,True,True
2006,South Dakota,SD,governor,"South Dakota gubernatorial election, 2006",Candidate,Jack Billion,Democratic,121226,36.13,False,False
2006,South Dakota,SD,governor,"South Dakota gubernatorial election, 2006",Candidate,Steven J. Willis,Constitution,4010,1.2,False,False
2006,South Dakota,SD,governor,"South Dakota gubernatorial election, 2006",Candidate,Tom Gerber,Libertarian,3282,0.98,False,False
2006,Tennessee,TN,governor,2006 Tennessee gubernatorial election,Winning,Phil Bredesen,Democratic,1247491,68.6,True,True
2006,Tennessee,TN,governor,2006 Tennessee gubernatorial election,Candidate,Jim Bryson,Republican,540853,29.74,False,False
2006,Tennessee,TN,governor,2006 Tennessee gubernatorial election,Candidate,Carl Two Feathers Whitaker,Independent,11374,0.63,False,False
2006,Tennessee,TN,governor,2006 Tennessee gubernatorial election,Candidate,George Banks,Independent,7531,0.41,False,False
2006,Tennessee,TN,governor,2006 Tennessee gubernatorial election,Candidate,Charles E. Smith,Independent,4083,0.22,False,False
2006,Tennessee,TN,governor,2006 Tennessee gubernatorial election,Candidate,Howard W. Switzer,Independent,2711,0.15,False,False
2006,Tennessee,TN,governor,2006 Tennessee gubernatorial election,Candidate,David Gatchell,Independent,2385,0.13,False,False
2006,Tennessee,TN,governor,2006 Tennessee gubernatorial election,Candidate,Marivuana Stout Leinoff,Independent,2114,0.12,False,False
2006,Tennessee,TN,governor,2006 Tennessee gubernatorial election,Write-in,,,7,0.0,False,False
2006,Texas,TX,governor,2006 Texas gubernatorial election,Winning,Rick Perry,Republican,1716803,39.03,True,True
2006,Texas,TX,governor,2006 Texas gubernatorial election,Candidate,Chris Bell,Democratic,1310353,29.79,False,False
2006,Texas,TX,governor,2006 Texas gubernatorial election,Candidate,Carole Keeton Strayhorn,Independent,797577,18.13,False,False
2006,Texas,TX,governor,2006 Texas gubernatorial election,Candidate,"Richard ""Kinky"" Friedman",Independent,546869,12.43,False,False
2006,Texas,TX,governor,2006 Texas gubernatorial election,Candidate,James Werner,Libertarian,26748,0.61,False,False
2006,Texas,TX,governor,2006 Texas gubernatorial election,Candidate,"James ""Patriot"" Dillon (write-in)",Write-ins,718,0.02,False,False
2006,Vermont,VT,governor,2006 Vermont gubernatorial election,Winning,Jim Douglas,Republican,148014,56.36,True,True
2006,Vermont,VT,governor,2006 Vermont gubernatorial election,Candidate,Scudder Parker,Democratic,108090,41.16,False,False
2006,Vermont,VT,governor,2006 Vermont gubernatorial election,Candidate,Cris Ericson,Independent,2477,0.94,False,False
2006,Vermont,VT,governor,2006 Vermont gubernatorial election,Candidate,Jim Hogue,Green,1936,0.74,False,False
2006,Vermont,VT,governor,2006 Vermont gubernatorial election,Candidate,Benjamin Clarke,Independent,1216,0.46,False,False
2006,Vermont,VT,governor,2006 Vermont gubernatorial election,Candidate,Robert Skold,Union,638,0.24,False,False
2006,Vermont,VT,governor,2006 Vermont gubernatorial election,Write-in,Write-ins,Write-ins,153,0.06,False,False
2006,Wisconsin,WI,governor,2006 Wisconsin gubernatorial election,Winning,Jim Doyle,Democratic,1139115,52.7,True,True
2006,Wisconsin,WI,governor,2006 Wisconsin gubernatorial election,Candidate,Mark Green,Republican,979427,45.31,False,False
2006,Wisconsin,WI,governor,2006 Wisconsin gubernatorial election,Candidate,Nelson Eisman,Green,40709,1.88,False,False
2006,Wisconsin,WI,governor,2006 Wisconsin gubernatorial election,Candidate,Scattering,,2449,0.11,False,False
2006,Wisconsin,WI,governor,2006 Wisconsin gubernatorial election,Total,,,2161700,100.0,False,False
2006,Wyoming,WY,governor,"Wyoming gubernatorial election, 2006",Winning,Dave Freudenthal,Democratic,135516,69.99,True,True
2006,Wyoming,WY,governor,"Wyoming gubernatorial election, 2006",Candidate,Ray Hunkins,Republican,58100,30.01,False,False
2006,Wyoming,WY,governor,"Wyoming gubernatorial election, 2006",Total,,,193616,100.0,False,False
2007,Kentucky,KY,governor,2007 Kentucky gubernatorial election,Winning,Steven L. Beshear,Democratic,619552,58.71,True,False
2007,Kentucky,KY,governor,2007 Kentucky gubernatorial election,Candidate,Ernie Fletcher,Republican,435773,41.29,False,True
2007,Kentucky,KY,governor,2007 Kentucky gubernatorial election,Total,,,1055325,100.0,False,False
2008,Delaware,DE,governor,2008 Delaware gubernatorial election,Winning,Jack Markell,Democratic,266861,67.52,True,False
2008,Delaware,DE,governor,2008 Delaware gubernatorial election,Candidate,Bill Lee,Republican,126662,32.05,False,False
2008,Delaware,DE,governor,2008 Delaware gubernatorial election,Candidate,Jeffrey Brown,Enigma,1681,0.43,False,False
2008,Delaware,DE,governor,2008 Delaware gubernatorial election,Total,,,395204,100.0,False,False
2008,Indiana,IN,governor,2008 Indiana gubernatorial election,Winning,Mitch Daniels/Becky Skillman,Republican,1563885,57.84,True,True
2008,Indiana,IN,governor,2008 Indiana gubernatorial election,Candidate,Jill Long Thompson/Dennie Oxley,Democratic,1082463,40.04,False,False
2008,Indiana,IN,governor,2008 Indiana gubernatorial election,Candidate,Andy Horning,Libertarian,57376,2.12,False,False
2008,Indiana,IN,governor,2008 Indiana gubernatorial election,Candidate,Write-Ins,No,27,0.0,False,False
2008,Missouri,MO,governor,2008 Missouri gubernatorial election,Winning,Jay Nixon,Democratic,1680611,58.4,True,False
2008,Missouri,MO,governor,2008 Missouri gubernatorial election,Candidate,Kenny Hulshof,Republican,1136364,39.49,False,False
2008,Missouri,MO,governor,2008 Missouri gubernatorial election,Candidate,Andrew Finkenstadt,Libertarian,31850,1.11,False,False
2008,Missouri,MO,governor,2008 Missouri gubernatorial election,Candidate,Gregory Thompson,Constitution,28941,1.01,False,False
2008,Missouri,MO,governor,2008 Missouri gubernatorial election,Write-in,,,12,0.0,False,False
2008,Montana,MT,governor,2008 Montana gubernatorial election,Winning,Brian Schweitzer,Democratic,318670,65.47,True,True
2008,Montana,MT,governor,2008 Montana gubernatorial election,Candidate,Roy Brown,Republican,158268,32.52,False,False
2008,Montana,MT,governor,2008 Montana gubernatorial election,Candidate,Stan Jones,Libertarian,9796,2.01,False,False
2008,Montana,MT,governor,2008 Montana gubernatorial election,Total,,,486734,100.0,False,False
2008,New Hampshire,NH,governor,2008 New Hampshire gubernatorial election,Winning,John Lynch,Democratic,479042,70.15,True,True
2008,New Hampshire,NH,governor,2008 New Hampshire gubernatorial election,Candidate,Joseph Kenney,Republican,188555,27.61,False,False
2008,New Hampshire,NH,governor,2008 New Hampshire gubernatorial election,Candidate,Susan Newell,Libertarian,14987,2.19,False,False
2008,New Hampshire,NH,governor,2008 New Hampshire gubernatorial election,Write-in,,,326,0.05,False,False
2008,New Hampshire,NH,governor,2008 New Hampshire gubernatorial election,Total,,,682910,100.0,False,False
2008,North Carolina,NC,governor,"North Carolina gubernatorial election, 2008",Winning,Bev Perdue,Democratic,2146189,50.27,True,False
2008,North Carolina,NC,governor,"North Carolina gubernatorial election, 2008",Candidate,Pat McCrory,Republican,2001168,46.88,False,False
2008,North Carolina,NC,governor,"North Carolina gubernatorial election, 2008",Candidate,Michael C. Munger,Libertarian,121584,2.85,False,False
2008,North Dakota,ND,governor,"North Dakota gubernatorial election, 2008",Winning,John Hoeven,Republican,235009,74.44,True,True
2008,North Dakota,ND,governor,"North Dakota gubernatorial election, 2008",Candidate,Tim Mathern,North Dakota Democratic-npl,74279,23.53,False,False
2008,North Dakota,ND,governor,"North Dakota gubernatorial election, 2008",Candidate,DuWayne Hendrickson,Independent,6404,2.03,False,False
2008,Utah,UT,governor,2008 Utah gubernatorial election,Winning,Jon Huntsman Jr.,Republican,735049,77.63,True,True
2008,Utah,UT,governor,2008 Utah gubernatorial election,Candidate,Bob Springmeyer,Democratic,186503,19.72,False,False
2008,Utah,UT,governor,2008 Utah gubernatorial election,Candidate,Dell Schanze,Libertarian,24820,2.62,False,False
2008,Utah,UT,governor,2008 Utah gubernatorial election,Candidate,Bob Doughton,Write-in,153,0.02,False,False
2008,Utah,UT,governor,2008 Utah gubernatorial election,Total,,,945525,100.0,False,False
2008,Vermont,VT,governor,2008 Vermont gubernatorial election,Winning,Jim Douglas,Republican,170492,53.43,True,True
2008,Vermont,VT,governor,2008 Vermont gubernatorial election,Candidate,Anthony Pollina,Independent,69791,21.87,False,False
2008,Vermont,VT,governor,2008 Vermont gubernatorial election,Candidate,Gaye Symington,Democratic,69534,21.79,False,False
2008,Vermont,VT,governor,2008 Vermont gubernatorial election,Candidate,Tony O'Connor,Independent,3106,0.97,False,False
2008,Vermont,VT,governor,2008 Vermont gubernatorial election,Candidate,Sam Young,Independent,2490,0.78,False,False
2008,Vermont,VT,governor,2008 Vermont gubernatorial election,Candidate,Pete Diamondstone,Union,1710,0.54,False,False
2008,Vermont,VT,governor,2008 Vermont gubernatorial election,Candidate,Cris Ericson,Independent,1704,0.53,False,False
2008,Vermont,VT,governor,2008 Vermont gubernatorial election,Candidate,write-ins,,258,0.08,False,False
2008,Washington,WA,governor,2008 Washington gubernatorial election,Winning,Christine Gregoire,Democratic,1598738,53.24,True,True
2008,Washington,WA,governor,2008 Washington gubernatorial election,Candidate,Dino Rossi,Republican,1404124,46.76,False,False
2008,Washington,WA,governor,2008 Washington gubernatorial election,Total,,,3002862,100.0,False,False
2008,West Virginia,WV,governor,"West Virginia gubernatorial election, 2008",Winning,Joe Manchin,Democratic,492697,69.81,True,True
2008,West Virginia,WV,governor,"West Virginia gubernatorial election, 2008",Candidate,Russ Weeks,Republican,181612,25.73,False,False
2008,West Virginia,WV,governor,"West Virginia gubernatorial election, 2008",Candidate,Jesse Johnson,Mountain,31486,4.46,False,False
2008,West Virginia,WV,governor,"West Virginia gubernatorial election, 2008",Total,,,705795,100.0,False,False
2009,New Jersey,NJ,governor,"New Jersey gubernatorial election, 2009",Winning,Chris Christie,Republican,1174445,48.46,True,False
2009,New Jersey,NJ,governor,"New Jersey gubernatorial election, 2009",Candidate,Jon Corzine,Democratic,1087731,44.88,False,True
2009,New Jersey,NJ,governor,"New Jersey gubernatorial election, 2009",Candidate,Chris Daggett,Independent,139579,5.76,False,False
2009,New Jersey,NJ,governor,"New Jersey gubernatorial election, 2009",Candidate,Kenneth R. Kaplan,Libertarian,4830,0.2,False,False
2009,New Jersey,NJ,governor,"New Jersey gubernatorial election, 2009",Candidate,Gary T. Steele,Independent,3585,0.15,False,False
2009,New Jersey,NJ,governor,"New Jersey gubernatorial election, 2009",Candidate,Jason Cullen,Independent,2869,0.12,False,False
2009,New Jersey,NJ,governor,"New Jersey gubernatorial election, 2009",Candidate,David R. Meiswinkle,Independent,2598,0.11,False,False
2009,New Jersey,NJ,governor,"New Jersey gubernatorial election, 2009",Candidate,Kostas Petris,Independent,2563,0.11,False,False
2009,New Jersey,NJ,governor,"New Jersey gubernatorial election, 2009",Candidate,Gregory Pason,Socialist Party Usa,2085,0.09,False,False
2009,New Jersey,NJ,governor,"New Jersey gubernatorial election, 2009",Candidate,Gary Stein,Independent,1625,0.07,False,False
2009,New Jersey,NJ,governor,"New Jersey gubernatorial election, 2009",Candidate,Joshua Leinsdorf,Independent,1021,0.04,False,False
2009,New Jersey,NJ,governor,"New Jersey gubernatorial election, 2009",Candidate,"Alvin Lindsay, Jr.",Independent,753,0.03,False,False
2009,Virginia,VA,governor,"Virginia gubernatorial election, 2009",Winning,Bob McDonnell,Republican,1163651,58.61,True,False
2009,Virginia,VA,governor,"Virginia gubernatorial election, 2009",Candidate,Creigh Deeds,Democratic,818950,41.25,False,False
2009,Virginia,VA,governor,"Virginia gubernatorial election, 2009",Write-in,,,2502,0.12,False,False
2010,Alabama,AL,governor,2010 Alabama gubernatorial election,Winning,Robert J. Bentley,Republican,860472.0,57.58,True,False
2010,Alabama,AL,governor,2010 Alabama gubernatorial election,Candidate,Ron Sparks,Democratic,625710.0,41.87,False,False
2010,Alabama,AL,governor,2010 Alabama gubernatorial election,Write-in,,,8091.0,0.54,False,False
2010,Alabama,AL,governor,2010 Alabama gubernatorial election,Total,,,1494273.0,100.0,False,False
2010,Alaska,AK,governor,2010 Alaska gubernatorial election,Winning,Sean Parnell,Republican,151318.0,59.06,True,True
2010,Alaska,AK,governor,2010 Alaska gubernatorial election,Candidate,Ethan Berkowitz,Democratic,96519.0,37.67,False,False
2010,Alaska,AK,governor,2010 Alaska gubernatorial election,Candidate,Don Wright,Independence,4775.0,1.86,False,False
2010,Alaska,AK,governor,2010 Alaska gubernatorial election,Candidate,Billy Toien,Libertarian,2682.0,1.05,False,False
2010,Alaska,AK,governor,2010 Alaska gubernatorial election,Write-in,Write-in Votes,Write-in Votes,898.0,0.35,False,False
2010,Arizona,AZ,governor,"Arizona gubernatorial election, 2010",Winning,Janice Kay Brewer (inc.),Republican,938934.0,54.33,True,False
2010,Arizona,AZ,governor,"Arizona gubernatorial election, 2010",Candidate,Samuel Pearson Goddard III,Democratic,733935.0,42.43,False,False
2010,Arizona,AZ,governor,"Arizona gubernatorial election, 2010",Candidate,Barry Hess,Libertarian,38722.0,2.24,False,False
2010,Arizona,AZ,governor,"Arizona gubernatorial election, 2010",Candidate,Larry Gist,Green,16128.0,0.93,False,False
2010,Arizona,AZ,governor,"Arizona gubernatorial election, 2010",Write-in,Write-ins,Write-ins,362.0,0.02,False,False
2010,Arkansas,AR,governor,"Arkansas gubernatorial election, 2010",Winning,Mike Beebe,Democratic,503336.0,64.42,True,True
2010,Arkansas,AR,governor,"Arkansas gubernatorial election, 2010",Candidate,Jim Keet,Republican,262784.0,33.63,False,False
2010,Arkansas,AR,governor,"Arkansas gubernatorial election, 2010",Candidate,Jim Lendall,Green,14513.0,1.86,False,False
2010,Arkansas,AR,governor,"Arkansas gubernatorial election, 2010",Write-in,,,700.0,0.09,False,False
2010,Arkansas,AR,governor,"Arkansas gubernatorial election, 2010",Total,,,781333.0,100.0,False,False
2010,California,CA,governor,"California gubernatorial election, 2010",Winning,Jerry Brown,Democratic,5428149.0,53.77,True,False
2010,California,CA,governor,"California gubernatorial election, 2010",Candidate,Meg Whitman,Republican,4127391.0,40.88,False,False
2010,California,CA,governor,"California gubernatorial election, 2010",Candidate,Chelene Nightingale,Independent,166312.0,1.65,False,False
2010,California,CA,governor,"California gubernatorial election, 2010",Candidate,Dale Ogden,Libertarian,150895.0,1.49,False,False
2010,California,CA,governor,"California gubernatorial election, 2010",Candidate,Laura Wells,Green,129224.0,1.28,False,False
2010,California,CA,governor,"California gubernatorial election, 2010",Candidate,Carlos Alvarez,Freedom,92851.0,0.92,False,False
2010,California,CA,governor,"California gubernatorial election, 2010",Write-in,,,363.0,0.0,False,False
2010,California,CA,governor,"California gubernatorial election, 2010",Total,,,10095185.0,100.0,False,False
2010,Colorado,CO,governor,2010 Colorado gubernatorial election,Winning,John Hickenlooper,Democratic,915436.0,51.05,True,False
2010,Colorado,CO,governor,2010 Colorado gubernatorial election,Candidate,Tom Tancredo,Constitution,652376.0,36.38,False,False
2010,Colorado,CO,governor,2010 Colorado gubernatorial election,Candidate,Dan Maes,Republican,199792.0,11.14,False,False
2010,Colorado,CO,governor,2010 Colorado gubernatorial election,Candidate,Jaimes Brown,Libertarian,13365.0,0.75,False,False
2010,Colorado,CO,governor,2010 Colorado gubernatorial election,Candidate,Jason R. Clark,Independent,8601.0,0.48,False,False
2010,Colorado,CO,governor,2010 Colorado gubernatorial election,Candidate,Paul Noel Fiorino,Independent,3492.0,0.19,False,False
2010,Colorado,CO,governor,2010 Colorado gubernatorial election,Write-in,Write-ins,Write-ins,86.0,0.0,False,False
2010,Connecticut,CT,governor,2010 Connecticut gubernatorial election,Winning,Dannel Malloy,Total,567278.0,49.51,True,False
2010,Connecticut,CT,governor,2010 Connecticut gubernatorial election,Candidate,Dannel Malloy,Democratic,540970.0,47.21,False,False
2010,Connecticut,CT,governor,2010 Connecticut gubernatorial election,Candidate,Thomas C. Foley,Republican,560874.0,48.95,False,False
2010,Connecticut,CT,governor,2010 Connecticut gubernatorial election,Candidate,Thomas E. Marsh,Independent,17629.0,1.54,False,False
2010,Connecticut,CT,governor,2010 Connecticut gubernatorial election,Write-in,,,18.0,0.0,False,False
2010,Connecticut,CT,governor,2010 Connecticut gubernatorial election,Total,,,1145799.0,100.0,False,False
2010,Florida,FL,governor,2010 Florida gubernatorial election,Winning,Rick Scott,Republican,2619335.0,48.87,True,False
2010,Florida,FL,governor,2010 Florida gubernatorial election,Candidate,Alex Sink,Democratic,2557785.0,47.72,False,False
2010,Florida,FL,governor,2010 Florida gubernatorial election,Candidate,Peter Allen,Independence,123831.0,2.31,False,False
2010,Florida,FL,governor,2010 Florida gubernatorial election,Candidate,C. C. Reed,Independent,18842.0,0.35,False,False
2010,Florida,FL,governor,2010 Florida gubernatorial election,Candidate,Michael E. Arth,Independent,18644.0,0.35,False,False
2010,Florida,FL,governor,2010 Florida gubernatorial election,Candidate,Daniel Imperato,Independent,13690.0,0.26,False,False
2010,Florida,FL,governor,2010 Florida gubernatorial election,Candidate,Farid Khavari,Independent,7487.0,0.14,False,False
2010,Florida,FL,governor,2010 Florida gubernatorial election,Write-in,Write-ins,Write-ins,121.0,0.0,False,False
2010,Georgia,GA,governor,2010 Georgia gubernatorial election,Winning,Nathan Deal,Republican,1365832.0,53.02,True,False
2010,Georgia,GA,governor,2010 Georgia gubernatorial election,Candidate,Roy Barnes,Democratic,1107011.0,42.97,False,False
2010,Georgia,GA,governor,2010 Georgia gubernatorial election,Candidate,John Monds,Libertarian,103194.0,4.01,False,False
2010,Georgia,GA,governor,2010 Georgia gubernatorial election,Write-in,,,124.0,0.0,False,False
2010,Georgia,GA,governor,2010 Georgia gubernatorial election,Total,,,2576161.0,100.0,False,False
2010,Guamanian,GU,governor,2010 Guam gubernatorial election,Winning,Edward J.B. Calvo/Raymond S. Tenorio,Republican,20066.0,50.61,True,False
2010,Guamanian,GU,governor,2010 Guam gubernatorial election,Candidate,Carl T.C. Gutierrez/Frank B. Aguon Jr.,Democratic,19579.0,49.39,False,False
2010,Guamanian,GU,governor,2010 Guam gubernatorial election,Total,,,,,False,False
2010,Hawaii,HI,governor,2010 Hawaii gubernatorial election,Winning,Neil Abercrombie,Democratic,222724.0,58.22,True,False
2010,Hawaii,HI,governor,2010 Hawaii gubernatorial election,Candidate,Duke Aiona,Republican,157311.0,41.12,False,False
2010,Hawaii,HI,governor,2010 Hawaii gubernatorial election,Candidate,Daniel Cunningham,Energy,1265.0,0.33,False,False
2010,Hawaii,HI,governor,2010 Hawaii gubernatorial election,Candidate,Tom Pollard,Independent,1263.0,0.33,False,False
2010,Idaho,ID,governor,2010 Idaho gubernatorial election,Candidate,Butch Otter,Republican,267483.0,59.11,False,True
2010,Idaho,ID,governor,2010 Idaho gubernatorial election,Candidate,Keith G. Allred,Democratic,148680.0,32.85,False,False
2010,Idaho,ID,governor,2010 Idaho gubernatorial election,Candidate,Jana M. Kemp,Independent,26655.0,5.89,False,False
2010,Idaho,ID,governor,2010 Idaho gubernatorial election,Candidate,Ted Dunlap,Libertarian,5867.0,1.3,False,False
2010,Idaho,ID,governor,2010 Idaho gubernatorial election,Candidate,Pro-Life,Independent,3850.0,0.85,False,False
2010,Illinois,IL,governor,2010 Illinois gubernatorial election,Winning,Pat Quinn (incumbent)/Sheila Simon,Democratic,1745219.0,46.79,True,False
2010,Illinois,IL,governor,2010 Illinois gubernatorial election,Candidate,Bill Brady/Jason Plummer,Republican,1713385.0,45.94,False,False
2010,Illinois,IL,governor,2010 Illinois gubernatorial election,Candidate,Scott Lee Cohen,Independent,135705.0,3.64,False,False
2010,Illinois,IL,governor,2010 Illinois gubernatorial election,Candidate,Rich Whitney/Donald Crawford,Green,100756.0,2.7,False,False
2010,Illinois,IL,governor,2010 Illinois gubernatorial election,Candidate,Lex Green,Libertarian,34681.0,0.93,False,False
2010,Illinois,IL,governor,2010 Illinois gubernatorial election,Total,,,3729746.0,100.0,False,False
2010,Iowa,IA,governor,2010 Iowa gubernatorial election,Winning,Terry Branstad,Republican,592494.0,52.81,True,False
2010,Iowa,IA,governor,2010 Iowa gubernatorial election,Candidate,Chet Culver,Democratic,484798.0,43.21,False,True
2010,Iowa,IA,governor,2010 Iowa gubernatorial election,Candidate,Jonathan Narcisse,Iowa,20859.0,1.86,False,False
2010,Iowa,IA,governor,2010 Iowa gubernatorial election,Candidate,Eric Cooper,Libertarian,14398.0,1.28,False,False
2010,Iowa,IA,governor,2010 Iowa gubernatorial election,Candidate,Gregory Hughes,Independent,3884.0,0.35,False,False
2010,Iowa,IA,governor,2010 Iowa gubernatorial election,Candidate,David Rosenfeld,Workers,2757.0,0.25,False,False
2010,Iowa,IA,governor,2010 Iowa gubernatorial election,Write-in,,,2823.0,0.25,False,False
2010,Iowa,IA,governor,2010 Iowa gubernatorial election,Total,,,1122013.0,100.0,False,False
2010,Kansas,KS,governor,2010 Kansas gubernatorial election,Winning,Sam Brownback,Republican,530760.0,63.28,True,False
2010,Kansas,KS,governor,2010 Kansas gubernatorial election,Candidate,Tom Holland,Democratic,270166.0,32.21,False,False
2010,Kansas,KS,governor,2010 Kansas gubernatorial election,Candidate,Andrew P. Gray,Libertarian,22460.0,2.68,False,False
2010,Kansas,KS,governor,2010 Kansas gubernatorial election,Candidate,Kenneth W. Cannon,Reform,15397.0,1.84,False,False
2010,Kansas,KS,governor,2010 Kansas gubernatorial election,Write-in,Write-ins,Write-ins,7.0,0.0,False,False
2010,Maine,ME,governor,"2010 Gubernatorial Election, Maine",Winning,Paul LePage,Republican,218065.0,37.56,True,False
2010,Maine,ME,governor,"2010 Gubernatorial Election, Maine",Candidate,Eliot Cutler,Independent,208270.0,35.88,False,False
2010,Maine,ME,governor,"2010 Gubernatorial Election, Maine",Candidate,Libby Mitchell,Democratic,109387.0,18.84,False,False
2010,Maine,ME,governor,"2010 Gubernatorial Election, Maine",Candidate,Shawn Moody,Independent,28756.0,4.95,False,False
2010,Maine,ME,governor,"2010 Gubernatorial Election, Maine",Candidate,Kevin Scott,Independent,5664.0,0.98,False,False
2010,Maryland,MD,governor,2010 Maryland gubernatorial election,Winning,Martin O'Malley,Democratic,1044961.0,56.24,True,True
2010,Maryland,MD,governor,2010 Maryland gubernatorial election,Candidate,Bob Ehrlich,Republican,776319.0,41.79,False,False
2010,Maryland,MD,governor,2010 Maryland gubernatorial election,Candidate,Susan Gaztanaga,Libertarian,14137.0,0.76,False,False
2010,Maryland,MD,governor,2010 Maryland gubernatorial election,Candidate,Maria Allwine,Green,11825.0,0.64,False,False
2010,Maryland,MD,governor,2010 Maryland gubernatorial election,Candidate,Eric Knowles,Constitution,8612.0,0.46,False,False
2010,Maryland,MD,governor,2010 Maryland gubernatorial election,Write-in,Write-ins,Write-ins,2026.0,0.11,False,False
2010,Michigan,MI,governor,2010 Michigan gubernatorial election,Winning,Rick Snyder,Republican,1874834.0,58.11,True,False
2010,Michigan,MI,governor,2010 Michigan gubernatorial election,Candidate,Virg Bernero,Democratic,1287320.0,39.9,False,False
2010,Michigan,MI,governor,2010 Michigan gubernatorial election,Candidate,Ken Proctor,Libertarian,22390.0,0.69,False,False
2010,Michigan,MI,governor,2010 Michigan gubernatorial election,Candidate,Stacey Mathia,Taxpayers,20818.0,0.65,False,False
2010,Michigan,MI,governor,2010 Michigan gubernatorial election,Candidate,Harley Mikkelson,Green,20699.0,0.64,False,False
2010,Michigan,MI,governor,2010 Michigan gubernatorial election,Write-in,Write-ins,Write-ins,27.0,0.0,False,False
2010,Minnesota,MN,governor,"2010 gubernatorial election results, Minnesota",Winning,Mark Dayton,Minnesota Democratic–farmer–labor,919232.0,43.63,True,False
2010,Minnesota,MN,governor,"2010 gubernatorial election results, Minnesota",Candidate,Tom Emmer,Republican,910462.0,43.21,False,False
2010,Minnesota,MN,governor,"2010 gubernatorial election results, Minnesota",Candidate,Tom Horner,Independence,251487.0,11.94,False,False
2010,Minnesota,MN,governor,"2010 gubernatorial election results, Minnesota",Candidate,Chris Wright,Grassroots,7516.0,0.36,False,False
2010,Minnesota,MN,governor,"2010 gubernatorial election results, Minnesota",Candidate,Farheen Hakeem,Green,6188.0,0.29,False,False
2010,Minnesota,MN,governor,"2010 gubernatorial election results, Minnesota",Candidate,Ken Pentel,Democracy,6180.0,0.29,False,False
2010,Minnesota,MN,governor,"2010 gubernatorial election results, Minnesota",Candidate,Linda Eno,Resource,4092.0,0.19,False,False
2010,Minnesota,MN,governor,"2010 gubernatorial election results, Minnesota",Write-in,Write-ins,Write-ins,1864.0,0.09,False,False
2010,Minnesota,MN,governor,"2010 gubernatorial election results, Minnesota",Total,,,2106979.0,100.0,False,False
2010,Minnesota,MN,governor,"2010 gubernatorial election results, Minnesota",Winning,Mark Dayton/Yvonne Prettner Solon,Minnesota Democratic–farmer–labor,919232.0,43.63,True,False
2010,Minnesota,MN,governor,"2010 gubernatorial election results, Minnesota",Candidate,Tom Emmer/Annette Meeks,Republican,910462.0,43.21,False,False
2010,Minnesota,MN,governor,"2010 gubernatorial election results, Minnesota",Candidate,Tom Horner/Jim Mulder,Independence,251487.0,11.94,False,False
2010,Nebraska,NE,governor,2010 Nebraska gubernatorial election,Winning,Dave Heineman (inc.),Republican,360645.0,73.9,True,False
2010,Nebraska,NE,governor,2010 Nebraska gubernatorial election,Candidate,Mike Meister,Democratic,127343.0,26.1,False,False
2010,Nebraska,NE,governor,2010 Nebraska gubernatorial election,Total,,,487988.0,100.0,False,False
2010,Nevada,NV,governor,"Nevada gubernatorial election, 2010",Winning,Brian Sandoval,Republican,382350.0,53.36,True,False
2010,Nevada,NV,governor,"Nevada gubernatorial election, 2010",Candidate,Rory Reid,Democratic,298171.0,41.61,False,False
2010,Nevada,NV,governor,"Nevada gubernatorial election, 2010",Candidate,None of These Candidates,,12231.0,1.71,False,False
2010,Nevada,NV,governor,"Nevada gubernatorial election, 2010",Candidate,Eugene DiSimone,Independent,6403.0,0.89,False,False
2010,Nevada,NV,governor,"Nevada gubernatorial election, 2010",Candidate,Floyd Fitzgibbons,American,5049.0,0.7,False,False
2010,Nevada,NV,governor,"Nevada gubernatorial election, 2010",Candidate,"Arthur Forest Lampitt, Jr.",Libertarian,4672.0,0.65,False,False
2010,Nevada,NV,governor,"Nevada gubernatorial election, 2010",Candidate,David Scott Curtis,Green,4437.0,0.62,False,False
2010,Nevada,NV,governor,"Nevada gubernatorial election, 2010",Candidate,Aaron Y. Honig,Independent,3216.0,0.45,False,False
2010,Nevada,NV,governor,"Nevada gubernatorial election, 2010",Total,,,716529.0,100.0,False,False
2010,New Hampshire,NH,governor,2010 New Hampshire gubernatorial election,Winning,John Lynch,Democratic,240346.0,52.63,True,True
2010,New Hampshire,NH,governor,2010 New Hampshire gubernatorial election,Candidate,John Stephen,Republican,205616.0,45.03,False,False
2010,New Hampshire,NH,governor,2010 New Hampshire gubernatorial election,Candidate,John Babiarz,Libertarian,10089.0,2.21,False,False
2010,New Hampshire,NH,governor,2010 New Hampshire gubernatorial election,Write-in,,,537.0,0.01,False,False
2010,New Hampshire,NH,governor,2010 New Hampshire gubernatorial election,Total,,,456588.0,100.0,False,False
2010,New Mexico,NM,governor,2010 New Mexico gubernatorial election,Winning,Susana Martinez,Republican,321219.0,53.29,True,False
2010,New Mexico,NM,governor,2010 New Mexico gubernatorial election,Candidate,Diane Denish,Democratic,280614.0,46.55,False,False
2010,New Mexico,NM,governor,2010 New Mexico gubernatorial election,Candidate,Kenneth A. Gomez (write-in),Republican,994.0,0.16,False,False
2010,New Mexico,NM,governor,2010 New Mexico gubernatorial election,Total,,,602827.0,100.0,False,False
2010,Ohio,OH,governor,2010 Ohio gubernatorial election,Winning,John Kasich,Republican,1889186.0,49.04,True,False
2010,Ohio,OH,governor,2010 Ohio gubernatorial election,Candidate,Ted Strickland,Democratic,1812059.0,47.04,False,True
2010,Ohio,OH,governor,2010 Ohio gubernatorial election,Candidate,Ken Matesz,Libertarian,92116.0,2.39,False,False
2010,Ohio,OH,governor,2010 Ohio gubernatorial election,Candidate,Dennis Spisak,Green,58475.0,1.52,False,False
2010,Ohio,OH,governor,2010 Ohio gubernatorial election,Write-in,,,633.0,0.02,False,False
2010,Ohio,OH,governor,2010 Ohio gubernatorial election,Total,,,3852469.0,100.0,False,False
2010,Oklahoma,OK,governor,2010 Oklahoma gubernatorial election,Winning,Mary Fallin,Republican,625506.0,60.45,True,False
2010,Oklahoma,OK,governor,2010 Oklahoma gubernatorial election,Candidate,Jari Askins,Democratic,409261.0,39.55,False,False
2010,Oklahoma,OK,governor,2010 Oklahoma gubernatorial election,Total,,,1034767.0,100.0,False,False
2010,Oregon,OR,governor,2010 Oregon gubernatorial election,Winning,John Kitzhaber,Democratic,716525.0,49.29,True,False
2010,Oregon,OR,governor,2010 Oregon gubernatorial election,Candidate,Chris Dudley,Republican,694287.0,47.76,False,False
2010,Oregon,OR,governor,2010 Oregon gubernatorial election,Candidate,Greg Kord,Constitution,20475.0,1.41,False,False
2010,Oregon,OR,governor,2010 Oregon gubernatorial election,Candidate,Wes Wagner,Libertarian,19048.0,1.31,False,False
2010,Oregon,OR,governor,2010 Oregon gubernatorial election,Write-in,Write-ins,Write-ins,3213.0,0.22,False,False
2010,Pennsylvania,PA,governor,"Pennsylvania gubernatorial election, 2010",Winning,Tom Corbett,Republican,2172763.0,54.49,True,False
2010,Pennsylvania,PA,governor,"Pennsylvania gubernatorial election, 2010",Candidate,Dan Onorato,Democratic,1814788.0,45.51,False,False
2010,Pennsylvania,PA,governor,"Pennsylvania gubernatorial election, 2010",Total,,,3987551.0,100.0,False,False
2010,Rhode Island,RI,governor,"Rhode Island gubernatorial election, 2010",Winning,Lincoln Chafee,Independent,123571.0,36.1,True,False
2010,Rhode Island,RI,governor,"Rhode Island gubernatorial election, 2010",Candidate,John Robitaille,Republican,114911.0,33.57,False,False
2010,Rhode Island,RI,governor,"Rhode Island gubernatorial election, 2010",Candidate,Frank Caprio,Democratic,78896.0,23.05,False,False
2010,Rhode Island,RI,governor,"Rhode Island gubernatorial election, 2010",Candidate,Ken Block,Moderate,22146.0,6.47,False,False
2010,Rhode Island,RI,governor,"Rhode Island gubernatorial election, 2010",Candidate,Joeseph Lusi,Independent,1091.0,0.32,False,False
2010,Rhode Island,RI,governor,"Rhode Island gubernatorial election, 2010",Candidate,Todd Giroux,Independent,882.0,0.26,False,False
2010,Rhode Island,RI,governor,"Rhode Island gubernatorial election, 2010",Candidate,Ronald Algieri,Independent,793.0,0.23,False,False
2010,South Carolina,SC,governor,"South Carolina gubernatorial election, 2010",Winning,Nikki Haley,Republican,690525.0,51.37,True,False
2010,South Carolina,SC,governor,"South Carolina gubernatorial election, 2010",Candidate,Vincent Sheheen,Democratic,630534.0,46.91,False,False
2010,South Carolina,SC,governor,"South Carolina gubernatorial election, 2010",Candidate,Morgan B. Reeves,Citizens,20114.0,1.5,False,False
2010,South Carolina,SC,governor,"South Carolina gubernatorial election, 2010",Write-in,Write-ins,Write-ins,3025.0,0.23,False,False
2010,South Dakota,SD,governor,2010 South Dakota gubernatorial election,Winning,Dennis Daugaard,Republican,195046.0,61.51,True,False
2010,South Dakota,SD,governor,2010 South Dakota gubernatorial election,Candidate,Scott Heidepriem,Democratic,122037.0,38.49,False,False
2010,South Dakota,SD,governor,2010 South Dakota gubernatorial election,Total,,,317083.0,100.0,False,False
2010,Tennessee,TN,governor,2010 Tennessee gubernatorial election,Winning,Bill Haslam,Republican,1041545.0,65.03,True,False
2010,Tennessee,TN,governor,2010 Tennessee gubernatorial election,Candidate,Mike McWherter,Democratic,529851.0,33.08,False,False
2010,Tennessee,TN,governor,2010 Tennessee gubernatorial election,Candidate,Carl Twofeathers Whitaker,Independent,6536.0,0.41,False,False
2010,Tennessee,TN,governor,2010 Tennessee gubernatorial election,Candidate,Brandon Dodds,Independent,4728.0,0.29,False,False
2010,Tennessee,TN,governor,2010 Tennessee gubernatorial election,Candidate,Bayron Binkley,Independent,4663.0,0.29,False,False
2010,Tennessee,TN,governor,2010 Tennessee gubernatorial election,Candidate,June Griffin,Independent,2587.0,0.16,False,False
2010,Tennessee,TN,governor,2010 Tennessee gubernatorial election,Candidate,Linda Kay Perry,Independent,2057.0,0.13,False,False
2010,Tennessee,TN,governor,2010 Tennessee gubernatorial election,Candidate,Howard M. Switzer,Independent,1887.0,0.12,False,False
2010,Tennessee,TN,governor,2010 Tennessee gubernatorial election,Candidate,Samuel David Duck,Independent,1755.0,0.11,False,False
2010,Tennessee,TN,governor,2010 Tennessee gubernatorial election,Candidate,Thomas Smith II,Independent,1207.0,0.07,False,False
2010,Tennessee,TN,governor,2010 Tennessee gubernatorial election,Candidate,Toni K. Hall,Independent,993.0,0.06,False,False
2010,Tennessee,TN,governor,2010 Tennessee gubernatorial election,Candidate,David Gatchell,Independent,859.0,0.05,False,False
2010,Tennessee,TN,governor,2010 Tennessee gubernatorial election,Candidate,Boyce T. McCall,Independent,828.0,0.05,False,False
2010,Tennessee,TN,governor,2010 Tennessee gubernatorial election,Candidate,James Reesor,Independent,809.0,0.05,False,False
2010,Tennessee,TN,governor,2010 Tennessee gubernatorial election,Candidate,Mike Knois,Independent,600.0,0.03,False,False
2010,Tennessee,TN,governor,2010 Tennessee gubernatorial election,Candidate,Donald Ray McFolin,Independent,583.0,0.03,False,False
2010,Tennessee,TN,governor,2010 Tennessee gubernatorial election,Candidate,Write-Ins (3 candidates),Independent,61.0,0.0,False,False
2010,Texas,TX,governor,2010 Texas gubernatorial election,Winning,Rick Perry,Republican,2737481.0,54.97,True,True
2010,Texas,TX,governor,2010 Texas gubernatorial election,Candidate,Bill White,Democratic,2106395.0,42.3,False,False
2010,Texas,TX,governor,2010 Texas gubernatorial election,Candidate,Kathie Glass,Libertarian,109211.0,2.19,False,False
2010,Texas,TX,governor,2010 Texas gubernatorial election,Candidate,Deb Shafto,Green,19516.0,0.39,False,False
2010,Texas,TX,governor,2010 Texas gubernatorial election,Candidate,Andy Barron (write-in),Independent,7267.0,0.15,False,False
2010,Utah,UT,governor,2010 Utah special gubernatorial election,Winning,Gary Herbert,Republican,412151.0,64.07,True,True
2010,Utah,UT,governor,2010 Utah special gubernatorial election,Candidate,Peter Corroon,Democratic,205246.0,31.9,False,False
2010,Utah,UT,governor,2010 Utah special gubernatorial election,Candidate,Farley Anderson,Independent,13038.0,2.03,False,False
2010,Utah,UT,governor,2010 Utah special gubernatorial election,Candidate,W. Andrew McCullough,Libertarian,12871.0,2.0,False,False
2010,Utah,UT,governor,2010 Utah special gubernatorial election,Candidate,Michael William Heath,Write-in,1.0,0.0,False,False
2010,Utah,UT,governor,2010 Utah special gubernatorial election,Total,,,643307.0,100.0,False,False
2010,Vermont,VT,governor,2010 Vermont gubernatorial election,Winning,Peter Shumlin,Democratic,119543.0,49.48,True,False
2010,Vermont,VT,governor,2010 Vermont gubernatorial election,Candidate,Brian Dubie,Republican,115212.0,47.69,False,False
2010,Vermont,VT,governor,2010 Vermont gubernatorial election,Candidate,Dennis Steele,Independent,1917.0,0.79,False,False
2010,Vermont,VT,governor,2010 Vermont gubernatorial election,Candidate,Cris Ericson,Marijuana,1819.0,0.75,False,False
2010,Vermont,VT,governor,2010 Vermont gubernatorial election,Candidate,Dan Feliciano,Independent,1341.0,0.56,False,False
2010,Vermont,VT,governor,2010 Vermont gubernatorial election,Candidate,Emily Peyton,Independent,684.0,0.28,False,False
2010,Vermont,VT,governor,2010 Vermont gubernatorial election,Candidate,Ben Mitchell,Union,429.0,0.18,False,False
2010,Vermont,VT,governor,2010 Vermont gubernatorial election,Write-in,,,660.0,0.27,False,False
2010,Vermont,VT,governor,2010 Vermont gubernatorial election,Total,,,241605.0,100.0,False,False
2010,Wisconsin,WI,governor,2010 Wisconsin gubernatorial election,Winning,Scott Walker,Republican,1128941.0,52.25,True,False
2010,Wisconsin,WI,governor,2010 Wisconsin gubernatorial election,Candidate,Tom Barrett,Democratic,1004303.0,46.48,False,False
2010,Wisconsin,WI,governor,2010 Wisconsin gubernatorial election,Candidate,Jim Langer,Independent,10608.0,0.49,False,False
2010,Wisconsin,WI,governor,2010 Wisconsin gubernatorial election,Candidate,James James,Common Sense,8273.0,0.38,False,False
2010,Wisconsin,WI,governor,2010 Wisconsin gubernatorial election,Candidate,No Candidate,Libertarian,6790.0,0.31,False,False
2010,Wisconsin,WI,governor,2010 Wisconsin gubernatorial election,Candidate,Patricia Messicci (write-in),Independent,22.0,0.0,False,False
2010,Wisconsin,WI,governor,2010 Wisconsin gubernatorial election,Candidate,Leslie Ervin Smetak (write-in),Independent,19.0,0.0,False,False
2010,Wisconsin,WI,governor,2010 Wisconsin gubernatorial election,Candidate,Hari Trivedi (write-in),Independent,18.0,0.0,False,False
2010,Wisconsin,WI,governor,2010 Wisconsin gubernatorial election,Candidate,Scattering,,1858.0,0.09,False,False
2010,Wisconsin,WI,governor,2010 Wisconsin gubernatorial election,Total,,,2160832.0,100.0,False,False
2010,Wyoming,WY,governor,2010 Wyoming gubernatorial election,Winning,Matt Mead,Republican,123780.0,65.68,True,False
2010,Wyoming,WY,governor,2010 Wyoming gubernatorial election,Candidate,Leslie Petersen,Democratic,43240.0,22.94,False,False
2010,Wyoming,WY,governor,2010 Wyoming gubernatorial election,Candidate,Taylor Haynes,Independent,13796.0,7.32,False,False
2010,Wyoming,WY,governor,2010 Wyoming gubernatorial election,Candidate,Mike Wheeler,Libertarian,5362.0,2.85,False,False
2010,Wyoming,WY,governor,2010 Wyoming gubernatorial election,Write-in,,,2285.0,1.21,False,False
2011,Kentucky,KY,governor,2011 Kentucky gubernatorial election,Winning,Steven L. Beshear,Democratic,464245,55.72,True,True
2011,Kentucky,KY,governor,2011 Kentucky gubernatorial election,Candidate,David L. Williams,Republican,294034,35.29,False,False
2011,Kentucky,KY,governor,2011 Kentucky gubernatorial election,Candidate,Gatewood Galbraith,Independent,74860,8.99,False,False
2011,Kentucky,KY,governor,2011 Kentucky gubernatorial election,Total,,,833139,100.0,False,False
2011,Louisiana,LA,governor,"Louisiana gubernatorial election results, 2011",Winning,Bobby Jindal,Republican,673239,65.8,True,True
2011,Louisiana,LA,governor,"Louisiana gubernatorial election results, 2011",Candidate,Tara Hollis,Democratic,182925,17.88,False,False
2011,Louisiana,LA,governor,"Louisiana gubernatorial election results, 2011",Candidate,Cary Deaton,Democratic,50071,4.89,False,False
2011,Louisiana,LA,governor,"Louisiana gubernatorial election results, 2011",Candidate,Trey Roberts,Democratic,33280,3.25,False,False
2011,Louisiana,LA,governor,"Louisiana gubernatorial election results, 2011",Candidate,David Blanchard,Independent,26705,2.61,False,False
2011,Louisiana,LA,governor,"Louisiana gubernatorial election results, 2011",Candidate,Niki Bird Papazoglakis,Democratic,21885,2.14,False,False
2011,Louisiana,LA,governor,"Louisiana gubernatorial election results, 2011",Candidate,Scott Lewis,Libertarian,12528,1.22,False,False
2011,Louisiana,LA,governor,"Louisiana gubernatorial election results, 2011",Candidate,Bob Lang,Independent,9109,0.89,False,False
2011,Louisiana,LA,governor,"Louisiana gubernatorial election results, 2011",Candidate,Ron Ceasar,Independent,8179,0.8,False,False
2011,Louisiana,LA,governor,"Louisiana gubernatorial election results, 2011",Candidate,Lenny Bollingham,Independent,5242,0.51,False,False
2011,Louisiana,LA,governor,"Louisiana gubernatorial election results, 2011",Total,,,1023163,100.0,False,False
2011,West Virginia,WV,governor,"West Virginia gubernatorial special election official results, 2011",Winning,Earl Ray Tomblin,Democratic,149202,49.55,True,True
2011,West Virginia,WV,governor,"West Virginia gubernatorial special election official results, 2011",Candidate,Bill Maloney,Republican,141656,47.05,False,False
2011,West Virginia,WV,governor,"West Virginia gubernatorial special election official results, 2011",Candidate,Bob Henry Baber,Mountain,6083,2.02,False,False
2011,West Virginia,WV,governor,"West Virginia gubernatorial special election official results, 2011",Candidate,Marla Ingels,Independent,2875,0.95,False,False
2011,West Virginia,WV,governor,"West Virginia gubernatorial special election official results, 2011",Candidate,Harry Bertram,Position,1111,0.37,False,False
2011,West Virginia,WV,governor,"West Virginia gubernatorial special election official results, 2011",Candidate,Phil Hudok,Write-in Candidate,76,0.03,False,False
2011,West Virginia,WV,governor,"West Virginia gubernatorial special election official results, 2011",Candidate,Donald Lee Underwood,Write-in Candidate,54,0.02,False,False
2011,West Virginia,WV,governor,"West Virginia gubernatorial special election official results, 2011",Candidate,"John R. ""Rick"" Bartlett",Write-in Candidate,27,0.01,False,False
2011,West Virginia,WV,governor,"West Virginia gubernatorial special election official results, 2011",Total,,,301084,100.0,False,False
2012,Delaware,DE,governor,"Delaware gubernatorial election, 2012",Winning,Jack Markell,Democratic,275993,69.34,True,True
2012,Delaware,DE,governor,"Delaware gubernatorial election, 2012",Candidate,Jeff Cragg,Republican,113793,28.59,False,False
2012,Delaware,DE,governor,"Delaware gubernatorial election, 2012",Candidate,Mark Perri,Green,4575,1.15,False,False
2012,Delaware,DE,governor,"Delaware gubernatorial election, 2012",Candidate,Jesse McVay,Libertarian,3668,0.92,False,False
2012,Delaware,DE,governor,"Delaware gubernatorial election, 2012",Total,,,398029,100.0,False,False
2012,Indiana,IN,governor,"Indiana gubernatorial election, 2012",Winning,Mike Pence/Sue Ellspermann,Republican,1275424,49.49,True,False
2012,Indiana,IN,governor,"Indiana gubernatorial election, 2012",Candidate,John R. Gregg/Vi Simpson,Democratic,1200016,46.56,False,False
2012,Indiana,IN,governor,"Indiana gubernatorial election, 2012",Candidate,Rupert Boneham,Libertarian,101868,3.95,False,False
2012,Indiana,IN,governor,"Indiana gubernatorial election, 2012",Candidate,Donnie Harold Harris (write-in),Independent,21,0.0,False,False
2012,Indiana,IN,governor,"Indiana gubernatorial election, 2012",Total,,,2577329,100.0,False,False
2012,Missouri,MO,governor,"Missouri gubernatorial election, 2012",Winning,Jay Nixon,Democratic,1494056,54.77,True,True
2012,Missouri,MO,governor,"Missouri gubernatorial election, 2012",Candidate,Dave Spence,Republican,1160265,42.53,False,False
2012,Missouri,MO,governor,"Missouri gubernatorial election, 2012",Candidate,Jim Higgins,Libertarian,73509,2.7,False,False
2012,Missouri,MO,governor,"Missouri gubernatorial election, 2012",Write-in,,,53,0.0,False,False
2012,Missouri,MO,governor,"Missouri gubernatorial election, 2012",Total,,,2727883,100.0,False,False
2012,Montana,MT,governor,2012 Montana gubernatorial election,Winning,Steve Bullock,Democratic,236450,48.9,True,False
2012,Montana,MT,governor,2012 Montana gubernatorial election,Candidate,Rick Hill,Republican,228879,47.34,False,False
2012,Montana,MT,governor,2012 Montana gubernatorial election,Candidate,Ron Vandevender,Libertarian,18160,3.76,False,False
2012,Montana,MT,governor,2012 Montana gubernatorial election,Total,,,483489,100.0,False,False
2012,New Hampshire,NH,governor,2012 New Hampshire gubernatorial election,Winning,Maggie Hassan,Democratic,378934,54.61,True,False
2012,New Hampshire,NH,governor,2012 New Hampshire gubernatorial election,Candidate,Ovide Lamontagne,Republican,295026,42.52,False,False
2012,New Hampshire,NH,governor,2012 New Hampshire gubernatorial election,Candidate,John J. Babiarz,Libertarian,19251,2.77,False,False
2012,New Hampshire,NH,governor,2012 New Hampshire gubernatorial election,Write-in,,,666,0.1,False,False
2012,New Hampshire,NH,governor,2012 New Hampshire gubernatorial election,Total,,,693877,100.0,False,False
2012,North Carolina,NC,governor,2012 North Carolina gubernatorial election,Winning,Pat McCrory,Republican,2440707,54.62,True,False
2012,North Carolina,NC,governor,2012 North Carolina gubernatorial election,Candidate,Walter Dalton,Democratic,1931580,43.23,False,False
2012,North Carolina,NC,governor,2012 North Carolina gubernatorial election,Candidate,Barbara Howe,Libertarian,94652,2.12,False,False
2012,North Carolina,NC,governor,2012 North Carolina gubernatorial election,Write-in,,,1356,0.03,False,False
2012,North Carolina,NC,governor,2012 North Carolina gubernatorial election,Total,,,4468295,100.0,False,False
2012,North Dakota,ND,governor,"North Dakota gubernatorial election, 2012",Winning,Jack Dalrymple,Republican,200525,63.1,True,True
2012,North Dakota,ND,governor,"North Dakota gubernatorial election, 2012",Candidate,Ryan Taylor,North Dakota Democratic-npl,109048,34.31,False,False
2012,North Dakota,ND,governor,"North Dakota gubernatorial election, 2012",Candidate,Paul Sorum,Independent,5356,1.69,False,False
2012,North Dakota,ND,governor,"North Dakota gubernatorial election, 2012",Candidate,Roland Riemers,Independent,2618,0.82,False,False
2012,North Dakota,ND,governor,"North Dakota gubernatorial election, 2012",Write-in,,,267,0.08,False,False
2012,North Dakota,ND,governor,"North Dakota gubernatorial election, 2012",Total,,,317814,100.0,False,False
2012,Utah,UT,governor,2012 Utah gubernatorial election,Winning,Gary Herbert,Republican,688592,68.41,True,True
2012,Utah,UT,governor,2012 Utah gubernatorial election,Candidate,Peter Cooke,Democratic,277622,27.58,False,False
2012,Utah,UT,governor,2012 Utah gubernatorial election,Candidate,Ken Larsen,Libertarian,22611,2.25,False,False
2012,Utah,UT,governor,2012 Utah gubernatorial election,Candidate,Kirk D. Pearson,Constitution,17696,1.76,False,False
2012,Utah,UT,governor,2012 Utah gubernatorial election,Candidate,Dennis C. Owen,Write-in,2,0.0,False,False
2012,Utah,UT,governor,2012 Utah gubernatorial election,Candidate,David J. Cannon,Write-in,1,0.0,False,False
2012,Utah,UT,governor,2012 Utah gubernatorial election,Total,,,1006524,100.0,False,False
2012,Vermont,VT,governor,2012 Vermont gubernatorial election,Winning,Peter Shumlin,Democratic,170749,57.8,True,True
2012,Vermont,VT,governor,2012 Vermont gubernatorial election,Candidate,Randy Brock,Republican,110940,37.55,False,False
2012,Vermont,VT,governor,2012 Vermont gubernatorial election,Candidate,Emily Peyton,Independent,5868,1.99,False,False
2012,Vermont,VT,governor,2012 Vermont gubernatorial election,Candidate,Cris Ericson,Marijuana,5583,1.89,False,False
2012,Vermont,VT,governor,2012 Vermont gubernatorial election,Candidate,Dave Eagle,Union,1303,0.44,False,False
2012,Vermont,VT,governor,2012 Vermont gubernatorial election,Write-in,,,969,0.33,False,False
2012,Vermont,VT,governor,2012 Vermont gubernatorial election,Total,,,295412,100.0,False,False
2012,Washington,WA,governor,2012 Washington gubernatorial election,Winning,Jay Inslee,Democratic,1582802,51.54,True,False
2012,Washington,WA,governor,2012 Washington gubernatorial election,Candidate,Rob McKenna,Republican,1488245,48.46,False,False
2012,Washington,WA,governor,2012 Washington gubernatorial election,Total,,,3071047,100.0,False,False
2012,West Virginia,WV,governor,"West Virginia gubernatorial election, 2012",Winning,Earl Ray Tomblin,Democratic,335468,50.49,True,True
2012,West Virginia,WV,governor,"West Virginia gubernatorial election, 2012",Candidate,Bill Maloney,Republican,303291,45.65,False,False
2012,West Virginia,WV,governor,"West Virginia gubernatorial election, 2012",Candidate,Jesse Johnson,Mountain,16787,2.53,False,False
2012,West Virginia,WV,governor,"West Virginia gubernatorial election, 2012",Candidate,David Moran,Libertarian,8909,1.34,False,False
2012,West Virginia,WV,governor,"West Virginia gubernatorial election, 2012",Total,,,664455,100.0,False,False
2012,Wisconsin,WI,governor,2012 Wisconsin gubernatorial recall election,Winning,Scott Walker,Republican,1335585,53.08,True,True
2012,Wisconsin,WI,governor,2012 Wisconsin gubernatorial recall election,Candidate,Tom Barrett,Democratic,1164480,46.28,False,False
2012,Wisconsin,WI,governor,2012 Wisconsin gubernatorial recall election,Candidate,Hari Trivedi,Independent,14463,0.57,False,False
2012,Wisconsin,WI,governor,2012 Wisconsin gubernatorial recall election,Candidate,Scattering,,1537,0.06,False,False
2012,Wisconsin,WI,governor,2012 Wisconsin gubernatorial recall election,Total,,,2516065,100.0,False,False
2013,New Jersey,NJ,governor,2013 New Jersey gubernatorial election,Winning,Chris Christie,Republican,1278932,60.3,True,True
2013,New Jersey,NJ,governor,2013 New Jersey gubernatorial election,Candidate,Barbara Buono,Democratic,809978,38.19,False,False
2013,New Jersey,NJ,governor,2013 New Jersey gubernatorial election,Candidate,Kenneth R. Kaplan,Libertarian,12155,0.57,False,False
2013,New Jersey,NJ,governor,2013 New Jersey gubernatorial election,Candidate,Steve Welzer,Green,8295,0.39,False,False
2013,New Jersey,NJ,governor,2013 New Jersey gubernatorial election,Candidate,Diane W. Sare,Glass-steagall Now,3360,0.16,False,False
2013,New Jersey,NJ,governor,2013 New Jersey gubernatorial election,Candidate,William Araujo,Freedom,3300,0.16,False,False
2013,New Jersey,NJ,governor,2013 New Jersey gubernatorial election,Candidate,Hank Schroeder,Independent,2784,0.13,False,False
2013,New Jersey,NJ,governor,2013 New Jersey gubernatorial election,Candidate,Jeff Boss,Nsa Did 911,2062,0.1,False,False
2013,New Jersey,NJ,governor,2013 New Jersey gubernatorial election,Total,,,2120866,100.0,False,False
2013,Virginia,VA,governor,2013 Virginia gubernatorial election,Winning,Terry McAuliffe,Democratic,1069789,47.74,True,False
2013,Virginia,VA,governor,2013 Virginia gubernatorial election,Candidate,Ken Cuccinelli,Republican,1013354,45.22,False,False
2013,Virginia,VA,governor,2013 Virginia gubernatorial election,Candidate,Robert Sarvis,Libertarian,146084,6.52,False,False
2013,Virginia,VA,governor,2013 Virginia gubernatorial election,Write-in,,,11844,0.53,False,False
2013,Virginia,VA,governor,2013 Virginia gubernatorial election,Total,,,2241071,100.0,False,False
2014,Alabama,AL,governor,2014 Alabama gubernatorial election,Winning,Robert J. Bentley,Republican,750231,63.56,True,True
2014,Alabama,AL,governor,2014 Alabama gubernatorial election,Candidate,Parker Griffith,Democratic,427787,36.24,False,False
2014,Alabama,AL,governor,2014 Alabama gubernatorial election,Write-in,,,2395,0.2,False,False
2014,Alabama,AL,governor,2014 Alabama gubernatorial election,Total,,,1180413,100.0,False,False
2014,Alaska,AK,governor,2014 Alaska gubernatorial election,Winning,Bill Walker,Independent,134658,48.1,True,False
2014,Alaska,AK,governor,2014 Alaska gubernatorial election,Candidate,Sean Parnell,Republican,128435,45.88,False,True
2014,Alaska,AK,governor,2014 Alaska gubernatorial election,Candidate,Carolyn Clift,Libertarian,8985,3.21,False,False
2014,Alaska,AK,governor,2014 Alaska gubernatorial election,Candidate,J. R. Myers,Constitution,6987,2.5,False,False
2014,Alaska,AK,governor,2014 Alaska gubernatorial election,Write-in,,,893,0.32,False,False
2014,Alaska,AK,governor,2014 Alaska gubernatorial election,Total,,,279958,100.0,False,False
2014,Arizona,AZ,governor,"Arizona gubernatorial election, 2014",Winning,Doug Ducey,Republican,805062,53.44,True,False
2014,Arizona,AZ,governor,"Arizona gubernatorial election, 2014",Candidate,Fred DuVal,Democratic,626921,41.62,False,False
2014,Arizona,AZ,governor,"Arizona gubernatorial election, 2014",Candidate,Barry Hess,Libertarian,57337,3.8,False,False
2014,Arizona,AZ,governor,"Arizona gubernatorial election, 2014",Candidate,John Lewis Mealer,Americans Elect,15432,1.02,False,False
2014,Arizona,AZ,governor,"Arizona gubernatorial election, 2014",Candidate,J. Johnson (write-in),None,1520,0.1,False,False
2014,Arizona,AZ,governor,"Arizona gubernatorial election, 2014",Candidate,Brian Bailey (write-in),Independent,50,,False,False
2014,Arizona,AZ,governor,"Arizona gubernatorial election, 2014",Candidate,Alice Novoa (write-in),Republican,43,,False,False
2014,Arizona,AZ,governor,"Arizona gubernatorial election, 2014",Candidate,Cary Dolego (write-in),Independent,29,,False,False
2014,Arizona,AZ,governor,"Arizona gubernatorial election, 2014",Candidate,Curtis Woolsey (write-in),None,15,,False,False
2014,Arizona,AZ,governor,"Arizona gubernatorial election, 2014",Candidate,Diane-Elizabeth R.R. Kennedy (write-in),Independent,7,,False,False
2014,Arizona,AZ,governor,"Arizona gubernatorial election, 2014",Total,,,1506416,100.0,False,False
2014,Arkansas,AR,governor,"Arkansas gubernatorial election, 2014",Winning,Asa Hutchinson,Republican,470429,55.44,True,False
2014,Arkansas,AR,governor,"Arkansas gubernatorial election, 2014",Candidate,Mike Ross,Democratic,352115,41.49,False,False
2014,Arkansas,AR,governor,"Arkansas gubernatorial election, 2014",Candidate,Frank Gilbert,Libertarian,16319,1.92,False,False
2014,Arkansas,AR,governor,"Arkansas gubernatorial election, 2014",Candidate,Josh Drake,Green,9729,1.15,False,False
2014,Arkansas,AR,governor,"Arkansas gubernatorial election, 2014",Total,,,848592,100.0,False,False
2014,California,CA,governor,2014 California gubernatorial election,Winning,Jerry Brown,Democratic,4388368,59.97,True,True
2014,California,CA,governor,2014 California gubernatorial election,Candidate,Neel Kashkari,Republican,2929213,40.03,False,False
2014,California,CA,governor,2014 California gubernatorial election,Total,,,7317581,100.0,False,False
2014,Colorado,CO,governor,2014 Colorado gubernatorial election,Winning,John Hickenlooper,Democratic,1006433,49.3,True,True
2014,Colorado,CO,governor,2014 Colorado gubernatorial election,Candidate,Bob Beauprez,Republican,938195,45.95,False,False
2014,Colorado,CO,governor,2014 Colorado gubernatorial election,Candidate,Matthew Hess,Libertarian,39590,1.94,False,False
2014,Colorado,CO,governor,2014 Colorado gubernatorial election,Candidate,Harry Hempy,Green,27391,1.34,False,False
2014,Colorado,CO,governor,2014 Colorado gubernatorial election,Candidate,Mike Dunafon,Independent,24042,1.18,False,False
2014,Colorado,CO,governor,2014 Colorado gubernatorial election,Candidate,Paul Noel Fiorino,Independent,5923,0.29,False,False
2014,Colorado,CO,governor,2014 Colorado gubernatorial election,Write-in,Write-ins,Write-ins,31,0.0,False,False
2014,Connecticut,CT,governor,2014 Connecticut gubernatorial election,Winning,Dannel Malloy,Total,554314,50.73,True,True
2014,Connecticut,CT,governor,2014 Connecticut gubernatorial election,Candidate,Dannel Malloy,Democratic,529552,48.46,False,False
2014,Connecticut,CT,governor,2014 Connecticut gubernatorial election,Candidate,Thomas C. Foley,Republican,503998,46.12,False,False
2014,Connecticut,CT,governor,2014 Connecticut gubernatorial election,Candidate,Joe Visconti,Independent,11456,1.05,False,False
2014,Connecticut,CT,governor,2014 Connecticut gubernatorial election,Write-in,,,708,0.06,False,False
2014,Connecticut,CT,governor,2014 Connecticut gubernatorial election,Total,,,1092773,100.0,False,False
2014,Florida,FL,governor,2014 Florida gubernatorial election,Winning,Rick Scott,Republican,2865343,48.14,True,True
2014,Florida,FL,governor,2014 Florida gubernatorial election,Candidate,Charlie Crist,Democratic,2801198,47.07,False,False
2014,Florida,FL,governor,2014 Florida gubernatorial election,Candidate,Adrian Wyllie,Libertarian,223356,3.75,False,False
2014,Florida,FL,governor,2014 Florida gubernatorial election,Candidate,Glenn Burkett,Independent,41341,0.7,False,False
2014,Florida,FL,governor,2014 Florida gubernatorial election,Candidate,Farid Khavari,Independent,20186,0.34,False,False
2014,Florida,FL,governor,2014 Florida gubernatorial election,Candidate,Write-ins,N/a,137,0.0,False,False
2014,Florida,FL,governor,2014 Florida gubernatorial election,Total,,,5951571,100.0,False,False
2014,Georgia,GA,governor,2014 Georgia gubernatorial election,Winning,Nathan Deal,Republican,1345237,52.74,True,True
2014,Georgia,GA,governor,2014 Georgia gubernatorial election,Candidate,Jason Carter,Democratic,1144794,44.88,False,False
2014,Georgia,GA,governor,2014 Georgia gubernatorial election,Candidate,Andrew Hunt,Libertarian,60185,2.36,False,False
2014,Georgia,GA,governor,2014 Georgia gubernatorial election,Write-in,,,432,0.02,False,False
2014,Georgia,GA,governor,2014 Georgia gubernatorial election,Total,,,2550648,100.0,False,False
2014,Guam,GU,governor,Democratic Party of Guam primary results,Candidate,Carl T.C. Gutierrez and Gary W.F. Gumataotao,Democratic,7330,98.14,False,False
2014,Guam,GU,governor,Democratic Party of Guam primary results,Total,,,7330,100.0,False,False
2014,Guam,GU,governor,Republican Party of Guam primary results,Candidate,Eddie B. Calvo and Ray Tenorio,Republican,11034,99.36,False,False
2014,Guam,GU,governor,Republican Party of Guam primary results,Total,,,11034,100.0,False,False
2014,Guam,GU,governor,2014 Guam gubernatorial election,Winning,Eddie B. Calvo/Ray Tenorio,Republican,22512,63.7,True,True
2014,Guam,GU,governor,2014 Guam gubernatorial election,Candidate,Carl T.C. Gutierrez/Gary W.F. Gumataotao,Democratic,12712,35.97,False,False
2014,Guam,GU,governor,2014 Guam gubernatorial election,Candidate,Write-ins,N/a,117,0.33,False,False
2014,Guam,GU,governor,2014 Guam gubernatorial election,Total,,,35341,100.0,False,False
2014,Hawaii,HI,governor,2014 Hawaii gubernatorial election,Winning,David Ige,Democratic,181106,49.45,True,False
2014,Hawaii,HI,governor,2014 Hawaii gubernatorial election,Candidate,Duke Aiona,Republican,135775,37.08,False,False
2014,Hawaii,HI,governor,2014 Hawaii gubernatorial election,Candidate,Mufi Hannemann,Independent,42934,11.72,False,False
2014,Hawaii,HI,governor,2014 Hawaii gubernatorial election,Candidate,Jeff Davis,Libertarian,6395,1.75,False,False
2014,Hawaii,HI,governor,2014 Hawaii gubernatorial election,Total,,,366210,100.0,False,False
2014,Idaho,ID,governor,"Idaho gubernatorial election, 2014",Winning,Butch Otter,Republican,235405,53.52,True,True
2014,Idaho,ID,governor,"Idaho gubernatorial election, 2014",Candidate,A.J. Balukoff,Democratic,169556,38.55,False,False
2014,Idaho,ID,governor,"Idaho gubernatorial election, 2014",Candidate,John Bujak,Libertarian,17884,4.07,False,False
2014,Idaho,ID,governor,"Idaho gubernatorial election, 2014",Candidate,Jill Humble,Independent,8801,2.0,False,False
2014,Idaho,ID,governor,"Idaho gubernatorial election, 2014",Candidate,Steven Pankey,Constitution,5219,1.19,False,False
2014,Idaho,ID,governor,"Idaho gubernatorial election, 2014",Candidate,Pro-Life,Independent,2870,0.65,False,False
2014,Idaho,ID,governor,"Idaho gubernatorial election, 2014",Write-in,,,95,0.02,False,False
2014,Idaho,ID,governor,"Idaho gubernatorial election, 2014",Total,,,439830,100.0,False,False
2014,Illinois,IL,governor,2014 Illinois gubernatorial election,Winning,Bruce Rauner,Republican,1823627,50.27,True,False
2014,Illinois,IL,governor,2014 Illinois gubernatorial election,Candidate,Pat Quinn,Democratic,1681343,46.35,False,True
2014,Illinois,IL,governor,2014 Illinois gubernatorial election,Candidate,Chad Grimm,Libertarian,121534,3.35,False,False
2014,Illinois,IL,governor,2014 Illinois gubernatorial election,Write-in,,,1186,0.03,False,False
2014,Illinois,IL,governor,2014 Illinois gubernatorial election,Total,,,3627690,100.0,False,False
2014,Iowa,IA,governor,2014 Iowa gubernatorial election,Winning,Terry Branstad (incumbent) / Kim Reynolds,Republican,666032,58.99,True,True
2014,Iowa,IA,governor,2014 Iowa gubernatorial election,Candidate,Jack Hatch / Monica Vernon,Democratic,420787,37.27,False,False
2014,Iowa,IA,governor,2014 Iowa gubernatorial election,Candidate,Lee Deakins Hieb / Tim Watson,Libertarian,20321,1.8,False,False
2014,Iowa,IA,governor,2014 Iowa gubernatorial election,Candidate,Jim Hennager / Mary Margaret Krieg,New Independent Party Iowa,10582,0.94,False,False
2014,Iowa,IA,governor,2014 Iowa gubernatorial election,Candidate,Jonathan R. Narcisse / Michael L. Richards,Iowa,10240,0.91,False,False
2014,Iowa,IA,governor,2014 Iowa gubernatorial election,Candidate,Write-ins,N/a,1095,0.09,False,False
2014,Iowa,IA,governor,2014 Iowa gubernatorial election,Total,,,1129057,100.0,False,False
2014,Kansas,KS,governor,2014 Kansas gubernatorial election,Winning,Sam Brownback,Republican,433196,49.82,True,True
2014,Kansas,KS,governor,2014 Kansas gubernatorial election,Candidate,Paul Davis,Democratic,401100,46.13,False,False
2014,Kansas,KS,governor,2014 Kansas gubernatorial election,Candidate,Keen Umbehr,Libertarian,35206,4.05,False,False
2014,Kansas,KS,governor,2014 Kansas gubernatorial election,Total,,,869502,100.0,False,False
2014,Maine,ME,governor,"Maine gubernatorial election, 2014",Winning,Paul LePage,Republican,294533,48.18,True,True
2014,Maine,ME,governor,"Maine gubernatorial election, 2014",Candidate,Mike Michaud,Democratic,265125,43.37,False,False
2014,Maine,ME,governor,"Maine gubernatorial election, 2014",Candidate,Eliot Cutler,Independent,51518,8.43,False,False
2014,Maine,ME,governor,"Maine gubernatorial election, 2014",Write-in,,,79,0.01,False,False
2014,Maine,ME,governor,"Maine gubernatorial election, 2014",Total,,,611255,100.0,False,False
2014,Maryland,MD,governor,2014 Maryland gubernatorial election,Winning,Larry Hogan,Republican,884400,51.03,True,False
2014,Maryland,MD,governor,2014 Maryland gubernatorial election,Candidate,Anthony Brown,Democratic,818890,47.25,False,False
2014,Maryland,MD,governor,2014 Maryland gubernatorial election,Candidate,Shawn Quinn,Libertarian,25382,1.46,False,False
2014,Maryland,MD,governor,2014 Maryland gubernatorial election,Write-in,,,4505,0.26,False,False
2014,Maryland,MD,governor,2014 Maryland gubernatorial election,Total,,,1733177,100.0,False,False
2014,Massachusetts,MA,governor,"Massachusetts gubernatorial election, 2014",Winning,Charlie Baker,Republican,1044573,48.4,True,False
2014,Massachusetts,MA,governor,"Massachusetts gubernatorial election, 2014",Candidate,Martha Coakley,Democratic,1004408,46.54,False,False
2014,Massachusetts,MA,governor,"Massachusetts gubernatorial election, 2014",Candidate,Evan Falchuk,Independent,71814,3.33,False,False
2014,Massachusetts,MA,governor,"Massachusetts gubernatorial election, 2014",Candidate,Scott Lively,Independent,19378,0.9,False,False
2014,Massachusetts,MA,governor,"Massachusetts gubernatorial election, 2014",Candidate,Jeff McCormick,Independent,16295,0.75,False,False
2014,Massachusetts,MA,governor,"Massachusetts gubernatorial election, 2014",Write-in,,,1858,0.09,False,False
2014,Massachusetts,MA,governor,"Massachusetts gubernatorial election, 2014",Total,,,2158326,100.0,False,False
2014,Michigan,MI,governor,"Michigan gubernatorial election, 2014",Winning,Rick Snyder,Republican,1607399,50.92,True,True
2014,Michigan,MI,governor,"Michigan gubernatorial election, 2014",Candidate,Mark Schauer,Democratic,1479057,46.86,False,False
2014,Michigan,MI,governor,"Michigan gubernatorial election, 2014",Candidate,Mary Buzuma,Libertarian,35723,1.13,False,False
2014,Michigan,MI,governor,"Michigan gubernatorial election, 2014",Candidate,Mark McFarlin,Taxpayers,19368,0.61,False,False
2014,Michigan,MI,governor,"Michigan gubernatorial election, 2014",Candidate,Paul Homeniuk,Green,14934,0.47,False,False
2014,Michigan,MI,governor,"Michigan gubernatorial election, 2014",Candidate,Write-ins,N/a,50,0.0,False,False
2014,Michigan,MI,governor,"Michigan gubernatorial election, 2014",Total,,,3156531,100.0,False,False
2014,Minnesota,MN,governor,2014 Minnesota gubernatorial election,Winning,Mark Dayton,Minnesota Democratic–farmer–labor,989113,50.07,True,True
2014,Minnesota,MN,governor,2014 Minnesota gubernatorial election,Candidate,Jeff Johnson,Republican,879257,44.51,False,False
2014,Minnesota,MN,governor,2014 Minnesota gubernatorial election,Candidate,Hannah Nicollet,Independence,56900,2.88,False,False
2014,Minnesota,MN,governor,2014 Minnesota gubernatorial election,Candidate,Chris Wright,Grassroots–legalize Cannabis,31259,1.58,False,False
2014,Minnesota,MN,governor,2014 Minnesota gubernatorial election,Candidate,Chris Holbrook,Libertarian,18082,0.92,False,False
2014,Minnesota,MN,governor,2014 Minnesota gubernatorial election,Write-in,,,1134,0.06,False,False
2014,Minnesota,MN,governor,2014 Minnesota gubernatorial election,Total,,,1975406,100.0,False,False
2014,Nebraska,NE,governor,2014 Nebraska gubernatorial election,Winning,Pete Ricketts,Republican,308751,57.15,True,False
2014,Nebraska,NE,governor,2014 Nebraska gubernatorial election,Candidate,Chuck Hassebrook,Democratic,211905,39.23,False,False
2014,Nebraska,NE,governor,2014 Nebraska gubernatorial election,Candidate,Mark Elworth,Libertarian,19001,3.52,False,False
2014,Nebraska,NE,governor,2014 Nebraska gubernatorial election,Write-in,,,545,0.1,False,False
2014,Nebraska,NE,governor,2014 Nebraska gubernatorial election,Total,,,540202,100.0,False,False
2014,Nevada,NV,governor,"Nevada gubernatorial election, 2014",Winning,Brian Sandoval,Republican,386340,70.58,True,True
2014,Nevada,NV,governor,"Nevada gubernatorial election, 2014",Candidate,Bob Goodman,Democratic,130722,23.88,False,False
2014,Nevada,NV,governor,"Nevada gubernatorial election, 2014",Candidate,None of These Candidates,,15751,2.88,False,False
2014,Nevada,NV,governor,"Nevada gubernatorial election, 2014",Candidate,David Lory VanDerBeek,American,14536,2.66,False,False
2014,Nevada,NV,governor,"Nevada gubernatorial election, 2014",Total,,,547349,100.0,False,False
2014,New Hampshire,NH,governor,2014 New Hampshire gubernatorial election,Winning,Maggie Hassan,Democratic,254666,52.37,True,True
2014,New Hampshire,NH,governor,2014 New Hampshire gubernatorial election,Candidate,Walt Havenstein,Republican,230610,47.43,False,False
2014,New Hampshire,NH,governor,2014 New Hampshire gubernatorial election,Write-in,,,976,0.2,False,False
2014,New Hampshire,NH,governor,2014 New Hampshire gubernatorial election,Total,,,486183,100.0,False,False
2014,New Mexico,NM,governor,2014 New Mexico gubernatorial election,Winning,Susana Martinez,Republican,293443,57.22,True,True
2014,New Mexico,NM,governor,2014 New Mexico gubernatorial election,Candidate,Gary K. King,Democratic,219362,42.78,False,False
2014,New Mexico,NM,governor,2014 New Mexico gubernatorial election,Total,,,512805,100.0,False,False
2014,New York,NY,governor,"New York gubernatorial election, 2014",Candidate,Andrew Cuomo,Democratic,1811672,47.44,False,False
2014,New York,NY,governor,"New York gubernatorial election, 2014",Candidate,Andrew Cuomo/Kathy Hochul,Total,2069480,54.19,False,True
2014,New York,NY,governor,"New York gubernatorial election, 2014",Candidate,Rob Astorino,Republican,1234951,32.34,False,False
2014,New York,NY,governor,"New York gubernatorial election, 2014",Candidate,Rob Astorino/Christopher Moss,Total,1536879,40.24,False,False
2014,New York,NY,governor,"New York gubernatorial election, 2014",Candidate,Howie Hawkins/Brian Jones,Green,184419,4.83,False,False
2014,New York,NY,governor,"New York gubernatorial election, 2014",Candidate,Michael McDermott/Chris Edes,Libertarian,16769,0.44,False,False
2014,New York,NY,governor,"New York gubernatorial election, 2014",Candidate,Steven Cohn/Bobby Kalotee,Sapient,4963,0.13,False,False
2014,New York,NY,governor,"New York gubernatorial election, 2014",Candidate,Write ins,Write Ins,6378,0.17,False,False
2014,New York,NY,governor,"New York gubernatorial election, 2014",Total,,,3819086,100.0,False,False
2014,Ohio,OH,governor,"Ohio gubernatorial election, 2014",Winning,John Kasich,Republican,1944848,63.64,True,True
2014,Ohio,OH,governor,"Ohio gubernatorial election, 2014",Candidate,Ed FitzGerald,Democratic,1009359,33.03,False,False
2014,Ohio,OH,governor,"Ohio gubernatorial election, 2014",Candidate,Anita Rios,Green,101706,3.33,False,False
2014,Ohio,OH,governor,"Ohio gubernatorial election, 2014",Total,,,3055913,100.0,False,False
2014,Oklahoma,OK,governor,2014 Oklahoma gubernatorial election,Winning,Mary Fallin,Republican,460298,55.81,True,True
2014,Oklahoma,OK,governor,2014 Oklahoma gubernatorial election,Candidate,Joe Dorman,Democratic,338239,41.01,False,False
2014,Oklahoma,OK,governor,2014 Oklahoma gubernatorial election,Candidate,Kimberly Willis,Independent,17169,2.08,False,False
2014,Oklahoma,OK,governor,2014 Oklahoma gubernatorial election,Candidate,Richard Prawdzienski,Independent,9125,1.11,False,False
2014,Oklahoma,OK,governor,2014 Oklahoma gubernatorial election,Total,,,824831,100.0,False,False
2014,Oregon,OR,governor,"Oregon gubernatorial election, 2014",Winning,John Kitzhaber,Democratic,733230,49.89,True,True
2014,Oregon,OR,governor,"Oregon gubernatorial election, 2014",Candidate,Dennis Richardson,Republican,648542,44.13,False,False
2014,Oregon,OR,governor,"Oregon gubernatorial election, 2014",Candidate,Jason Levin,Green,29561,2.01,False,False
2014,Oregon,OR,governor,"Oregon gubernatorial election, 2014",Candidate,Paul Grad,Libertarian,21903,1.49,False,False
2014,Oregon,OR,governor,"Oregon gubernatorial election, 2014",Candidate,Aaron Auer,Constitution,15929,1.08,False,False
2014,Oregon,OR,governor,"Oregon gubernatorial election, 2014",Candidate,Chris Henry,Progressive,13898,0.95,False,False
2014,Oregon,OR,governor,"Oregon gubernatorial election, 2014",Write-in,,,6654,0.45,False,False
2014,Oregon,OR,governor,"Oregon gubernatorial election, 2014",Total,,,1469717,100.0,False,False
2014,Pennsylvania,PA,governor,2014 Pennsylvania gubernatorial election,Winning,Tom Wolf Mike Stack,Democratic,1920355,54.93,True,False
2014,Pennsylvania,PA,governor,2014 Pennsylvania gubernatorial election,Candidate,Tom Corbett (incumbent) Jim Cawley,Republican,1575511,45.07,False,True
2014,Pennsylvania,PA,governor,2014 Pennsylvania gubernatorial election,Total,,,3495866,100.0,False,False
2014,Rhode Island,RI,governor,"Rhode Island gubernatorial election, 2014",Winning,Gina Raimondo,Democratic,131899,40.7,True,False
2014,Rhode Island,RI,governor,"Rhode Island gubernatorial election, 2014",Candidate,Allan Fung,Republican,117428,36.24,False,False
2014,Rhode Island,RI,governor,"Rhode Island gubernatorial election, 2014",Candidate,Robert J. Healey,Moderate,69278,21.38,False,False
2014,Rhode Island,RI,governor,"Rhode Island gubernatorial election, 2014",Candidate,Kate Fletcher,Independent,3483,1.07,False,False
2014,Rhode Island,RI,governor,"Rhode Island gubernatorial election, 2014",Candidate,Leon Kayarian,Independent,1228,0.38,False,False
2014,Rhode Island,RI,governor,"Rhode Island gubernatorial election, 2014",Write-in,,,739,0.23,False,False
2014,South Carolina,SC,governor,"South Carolina gubernatorial election, 2014",Winning,Nikki Haley,Republican,696645,55.9,True,True
2014,South Carolina,SC,governor,"South Carolina gubernatorial election, 2014",Candidate,Vincent Sheheen,Democratic,516166,41.42,False,False
2014,South Carolina,SC,governor,"South Carolina gubernatorial election, 2014",Candidate,Steve French,Libertarian,15438,1.24,False,False
2014,South Carolina,SC,governor,"South Carolina gubernatorial election, 2014",Candidate,Tom Ervin,Independent,11496,0.92,False,False
2014,South Carolina,SC,governor,"South Carolina gubernatorial election, 2014",Candidate,Morgan B. Reeves,Citizens,5622,0.45,False,False
2014,South Carolina,SC,governor,"South Carolina gubernatorial election, 2014",Write-in,,,934,0.07,False,False
2014,South Carolina,SC,governor,"South Carolina gubernatorial election, 2014",Total,,,1246301,100.0,False,False
2014,South Dakota,SD,governor,2014 South Dakota gubernatorial election,Winning,Dennis Daugaard,Republican,195477,70.47,True,True
2014,South Dakota,SD,governor,2014 South Dakota gubernatorial election,Candidate,Susan Wismer,Democratic,70549,25.43,False,False
2014,South Dakota,SD,governor,2014 South Dakota gubernatorial election,Candidate,Michael J. Myers,Independent,11377,4.1,False,False
2014,South Dakota,SD,governor,2014 South Dakota gubernatorial election,Total,,,277403,100.0,False,False
2014,Tennessee,TN,governor,2014 Tennessee gubernatorial election,Winning,Bill Haslam,Republican,951796,70.31,True,True
2014,Tennessee,TN,governor,2014 Tennessee gubernatorial election,Candidate,Charles Brown,Democratic,309237,22.84,False,False
2014,Tennessee,TN,governor,2014 Tennessee gubernatorial election,Candidate,John Jay Hooker,Independent,30579,2.26,False,False
2014,Tennessee,TN,governor,2014 Tennessee gubernatorial election,Candidate,Shaun Crowell,Constitution,26580,1.96,False,False
2014,Tennessee,TN,governor,2014 Tennessee gubernatorial election,Candidate,Isa Infante,Green,18570,1.37,False,False
2014,Tennessee,TN,governor,2014 Tennessee gubernatorial election,Candidate,Steve Coburn,Independent,8612,0.64,False,False
2014,Tennessee,TN,governor,2014 Tennessee gubernatorial election,Candidate,Daniel Lewis,Independent,8321,0.62,False,False
2014,Tennessee,TN,governor,2014 Tennessee gubernatorial election,Candidate,Write-ins,N/a,33,0.0,False,False
2014,Tennessee,TN,governor,2014 Tennessee gubernatorial election,Total,,,1353728,100.0,False,False
2014,Texas,TX,governor,2014 Texas gubernatorial election,Winning,Greg Abbott,Republican,2796547,59.27,True,False
2014,Texas,TX,governor,2014 Texas gubernatorial election,Candidate,Wendy Davis,Democratic,1835596,38.9,False,False
2014,Texas,TX,governor,2014 Texas gubernatorial election,Candidate,Kathie Glass,Libertarian,66543,1.41,False,False
2014,Texas,TX,governor,2014 Texas gubernatorial election,Candidate,Brandon Parmer,Green,18520,0.39,False,False
2014,Texas,TX,governor,2014 Texas gubernatorial election,Candidate,Sarah M. Pavitt (write-in),Independent,1062,0.02,False,False
2014,Texas,TX,governor,2014 Texas gubernatorial election,Total,,,4718268,100.0,False,False
2014,Vermont,VT,governor,2014 Vermont gubernatorial election,Candidate,Peter Shumlin,Democratic,89509,46.36,False,True
2014,Vermont,VT,governor,2014 Vermont gubernatorial election,Candidate,Scott Milne,Republican,87075,45.1,False,False
2014,Vermont,VT,governor,2014 Vermont gubernatorial election,Candidate,Dan Feliciano,Libertarian,8428,4.36,False,False
2014,Vermont,VT,governor,2014 Vermont gubernatorial election,Candidate,Emily Peyton,Independent,3157,1.64,False,False
2014,Vermont,VT,governor,2014 Vermont gubernatorial election,Candidate,Peter Diamondstone,Union,1673,0.87,False,False
2014,Vermont,VT,governor,2014 Vermont gubernatorial election,Candidate,Bernard Peters,Independent,1434,0.74,False,False
2014,Vermont,VT,governor,2014 Vermont gubernatorial election,Candidate,Cris Ericson,Independent,1089,0.56,False,False
2014,Vermont,VT,governor,2014 Vermont gubernatorial election,Write-in,,,722,0.37,False,False
2014,Vermont,VT,governor,2014 Vermont gubernatorial election,Total,,,193087,100.0,False,False
2014,Wisconsin,WI,governor,2014 Wisconsin gubernatorial election,Winning,Scott Walker,Republican,1259706,52.26,True,True
2014,Wisconsin,WI,governor,2014 Wisconsin gubernatorial election,Candidate,Mary Burke,Democratic,1122913,46.59,False,False
2014,Wisconsin,WI,governor,2014 Wisconsin gubernatorial election,Candidate,Robert Burke,Independent,18720,0.78,False,False
2014,Wisconsin,WI,governor,2014 Wisconsin gubernatorial election,Candidate,Dennis Fehr,Independent,7530,0.31,False,False
2014,Wisconsin,WI,governor,2014 Wisconsin gubernatorial election,Candidate,Mary Jo Walters (write-in),Independent,108,0.0,False,False
2014,Wisconsin,WI,governor,2014 Wisconsin gubernatorial election,Candidate,Brett D. Hulsey (write-in),Independent,52,0.0,False,False
2014,Wisconsin,WI,governor,2014 Wisconsin gubernatorial election,Candidate,Jumoka A. Johnson (write-in),Constitution,15,0.0,False,False
2014,Wisconsin,WI,governor,2014 Wisconsin gubernatorial election,Candidate,Steve R. Evans (write-in),Republican,9,0.0,False,False
2014,Wisconsin,WI,governor,2014 Wisconsin gubernatorial election,Candidate,Susan P. Resch (write-in),Republican,8,0.0,False,False
2014,Wisconsin,WI,governor,2014 Wisconsin gubernatorial election,Candidate,Jessica Nicole Perry (write-in),Independent,5,0.0,False,False
2014,Wisconsin,WI,governor,2014 Wisconsin gubernatorial election,Candidate,Scattering,,1248,0.05,False,False
2014,Wisconsin,WI,governor,2014 Wisconsin gubernatorial election,Total,,,2410314,100.0,False,False
2014,Wyoming,WY,governor,"Wyoming gubernatorial election, 2014",Winning,Matt Mead,Republican,99700,59.39,True,True
2014,Wyoming,WY,governor,"Wyoming gubernatorial election, 2014",Candidate,Pete Gosar,Democratic,45752,27.25,False,False
2014,Wyoming,WY,governor,"Wyoming gubernatorial election, 2014",Candidate,Don Wills,Independent,9895,5.89,False,False
2014,Wyoming,WY,governor,"Wyoming gubernatorial election, 2014",Candidate,Dee Cozzens,Libertarian,4040,2.41,False,False
2014,Wyoming,WY,governor,"Wyoming gubernatorial election, 2014",Write-in,,,8490,5.06,False,False
2014,Wyoming,WY,governor,"Wyoming gubernatorial election, 2014",Total,,,167877,100.0,False,False
2015,Kentucky,KY,governor,2015 Kentucky gubernatorial election,Winning,Matt Bevin,Republican,511374,52.52,True,False
2015,Kentucky,KY,governor,2015 Kentucky gubernatorial election,Candidate,Jack Conway,Democratic,426620,43.81,False,False
2015,Kentucky,KY,governor,2015 Kentucky gubernatorial election,Candidate,Drew Curtis,Independent,35597,3.66,False,False
2015,Kentucky,KY,governor,2015 Kentucky gubernatorial election,Candidate,Blackii Effing Whyte,Write-in,71,0.01,False,False
2015,Kentucky,KY,governor,2015 Kentucky gubernatorial election,Candidate,Gatewood B. Gatewood,Write-in,30,0.0,False,False
2015,Kentucky,KY,governor,2015 Kentucky gubernatorial election,Total,,,973692,100.0,False,False
2015,Louisiana,LA,governor,"Louisiana gubernatorial election runoff, 2015",Winning,John Bel Edwards,Democratic,646924,56.11,True,False
2015,Louisiana,LA,governor,"Louisiana gubernatorial election runoff, 2015",Candidate,David Vitter,Republican,505940,43.89,False,False
2015,Louisiana,LA,governor,"Louisiana gubernatorial election runoff, 2015",Total,,,1152864,100.0,False,False
2016,Delaware,DE,governor,"Delaware gubernatorial election, 2016",Winning,John Carney,Democratic,248404,58.34,True,False
2016,Delaware,DE,governor,"Delaware gubernatorial election, 2016",Candidate,Colin Bonini,Republican,166852,39.18,False,False
2016,Delaware,DE,governor,"Delaware gubernatorial election, 2016",Candidate,Andrew Groff,Green,5951,1.39,False,False
2016,Delaware,DE,governor,"Delaware gubernatorial election, 2016",Candidate,Sean Louis Goward,Libertarian,4577,1.09,False,False
2016,Delaware,DE,governor,"Delaware gubernatorial election, 2016",Total,,,425784,100.0,False,False
2016,Indiana,IN,governor,2016 Indiana gubernatorial election,Winning,Eric Holcomb/Suzanne Crouch,Republican,1397396,51.38,True,False
2016,Indiana,IN,governor,2016 Indiana gubernatorial election,Candidate,John R. Gregg/Christina Hale,Democratic,1235503,45.42,False,False
2016,Indiana,IN,governor,2016 Indiana gubernatorial election,Candidate,Rex Bell,Libertarian,87025,3.2,False,False
2016,Indiana,IN,governor,2016 Indiana gubernatorial election,Write-in,,,44,0.0,False,False
2016,Indiana,IN,governor,2016 Indiana gubernatorial election,Total,,,2719968,100.0,False,False
2016,Missouri,MO,attorney general,2016 Missouri Attorney General election,Winning,Josh Hawley,Republican,1607550,58.5,True,False
2016,Missouri,MO,attorney general,2016 Missouri Attorney General election,Candidate,Teresa Hensley,Democratic,1140252,41.5,False,False
2016,Missouri,MO,attorney general,2016 Missouri Attorney General election,Total,,,2747802,100.0,False,False
2016,Missouri,MO,governor,"Missouri gubernatorial election, 2016",Winning,Eric Greitens,Republican,1433397,51.14,True,False
2016,Missouri,MO,governor,"Missouri gubernatorial election, 2016",Candidate,Chris Koster,Democratic,1277360,45.57,False,False
2016,Missouri,MO,governor,"Missouri gubernatorial election, 2016",Candidate,Cisse Spragins,Libertarian,41154,1.47,False,False
2016,Missouri,MO,governor,"Missouri gubernatorial election, 2016",Candidate,"Lester Benton Turilli, Jr.",Independent,30019,1.07,False,False
2016,Missouri,MO,governor,"Missouri gubernatorial election, 2016",Candidate,Don Fitz,Green,21088,0.75,False,False
2016,Missouri,MO,governor,"Missouri gubernatorial election, 2016",Write-in,,,28,0.0,False,False
2016,Missouri,MO,governor,"Missouri gubernatorial election, 2016",Total,,,2803046,100.0,False,False
2016,Montana,MT,governor,2016 Montana gubernatorial election,Winning,Steve Bullock,Democratic,255933,50.25,True,True
2016,Montana,MT,governor,2016 Montana gubernatorial election,Candidate,Greg Gianforte,Republican,236115,46.35,False,False
2016,Montana,MT,governor,2016 Montana gubernatorial election,Candidate,Ted Dunlap,Libertarian,17312,3.4,False,False
2016,Montana,MT,governor,2016 Montana gubernatorial election,Total,,,509360,100.0,False,False
2016,New Hampshire,NH,governor,2016 New Hampshire gubernatorial election,Winning,Chris Sununu,Republican,354040,48.84,True,False
2016,New Hampshire,NH,governor,2016 New Hampshire gubernatorial election,Candidate,Colin Van Ostern,Democratic,337589,46.57,False,False
2016,New Hampshire,NH,governor,2016 New Hampshire gubernatorial election,Candidate,Max Abramson,Libertarian,31243,4.31,False,False
2016,New Hampshire,NH,governor,2016 New Hampshire gubernatorial election,Write-in,,,1991,0.28,False,False
2016,New Hampshire,NH,governor,2016 New Hampshire gubernatorial election,Total,,,724863,100.0,False,False
2016,North Carolina,NC,attorney general,"North Carolina Attorney General election, 2016",Winning,Josh Stein,Democratic,2303619,50.27,True,False
2016,North Carolina,NC,attorney general,"North Carolina Attorney General election, 2016",Candidate,Buck Newton,Republican,2279006,49.73,False,False
2016,North Carolina,NC,attorney general,"North Carolina Attorney General election, 2016",Total,,,4582625,100.0,False,False
2016,North Carolina,NC,governor,"North Carolina's gubernatorial election, 2016",Winning,Roy Cooper,Democratic,2309162,49.02,True,False
2016,North Carolina,NC,governor,"North Carolina's gubernatorial election, 2016",Candidate,Pat McCrory,Republican,2298881,48.8,False,True
2016,North Carolina,NC,governor,"North Carolina's gubernatorial election, 2016",Candidate,Lon Cecil,Libertarian,102978,2.19,False,False
2016,North Carolina,NC,governor,"North Carolina's gubernatorial election, 2016",Total,,,4711014,100.0,False,False
2016,North Dakota,ND,governor,"North Dakota gubernatorial election, 2016",Winning,Doug Burgum,Republican,259863,76.52,True,False
2016,North Dakota,ND,governor,"North Dakota gubernatorial election, 2016",Candidate,Marvin Nelson,North Dakota Democratic-npl,65855,19.39,False,False
2016,North Dakota,ND,governor,"North Dakota gubernatorial election, 2016",Candidate,Marty Riske,Libertarian,13230,3.9,False,False
2016,North Dakota,ND,governor,"North Dakota gubernatorial election, 2016",Write-in,,,653,0.19,False,False
2016,North Dakota,ND,governor,"North Dakota gubernatorial election, 2016",Total,,,339601,100.0,False,False
2016,Oregon,OR,governor,"Oregon gubernatorial special election, 2016",Winning,Kate Brown,Democratic,985027,50.62,True,True
2016,Oregon,OR,governor,"Oregon gubernatorial special election, 2016",Candidate,Bud Pierce,Republican,845609,43.45,False,False
2016,Oregon,OR,governor,"Oregon gubernatorial special election, 2016",Candidate,Cliff Thomason,Independent,47481,2.44,False,False
2016,Oregon,OR,governor,"Oregon gubernatorial special election, 2016",Candidate,James Foster,Libertarian,45191,2.32,False,False
2016,Oregon,OR,governor,"Oregon gubernatorial special election, 2016",Candidate,Aaron Donald Auer,Constitution,19400,1.0,False,False
2016,Oregon,OR,governor,"Oregon gubernatorial special election, 2016",Write-in,,,3338,0.17,False,False
2016,Oregon,OR,governor,"Oregon gubernatorial special election, 2016",Total,,,1946046,100.0,False,False
2016,Pennsylvania,PA,attorney general,2016 Pennsylvania Attorney General election,Winning,Josh Shapiro,Democratic,3057010,51.39,True,False
2016,Pennsylvania,PA,attorney general,2016 Pennsylvania Attorney General election,Candidate,John Rafferty,Republican,2891325,48.61,False,False
2016,Pennsylvania,PA,attorney general,2016 Pennsylvania Attorney General election,Total,,,5948335,100.0,False,False
2016,Utah,UT,attorney general,General election results,Winning,Sean Reyes,Republican,719064,65.4,True,True
2016,Utah,UT,attorney general,General election results,Candidate,Jon Harper,Democratic,275571,25.1,False,False
2016,Utah,UT,attorney general,General election results,Candidate,Andrew McCullough,Libertarian,73975,6.7,False,False
2016,Utah,UT,attorney general,General election results,Candidate,Michael Isbell,Independent American,30687,2.8,False,False
2016,Utah,UT,attorney general,General election results,Total,,,1099297,100.0,False,False
2016,Utah,UT,governor,2016 Utah gubernatorial election,Winning,Gary Herbert,Republican,750850,66.74,True,True
2016,Utah,UT,governor,2016 Utah gubernatorial election,Candidate,Mike Weinholtz,Democratic,323349,28.74,False,False
2016,Utah,UT,governor,2016 Utah gubernatorial election,Candidate,Brian Kamerath,Libertarian,34827,3.1,False,False
2016,Utah,UT,governor,2016 Utah gubernatorial election,Candidate,Superdell Schanze,Independent American,15912,1.41,False,False
2016,Utah,UT,governor,2016 Utah gubernatorial election,Candidate,L. S. Brown,Write-in,97,0.01,False,False
2016,Utah,UT,governor,2016 Utah gubernatorial election,Total,,,1125035,100.0,False,False
2016,Vermont,VT,governor,2016 Vermont gubernatorial election,Winning,Phil Scott,Republican,166817,52.9,True,False
2016,Vermont,VT,governor,2016 Vermont gubernatorial election,Candidate,Sue Minter,Democratic,139253,44.17,False,False
2016,Vermont,VT,governor,2016 Vermont gubernatorial election,Candidate,Bill Lee,Union,8912,2.83,False,False
2016,Vermont,VT,governor,2016 Vermont gubernatorial election,Write-in,,,313,0.1,False,False
2016,Vermont,VT,governor,2016 Vermont gubernatorial election,Total,,,315295,100.0,False,False
2016,Washington,WA,attorney general,2016 Washington Attorney General election,Winning,Bob Ferguson,Democratic,2000804,67.14,True,True
2016,Washington,WA,attorney general,2016 Washington Attorney General election,Candidate,Joshua Trumbull,Libertarian,979105,32.86,False,False
2016,Washington,WA,attorney general,2016 Washington Attorney General election,Total,,,2979909,100.0,False,False
2016,Washington,WA,governor,2016 Washington gubernatorial election,Winning,Jay Inslee,Democratic,1760520,54.25,True,True
2016,Washington,WA,governor,2016 Washington gubernatorial election,Candidate,Bill Bryant,Republican,1476346,45.49,False,False
2016,Washington,WA,governor,2016 Washington gubernatorial election,Write-in,,,8416,0.26,False,False
2016,Washington,WA,governor,2016 Washington gubernatorial election,Total,,,3245282,100.0,False,False
2016,West Virginia,WV,governor,"West Virginia gubernatorial election, 2016",Winning,Jim Justice,Democratic,350408,49.09,True,False
2016,West Virginia,WV,governor,"West Virginia gubernatorial election, 2016",Candidate,Bill Cole,Republican,301987,42.3,False,False
2016,West Virginia,WV,governor,"West Virginia gubernatorial election, 2016",Candidate,Charlotte Pritt,Mountain,42068,5.89,False,False
2016,West Virginia,WV,governor,"West Virginia gubernatorial election, 2016",Candidate,David Moran,Libertarian,15354,2.15,False,False
2016,West Virginia,WV,governor,"West Virginia gubernatorial election, 2016",Candidate,Phil Hudok,Constitution,4041,0.57,False,False
2016,West Virginia,WV,governor,"West Virginia gubernatorial election, 2016",Total,,,713858,100.0,False,False
2017,New Jersey,NJ,governor,2017 New Jersey gubernatorial election,Winning,Phil Murphy,Democratic,1203110,56.03,True,False
2017,New Jersey,NJ,governor,2017 New Jersey gubernatorial election,Candidate,Kim Guadagno,Republican,899583,41.89,False,False
2017,New Jersey,NJ,governor,2017 New Jersey gubernatorial election,Candidate,Gina Genovese,Independent,12294,0.57,False,False
2017,New Jersey,NJ,governor,2017 New Jersey gubernatorial election,Candidate,Peter J. Rohrman,Libertarian,10531,0.49,False,False
2017,New Jersey,NJ,governor,2017 New Jersey gubernatorial election,Candidate,Seth Kaper-Dale,Green,10053,0.47,False,False
2017,New Jersey,NJ,governor,2017 New Jersey gubernatorial election,Candidate,Matthew Riccardi,Constitution,6864,0.32,False,False
2017,New Jersey,NJ,governor,2017 New Jersey gubernatorial election,Candidate,Vincent Ross,Independent,4980,0.29,False,False
2017,New Jersey,NJ,governor,2017 New Jersey gubernatorial election,Total,,,2147415,100.0,False,False
2017,Virginia,VA,governor,2017 Virginia gubernatorial election,Winning,Ralph Northam,Democratic,1408818,53.89,True,False
2017,Virginia,VA,governor,2017 Virginia gubernatorial election,Candidate,Ed Gillespie,Republican,1175732,44.98,False,False
2017,Virginia,VA,governor,2017 Virginia gubernatorial election,Candidate,Cliff Hyra,Libertarian,27987,1.07,False,False
2017,Virginia,VA,governor,2017 Virginia gubernatorial election,Write-in,,,1528,0.06,False,False
2017,Virginia,VA,governor,2017 Virginia gubernatorial election,Total,,,2614065,100.0,False,False
2018,Alabama,AL,attorney general,2018 Alabama Attorney General election,Winning,Steve Marshall,Republican,1004438,58.79,True,True
2018,Alabama,AL,attorney general,2018 Alabama Attorney General election,Candidate,Joseph Siegelman,Democratic,702858,41.14,False,False
2018,Alabama,AL,attorney general,2018 Alabama Attorney General election,Write-in,,,1141,0.07,False,False
2018,Alabama,AL,attorney general,2018 Alabama Attorney General election,Total,,,1708437,100.0,False,False
2018,Alabama,AL,governor,2018 Alabama gubernatorial election,Winning,Kay Ivey,Republican,1022457,59.46,True,True
2018,Alabama,AL,governor,2018 Alabama gubernatorial election,Candidate,Walt Maddox,Democratic,694495,40.39,False,False
2018,Alabama,AL,governor,2018 Alabama gubernatorial election,Write-in,,,2637,0.15,False,False
2018,Alabama,AL,governor,2018 Alabama gubernatorial election,Total,,,1719589,100.0,False,False
2018,Alaska,AK,governor,2018 Alaska gubernatorial election,Winning,Mike Dunleavy,Republican,145631,51.44,True,False
2018,Alaska,AK,governor,2018 Alaska gubernatorial election,Candidate,Mark Begich,Democratic,125739,44.41,False,False
2018,Alaska,AK,governor,2018 Alaska gubernatorial election,Candidate,Bill Walker (incumbent; withdrawn),Independent,5757,2.03,False,False
2018,Alaska,AK,governor,2018 Alaska gubernatorial election,Candidate,William Toien,Libertarian,5402,1.91,False,False
2018,Alaska,AK,governor,2018 Alaska gubernatorial election,Write-in,,,605,0.21,False,False
2018,Alaska,AK,governor,2018 Alaska gubernatorial election,Total,,,283134,100.0,False,False
2018,Arizona,AZ,attorney general,General election results,Winning,Mark Brnovich,Republican,1201398,51.73,True,True
2018,Arizona,AZ,attorney general,General election results,Candidate,January Contreras,Democratic,1120726,48.26,False,False
2018,Arizona,AZ,attorney general,General election results,Write-in,,,346,0.01,False,False
2018,Arizona,AZ,attorney general,General election results,Total,,,2322470,100.0,False,False
2018,Arizona,AZ,governor,"Arizona gubernatorial election, 2018",Winning,Doug Ducey,Republican,1330863,56.0,True,True
2018,Arizona,AZ,governor,"Arizona gubernatorial election, 2018",Candidate,David Garcia,Democratic,994341,41.84,False,False
2018,Arizona,AZ,governor,"Arizona gubernatorial election, 2018",Candidate,Angel Torres,Green,50962,2.14,False,False
2018,Arizona,AZ,governor,"Arizona gubernatorial election, 2018",Write-in,,,275,0.01,False,False
2018,Arizona,AZ,governor,"Arizona gubernatorial election, 2018",Total,,,2376441,100.0,False,False
2018,Arkansas,AR,attorney general,2018 Arkansas Attorney General election,Winning,Leslie Rutledge,Republican,549668,61.8,True,True
2018,Arkansas,AR,attorney general,2018 Arkansas Attorney General election,Candidate,Mike Lee,Democratic,315099,35.43,False,False
2018,Arkansas,AR,attorney general,2018 Arkansas Attorney General election,Candidate,Kerry Hicks,Libertarian,24652,2.77,False,False
2018,Arkansas,AR,attorney general,2018 Arkansas Attorney General election,Total,,,889419,100.0,False,False
2018,Arkansas,AR,governor,2018 Arkansas gubernatorial election,Winning,Asa Hutchinson,Republican,582406,65.33,True,True
2018,Arkansas,AR,governor,2018 Arkansas gubernatorial election,Candidate,Jared Henderson,Democratic,283218,31.77,False,False
2018,Arkansas,AR,governor,2018 Arkansas gubernatorial election,Candidate,Mark West,Libertarian,25885,2.9,False,False
2018,Arkansas,AR,governor,2018 Arkansas gubernatorial election,Total,,,891509,100.0,False,False
2018,California,CA,attorney general,2018 California Attorney General election,Winning,Xavier Becerra,Democratic,7790743,63.57,True,True
2018,California,CA,attorney general,2018 California Attorney General election,Candidate,Steven Bailey,Republican,4465587,36.43,False,False
2018,California,CA,attorney general,2018 California Attorney General election,Total,,,12256330,100.0,False,False
2018,California,CA,governor,2018 California gubernatorial election,Winning,Gavin Newsom,Democratic,7721410,61.95,True,False
2018,California,CA,governor,2018 California gubernatorial election,Candidate,John H. Cox,Republican,4742825,38.05,False,False
2018,California,CA,governor,2018 California gubernatorial election,Total,,,12464235,100.0,False,False
2018,Colorado,CO,attorney general,"Colorado Attorney General election, 2018",Winning,Phil Weiser,Democratic,1285464,51.6,True,False
2018,Colorado,CO,attorney general,"Colorado Attorney General election, 2018",Candidate,George Brauchler,Republican,1124757,45.1,False,False
2018,Colorado,CO,attorney general,"Colorado Attorney General election, 2018",Candidate,"William F. Robinson, III",Libertarian,81733,3.3,False,False
2018,Colorado,CO,attorney general,"Colorado Attorney General election, 2018",Total,,,2491954,100.0,False,False
2018,Colorado,CO,governor,2018 Colorado gubernatorial election,Winning,Jared Polis,Democratic,1348888,53.42,True,False
2018,Colorado,CO,governor,2018 Colorado gubernatorial election,Candidate,Walker Stapleton,Republican,1080801,42.8,False,False
2018,Colorado,CO,governor,2018 Colorado gubernatorial election,Candidate,Scott Helker,Libertarian,69519,2.75,False,False
2018,Colorado,CO,governor,2018 Colorado gubernatorial election,Candidate,Bill Hammons,Unity,25854,1.02,False,False
2018,Connecticut,CT,attorney general,2018 Connecticut Attorney General election,Winning,William Tong,Total,715340,52.48,True,False
2018,Connecticut,CT,attorney general,2018 Connecticut Attorney General election,Candidate,William Tong,Democratic,691496,50.73,False,False
2018,Connecticut,CT,attorney general,2018 Connecticut Attorney General election,Candidate,Susan Hatfield,Republican,605504,44.42,False,False
2018,Connecticut,CT,attorney general,2018 Connecticut Attorney General election,Candidate,Peter Goselin,Green,14358,1.05,False,False
2018,Connecticut,CT,attorney general,2018 Connecticut Attorney General election,Total,,,1363058,100.0,False,False
2018,Connecticut,CT,governor,"Connecticut's gubernatorial election, 2018",Winning,Ned Lamont,Total,694510,49.37,True,False
2018,Connecticut,CT,governor,"Connecticut's gubernatorial election, 2018",Candidate,Ned Lamont,Democratic,676649,48.1,False,False
2018,Connecticut,CT,governor,"Connecticut's gubernatorial election, 2018",Candidate,Bob Stefanowski,Republican,624750,44.41,False,False
2018,Connecticut,CT,governor,"Connecticut's gubernatorial election, 2018",Candidate,Oz Griebel,Griebel-frank For Ct,54741,3.89,False,False
2018,Connecticut,CT,governor,"Connecticut's gubernatorial election, 2018",Candidate,Rod Hanscomb,Libertarian,6086,0.43,False,False
2018,Connecticut,CT,governor,"Connecticut's gubernatorial election, 2018",Candidate,Mark Greenstein,Amigo Constitution Liberty,1254,0.09,False,False
2018,Connecticut,CT,governor,"Connecticut's gubernatorial election, 2018",Candidate,Lee Whitnum,Write-in,74,0.01,False,False
2018,Connecticut,CT,governor,"Connecticut's gubernatorial election, 2018",Total,,,1406803,100.0,False,False
2018,Delaware,DE,attorney general,"Delaware Attorney General election, 2018",Winning,Kathy Jennings,Democratic,218351,61.31,True,False
2018,Delaware,DE,attorney general,"Delaware Attorney General election, 2018",Candidate,Bernard Pepukayi,Republican,137730,38.68,False,False
2018,Delaware,DE,attorney general,"Delaware Attorney General election, 2018",Total,,,356081,100.0,False,False
2018,Florida,FL,attorney general,2018 Florida Attorney General election,Winning,Ashley Moody,Republican,4232532,52.11,True,False
2018,Florida,FL,attorney general,2018 Florida Attorney General election,Candidate,Sean Shaw,Democratic,3744912,46.1,False,False
2018,Florida,FL,attorney general,2018 Florida Attorney General election,Candidate,Jeffrey Siskind,Independent,145296,1.79,False,False
2018,Florida,FL,attorney general,2018 Florida Attorney General election,Total,,,8122740,100.0,False,False
2018,Florida,FL,governor,2018 Florida gubernatorial election,Winning,Ron DeSantis,Republican,4076186,49.59,True,False
2018,Florida,FL,governor,2018 Florida gubernatorial election,Candidate,Andrew Gillum,Democratic,4043723,49.19,False,False
2018,Florida,FL,governor,2018 Florida gubernatorial election,Candidate,Darcy Richardson,Reform,47140,0.57,False,False
2018,Florida,FL,governor,2018 Florida gubernatorial election,Candidate,"Kyle ""KC"" Gibson",Independent,24310,0.3,False,False
2018,Florida,FL,governor,2018 Florida gubernatorial election,Candidate,Ryan Christopher Foley,Independent,14630,0.18,False,False
2018,Florida,FL,governor,2018 Florida gubernatorial election,Candidate,Bruce Stanley,Independent,14505,0.18,False,False
2018,Florida,FL,governor,2018 Florida gubernatorial election,Write-in,,,67,0.0,False,False
2018,Florida,FL,governor,2018 Florida gubernatorial election,Total,,,8220561,100.0,False,False
2018,Georgia,GA,attorney general,2018 Georgia attorney general election,Winning,Chris Carr,Republican,1981563,51.3,True,True
2018,Georgia,GA,attorney general,2018 Georgia attorney general election,Candidate,Charlie Bailey,Democratic,1880807,48.7,False,False
2018,Georgia,GA,attorney general,2018 Georgia attorney general election,Total,,,3862370,100.0,False,False
2018,Georgia,GA,governor,2018 Georgia gubernatorial election,Winning,Brian Kemp,Republican,1978408,50.22,True,False
2018,Georgia,GA,governor,2018 Georgia gubernatorial election,Candidate,Stacey Abrams,Democratic,1923685,48.83,False,False
2018,Georgia,GA,governor,2018 Georgia gubernatorial election,Candidate,Ted Metz,Libertarian,37235,0.95,False,False
2018,Georgia,GA,governor,2018 Georgia gubernatorial election,Write-in,,,81,0.0,False,False
2018,Georgia,GA,governor,2018 Georgia gubernatorial election,Total,,,3939409,100.0,False,False
2018,Guamanian,GU,governor,2018 Guam gubernatorial election,Winning,Lou Leon Guerrero,Democratic,18258,50.79,True,False
2018,Guamanian,GU,governor,2018 Guam gubernatorial election,Candidate,Ray Tenorio,Republican,9487,26.39,False,False
2018,Guamanian,GU,governor,2018 Guam gubernatorial election,Candidate,Frank B. Aguon Jr. (write-in),Democratic,8205,22.82,False,False
2018,Guamanian,GU,governor,2018 Guam gubernatorial election,Total,,,35950,100.0,False,False
2018,Hawaii,HI,governor,2018 Hawaii gubernatorial election,Winning,David Ige,Democratic,244934,62.67,True,True
2018,Hawaii,HI,governor,2018 Hawaii gubernatorial election,Candidate,Andria Tupola,Republican,131719,33.7,False,False
2018,Hawaii,HI,governor,2018 Hawaii gubernatorial election,Candidate,Jim Brewer,Green,10123,2.59,False,False
2018,Hawaii,HI,governor,2018 Hawaii gubernatorial election,Candidate,Terrence Teruya,Nonpartisan Politician,4067,1.04,False,False
2018,Hawaii,HI,governor,2018 Hawaii gubernatorial election,Total,,,390843,100.0,False,False
2018,Idaho,ID,governor,"Idaho gubernatorial election, 2018",Winning,Brad Little,Republican,361661,59.77,True,False
2018,Idaho,ID,governor,"Idaho gubernatorial election, 2018",Candidate,Paulette Jordan,Democratic,231081,38.19,False,False
2018,Idaho,ID,governor,"Idaho gubernatorial election, 2018",Candidate,"Bev ""Angel"" Boeck",Libertarian,6551,1.08,False,False
2018,Idaho,ID,governor,"Idaho gubernatorial election, 2018",Candidate,Walter L. Bayes,Constitution,5787,0.96,False,False
2018,Idaho,ID,governor,"Idaho gubernatorial election, 2018",Candidate,Lisa Marie (write-in),Independent,51,0.01,False,False
2018,Idaho,ID,governor,"Idaho gubernatorial election, 2018",Total,,,605131,100.0,False,False
2018,Illinois,IL,attorney general,2018 Illinois attorney general election,Winning,Kwame Raoul,Democratic,2488326,54.71,True,False
2018,Illinois,IL,attorney general,2018 Illinois attorney general election,Candidate,Erika Harold,Republican,1944142,42.74,False,False
2018,Illinois,IL,attorney general,2018 Illinois attorney general election,Candidate,Bubba Harsy,Libertarian,115941,2.55,False,False
2018,Illinois,IL,attorney general,2018 Illinois attorney general election,Total,,,4548409,100.0,False,False
2018,Illinois,IL,governor,2018 Illinois gubernatorial election,Winning,JB Pritzker,Democratic,2479746,54.53,True,False
2018,Illinois,IL,governor,2018 Illinois gubernatorial election,Candidate,Bruce Rauner,Republican,1765751,38.83,False,True
2018,Illinois,IL,governor,2018 Illinois gubernatorial election,Candidate,Sam McCann,Conservative,192527,4.23,False,False
2018,Illinois,IL,governor,2018 Illinois gubernatorial election,Candidate,Kash Jackson,Libertarian,109518,2.4,False,False
2018,Illinois,IL,governor,2018 Illinois gubernatorial election,Write-in,,,115,0.01,False,False
2018,Illinois,IL,governor,2018 Illinois gubernatorial election,Total,,,4547657,100.0,False,False
2018,Iowa,IA,attorney general,2018 Iowa Attorney General election,Winning,Tom Miller,Democratic,880531,76.51,True,True
2018,Iowa,IA,attorney general,2018 Iowa Attorney General election,Candidate,Marco Battaglia,Libertarian,262131,22.78,False,False
2018,Iowa,IA,attorney general,2018 Iowa Attorney General election,Write-in,,,8237,0.72,False,False
2018,Iowa,IA,attorney general,2018 Iowa Attorney General election,Total,,,1150899,100.0,False,False
2018,Iowa,IA,governor,"Iowa gubernatorial election, 2018",Winning,Kim Reynolds,Republican,667275,50.26,True,True
2018,Iowa,IA,governor,"Iowa gubernatorial election, 2018",Candidate,Fred Hubbell,Democratic,630986,47.53,False,False
2018,Iowa,IA,governor,"Iowa gubernatorial election, 2018",Candidate,Jake Porter,Libertarian,21426,1.61,False,False
2018,Iowa,IA,governor,"Iowa gubernatorial election, 2018",Candidate,Gary Siegwarth,Independent,7463,0.56,False,False
2018,Iowa,IA,governor,"Iowa gubernatorial election, 2018",Write-in,,,488,0.04,False,False
2018,Iowa,IA,governor,"Iowa gubernatorial election, 2018",Total,,,1327638,100.0,False,False
2018,Kansas,KS,governor,"Kansas gubernatorial election, 2018",Winning,Laura Kelly,Democratic,506727,48.01,True,False
2018,Kansas,KS,governor,"Kansas gubernatorial election, 2018",Candidate,Kris Kobach,Republican,453645,42.98,False,False
2018,Kansas,KS,governor,"Kansas gubernatorial election, 2018",Candidate,Greg Orman,Independent,68590,6.5,False,False
2018,Kansas,KS,governor,"Kansas gubernatorial election, 2018",Candidate,Jeff Caldwell,Libertarian,20020,1.9,False,False
2018,Kansas,KS,governor,"Kansas gubernatorial election, 2018",Candidate,Rick Kloos,Independent,6584,0.62,False,False
2018,Kansas,KS,governor,"Kansas gubernatorial election, 2018",Total,,,1055566,100.0,False,False
2018,Maine,ME,governor,"Maine gubernatorial election, 2018",Winning,Janet Mills,Democratic,320962,50.89,True,False
2018,Maine,ME,governor,"Maine gubernatorial election, 2018",Candidate,Shawn Moody,Republican,272311,43.18,False,False
2018,Maine,ME,governor,"Maine gubernatorial election, 2018",Candidate,Terry Hayes,Independent,37268,5.91,False,False
2018,Maine,ME,governor,"Maine gubernatorial election, 2018",Write-in,,,126,0.02,False,False
2018,Maine,ME,governor,"Maine gubernatorial election, 2018",Total,,,630667,100.0,False,False
2018,Maryland,MD,attorney general,"Maryland Attorney General election, 2018",Winning,Brian Frosh,Democratic,1474833,64.81,True,True
2018,Maryland,MD,attorney general,"Maryland Attorney General election, 2018",Candidate,Craig Wolf,Republican,799035,35.11,False,False
2018,Maryland,MD,attorney general,"Maryland Attorney General election, 2018",Write-in,,,1920,0.08,False,False
2018,Maryland,MD,attorney general,"Maryland Attorney General election, 2018",Total,,,2275788,100.0,False,False
2018,Maryland,MD,governor,"Maryland gubernatorial election, 2018",Winning,Larry Hogan,Republican,1275644,55.35,True,True
2018,Maryland,MD,governor,"Maryland gubernatorial election, 2018",Candidate,Ben Jealous,Democratic,1002639,43.51,False,False
2018,Maryland,MD,governor,"Maryland gubernatorial election, 2018",Candidate,Shawn Quinn,Libertarian,13241,0.57,False,False
2018,Maryland,MD,governor,"Maryland gubernatorial election, 2018",Candidate,Ian Schlakman,Green,11175,0.48,False,False
2018,Maryland,MD,governor,"Maryland gubernatorial election, 2018",Write-in,,,1813,0.08,False,False
2018,Maryland,MD,governor,"Maryland gubernatorial election, 2018",Total,,,2304512,100.0,False,False
2018,Massachusetts,MA,governor,"Massachusetts gubernatorial election, 2018",Winning,Charlie Baker,Republican,1781341,66.6,True,True
2018,Massachusetts,MA,governor,"Massachusetts gubernatorial election, 2018",Candidate,Jay Gonzalez,Democratic,885770,33.12,False,False
2018,Massachusetts,MA,governor,"Massachusetts gubernatorial election, 2018",Write-in,,,7504,0.28,False,False
2018,Massachusetts,MA,governor,"Massachusetts gubernatorial election, 2018",Total,,,2674615,100.0,False,False
2018,Michigan,MI,attorney general,"Michigan Attorney General election, 2018",Winning,Dana Nessel,Democratic,2031117,49.04,True,False
2018,Michigan,MI,attorney general,"Michigan Attorney General election, 2018",Candidate,Tom Leonard,Republican,1916117,46.26,False,False
2018,Michigan,MI,attorney general,"Michigan Attorney General election, 2018",Candidate,Lisa Lane Giola,Libertarian,86807,2.1,False,False
2018,Michigan,MI,attorney general,"Michigan Attorney General election, 2018",Candidate,Chris Graveline,Independent,69889,1.69,False,False
2018,Michigan,MI,attorney general,"Michigan Attorney General election, 2018",Candidate,Gerald Van Sickle,Taxpayers,38114,0.92,False,False
2018,Michigan,MI,attorney general,"Michigan Attorney General election, 2018",Total,,,4142044,100.0,False,False
2018,Michigan,MI,governor,2018 Michigan gubernatorial election,Winning,Gretchen Whitmer,Democratic,2266193,53.31,True,False
2018,Michigan,MI,governor,2018 Michigan gubernatorial election,Candidate,Bill Schuette,Republican,1859534,43.75,False,False
2018,Michigan,MI,governor,2018 Michigan gubernatorial election,Candidate,Bill Gelineau,Libertarian,56606,1.33,False,False
2018,Michigan,MI,governor,2018 Michigan gubernatorial election,Candidate,Todd Schleiger,Taxpayers,29219,0.69,False,False
2018,Michigan,MI,governor,2018 Michigan gubernatorial election,Candidate,Jennifer Kurland,Green,28799,0.68,False,False
2018,Michigan,MI,governor,2018 Michigan gubernatorial election,Candidate,Keith Butkovich,Law,10202,0.24,False,False
2018,Michigan,MI,governor,2018 Michigan gubernatorial election,Write-in,,,32,0.0,False,False
2018,Michigan,MI,governor,2018 Michigan gubernatorial election,Total,,,4250585,100.0,False,False
2018,Minnesota,MN,attorney general,2018 Minnesota Attorney General election,Winning,Keith Ellison,Minnesota Democratic–farmer–labor,1249407,48.96,True,False
2018,Minnesota,MN,attorney general,2018 Minnesota Attorney General election,Candidate,Doug Wardlow,Republican,1150459,45.08,False,False
2018,Minnesota,MN,attorney general,2018 Minnesota Attorney General election,Candidate,Noah Johnson (withdrawn),Grassroots–legalize Cannabis,145748,5.71,False,False
2018,Minnesota,MN,attorney general,2018 Minnesota Attorney General election,Write-in,,,6158,0.24,False,False
2018,Minnesota,MN,attorney general,2018 Minnesota Attorney General election,Total,,,2551772,100.0,False,False
2018,Minnesota,MN,governor,2018 Minnesota gubernatorial election,Winning,Tim Walz,Minnesota Democratic–farmer–labor,1393096,53.84,True,False
2018,Minnesota,MN,governor,2018 Minnesota gubernatorial election,Candidate,Jeff Johnson,Republican,1097705,42.43,False,False
2018,Minnesota,MN,governor,2018 Minnesota gubernatorial election,Candidate,Chris Wright,Grassroots–legalize Cannabis,68667,2.65,False,False
2018,Minnesota,MN,governor,2018 Minnesota gubernatorial election,Candidate,Josh Welter,Libertarian,26735,1.03,False,False
2018,Minnesota,MN,governor,2018 Minnesota gubernatorial election,Write-in,,,1084,0.04,False,False
2018,Minnesota,MN,governor,2018 Minnesota gubernatorial election,Total,,,2587287,100.0,False,False
2018,Nebraska,NE,governor,2018 Nebraska gubernatorial election,Winning,Pete Ricketts (inc.),Republican,411812,59.0,True,False
2018,Nebraska,NE,governor,2018 Nebraska gubernatorial election,Candidate,Bob Krist,Democratic,286169,41.0,False,False
2018,Nebraska,NE,governor,2018 Nebraska gubernatorial election,Total,,,697981,100.0,False,False
2018,Nevada,NV,attorney general,General election results,Winning,Aaron Ford,Democratic,456225,47.24,True,False
2018,Nevada,NV,attorney general,General election results,Candidate,Wesley Duncan,Republican,451692,46.77,False,False
2018,Nevada,NV,attorney general,General election results,Candidate,Joel Hansen,American,32259,3.34,False,False
2018,Nevada,NV,attorney general,General election results,Total,,,965753,100.0,False,False
2018,Nevada,NV,governor,2018 Nevada gubernatorial election,Winning,Steve Sisolak,Democratic,480007,49.39,True,False
2018,Nevada,NV,governor,2018 Nevada gubernatorial election,Candidate,Adam Laxalt,Republican,440320,45.31,False,False
2018,Nevada,NV,governor,2018 Nevada gubernatorial election,Candidate,None of These Candidates,,18865,1.94,False,False
2018,Nevada,NV,governor,2018 Nevada gubernatorial election,Candidate,Ryan Bundy,Independent,13891,1.43,False,False
2018,Nevada,NV,governor,2018 Nevada gubernatorial election,Candidate,Russell Best,American,10076,1.04,False,False
2018,Nevada,NV,governor,2018 Nevada gubernatorial election,Candidate,Jared Lord,Libertarian,8640,0.89,False,False
2018,Nevada,NV,governor,2018 Nevada gubernatorial election,Total,,,971799,100.0,False,False
2018,New Hampshire,NH,governor,2018 New Hampshire gubernatorial election,Winning,Chris Sununu,Republican,302764,52.78,True,True
2018,New Hampshire,NH,governor,2018 New Hampshire gubernatorial election,Candidate,Molly Kelly,Democratic,262359,45.74,False,False
2018,New Hampshire,NH,governor,2018 New Hampshire gubernatorial election,Candidate,Jilletta Jarvis,Libertarian,8197,1.43,False,False
2018,New Hampshire,NH,governor,2018 New Hampshire gubernatorial election,Write-in,,,282,0.05,False,False
2018,New Hampshire,NH,governor,2018 New Hampshire gubernatorial election,Total,,,573602,100.0,False,False
2018,New Mexico,NM,governor,2018 New Mexico gubernatorial election,Winning,Michelle Lujan Grisham,Democratic,398368,57.2,True,False
2018,New Mexico,NM,governor,2018 New Mexico gubernatorial election,Candidate,Steve Pearce,Republican,298091,42.8,False,False
2018,New Mexico,NM,governor,2018 New Mexico gubernatorial election,Total,,,696459,100.0,False,False
2018,New York,NY,attorney general,"New York Attorney General election, 2018",Candidate,Letitia James,Democratic,3497213,58.35,False,False
2018,New York,NY,attorney general,"New York Attorney General election, 2018",Candidate,Keith Wofford,Republican,1851510,30.89,False,False
2018,New York,NY,attorney general,"New York Attorney General election, 2018",Candidate,Michael Sussman,Green,72512,1.21,False,False
2018,New York,NY,attorney general,"New York Attorney General election, 2018",Candidate,Christopher Garvey,Libertarian,43767,0.73,False,False
2018,New York,NY,attorney general,"New York Attorney General election, 2018",Candidate,Nancy Sliwa,Reform,26441,0.44,False,False
2018,New York,NY,attorney general,"New York Attorney General election, 2018",Write-in,Write-ins,Write-ins,2958,0.05,False,False
2018,New York,NY,attorney general,"New York Attorney General election, 2018",Total,,,5993517,100.0,False,False
2018,New York,NY,governor,2018 New York gubernatorial election,Winning,Andrew Cuomo,Total,3635340,59.55,True,True
2018,New York,NY,governor,2018 New York gubernatorial election,Candidate,Andrew Cuomo,Democratic,3424416,56.09,False,False
2018,New York,NY,governor,2018 New York gubernatorial election,Candidate,Marc Molinaro,Republican,1926485,31.56,False,False
2018,New York,NY,governor,2018 New York gubernatorial election,Candidate,Howie Hawkins,Green,103946,1.7,False,False
2018,New York,NY,governor,2018 New York gubernatorial election,Candidate,Larry Sharpe,Libertarian,95033,1.56,False,False
2018,New York,NY,governor,2018 New York gubernatorial election,Candidate,Stephanie Miner,Serve America Movement,55441,0.91,False,False
2018,New York,NY,governor,2018 New York gubernatorial election,Candidate,Write-Ins,N/a,7115,0.12,False,False
2018,New York,NY,governor,2018 New York gubernatorial election,Total,,,6104447,100.0,False,False
2018,Northern Mariana Islands,MP,governor,"Northern Mariana Islands gubernatorial election, 2018",Candidate,Ralph Torres and Arnold Palacios,Republican Party (northern Mariana Islands),8922,62.2,False,False
2018,Northern Mariana Islands,MP,governor,"Northern Mariana Islands gubernatorial election, 2018",Candidate,Juan Babauta and Rita Sablan,Independent,5420,37.8,False,False
2018,Northern Mariana Islands,MP,governor,"Northern Mariana Islands gubernatorial election, 2018",Total,,,14342,100.0,False,False
2018,Ohio,OH,attorney general,General election results,Winning,Dave Yost,Republican,2276414,52.17,True,False
2018,Ohio,OH,attorney general,General election results,Candidate,Steve Dettelbach,Democratic,2086715,47.83,False,False
2018,Ohio,OH,attorney general,General election results,Total,,,4363129,100.0,False,False
2018,Ohio,OH,governor,"Ohio gubernatorial election, 2018",Winning,Mike DeWine,Republican,2235825,50.4,True,False
2018,Ohio,OH,governor,"Ohio gubernatorial election, 2018",Candidate,Richard Cordray,Democratic,2070046,46.67,False,False
2018,Ohio,OH,governor,"Ohio gubernatorial election, 2018",Candidate,Travis Irvine,Libertarian,80055,1.8,False,False
2018,Ohio,OH,governor,"Ohio gubernatorial election, 2018",Candidate,Constance Gadell-Newton,Green,49536,1.12,False,False
2018,Ohio,OH,governor,"Ohio gubernatorial election, 2018",Write-in,,,358,0.0,False,False
2018,Ohio,OH,governor,"Ohio gubernatorial election, 2018",Total,,,4435820,100.0,False,False
2018,Oklahoma,OK,governor,"Oklahoma gubernatorial election, 2018",Winning,Kevin Stitt,Republican,644579,54.33,True,False
2018,Oklahoma,OK,governor,"Oklahoma gubernatorial election, 2018",Candidate,Drew Edmondson,Democratic,500973,42.23,False,False
2018,Oklahoma,OK,governor,"Oklahoma gubernatorial election, 2018",Candidate,Chris Powell,Libertarian,40833,3.44,False,False
2018,Oklahoma,OK,governor,"Oklahoma gubernatorial election, 2018",Total,,,1186385,100.0,False,False
2018,Oregon,OR,governor,"Oregon gubernatorial election, 2018",Winning,Kate Brown,Democratic,934498,50.05,True,True
2018,Oregon,OR,governor,"Oregon gubernatorial election, 2018",Candidate,Knute Buehler,Republican,814988,43.65,False,False
2018,Oregon,OR,governor,"Oregon gubernatorial election, 2018",Candidate,Patrick Starnes,Independent,53392,2.86,False,False
2018,Oregon,OR,governor,"Oregon gubernatorial election, 2018",Candidate,Nick Chen,Libertarian,28927,1.55,False,False
2018,Oregon,OR,governor,"Oregon gubernatorial election, 2018",Candidate,Aaron Auer,Constitution,21145,1.13,False,False
2018,Oregon,OR,governor,"Oregon gubernatorial election, 2018",Candidate,Chris Henry,Progressive,11013,0.59,False,False
2018,Oregon,OR,governor,"Oregon gubernatorial election, 2018",Write-in,,,3034,0.16,False,False
2018,Oregon,OR,governor,"Oregon gubernatorial election, 2018",Total,,,1866997,100.0,False,False
2018,Pennsylvania,PA,governor,2018 Pennsylvania gubernatorial election,Winning,Tom Wolf (incumbent) John Fetterman,Democratic,2895652,57.77,True,False
2018,Pennsylvania,PA,governor,2018 Pennsylvania gubernatorial election,Candidate,Scott Wagner Jeff Bartos,Republican,2039882,40.7,False,False
2018,Pennsylvania,PA,governor,2018 Pennsylvania gubernatorial election,Candidate,Ken Krawchuk Kathleen Smith,Libertarian,49229,0.98,False,False
2018,Pennsylvania,PA,governor,2018 Pennsylvania gubernatorial election,Candidate,Paul Glover Jocolyn Bowser-Bostick,Green,27792,0.55,False,False
2018,Pennsylvania,PA,governor,2018 Pennsylvania gubernatorial election,Total,,,5012555,100.0,False,False
2018,Rhode Island,RI,governor,"Rhode Island gubernatorial election, 2018",Winning,Gina Raimondo,Democratic,198122,52.64,True,True
2018,Rhode Island,RI,governor,"Rhode Island gubernatorial election, 2018",Candidate,Allan Fung,Republican,139932,37.18,False,False
2018,Rhode Island,RI,governor,"Rhode Island gubernatorial election, 2018",Candidate,Joe Trillo,Independent,16532,4.39,False,False
2018,Rhode Island,RI,governor,"Rhode Island gubernatorial election, 2018",Candidate,Bill Gilbert,Moderate,10155,2.7,False,False
2018,Rhode Island,RI,governor,"Rhode Island gubernatorial election, 2018",Candidate,Luis Daniel Muñoz,Independent,6223,1.65,False,False
2018,Rhode Island,RI,governor,"Rhode Island gubernatorial election, 2018",Candidate,Anne Armstrong,Compassion,4191,1.11,False,False
2018,Rhode Island,RI,governor,"Rhode Island gubernatorial election, 2018",Write-in,,,1246,0.33,False,False
2018,Rhode Island,RI,governor,"Rhode Island gubernatorial election, 2018",Total,,,376401,100.0,False,False
2018,South Carolina,SC,governor,"South Carolina gubernatorial election, 2018",Winning,Henry McMaster,Republican,921342,53.96,True,True
2018,South Carolina,SC,governor,"South Carolina gubernatorial election, 2018",Candidate,James Smith,Democratic,784182,45.92,False,False
2018,South Carolina,SC,governor,"South Carolina gubernatorial election, 2018",Write-in,,,2045,0.12,False,False
2018,South Carolina,SC,governor,"South Carolina gubernatorial election, 2018",Total,,,1707569,100.0,False,False
2018,South Dakota,SD,attorney general,2018 South Dakota Attorney General election,Winning,Jason Ravnsborg,Republican,179071,55.16,True,False
2018,South Dakota,SD,attorney general,2018 South Dakota Attorney General election,Candidate,Randy Seiler,Democratic,145558,44.84,False,False
2018,South Dakota,SD,attorney general,2018 South Dakota Attorney General election,Total,,,324629,100.0,False,False
2018,South Dakota,SD,governor,2018 South Dakota gubernatorial election,Winning,Kristi Noem,Republican,172912,50.97,True,False
2018,South Dakota,SD,governor,2018 South Dakota gubernatorial election,Candidate,Billie Sutton,Democratic,161454,47.6,False,False
2018,South Dakota,SD,governor,2018 South Dakota gubernatorial election,Candidate,Kurt Evans,Libertarian,4848,1.43,False,False
2018,South Dakota,SD,governor,2018 South Dakota gubernatorial election,Total,,,339214,100.0,False,False
2018,Tennessee,TN,governor,2018 Tennessee gubernatorial election,Winning,Bill Lee,Republican,1336106,59.56,True,False
2018,Tennessee,TN,governor,2018 Tennessee gubernatorial election,Candidate,Karl Dean,Democratic,864863,38.55,False,False
2018,Tennessee,TN,governor,2018 Tennessee gubernatorial election,Candidate,Sherry L. Clark,Independent,5198,0.23,False,False
2018,Tennessee,TN,governor,2018 Tennessee gubernatorial election,Candidate,Mark Wright,Independent,4687,0.21,False,False
2018,Tennessee,TN,governor,2018 Tennessee gubernatorial election,Candidate,Patrick Whitlock,Independent,3631,0.16,False,False
2018,Tennessee,TN,governor,2018 Tennessee gubernatorial election,Candidate,Yvonne Neubert,Independent,3070,0.14,False,False
2018,Tennessee,TN,governor,2018 Tennessee gubernatorial election,Candidate,Heather Scott,Independent,2969,0.13,False,False
2018,Tennessee,TN,governor,2018 Tennessee gubernatorial election,Candidate,Mark CoonRippy Brown,Independent,2841,0.13,False,False
2018,Tennessee,TN,governor,2018 Tennessee gubernatorial election,Candidate,Joe B. Wilmoth,Independent,2444,0.11,False,False
2018,Tennessee,TN,governor,2018 Tennessee gubernatorial election,Candidate,George Blackwell Smith IV,Independent,1550,0.07,False,False
2018,Tennessee,TN,governor,2018 Tennessee gubernatorial election,Candidate,Cory King,Independent,1502,0.07,False,False
2018,Tennessee,TN,governor,2018 Tennessee gubernatorial election,Candidate,Tracy C. Yaste Tisdale,Independent,1396,0.06,False,False
2018,Tennessee,TN,governor,2018 Tennessee gubernatorial election,Candidate,Justin Cornett,Independent,1217,0.05,False,False
2018,Tennessee,TN,governor,2018 Tennessee gubernatorial election,Candidate,Chad Riden,Independent,1096,0.05,False,False
2018,Tennessee,TN,governor,2018 Tennessee gubernatorial election,Candidate,Robert Sawyers Sr.,Independent,1059,0.05,False,False
2018,Tennessee,TN,governor,2018 Tennessee gubernatorial election,Candidate,Vinnie Vineyard,Independent,1012,0.05,False,False
2018,Tennessee,TN,governor,2018 Tennessee gubernatorial election,Candidate,Rick Tyler,Independent,981,0.04,False,False
2018,Tennessee,TN,governor,2018 Tennessee gubernatorial election,Candidate,Gabriel Fancher,Independent,869,0.04,False,False
2018,Tennessee,TN,governor,2018 Tennessee gubernatorial election,Candidate,Sean Bruce Fleming,Independent,814,0.04,False,False
2018,Tennessee,TN,governor,2018 Tennessee gubernatorial election,Candidate,Alfred Shawm Rapoza,Independent,800,0.04,False,False
2018,Tennessee,TN,governor,2018 Tennessee gubernatorial election,Candidate,Jessie D. McDonald,Independent,755,0.03,False,False
2018,Tennessee,TN,governor,2018 Tennessee gubernatorial election,Candidate,Toney Randall Mitchell,Independent,739,0.03,False,False
2018,Tennessee,TN,governor,2018 Tennessee gubernatorial election,Candidate,Mike Toews,Independent,726,0.03,False,False
2018,Tennessee,TN,governor,2018 Tennessee gubernatorial election,Candidate,Matthew Koch,Independent,652,0.03,False,False
2018,Tennessee,TN,governor,2018 Tennessee gubernatorial election,Candidate,Jeremy Allen Stephenson,Independent,613,0.03,False,False
2018,Tennessee,TN,governor,2018 Tennessee gubernatorial election,Candidate,Tommy Ray McAnally,Independent,609,0.03,False,False
2018,Tennessee,TN,governor,2018 Tennessee gubernatorial election,Candidate,Jaron D. Weidner,Independent,588,0.03,False,False
2018,Tennessee,TN,governor,2018 Tennessee gubernatorial election,Candidate,William Andrew Helmstetter,Independent,496,0.02,False,False
2018,Tennessee,TN,governor,2018 Tennessee gubernatorial election,Write-in,,,11,0.0,False,False
2018,Tennessee,TN,governor,2018 Tennessee gubernatorial election,Total,,,2243294,100.0,False,False
2018,Texas,TX,attorney general,General election results,Winning,Ken Paxton,Republican,4193207,50.57,True,True
2018,Texas,TX,attorney general,General election results,Candidate,Justin Nelson,Democratic,3898098,47.01,False,False
2018,Texas,TX,attorney general,General election results,Candidate,Michael Ray Harris,Libertarian,201310,2.43,False,False
2018,Texas,TX,attorney general,General election results,Total,,,8292615,100.0,False,False
2018,Texas,TX,governor,2018 Texas gubernatorial election,Winning,Greg Abbott,Republican,4656196,55.81,True,True
2018,Texas,TX,governor,2018 Texas gubernatorial election,Candidate,Lupe Valdez,Democratic,3546615,42.51,False,False
2018,Texas,TX,governor,2018 Texas gubernatorial election,Candidate,Mark Tippetts,Libertarian,140632,1.69,False,False
2018,Texas,TX,governor,2018 Texas gubernatorial election,Total,,,8343443,100.0,False,False
2018,Vermont,VT,governor,2018 Vermont gubernatorial election,Winning,Phil Scott,Republican,151261,55.19,True,True
2018,Vermont,VT,governor,2018 Vermont gubernatorial election,Candidate,Christine Hallquist,Democratic,110335,40.25,False,False
2018,Vermont,VT,governor,2018 Vermont gubernatorial election,Candidate,Trevor Barlow,Independent,3266,1.19,False,False
2018,Vermont,VT,governor,2018 Vermont gubernatorial election,Candidate,Charles Laramie,Independent,2287,0.83,False,False
2018,Vermont,VT,governor,2018 Vermont gubernatorial election,Candidate,Cris Ericson,Marijuana,2129,0.78,False,False
2018,Vermont,VT,governor,2018 Vermont gubernatorial election,Candidate,Stephen Marx,Earth Rights,1855,0.68,False,False
2018,Vermont,VT,governor,2018 Vermont gubernatorial election,Candidate,Emily Peyton,Union,1839,0.66,False,False
2018,Vermont,VT,governor,2018 Vermont gubernatorial election,Write-in,,,1115,0.41,False,False
2018,Vermont,VT,governor,2018 Vermont gubernatorial election,Total,,,274087,100.0,False,False
2018,Wisconsin,WI,attorney general,"Wisconsin Attorney General election, 2018",Winning,Josh Kaul,Democratic,1305902,49.41,True,False
2018,Wisconsin,WI,attorney general,"Wisconsin Attorney General election, 2018",Candidate,Brad Schimel,Republican,1288712,48.76,False,True
2018,Wisconsin,WI,attorney general,"Wisconsin Attorney General election, 2018",Candidate,Terry Larson,Constitution,47038,1.78,False,False
2018,Wisconsin,WI,attorney general,"Wisconsin Attorney General election, 2018",Write-in,,,1199,0.05,False,False
2018,Wisconsin,WI,attorney general,"Wisconsin Attorney General election, 2018",Total,,,2642851,100.0,False,False
2018,Wisconsin,WI,governor,2018 Wisconsin gubernatorial election,Winning,Tony Evers,Democratic,1324307,49.54,True,False
2018,Wisconsin,WI,governor,2018 Wisconsin gubernatorial election,Candidate,Scott Walker,Republican,1295080,48.44,False,True
2018,Wisconsin,WI,governor,2018 Wisconsin gubernatorial election,Candidate,Phil Anderson,Libertarian,20225,0.76,False,False
2018,Wisconsin,WI,governor,2018 Wisconsin gubernatorial election,Candidate,Margaret Turnbull,Independent,18884,0.71,False,False
2018,Wisconsin,WI,governor,2018 Wisconsin gubernatorial election,Candidate,Michael J. White,Green,11087,0.41,False,False
2018,Wisconsin,WI,governor,2018 Wisconsin gubernatorial election,Candidate,Arnie Enz,Independent,2745,0.1,False,False
2018,Wisconsin,WI,governor,2018 Wisconsin gubernatorial election,Write-in,,,980,0.04,False,False
2018,Wisconsin,WI,governor,2018 Wisconsin gubernatorial election,Total,,,2673308,100.0,False,False
2018,Wyoming,WY,governor,2018 Wyoming gubernatorial election,Winning,Mark Gordon,Republican,136412,67.12,True,False
2018,Wyoming,WY,governor,2018 Wyoming gubernatorial election,Candidate,Mary Throne,Democratic,55965,27.54,False,False
2018,Wyoming,WY,governor,2018 Wyoming gubernatorial election,Candidate,Rex Rammell,Constitution,6751,3.32,False,False
2018,Wyoming,WY,governor,2018 Wyoming gubernatorial election,Candidate,Lawrence Struempf,Libertarian,3010,1.48,False,False
2018,Wyoming,WY,governor,2018 Wyoming gubernatorial election,Write-in,,,1100,0.54,False,False
2018,Wyoming,WY,governor,2018 Wyoming gubernatorial election,Total,,,203238,100.0,False,False
2019,Kentucky,KY,attorney general,"Kentucky Attorney General election, 2019",Winning,Daniel Cameron,Republican,823343,57.8,True,False
2019,Kentucky,KY,attorney general,"Kentucky Attorney General election, 2019",Candidate,Greg Stumbo,Democratic,602218,42.2,False,False
2019,Kentucky,KY,attorney general,"Kentucky Attorney General election, 2019",Total,,,1425561,100.0,False,False
2019,Kentucky,KY,governor,2019 Kentucky gubernatorial election,Winning,Andy Beshear,Democratic,709890,49.19,True,False
2019,Kentucky,KY,governor,2019 Kentucky gubernatorial election,Candidate,Matthew G. Bevin,Republican,704754,48.84,False,True
2019,Kentucky,KY,governor,2019 Kentucky gubernatorial election,Candidate,John Hicks,Libertarian,28433,1.97,False,False
2019,Kentucky,KY,governor,2019 Kentucky gubernatorial election,Candidate,Blackii Effing Whyte,Write-in,46,0.0,False,False
2019,Kentucky,KY,governor,2019 Kentucky gubernatorial election,Total,,,1443123,100.0,False,False
2019,Louisiana,LA,attorney general,"Louisiana Attorney General election, 2019",Winning,Jeff Landry,Republican,855338,66.21,True,True
2019,Louisiana,LA,attorney general,"Louisiana Attorney General election, 2019",Candidate,Ike Jackson,Democratic,436531,33.79,False,False
2019,Louisiana,LA,attorney general,"Louisiana Attorney General election, 2019",Total,,,1291869,100.0,False,False
2019,Louisiana,LA,governor,2019 Louisiana gubernatorial election runoff,Winning,John Bel Edwards,Democratic,774498,51.33,True,True
2019,Louisiana,LA,governor,2019 Louisiana gubernatorial election runoff,Candidate,Eddie Rispone,Republican,734286,48.67,False,False
2019,Louisiana,LA,governor,2019 Louisiana gubernatorial election runoff,Total,,,1508784,100.0,False,False
2019,Mississippi,MS,attorney general,2019 Mississippi Attorney General election,Winning,Lynn Fitch,Republican,507468,57.83,True,False
2019,Mississippi,MS,attorney general,2019 Mississippi Attorney General election,Candidate,Jennifer Riley Collins,Democratic,370068,42.17,False,False
2019,Mississippi,MS,attorney general,2019 Mississippi Attorney General election,Total,,,877536,100.0,False,False
2020,Delaware,DE,governor,"Delaware gubernatorial election, 2020",Winning,John Carney,Democratic,292903,59.46,True,True
2020,Delaware,DE,governor,"Delaware gubernatorial election, 2020",Candidate,Julianne Murray,Republican,190312,38.63,False,False
2020,Delaware,DE,governor,"Delaware gubernatorial election, 2020",Candidate,Kathy DeMatteis,Independent,6150,1.25,False,False
2020,Delaware,DE,governor,"Delaware gubernatorial election, 2020",Candidate,John Machurek,Libertarian,3270,0.66,False,False
2020,Delaware,DE,governor,"Delaware gubernatorial election, 2020",Total,,,492635,100.0,False,False
2020,Indiana,IN,attorney general,2020 Indiana attorney general election,Winning,Todd Rokita,Republican,1722007,58.34,True,False
2020,Indiana,IN,attorney general,2020 Indiana attorney general election,Candidate,Jonathan Weinzapfel,Democratic,1229644,41.66,False,False
2020,Indiana,IN,attorney general,2020 Indiana attorney general election,Total,,,2951651,100.0,False,False
2020,Indiana,IN,governor,"Indiana gubernatorial election, 2020",Winning,Eric Holcomb,Republican,1706727,56.51,True,True
2020,Indiana,IN,governor,"Indiana gubernatorial election, 2020",Candidate,Woody Myers,Democratic,968094,32.05,False,False
2020,Indiana,IN,governor,"Indiana gubernatorial election, 2020",Candidate,Donald Rainwater,Libertarian,345567,11.44,False,False
2020,Indiana,IN,governor,"Indiana gubernatorial election, 2020",Total,,,3020388,100.0,False,False
2020,Missouri,MO,attorney general,"Missouri Attorney General election, 2020",Winning,Eric Schmitt,Republican,1752792,59.38,True,True
2020,Missouri,MO,attorney general,"Missouri Attorney General election, 2020",Candidate,Rich Finneran,Democratic,1117713,37.87,False,False
2020,Missouri,MO,attorney general,"Missouri Attorney General election, 2020",Candidate,Kevin C. Babock,Libertarian,81100,2.75,False,False
2020,Missouri,MO,attorney general,"Missouri Attorney General election, 2020",Total,,,2951605,100.0,False,False
2020,Missouri,MO,secretary of state,"Missouri Secretary of State election, 2020",Winning,Jay Ashcroft,Republican,1790873,60.59,True,True
2020,Missouri,MO,secretary of state,"Missouri Secretary of State election, 2020",Candidate,Yinka Faleti,Democratic,1072415,36.28,False,False
2020,Missouri,MO,secretary of state,"Missouri Secretary of State election, 2020",Candidate,Carl Herman Freese,Libertarian,55320,1.87,False,False
2020,Missouri,MO,secretary of state,"Missouri Secretary of State election, 2020",Candidate,Paul Lehmann,Green,23981,0.81,False,False
2020,Missouri,MO,secretary of state,"Missouri Secretary of State election, 2020",Candidate,Paul Venable,Constitution,13066,0.44,False,False
2020,Missouri,MO,secretary of state,"Missouri Secretary of State election, 2020",Total,,,2955655,100.0,False,False
2020,Missouri,MO,state treasurer,2020 Missouri State Treasurer election,Winning,Scott Fitzpatrick,Republican,1742943,59.1,True,True
2020,Missouri,MO,state treasurer,2020 Missouri State Treasurer election,Candidate,Vicki Englund,Democratic,1122547,38.06,False,False
2020,Missouri,MO,state treasurer,2020 Missouri State Treasurer election,Candidate,Nick Kasoff,Libertarian,64615,2.19,False,False
2020,Missouri,MO,state treasurer,2020 Missouri State Treasurer election,Candidate,Joseph Civettini,Green,19107,0.65,False,False
2020,Missouri,MO,state treasurer,2020 Missouri State Treasurer election,Total,,,2949212,100.0,False,False
2020,Missouri,MO,governor,"Missouri gubernatorial election, 2020",Winning,Mike Parson,Republican,1720202,57.11,True,True
2020,Missouri,MO,governor,"Missouri gubernatorial election, 2020",Candidate,Nicole Galloway,Democratic,1225771,40.69,False,False
2020,Missouri,MO,governor,"Missouri gubernatorial election, 2020",Candidate,Rik Combs,Libertarian,49067,1.63,False,False
2020,Missouri,MO,governor,"Missouri gubernatorial election, 2020",Candidate,Jerome Bauer,Green,17234,0.57,False,False
2020,Missouri,MO,governor,"Missouri gubernatorial election, 2020",Write-in,,,13,0.0,False,False
2020,Missouri,MO,governor,"Missouri gubernatorial election, 2020",Total,,,3012287,100.0,False,False
2020,Montana,MT,attorney general,2020 Montana Attorney General election,Winning,Austin Knudsen,Republican,348322,58.51,True,False
2020,Montana,MT,attorney general,2020 Montana Attorney General election,Candidate,Raph Graybill,Democratic,247025,41.49,False,False
2020,Montana,MT,attorney general,2020 Montana Attorney General election,Total,,,595347,100.0,False,False
2020,Montana,MT,secretary of state,2020 Montana Secretary of State election,Winning,Christi Jacobsen,Republican,352939,59.56,True,False
2020,Montana,MT,secretary of state,2020 Montana Secretary of State election,Candidate,Bryce Bennett,Democratic,239617,40.44,False,False
2020,Montana,MT,secretary of state,2020 Montana Secretary of State election,Total,,,592556,100.0,False,False
2020,Montana,MT,governor,2020 Montana gubernatorial election,Winning,Greg Gianforte,Republican,328548,54.43,True,False
2020,Montana,MT,governor,2020 Montana gubernatorial election,Candidate,Mike Cooney,Democratic,250860,41.56,False,False
2020,Montana,MT,governor,2020 Montana gubernatorial election,Candidate,Lyman Bishop,Libertarian,24179,4.01,False,False
2020,Montana,MT,governor,2020 Montana gubernatorial election,Write-in,,,21,0.0,False,False
2020,Montana,MT,governor,2020 Montana gubernatorial election,Total,,,603608,100.0,False,False
2020,New Hampshire,NH,governor,2020 New Hampshire gubernatorial election,Winning,Chris Sununu,Republican,516609,65.12,True,True
2020,New Hampshire,NH,governor,2020 New Hampshire gubernatorial election,Candidate,Dan Feltes,Democratic,264639,33.36,False,False
2020,New Hampshire,NH,governor,2020 New Hampshire gubernatorial election,Candidate,Darryl W. Perry,Libertarian,11329,1.43,False,False
2020,New Hampshire,NH,governor,2020 New Hampshire gubernatorial election,Write-in,,,683,0.09,False,False
2020,New Hampshire,NH,governor,2020 New Hampshire gubernatorial election,Total,,,793260,100.0,False,False
2020,North Carolina,NC,attorney general,"North Carolina Attorney General election, 2020",Winning,Josh Stein,Democratic,2713400,50.13,True,True
2020,North Carolina,NC,attorney general,"North Carolina Attorney General election, 2020",Candidate,Jim O'Neill,Republican,2699778,49.87,False,False
2020,North Carolina,NC,attorney general,"North Carolina Attorney General election, 2020",Total,,,5413178,100.0,False,False
2020,North Carolina,NC,secretary of state,2020 North Carolina Secretary of State election,Winning,Elaine Marshall,Democratic,2755571,51.16,True,True
2020,North Carolina,NC,secretary of state,2020 North Carolina Secretary of State election,Candidate,E.C. Sykes,Republican,2630559,48.84,False,False
2020,North Carolina,NC,secretary of state,2020 North Carolina Secretary of State election,Total,,,5386130,100.0,False,False
2020,North Carolina,NC,governor,2020 North Carolina gubernatorial election,Winning,Roy Cooper,Democratic,2834790,51.52,True,True
2020,North Carolina,NC,governor,2020 North Carolina gubernatorial election,Candidate,Dan Forest,Republican,2586605,47.01,False,False
2020,North Carolina,NC,governor,2020 North Carolina gubernatorial election,Candidate,Steven J. DiFiore,Libertarian,60449,1.1,False,False
2020,North Carolina,NC,governor,2020 North Carolina gubernatorial election,Candidate,Al Pisano,Constitution,20934,0.38,False,False
2020,North Carolina,NC,governor,2020 North Carolina gubernatorial election,Total,,,5502778,100.0,False,False
2020,North Dakota,ND,governor,"North Dakota gubernatorial election, 2020",Winning,Doug Burgum,Republican,235479,65.84,True,True
2020,North Dakota,ND,governor,"North Dakota gubernatorial election, 2020",Candidate,Shelley Lenz,North Dakota Democratic–nonpartisan League,90789,25.38,False,False
2020,North Dakota,ND,governor,"North Dakota gubernatorial election, 2020",Candidate,DuWayne Hendrickson,Libertarian,13853,3.87,False,False
2020,North Dakota,ND,governor,"North Dakota gubernatorial election, 2020",Write-in,,,17538,4.9,False,False
2020,North Dakota,ND,governor,"North Dakota gubernatorial election, 2020",Total,,,357659,100.0,False,False
2020,Oregon,OR,attorney general,2020 Oregon Attorney General election,Winning,Ellen Rosenblum,Democratic,1264716,55.97,True,True
2020,Oregon,OR,attorney general,2020 Oregon Attorney General election,Candidate,Michael Cross,Republican,934357,41.35,False,False
2020,Oregon,OR,attorney general,2020 Oregon Attorney General election,Candidate,Lars Hedbor,Libertarian,52087,2.31,False,False
2020,Oregon,OR,attorney general,2020 Oregon Attorney General election,Write-in,,,8490,0.38,False,False
2020,Oregon,OR,attorney general,2020 Oregon Attorney General election,Total,,,2259650,100.0,False,False
2020,Oregon,OR,secretary of state,2020 Oregon Secretary of State election,Winning,Shemia Fagan,Democratic,1146370,50.31,True,False
2020,Oregon,OR,secretary of state,2020 Oregon Secretary of State election,Candidate,Kim Thatcher,Republican,984597,43.21,False,False
2020,Oregon,OR,secretary of state,2020 Oregon Secretary of State election,Candidate,Nathalie Paravicini,Green,82211,3.61,False,False
2020,Oregon,OR,secretary of state,2020 Oregon Secretary of State election,Candidate,Kyle Markley,Libertarian,62985,2.76,False,False
2020,Oregon,OR,secretary of state,2020 Oregon Secretary of State election,Write-in,,,2340,0.1,False,False
2020,Oregon,OR,secretary of state,2020 Oregon Secretary of State election,Total,,,2278503,100.0,False,False
2020,Oregon,OR,state treasurer,2020 Oregon State Treasurer election,Winning,Tobias Read,Democratic,1166703,51.68,True,True
2020,Oregon,OR,state treasurer,2020 Oregon State Treasurer election,Candidate,Jeff Gudman,Republican,936916,41.5,False,False
2020,Oregon,OR,state treasurer,2020 Oregon State Treasurer election,Candidate,Chris Henry,Independent,99870,4.42,False,False
2020,Oregon,OR,state treasurer,2020 Oregon State Treasurer election,Candidate,Michael Marsh,Constitution,51894,2.3,False,False
2020,Oregon,OR,state treasurer,2020 Oregon State Treasurer election,Write-in,,,2072,0.09,False,False
2020,Oregon,OR,state treasurer,2020 Oregon State Treasurer election,Total,,,2257455,100.0,False,False
2020,Pennsylvania,PA,attorney general,"Pennsylvania Attorney General election, 2020",Winning,Josh Shapiro,Democratic,3461472,50.85,True,True
2020,Pennsylvania,PA,attorney general,"Pennsylvania Attorney General election, 2020",Candidate,Heather Heidelbaugh,Republican,3153831,46.33,False,False
2020,Pennsylvania,PA,attorney general,"Pennsylvania Attorney General election, 2020",Candidate,Daniel Wassmer,Libertarian,120489,1.77,False,False
2020,Pennsylvania,PA,attorney general,"Pennsylvania Attorney General election, 2020",Candidate,Richard L. Weiss,Green,70804,1.04,False,False
2020,Pennsylvania,PA,attorney general,"Pennsylvania Attorney General election, 2020",Total,,,6806596,100.0,False,False
2020,Pennsylvania,PA,state treasurer,"Pennsylvania State Treasurer election, 2020",Winning,Stacy Garrity,Republican,3291877,48.68,True,False
2020,Pennsylvania,PA,state treasurer,"Pennsylvania State Treasurer election, 2020",Candidate,Joe Torsella,Democratic,3239331,47.91,False,True
2020,Pennsylvania,PA,state treasurer,"Pennsylvania State Treasurer election, 2020",Candidate,Joseph Soloski,Libertarian,148614,2.2,False,False
2020,Pennsylvania,PA,state treasurer,"Pennsylvania State Treasurer election, 2020",Candidate,Timothy Runkle,Green,81984,1.21,False,False
2020,Pennsylvania,PA,state treasurer,"Pennsylvania State Treasurer election, 2020",Total,,,6761806,100.0,False,False
2020,Utah,UT,attorney general,2020 Utah Attorney General election,Winning,Sean Reyes,Republican,878853,60.58,True,True
2020,Utah,UT,attorney general,2020 Utah Attorney General election,Candidate,Greg Skordas,Democratic,489499,33.74,False,False
2020,Utah,UT,attorney general,2020 Utah Attorney General election,Candidate,Rudy Bautista,Libertarian,82444,5.68,False,False
2020,Utah,UT,attorney general,2020 Utah Attorney General election,Total,,,1450797,100.0,False,False
2020,Utah,UT,governor,2020 Utah gubernatorial election,Winning,Spencer Cox,Republican,918754,62.98,True,False
2020,Utah,UT,governor,2020 Utah gubernatorial election,Candidate,Christopher Peterson,Democratic,442754,30.35,False,False
2020,Utah,UT,governor,2020 Utah gubernatorial election,Candidate,Daniel Cottam,Libertarian,51393,3.52,False,False
2020,Utah,UT,governor,2020 Utah gubernatorial election,Candidate,Gregory Duerden,Independent American,25810,1.77,False,False
2020,Utah,UT,governor,2020 Utah gubernatorial election,Write-in,,,20167,1.38,False,False
2020,Utah,UT,governor,2020 Utah gubernatorial election,Total,,,1458878,100.0,False,False
2020,Vermont,VT,governor,2020 Vermont gubernatorial election,Winning,Phil Scott,Republican,248412,68.49,True,True
2020,Vermont,VT,governor,2020 Vermont gubernatorial election,Candidate,David Zuckerman,Progressive,99214,27.35,False,False
2020,Vermont,VT,governor,2020 Vermont gubernatorial election,Candidate,Kevin Hoyt,Independent,4576,1.26,False,False
2020,Vermont,VT,governor,2020 Vermont gubernatorial election,Candidate,Emily Peyton,Independent,3505,0.97,False,False
2020,Vermont,VT,governor,2020 Vermont gubernatorial election,Candidate,Erynn Hazlett Whitney,Independent,1777,0.49,False,False
2020,Vermont,VT,governor,2020 Vermont gubernatorial election,Candidate,Wayne Billado III,Independent,1431,0.39,False,False
2020,Vermont,VT,governor,2020 Vermont gubernatorial election,Candidate,Michael A. Devost,Independent,1160,0.32,False,False
2020,Vermont,VT,governor,2020 Vermont gubernatorial election,Candidate,Charly Dickerson,Independent,1037,0.29,False,False
2020,Vermont,VT,governor,2020 Vermont gubernatorial election,Write-in,,,1599,0.44,False,False
2020,Vermont,VT,governor,2020 Vermont gubernatorial election,Total,,,362711,100.0,False,False
2020,Washington,WA,attorney general,2020 Washington Attorney General election,Winning,Bob Ferguson,Democratic,2226418,56.43,True,True
2020,Washington,WA,attorney general,2020 Washington Attorney General election,Candidate,Matt Larkin,Republican,1714927,43.47,False,False
2020,Washington,WA,attorney general,2020 Washington Attorney General election,Write-in,,,3968,0.1,False,False
2020,Washington,WA,attorney general,2020 Washington Attorney General election,Total,,,3945313,100.0,False,False
2020,Washington,WA,secretary of state,2020 Washington Secretary of State election,Winning,Kim Wyman,Republican,2116141,53.61,True,True
2020,Washington,WA,secretary of state,2020 Washington Secretary of State election,Candidate,Gael Tarleton,Democratic,1826710,46.27,False,False
2020,Washington,WA,secretary of state,2020 Washington Secretary of State election,Write-in,,,4666,0.12,False,False
2020,Washington,WA,secretary of state,2020 Washington Secretary of State election,Total,,,3947517,100.0,False,False
2020,Washington,WA,state treasurer,2020 Washington State Treasurer election,Winning,Mike Pellicciotti,Democratic,2089159,53.41,True,False
2020,Washington,WA,state treasurer,2020 Washington State Treasurer election,Candidate,Duane Davidson,Republican,1818895,46.5,False,True
2020,Washington,WA,state treasurer,2020 Washington State Treasurer election,Write-in,,,3339,0.09,False,False
2020,Washington,WA,state treasurer,2020 Washington State Treasurer election,Total,,,3911393,100.0,False,False
2020,Washington,WA,governor,2020 Washington gubernatorial election,Winning,Jay Inslee,Democratic,2294243,56.56,True,True
2020,Washington,WA,governor,2020 Washington gubernatorial election,Candidate,Loren Culp,Republican,1749066,43.12,False,False
2020,Washington,WA,governor,2020 Washington gubernatorial election,Write-in,,,13145,0.32,False,False
2020,Washington,WA,governor,2020 Washington gubernatorial election,Total,,,4056454,100.0,False,False
2020,West Virginia,WV,secretary of state,2020 West Virginia Secretary of State election,Winning,Mac Warner,Republican,447537,58.26,True,True
2020,West Virginia,WV,secretary of state,2020 West Virginia Secretary of State election,Candidate,Natalie Tennant,Democratic,320650,41.74,False,False
2020,West Virginia,WV,secretary of state,2020 West Virginia Secretary of State election,Total,,,768187,100.0,False,False
2020,West Virginia,WV,state treasurer,2020 West Virginia State Treasurer election,Winning,Riley Moore,Republican,425745,56.31,True,False
2020,West Virginia,WV,state treasurer,2020 West Virginia State Treasurer election,Candidate,John Perdue,Democratic,330316,43.69,False,True
2020,West Virginia,WV,state treasurer,2020 West Virginia State Treasurer election,Total,,,756061,100.0,False,False
2020,West Virginia,WV,governor,"West Virginia gubernatorial election, 2020",Winning,Jim Justice,Republican,497944,63.49,True,True
2020,West Virginia,WV,governor,"West Virginia gubernatorial election, 2020",Candidate,Ben Salango,Democratic,237024,30.22,False,False
2020,West Virginia,WV,governor,"West Virginia gubernatorial election, 2020",Candidate,Erika Kolenich,Libertarian,22527,2.87,False,False
2020,West Virginia,WV,governor,"West Virginia gubernatorial election, 2020",Candidate,S. Marshall Wilson (write-in),Together,15120,1.93,False,False
2020,West Virginia,WV,governor,"West Virginia gubernatorial election, 2020",Candidate,Daniel Lutz,Mountain,11309,1.44,False,False
2020,West Virginia,WV,governor,"West Virginia gubernatorial election, 2020",Write-in,,,363,0.05,False,False
2020,West Virginia,WV,governor,"West Virginia gubernatorial election, 2020",Total,,,784287,100.0,False,False
2021,California,CA,governor,2021 California gubernatorial recall election (question 2),Candidate,Larry Elder,Republican,3563867,48.4,False,False
2021,California,CA,governor,2021 California gubernatorial recall election (question 2),Candidate,Kevin Paffrath,Democratic,706778,9.6,False,False
2021,California,CA,governor,2021 California gubernatorial recall election (question 2),Candidate,Kevin Faulconer,Republican,590346,8.0,False,False
2021,California,CA,governor,2021 California gubernatorial recall election (question 2),Candidate,Brandon M. Ross,Democratic,392029,5.3,False,False
2021,California,CA,governor,2021 California gubernatorial recall election (question 2),Candidate,John Cox,Republican,305095,4.1,False,False
2021,California,CA,governor,2021 California gubernatorial recall election (question 2),Candidate,Kevin Kiley,Republican,255490,3.5,False,False
2021,California,CA,governor,2021 California gubernatorial recall election (question 2),Candidate,Jacqueline McGowan,Democratic,214242,2.9,False,False
2021,California,CA,governor,2021 California gubernatorial recall election (question 2),Candidate,Joel Ventresca,Democratic,186345,2.5,False,False
2021,California,CA,governor,2021 California gubernatorial recall election (question 2),Candidate,Daniel Watts,Democratic,167355,2.3,False,False
2021,California,CA,governor,2021 California gubernatorial recall election (question 2),Candidate,Holly L. Baade,Democratic,92218,1.3,False,False
2021,California,CA,governor,2021 California gubernatorial recall election (question 2),Candidate,Patrick Kilpatrick,Democratic,86617,1.2,False,False
2021,California,CA,governor,2021 California gubernatorial recall election (question 2),Candidate,"Armando ""Mando"" Perez-Serrato",Democratic,85061,1.2,False,False
2021,California,CA,governor,2021 California gubernatorial recall election (question 2),Candidate,Caitlyn Jenner,Republican,75215,1.0,False,False
2021,California,CA,governor,2021 California gubernatorial recall election (question 2),Candidate,John R. Drake,Democratic,68545,0.9,False,False
2021,California,CA,governor,2021 California gubernatorial recall election (question 2),Candidate,Dan Kapelovitz,Green,64375,0.9,False,False
2021,California,CA,governor,2021 California gubernatorial recall election (question 2),Candidate,Jeff Hewitt,Libertarian,50378,0.7,False,False
2021,California,CA,governor,2021 California gubernatorial recall election (question 2),Candidate,Ted Gaines,Republican,47937,0.7,False,False
2021,California,CA,governor,2021 California gubernatorial recall election (question 2),Candidate,Angelyne,No party preference,35900,0.5,False,False
2021,California,CA,governor,2021 California gubernatorial recall election (question 2),Candidate,David Moore,No party preference,31224,0.4,False,False
2021,California,CA,governor,2021 California gubernatorial recall election (question 2),Candidate,Anthony Trimino,Republican,28101,0.4,False,False
2021,California,CA,governor,2021 California gubernatorial recall election (question 2),Candidate,Doug Ose,Republican,26204,0.4,False,False
2021,California,CA,governor,2021 California gubernatorial recall election (question 2),Candidate,Michael Loebs,No party preference,25468,0.3,False,False
2021,California,CA,governor,2021 California gubernatorial recall election (question 2),Candidate,Heather Collins,Green,24260,0.3,False,False
2021,California,CA,governor,2021 California gubernatorial recall election (question 2),Candidate,Major Singh,No party preference,21394,0.3,False,False
2021,California,CA,governor,2021 California gubernatorial recall election (question 2),Candidate,David Lozano,Republican,19945,0.3,False,False
2021,California,CA,governor,2021 California gubernatorial recall election (question 2),Candidate,Denver Stoner,Republican,19588,0.3,False,False
2021,California,CA,governor,2021 California gubernatorial recall election (question 2),Candidate,Sam Gallucci,Republican,18134,0.2,False,False
2021,California,CA,governor,2021 California gubernatorial recall election (question 2),Candidate,Steve Chavez Lodge,Republican,17435,0.2,False,False
2021,California,CA,governor,2021 California gubernatorial recall election (question 2),Candidate,Jenny Rae Le Roux,Republican,16032,0.2,False,False
2021,California,CA,governor,2021 California gubernatorial recall election (question 2),Candidate,David Alexander Bramante,Republican,11501,0.2,False,False
2021,California,CA,governor,2021 California gubernatorial recall election (question 2),Candidate,Diego Martinez,Republican,10860,0.1,False,False
2021,California,CA,governor,2021 California gubernatorial recall election (question 2),Candidate,Robert C. Newman II,Republican,10602,0.1,False,False
2021,California,CA,governor,2021 California gubernatorial recall election (question 2),Candidate,Sarah Stephens,Republican,10583,0.1,False,False
2021,California,CA,governor,2021 California gubernatorial recall election (question 2),Candidate,Dennis Richter,No party preference,10468,0.1,False,False
2021,California,CA,governor,2021 California gubernatorial recall election (question 2),Candidate,Major Williams (write-in),Republican,8965,0.1,False,False
2021,California,CA,governor,2021 California gubernatorial recall election (question 2),Candidate,Denis Lucey,No party preference,8182,0.1,False,False
2021,California,CA,governor,2021 California gubernatorial recall election (question 2),Candidate,James G. Hanink,No party preference,7193,0.1,False,False
2021,California,CA,governor,2021 California gubernatorial recall election (question 2),Candidate,Daniel Mercuri,Republican,7110,0.1,False,False
2021,California,CA,governor,2021 California gubernatorial recall election (question 2),Candidate,"Chauncey ""Slim"" Killens",Republican,6879,0.1,False,False
2021,California,CA,governor,2021 California gubernatorial recall election (question 2),Candidate,Leo S. Zacky,Republican,6099,0.1,False,False
2021,California,CA,governor,2021 California gubernatorial recall election (question 2),Candidate,Kevin Kaul,No party preference,5600,0.1,False,False
2021,California,CA,governor,2021 California gubernatorial recall election (question 2),Candidate,David Hillberg,Republican,4435,0.1,False,False
2021,California,CA,governor,2021 California gubernatorial recall election (question 2),Candidate,Adam Papagan,No party preference,4021,0.1,False,False
2021,California,CA,governor,2021 California gubernatorial recall election (question 2),Candidate,Rhonda Furin,Republican,3964,0.1,False,False
2021,California,CA,governor,2021 California gubernatorial recall election (question 2),Candidate,Nickolas Wildstar,Republican,3811,0.1,False,False
2021,California,CA,governor,2021 California gubernatorial recall election (question 2),Candidate,"Jeremiah ""Jeremy"" Marciniak",No party preference,2894,0.0,False,False
2021,California,CA,governor,2021 California gubernatorial recall election (question 2),Candidate,Joe M. Symmon,Republican,2397,0.0,False,False
2021,California,CA,governor,2021 California gubernatorial recall election (question 2),Candidate,Miki Habryn (write-in),No party preference,137,0.0,False,False
2021,California,CA,governor,2021 California gubernatorial recall election (question 2),Candidate,Roxanne (write-in),Democratic,116,0.0,False,False
2021,California,CA,governor,2021 California gubernatorial recall election (question 2),Candidate,Stacy Smith (write-in),Democratic,81,0.0,False,False
2021,California,CA,governor,2021 California gubernatorial recall election (question 2),Candidate,Vivek B. Mohan (write-in),No party preference,68,0.0,False,False
2021,California,CA,governor,2021 California gubernatorial recall election (question 2),Candidate,Thuy E. Hugens (write-in),Independent,19,0.0,False,False
2021,California,CA,governor,2021 California gubernatorial recall election (question 2),Candidate,Vince Lundgren (write-in),No party preference,5,0.0,False,False
2021,California,CA,governor,2021 California gubernatorial recall election (question 2),Total,,,7361568,100.0,False,False
2021,New Jersey,NJ,governor,2021 New Jersey gubernatorial election,Winning,Phil Murphy,Democratic,1339471,51.22,True,True
2021,New Jersey,NJ,governor,2021 New Jersey gubernatorial election,Candidate,Jack Ciattarelli,Republican,1255185,48.0,False,False
2021,New Jersey,NJ,governor,2021 New Jersey gubernatorial election,Candidate,Madelyn R. Hoffman,Green,8450,0.32,False,False
2021,New Jersey,NJ,governor,2021 New Jersey gubernatorial election,Candidate,Gregg Mele,Libertarian,7768,0.3,False,False
2021,New Jersey,NJ,governor,2021 New Jersey gubernatorial election,Candidate,Joanne Kuniansky,Workers,4012,0.15,False,False
2021,New Jersey,NJ,governor,2021 New Jersey gubernatorial election,Total,,,2614886,100.0,False,False
2021,Virginia,VA,governor,2021 Virginia gubernatorial election,Winning,Glenn Youngkin,Republican,1663158,50.58,True,False
2021,Virginia,VA,governor,2021 Virginia gubernatorial election,Candidate,Terry McAuliffe,Democratic,1599470,48.64,False,False
2021,Virginia,VA,governor,2021 Virginia gubernatorial election,Candidate,Princess Blanding,Liberation,23107,0.7,False,False
2021,Virginia,VA,governor,2021 Virginia gubernatorial election,Write-in,,,2592,0.08,False,False
2021,Virginia,VA,governor,2021 Virginia gubernatorial election,Total,,,3288327,100.0,False,False
2022,Alabama,AL,attorney general,2022 Alabama Attorney General election,Winning,Steve Marshall,Republican,955425,67.9,True,True
2022,Alabama,AL,attorney general,2022 Alabama Attorney General election,Candidate,Wendell Major,Democratic,450543,32.02,False,False
2022,Alabama,AL,attorney general,2022 Alabama Attorney General election,Write-in,,,1220,0.09,False,False
2022,Alabama,AL,attorney general,2022 Alabama Attorney General election,Total,,,1407188,100.0,False,False
2022,Alabama,AL,secretary of state,2022 Alabama Secretary of State election,Winning,Wes Allen,Republican,925267,65.88,True,False
2022,Alabama,AL,secretary of state,2022 Alabama Secretary of State election,Candidate,Pamela Laffitte,Democratic,436862,31.11,False,False
2022,Alabama,AL,secretary of state,2022 Alabama Secretary of State election,Candidate,"Jason ""Matt"" Shelby",Libertarian,41611,2.96,False,False
2022,Alabama,AL,secretary of state,2022 Alabama Secretary of State election,Write-in,,,663,0.05,False,False
2022,Alabama,AL,secretary of state,2022 Alabama Secretary of State election,Total,,,1404403,100.0,False,False
2022,Alabama,AL,state treasurer,2022 Alabama State Treasurer election,Candidate,Young Boozer,Republican,946936,83.74,False,True
2022,Alabama,AL,state treasurer,2022 Alabama State Treasurer election,Candidate,Scott Hammond,Libertarian,175034,15.48,False,False
2022,Alabama,AL,state treasurer,2022 Alabama State Treasurer election,Write-in,,,8855,0.78,False,False
2022,Alabama,AL,state treasurer,2022 Alabama State Treasurer election,Total,,,1130825,100.0,False,False
2022,Alabama,AL,governor,2022 Alabama gubernatorial election,Winning,Kay Ivey,Republican,946932,66.91,True,True
2022,Alabama,AL,governor,2022 Alabama gubernatorial election,Candidate,Yolanda Rochelle Flowers,Democratic,412961,29.18,False,False
2022,Alabama,AL,governor,2022 Alabama gubernatorial election,Candidate,"James D. ""Jimmy"" Blake",Libertarian,45958,3.25,False,False
2022,Alabama,AL,governor,2022 Alabama gubernatorial election,Write-in,,,9432,0.67,False,False
2022,Alabama,AL,governor,2022 Alabama gubernatorial election,Total,,,1415283,100.0,False,False
2022,Alaska,AK,governor,2022 Alaska gubernatorial election,Winning,Mike Dunleavy,Republican,132632,50.29,True,True
2022,Alaska,AK,governor,2022 Alaska gubernatorial election,Candidate,Les Gara,Democratic,63851,24.21,False,False
2022,Alaska,AK,governor,2022 Alaska gubernatorial election,Candidate,Bill Walker,Independent,54668,20.73,False,False
2022,Alaska,AK,governor,2022 Alaska gubernatorial election,Candidate,Charlie Pierce,Republican,11817,4.48,False,False
2022,Alaska,AK,governor,2022 Alaska gubernatorial election,Write-in,,,784,0.3,False,False
2022,Alaska,AK,governor,2022 Alaska gubernatorial election,Total,,,263752,100.0,False,False
2022,Arizona,AZ,attorney general,2022 Arizona Attorney General election,Candidate,Kris Mayes,Democratic,1254613,50.0,False,False
2022,Arizona,AZ,attorney general,2022 Arizona Attorney General election,Candidate,Abraham Hamadeh,Republican,1254102,49.98,False,False
2022,Arizona,AZ,attorney general,2022 Arizona Attorney General election,Candidate,Samantha Severson (write-in),Libertarian,418,0.02,False,False
2022,Arizona,AZ,attorney general,2022 Arizona Attorney General election,Total,,,2509133,100.0,False,False
2022,Arizona,AZ,attorney general,2022 Arizona Attorney General election,Winning,Kris Mayes,Democratic,1254809,49.94,True,False
2022,Arizona,AZ,attorney general,2022 Arizona Attorney General election,Write-in,,,3052,0.12,False,False
2022,Arizona,AZ,secretary of state,2022 Arizona Secretary of State election,Winning,Adrian Fontes,Democratic,1320619,52.38,True,False
2022,Arizona,AZ,secretary of state,2022 Arizona Secretary of State election,Candidate,Mark Finchem,Republican,1200411,47.62,False,False
2022,Arizona,AZ,secretary of state,2022 Arizona Secretary of State election,Total,,,2521030,100.0,False,False
2022,Arizona,AZ,state treasurer,2022 Arizona State Treasurer election,Winning,Kimberly Yee,Republican,1390135,55.67,True,True
2022,Arizona,AZ,state treasurer,2022 Arizona State Treasurer election,Candidate,Martín Quezada,Democratic,1107037,44.33,False,False
2022,Arizona,AZ,state treasurer,2022 Arizona State Treasurer election,Total,,,2497172,100.0,False,False
2022,Arizona,AZ,governor,2022 Arizona gubernatorial election,Winning,Katie Hobbs,Democratic,1287891,50.32,True,False
2022,Arizona,AZ,governor,2022 Arizona gubernatorial election,Candidate,Kari Lake,Republican,1270774,49.65,False,False
2022,Arizona,AZ,governor,2022 Arizona gubernatorial election,Write-in,,,820,0.03,False,False
2022,Arizona,AZ,governor,2022 Arizona gubernatorial election,Total,,,2559485,100.0,False,False
2022,Arkansas,AR,attorney general,2022 Arkansas Attorney General election,Winning,Tim Griffin,Republican,605785,67.61,True,False
2022,Arkansas,AR,attorney general,2022 Arkansas Attorney General election,Candidate,Jesse Gibson,Democratic,290183,32.39,False,False
2022,Arkansas,AR,attorney general,2022 Arkansas Attorney General election,Total,,,895968,100.0,False,False
2022,Arkansas,AR,secretary of state,2022 Arkansas secretary of state election,Winning,John Thurston,Republican,600194,67.05,True,True
2022,Arkansas,AR,secretary of state,2022 Arkansas secretary of state election,Candidate,Anna Beth Gorman,Democratic,294970,32.95,False,False
2022,Arkansas,AR,secretary of state,2022 Arkansas secretary of state election,Total,,,895164,100.0,False,False
2022,Arkansas,AR,state treasurer,2022 Arkansas state treasurer election,Winning,Mark Lowery,Republican,592634,66.27,True,False
2022,Arkansas,AR,state treasurer,2022 Arkansas state treasurer election,Candidate,Pam Whitaker,Democratic,301600,33.73,False,False
2022,Arkansas,AR,state treasurer,2022 Arkansas state treasurer election,Total,,,894234,100.0,False,False
2022,Arkansas,AR,governor,2022 Arkansas gubernatorial election,Winning,Sarah Huckabee Sanders,Republican,571105,62.96,True,False
2022,Arkansas,AR,governor,2022 Arkansas gubernatorial election,Candidate,Chris Jones,Democratic,319242,35.2,False,False
2022,Arkansas,AR,governor,2022 Arkansas gubernatorial election,Candidate,Ricky Dale Harrington Jr.,Libertarian,16690,1.84,False,False
2022,Arkansas,AR,governor,2022 Arkansas gubernatorial election,Total,,,907037,100.0,False,False
2022,California,CA,attorney general,2022 California Attorney General election,Winning,Rob Bonta,Democratic,6339441,59.08,True,True
2022,California,CA,attorney general,2022 California Attorney General election,Candidate,Nathan Hochman,Republican,4390428,40.92,False,False
2022,California,CA,attorney general,2022 California Attorney General election,Total,,,10729869,100.0,False,False
2022,California,CA,secretary of state,2022 California Secretary of State election,Winning,Shirley Weber,Democratic,6462164,60.05,True,True
2022,California,CA,secretary of state,2022 California Secretary of State election,Candidate,Rob Bernosky,Republican,4298530,39.95,False,False
2022,California,CA,secretary of state,2022 California Secretary of State election,Total,,,10760694,100.0,False,False
2022,California,CA,state treasurer,2022 California State Treasurer election,Winning,Fiona Ma,Democratic,6287076,58.8,True,True
2022,California,CA,state treasurer,2022 California State Treasurer election,Candidate,Jack M. Guerrero,Republican,4405781,41.2,False,False
2022,California,CA,state treasurer,2022 California State Treasurer election,Total,,,10692857,100.0,False,False
2022,California,CA,governor,2022 California gubernatorial election,Winning,Gavin Newsom,Democratic,6470104,59.18,True,True
2022,California,CA,governor,2022 California gubernatorial election,Candidate,Brian Dahle,Republican,4462914,40.82,False,False
2022,California,CA,governor,2022 California gubernatorial election,Total,,,10933018,100.0,False,False
2022,Colorado,CO,attorney general,2022 Colorado Attorney General election,Winning,Phil Weiser,Democratic,1349133,54.74,True,True
2022,Colorado,CO,attorney general,2022 Colorado Attorney General election,Candidate,John Kellner,Republican,1060866,43.04,False,False
2022,Colorado,CO,attorney general,2022 Colorado Attorney General election,Candidate,William F. Robinson III,Libertarian,54557,2.21,False,False
2022,Colorado,CO,attorney general,2022 Colorado Attorney General election,Total,,,2464556,100.0,False,False
2022,Colorado,CO,secretary of state,2022 Colorado Secretary of State election,Winning,Jena Griswold,Democratic,1369040,55.1,True,True
2022,Colorado,CO,secretary of state,2022 Colorado Secretary of State election,Candidate,Pam Anderson,Republican,1045582,42.08,False,False
2022,Colorado,CO,secretary of state,2022 Colorado Secretary of State election,Candidate,Bennett Rutledge,Libertarian,36485,1.47,False,False
2022,Colorado,CO,secretary of state,2022 Colorado Secretary of State election,Candidate,Amanda Campbell,American Constitution Party (colorado),17602,0.71,False,False
2022,Colorado,CO,secretary of state,2022 Colorado Secretary of State election,Candidate,Gary Swing,Unity,11458,0.46,False,False
2022,Colorado,CO,secretary of state,2022 Colorado Secretary of State election,Candidate,Jan Kok,Voting,4591,0.18,False,False
2022,Colorado,CO,secretary of state,2022 Colorado Secretary of State election,Total,,,2484758,100.0,False,False
2022,Colorado,CO,state treasurer,2022 Colorado State Treasurer election,Winning,Dave Young,Democratic,1312705,53.67,True,True
2022,Colorado,CO,state treasurer,2022 Colorado State Treasurer election,Candidate,Lang Sias,Republican,1052337,43.03,False,False
2022,Colorado,CO,state treasurer,2022 Colorado State Treasurer election,Candidate,Anthony J. Delgado,Libertarian,80770,3.3,False,False
2022,Colorado,CO,state treasurer,2022 Colorado State Treasurer election,Total,,,2445812,100.0,False,False
2022,Colorado,CO,governor,2022 Colorado gubernatorial election,Winning,Jared Polis,Democratic,1468481,58.53,True,True
2022,Colorado,CO,governor,2022 Colorado gubernatorial election,Candidate,Heidi Ganahl,Republican,983040,39.18,False,False
2022,Colorado,CO,governor,2022 Colorado gubernatorial election,Candidate,Kevin Ruskusky,Libertarian,28939,1.15,False,False
2022,Colorado,CO,governor,2022 Colorado gubernatorial election,Candidate,Danielle Neuschwanger,American Constitution Party (colorado),21623,0.86,False,False
2022,Colorado,CO,governor,2022 Colorado gubernatorial election,Candidate,Paul Noël Fiorino,Unity,6687,0.27,False,False
2022,Colorado,CO,governor,2022 Colorado gubernatorial election,Write-in,,,60,0.0,False,False
2022,Colorado,CO,governor,2022 Colorado gubernatorial election,Total,,,2540680,100.0,False,False
2022,Connecticut,CT,attorney general,2022 Connecticut Attorney General election,Winning,William Tong,Democratic,713894,57.07,True,True
2022,Connecticut,CT,attorney general,2022 Connecticut Attorney General election,Candidate,Jessica Kordas,Republican,518128,41.42,False,False
2022,Connecticut,CT,attorney general,2022 Connecticut Attorney General election,Candidate,A.P. Pascarella,Independent,11788,0.94,False,False
2022,Connecticut,CT,attorney general,2022 Connecticut Attorney General election,Candidate,Ken Krayeske,Green,7103,0.57,False,False
2022,Connecticut,CT,attorney general,2022 Connecticut Attorney General election,Total,,,1250913,100.0,False,False
2022,Connecticut,CT,state treasurer,2022 Connecticut State Treasurer election,Winning,Erick Russell,Total,652031,52.39,True,False
2022,Connecticut,CT,state treasurer,2022 Connecticut State Treasurer election,Candidate,Erick Russell,Democratic,631819,50.77,False,False
2022,Connecticut,CT,state treasurer,2022 Connecticut State Treasurer election,Candidate,Harry Arora,Republican,559123,44.93,False,False
2022,Connecticut,CT,state treasurer,2022 Connecticut State Treasurer election,Candidate,Jennifer Baldwin,Independent,24709,1.99,False,False
2022,Connecticut,CT,state treasurer,2022 Connecticut State Treasurer election,Candidate,JoAnna Laiscell,Libertarian,8564,0.69,False,False
2022,Connecticut,CT,state treasurer,2022 Connecticut State Treasurer election,Total,,,1244427,100.0,False,False
2022,Connecticut,CT,governor,2022 Connecticut gubernatorial election,Winning,Ned Lamont,Total,710186,55.97,True,True
2022,Connecticut,CT,governor,2022 Connecticut gubernatorial election,Candidate,Ned Lamont,Democratic,691146,54.47,False,False
2022,Connecticut,CT,governor,2022 Connecticut gubernatorial election,Candidate,Bob Stefanowski,Republican,546209,43.05,False,False
2022,Connecticut,CT,governor,2022 Connecticut gubernatorial election,Candidate,Robert Hotaling,Independent,12400,0.98,False,False
2022,Connecticut,CT,governor,2022 Connecticut gubernatorial election,Candidate,Michelle Louise Bicking (write-in),Green,98,0.0,False,False
2022,Connecticut,CT,governor,2022 Connecticut gubernatorial election,Total,,,1268893,100.0,False,False
2022,Delaware,DE,attorney general,2022 Delaware Attorney General election,Winning,Kathleen Jennings,Democratic,171837,53.83,True,True
2022,Delaware,DE,attorney general,2022 Delaware Attorney General election,Candidate,Julianne E. Murray,Republican,147369,46.17,False,False
2022,Delaware,DE,attorney general,2022 Delaware Attorney General election,Total,,,319206,100.0,False,False
2022,Delaware,DE,state treasurer,2022 Delaware State Treasurer election,Winning,Colleen Davis,Democratic,170438,53.64,True,True
2022,Delaware,DE,state treasurer,2022 Delaware State Treasurer election,Candidate,Greg Coverdale,Republican,147307,46.36,False,False
2022,Delaware,DE,state treasurer,2022 Delaware State Treasurer election,Total,,,317745,100.0,False,False
2022,Florida,FL,attorney general,2022 Florida attorney general election,Winning,Ashley Moody,Republican,4651279,60.59,True,True
2022,Florida,FL,attorney general,2022 Florida attorney general election,Candidate,Aramis Ayala,Democratic,3025943,39.41,False,False
2022,Florida,FL,attorney general,2022 Florida attorney general election,Total,,,7677222,100.0,False,False
2022,Florida,FL,governor,2022 Florida gubernatorial election,Winning,Ron DeSantis (incumbent) Jeanette Nuñez,Republican,4614210,59.37,True,True
2022,Florida,FL,governor,2022 Florida gubernatorial election,Candidate,Charlie Crist Karla Hernandez,Democratic,3106313,39.97,False,False
2022,Florida,FL,governor,2022 Florida gubernatorial election,Candidate,"Carmen Jackie Gimenez Kyle ""KC"" Gibson",Independent,31577,0.41,False,False
2022,Florida,FL,governor,2022 Florida gubernatorial election,Candidate,"Hector Roos Jerry ""Tub"" Rorabaugh",Libertarian,19299,0.25,False,False
2022,Florida,FL,governor,2022 Florida gubernatorial election,Total,,,7771399,100.0,False,False
2022,Georgia,GA,attorney general,2022 Georgia Attorney General election,Winning,Chris Carr,Republican,2032500,51.86,True,True
2022,Georgia,GA,attorney general,2022 Georgia Attorney General election,Candidate,Jen Jordan,Democratic,1826437,46.6,False,False
2022,Georgia,GA,attorney general,2022 Georgia Attorney General election,Candidate,Martin Cowen,Libertarian,60107,1.53,False,False
2022,Georgia,GA,attorney general,2022 Georgia Attorney General election,Total,,,3919044,100.0,False,False
2022,Georgia,GA,secretary of state,2022 Georgia Secretary of State election,Winning,Brad Raffensperger,Republican,2081241,53.23,True,True
2022,Georgia,GA,secretary of state,2022 Georgia Secretary of State election,Candidate,Bee Nguyen,Democratic,1719922,43.99,False,False
2022,Georgia,GA,secretary of state,2022 Georgia Secretary of State election,Candidate,Ted Metz,Libertarian,108884,2.78,False,False
2022,Georgia,GA,secretary of state,2022 Georgia Secretary of State election,Total,,,3910047,100.0,False,False
2022,Georgia,GA,governor,2022 Georgia gubernatorial election,Winning,Brian Kemp,Republican,2111572,53.41,True,True
2022,Georgia,GA,governor,2022 Georgia gubernatorial election,Candidate,Stacey Abrams,Democratic,1813673,45.88,False,False
2022,Georgia,GA,governor,2022 Georgia gubernatorial election,Candidate,Shane T. Hazel,Libertarian,28163,0.71,False,False
2022,Georgia,GA,governor,2022 Georgia gubernatorial election,Total,,,3953408,100.0,False,False
2022,Guamanian,GU,governor,2022 Guam gubernatorial election,Winning,Lou Leon Guerrero,Democratic,18623,55.49,True,True
2022,Guamanian,GU,governor,2022 Guam gubernatorial election,Candidate,Felix Camacho,Republican,14786,44.06,False,False
2022,Guamanian,GU,governor,2022 Guam gubernatorial election,Write-in,,,152,0.45,False,False
2022,Guamanian,GU,governor,2022 Guam gubernatorial election,Total,,,33561,100.0,False,False
2022,Hawaii,HI,governor,2022 Hawaii gubernatorial election,Winning,Josh Green,Democratic,261025,63.16,True,False
2022,Hawaii,HI,governor,2022 Hawaii gubernatorial election,Candidate,Duke Aiona,Republican,152237,36.84,False,False
2022,Hawaii,HI,governor,2022 Hawaii gubernatorial election,Total,,,413262,100.0,False,False
2022,Idaho,ID,attorney general,"Idaho Attorney General election, 2022",Winning,Raúl Labrador,Republican,367579,62.6,True,False
2022,Idaho,ID,attorney general,"Idaho Attorney General election, 2022",Candidate,Tom Arkoosh,Democratic,219405,37.4,False,False
2022,Idaho,ID,attorney general,"Idaho Attorney General election, 2022",Total,,,586984,100.0,False,False
2022,Idaho,ID,state treasurer,2022 Idaho State Treasurer election,Winning,Julie Ellsworth,Republican,412502,71.11,True,True
2022,Idaho,ID,state treasurer,2022 Idaho State Treasurer election,Candidate,Deborah Silver,Democratic,167596,28.89,False,False
2022,Idaho,ID,state treasurer,2022 Idaho State Treasurer election,Total,,,580098,100.0,False,False
2022,Idaho,ID,governor,2022 Idaho gubernatorial election,Winning,Brad Little,Republican,358598,60.51,True,True
2022,Idaho,ID,governor,2022 Idaho gubernatorial election,Candidate,Stephen Heidt,Democratic,120160,20.28,False,False
2022,Idaho,ID,governor,2022 Idaho gubernatorial election,Candidate,Ammon Bundy,Independent,101835,17.18,False,False
2022,Idaho,ID,governor,2022 Idaho gubernatorial election,Candidate,Paul Sand,Libertarian,6714,1.13,False,False
2022,Idaho,ID,governor,2022 Idaho gubernatorial election,Candidate,Chantyrose Davison,Constitution,5250,0.89,False,False
2022,Idaho,ID,governor,2022 Idaho gubernatorial election,Candidate,Lisa Marie (write-in),Independent,46,0.01,False,False
2022,Idaho,ID,governor,2022 Idaho gubernatorial election,Total,,,592603,100.0,False,False
2022,Illinois,IL,attorney general,2022 Illinois Attorney General election,Winning,Kwame Raoul,Democratic,2219420,54.35,True,True
2022,Illinois,IL,attorney general,2022 Illinois Attorney General election,Candidate,Thomas G. DeVore,Republican,1774468,43.45,False,False
2022,Illinois,IL,attorney general,2022 Illinois Attorney General election,Candidate,Daniel K. Robin,Libertarian,89664,2.2,False,False
2022,Illinois,IL,attorney general,2022 Illinois Attorney General election,Total,,,4083552,100.0,False,False
2022,Illinois,IL,secretary of state,2022 Illinois Secretary of State election,Winning,Alexi Giannoulias,Democratic,2220713,54.28,True,False
2022,Illinois,IL,secretary of state,2022 Illinois Secretary of State election,Candidate,Dan Brady,Republican,1783070,43.59,False,False
2022,Illinois,IL,secretary of state,2022 Illinois Secretary of State election,Candidate,Jon Stewart,Libertarian,87092,2.13,False,False
2022,Illinois,IL,secretary of state,2022 Illinois Secretary of State election,Write-in,,,73,0.0,False,False
2022,Illinois,IL,secretary of state,2022 Illinois Secretary of State election,Total,,,4090948,100.0,False,False
2022,Illinois,IL,state treasurer,2022 Illinois State Treasurer election,Winning,Mike Frerichs,Democratic,2206434,54.29,True,True
2022,Illinois,IL,state treasurer,2022 Illinois State Treasurer election,Candidate,Tom Demmer,Republican,1767242,43.48,False,False
2022,Illinois,IL,state treasurer,2022 Illinois State Treasurer election,Candidate,Preston Nelson,Libertarian,90647,2.23,False,False
2022,Illinois,IL,state treasurer,2022 Illinois State Treasurer election,Write-in,,,38,0.0,False,False
2022,Illinois,IL,state treasurer,2022 Illinois State Treasurer election,Total,,,4064361,100.0,False,False
2022,Illinois,IL,governor,2022 Illinois gubernatorial election,Winning,JB Pritzker,Democratic,2253748,54.91,True,True
2022,Illinois,IL,governor,2022 Illinois gubernatorial election,Candidate,Darren Bailey,Republican,1739095,42.37,False,False
2022,Illinois,IL,governor,2022 Illinois gubernatorial election,Candidate,Scott Schluter,Libertarian,111712,2.72,False,False
2022,Illinois,IL,governor,2022 Illinois gubernatorial election,Write-in,,,81,0.0,False,False
2022,Illinois,IL,governor,2022 Illinois gubernatorial election,Total,,,4104636,100.0,False,False
2022,Indiana,IN,secretary of state,2022 Indiana Secretary of State election,Winning,Diego Morales,Republican,999893,54.13,True,False
2022,Indiana,IN,secretary of state,2022 Indiana Secretary of State election,Candidate,Destiny Wells,Democratic,742624,40.21,False,False
2022,Indiana,IN,secretary of state,2022 Indiana Secretary of State election,Candidate,Jeff Maurer,Libertarian,104519,5.66,False,False
2022,Indiana,IN,secretary of state,2022 Indiana Secretary of State election,Candidate,David Wetterer (write-in),Green,107,0.0,False,False
2022,Indiana,IN,secretary of state,2022 Indiana Secretary of State election,Candidate,Andrew Straw (write-in),Disability,36,0.0,False,False
2022,Indiana,IN,secretary of state,2022 Indiana Secretary of State election,Total,,,1847179,100.0,False,False
2022,Indiana,IN,state treasurer,2022 Indiana State Treasurer election,Winning,Daniel Elliott,Republican,1121158,60.87,True,False
2022,Indiana,IN,state treasurer,2022 Indiana State Treasurer election,Candidate,Jessica McClellan,Democratic,720778,39.13,False,False
2022,Indiana,IN,state treasurer,2022 Indiana State Treasurer election,Total,,,1841936,100.0,False,False
2022,Iowa,IA,attorney general,2022 Iowa Attorney General election,Winning,Brenna Bird,Republican,611432,50.82,True,False
2022,Iowa,IA,attorney general,2022 Iowa Attorney General election,Candidate,Tom Miller,Democratic,590890,49.11,False,True
2022,Iowa,IA,attorney general,2022 Iowa Attorney General election,Write-in,,,801,0.07,False,False
2022,Iowa,IA,attorney general,2022 Iowa Attorney General election,Total,,,1202322,100.0,False,False
2022,Iowa,IA,secretary of state,2022 Iowa Secretary of State election,Winning,Paul D. Pate,Republican,723250,60.05,True,True
2022,Iowa,IA,secretary of state,2022 Iowa Secretary of State election,Candidate,Joel Miller,Democratic,480474,39.88,False,False
2022,Iowa,IA,secretary of state,2022 Iowa Secretary of State election,Write-in,,,708,0.06,False,False
2022,Iowa,IA,secretary of state,2022 Iowa Secretary of State election,Total,,,1204432,100.0,False,False
2022,Iowa,IA,state treasurer,2022 Iowa State Treasurer election,Winning,Roby Smith,Republican,614943,51.26,True,False
2022,Iowa,IA,state treasurer,2022 Iowa State Treasurer election,Candidate,Michael Fitzgerald,Democratic,584021,48.68,False,True
2022,Iowa,IA,state treasurer,2022 Iowa State Treasurer election,Write-in,,,667,0.06,False,False
2022,Iowa,IA,state treasurer,2022 Iowa State Treasurer election,Total,,,1199631,100.0,False,False
2022,Iowa,IA,governor,2022 Iowa gubernatorial election,Winning,Kim Reynolds,Republican,709198,58.04,True,True
2022,Iowa,IA,governor,2022 Iowa gubernatorial election,Candidate,Deidre DeJear,Democratic,482950,39.53,False,False
2022,Iowa,IA,governor,2022 Iowa gubernatorial election,Candidate,Rick Stewart,Libertarian,28998,2.37,False,False
2022,Iowa,IA,governor,2022 Iowa gubernatorial election,Write-in,,,718,0.06,False,False
2022,Iowa,IA,governor,2022 Iowa gubernatorial election,Total,,,1221864,100.0,False,False
2022,Kansas,KS,attorney general,2022 Kansas Attorney General election,Winning,Kris Kobach,Republican,506817,50.8,True,False
2022,Kansas,KS,attorney general,2022 Kansas Attorney General election,Candidate,Chris Mann,Democratic,490925,49.2,False,False
2022,Kansas,KS,attorney general,2022 Kansas Attorney General election,Total,,,997742,100.0,False,False
2022,Kansas,KS,secretary of state,2022 Kansas Secretary of State election,Winning,Scott Schwab,Republican,580908,58.36,True,True
2022,Kansas,KS,secretary of state,2022 Kansas Secretary of State election,Candidate,Jeanna Repass,Democratic,386661,38.84,False,False
2022,Kansas,KS,secretary of state,2022 Kansas Secretary of State election,Candidate,Cullene Lang,Libertarian,27844,2.8,False,False
2022,Kansas,KS,secretary of state,2022 Kansas Secretary of State election,Total,,,995413,100.0,False,False
2022,Kansas,KS,state treasurer,2022 Kansas State Treasurer election,Winning,Steven Johnson,Republican,537488,54.03,True,False
2022,Kansas,KS,state treasurer,2022 Kansas State Treasurer election,Candidate,Lynn Rogers,Democratic,411813,41.39,False,True
2022,Kansas,KS,state treasurer,2022 Kansas State Treasurer election,Candidate,Steve Roberts,Libertarian,45540,4.58,False,False
2022,Kansas,KS,state treasurer,2022 Kansas State Treasurer election,Total,,,994841,100.0,False,False
2022,Kansas,KS,governor,2022 Kansas gubernatorial election,Winning,Laura Kelly,Democratic,499849,49.54,True,True
2022,Kansas,KS,governor,2022 Kansas gubernatorial election,Candidate,Derek Schmidt,Republican,477591,47.33,False,False
2022,Kansas,KS,governor,2022 Kansas gubernatorial election,Candidate,Dennis Pyle,Independent,20452,2.03,False,False
2022,Kansas,KS,governor,2022 Kansas gubernatorial election,Candidate,Seth Cordell,Libertarian,11106,1.1,False,False
2022,Kansas,KS,governor,2022 Kansas gubernatorial election,Total,,,1008998,100.0,False,False
2022,Maine,ME,governor,2022 Maine gubernatorial election,Winning,Janet Mills,Democratic,376934,55.69,True,True
2022,Maine,ME,governor,2022 Maine gubernatorial election,Candidate,Paul LePage,Republican,287304,42.45,False,False
2022,Maine,ME,governor,2022 Maine gubernatorial election,Candidate,Sam Hunkler,Independent,12581,1.86,False,False
2022,Maine,ME,governor,2022 Maine gubernatorial election,Total,,,676819,100.0,False,False
2022,Maryland,MD,attorney general,2022 Maryland Attorney General election,Winning,Anthony Brown,Democratic,1287418,64.95,True,False
2022,Maryland,MD,attorney general,2022 Maryland Attorney General election,Candidate,Michael Peroutka,Republican,691910,34.9,False,False
2022,Maryland,MD,attorney general,2022 Maryland Attorney General election,Write-in,,,2962,0.15,False,False
2022,Maryland,MD,attorney general,2022 Maryland Attorney General election,Total,,,1982290,100.0,False,False
2022,Maryland,MD,governor,2022 Maryland gubernatorial election,Winning,Wes Moore,Democratic,1293944,64.53,True,False
2022,Maryland,MD,governor,2022 Maryland gubernatorial election,Candidate,Dan Cox,Republican,644000,32.12,False,False
2022,Maryland,MD,governor,2022 Maryland gubernatorial election,Candidate,David Lashar,Libertarian,30101,1.5,False,False
2022,Maryland,MD,governor,2022 Maryland gubernatorial election,Candidate,David Harding,Class,17154,0.86,False,False
2022,Maryland,MD,governor,2022 Maryland gubernatorial election,Candidate,Nancy Wallace,Green,14580,0.73,False,False
2022,Maryland,MD,governor,2022 Maryland gubernatorial election,Write-in,,,5444,0.27,False,False
2022,Maryland,MD,governor,2022 Maryland gubernatorial election,Total,,,2005223,100.0,False,False
2022,Massachusetts,MA,attorney general,2022 Massachusetts Attorney General election,Winning,Andrea Campbell,Democratic,1539624,62.85,True,False
2022,Massachusetts,MA,attorney general,2022 Massachusetts Attorney General election,Candidate,"James R. McMahon, III",Republican,908608,37.09,False,False
2022,Massachusetts,MA,attorney general,2022 Massachusetts Attorney General election,Write-in,,,1550,0.06,False,False
2022,Massachusetts,MA,attorney general,2022 Massachusetts Attorney General election,Total,,,2449782,100.0,False,False
2022,Massachusetts,MA,governor,2022 Massachusetts gubernatorial election,Winning,Maura Healey,Democratic,1584403,63.74,True,False
2022,Massachusetts,MA,governor,2022 Massachusetts gubernatorial election,Candidate,Geoff Diehl,Republican,859343,34.57,False,False
2022,Massachusetts,MA,governor,2022 Massachusetts gubernatorial election,Candidate,Kevin Reed,Libertarian,39244,1.58,False,False
2022,Massachusetts,MA,governor,2022 Massachusetts gubernatorial election,Write-in,,,2806,0.11,False,False
2022,Massachusetts,MA,governor,2022 Massachusetts gubernatorial election,Total,,,2485796,100.0,False,False
2022,Michigan,MI,attorney general,2022 Michigan Attorney General election,Winning,Dana Nessel,Democratic,2329195,53.16,True,True
2022,Michigan,MI,attorney general,2022 Michigan Attorney General election,Candidate,Matthew DePerno,Republican,1952408,44.56,False,False
2022,Michigan,MI,attorney general,2022 Michigan Attorney General election,Candidate,Joseph W. McHugh Jr.,Libertarian,67846,1.55,False,False
2022,Michigan,MI,attorney general,2022 Michigan Attorney General election,Candidate,Gerald T. Van Sickle,Constitution,32431,0.74,False,False
2022,Michigan,MI,attorney general,2022 Michigan Attorney General election,Total,,,4381880,100.0,False,False
2022,Michigan,MI,secretary of state,2022 Michigan Secretary of State election,Winning,Jocelyn Benson,Democratic,2467859,55.86,True,True
2022,Michigan,MI,secretary of state,2022 Michigan Secretary of State election,Candidate,Kristina Karamo,Republican,1852510,41.93,False,False
2022,Michigan,MI,secretary of state,2022 Michigan Secretary of State election,Candidate,Gregory Scott Stempfle,Libertarian,52982,1.2,False,False
2022,Michigan,MI,secretary of state,2022 Michigan Secretary of State election,Candidate,Christine Schwartz,Constitution,27937,0.63,False,False
2022,Michigan,MI,secretary of state,2022 Michigan Secretary of State election,Candidate,Larry James Hutchinson Jr.,Green,16615,0.38,False,False
2022,Michigan,MI,secretary of state,2022 Michigan Secretary of State election,Total,,,4417903,100.0,False,False
2022,Michigan,MI,governor,2022 Michigan gubernatorial election,Winning,Gretchen Whitmer,Democratic,2430505,54.47,True,True
2022,Michigan,MI,governor,2022 Michigan gubernatorial election,Candidate,Tudor Dixon,Republican,1960635,43.94,False,False
2022,Michigan,MI,governor,2022 Michigan gubernatorial election,Candidate,Mary Buzuma,Libertarian,38800,0.87,False,False
2022,Michigan,MI,governor,2022 Michigan gubernatorial election,Candidate,Donna Brandenburg,Constitution,16246,0.36,False,False
2022,Michigan,MI,governor,2022 Michigan gubernatorial election,Candidate,Kevin Hogan,Green,10766,0.24,False,False
2022,Michigan,MI,governor,2022 Michigan gubernatorial election,Candidate,Daryl M. Simpson,Law,4973,0.11,False,False
2022,Michigan,MI,governor,2022 Michigan gubernatorial election,Write-in,,,47,0.0,False,False
2022,Michigan,MI,governor,2022 Michigan gubernatorial election,Total,,,4461972,100.0,False,False
2022,Minnesota,MN,attorney general,2022 Minnesota Attorney General election,Winning,Keith Ellison,Minnesota Democratic–farmer–labor,1254371,50.37,True,True
2022,Minnesota,MN,attorney general,2022 Minnesota Attorney General election,Candidate,Jim Schultz,Republican,1233556,49.53,False,False
2022,Minnesota,MN,attorney general,2022 Minnesota Attorney General election,Write-in,,,2374,0.1,False,False
2022,Minnesota,MN,attorney general,2022 Minnesota Attorney General election,Total,,,2490301,100.0,False,False
2022,Minnesota,MN,secretary of state,2022 Minnesota Secretary of State election,Winning,Steve Simon,Minnesota Democratic–farmer–labor,1345685,54.53,True,True
2022,Minnesota,MN,secretary of state,2022 Minnesota Secretary of State election,Candidate,Kim Crockett,Republican,1119949,45.38,False,False
2022,Minnesota,MN,secretary of state,2022 Minnesota Secretary of State election,Write-in,,,2095,0.08,False,False
2022,Minnesota,MN,secretary of state,2022 Minnesota Secretary of State election,Total,,,2467729,100.0,False,False
2022,Minnesota,MN,governor,2022 Minnesota gubernatorial election,Winning,Tim Walz,Minnesota Democratic–farmer–labor,1312349,52.27,True,True
2022,Minnesota,MN,governor,2022 Minnesota gubernatorial election,Candidate,Scott Jensen,Republican,1119941,44.61,False,False
2022,Minnesota,MN,governor,2022 Minnesota gubernatorial election,Candidate,James McCaskel,Now,29346,1.17,False,False
2022,Minnesota,MN,governor,2022 Minnesota gubernatorial election,Candidate,Steve Patterson,Grassroots–legalize Cannabis,22599,0.9,False,False
2022,Minnesota,MN,governor,2022 Minnesota gubernatorial election,Candidate,Hugh McTavish,Independence,18156,0.72,False,False
2022,Minnesota,MN,governor,2022 Minnesota gubernatorial election,Candidate,Gabrielle Prosser,Workers,7241,0.29,False,False
2022,Minnesota,MN,governor,2022 Minnesota gubernatorial election,Write-in,,,1029,0.04,False,False
2022,Minnesota,MN,governor,2022 Minnesota gubernatorial election,Total,,,2510661,100.0,False,False
2022,Nebraska,NE,attorney general,2022 Nebraska Attorney General election,Winning,Mike Hilgers,Republican,434671,69.73,True,False
2022,Nebraska,NE,attorney general,2022 Nebraska Attorney General election,Candidate,Larry Bolinger,Now,188649,30.27,False,False
2022,Nebraska,NE,secretary of state,2022 Nebraska Secretary of State election,Winning,Bob Evnen (inc.),Republican,500342,100.0,True,False
2022,Nebraska,NE,secretary of state,2022 Nebraska Secretary of State election,Total,,,500342,100.0,False,False
2022,Nebraska,NE,state treasurer,2022 Nebraska State Treasurer election,Winning,John Murante (inc.),Republican,431193,72.21,True,False
2022,Nebraska,NE,state treasurer,2022 Nebraska State Treasurer election,Candidate,Katrina Tomsen,Libertarian,165951,27.79,False,False
2022,Nebraska,NE,governor,2022 Nebraska gubernatorial election,Winning,Jim Pillen,Republican,398334,59.22,True,False
2022,Nebraska,NE,governor,2022 Nebraska gubernatorial election,Candidate,Carol Blood,Democratic,242006,35.98,False,False
2022,Nebraska,NE,governor,2022 Nebraska gubernatorial election,Candidate,Scott Zimmerman,Libertarian,26455,3.93,False,False
2022,Nebraska,NE,governor,2022 Nebraska gubernatorial election,Write-in,,,5798,0.86,False,False
2022,Nebraska,NE,governor,2022 Nebraska gubernatorial election,Total,,,672593,100.0,False,False
2022,Nevada,NV,attorney general,2022 Nevada Attorney General election,Winning,Aaron Ford,Democratic,511263,52.25,True,True
2022,Nevada,NV,attorney general,2022 Nevada Attorney General election,Candidate,Sigal Chattah,Republican,434084,44.36,False,False
2022,Nevada,NV,attorney general,2022 Nevada Attorney General election,Total,,,978482,100.0,False,False
2022,Nevada,NV,secretary of state,2022 Nevada Secretary of State election,Winning,Cisco Aguilar,Democratic,496569,48.95,True,False
2022,Nevada,NV,secretary of state,2022 Nevada Secretary of State election,Candidate,Jim Marchant,Republican,473467,46.67,False,False
2022,Nevada,NV,secretary of state,2022 Nevada Secretary of State election,Candidate,Janine Hansen,American,17472,1.72,False,False
2022,Nevada,NV,secretary of state,2022 Nevada Secretary of State election,Candidate,Ross Crane,Libertarian,8821,0.87,False,False
2022,Nevada,NV,secretary of state,2022 Nevada Secretary of State election,Total,,,1014473,100.0,False,False
2022,Nevada,NV,state treasurer,2022 Nevada State Treasurer election,Winning,Zach Conine,Democratic,482762,47.7,True,True
2022,Nevada,NV,state treasurer,2022 Nevada State Treasurer election,Candidate,Michele Fiore,Republican,465570,46.0,False,False
2022,Nevada,NV,state treasurer,2022 Nevada State Treasurer election,Candidate,Margaret Hendrickson,American,19588,1.94,False,False
2022,Nevada,NV,state treasurer,2022 Nevada State Treasurer election,Candidate,Bryan Elliott,Libertarian,16051,1.59,False,False
2022,Nevada,NV,state treasurer,2022 Nevada State Treasurer election,Total,,,1012029,100.0,False,False
2022,New Hampshire,NH,governor,2022 New Hampshire gubernatorial election,Winning,Chris Sununu,Republican,352813,56.98,True,True
2022,New Hampshire,NH,governor,2022 New Hampshire gubernatorial election,Candidate,Tom Sherman,Democratic,256766,41.47,False,False
2022,New Hampshire,NH,governor,2022 New Hampshire gubernatorial election,Candidate,Kelly Halldorson,Libertarian,5071,0.82,False,False
2022,New Hampshire,NH,governor,2022 New Hampshire gubernatorial election,Candidate,Karlyn Borysenko,Libertarian,2772,0.45,False,False
2022,New Hampshire,NH,governor,2022 New Hampshire gubernatorial election,Write-in,,,1713,0.28,False,False
2022,New Hampshire,NH,governor,2022 New Hampshire gubernatorial election,Total,,,619135,100.0,False,False
2022,New Mexico,NM,attorney general,2022 New Mexico Attorney General election,Winning,Raúl Torrez,Democratic,388592,55.31,True,False
2022,New Mexico,NM,attorney general,2022 New Mexico Attorney General election,Candidate,Jeremy Gay,Republican,314023,44.69,False,False
2022,New Mexico,NM,attorney general,2022 New Mexico Attorney General election,Total,,,702615,100.0,False,False
2022,New Mexico,NM,secretary of state,2022 New Mexico Secretary of State election,Winning,Maggie Toulouse Oliver,Democratic,384526,54.52,True,True
2022,New Mexico,NM,secretary of state,2022 New Mexico Secretary of State election,Candidate,Audrey Trujillo,Republican,300763,42.64,False,False
2022,New Mexico,NM,secretary of state,2022 New Mexico Secretary of State election,Candidate,Mayna Myers,Libertarian,20050,2.84,False,False
2022,New Mexico,NM,secretary of state,2022 New Mexico Secretary of State election,Total,,,705339,100.0,False,False
2022,New Mexico,NM,state treasurer,2022 New Mexico State Treasurer election,Winning,Laura Montoya,Democratic,370089,53.15,True,False
2022,New Mexico,NM,state treasurer,2022 New Mexico State Treasurer election,Candidate,Harry Montoya,Republican,326224,46.85,False,False
2022,New Mexico,NM,state treasurer,2022 New Mexico State Treasurer election,Total,,,696313,100.0,False,False
2022,New Mexico,NM,governor,2022 New Mexico gubernatorial election,Winning,Michelle Lujan Grisham,Democratic,370168,51.97,True,True
2022,New Mexico,NM,governor,2022 New Mexico gubernatorial election,Candidate,Mark Ronchetti,Republican,324701,45.59,False,False
2022,New Mexico,NM,governor,2022 New Mexico gubernatorial election,Candidate,Karen Bedonie,Libertarian,17387,2.44,False,False
2022,New Mexico,NM,governor,2022 New Mexico gubernatorial election,Total,,,712256,100.0,False,False
2022,New York,NY,attorney general,2022 New York Attorney General election,Candidate,Letitia James,New York State Democratic Committee,2875687,49.58,False,False
2022,New York,NY,attorney general,2022 New York Attorney General election,Candidate,Michael Henry,New York Republican State Committee,2317573,39.96,False,False
2022,New York,NY,attorney general,2022 New York Attorney General election,Candidate,Write ins,Write Ins,3073,0.05,False,False
2022,New York,NY,attorney general,2022 New York Attorney General election,Total,,,5802630,100.0,False,False
2022,New York State,NY,state treasurer,2022 New York State Comptroller election,Candidate,Thomas DiNapoli,New York State Democratic Committee,2980833,51.67,False,False
2022,New York State,NY,state treasurer,2022 New York State Comptroller election,Candidate,Paul Rodriguez,New York Republican State Committee,2171067,37.64,False,False
2022,New York State,NY,state treasurer,2022 New York State Comptroller election,Candidate,Write ins,Write Ins,2880,0.05,False,False
2022,New York State,NY,state treasurer,2022 New York State Comptroller election,Total,,,5771396,100.0,False,False
2022,New York,NY,governor,2022 New York gubernatorial election,Candidate,Kathy Hochul,New York State Democratic Committee,2879092,48.7,False,False
2022,New York,NY,governor,2022 New York gubernatorial election,Candidate,Lee Zeldin,New York Republican State Committee,2449394,41.43,False,False
2022,New York,NY,governor,2022 New York gubernatorial election,Write-in,,,9290,0.16,False,False
2022,New York,NY,governor,2022 New York gubernatorial election,Total,,,5912286,100.0,False,False
2022,North Dakota,ND,attorney general,2022 North Dakota Attorney General election,Winning,Drew Wrigley,Republican,166517,70.95,True,True
2022,North Dakota,ND,attorney general,2022 North Dakota Attorney General election,Candidate,Tim Lamb,North Dakota Democratic-npl,67609,28.81,False,False
2022,North Dakota,ND,attorney general,2022 North Dakota Attorney General election,Write-in,,,576,0.24,False,False
2022,North Dakota,ND,attorney general,2022 North Dakota Attorney General election,Total,,,234702,100.0,False,False
2022,North Dakota,ND,secretary of state,2022 North Dakota Secretary of State election,Winning,Michael Howe,Republican,147816,63.2,True,True
2022,North Dakota,ND,secretary of state,2022 North Dakota Secretary of State election,Candidate,Jeffrey Powell,North Dakota Democratic-npl,64254,27.5,False,False
2022,North Dakota,ND,secretary of state,2022 North Dakota Secretary of State election,Candidate,Charles Tuttle,Independent,21517,9.2,False,False
2022,North Dakota,ND,secretary of state,2022 North Dakota Secretary of State election,Write-in,,,241,0.1,False,False
2022,North Dakota,ND,secretary of state,2022 North Dakota Secretary of State election,Total,,,233828,100.0,False,False
2022,Ohio,OH,attorney general,2022 Ohio Attorney General election,Winning,Dave Yost,Republican,2484753,60.13,True,True
2022,Ohio,OH,attorney general,2022 Ohio Attorney General election,Candidate,Jeffrey Crossman,Democratic,1647644,39.87,False,False
2022,Ohio,OH,attorney general,2022 Ohio Attorney General election,Total,,,4132397,100.0,False,False
2022,Ohio,OH,secretary of state,2022 Ohio secretary of state election,Winning,Frank LaRose,Republican,2444382,59.29,True,True
2022,Ohio,OH,secretary of state,2022 Ohio secretary of state election,Candidate,Chelsea Clark,Democratic,1635824,39.68,False,False
2022,Ohio,OH,secretary of state,2022 Ohio secretary of state election,Candidate,Terpsehore Tore Maras,Independent,42753,1.04,False,False
2022,Ohio,OH,secretary of state,2022 Ohio secretary of state election,Total,,,4122959,100.0,False,False
2022,Ohio,OH,state treasurer,2022 Ohio State Treasurer election,Winning,Robert Sprague,Republican,2390542,58.55,True,True
2022,Ohio,OH,state treasurer,2022 Ohio State Treasurer election,Candidate,Scott Schertzer,Democratic,1692160,41.45,False,False
2022,Ohio,OH,state treasurer,2022 Ohio State Treasurer election,Total,,,4082702,100.0,False,False
2022,Ohio,OH,governor,2022 Ohio gubernatorial election,Winning,Mike DeWine,Republican,2580424,62.41,True,True
2022,Ohio,OH,governor,2022 Ohio gubernatorial election,Candidate,Nan Whaley,Democratic,1545489,37.38,False,False
2022,Ohio,OH,governor,2022 Ohio gubernatorial election,Write-in,,,8964,0.22,False,False
2022,Ohio,OH,governor,2022 Ohio gubernatorial election,Total,,,4134877,100.0,False,False
2022,Oklahoma,OK,attorney general,2022 Oklahoma Attorney General election,Winning,Gentner Drummond,Republican,792466,73.76,True,False
2022,Oklahoma,OK,attorney general,2022 Oklahoma Attorney General election,Candidate,Lynda Steele,Libertarian,281923,26.24,False,False
2022,Oklahoma,OK,attorney general,2022 Oklahoma Attorney General election,Total,,,1074389,100.0,False,False
2022,Oklahoma,OK,state treasurer,2022 Oklahoma state treasurer election,Winning,Todd Russ,Republican,738545,64.77,True,False
2022,Oklahoma,OK,state treasurer,2022 Oklahoma state treasurer election,Candidate,Charles de Coune,Democratic,349876,30.68,False,False
2022,Oklahoma,OK,state treasurer,2022 Oklahoma state treasurer election,Candidate,Gregory Sadler,Libertarian,51858,4.55,False,False
2022,Oklahoma,OK,state treasurer,2022 Oklahoma state treasurer election,Total,,,1140279,100.0,False,False
2022,Oklahoma,OK,governor,2022 Oklahoma gubernatorial election,Winning,Kevin Stitt,Republican,639484,55.45,True,True
2022,Oklahoma,OK,governor,2022 Oklahoma gubernatorial election,Candidate,Joy Hofmeister,Democratic,481904,41.79,False,False
2022,Oklahoma,OK,governor,2022 Oklahoma gubernatorial election,Candidate,Natalie Bruno,Libertarian,16243,1.41,False,False
2022,Oklahoma,OK,governor,2022 Oklahoma gubernatorial election,Candidate,Ervin Yen,Independent,15653,1.36,False,False
2022,Oklahoma,OK,governor,2022 Oklahoma gubernatorial election,Total,,,1153284,100.0,False,False
2022,Oregon,OR,governor,2022 Oregon gubernatorial election,Winning,Tina Kotek,Democratic,917074,46.96,True,False
2022,Oregon,OR,governor,2022 Oregon gubernatorial election,Candidate,Christine Drazan,Republican,850347,43.54,False,False
2022,Oregon,OR,governor,2022 Oregon gubernatorial election,Candidate,Betsy Johnson,Independent,168431,8.62,False,False
2022,Oregon,OR,governor,2022 Oregon gubernatorial election,Candidate,Donice Noelle Smith,Constitution,8051,0.41,False,False
2022,Oregon,OR,governor,2022 Oregon gubernatorial election,Candidate,R. Leon Noble,Libertarian,6867,0.35,False,False
2022,Oregon,OR,governor,2022 Oregon gubernatorial election,Write-in,,,2113,0.11,False,False
2022,Oregon,OR,governor,2022 Oregon gubernatorial election,Total,,,1952883,100.0,False,False
2022,Pennsylvania,PA,governor,2022 Pennsylvania gubernatorial election,Winning,Josh Shapiro,Democratic,3031137,56.49,True,False
2022,Pennsylvania,PA,governor,2022 Pennsylvania gubernatorial election,Candidate,Doug Mastriano,Republican,2238477,41.71,False,False
2022,Pennsylvania,PA,governor,2022 Pennsylvania gubernatorial election,Candidate,Matt Hackenburg,Libertarian,51611,0.96,False,False
2022,Pennsylvania,PA,governor,2022 Pennsylvania gubernatorial election,Candidate,Christina DiGiulio,Green,24436,0.46,False,False
2022,Pennsylvania,PA,governor,2022 Pennsylvania gubernatorial election,Candidate,Joe Soloski,Keystone,20518,0.38,False,False
2022,Pennsylvania,PA,governor,2022 Pennsylvania gubernatorial election,Total,,,5366179,100.0,False,False
2022,Rhode Island,RI,attorney general,2022 Rhode Island Attorney General election,Winning,Peter Neronha,Democratic,217066,61.49,True,True
2022,Rhode Island,RI,attorney general,2022 Rhode Island Attorney General election,Candidate,Charles Calenda,Republican,135471,38.38,False,False
2022,Rhode Island,RI,attorney general,2022 Rhode Island Attorney General election,Write-in,,,460,0.13,False,False
2022,Rhode Island,RI,attorney general,2022 Rhode Island Attorney General election,Total,,,352997,100.0,False,False
2022,Rhode Island,RI,state treasurer,2022 Rhode Island General Treasurer election,Winning,James Diossa,Democratic,190775,54.33,True,False
2022,Rhode Island,RI,state treasurer,2022 Rhode Island General Treasurer election,Candidate,James Lathrop,Republican,159834,45.51,False,False
2022,Rhode Island,RI,state treasurer,2022 Rhode Island General Treasurer election,Write-in,,,555,0.16,False,False
2022,Rhode Island,RI,state treasurer,2022 Rhode Island General Treasurer election,Total,,,351164,100.0,False,False
2022,Rhode Island,RI,secretary of state,2022 Rhode Island Secretary of State election,Winning,Gregg Amore,Democratic,208981,59.54,True,False
2022,Rhode Island,RI,secretary of state,2022 Rhode Island Secretary of State election,Candidate,Pat Cortellessa,Republican,141457,40.31,False,False
2022,Rhode Island,RI,secretary of state,2022 Rhode Island Secretary of State election,Write-in,,,527,0.15,False,False
2022,Rhode Island,RI,secretary of state,2022 Rhode Island Secretary of State election,Total,,,350965,100.0,False,False
2022,Rhode Island,RI,governor,2022 Rhode Island gubernatorial election,Winning,Dan McKee,Democratic,207166,57.92,True,True
2022,Rhode Island,RI,governor,2022 Rhode Island gubernatorial election,Candidate,Ashley Kalus,Republican,139001,38.86,False,False
2022,Rhode Island,RI,governor,2022 Rhode Island gubernatorial election,Candidate,Zachary Hurwitz,Independent,4512,1.26,False,False
2022,Rhode Island,RI,governor,2022 Rhode Island gubernatorial election,Candidate,Paul Rianna Jr.,Independent,3123,0.87,False,False
2022,Rhode Island,RI,governor,2022 Rhode Island gubernatorial election,Candidate,Elijah Gizzarelli,Libertarian,2811,0.79,False,False
2022,Rhode Island,RI,governor,2022 Rhode Island gubernatorial election,Write-in,,,1057,0.3,False,False
2022,Rhode Island,RI,governor,2022 Rhode Island gubernatorial election,Total,,,357670,100.0,False,False
2022,South Carolina,SC,attorney general,2022 South Carolina Attorney General election,Winning,Alan Wilson,Republican,1223080,97.32,True,True
2022,South Carolina,SC,attorney general,2022 South Carolina Attorney General election,Candidate,Write-in,Write-ins,33709,2.68,False,False
2022,South Carolina,SC,attorney general,2022 South Carolina Attorney General election,Total,,,1256789,100.0,False,False
2022,South Carolina,SC,secretary of state,2022 South Carolina Secretary of State election,Winning,Mark Hammond,Republican,1071451,63.33,True,True
2022,South Carolina,SC,secretary of state,2022 South Carolina Secretary of State election,Candidate,Rosemounda Peggy Butler,Democratic,619341,36.61,False,False
2022,South Carolina,SC,secretary of state,2022 South Carolina Secretary of State election,Write-in,,,1109,0.07,False,False
2022,South Carolina,SC,secretary of state,2022 South Carolina Secretary of State election,Total,,,1691901,100.0,False,False
2022,South Carolina,SC,state treasurer,2022 South Carolina Treasurer election,Winning,Curtis Loftis,Republican,1129961,79.67,True,True
2022,South Carolina,SC,state treasurer,2022 South Carolina Treasurer election,Candidate,Sarah E. Work,Alliance,281,19.86,False,False
2022,South Carolina,SC,state treasurer,2022 South Carolina Treasurer election,Candidate,Write-in,,6630,0.47,False,False
2022,South Carolina,SC,state treasurer,2022 South Carolina Treasurer election,Total,,,1418286,100.0,False,False
2022,South Carolina,SC,governor,2022 South Carolina gubernatorial election,Winning,Henry McMaster,Republican,988501,58.04,True,True
2022,South Carolina,SC,governor,2022 South Carolina gubernatorial election,Candidate,Joe Cunningham,Democratic,692691,40.67,False,False
2022,South Carolina,SC,governor,2022 South Carolina gubernatorial election,Candidate,Morgan Bruce Reeves,Libertarian,20826,1.22,False,False
2022,South Carolina,SC,governor,2022 South Carolina gubernatorial election,Write-in,,,1174,0.07,False,False
2022,South Carolina,SC,governor,2022 South Carolina gubernatorial election,Total,,,1703192,100.0,False,False
2022,South Dakota,SD,attorney general,2022 South Dakota Attorney General election,Winning,Marty Jackley,Republican,257419,100.0,True,False
2022,South Dakota,SD,attorney general,2022 South Dakota Attorney General election,Total,,,257419,100.0,False,False
2022,South Dakota,SD,secretary of state,2022 South Dakota Secretary of State election,Winning,Monae Johnson,Republican,212348,63.9,True,False
2022,South Dakota,SD,secretary of state,2022 South Dakota Secretary of State election,Candidate,Thomas Cool,Democratic,119975,36.1,False,False
2022,South Dakota,SD,secretary of state,2022 South Dakota Secretary of State election,Total,,,332323,100.0,False,False
2022,South Dakota,SD,state treasurer,2022 South Dakota State Treasurer election,Winning,Josh Haeder,Republican,219334,67.02,True,True
2022,South Dakota,SD,state treasurer,2022 South Dakota State Treasurer election,Candidate,John Cunningham,Democratic,107916,32.98,False,False
2022,South Dakota,SD,state treasurer,2022 South Dakota State Treasurer election,Total,,,327250,100.0,False,False
2022,South Dakota,SD,governor,2022 South Dakota gubernatorial election,Winning,Kristi Noem,Republican,217035,61.98,True,True
2022,South Dakota,SD,governor,2022 South Dakota gubernatorial election,Candidate,Jamie Smith,Democratic,123148,35.17,False,False
2022,South Dakota,SD,governor,2022 South Dakota gubernatorial election,Candidate,Tracey Quint,Libertarian,9983,2.85,False,False
2022,South Dakota,SD,governor,2022 South Dakota gubernatorial election,Total,,,350166,100.0,False,False
2022,Tennessee,TN,governor,2022 Tennessee gubernatorial election,Winning,Bill Lee,Republican,1129390,64.91,True,True
2022,Tennessee,TN,governor,2022 Tennessee gubernatorial election,Candidate,Jason Martin,Democratic,572818,32.92,False,False
2022,Tennessee,TN,governor,2022 Tennessee gubernatorial election,Candidate,John Gentry,Independent,15395,0.89,False,False
2022,Tennessee,TN,governor,2022 Tennessee gubernatorial election,Candidate,Constance Every,Independent,10277,0.59,False,False
2022,Tennessee,TN,governor,2022 Tennessee gubernatorial election,Candidate,Deborah Rouse,Independent,3772,0.22,False,False
2022,Tennessee,TN,governor,2022 Tennessee gubernatorial election,Candidate,Rick Tyler,Independent,2380,0.14,False,False
2022,Tennessee,TN,governor,2022 Tennessee gubernatorial election,Candidate,Charles Van Morgan,Independent,1862,0.11,False,False
2022,Tennessee,TN,governor,2022 Tennessee gubernatorial election,Candidate,Basil Marceaux,Independent,1568,0.09,False,False
2022,Tennessee,TN,governor,2022 Tennessee gubernatorial election,Candidate,Alfred O'Neil,Independent,1216,0.07,False,False
2022,Tennessee,TN,governor,2022 Tennessee gubernatorial election,Candidate,Michael Scantland,Independent,815,0.05,False,False
2022,Tennessee,TN,governor,2022 Tennessee gubernatorial election,Candidate,Lemichael D. Wilson,Write-in Candidate,386,0.02,False,False
2022,Tennessee,TN,governor,2022 Tennessee gubernatorial election,Candidate,Charles Carney,Write-in Candidate,2,0.0,False,False
2022,Tennessee,TN,governor,2022 Tennessee gubernatorial election,Candidate,Stephen C. Maxwell,Write-in Candidate,1,0.0,False,False
2022,Tennessee,TN,governor,2022 Tennessee gubernatorial election,Candidate,Kameron Parker Scott,Write-in Candidate,0,0.0,False,False
2022,Tennessee,TN,governor,2022 Tennessee gubernatorial election,Total,,,1739882,100.0,False,False
2022,Texas,TX,attorney general,2022 Texas Attorney General election,Winning,Ken Paxton,Republican,4278986,53.42,True,True
2022,Texas,TX,attorney general,2022 Texas Attorney General election,Candidate,Rochelle Garza,Democratic,3497267,43.66,False,False
2022,Texas,TX,attorney general,2022 Texas Attorney General election,Candidate,Mark Ash,Libertarian,233750,2.92,False,False
2022,Texas,TX,attorney general,2022 Texas Attorney General election,Total,,,8010003,100.0,False,False
2022,Texas,TX,governor,2022 Texas gubernatorial election,Winning,Greg Abbott,Republican,4435558,54.75,True,True
2022,Texas,TX,governor,2022 Texas gubernatorial election,Candidate,Beto O'Rourke,Democratic,3553656,43.86,False,False
2022,Texas,TX,governor,2022 Texas gubernatorial election,Candidate,Mark Tippetts,Libertarian,81932,1.01,False,False
2022,Texas,TX,governor,2022 Texas gubernatorial election,Candidate,Delilah Barrios,Green,28584,0.35,False,False
2022,Texas,TX,governor,2022 Texas gubernatorial election,Candidate,Jacqueline Abernathy,Solidarity,1243,0.02,False,False
2022,Texas,TX,governor,2022 Texas gubernatorial election,Total,,,8101994,100.0,False,False
2022,Vermont,VT,attorney general,Republican primary results,Winning,Charity Clark,Democratic,179098,65.1,True,False
2022,Vermont,VT,attorney general,Republican primary results,Candidate,Mike Tagliavia,Republican,95661,34.8,False,False
2022,Vermont,VT,attorney general,Republican primary results,Write-in,,,467,0.2,False,False
2022,Vermont,VT,attorney general,Republican primary results,Total,,,275226,100.0,False,False
2022,Vermont,VT,secretary of state,2022 Vermont Secretary of State election,Winning,Sarah Copeland Hanzas,Democratic,179087,65.03,True,False
2022,Vermont,VT,secretary of state,2022 Vermont Secretary of State election,Candidate,H. Brooke Paige,Republican,95666,34.74,False,False
2022,Vermont,VT,secretary of state,2022 Vermont Secretary of State election,Write-in,,,626,0.23,False,False
2022,Vermont,VT,secretary of state,2022 Vermont Secretary of State election,Total,,,275379,100.0,False,False
2022,Vermont,VT,governor,2022 Vermont gubernatorial election,Winning,Phil Scott,Republican,202147,70.91,True,True
2022,Vermont,VT,governor,2022 Vermont gubernatorial election,Candidate,Brenda Siegel,Democratic/progressive,68248,23.94,False,False
2022,Vermont,VT,governor,2022 Vermont gubernatorial election,Candidate,Kevin Hoyt,Independent,6022,2.06,False,False
2022,Vermont,VT,governor,2022 Vermont gubernatorial election,Candidate,Peter Duval,Independent,4723,1.62,False,False
2022,Vermont,VT,governor,2022 Vermont gubernatorial election,Candidate,Bernard Peters,Independent,2315,0.79,False,False
2022,Vermont,VT,governor,2022 Vermont gubernatorial election,Write-in,,,1346,0.46,False,False
2022,Vermont,VT,governor,2022 Vermont gubernatorial election,Total,,,284801,100.0,False,False
2022,Wisconsin,WI,attorney general,2022 Wisconsin Attorney General election,Winning,Josh Kaul,Democratic,1333369,50.64,True,True
2022,Wisconsin,WI,attorney general,2022 Wisconsin Attorney General election,Candidate,Eric Toney,Republican,1298369,49.31,False,False
2022,Wisconsin,WI,attorney general,2022 Wisconsin Attorney General election,Write-in,,,1539,0.06,False,False
2022,Wisconsin,WI,attorney general,2022 Wisconsin Attorney General election,Total,,,2633277,100.0,False,False
2022,Wisconsin,WI,secretary of state,2022 Wisconsin Secretary of State election,Winning,Doug La Follette,Democratic,1268748,48.3,True,True
2022,Wisconsin,WI,secretary of state,2022 Wisconsin Secretary of State election,Candidate,Amy Loudenbeck,Republican,1261306,48.01,False,False
2022,Wisconsin,WI,secretary of state,2022 Wisconsin Secretary of State election,Candidate,Neil Harmon,Libertarian,54413,2.07,False,False
2022,Wisconsin,WI,secretary of state,2022 Wisconsin Secretary of State election,Candidate,Sharyl R. McFarland,Green,41532,1.58,False,False
2022,Wisconsin,WI,secretary of state,2022 Wisconsin Secretary of State election,Write-in,,,944,0.04,False,False
2022,Wisconsin,WI,secretary of state,2022 Wisconsin Secretary of State election,Total,,,2626943,100.0,False,False
2022,Wisconsin,WI,state treasurer,2022 Wisconsin State Treasurer election,Winning,John Leiber,Republican,1293553,49.62,True,False
2022,Wisconsin,WI,state treasurer,2022 Wisconsin State Treasurer election,Candidate,Aaron Richardson,Democratic,1254949,48.14,False,False
2022,Wisconsin,WI,state treasurer,2022 Wisconsin State Treasurer election,Candidate,Andrew Zuelke,Constitution,57333,2.2,False,False
2022,Wisconsin,WI,state treasurer,2022 Wisconsin State Treasurer election,Write-in,,,1268,0.05,False,False
2022,Wisconsin,WI,state treasurer,2022 Wisconsin State Treasurer election,Total,,,2607103,100.0,False,False
2022,Wisconsin,WI,governor,2022 Wisconsin gubernatorial election,Winning,Tony Evers,Democratic,1358774,51.15,True,True
2022,Wisconsin,WI,governor,2022 Wisconsin gubernatorial election,Candidate,Tim Michels,Republican,1268535,47.75,False,False
2022,Wisconsin,WI,governor,2022 Wisconsin gubernatorial election,Candidate,Joan Ellis Beglinger (withdrawn),Independent,27198,1.02,False,False
2022,Wisconsin,WI,governor,2022 Wisconsin gubernatorial election,Write-in,,,1983,0.07,False,False
2022,Wisconsin,WI,governor,2022 Wisconsin gubernatorial election,Total,,,2656490,100.0,False,False
2022,Wyoming,WY,governor,2022 Wyoming gubernatorial election,Winning,Mark Gordon,Republican,143696,74.07,True,True
2022,Wyoming,WY,governor,2022 Wyoming gubernatorial election,Candidate,Theresa Livingston,Democratic,30686,15.82,False,False
2022,Wyoming,WY,governor,2022 Wyoming gubernatorial election,Candidate,Jared Baldes,Libertarian,8157,4.2,False,False
2022,Wyoming,WY,governor,2022 Wyoming gubernatorial election,Write-in,,,11461,5.91,False,False
2022,Wyoming,WY,governor,2022 Wyoming gubernatorial election,Total,,,194000,100.0,False,False
2023,Kentucky,KY,attorney general,2023 Kentucky Attorney General election,Winning,Russell Coleman,Republican,752692,58.01,True,False
2023,Kentucky,KY,attorney general,2023 Kentucky Attorney General election,Candidate,Pamela Stevenson,Democratic,544748,41.99,False,False
2023,Kentucky,KY,attorney general,2023 Kentucky Attorney General election,Total,,,1297440,100.0,False,False
2023,Kentucky,KY,secretary of state,2023 Kentucky Secretary of State election,Winning,Michael Adams,Republican,785237,60.6,True,True
2023,Kentucky,KY,secretary of state,2023 Kentucky Secretary of State election,Candidate,Buddy Wheatley,Democratic,510090,39.36,False,False
2023,Kentucky,KY,secretary of state,2023 Kentucky Secretary of State election,Write-in,,,518,0.04,False,False
2023,Kentucky,KY,secretary of state,2023 Kentucky Secretary of State election,Total,,,1295845,100.0,False,False
2023,Kentucky,KY,governor,2023 Kentucky gubernatorial election,Winning,Andy Beshear,Democratic,694482,52.53,True,True
2023,Kentucky,KY,governor,2023 Kentucky gubernatorial election,Candidate,Daniel Cameron,Republican,627457,47.46,False,False
2023,Kentucky,KY,governor,2023 Kentucky gubernatorial election,Candidate,Brian Fishback,Write-in,83,0.01,False,False
2023,Kentucky,KY,governor,2023 Kentucky gubernatorial election,Total,,,1322022,100.0,False,False
2023,Louisiana,LA,attorney general,2023 Louisiana Attorney General runoff,Winning,Liz Murrill,Republican,444081,66.37,True,False
2023,Louisiana,LA,attorney general,2023 Louisiana Attorney General runoff,Candidate,Lindsey Cheek,Democratic,225011,33.63,False,False
2023,Louisiana,LA,attorney general,2023 Louisiana Attorney General runoff,Total,,,669092,100.0,False,False
2023,Mississippi,MS,attorney general,2023 Mississippi Attorney General election,Winning,Lynn Fitch,Republican,470870,58.07,True,True
2023,Mississippi,MS,attorney general,2023 Mississippi Attorney General election,Candidate,Greta Kemp Martin,Democratic,339948,41.93,False,False
2023,Mississippi,MS,attorney general,2023 Mississippi Attorney General election,Total,,,810818,100.0,False,False
2023,Mississippi,MS,governor,2023 Mississippi gubernatorial election,Winning,Tate Reeves,Republican,418233,50.94,True,True
2023,Mississippi,MS,governor,2023 Mississippi gubernatorial election,Candidate,Brandon Presley,Democratic,391614,47.7,False,False
2023,Mississippi,MS,governor,2023 Mississippi gubernatorial election,Candidate,Gwendolyn Gray (withdrawn),Independent,11153,1.36,False,False
2023,Mississippi,MS,governor,2023 Mississippi gubernatorial election,Total,,,821000,100.0,False,False
2024,Delaware,DE,governor,2024 Delaware gubernatorial election,Winning,Matt Meyer,Democratic,279585,56.07,True,False
2024,Delaware,DE,governor,2024 Delaware gubernatorial election,Candidate,Mike Ramone,Republican,219050,43.93,False,False
2024,Delaware,DE,governor,2024 Delaware gubernatorial election,Total,,,498635,100.0,False,False
2024,Indiana,IN,attorney general,2024 Indiana Attorney General election,Winning,Todd Rokita,Republican,1669586,58.83,True,True
2024,Indiana,IN,attorney general,2024 Indiana Attorney General election,Candidate,Destiny Wells,Democratic,1168512,41.17,False,False
2024,Indiana,IN,attorney general,2024 Indiana Attorney General election,Total,,,2838098,100.0,False,False
2024,Indiana,IN,governor,2024 Indiana gubernatorial election,Winning,Mike Braun Micah Beckwith,Republican,1566081,54.38,True,False
2024,Indiana,IN,governor,2024 Indiana gubernatorial election,Candidate,Jennifer McCormick Terry Goodin,Democratic,1183741,41.11,False,False
2024,Indiana,IN,governor,2024 Indiana gubernatorial election,Candidate,Donald Rainwater Tonya Hudson,Libertarian,129781,4.51,False,False
2024,Indiana,IN,governor,2024 Indiana gubernatorial election,Candidate,Write-ins,Write-ins,52,0.0,False,False
2024,Indiana,IN,governor,2024 Indiana gubernatorial election,Total,,,2879655,100.0,False,False
2024,Missouri,MO,attorney general,2024 Missouri Attorney General election,Winning,Andrew Bailey,Republican,1739626,59.78,True,True
2024,Missouri,MO,attorney general,2024 Missouri Attorney General election,Candidate,Elad Gross,Democratic,1103482,37.92,False,False
2024,Missouri,MO,attorney general,2024 Missouri Attorney General election,Candidate,Ryan Munro,Libertarian,66878,2.3,False,False
2024,Missouri,MO,attorney general,2024 Missouri Attorney General election,Total,,,2909986,100.0,False,False
2024,Missouri,MO,secretary of state,2024 Missouri Secretary of State election,Winning,Denny Hoskins,Republican,1677902,57.66,True,False
2024,Missouri,MO,secretary of state,2024 Missouri Secretary of State election,Candidate,Barbara Phifer,Democratic,1154090,39.66,False,False
2024,Missouri,MO,secretary of state,2024 Missouri Secretary of State election,Candidate,Carl Freese,Libertarian,49113,1.69,False,False
2024,Missouri,MO,secretary of state,2024 Missouri Secretary of State election,Candidate,Jerome Bauer,Green,29012,1.0,False,False
2024,Missouri,MO,secretary of state,2024 Missouri Secretary of State election,Total,,,2910117,100.0,False,False
2024,Missouri,MO,state treasurer,2024 Missouri State Treasurer election,Winning,Vivek Malek,Republican,1684714,57.93,True,True
2024,Missouri,MO,state treasurer,2024 Missouri State Treasurer election,Candidate,Mark Osmack,Democratic,1106236,38.04,False,False
2024,Missouri,MO,state treasurer,2024 Missouri State Treasurer election,Candidate,John Hartwig,Libertarian,81443,2.8,False,False
2024,Missouri,MO,state treasurer,2024 Missouri State Treasurer election,Candidate,Reagan Haas,Green,35745,1.23,False,False
2024,Missouri,MO,state treasurer,2024 Missouri State Treasurer election,Total,,,2908138,100.0,False,False
2024,Missouri,MO,governor,2024 Missouri gubernatorial election,Winning,Mike Kehoe,Republican,1750802,59.14,True,False
2024,Missouri,MO,governor,2024 Missouri gubernatorial election,Candidate,Crystal Quade,Democratic,1146173,38.72,False,False
2024,Missouri,MO,governor,2024 Missouri gubernatorial election,Candidate,Bill Slantz,Libertarian,40908,1.38,False,False
2024,Missouri,MO,governor,2024 Missouri gubernatorial election,Candidate,Paul Lehmann,Green,22359,0.76,False,False
2024,Missouri,MO,governor,2024 Missouri gubernatorial election,Write-in,,,24,0.0,False,False
2024,Missouri,MO,governor,2024 Missouri gubernatorial election,Total,,,2960266,100.0,False,False
2024,Montana,MT,attorney general,2024 Montana Attorney General election,Winning,Austin Knudsen,Republican,352682,59.71,True,True
2024,Montana,MT,attorney general,2024 Montana Attorney General election,Candidate,Ben Alke,Democratic,237928,40.29,False,False
2024,Montana,MT,attorney general,2024 Montana Attorney General election,Total,,,590610,100.0,False,False
2024,Montana,MT,secretary of state,2024 Montana Secretary of State election,Winning,Christi Jacobsen,Republican,364319,61.39,True,True
2024,Montana,MT,secretary of state,2024 Montana Secretary of State election,Candidate,Jesse Mullen,Democratic,210651,35.49,False,False
2024,Montana,MT,secretary of state,2024 Montana Secretary of State election,Candidate,John Lamb,Libertarian,18500,3.12,False,False
2024,Montana,MT,secretary of state,2024 Montana Secretary of State election,Total,,,593470,100.0,False,False
2024,Montana,MT,governor,2024 Montana gubernatorial election,Winning,Greg Gianforte,Republican,354569,58.86,True,True
2024,Montana,MT,governor,2024 Montana gubernatorial election,Candidate,Ryan Busse,Democratic,232644,38.62,False,False
2024,Montana,MT,governor,2024 Montana gubernatorial election,Candidate,Kaiser Leib,Libertarian,15191,2.52,False,False
2024,Montana,MT,governor,2024 Montana gubernatorial election,Total,,,602404,100.0,False,False
2024,New Hampshire,NH,governor,2024 New Hampshire gubernatorial election,Winning,Kelly Ayotte,Republican,436122,53.61,True,False
2024,New Hampshire,NH,governor,2024 New Hampshire gubernatorial election,Candidate,Joyce Craig,Democratic,360149,44.27,False,False
2024,New Hampshire,NH,governor,2024 New Hampshire gubernatorial election,Candidate,Stephen Villee,Libertarian,16202,1.99,False,False
2024,New Hampshire,NH,governor,2024 New Hampshire gubernatorial election,Write-in,,,1024,0.13,False,False
2024,New Hampshire,NH,governor,2024 New Hampshire gubernatorial election,Total,,,813497,100.0,False,False
2024,North Carolina,NC,attorney general,2024 North Carolina Attorney General election,Winning,Jeff Jackson,Democratic,2874960,51.43,True,False
2024,North Carolina,NC,attorney general,2024 North Carolina Attorney General election,Candidate,Dan Bishop,Republican,2715411,48.57,False,False
2024,North Carolina,NC,attorney general,2024 North Carolina Attorney General election,Total,,,5590371,100.0,False,False
2024,North Carolina,NC,secretary of state,2024 North Carolina Secretary of State election,Winning,Elaine Marshall,Democratic,2837994,51.04,True,True
2024,North Carolina,NC,secretary of state,2024 North Carolina Secretary of State election,Candidate,Chad Brown,Republican,2722794,48.96,False,False
2024,North Carolina,NC,secretary of state,2024 North Carolina Secretary of State election,Total,,,5560788,100.0,False,False
2024,North Carolina,NC,state treasurer,2024 North Carolina State Treasurer election,Winning,Brad Briner,Republican,2900059,52.45,True,False
2024,North Carolina,NC,state treasurer,2024 North Carolina State Treasurer election,Candidate,Wesley Harris,Democratic,2629444,47.55,False,False
2024,North Carolina,NC,state treasurer,2024 North Carolina State Treasurer election,Total,,,5529503,100.0,False,False
2024,North Carolina,NC,governor,2024 North Carolina gubernatorial election,Winning,Josh Stein,Democratic,3069496,54.9,True,False
2024,North Carolina,NC,governor,2024 North Carolina gubernatorial election,Candidate,Mark Robinson,Republican,2241309,40.08,False,False
2024,North Carolina,NC,governor,2024 North Carolina gubernatorial election,Candidate,Mike Ross,Libertarian,176392,3.15,False,False
2024,North Carolina,NC,governor,2024 North Carolina gubernatorial election,Candidate,Vinny Smith,Constitution,54738,0.98,False,False
2024,North Carolina,NC,governor,2024 North Carolina gubernatorial election,Candidate,Wayne Turner,Green,49612,0.89,False,False
2024,North Carolina,NC,governor,2024 North Carolina gubernatorial election,Total,,,5591547,100.0,False,False
2024,North Dakota,ND,state treasurer,2024 North Dakota State Treasurer election,Winning,Thomas Beadle,Republican,303730,98.08,True,True
2024,North Dakota,ND,state treasurer,2024 North Dakota State Treasurer election,Write-in,,,5952,1.92,False,False
2024,North Dakota,ND,state treasurer,2024 North Dakota State Treasurer election,Total,,,309682,100.0,False,False
2024,North Dakota,ND,governor,2024 North Dakota gubernatorial election,Winning,Kelly Armstrong Michelle Strinden,Republican,247056,68.26,True,False
2024,North Dakota,ND,governor,2024 North Dakota gubernatorial election,Candidate,Merrill Piepkorn Patrick Hart,North Dakota Democratic–nonpartisan League,94043,25.98,False,False
2024,North Dakota,ND,governor,2024 North Dakota gubernatorial election,Candidate,Michael Coachman Lydia Gessele,Independent,20322,5.61,False,False
2024,North Dakota,ND,governor,2024 North Dakota gubernatorial election,Write-in,,,530,0.15,False,False
2024,North Dakota,ND,governor,2024 North Dakota gubernatorial election,Total,,,361951,100.0,False,False
2024,Oregon,OR,attorney general,2024 Oregon Attorney General election,Winning,Dan Rayfield,Democratic,1156489,54.37,True,False
2024,Oregon,OR,attorney general,2024 Oregon Attorney General election,Candidate,Will Lathrop,Republican,967964,45.51,False,False
2024,Oregon,OR,attorney general,2024 Oregon Attorney General election,Write-in,,,2612,0.12,False,False
2024,Oregon,OR,attorney general,2024 Oregon Attorney General election,Total,,,2127065,100.0,False,False
2024,Oregon,OR,secretary of state,2024 Oregon Secretary of State election,Winning,Tobias Read,Democratic,1166447,54.45,True,False
2024,Oregon,OR,secretary of state,2024 Oregon Secretary of State election,Candidate,Dennis Linthicum,Republican,897704,41.9,False,False
2024,Oregon,OR,secretary of state,2024 Oregon Secretary of State election,Candidate,Nathalie Paravicini,Green,76170,3.56,False,False
2024,Oregon,OR,secretary of state,2024 Oregon Secretary of State election,Write-in,,,2011,0.09,False,False
2024,Oregon,OR,secretary of state,2024 Oregon Secretary of State election,Total,,,2142332,100.0,False,False
2024,Oregon,OR,state treasurer,2024 Oregon State Treasurer election,Winning,Elizabeth Steiner,Democratic,1050119,49.36,True,False
2024,Oregon,OR,state treasurer,2024 Oregon State Treasurer election,Candidate,Brian Boquist,Republican,919794,43.24,False,False
2024,Oregon,OR,state treasurer,2024 Oregon State Treasurer election,Candidate,Mary King,Families,155473,7.31,False,False
2024,Oregon,OR,state treasurer,2024 Oregon State Treasurer election,Write-in,,,1882,0.09,False,False
2024,Oregon,OR,state treasurer,2024 Oregon State Treasurer election,Total,,,2127268,100.0,False,False
2024,Pennsylvania,PA,attorney general,2024 Pennsylvania Attorney General election,Winning,Dave Sunday,Republican,3496679,50.81,True,False
2024,Pennsylvania,PA,attorney general,2024 Pennsylvania Attorney General election,Candidate,Eugene DePasquale,Democratic,3179376,46.2,False,False
2024,Pennsylvania,PA,attorney general,2024 Pennsylvania Attorney General election,Candidate,Rob Cowburn,Libertarian,88835,1.29,False,False
2024,Pennsylvania,PA,attorney general,2024 Pennsylvania Attorney General election,Candidate,Richard Weiss,Green,68046,0.99,False,False
2024,Pennsylvania,PA,attorney general,2024 Pennsylvania Attorney General election,Candidate,Justin Magill,Constitution,31282,0.45,False,False
2024,Pennsylvania,PA,attorney general,2024 Pennsylvania Attorney General election,Candidate,Eric Settle,Forward,18151,0.26,False,False
2024,Pennsylvania,PA,attorney general,2024 Pennsylvania Attorney General election,Total,,,6882369,100.0,False,False
2024,Pennsylvania,PA,state treasurer,2024 Pennsylvania State Treasurer election,Winning,Stacy Garrity,Republican,3542336,51.91,True,True
2024,Pennsylvania,PA,state treasurer,2024 Pennsylvania State Treasurer election,Candidate,Erin McClelland,Democratic,3115393,45.65,False,False
2024,Pennsylvania,PA,state treasurer,2024 Pennsylvania State Treasurer election,Candidate,Nick Ciesielski,Libertarian,99228,1.45,False,False
2024,Pennsylvania,PA,state treasurer,2024 Pennsylvania State Treasurer election,Candidate,Troy Bowman,Constitution,40886,0.6,False,False
2024,Pennsylvania,PA,state treasurer,2024 Pennsylvania State Treasurer election,Candidate,Chris Foster,Forward,26753,0.39,False,False
2024,Pennsylvania,PA,state treasurer,2024 Pennsylvania State Treasurer election,Total,,,6824596,100.0,False,False
2024,Utah,UT,attorney general,2024 Utah Attorney General election,Winning,Derek Brown,Republican,838445,57.84,True,False
2024,Utah,UT,attorney general,2024 Utah Attorney General election,Candidate,Rudy Bautista,Democratic,401234,27.68,False,False
2024,Utah,UT,attorney general,2024 Utah Attorney General election,Candidate,Michelle Quist,Utah,103831,7.16,False,False
2024,Utah,UT,attorney general,2024 Utah Attorney General election,Candidate,Andrew McCullough,Libertarian,55932,3.86,False,False
2024,Utah,UT,attorney general,2024 Utah Attorney General election,Candidate,Austin Hepworth,Independent,50053,3.45,False,False
2024,Utah,UT,attorney general,2024 Utah Attorney General election,Total,,,1449495,100.0,False,False
2024,Utah,UT,state treasurer,2024 Utah State Treasurer election,Winning,Marlo Oaks,Republican,920760,64.94,True,True
2024,Utah,UT,state treasurer,2024 Utah State Treasurer election,Candidate,Neil Hansen,Democratic,420883,29.68,False,False
2024,Utah,UT,state treasurer,2024 Utah State Treasurer election,Candidate,Miles Pomeroy,Forward,76212,5.38,False,False
2024,Utah,UT,state treasurer,2024 Utah State Treasurer election,Total,,,1417855,100.0,False,False
2024,Utah,UT,governor,2024 Utah gubernatorial election,Winning,Spencer Cox,Republican,781431,52.89,True,True
2024,Utah,UT,governor,2024 Utah gubernatorial election,Candidate,Brian King,Democratic,420514,28.46,False,False
2024,Utah,UT,governor,2024 Utah gubernatorial election,Candidate,Phil Lyman,Write-in Candidate,200551,13.57,False,False
2024,Utah,UT,governor,2024 Utah gubernatorial election,Candidate,J. Robert Latham,Libertarian,41164,2.79,False,False
2024,Utah,UT,governor,2024 Utah gubernatorial election,Candidate,Tommy Williams,Independent American,27480,1.86,False,False
2024,Utah,UT,governor,2024 Utah gubernatorial election,Candidate,Tom Tomeny,Independent,5792,0.39,False,False
2024,Utah,UT,governor,2024 Utah gubernatorial election,Candidate,Charlie Tautuaa,Write-in Candidate,525,0.04,False,False
2024,Utah,UT,governor,2024 Utah gubernatorial election,Total,,,1477457,100.0,False,False
2024,Vermont,VT,attorney general,2024 Vermont Attorney General election,Winning,Charity Clark,Democratic,200711,57.82,True,True
2024,Vermont,VT,attorney general,2024 Vermont Attorney General election,Candidate,Ture Nelson,Republican,128798,37.1,False,False
2024,Vermont,VT,attorney general,2024 Vermont Attorney General election,Candidate,Kevin Gustafson,Justice,17159,4.94,False,False
2024,Vermont,VT,attorney general,2024 Vermont Attorney General election,Write-in,,,490,0.13,False,False
2024,Vermont,VT,attorney general,2024 Vermont Attorney General election,Total,,,347158,100.0,False,False
2024,Vermont,VT,secretary of state,2024 Vermont Secretary of State Election,Winning,Sarah Copeland Hanzas,Democratic,205378,59.61,True,True
2024,Vermont,VT,secretary of state,2024 Vermont Secretary of State Election,Candidate,H. Brooke Paige,Republican,138673,40.25,False,False
2024,Vermont,VT,secretary of state,2024 Vermont Secretary of State Election,Write-in,,,473,0.14,False,False
2024,Vermont,VT,secretary of state,2024 Vermont Secretary of State Election,Total,,,344524,100.0,False,False
2024,Vermont,VT,state treasurer,2024 Vermont State Treasurer election,Winning,Mike Pieciak,Democratic,211134,60.79,True,True
2024,Vermont,VT,state treasurer,2024 Vermont State Treasurer election,Candidate,Joshua Bechhoefer,Republican,135763,39.09,False,False
2024,Vermont,VT,state treasurer,2024 Vermont State Treasurer election,Write-in,,,415,0.12,False,False
2024,Vermont,VT,state treasurer,2024 Vermont State Treasurer election,Total,,,347312,100.0,False,False
2024,Vermont,VT,governor,2024 Vermont gubernatorial election,Winning,Phil Scott,Republican,266439,73.43,True,True
2024,Vermont,VT,governor,2024 Vermont gubernatorial election,Candidate,Esther Charlestin,Democratic/progressive,79217,21.83,False,False
2024,Vermont,VT,governor,2024 Vermont gubernatorial election,Candidate,Kevin Hoyt,Independent,9368,2.58,False,False
2024,Vermont,VT,governor,2024 Vermont gubernatorial election,Candidate,June Goodband,Justice,4512,1.24,False,False
2024,Vermont,VT,governor,2024 Vermont gubernatorial election,Candidate,"Eli ""Poa"" Mutino",Independent,2414,0.67,False,False
2024,Vermont,VT,governor,2024 Vermont gubernatorial election,Write-in,,,891,0.25,False,False
2024,Vermont,VT,governor,2024 Vermont gubernatorial election,Total,,,362841,100.0,False,False
2024,Washington,WA,attorney general,2024 Washington Attorney General election,Winning,Nick Brown,Democratic,2093570,55.58,True,False
2024,Washington,WA,attorney general,2024 Washington Attorney General election,Candidate,Pete Serrano,Republican,1669884,44.33,False,False
2024,Washington,WA,attorney general,2024 Washington Attorney General election,Write-in,,,3616,0.1,False,False
2024,Washington,WA,attorney general,2024 Washington Attorney General election,Total,,,3767070,100.0,False,False
2024,Washington,WA,secretary of state,2024 Washington Secretary of State election,Winning,Steve Hobbs,Democratic,2234420,59.2,True,True
2024,Washington,WA,secretary of state,2024 Washington Secretary of State election,Candidate,Dale Whitaker,Republican,1535977,40.7,False,False
2024,Washington,WA,secretary of state,2024 Washington Secretary of State election,Write-in,,,3958,0.1,False,False
2024,Washington,WA,secretary of state,2024 Washington Secretary of State election,Total,,,3774355,100.0,False,False
2024,Washington,WA,state treasurer,2024 Washington State Treasurer election,Winning,Mike Pellicciotti,Democratic,2148764,57.26,True,True
2024,Washington,WA,state treasurer,2024 Washington State Treasurer election,Candidate,Sharon Hanek,Republican,1600370,42.65,False,False
2024,Washington,WA,state treasurer,2024 Washington State Treasurer election,Write-in,,,3261,0.09,False,False
2024,Washington,WA,state treasurer,2024 Washington State Treasurer election,Total,,,3752395,100.0,False,False
2024,Washington,WA,governor,2024 Washington gubernatorial election,Winning,Bob Ferguson,Democratic,2143368,55.51,True,False
2024,Washington,WA,governor,2024 Washington gubernatorial election,Candidate,Dave Reichert,Republican,1709818,44.28,False,False
2024,Washington,WA,governor,2024 Washington gubernatorial election,Write-in,,,8202,0.21,False,False
2024,Washington,WA,governor,2024 Washington gubernatorial election,Total,,,3861388,100.0,False,False
2024,West Virginia,WV,attorney general,2024 West Virginia Attorney General election,Winning,JB McCuskey,Republican,501452,70.02,True,False
2024,West Virginia,WV,attorney general,2024 West Virginia Attorney General election,Candidate,Teresa Toriseva,Democratic,214654,29.98,False,False
2024,West Virginia,WV,attorney general,2024 West Virginia Attorney General election,Total,,,716106,100.0,False,False
2024,West Virginia,WV,secretary of state,2024 West Virginia Secretary of State election,Winning,Kris Warner,Republican,510992,71.15,True,False
2024,West Virginia,WV,secretary of state,2024 West Virginia Secretary of State election,Candidate,Thornton Cooper,Democratic,207238,28.85,False,False
2024,West Virginia,WV,secretary of state,2024 West Virginia Secretary of State election,Total,,,718230,100.0,False,False
2024,West Virginia,WV,state treasurer,2024 West Virginia State Treasurer election,Winning,Larry Pack,Republican,602718,99.93,True,False
2024,West Virginia,WV,state treasurer,2024 West Virginia State Treasurer election,Write-in,,,444,0.07,False,False
2024,West Virginia,WV,state treasurer,2024 West Virginia State Treasurer election,Total,,,603162,100.0,False,False
2024,West Virginia,WV,governor,2024 West Virginia gubernatorial election,Winning,Patrick Morrisey,Republican,459300,61.99,True,False
2024,West Virginia,WV,governor,2024 West Virginia gubernatorial election,Candidate,Steve Williams,Democratic,233976,31.58,False,False
2024,West Virginia,WV,governor,2024 West Virginia gubernatorial election,Candidate,Erika Kolenich,Libertarian,21228,2.87,False,False
2024,West Virginia,WV,governor,2024 West Virginia gubernatorial election,Candidate,S. Marshall Wilson,Constitution,16828,2.27,False,False
2024,West Virginia,WV,governor,2024 West Virginia gubernatorial election,Candidate,Chase Linko-Looper,Mountain,9596,1.3,False,False
2024,West Virginia,WV,governor,2024 West Virginia gubernatorial election,Write-in,,,10,0.0,False,False
2024,West Virginia,WV,governor,2024 West Virginia gubernatorial election,Total,,,740938,100.0,False,False
2025,New Jersey,NJ,governor,2025 New Jersey gubernatorial election,Winning,Mikie Sherrill Dale Caldwell,Democratic,1896610,56.88,True,False
2025,New Jersey,NJ,governor,2025 New Jersey gubernatorial election,Candidate,Jack Ciattarelli Jim Gannon,Republican,1417705,42.52,False,False
2025,New Jersey,NJ,governor,2025 New Jersey gubernatorial election,Candidate,Vic Kaplan Bruno Pereira,Libertarian,11880,0.36,False,False
2025,New Jersey,NJ,governor,2025 New Jersey gubernatorial election,Candidate,Joanne Kuniansky Craig Honts,Workers,8164,0.24,False,False
2025,New Jersey,NJ,governor,2025 New Jersey gubernatorial election,Total,,,3334359,100.0,False,False
2025,Virginia,VA,governor,2025 Virginia gubernatorial election,Winning,Abigail Spanberger,Democratic,1976857,57.58,True,False
2025,Virginia,VA,governor,2025 Virginia gubernatorial election,Candidate,Winsome Earle-Sears,Republican,1449586,42.22,False,False
2025,Virginia,VA,governor,2025 Virginia gubernatorial election,Write-in,,,6897,0.2,False,False
2025,Virginia,VA,governor,2025 Virginia gubernatorial election,Total,,,3433340,100.0,False,False
2026,Alaska,AK,governor,2026 Alaska's at-large congressional district election,Candidate,Dan S. Sullivan,Republican,,,False,True
2026,Alaska,AK,governor,2026 Alaska's at-large congressional district election,Candidate,Mary Peltola,Democratic,,,False,False
2026,Alaska,AK,governor,2026 Alaska's at-large congressional district election,Candidate,TBD,Republican,,,False,False
2026,Alaska,AK,governor,2026 Alaska's at-large congressional district election,Total,,,,,False,False
2026,Arizona,AZ,attorney general,2026 Arizona Attorney General election,Candidate,Kris Mayes,Democratic,,,False,True
2026,Arizona,AZ,attorney general,2026 Arizona Attorney General election,Candidate,Warren Petersen,Republican,,,False,False
2026,Arizona,AZ,attorney general,2026 Arizona Attorney General election,Total,,,,100.0,False,False
2026,Arizona,AZ,secretary of state,2026 Arizona Secretary of State election,Candidate,Adrian Fontes,Democratic,,,False,True
2026,Arizona,AZ,secretary of state,2026 Arizona Secretary of State election,Candidate,Alexander Kolodin,Republican,,,False,False
2026,Arizona,AZ,secretary of state,2026 Arizona Secretary of State election,Candidate,Duwayne Collier,Green,,,False,False
2026,Arizona,AZ,secretary of state,2026 Arizona Secretary of State election,Total,,,,100.0,False,False
2026,Arizona,AZ,state treasurer,2026 Arizona State Treasurer election,Candidate,Elijah Norton,Republican,,,False,False
2026,Arizona,AZ,state treasurer,2026 Arizona State Treasurer election,Candidate,Nick Mansour,Democratic,,,False,False
2026,Arizona,AZ,state treasurer,2026 Arizona State Treasurer election,Total,,,,100.0,False,False
2026,Arizona,AZ,governor,2026 Arizona gubernatorial election,Candidate,Katie Hobbs,Democratic,,,False,True
2026,Arizona,AZ,governor,2026 Arizona gubernatorial election,Candidate,Andy Biggs,Republican,,,False,False
2026,Arizona,AZ,governor,2026 Arizona gubernatorial election,Candidate,Risa Lombardo,Green,,,False,False
2026,Arizona,AZ,governor,2026 Arizona gubernatorial election,Candidate,Teri Ann Hourihan,Labels,,,False,False
2026,Arizona,AZ,governor,2026 Arizona gubernatorial election,Total,,,,100.0,False,False
2026,California,CA,attorney general,2026 California Attorney General election,Candidate,Rob Bonta,Democratic,,,False,True
2026,California,CA,attorney general,2026 California Attorney General election,Candidate,Michael Gates,Republican,,,False,False
2026,California,CA,attorney general,2026 California Attorney General election,Total,,,,,False,False
2026,California,CA,secretary of state,2026 California Secretary of State election,Candidate,Shirley Weber,Democratic,,,False,True
2026,California,CA,secretary of state,2026 California Secretary of State election,Candidate,Donald P. Wagner,Republican,,,False,False
2026,California,CA,secretary of state,2026 California Secretary of State election,Total,,,,,False,False
2026,California,CA,governor,2026 California gubernatorial election,Candidate,Xavier Becerra,Democratic,,,False,False
2026,California,CA,governor,2026 California gubernatorial election,Candidate,Steve Hilton,Republican,,,False,False
2026,California,CA,governor,2026 California gubernatorial election,Total,,,,,False,False
2026,Florida,FL,attorney general,2026 Florida Attorney General election,Candidate,James Uthmeier,Republican,,,False,True
2026,Florida,FL,attorney general,2026 Florida Attorney General election,Candidate,Jose Javier Rodriguez,Democratic,,,False,False
2026,Florida,FL,attorney general,2026 Florida Attorney General election,Total,,,,100.0,False,False
2026,Florida,FL,governor,2026 Florida gubernatorial election,Candidate,Byron Donalds Bryan Avila,Republican,,,False,False
2026,Florida,FL,governor,2026 Florida gubernatorial election,Candidate,David Jolly Gwen Graham,Democratic,,,False,False
2026,Florida,FL,governor,2026 Florida gubernatorial election,Candidate,Scott Eckhard Jewett Nicole Skelly,Libertarian,,,False,False
2026,Florida,FL,governor,2026 Florida gubernatorial election,Candidate,Charles Burkett Ruben A. Coto,Independent,,,False,False
2026,Florida,FL,governor,2026 Florida gubernatorial election,Candidate,Frank J. Russo Rachel Rodriguez,Independent,,,False,False
2026,Florida,FL,governor,2026 Florida gubernatorial election,Candidate,Moliere Dimanche Benjiman Rojas,Independent,,,False,False
2026,Florida,FL,governor,2026 Florida gubernatorial election,Candidate,Dean Ocean Abrams Joe Van Victor,Independent,,,False,False
2026,Florida,FL,governor,2026 Florida gubernatorial election,Candidate,Jeffrey Peter Datto Juan Santana,Independent,,,False,False
2026,Florida,FL,governor,2026 Florida gubernatorial election,Total,,,,100.0,False,False
2026,Guam,GU,governor,2026 Guam gubernatorial election,Candidate,Therese Terlaje,Democratic,,,False,False
2026,Guam,GU,governor,2026 Guam gubernatorial election,Candidate,Vicente Ada,Republican,,,False,False
2026,Guam,GU,governor,2026 Guam gubernatorial election,Total,,,,,False,False
2026,Iowa,IA,governor,2026 Iowa gubernatorial election,Candidate,Zach Lahn,Republican,,,False,False
2026,Iowa,IA,governor,2026 Iowa gubernatorial election,Candidate,Rob Sand,Democratic,,,False,False
2026,Iowa,IA,governor,2026 Iowa gubernatorial election,Candidate,Sondra Wilson,Independent,,,False,False
2026,Iowa,IA,governor,2026 Iowa gubernatorial election,Total,,,,,False,False
2026,Maryland,MD,attorney general,2026 Maryland Attorney General election,Candidate,Anthony Brown,Democratic,,,False,True
2026,Maryland,MD,attorney general,2026 Maryland Attorney General election,Candidate,James B. Rutledge III,Republican,,,False,False
2026,Maryland,MD,attorney general,2026 Maryland Attorney General election,Total,,,,,False,False
2026,Maryland,MD,governor,2026 Maryland gubernatorial election,Candidate,Wes Moore,Democratic,,,False,True
2026,Maryland,MD,governor,2026 Maryland gubernatorial election,Candidate,Dan Cox,Republican,,,False,False
2026,Maryland,MD,governor,2026 Maryland gubernatorial election,Candidate,Cathy White,Class,,,False,False
2026,Maryland,MD,governor,2026 Maryland gubernatorial election,Candidate,Andy Ellis,Green,,,False,False
2026,Maryland,MD,governor,2026 Maryland gubernatorial election,Total,,,,,False,False
2026,Nebraska,NE,secretary of state,2026 Nebraska Secretary of State election,Candidate,Scott Petersen,Republican,,,False,False
2026,Nebraska,NE,secretary of state,2026 Nebraska Secretary of State election,Candidate,Sarah Slattery,Democratic,,,False,False
2026,Nebraska,NE,secretary of state,2026 Nebraska Secretary of State election,Candidate,Bob Krist,America First,,,False,False
2026,Nebraska,NE,secretary of state,2026 Nebraska Secretary of State election,Candidate,Paul Rumbaugh,Working People,,,False,False
2026,Nebraska,NE,secretary of state,2026 Nebraska Secretary of State election,Total,,,,,False,False
2026,Texas,TX,attorney general,2026 Texas Attorney General election,Candidate,Mayes Middleton,Republican,,,False,False
2026,Texas,TX,attorney general,2026 Texas Attorney General election,Candidate,Nathan Johnson,Democratic,,,False,False
2026,Texas,TX,attorney general,2026 Texas Attorney General election,Candidate,Tom Oxford,Libertarian,,,False,False
2026,Texas,TX,attorney general,2026 Texas Attorney General election,Total,,,,100.0,False,False
2026,Texas,TX,governor,2026 Texas gubernatorial election,Candidate,Greg Abbott,Republican,,,False,True
2026,Texas,TX,governor,2026 Texas gubernatorial election,Candidate,Gina Hinojosa,Democratic,,,False,False
2026,Texas,TX,governor,2026 Texas gubernatorial election,Candidate,Pat Dixon,Libertarian,,,False,False
2026,Texas,TX,governor,2026 Texas gubernatorial election,Total,,,,100.0,False,False
2026,Wisconsin,WI,attorney general,2026 Wisconsin Attorney General election,Candidate,Josh Kaul,Democratic,,,False,True
2026,Wisconsin,WI,attorney general,2026 Wisconsin Attorney General election,Candidate,Eric Toney,Republican,,,False,False
2026,Wisconsin,WI,attorney general,2026 Wisconsin Attorney General election,Total,,,,100.0,False,False
2026,Wisconsin,WI,secretary of state,2026 Wisconsin Secretary of State election,Candidate,JoCasta Zamarripa,Democratic,,,False,False
2026,Wisconsin,WI,secretary of state,2026 Wisconsin Secretary of State election,Candidate,Jay Schroeder,Republican,,,False,False
2026,Wisconsin,WI,secretary of state,2026 Wisconsin Secretary of State election,Candidate,Pete Karas,Green,,,False,False
2026,Wisconsin,WI,secretary of state,2026 Wisconsin Secretary of State election,Total,,,,100.0,False,False
2026,Wisconsin,WI,state treasurer,2026 Wisconsin State Treasurer election,Candidate,John Leiber,Republican,,,False,True
2026,Wisconsin,WI,state treasurer,2026 Wisconsin State Treasurer election,Candidate,Yee Leng Xiong,Democratic,,,False,False
2026,Wisconsin,WI,state treasurer,2026 Wisconsin State Treasurer election,Total,,,,100.0,False,False
2026,Wisconsin,WI,governor,2026 Wisconsin gubernatorial election,Candidate,David Crowley,Democratic,,,False,False
2026,Wisconsin,WI,governor,2026 Wisconsin gubernatorial election,Candidate,Tom Tiffany,Republican,,,False,False
2026,Wisconsin,WI,governor,2026 Wisconsin gubernatorial election,Total,,,,100.0,False,False
