Year,State,State_Code,Office,Primary_Type,Poll_Source,Date,Date_Start,Date_End,Sample,MoE,Candidate,Party,Pct,Incumbent,Date_Original
2018,Alabama,AL,governor,Republican Primary,The Tarrance Group,2018-05-20 to 2018-05-22,2018-05-20,2018-05-22,602,4.1,Tommy Battle,R,18%,False,"May 20–22, 2018"
2018,Alabama,AL,governor,Republican Primary,Leverage Public Strategies,2018-04-23 to 2018-04-30,2018-04-23,2018-04-30,600,3.9,Tommy Battle,R,11%,False,"April 23–30, 2018"
2018,Alabama,AL,governor,Republican Primary,The Tarrance Group,2017-08-28 to 2017-08-30,2017-08-28,2017-08-30,601,4.1,Tommy Battle,R,11%,False,"August 28–30, 2017"
2018,Alabama,AL,governor,Republican Primary,Public Insight Research,2016-07,2016-07-01,2016-07-31,607,,Tommy Battle,R,9%,False,July 2016
2018,Alabama,AL,governor,Republican Primary,The Tarrance Group,2018-05-20 to 2018-05-22,2018-05-20,2018-05-22,602,4.1,Scott Dawson,R,7%,False,"May 20–22, 2018"
2018,Alabama,AL,governor,Republican Primary,Leverage Public Strategies,2018-04-23 to 2018-04-30,2018-04-23,2018-04-30,600,3.9,Scott Dawson,R,9%,False,"April 23–30, 2018"
2018,Alabama,AL,governor,Republican Primary,The Tarrance Group,2018-05-20 to 2018-05-22,2018-05-20,2018-05-22,602,4.1,Bill Hightower,R,5%,False,"May 20–22, 2018"
2018,Alabama,AL,governor,Republican Primary,Leverage Public Strategies,2018-04-23 to 2018-04-30,2018-04-23,2018-04-30,600,3.9,Bill Hightower,R,4%,False,"April 23–30, 2018"
2018,Alabama,AL,governor,Republican Primary,The Tarrance Group,2017-08-28 to 2017-08-30,2017-08-28,2017-08-30,601,4.1,Bill Hightower,R,3%,False,"August 28–30, 2017"
2018,Alabama,AL,governor,Republican Primary,The Tarrance Group,2018-05-20 to 2018-05-22,2018-05-20,2018-05-22,602,4.1,Kay Ivey,R,58%,True,"May 20–22, 2018"
2018,Alabama,AL,governor,Republican Primary,Leverage Public Strategies,2018-04-23 to 2018-04-30,2018-04-23,2018-04-30,600,3.9,Kay Ivey,R,47%,True,"April 23–30, 2018"
2018,Alabama,AL,governor,Republican Primary,The Tarrance Group,2017-08-28 to 2017-08-30,2017-08-28,2017-08-30,601,4.1,Kay Ivey,R,66%,True,"August 28–30, 2017"
2018,Alabama,AL,governor,Republican Primary,Public Insight Research,2016-07,2016-07-01,2016-07-31,607,,Young Boozer,R,2%,False,July 2016
2018,Alabama,AL,governor,Republican Primary,Public Insight Research,2015-07,2015-07-01,2015-07-31,601,,Mike Hubbard,R,4%,False,July 2015
2018,Alabama,AL,governor,Republican Primary,Public Insight Research,2016-07,2016-07-01,2016-07-31,607,,Tim James,R,3%,False,July 2016
2018,Alabama,AL,governor,Republican Primary,Public Insight Research,2015-07,2015-07-01,2015-07-31,601,,Tim James,R,4%,False,July 2015
2018,Alabama,AL,governor,Republican Primary,Public Insight Research,2016-07,2016-07-01,2016-07-31,607,,Del Marsh,R,2%,False,July 2016
2018,Alabama,AL,governor,Republican Primary,Public Insight Research,2015-07,2015-07-01,2015-07-31,601,,Del Marsh,R,5%,False,July 2015
2018,Alabama,AL,governor,Republican Primary,Public Insight Research,2016-07,2016-07-01,2016-07-31,607,,John McMillan,R,3%,False,July 2016
2018,Alabama,AL,governor,Republican Primary,Public Insight Research,2015-07,2015-07-01,2015-07-31,601,,John McMillan,R,2%,False,July 2015
2018,Alabama,AL,governor,Republican Primary,Public Insight Research,2016-07,2016-07-01,2016-07-31,607,,John Merrill,R,3%,False,July 2016
2018,Alabama,AL,governor,Republican Primary,Public Insight Research,2015-07,2015-07-01,2015-07-31,601,,John Merrill,R,3%,False,July 2015
2018,Alabama,AL,governor,Republican Primary,Public Insight Research,2016-07,2016-07-01,2016-07-31,607,,Roy Moore,R,28%,False,July 2016
2018,Alabama,AL,governor,Republican Primary,Public Insight Research,2015-07,2015-07-01,2015-07-31,601,,Roy Moore,R,32%,False,July 2015
2018,Alabama,AL,governor,Republican Primary,Public Insight Research,2016-07,2016-07-01,2016-07-31,607,,Martha Roby,R,6%,False,July 2016
2018,Alabama,AL,governor,Republican Primary,Public Insight Research,2016-07,2016-07-01,2016-07-31,607,,Luther Strange,R,19%,False,July 2016
2018,Alabama,AL,governor,Republican Primary,Public Insight Research,2015-07,2015-07-01,2015-07-31,601,,Luther Strange,R,19%,False,July 2015
2018,Alaska,AK,governor,Republican Primary,Dittman Research,2018-06-05 to 2018-06-07,2018-06-05,2018-06-07,400,4.9,Mike Dunleavy,R,46%,False,"June 5–7, 2018"
2018,Alaska,AK,governor,Republican Primary,Dittman Research,2018-06-05 to 2018-06-07,2018-06-05,2018-06-07,400,4.9,Scott Hawkins,R,7%,False,"June 5–7, 2018"
2018,Alaska,AK,governor,Republican Primary,Dittman Research,2018-06-05 to 2018-06-07,2018-06-05,2018-06-07,400,4.9,Mead Treadwell,R,19%,False,"June 5–7, 2018"
2018,Arizona,AZ,governor,Republican Primary,Emerson College,2018-06-21 to 2018-06-22,2018-06-21,2018-06-22,305,5.9,Doug Ducey,R,44%,True,"June 21–22, 2018"
2018,Arizona,AZ,governor,Republican Primary,Emerson College,2018-06-21 to 2018-06-22,2018-06-21,2018-06-22,305,5.9,Ken Bennett,R,22%,False,"June 21–22, 2018"
2018,Arizona,AZ,governor,Democratic Primary,OH Predictive Insights,2018-08-14 to 2018-08-15,2018-08-14,2018-08-15,589,4.0,Steve Farley,D,25%,False,"August 14–15, 2018"
2018,Arizona,AZ,governor,Democratic Primary,Data Orbital,2018-06-25 to 2018-06-27,2018-06-25,2018-06-27,550,4.2,Steve Farley,D,11%,False,"June 25–27, 2018"
2018,Arizona,AZ,governor,Democratic Primary,Emerson College,2018-06-21 to 2018-06-22,2018-06-21,2018-06-22,260,6.2,Steve Farley,D,13%,False,"June 21–22, 2018"
2018,Arizona,AZ,governor,Democratic Primary,Garin-Hart-Yang,2018-05-21 to 2018-05-23,2018-05-21,2018-05-23,400,5.0,Steve Farley,D,11%,False,"May 21–23, 2018"
2018,Arizona,AZ,governor,Democratic Primary,Public Policy Polling,2018-01-05 to 2018-01-07,2018-01-05,2018-01-07,446,,Steve Farley,D,22%,False,"January 5–7, 2018"
2018,Arizona,AZ,governor,Democratic Primary,OH Predictive Insights,2018-08-14 to 2018-08-15,2018-08-14,2018-08-15,589,4.0,Kelly Fryer,D,7%,False,"August 14–15, 2018"
2018,Arizona,AZ,governor,Democratic Primary,Data Orbital,2018-06-25 to 2018-06-27,2018-06-25,2018-06-27,550,4.2,Kelly Fryer,D,6%,False,"June 25–27, 2018"
2018,Arizona,AZ,governor,Democratic Primary,Emerson College,2018-06-21 to 2018-06-22,2018-06-21,2018-06-22,260,6.2,Kelly Fryer,D,8%,False,"June 21–22, 2018"
2018,Arizona,AZ,governor,Democratic Primary,Garin-Hart-Yang,2018-05-21 to 2018-05-23,2018-05-21,2018-05-23,400,5.0,Kelly Fryer,D,11%,False,"May 21–23, 2018"
2018,Arizona,AZ,governor,Democratic Primary,OH Predictive Insights,2018-08-14 to 2018-08-15,2018-08-14,2018-08-15,589,4.0,David Garcia,D,40%,False,"August 14–15, 2018"
2018,Arizona,AZ,governor,Democratic Primary,Data Orbital,2018-06-25 to 2018-06-27,2018-06-25,2018-06-27,550,4.2,David Garcia,D,33%,False,"June 25–27, 2018"
2018,Arizona,AZ,governor,Democratic Primary,Emerson College,2018-06-21 to 2018-06-22,2018-06-21,2018-06-22,260,6.2,David Garcia,D,30%,False,"June 21–22, 2018"
2018,Arizona,AZ,governor,Democratic Primary,Garin-Hart-Yang,2018-05-21 to 2018-05-23,2018-05-21,2018-05-23,400,5.0,David Garcia,D,32%,False,"May 21–23, 2018"
2018,Arizona,AZ,governor,Democratic Primary,Public Policy Polling,2018-01-05 to 2018-01-07,2018-01-05,2018-01-07,446,,David Garcia,D,43%,False,"January 5–7, 2018"
2018,Arkansas,AR,governor,Republican Primary,Hendrix College,2018-04-17 to 2018-04-19,2018-04-17,2018-04-19,676,3.8,Asa Hutchinson,R,58%,True,"April 17–19, 2018"
2018,Arkansas,AR,governor,Republican Primary,Hendrix College,2018-04-17 to 2018-04-19,2018-04-17,2018-04-19,676,3.8,Jan Morgan,R,31%,False,"April 17–19, 2018"
2018,California,CA,governor,jungle,Competitive Edge Research & Communication,2018-05-29 to 2018-05-30,2018-05-29,2018-05-30,504,4.4,Travis Allen,R,10%,False,"May 29–30, 2018"
2018,California,CA,governor,jungle,UC Berkeley,2018-05-22 to 2018-05-28,2018-05-22,2018-05-28,"2,106",3.5,Travis Allen,R,12%,False,"May 22−28, 2018"
2018,California,CA,governor,jungle,Emerson College,2018-05-21 to 2018-05-24,2018-05-21,2018-05-24,600,4.2,Travis Allen,R,11%,False,"May 21–24, 2018"
2018,California,CA,governor,jungle,YouGov,2018-05-12 to 2018-05-24,2018-05-12,2018-05-24,"1,113",4.0,Travis Allen,R,10%,False,"May 12–24, 2018"
2018,California,CA,governor,jungle,Competitive Edge Research & Communication,2018-05-20 to 2018-05-22,2018-05-20,2018-05-22,501,4.4,Travis Allen,R,9%,False,"May 20–22, 2018"
2018,California,CA,governor,jungle,SurveyUSA,2018-05-21,2018-05-21,2018-05-21,678,6.1,Travis Allen,R,12%,False,"May 21, 2018"
2018,California,CA,governor,jungle,Public Policy Institute of California,2018-05-11 to 2018-05-20,2018-05-11,2018-05-20,901,4.1,Travis Allen,R,11%,False,"May 11–20, 2018"
2018,California,CA,governor,jungle,USC Dornsife,2018-04-18 to 2018-05-18,2018-04-18,2018-05-18,517,4.0,Travis Allen,R,5%,False,"April 18 – May 18, 2018"
2018,California,CA,governor,jungle,Gravis Marketing,2018-05-04 to 2018-05-05,2018-05-04,2018-05-05,525,4.3,Travis Allen,R,8%,False,"May 4–5, 2018"
2018,California,CA,governor,jungle,Big Data Poll,2018-04-27 to 2018-04-29,2018-04-27,2018-04-29,"1,442",3.0,Travis Allen,R,12%,False,"April 27–29, 2018"
2018,California,CA,governor,jungle,SmithJohnson Research,2018-04-26 to 2018-04-27,2018-04-26,2018-04-27,533,4.2,Travis Allen,R,13%,False,"April 26–27, 2018"
2018,California,CA,governor,jungle,SurveyUSA,2018-04-19 to 2018-04-23,2018-04-19,2018-04-23,520,5.5,Travis Allen,R,10%,False,"April 19–23, 2018"
2018,California,CA,governor,jungle,UC Berkeley,2018-04-16 to 2018-04-22,2018-04-16,2018-04-22,"1,738",3.5,Travis Allen,R,16%,False,"April 16−22, 2018"
2018,California,CA,governor,jungle,J. Wallin Opinion Research,2018-03-30 to 2018-04-04,2018-03-30,2018-04-04,800,3.7,Travis Allen,R,9%,False,"March 30 – April 4, 2018"
2018,California,CA,governor,jungle,Public Policy Institute of California,2018-03-25 to 2018-04-03,2018-03-25,2018-04-03,867,4.4,Travis Allen,R,10%,False,"March 25 – April 3, 2018"
2018,California,CA,governor,jungle,SurveyUSA,2018-03-22 to 2018-03-25,2018-03-22,2018-03-25,517,5.0,Travis Allen,R,7%,False,"March 22–25, 2018"
2018,California,CA,governor,jungle,David Binder Research,2018-03-16 to 2018-03-21,2018-03-16,2018-03-21,"1,750",,Travis Allen,R,13%,False,"March 16–21, 2018"
2018,California,CA,governor,jungle,Public Policy Institute of California,2018-03-07 to 2018-03-13,2018-03-07,2018-03-13,"1,706",3.4,Travis Allen,R,10%,False,"March 7–13, 2018"
2018,California,CA,governor,jungle,David Binder Research,2018-03-01 to 2018-03-05,2018-03-01,2018-03-05,"1,000",,Travis Allen,R,10%,False,"March 1–5, 2018"
2018,California,CA,governor,jungle,David Binder Research,2018-01-31 to 2018-02-04,2018-01-31,2018-02-04,800,3.5,Travis Allen,R,4%,False,"January 31 – February 4, 2018"
2018,California,CA,governor,jungle,Global Strategy Group,2018-01-27 to 2018-02-01,2018-01-27,2018-02-01,500,,Travis Allen,R,7%,False,"January 27 – February 1, 2018"
2018,California,CA,governor,jungle,Public Policy Institute of California,2018-01-21 to 2018-01-30,2018-01-21,2018-01-30,"1,705",3.2,Travis Allen,R,8%,False,"January 21–30, 2018"
2018,California,CA,governor,jungle,Tulchin Research,2018-01-21 to 2018-01-28,2018-01-21,2018-01-28,"2,500",2.0,Travis Allen,R,8%,False,"January 21–28, 2018"
2018,California,CA,governor,jungle,SurveyUSA,2018-01-07 to 2018-01-09,2018-01-07,2018-01-09,506,4.4,Travis Allen,R,9%,False,"January 7–9, 2018"
2018,California,CA,governor,jungle,UC Berkeley,2017-12-07 to 2017-12-16,2017-12-07,2017-12-16,672,3.8,Travis Allen,R,9%,False,"December 7–16, 2017"
2018,California,CA,governor,jungle,Public Policy Institute of California,2017-11-10 to 2017-11-19,2017-11-10,2017-11-19,"1,070",4.3,Travis Allen,R,6%,False,"November 10–19, 2017"
2018,California,CA,governor,jungle,USC Dornsife,2017-10-27 to 2017-11-06,2017-10-27,2017-11-06,"1,070",4.0,Travis Allen,R,15%,False,"October 27 – November 6, 2017"
2018,California,CA,governor,jungle,UC Berkeley,2017-08-27 to 2017-09-05,2017-08-27,2017-09-05,"1,000",4.0,Travis Allen,R,9%,False,"August 27 – September 5, 2017"
2018,California,CA,governor,jungle,SmithJohnson Research,2017-07-27 to 2017-07-30,2017-07-27,2017-07-30,500,4.4,Travis Allen,R,10%,False,"July 27–30, 2017"
2018,California,CA,governor,jungle,Competitive Edge Research & Communication,2018-05-29 to 2018-05-30,2018-05-29,2018-05-30,504,4.4,John Chiang,D,4%,False,"May 29–30, 2018"
2018,California,CA,governor,jungle,UC Berkeley,2018-05-22 to 2018-05-28,2018-05-22,2018-05-28,"2,106",3.5,John Chiang,D,7%,False,"May 22−28, 2018"
2018,California,CA,governor,jungle,Emerson College,2018-05-21 to 2018-05-24,2018-05-21,2018-05-24,600,4.2,John Chiang,D,10%,False,"May 21–24, 2018"
2018,California,CA,governor,jungle,YouGov,2018-05-12 to 2018-05-24,2018-05-12,2018-05-24,"1,113",4.0,John Chiang,D,8%,False,"May 12–24, 2018"
2018,California,CA,governor,jungle,Competitive Edge Research & Communication,2018-05-20 to 2018-05-22,2018-05-20,2018-05-22,501,4.4,John Chiang,D,7%,False,"May 20–22, 2018"
2018,California,CA,governor,jungle,SurveyUSA,2018-05-21,2018-05-21,2018-05-21,678,6.1,John Chiang,D,10%,False,"May 21, 2018"
2018,California,CA,governor,jungle,Public Policy Institute of California,2018-05-11 to 2018-05-20,2018-05-11,2018-05-20,901,4.1,John Chiang,D,9%,False,"May 11–20, 2018"
2018,California,CA,governor,jungle,USC Dornsife,2018-04-18 to 2018-05-18,2018-04-18,2018-05-18,517,4.0,John Chiang,D,6%,False,"April 18 – May 18, 2018"
2018,California,CA,governor,jungle,Gravis Marketing,2018-05-04 to 2018-05-05,2018-05-04,2018-05-05,525,4.3,John Chiang,D,9%,False,"May 4–5, 2018"
2018,California,CA,governor,jungle,Big Data Poll,2018-04-27 to 2018-04-29,2018-04-27,2018-04-29,"1,442",3.0,John Chiang,D,9%,False,"April 27–29, 2018"
2018,California,CA,governor,jungle,SmithJohnson Research,2018-04-26 to 2018-04-27,2018-04-26,2018-04-27,533,4.2,John Chiang,D,4%,False,"April 26–27, 2018"
2018,California,CA,governor,jungle,SurveyUSA,2018-04-19 to 2018-04-23,2018-04-19,2018-04-23,520,5.5,John Chiang,D,9%,False,"April 19–23, 2018"
2018,California,CA,governor,jungle,UC Berkeley,2018-04-16 to 2018-04-22,2018-04-16,2018-04-22,"1,738",3.5,John Chiang,D,7%,False,"April 16−22, 2018"
2018,California,CA,governor,jungle,J. Wallin Opinion Research,2018-03-30 to 2018-04-04,2018-03-30,2018-04-04,800,3.7,John Chiang,D,9%,False,"March 30 – April 4, 2018"
2018,California,CA,governor,jungle,Public Policy Institute of California,2018-03-25 to 2018-04-03,2018-03-25,2018-04-03,867,4.4,John Chiang,D,7%,False,"March 25 – April 3, 2018"
2018,California,CA,governor,jungle,SurveyUSA,2018-03-22 to 2018-03-25,2018-03-22,2018-03-25,517,5.0,John Chiang,D,9%,False,"March 22–25, 2018"
2018,California,CA,governor,jungle,David Binder Research,2018-03-16 to 2018-03-21,2018-03-16,2018-03-21,"1,750",,John Chiang,D,9%,False,"March 16–21, 2018"
2018,California,CA,governor,jungle,Public Policy Institute of California,2018-03-07 to 2018-03-13,2018-03-07,2018-03-13,"1,706",3.4,John Chiang,D,6%,False,"March 7–13, 2018"
2018,California,CA,governor,jungle,David Binder Research,2018-03-01 to 2018-03-05,2018-03-01,2018-03-05,"1,000",,John Chiang,D,13%,False,"March 1–5, 2018"
2018,California,CA,governor,jungle,David Binder Research,2018-01-31 to 2018-02-04,2018-01-31,2018-02-04,800,3.5,John Chiang,D,11%,False,"January 31 – February 4, 2018"
2018,California,CA,governor,jungle,Global Strategy Group,2018-01-27 to 2018-02-01,2018-01-27,2018-02-01,500,,John Chiang,D,10%,False,"January 27 – February 1, 2018"
2018,California,CA,governor,jungle,Public Policy Institute of California,2018-01-21 to 2018-01-30,2018-01-21,2018-01-30,"1,705",3.2,John Chiang,D,9%,False,"January 21–30, 2018"
2018,California,CA,governor,jungle,Tulchin Research,2018-01-21 to 2018-01-28,2018-01-21,2018-01-28,"2,500",2.0,John Chiang,D,9%,False,"January 21–28, 2018"
2018,California,CA,governor,jungle,SurveyUSA,2018-01-07 to 2018-01-09,2018-01-07,2018-01-09,506,4.4,John Chiang,D,5%,False,"January 7–9, 2018"
2018,California,CA,governor,jungle,UC Berkeley,2017-12-07 to 2017-12-16,2017-12-07,2017-12-16,672,3.8,John Chiang,D,5%,False,"December 7–16, 2017"
2018,California,CA,governor,jungle,Public Policy Institute of California,2017-11-10 to 2017-11-19,2017-11-10,2017-11-19,"1,070",4.3,John Chiang,D,9%,False,"November 10–19, 2017"
2018,California,CA,governor,jungle,USC Dornsife,2017-10-27 to 2017-11-06,2017-10-27,2017-11-06,"1,070",4.0,John Chiang,D,12%,False,"October 27 – November 6, 2017"
2018,California,CA,governor,jungle,UC Berkeley,2017-08-27 to 2017-09-05,2017-08-27,2017-09-05,"1,000",4.0,John Chiang,D,7%,False,"August 27 – September 5, 2017"
2018,California,CA,governor,jungle,SmithJohnson Research,2017-07-27 to 2017-07-30,2017-07-27,2017-07-30,500,4.4,John Chiang,D,7%,False,"July 27–30, 2017"
2018,California,CA,governor,jungle,GSSR,2017-05-30 to 2017-06-05,2017-05-30,2017-06-05,602,,John Chiang,D,10%,False,"May 30 – June 5, 2017"
2018,California,CA,governor,jungle,UC Berkeley,2017-05-04 to 2017-05-29,2017-05-04,2017-05-29,"1,628",3.3,John Chiang,D,5%,False,"May 4–29, 2017"
2018,California,CA,governor,jungle,UC Berkeley,2017-03-13 to 2017-03-20,2017-03-13,2017-03-20,"1,000",3.6,John Chiang,D,6%,False,"March 13–20, 2017"
2018,California,CA,governor,jungle,Public Policy Polling,2017-01-17 to 2017-01-18,2017-01-17,2017-01-18,882,3.3,John Chiang,D,2%,False,"January 17–18, 2017"
2018,California,CA,governor,jungle,Field Research Corporation,2016-10-25 to 2016-10-31,2016-10-25,2016-10-31,600,,John Chiang,D,2%,False,"October 25–31, 2016"
2018,California,CA,governor,jungle,Public Policy Polling,2015-02-06 to 2015-02-08,2015-02-06,2015-02-08,824,,John Chiang,D,10%,False,"February 6–8, 2015"
2018,California,CA,governor,jungle,Competitive Edge Research & Communication,2018-05-29 to 2018-05-30,2018-05-29,2018-05-30,504,4.4,John Cox,R,23%,False,"May 29–30, 2018"
2018,California,CA,governor,jungle,UC Berkeley,2018-05-22 to 2018-05-28,2018-05-22,2018-05-28,"2,106",3.5,John Cox,R,20%,False,"May 22−28, 2018"
2018,California,CA,governor,jungle,Emerson College,2018-05-21 to 2018-05-24,2018-05-21,2018-05-24,600,4.2,John Cox,R,16%,False,"May 21–24, 2018"
2018,California,CA,governor,jungle,YouGov,2018-05-12 to 2018-05-24,2018-05-12,2018-05-24,"1,113",4.0,John Cox,R,17%,False,"May 12–24, 2018"
2018,California,CA,governor,jungle,Competitive Edge Research & Communication,2018-05-20 to 2018-05-22,2018-05-20,2018-05-22,501,4.4,John Cox,R,22%,False,"May 20–22, 2018"
2018,California,CA,governor,jungle,SurveyUSA,2018-05-21,2018-05-21,2018-05-21,678,6.1,John Cox,R,17%,False,"May 21, 2018"
2018,California,CA,governor,jungle,Public Policy Institute of California,2018-05-11 to 2018-05-20,2018-05-11,2018-05-20,901,4.1,John Cox,R,19%,False,"May 11–20, 2018"
2018,California,CA,governor,jungle,USC Dornsife,2018-04-18 to 2018-05-18,2018-04-18,2018-05-18,517,4.0,John Cox,R,10%,False,"April 18 – May 18, 2018"
2018,California,CA,governor,jungle,Gravis Marketing,2018-05-04 to 2018-05-05,2018-05-04,2018-05-05,525,4.3,John Cox,R,23%,False,"May 4–5, 2018"
2018,California,CA,governor,jungle,Big Data Poll,2018-04-27 to 2018-04-29,2018-04-27,2018-04-29,"1,442",3.0,John Cox,R,11%,False,"April 27–29, 2018"
2018,California,CA,governor,jungle,SmithJohnson Research,2018-04-26 to 2018-04-27,2018-04-26,2018-04-27,533,4.2,John Cox,R,20%,False,"April 26–27, 2018"
2018,California,CA,governor,jungle,SurveyUSA,2018-04-19 to 2018-04-23,2018-04-19,2018-04-23,520,5.5,John Cox,R,15%,False,"April 19–23, 2018"
2018,California,CA,governor,jungle,UC Berkeley,2018-04-16 to 2018-04-22,2018-04-16,2018-04-22,"1,738",3.5,John Cox,R,18%,False,"April 16−22, 2018"
2018,California,CA,governor,jungle,J. Wallin Opinion Research,2018-03-30 to 2018-04-04,2018-03-30,2018-04-04,800,3.7,John Cox,R,16%,False,"March 30 – April 4, 2018"
2018,California,CA,governor,jungle,Public Policy Institute of California,2018-03-25 to 2018-04-03,2018-03-25,2018-04-03,867,4.4,John Cox,R,15%,False,"March 25 – April 3, 2018"
2018,California,CA,governor,jungle,SurveyUSA,2018-03-22 to 2018-03-25,2018-03-22,2018-03-25,517,5.0,John Cox,R,11%,False,"March 22–25, 2018"
2018,California,CA,governor,jungle,David Binder Research,2018-03-16 to 2018-03-21,2018-03-16,2018-03-21,"1,750",,John Cox,R,16%,False,"March 16–21, 2018"
2018,California,CA,governor,jungle,Public Policy Institute of California,2018-03-07 to 2018-03-13,2018-03-07,2018-03-13,"1,706",3.4,John Cox,R,14%,False,"March 7–13, 2018"
2018,California,CA,governor,jungle,David Binder Research,2018-03-01 to 2018-03-05,2018-03-01,2018-03-05,"1,000",,John Cox,R,16%,False,"March 1–5, 2018"
2018,California,CA,governor,jungle,David Binder Research,2018-01-31 to 2018-02-04,2018-01-31,2018-02-04,800,3.5,John Cox,R,7%,False,"January 31 – February 4, 2018"
2018,California,CA,governor,jungle,Global Strategy Group,2018-01-27 to 2018-02-01,2018-01-27,2018-02-01,500,,John Cox,R,10%,False,"January 27 – February 1, 2018"
2018,California,CA,governor,jungle,Public Policy Institute of California,2018-01-21 to 2018-01-30,2018-01-21,2018-01-30,"1,705",3.2,John Cox,R,7%,False,"January 21–30, 2018"
2018,California,CA,governor,jungle,Tulchin Research,2018-01-21 to 2018-01-28,2018-01-21,2018-01-28,"2,500",2.0,John Cox,R,10%,False,"January 21–28, 2018"
2018,California,CA,governor,jungle,SurveyUSA,2018-01-07 to 2018-01-09,2018-01-07,2018-01-09,506,4.4,John Cox,R,4%,False,"January 7–9, 2018"
2018,California,CA,governor,jungle,UC Berkeley,2017-12-07 to 2017-12-16,2017-12-07,2017-12-16,672,3.8,John Cox,R,9%,False,"December 7–16, 2017"
2018,California,CA,governor,jungle,Public Policy Institute of California,2017-11-10 to 2017-11-19,2017-11-10,2017-11-19,"1,070",4.3,John Cox,R,9%,False,"November 10–19, 2017"
2018,California,CA,governor,jungle,USC Dornsife,2017-10-27 to 2017-11-06,2017-10-27,2017-11-06,"1,070",4.0,John Cox,R,11%,False,"October 27 – November 6, 2017"
2018,California,CA,governor,jungle,UC Berkeley,2017-08-27 to 2017-09-05,2017-08-27,2017-09-05,"1,000",4.0,John Cox,R,11%,False,"August 27 – September 5, 2017"
2018,California,CA,governor,jungle,SmithJohnson Research,2017-07-27 to 2017-07-30,2017-07-27,2017-07-30,500,4.4,John Cox,R,14%,False,"July 27–30, 2017"
2018,California,CA,governor,jungle,GSSR,2017-05-30 to 2017-06-05,2017-05-30,2017-06-05,602,,John Cox,R,11%,False,"May 30 – June 5, 2017"
2018,California,CA,governor,jungle,UC Berkeley,2017-05-04 to 2017-05-29,2017-05-04,2017-05-29,"1,628",3.3,John Cox,R,9%,False,"May 4–29, 2017"
2018,California,CA,governor,jungle,The Feldman Group,2017-03,2017-03-01,2017-03-31,,,John Cox,R,22%,False,March 2017
2018,California,CA,governor,jungle,UC Berkeley,2017-03-13 to 2017-03-20,2017-03-13,2017-03-20,"1,000",3.6,John Cox,R,11%,False,"March 13–20, 2017"
2018,California,CA,governor,jungle,Competitive Edge Research & Communication,2018-05-29 to 2018-05-30,2018-05-29,2018-05-30,504,4.4,Delaine Eastin,D,5%,False,"May 29–30, 2018"
2018,California,CA,governor,jungle,UC Berkeley,2018-05-22 to 2018-05-28,2018-05-22,2018-05-28,"2,106",3.5,Delaine Eastin,D,4%,False,"May 22−28, 2018"
2018,California,CA,governor,jungle,Emerson College,2018-05-21 to 2018-05-24,2018-05-21,2018-05-24,600,4.2,Delaine Eastin,D,4%,False,"May 21–24, 2018"
2018,California,CA,governor,jungle,YouGov,2018-05-12 to 2018-05-24,2018-05-12,2018-05-24,"1,113",4.0,Delaine Eastin,D,4%,False,"May 12–24, 2018"
2018,California,CA,governor,jungle,Competitive Edge Research & Communication,2018-05-20 to 2018-05-22,2018-05-20,2018-05-22,501,4.4,Delaine Eastin,D,8%,False,"May 20–22, 2018"
2018,California,CA,governor,jungle,SurveyUSA,2018-05-21,2018-05-21,2018-05-21,678,6.1,Delaine Eastin,D,2%,False,"May 21, 2018"
2018,California,CA,governor,jungle,Public Policy Institute of California,2018-05-11 to 2018-05-20,2018-05-11,2018-05-20,901,4.1,Delaine Eastin,D,6%,False,"May 11–20, 2018"
2018,California,CA,governor,jungle,USC Dornsife,2018-04-18 to 2018-05-18,2018-04-18,2018-05-18,517,4.0,Delaine Eastin,D,3%,False,"April 18 – May 18, 2018"
2018,California,CA,governor,jungle,Gravis Marketing,2018-05-04 to 2018-05-05,2018-05-04,2018-05-05,525,4.3,Delaine Eastin,D,4%,False,"May 4–5, 2018"
2018,California,CA,governor,jungle,Big Data Poll,2018-04-27 to 2018-04-29,2018-04-27,2018-04-29,"1,442",3.0,Delaine Eastin,D,5%,False,"April 27–29, 2018"
2018,California,CA,governor,jungle,SmithJohnson Research,2018-04-26 to 2018-04-27,2018-04-26,2018-04-27,533,4.2,Delaine Eastin,D,4%,False,"April 26–27, 2018"
2018,California,CA,governor,jungle,SurveyUSA,2018-04-19 to 2018-04-23,2018-04-19,2018-04-23,520,5.5,Delaine Eastin,D,1%,False,"April 19–23, 2018"
2018,California,CA,governor,jungle,UC Berkeley,2018-04-16 to 2018-04-22,2018-04-16,2018-04-22,"1,738",3.5,Delaine Eastin,D,4%,False,"April 16−22, 2018"
2018,California,CA,governor,jungle,J. Wallin Opinion Research,2018-03-30 to 2018-04-04,2018-03-30,2018-04-04,800,3.7,Delaine Eastin,D,5%,False,"March 30 – April 4, 2018"
2018,California,CA,governor,jungle,Public Policy Institute of California,2018-03-25 to 2018-04-03,2018-03-25,2018-04-03,867,4.4,Delaine Eastin,D,6%,False,"March 25 – April 3, 2018"
2018,California,CA,governor,jungle,SurveyUSA,2018-03-22 to 2018-03-25,2018-03-22,2018-03-25,517,5.0,Delaine Eastin,D,3%,False,"March 22–25, 2018"
2018,California,CA,governor,jungle,David Binder Research,2018-03-16 to 2018-03-21,2018-03-16,2018-03-21,"1,750",,Delaine Eastin,D,2%,False,"March 16–21, 2018"
2018,California,CA,governor,jungle,Public Policy Institute of California,2018-03-07 to 2018-03-13,2018-03-07,2018-03-13,"1,706",3.4,Delaine Eastin,D,5%,False,"March 7–13, 2018"
2018,California,CA,governor,jungle,David Binder Research,2018-03-01 to 2018-03-05,2018-03-01,2018-03-05,"1,000",,Delaine Eastin,D,7%,False,"March 1–5, 2018"
2018,California,CA,governor,jungle,David Binder Research,2018-01-31 to 2018-02-04,2018-01-31,2018-02-04,800,3.5,Delaine Eastin,D,4%,False,"January 31 – February 4, 2018"
2018,California,CA,governor,jungle,Global Strategy Group,2018-01-27 to 2018-02-01,2018-01-27,2018-02-01,500,,Delaine Eastin,D,5%,False,"January 27 – February 1, 2018"
2018,California,CA,governor,jungle,Public Policy Institute of California,2018-01-21 to 2018-01-30,2018-01-21,2018-01-30,"1,705",3.2,Delaine Eastin,D,4%,False,"January 21–30, 2018"
2018,California,CA,governor,jungle,Tulchin Research,2018-01-21 to 2018-01-28,2018-01-21,2018-01-28,"2,500",2.0,Delaine Eastin,D,6%,False,"January 21–28, 2018"
2018,California,CA,governor,jungle,SurveyUSA,2018-01-07 to 2018-01-09,2018-01-07,2018-01-09,506,4.4,Delaine Eastin,D,1%,False,"January 7–9, 2018"
2018,California,CA,governor,jungle,UC Berkeley,2017-12-07 to 2017-12-16,2017-12-07,2017-12-16,672,3.8,Delaine Eastin,D,5%,False,"December 7–16, 2017"
2018,California,CA,governor,jungle,Public Policy Institute of California,2017-11-10 to 2017-11-19,2017-11-10,2017-11-19,"1,070",4.3,Delaine Eastin,D,3%,False,"November 10–19, 2017"
2018,California,CA,governor,jungle,USC Dornsife,2017-10-27 to 2017-11-06,2017-10-27,2017-11-06,"1,070",4.0,Delaine Eastin,D,4%,False,"October 27 – November 6, 2017"
2018,California,CA,governor,jungle,UC Berkeley,2017-08-27 to 2017-09-05,2017-08-27,2017-09-05,"1,000",4.0,Delaine Eastin,D,4%,False,"August 27 – September 5, 2017"
2018,California,CA,governor,jungle,SmithJohnson Research,2017-07-27 to 2017-07-30,2017-07-27,2017-07-30,500,4.4,Delaine Eastin,D,3%,False,"July 27–30, 2017"
2018,California,CA,governor,jungle,UC Berkeley,2017-05-04 to 2017-05-29,2017-05-04,2017-05-29,"1,628",3.3,Delaine Eastin,D,3%,False,"May 4–29, 2017"
2018,California,CA,governor,jungle,Competitive Edge Research & Communication,2018-05-29 to 2018-05-30,2018-05-29,2018-05-30,504,4.4,Gavin Newsom,D,31%,False,"May 29–30, 2018"
2018,California,CA,governor,jungle,UC Berkeley,2018-05-22 to 2018-05-28,2018-05-22,2018-05-28,"2,106",3.5,Gavin Newsom,D,33%,False,"May 22−28, 2018"
2018,California,CA,governor,jungle,Emerson College,2018-05-21 to 2018-05-24,2018-05-21,2018-05-24,600,4.2,Gavin Newsom,D,24%,False,"May 21–24, 2018"
2018,California,CA,governor,jungle,YouGov,2018-05-12 to 2018-05-24,2018-05-12,2018-05-24,"1,113",4.0,Gavin Newsom,D,33%,False,"May 12–24, 2018"
2018,California,CA,governor,jungle,Competitive Edge Research & Communication,2018-05-20 to 2018-05-22,2018-05-20,2018-05-22,501,4.4,Gavin Newsom,D,26%,False,"May 20–22, 2018"
2018,California,CA,governor,jungle,SurveyUSA,2018-05-21,2018-05-21,2018-05-21,678,6.1,Gavin Newsom,D,33%,False,"May 21, 2018"
2018,California,CA,governor,jungle,Public Policy Institute of California,2018-05-11 to 2018-05-20,2018-05-11,2018-05-20,901,4.1,Gavin Newsom,D,25%,False,"May 11–20, 2018"
2018,California,CA,governor,jungle,USC Dornsife,2018-04-18 to 2018-05-18,2018-04-18,2018-05-18,517,4.0,Gavin Newsom,D,21%,False,"April 18 – May 18, 2018"
2018,California,CA,governor,jungle,Gravis Marketing,2018-05-04 to 2018-05-05,2018-05-04,2018-05-05,525,4.3,Gavin Newsom,D,22%,False,"May 4–5, 2018"
2018,California,CA,governor,jungle,Big Data Poll,2018-04-27 to 2018-04-29,2018-04-27,2018-04-29,"1,442",3.0,Gavin Newsom,D,24%,False,"April 27–29, 2018"
2018,California,CA,governor,jungle,SmithJohnson Research,2018-04-26 to 2018-04-27,2018-04-26,2018-04-27,533,4.2,Gavin Newsom,D,36%,False,"April 26–27, 2018"
2018,California,CA,governor,jungle,SurveyUSA,2018-04-19 to 2018-04-23,2018-04-19,2018-04-23,520,5.5,Gavin Newsom,D,21%,False,"April 19–23, 2018"
2018,California,CA,governor,jungle,UC Berkeley,2018-04-16 to 2018-04-22,2018-04-16,2018-04-22,"1,738",3.5,Gavin Newsom,D,30%,False,"April 16−22, 2018"
2018,California,CA,governor,jungle,J. Wallin Opinion Research,2018-03-30 to 2018-04-04,2018-03-30,2018-04-04,800,3.7,Gavin Newsom,D,26%,False,"March 30 – April 4, 2018"
2018,California,CA,governor,jungle,Public Policy Institute of California,2018-03-25 to 2018-04-03,2018-03-25,2018-04-03,867,4.4,Gavin Newsom,D,26%,False,"March 25 – April 3, 2018"
2018,California,CA,governor,jungle,SurveyUSA,2018-03-22 to 2018-03-25,2018-03-22,2018-03-25,517,5.0,Gavin Newsom,D,22%,False,"March 22–25, 2018"
2018,California,CA,governor,jungle,David Binder Research,2018-03-16 to 2018-03-21,2018-03-16,2018-03-21,"1,750",,Gavin Newsom,D,29%,False,"March 16–21, 2018"
2018,California,CA,governor,jungle,Public Policy Institute of California,2018-03-07 to 2018-03-13,2018-03-07,2018-03-13,"1,706",3.4,Gavin Newsom,D,28%,False,"March 7–13, 2018"
2018,California,CA,governor,jungle,David Binder Research,2018-03-01 to 2018-03-05,2018-03-01,2018-03-05,"1,000",,Gavin Newsom,D,26%,False,"March 1–5, 2018"
2018,California,CA,governor,jungle,David Binder Research,2018-01-31 to 2018-02-04,2018-01-31,2018-02-04,800,3.5,Gavin Newsom,D,30%,False,"January 31 – February 4, 2018"
2018,California,CA,governor,jungle,Global Strategy Group,2018-01-27 to 2018-02-01,2018-01-27,2018-02-01,500,,Gavin Newsom,D,28%,False,"January 27 – February 1, 2018"
2018,California,CA,governor,jungle,Public Policy Institute of California,2018-01-21 to 2018-01-30,2018-01-21,2018-01-30,"1,705",3.2,Gavin Newsom,D,23%,False,"January 21–30, 2018"
2018,California,CA,governor,jungle,Tulchin Research,2018-01-21 to 2018-01-28,2018-01-21,2018-01-28,"2,500",2.0,Gavin Newsom,D,29%,False,"January 21–28, 2018"
2018,California,CA,governor,jungle,SurveyUSA,2018-01-07 to 2018-01-09,2018-01-07,2018-01-09,506,4.4,Gavin Newsom,D,19%,False,"January 7–9, 2018"
2018,California,CA,governor,jungle,UC Berkeley,2017-12-07 to 2017-12-16,2017-12-07,2017-12-16,672,3.8,Gavin Newsom,D,26%,False,"December 7–16, 2017"
2018,California,CA,governor,jungle,Public Policy Institute of California,2017-11-10 to 2017-11-19,2017-11-10,2017-11-19,"1,070",4.3,Gavin Newsom,D,23%,False,"November 10–19, 2017"
2018,California,CA,governor,jungle,USC Dornsife,2017-10-27 to 2017-11-06,2017-10-27,2017-11-06,"1,070",4.0,Gavin Newsom,D,31%,False,"October 27 – November 6, 2017"
2018,California,CA,governor,jungle,UC Berkeley,2017-08-27 to 2017-09-05,2017-08-27,2017-09-05,"1,000",4.0,Gavin Newsom,D,26%,False,"August 27 – September 5, 2017"
2018,California,CA,governor,jungle,SmithJohnson Research,2017-07-27 to 2017-07-30,2017-07-27,2017-07-30,500,4.4,Gavin Newsom,D,25%,False,"July 27–30, 2017"
2018,California,CA,governor,jungle,GSSR,2017-05-30 to 2017-06-05,2017-05-30,2017-06-05,602,,Gavin Newsom,D,26%,False,"May 30 – June 5, 2017"
2018,California,CA,governor,jungle,UC Berkeley,2017-05-04 to 2017-05-29,2017-05-04,2017-05-29,"1,628",3.3,Gavin Newsom,D,22%,False,"May 4–29, 2017"
2018,California,CA,governor,jungle,The Feldman Group,2017-03,2017-03-01,2017-03-31,,,Gavin Newsom,D,26%,False,March 2017
2018,California,CA,governor,jungle,UC Berkeley,2017-03-13 to 2017-03-20,2017-03-13,2017-03-20,"1,000",3.6,Gavin Newsom,D,24%,False,"March 13–20, 2017"
2018,California,CA,governor,jungle,Public Policy Polling,2017-01-17 to 2017-01-18,2017-01-17,2017-01-18,882,3.3,Gavin Newsom,D,25%,False,"January 17–18, 2017"
2018,California,CA,governor,jungle,Field Research Corporation,2016-10-25 to 2016-10-31,2016-10-25,2016-10-31,600,,Gavin Newsom,D,23%,False,"October 25–31, 2016"
2018,California,CA,governor,jungle,Public Policy Polling,2015-02-06 to 2015-02-08,2015-02-06,2015-02-08,824,,Gavin Newsom,D,22%,False,"February 6–8, 2015"
2018,California,CA,governor,jungle,Competitive Edge Research & Communication,2018-05-29 to 2018-05-30,2018-05-29,2018-05-30,504,4.4,Antonio Villaraigosa,D,13%,False,"May 29–30, 2018"
2018,California,CA,governor,jungle,UC Berkeley,2018-05-22 to 2018-05-28,2018-05-22,2018-05-28,"2,106",3.5,Antonio Villaraigosa,D,13%,False,"May 22−28, 2018"
2018,California,CA,governor,jungle,Emerson College,2018-05-21 to 2018-05-24,2018-05-21,2018-05-24,600,4.2,Antonio Villaraigosa,D,12%,False,"May 21–24, 2018"
2018,California,CA,governor,jungle,YouGov,2018-05-12 to 2018-05-24,2018-05-12,2018-05-24,"1,113",4.0,Antonio Villaraigosa,D,9%,False,"May 12–24, 2018"
2018,California,CA,governor,jungle,Competitive Edge Research & Communication,2018-05-20 to 2018-05-22,2018-05-20,2018-05-22,501,4.4,Antonio Villaraigosa,D,12%,False,"May 20–22, 2018"
2018,California,CA,governor,jungle,SurveyUSA,2018-05-21,2018-05-21,2018-05-21,678,6.1,Antonio Villaraigosa,D,8%,False,"May 21, 2018"
2018,California,CA,governor,jungle,Public Policy Institute of California,2018-05-11 to 2018-05-20,2018-05-11,2018-05-20,901,4.1,Antonio Villaraigosa,D,15%,False,"May 11–20, 2018"
2018,California,CA,governor,jungle,USC Dornsife,2018-04-18 to 2018-05-18,2018-04-18,2018-05-18,517,4.0,Antonio Villaraigosa,D,11%,False,"April 18 – May 18, 2018"
2018,California,CA,governor,jungle,Gravis Marketing,2018-05-04 to 2018-05-05,2018-05-04,2018-05-05,525,4.3,Antonio Villaraigosa,D,19%,False,"May 4–5, 2018"
2018,California,CA,governor,jungle,Big Data Poll,2018-04-27 to 2018-04-29,2018-04-27,2018-04-29,"1,442",3.0,Antonio Villaraigosa,D,14%,False,"April 27–29, 2018"
2018,California,CA,governor,jungle,SmithJohnson Research,2018-04-26 to 2018-04-27,2018-04-26,2018-04-27,533,4.2,Antonio Villaraigosa,D,8%,False,"April 26–27, 2018"
2018,California,CA,governor,jungle,SurveyUSA,2018-04-19 to 2018-04-23,2018-04-19,2018-04-23,520,5.5,Antonio Villaraigosa,D,18%,False,"April 19–23, 2018"
2018,California,CA,governor,jungle,UC Berkeley,2018-04-16 to 2018-04-22,2018-04-16,2018-04-22,"1,738",3.5,Antonio Villaraigosa,D,9%,False,"April 16−22, 2018"
2018,California,CA,governor,jungle,J. Wallin Opinion Research,2018-03-30 to 2018-04-04,2018-03-30,2018-04-04,800,3.7,Antonio Villaraigosa,D,7%,False,"March 30 – April 4, 2018"
2018,California,CA,governor,jungle,Public Policy Institute of California,2018-03-25 to 2018-04-03,2018-03-25,2018-04-03,867,4.4,Antonio Villaraigosa,D,13%,False,"March 25 – April 3, 2018"
2018,California,CA,governor,jungle,SurveyUSA,2018-03-22 to 2018-03-25,2018-03-22,2018-03-25,517,5.0,Antonio Villaraigosa,D,14%,False,"March 22–25, 2018"
2018,California,CA,governor,jungle,David Binder Research,2018-03-16 to 2018-03-21,2018-03-16,2018-03-21,"1,750",,Antonio Villaraigosa,D,7%,False,"March 16–21, 2018"
2018,California,CA,governor,jungle,Public Policy Institute of California,2018-03-07 to 2018-03-13,2018-03-07,2018-03-13,"1,706",3.4,Antonio Villaraigosa,D,12%,False,"March 7–13, 2018"
2018,California,CA,governor,jungle,David Binder Research,2018-03-01 to 2018-03-05,2018-03-01,2018-03-05,"1,000",,Antonio Villaraigosa,D,12%,False,"March 1–5, 2018"
2018,California,CA,governor,jungle,David Binder Research,2018-01-31 to 2018-02-04,2018-01-31,2018-02-04,800,3.5,Antonio Villaraigosa,D,11%,False,"January 31 – February 4, 2018"
2018,California,CA,governor,jungle,Global Strategy Group,2018-01-27 to 2018-02-01,2018-01-27,2018-02-01,500,,Antonio Villaraigosa,D,14%,False,"January 27 – February 1, 2018"
2018,California,CA,governor,jungle,Public Policy Institute of California,2018-01-21 to 2018-01-30,2018-01-21,2018-01-30,"1,705",3.2,Antonio Villaraigosa,D,21%,False,"January 21–30, 2018"
2018,California,CA,governor,jungle,Tulchin Research,2018-01-21 to 2018-01-28,2018-01-21,2018-01-28,"2,500",2.0,Antonio Villaraigosa,D,11%,False,"January 21–28, 2018"
2018,California,CA,governor,jungle,SurveyUSA,2018-01-07 to 2018-01-09,2018-01-07,2018-01-09,506,4.4,Antonio Villaraigosa,D,10%,False,"January 7–9, 2018"
2018,California,CA,governor,jungle,UC Berkeley,2017-12-07 to 2017-12-16,2017-12-07,2017-12-16,672,3.8,Antonio Villaraigosa,D,17%,False,"December 7–16, 2017"
2018,California,CA,governor,jungle,Public Policy Institute of California,2017-11-10 to 2017-11-19,2017-11-10,2017-11-19,"1,070",4.3,Antonio Villaraigosa,D,18%,False,"November 10–19, 2017"
2018,California,CA,governor,jungle,USC Dornsife,2017-10-27 to 2017-11-06,2017-10-27,2017-11-06,"1,070",4.0,Antonio Villaraigosa,D,21%,False,"October 27 – November 6, 2017"
2018,California,CA,governor,jungle,UC Berkeley,2017-08-27 to 2017-09-05,2017-08-27,2017-09-05,"1,000",4.0,Antonio Villaraigosa,D,10%,False,"August 27 – September 5, 2017"
2018,California,CA,governor,jungle,SmithJohnson Research,2017-07-27 to 2017-07-30,2017-07-27,2017-07-30,500,4.4,Antonio Villaraigosa,D,12%,False,"July 27–30, 2017"
2018,California,CA,governor,jungle,GSSR,2017-05-30 to 2017-06-05,2017-05-30,2017-06-05,602,,Antonio Villaraigosa,D,12%,False,"May 30 – June 5, 2017"
2018,California,CA,governor,jungle,UC Berkeley,2017-05-04 to 2017-05-29,2017-05-04,2017-05-29,"1,628",3.3,Antonio Villaraigosa,D,17%,False,"May 4–29, 2017"
2018,California,CA,governor,jungle,The Feldman Group,2017-03,2017-03-01,2017-03-31,,,Antonio Villaraigosa,D,20%,False,March 2017
2018,California,CA,governor,jungle,UC Berkeley,2017-03-13 to 2017-03-20,2017-03-13,2017-03-20,"1,000",3.6,Antonio Villaraigosa,D,7%,False,"March 13–20, 2017"
2018,California,CA,governor,jungle,Public Policy Polling,2017-01-17 to 2017-01-18,2017-01-17,2017-01-18,882,3.3,Antonio Villaraigosa,D,9%,False,"January 17–18, 2017"
2018,California,CA,governor,jungle,Field Research Corporation,2016-10-25 to 2016-10-31,2016-10-25,2016-10-31,600,,Antonio Villaraigosa,D,6%,False,"October 25–31, 2016"
2018,California,CA,governor,jungle,Public Policy Polling,2015-02-06 to 2015-02-08,2015-02-06,2015-02-08,824,,Antonio Villaraigosa,D,13%,False,"February 6–8, 2015"
2018,California,CA,governor,jungle,UC Berkeley,2017-03-13 to 2017-03-20,2017-03-13,2017-03-20,"1,000",3.6,Kevin Faulconer,R,11%,False,"March 13–20, 2017"
2018,California,CA,governor,jungle,Public Policy Polling,2017-01-17 to 2017-01-18,2017-01-17,2017-01-18,882,3.3,Kevin Faulconer,R,20%,False,"January 17–18, 2017"
2018,California,CA,governor,jungle,Field Research Corporation,2016-10-25 to 2016-10-31,2016-10-25,2016-10-31,600,,Kevin Faulconer,R,16%,False,"October 25–31, 2016"
2018,California,CA,governor,jungle,Public Policy Polling,2015-02-06 to 2015-02-08,2015-02-06,2015-02-08,824,,Kevin Faulconer,R,30%,False,"February 6–8, 2015"
2018,California,CA,governor,jungle,UC Berkeley,2017-03-13 to 2017-03-20,2017-03-13,2017-03-20,"1,000",3.6,Eric Garcetti,D,9%,False,"March 13–20, 2017"
2018,California,CA,governor,jungle,Public Policy Polling,2017-01-17 to 2017-01-18,2017-01-17,2017-01-18,882,3.3,Eric Garcetti,D,13%,False,"January 17–18, 2017"
2018,California,CA,governor,jungle,Field Research Corporation,2016-10-25 to 2016-10-31,2016-10-25,2016-10-31,600,,Eric Garcetti,D,7%,False,"October 25–31, 2016"
2018,California,CA,governor,jungle,Public Policy Polling,2015-02-06 to 2015-02-08,2015-02-06,2015-02-08,824,,Eric Garcetti,D,11%,False,"February 6–8, 2015"
2018,California,CA,governor,jungle,UC Berkeley,2017-03-13 to 2017-03-20,2017-03-13,2017-03-20,"1,000",3.6,Tom Steyer,D,4%,False,"March 13–20, 2017"
2018,California,CA,governor,jungle,Public Policy Polling,2017-01-17 to 2017-01-18,2017-01-17,2017-01-18,882,3.3,Tom Steyer,D,4%,False,"January 17–18, 2017"
2018,California,CA,governor,jungle,Field Research Corporation,2016-10-25 to 2016-10-31,2016-10-25,2016-10-31,600,,Tom Steyer,D,5%,False,"October 25–31, 2016"
2018,California,CA,governor,jungle,Public Policy Polling,2017-01-17 to 2017-01-18,2017-01-17,2017-01-18,882,3.3,Ashley Swearengin,R,12%,False,"January 17–18, 2017"
2018,California,CA,governor,jungle,Field Research Corporation,2016-10-25 to 2016-10-31,2016-10-25,2016-10-31,600,,Ashley Swearengin,R,11%,False,"October 25–31, 2016"
2018,Colorado,CO,governor,Democratic Primary,Strategies 360,2018-05-29 to 2018-06-06,2018-05-29,2018-06-06,387,5.0,Mike Johnston,D,12%,False,"May 29 – June 6, 2018"
2018,Colorado,CO,governor,Democratic Primary,Magellan Strategies,2018-05-30 to 2018-05-31,2018-05-30,2018-05-31,503,4.4,Mike Johnston,D,9%,False,"May 30–31, 2018"
2018,Colorado,CO,governor,Democratic Primary,Magellan Strategies,2018-03-20 to 2018-03-23,2018-03-20,2018-03-23,410,4.8,Mike Johnston,D,8%,False,"March 20–23, 2018"
2018,Colorado,CO,governor,Democratic Primary,University of Colorado Boulder,2017-11-09 to 2017-11-15,2017-11-09,2017-11-15,357,3.5,Mike Johnston,D,4%,False,"November 9–15, 2017"
2018,Colorado,CO,governor,Democratic Primary,Strategies 360,2018-05-29 to 2018-06-06,2018-05-29,2018-06-06,387,5.0,Cary Kennedy,D,23%,False,"May 29 – June 6, 2018"
2018,Colorado,CO,governor,Democratic Primary,Magellan Strategies,2018-05-30 to 2018-05-31,2018-05-30,2018-05-31,503,4.4,Cary Kennedy,D,18%,False,"May 30–31, 2018"
2018,Colorado,CO,governor,Democratic Primary,TargetPoint,2018-03,2018-03-01,2018-03-31,,,Cary Kennedy,D,18%,False,March 2018
2018,Colorado,CO,governor,Democratic Primary,Magellan Strategies,2018-03-20 to 2018-03-23,2018-03-20,2018-03-23,410,4.8,Cary Kennedy,D,23%,False,"March 20–23, 2018"
2018,Colorado,CO,governor,Democratic Primary,University of Colorado Boulder,2017-11-09 to 2017-11-15,2017-11-09,2017-11-15,357,3.5,Cary Kennedy,D,6%,False,"November 9–15, 2017"
2018,Colorado,CO,governor,Democratic Primary,Strategies 360,2018-05-29 to 2018-06-06,2018-05-29,2018-06-06,387,5.0,Donna Lynne,D,2%,False,"May 29 – June 6, 2018"
2018,Colorado,CO,governor,Democratic Primary,Magellan Strategies,2018-05-30 to 2018-05-31,2018-05-30,2018-05-31,503,4.4,Donna Lynne,D,3%,False,"May 30–31, 2018"
2018,Colorado,CO,governor,Democratic Primary,Magellan Strategies,2018-03-20 to 2018-03-23,2018-03-20,2018-03-23,410,4.8,Donna Lynne,D,5%,False,"March 20–23, 2018"
2018,Colorado,CO,governor,Democratic Primary,University of Colorado Boulder,2017-11-09 to 2017-11-15,2017-11-09,2017-11-15,357,3.5,Donna Lynne,D,4%,False,"November 9–15, 2017"
2018,Colorado,CO,governor,Democratic Primary,Strategies 360,2018-05-29 to 2018-06-06,2018-05-29,2018-06-06,387,5.0,Jared Polis,D,34%,False,"May 29 – June 6, 2018"
2018,Colorado,CO,governor,Democratic Primary,Magellan Strategies,2018-05-30 to 2018-05-31,2018-05-30,2018-05-31,503,4.4,Jared Polis,D,31%,False,"May 30–31, 2018"
2018,Colorado,CO,governor,Democratic Primary,TargetPoint,2018-03,2018-03-01,2018-03-31,,,Jared Polis,D,18%,False,March 2018
2018,Colorado,CO,governor,Democratic Primary,Magellan Strategies,2018-03-20 to 2018-03-23,2018-03-20,2018-03-23,410,4.8,Jared Polis,D,27%,False,"March 20–23, 2018"
2018,Colorado,CO,governor,Democratic Primary,University of Colorado Boulder,2017-11-09 to 2017-11-15,2017-11-09,2017-11-15,357,3.5,Jared Polis,D,24%,False,"November 9–15, 2017"
2018,Colorado,CO,governor,Republican Primary,TargetPoint,2018-03,2018-03-01,2018-03-31,,,Cynthia Coffman,R,7%,False,March 2018
2018,Colorado,CO,governor,Republican Primary,Magellan Strategies,2018-02-26 to 2018-02-27,2018-02-26,2018-02-27,647,3.9,Cynthia Coffman,R,13%,False,"February 26–27, 2018"
2018,Colorado,CO,governor,Republican Primary,University of Colorado Boulder,2017-11-09 to 2017-11-15,2017-11-09,2017-11-15,250,3.5,Cynthia Coffman,R,6%,False,"November 9–15, 2017"
2018,Colorado,CO,governor,Republican Primary,Braynard Group,2017-09-26 to 2017-09-28,2017-09-26,2017-09-28,400,3.2,Cynthia Coffman,R,6%,False,"September 26–28, 2017"
2018,Colorado,CO,governor,Republican Primary,Magellan Strategies,2018-06-06 to 2018-06-07,2018-06-06,2018-06-07,593,4.0,Greg Lopez,R,10%,False,"June 6–7, 2018"
2018,Colorado,CO,governor,Republican Primary,Magellan Strategies,2018-06-06 to 2018-06-07,2018-06-06,2018-06-07,593,4.0,Victor Mitchell,R,23%,False,"June 6–7, 2018"
2018,Colorado,CO,governor,Republican Primary,Magellan Strategies,2018-02-26 to 2018-02-27,2018-02-26,2018-02-27,647,3.9,Victor Mitchell,R,5%,False,"February 26–27, 2018"
2018,Colorado,CO,governor,Republican Primary,University of Colorado Boulder,2017-11-09 to 2017-11-15,2017-11-09,2017-11-15,250,3.5,Victor Mitchell,R,1%,False,"November 9–15, 2017"
2018,Colorado,CO,governor,Republican Primary,Braynard Group,2017-09-26 to 2017-09-28,2017-09-26,2017-09-28,400,3.2,Victor Mitchell,R,1%,False,"September 26–28, 2017"
2018,Colorado,CO,governor,Republican Primary,Magellan Strategies,2018-06-06 to 2018-06-07,2018-06-06,2018-06-07,593,4.0,Doug Robinson,R,4%,False,"June 6–7, 2018"
2018,Colorado,CO,governor,Republican Primary,Magellan Strategies,2018-02-26 to 2018-02-27,2018-02-26,2018-02-27,647,3.9,Doug Robinson,R,8%,False,"February 26–27, 2018"
2018,Colorado,CO,governor,Republican Primary,University of Colorado Boulder,2017-11-09 to 2017-11-15,2017-11-09,2017-11-15,250,3.5,Doug Robinson,R,1%,False,"November 9–15, 2017"
2018,Colorado,CO,governor,Republican Primary,Braynard Group,2017-09-26 to 2017-09-28,2017-09-26,2017-09-28,400,3.2,Doug Robinson,R,0.3%,False,"September 26–28, 2017"
2018,Colorado,CO,governor,Republican Primary,Magellan Strategies,2018-06-06 to 2018-06-07,2018-06-06,2018-06-07,593,4.0,Walker Stapleton,R,36%,False,"June 6–7, 2018"
2018,Colorado,CO,governor,Republican Primary,TargetPoint,2018-03,2018-03-01,2018-03-31,,,Walker Stapleton,R,15%,False,March 2018
2018,Colorado,CO,governor,Republican Primary,Magellan Strategies,2018-02-26 to 2018-02-27,2018-02-26,2018-02-27,647,3.9,Walker Stapleton,R,26%,False,"February 26–27, 2018"
2018,Colorado,CO,governor,Republican Primary,University of Colorado Boulder,2017-11-09 to 2017-11-15,2017-11-09,2017-11-15,250,3.5,Walker Stapleton,R,8%,False,"November 9–15, 2017"
2018,Colorado,CO,governor,Republican Primary,Braynard Group,2017-09-26 to 2017-09-28,2017-09-26,2017-09-28,400,3.2,Walker Stapleton,R,8.5%,False,"September 26–28, 2017"
2018,Colorado,CO,governor,Republican Primary,University of Colorado Boulder,2017-11-09 to 2017-11-15,2017-11-09,2017-11-15,250,3.5,George Brauchler,R,4%,False,"November 9–15, 2017"
2018,Colorado,CO,governor,Republican Primary,Braynard Group,2017-09-26 to 2017-09-28,2017-09-26,2017-09-28,400,3.2,George Brauchler,R,7%,False,"September 26–28, 2017"
2018,Colorado,CO,governor,Republican Primary,University of Colorado Boulder,2017-11-09 to 2017-11-15,2017-11-09,2017-11-15,250,3.5,Tom Tancredo,R,25%,False,"November 9–15, 2017"
2018,Colorado,CO,governor,Republican Primary,Braynard Group,2017-09-26 to 2017-09-28,2017-09-26,2017-09-28,400,3.2,Tom Tancredo,R,22%,False,"September 26–28, 2017"
2018,Connecticut,CT,governor,Republican Primary,Tremont Public Advisors,2018-08-07 to 2018-08-09,2018-08-07,2018-08-09,"1,151",3.0,Mark Boughton,R,32%,False,"August 7–9, 2018"
2018,Connecticut,CT,governor,Republican Primary,Tremont Public Advisors,2018-07-18 to 2018-07-20,2018-07-18,2018-07-20,"1,006",3.0,Mark Boughton,R,34%,False,"July 18–20, 2018"
2018,Connecticut,CT,governor,Republican Primary,McLaughlin & Associates,2018-07-21 to 2018-07-23,2018-07-21,2018-07-23,400,4.9,Mark Boughton,R,18%,False,"July 21–23, 2018"
2018,Connecticut,CT,governor,Republican Primary,McLaughlin & Associates,2018-05-04 to 2018-05-06,2018-05-04,2018-05-06,400,4.9,Mark Boughton,R,7%,False,"May 4–6, 2018"
2018,Connecticut,CT,governor,Republican Primary,Tremont Public Advisors,2018-08-07 to 2018-08-09,2018-08-07,2018-08-09,"1,151",3.0,Tim Herbst,R,16%,False,"August 7–9, 2018"
2018,Connecticut,CT,governor,Republican Primary,Tremont Public Advisors,2018-07-18 to 2018-07-20,2018-07-18,2018-07-20,"1,006",3.0,Tim Herbst,R,15%,False,"July 18–20, 2018"
2018,Connecticut,CT,governor,Republican Primary,McLaughlin & Associates,2018-07-21 to 2018-07-23,2018-07-21,2018-07-23,400,4.9,Tim Herbst,R,11%,False,"July 21–23, 2018"
2018,Connecticut,CT,governor,Republican Primary,McLaughlin & Associates,2018-05-04 to 2018-05-06,2018-05-04,2018-05-06,400,4.9,Tim Herbst,R,3%,False,"May 4–6, 2018"
2018,Connecticut,CT,governor,Republican Primary,Tremont Public Advisors,2018-08-07 to 2018-08-09,2018-08-07,2018-08-09,"1,151",3.0,Steve Obsitnik,R,11%,False,"August 7–9, 2018"
2018,Connecticut,CT,governor,Republican Primary,Tremont Public Advisors,2018-07-18 to 2018-07-20,2018-07-18,2018-07-20,"1,006",3.0,Steve Obsitnik,R,12%,False,"July 18–20, 2018"
2018,Connecticut,CT,governor,Republican Primary,McLaughlin & Associates,2018-07-21 to 2018-07-23,2018-07-21,2018-07-23,400,4.9,Steve Obsitnik,R,4%,False,"July 21–23, 2018"
2018,Connecticut,CT,governor,Republican Primary,McLaughlin & Associates,2018-05-04 to 2018-05-06,2018-05-04,2018-05-06,400,4.9,Steve Obsitnik,R,2%,False,"May 4–6, 2018"
2018,Connecticut,CT,governor,Republican Primary,Tremont Public Advisors,2018-08-07 to 2018-08-09,2018-08-07,2018-08-09,"1,151",3.0,Bob Stefanowski,R,22%,False,"August 7–9, 2018"
2018,Connecticut,CT,governor,Republican Primary,Tremont Public Advisors,2018-07-18 to 2018-07-20,2018-07-18,2018-07-20,"1,006",3.0,Bob Stefanowski,R,20%,False,"July 18–20, 2018"
2018,Connecticut,CT,governor,Republican Primary,McLaughlin & Associates,2018-07-21 to 2018-07-23,2018-07-21,2018-07-23,400,4.9,Bob Stefanowski,R,29%,False,"July 21–23, 2018"
2018,Connecticut,CT,governor,Republican Primary,McLaughlin & Associates,2018-05-04 to 2018-05-06,2018-05-04,2018-05-06,400,4.9,Bob Stefanowski,R,33%,False,"May 4–6, 2018"
2018,Connecticut,CT,governor,Republican Primary,Tremont Public Advisors,2018-08-07 to 2018-08-09,2018-08-07,2018-08-09,"1,151",3.0,David Stemerman,R,17%,False,"August 7–9, 2018"
2018,Connecticut,CT,governor,Republican Primary,Tremont Public Advisors,2018-07-18 to 2018-07-20,2018-07-18,2018-07-20,"1,006",3.0,David Stemerman,R,15%,False,"July 18–20, 2018"
2018,Connecticut,CT,governor,Republican Primary,McLaughlin & Associates,2018-07-21 to 2018-07-23,2018-07-21,2018-07-23,400,4.9,David Stemerman,R,17%,False,"July 21–23, 2018"
2018,Connecticut,CT,governor,Republican Primary,McLaughlin & Associates,2018-05-04 to 2018-05-06,2018-05-04,2018-05-06,400,4.9,David Stemerman,R,2%,False,"May 4–6, 2018"
2018,Connecticut,CT,governor,Republican Primary,McLaughlin & Associates,2018-05-04 to 2018-05-06,2018-05-04,2018-05-06,400,4.9,Mike Handler,R,2%,False,"May 4–6, 2018"
2018,Connecticut,CT,governor,Republican Primary,McLaughlin & Associates,2018-05-04 to 2018-05-06,2018-05-04,2018-05-06,400,4.9,Mark Lauretti,R,4%,False,"May 4–6, 2018"
2018,Connecticut,CT,governor,Republican Primary,McLaughlin & Associates,2018-05-04 to 2018-05-06,2018-05-04,2018-05-06,400,4.9,Peter Lumaj,R,2%,False,"May 4–6, 2018"
2018,Connecticut,CT,governor,Republican Primary,McLaughlin & Associates,2018-05-04 to 2018-05-06,2018-05-04,2018-05-06,400,4.9,Prasad Srinivasan,R,3%,False,"May 4–6, 2018"
2018,Connecticut,CT,governor,Republican Primary,McLaughlin & Associates,2018-05-04 to 2018-05-06,2018-05-04,2018-05-06,400,4.9,Erin Stewart,R,11%,False,"May 4–6, 2018"
2018,Connecticut,CT,governor,Republican Primary,McLaughlin & Associates,2018-05-04 to 2018-05-06,2018-05-04,2018-05-06,400,4.9,Dave Walker,R,3%,False,"May 4–6, 2018"
2018,Florida,FL,attorney general,Republican Primary,Gravis Marketing,2018-08-21 to 2018-08-25,2018-08-21,2018-08-25,579,4.1,Ashley Moody,R,35%,False,"August 21–25, 2018"
2018,Florida,FL,attorney general,Republican Primary,Gravis Marketing,2018-08-21 to 2018-08-22,2018-08-21,2018-08-22,321,5.5,Ashley Moody,R,34%,False,"August 21–22, 2018"
2018,Florida,FL,attorney general,Republican Primary,St. Pete Polls,2018-08-03 to 2018-08-04,2018-08-03,2018-08-04,"1,755",2.3,Ashley Moody,R,28%,False,"August 3–4, 2018"
2018,Florida,FL,attorney general,Republican Primary,St. Pete Polls,2018-07-10 to 2018-07-11,2018-07-10,2018-07-11,"1,387",2.6,Ashley Moody,R,19%,False,"July 10–11, 2018"
2018,Florida,FL,attorney general,Republican Primary,Gravis Marketing,2018-08-21 to 2018-08-25,2018-08-21,2018-08-25,579,4.1,Frank White,R,32%,False,"August 21–25, 2018"
2018,Florida,FL,attorney general,Republican Primary,Gravis Marketing,2018-08-21 to 2018-08-22,2018-08-21,2018-08-22,321,5.5,Frank White,R,31%,False,"August 21–22, 2018"
2018,Florida,FL,attorney general,Republican Primary,St. Pete Polls,2018-08-03 to 2018-08-04,2018-08-03,2018-08-04,"1,755",2.3,Frank White,R,39%,False,"August 3–4, 2018"
2018,Florida,FL,attorney general,Republican Primary,St. Pete Polls,2018-07-10 to 2018-07-11,2018-07-10,2018-07-11,"1,387",2.6,Frank White,R,26%,False,"July 10–11, 2018"
2018,Florida,FL,governor,Republican Primary,Gravis Marketing,2018-05-31 to 2018-06-15,2018-05-31,2018-06-15,543,4.2,Richard Corcoran,R,4%,False,"May 31 – June 15, 2018"
2018,Florida,FL,governor,Republican Primary,1892 Polling,2018-04-19 to 2018-04-23,2018-04-19,2018-04-23,800,3.4,Richard Corcoran,R,7%,False,"April 19–23, 2018"
2018,Florida,FL,governor,Republican Primary,Gravis Marketing,2018-02-26 to 2018-03-19,2018-02-26,2018-03-19,,,Richard Corcoran,R,3%,False,"February 26 – March 19, 2018"
2018,Florida,FL,governor,Republican Primary,North Star Opinion Research,2018-03-12 to 2018-03-15,2018-03-12,2018-03-15,600,,Richard Corcoran,R,<6%,False,"March 12–15, 2018"
2018,Florida,FL,governor,Republican Primary,Saint Leo University,2018-02-18 to 2018-02-24,2018-02-18,2018-02-24,175,,Richard Corcoran,R,7%,False,"February 18–24, 2018"
2018,Florida,FL,governor,Republican Primary,Gravis Marketing,2018-02-01 to 2018-02-18,2018-02-01,2018-02-18,,,Richard Corcoran,R,3%,False,"February 1–18, 2018"
2018,Florida,FL,governor,Republican Primary,Mason-Dixon,2018-01-29 to 2018-02-01,2018-01-29,2018-02-01,500,4.5,Richard Corcoran,R,7%,False,"January 29 – February 1, 2018"
2018,Florida,FL,governor,Republican Primary,Remington,2017-12-30 to 2017-12-31,2017-12-30,2017-12-31,"1,423",2.6,Richard Corcoran,R,3%,False,"December 30–31, 2017"
2018,Florida,FL,governor,Republican Primary,Gravis Marketing,2017-12-19 to 2017-12-24,2017-12-19,2017-12-24,,,Richard Corcoran,R,12%,False,"December 19–24, 2017"
2018,Florida,FL,governor,Republican Primary,Saint Leo University,2017-11-19 to 2017-11-24,2017-11-19,2017-11-24,166,,Richard Corcoran,R,5%,False,"November 19–24, 2017"
2018,Florida,FL,governor,Republican Primary,Cherry Communications,2017-09-17 to 2017-09-24,2017-09-17,2017-09-24,256,,Richard Corcoran,R,1%,False,"September 17–24, 2017"
2018,Florida,FL,governor,Republican Primary,Saint Leo University,2017-09-10 to 2017-09-16,2017-09-10,2017-09-16,173,,Richard Corcoran,R,4%,False,"September 10–16, 2017"
2018,Florida,FL,governor,Republican Primary,Florida Atlantic University,2017-08-24 to 2017-08-26,2017-08-24,2017-08-26,304,6.5,Richard Corcoran,R,10%,False,"August 24–26, 2017"
2018,Florida,FL,governor,Republican Primary,Gravis Marketing,2017-03-28 to 2017-03-29,2017-03-28,2017-03-29,,,Richard Corcoran,R,5%,False,"March 28–29, 2017"
2018,Florida,FL,governor,Republican Primary,Saint Leo University,2017-03-03 to 2017-03-11,2017-03-03,2017-03-11,175,,Richard Corcoran,R,5%,False,"March 3–11, 2017"
2018,Florida,FL,governor,Republican Primary,Associated Industries of Florida,2017-02-14 to 2017-02-17,2017-02-14,2017-02-17,800,3.5,Richard Corcoran,R,4%,False,"February 14–17, 2017"
2018,Florida,FL,governor,Republican Primary,Saint Leo University,2016-11-27 to 2016-11-30,2016-11-27,2016-11-30,,,Richard Corcoran,R,2%,False,"November 27–30, 2016"
2018,Florida,FL,governor,Republican Primary,StPetePolls.org,2016-08-02,2016-08-02,2016-08-02,"1,835",2.3,Richard Corcoran,R,1%,False,"August 2, 2016"
2018,Florida,FL,governor,Republican Primary,Gravis Marketing,2018-08-21 to 2018-08-25,2018-08-21,2018-08-25,579,4.1,Ron DeSantis,R,39%,False,"August 21–25, 2018"
2018,Florida,FL,governor,Republican Primary,St. Pete Polls,2018-08-22 to 2018-08-23,2018-08-22,2018-08-23,"2,141",2.1,Ron DeSantis,R,56%,False,"August 22–23, 2018"
2018,Florida,FL,governor,Republican Primary,Gravis Marketing,2018-08-21 to 2018-08-22,2018-08-21,2018-08-22,321,5.5,Ron DeSantis,R,39%,False,"August 21–22, 2018"
2018,Florida,FL,governor,Republican Primary,Florida Atlantic University,2018-08-16 to 2018-08-20,2018-08-16,2018-08-20,222,6.5,Ron DeSantis,R,32%,False,"August 16–20, 2018"
2018,Florida,FL,governor,Republican Primary,Saint Leo University,2018-08-10 to 2018-08-16,2018-08-10,2018-08-16,172,,Ron DeSantis,R,41%,False,"August 10–16, 2018"
2018,Florida,FL,governor,Republican Primary,SurveyUSA,2018-08-10 to 2018-08-13,2018-08-10,2018-08-13,558,5.2,Ron DeSantis,R,40%,False,"August 10–13, 2018"
2018,Florida,FL,governor,Republican Primary,North Star Opinion Research,2018-08-05 to 2018-08-07,2018-08-05,2018-08-07,600,4.0,Ron DeSantis,R,50%,False,"August 5–7, 2018"
2018,Florida,FL,governor,Republican Primary,Mason-Dixon,2018-07-23 to 2018-07-25,2018-07-23,2018-07-25,500,4.5,Ron DeSantis,R,41%,False,"July 23–25, 2018"
2018,Florida,FL,governor,Republican Primary,Florida Atlantic University,2018-07-20 to 2018-07-21,2018-07-20,2018-07-21,262,6.0,Ron DeSantis,R,36%,False,"July 20–21, 2018"
2018,Florida,FL,governor,Republican Primary,Clearview Research,2018-07-14 to 2018-07-19,2018-07-14,2018-07-19,700,4.0,Ron DeSantis,R,38%,False,"July 14–19, 2018"
2018,Florida,FL,governor,Republican Primary,St. Pete Polls,2018-07-16 to 2018-07-17,2018-07-16,2018-07-17,"1,709",2.4,Ron DeSantis,R,50%,False,"July 16–17, 2018"
2018,Florida,FL,governor,Republican Primary,Gravis Marketing,2018-07-13 to 2018-07-14,2018-07-13,2018-07-14,905,3.3,Ron DeSantis,R,35%,False,"July 13–14, 2018"
2018,Florida,FL,governor,Republican Primary,"Fabrizio, Lee and Associates",2018-07-08 to 2018-07-12,2018-07-08,2018-07-12,349,5.2,Ron DeSantis,R,42%,False,"July 8–12, 2018"
2018,Florida,FL,governor,Republican Primary,Remington,2018-07-02 to 2018-07-05,2018-07-02,2018-07-05,"2,826",1.8,Ron DeSantis,R,43%,False,"July 2–5, 2018"
2018,Florida,FL,governor,Republican Primary,1892 Polling,2018-07-02,2018-07-02,2018-07-02,800,3.4,Ron DeSantis,R,47%,False,"July 2, 2018"
2018,Florida,FL,governor,Republican Primary,Marist College,2018-06-17 to 2018-06-21,2018-06-17,2018-06-21,326,6.7,Ron DeSantis,R,21%,False,"June 17–21, 2018"
2018,Florida,FL,governor,Republican Primary,Fox News,2018-06-15 to 2018-06-19,2018-06-15,2018-06-19,901,3.0,Ron DeSantis,R,17%,False,"June 15–19, 2018"
2018,Florida,FL,governor,Republican Primary,Gravis Marketing,2018-05-31 to 2018-06-15,2018-05-31,2018-06-15,543,4.2,Ron DeSantis,R,19%,False,"May 31 – June 15, 2018"
2018,Florida,FL,governor,Republican Primary,Cherry Communications,2018-06-07 to 2018-06-09,2018-06-07,2018-06-09,501,5.3,Ron DeSantis,R,15%,False,"June 7–9, 2018"
2018,Florida,FL,governor,Republican Primary,Saint Leo University,2018-05-25 to 2018-05-31,2018-05-25,2018-05-31,175,,Ron DeSantis,R,13%,False,"May 25–31, 2018"
2018,Florida,FL,governor,Republican Primary,Florida Atlantic University,2018-05-04 to 2018-05-07,2018-05-04,2018-05-07,371,5.0,Ron DeSantis,R,16%,False,"May 4–7, 2018"
2018,Florida,FL,governor,Republican Primary,1892 Polling,2018-04-19 to 2018-04-23,2018-04-19,2018-04-23,800,3.4,Ron DeSantis,R,30%,False,"April 19–23, 2018"
2018,Florida,FL,governor,Republican Primary,Gravis Marketing,2018-02-26 to 2018-03-19,2018-02-26,2018-03-19,,,Ron DeSantis,R,19%,False,"February 26 – March 19, 2018"
2018,Florida,FL,governor,Republican Primary,North Star Opinion Research,2018-03-12 to 2018-03-15,2018-03-12,2018-03-15,600,,Ron DeSantis,R,21%,False,"March 12–15, 2018"
2018,Florida,FL,governor,Republican Primary,Saint Leo University,2018-02-18 to 2018-02-24,2018-02-18,2018-02-24,175,,Ron DeSantis,R,14%,False,"February 18–24, 2018"
2018,Florida,FL,governor,Republican Primary,Big Data Poll,2018-02-17 to 2018-02-18,2018-02-17,2018-02-18,297,,Ron DeSantis,R,15%,False,"February 17–18, 2018"
2018,Florida,FL,governor,Republican Primary,Gravis Marketing,2018-02-01 to 2018-02-18,2018-02-01,2018-02-18,,,Ron DeSantis,R,16%,False,"February 1–18, 2018"
2018,Florida,FL,governor,Republican Primary,Mason-Dixon,2018-01-29 to 2018-02-01,2018-01-29,2018-02-01,500,4.5,Ron DeSantis,R,23%,False,"January 29 – February 1, 2018"
2018,Florida,FL,governor,Republican Primary,Remington,2017-12-30 to 2017-12-31,2017-12-30,2017-12-31,"1,423",2.6,Ron DeSantis,R,28%,False,"December 30–31, 2017"
2018,Florida,FL,governor,Republican Primary,Gravis Marketing,2017-12-19 to 2017-12-24,2017-12-19,2017-12-24,,,Ron DeSantis,R,23%,False,"December 19–24, 2017"
2018,Florida,FL,governor,Republican Primary,Saint Leo University,2017-11-19 to 2017-11-24,2017-11-19,2017-11-24,166,,Ron DeSantis,R,15%,False,"November 19–24, 2017"
2018,Florida,FL,governor,Republican Primary,Cherry Communications,2017-09-17 to 2017-09-24,2017-09-17,2017-09-24,256,,Ron DeSantis,R,9%,False,"September 17–24, 2017"
2018,Florida,FL,governor,Republican Primary,Saint Leo University,2017-09-10 to 2017-09-16,2017-09-10,2017-09-16,173,,Ron DeSantis,R,7%,False,"September 10–16, 2017"
2018,Florida,FL,governor,Republican Primary,Florida Atlantic University,2017-08-24 to 2017-08-26,2017-08-24,2017-08-26,304,6.5,Ron DeSantis,R,9%,False,"August 24–26, 2017"
2018,Florida,FL,governor,Republican Primary,Gravis Marketing,2018-02-26 to 2018-03-19,2018-02-26,2018-03-19,,,Jack Latvala,R,0%,False,"February 26 – March 19, 2018"
2018,Florida,FL,governor,Republican Primary,Saint Leo University,2018-02-18 to 2018-02-24,2018-02-18,2018-02-24,175,,Jack Latvala,R,3%,False,"February 18–24, 2018"
2018,Florida,FL,governor,Republican Primary,Big Data Poll,2018-02-17 to 2018-02-18,2018-02-17,2018-02-18,297,,Jack Latvala,R,0%,False,"February 17–18, 2018"
2018,Florida,FL,governor,Republican Primary,Gravis Marketing,2018-02-01 to 2018-02-18,2018-02-01,2018-02-18,,,Jack Latvala,R,0%,False,"February 1–18, 2018"
2018,Florida,FL,governor,Republican Primary,Gravis Marketing,2017-12-19 to 2017-12-24,2017-12-19,2017-12-24,,,Jack Latvala,R,1%,False,"December 19–24, 2017"
2018,Florida,FL,governor,Republican Primary,Saint Leo University,2017-11-19 to 2017-11-24,2017-11-19,2017-11-24,166,,Jack Latvala,R,4%,False,"November 19–24, 2017"
2018,Florida,FL,governor,Republican Primary,Cherry Communications,2017-09-17 to 2017-09-24,2017-09-17,2017-09-24,256,,Jack Latvala,R,26%,False,"September 17–24, 2017"
2018,Florida,FL,governor,Republican Primary,Saint Leo University,2017-09-10 to 2017-09-16,2017-09-10,2017-09-16,173,,Jack Latvala,R,20%,False,"September 10–16, 2017"
2018,Florida,FL,governor,Republican Primary,Florida Atlantic University,2017-08-24 to 2017-08-26,2017-08-24,2017-08-26,304,6.5,Jack Latvala,R,27%,False,"August 24–26, 2017"
2018,Florida,FL,governor,Republican Primary,Gravis Marketing,2017-03-28 to 2017-03-29,2017-03-28,2017-03-29,,,Jack Latvala,R,4%,False,"March 28–29, 2017"
2018,Florida,FL,governor,Republican Primary,Saint Leo University,2017-03-03 to 2017-03-11,2017-03-03,2017-03-11,175,,Jack Latvala,R,3%,False,"March 3–11, 2017"
2018,Florida,FL,governor,Republican Primary,Gravis Marketing,2018-08-21 to 2018-08-25,2018-08-21,2018-08-25,579,4.1,Adam Putnam,R,27%,False,"August 21–25, 2018"
2018,Florida,FL,governor,Republican Primary,St. Pete Polls,2018-08-22 to 2018-08-23,2018-08-22,2018-08-23,"2,141",2.1,Adam Putnam,R,33%,False,"August 22–23, 2018"
2018,Florida,FL,governor,Republican Primary,Gravis Marketing,2018-08-21 to 2018-08-22,2018-08-21,2018-08-22,321,5.5,Adam Putnam,R,24%,False,"August 21–22, 2018"
2018,Florida,FL,governor,Republican Primary,Florida Atlantic University,2018-08-16 to 2018-08-20,2018-08-16,2018-08-20,222,6.5,Adam Putnam,R,31%,False,"August 16–20, 2018"
2018,Florida,FL,governor,Republican Primary,Saint Leo University,2018-08-10 to 2018-08-16,2018-08-10,2018-08-16,172,,Adam Putnam,R,52%,False,"August 10–16, 2018"
2018,Florida,FL,governor,Republican Primary,SurveyUSA,2018-08-10 to 2018-08-13,2018-08-10,2018-08-13,558,5.2,Adam Putnam,R,38%,False,"August 10–13, 2018"
2018,Florida,FL,governor,Republican Primary,North Star Opinion Research,2018-08-05 to 2018-08-07,2018-08-05,2018-08-07,600,4.0,Adam Putnam,R,30%,False,"August 5–7, 2018"
2018,Florida,FL,governor,Republican Primary,Mason-Dixon,2018-07-23 to 2018-07-25,2018-07-23,2018-07-25,500,4.5,Adam Putnam,R,29%,False,"July 23–25, 2018"
2018,Florida,FL,governor,Republican Primary,Florida Atlantic University,2018-07-20 to 2018-07-21,2018-07-20,2018-07-21,262,6.0,Adam Putnam,R,27%,False,"July 20–21, 2018"
2018,Florida,FL,governor,Republican Primary,Clearview Research,2018-07-14 to 2018-07-19,2018-07-14,2018-07-19,700,4.0,Adam Putnam,R,39%,False,"July 14–19, 2018"
2018,Florida,FL,governor,Republican Primary,St. Pete Polls,2018-07-16 to 2018-07-17,2018-07-16,2018-07-17,"1,709",2.4,Adam Putnam,R,30%,False,"July 16–17, 2018"
2018,Florida,FL,governor,Republican Primary,Gravis Marketing,2018-07-13 to 2018-07-14,2018-07-13,2018-07-14,905,3.3,Adam Putnam,R,29%,False,"July 13–14, 2018"
2018,Florida,FL,governor,Republican Primary,"Fabrizio, Lee and Associates",2018-07-08 to 2018-07-12,2018-07-08,2018-07-12,349,5.2,Adam Putnam,R,30%,False,"July 8–12, 2018"
2018,Florida,FL,governor,Republican Primary,Remington,2018-07-02 to 2018-07-05,2018-07-02,2018-07-05,"2,826",1.8,Adam Putnam,R,26%,False,"July 2–5, 2018"
2018,Florida,FL,governor,Republican Primary,1892 Polling,2018-07-02,2018-07-02,2018-07-02,800,3.4,Adam Putnam,R,28%,False,"July 2, 2018"
2018,Florida,FL,governor,Republican Primary,Marist College,2018-06-17 to 2018-06-21,2018-06-17,2018-06-21,326,6.7,Adam Putnam,R,38%,False,"June 17–21, 2018"
2018,Florida,FL,governor,Republican Primary,Fox News,2018-06-15 to 2018-06-19,2018-06-15,2018-06-19,901,3.0,Adam Putnam,R,32%,False,"June 15–19, 2018"
2018,Florida,FL,governor,Republican Primary,Gravis Marketing,2018-05-31 to 2018-06-15,2018-05-31,2018-06-15,543,4.2,Adam Putnam,R,29%,False,"May 31 – June 15, 2018"
2018,Florida,FL,governor,Republican Primary,Cherry Communications,2018-06-07 to 2018-06-09,2018-06-07,2018-06-09,501,5.3,Adam Putnam,R,32%,False,"June 7–9, 2018"
2018,Florida,FL,governor,Republican Primary,Saint Leo University,2018-05-25 to 2018-05-31,2018-05-25,2018-05-31,175,,Adam Putnam,R,35%,False,"May 25–31, 2018"
2018,Florida,FL,governor,Republican Primary,Florida Atlantic University,2018-05-04 to 2018-05-07,2018-05-04,2018-05-07,371,5.0,Adam Putnam,R,15%,False,"May 4–7, 2018"
2018,Florida,FL,governor,Republican Primary,1892 Polling,2018-04-19 to 2018-04-23,2018-04-19,2018-04-23,800,3.4,Adam Putnam,R,23%,False,"April 19–23, 2018"
2018,Florida,FL,governor,Republican Primary,Gravis Marketing,2018-02-26 to 2018-03-19,2018-02-26,2018-03-19,,,Adam Putnam,R,17%,False,"February 26 – March 19, 2018"
2018,Florida,FL,governor,Republican Primary,North Star Opinion Research,2018-03-12 to 2018-03-15,2018-03-12,2018-03-15,600,,Adam Putnam,R,19%,False,"March 12–15, 2018"
2018,Florida,FL,governor,Republican Primary,Saint Leo University,2018-02-18 to 2018-02-24,2018-02-18,2018-02-24,175,,Adam Putnam,R,15%,False,"February 18–24, 2018"
2018,Florida,FL,governor,Republican Primary,Big Data Poll,2018-02-17 to 2018-02-18,2018-02-17,2018-02-18,297,,Adam Putnam,R,17%,False,"February 17–18, 2018"
2018,Florida,FL,governor,Republican Primary,Gravis Marketing,2018-02-01 to 2018-02-18,2018-02-01,2018-02-18,,,Adam Putnam,R,18%,False,"February 1–18, 2018"
2018,Florida,FL,governor,Republican Primary,Mason-Dixon,2018-01-29 to 2018-02-01,2018-01-29,2018-02-01,500,4.5,Adam Putnam,R,27%,False,"January 29 – February 1, 2018"
2018,Florida,FL,governor,Republican Primary,Remington,2017-12-30 to 2017-12-31,2017-12-30,2017-12-31,"1,423",2.6,Adam Putnam,R,25%,False,"December 30–31, 2017"
2018,Florida,FL,governor,Republican Primary,Saint Leo University,2017-11-19 to 2017-11-24,2017-11-19,2017-11-24,166,,Adam Putnam,R,10%,False,"November 19–24, 2017"
2018,Florida,FL,governor,Republican Primary,Saint Leo University,2017-09-10 to 2017-09-16,2017-09-10,2017-09-16,173,,Adam Putnam,R,2%,False,"September 10–16, 2017"
2018,Florida,FL,governor,Republican Primary,Gravis Marketing,2017-03-28 to 2017-03-29,2017-03-28,2017-03-29,,,Adam Putnam,R,21%,False,"March 28–29, 2017"
2018,Florida,FL,governor,Republican Primary,Saint Leo University,2017-03-03 to 2017-03-11,2017-03-03,2017-03-11,175,,Adam Putnam,R,13%,False,"March 3–11, 2017"
2018,Florida,FL,governor,Republican Primary,Associated Industries of Florida,2017-02-14 to 2017-02-17,2017-02-14,2017-02-17,800,3.5,Adam Putnam,R,22%,False,"February 14–17, 2017"
2018,Florida,FL,governor,Republican Primary,Cherry Communications,2016-12-03 to 2016-12-08,2016-12-03,2016-12-08,,,Adam Putnam,R,22%,False,"December 3–8, 2016"
2018,Florida,FL,governor,Republican Primary,Saint Leo University,2016-11-27 to 2016-11-30,2016-11-27,2016-11-30,,,Adam Putnam,R,6%,False,"November 27–30, 2016"
2018,Florida,FL,governor,Republican Primary,StPetePolls.org,2016-08-02,2016-08-02,2016-08-02,"1,835",2.3,Adam Putnam,R,8%,False,"August 2, 2016"
2018,Florida,FL,governor,Republican Primary,Gravis Marketing,2018-08-21 to 2018-08-25,2018-08-21,2018-08-25,579,4.1,Bob White,R,6%,False,"August 21–25, 2018"
2018,Florida,FL,governor,Republican Primary,St. Pete Polls,2018-08-22 to 2018-08-23,2018-08-22,2018-08-23,"2,141",2.1,Bob White,R,3%,False,"August 22–23, 2018"
2018,Florida,FL,governor,Republican Primary,Gravis Marketing,2018-08-21 to 2018-08-22,2018-08-21,2018-08-22,321,5.5,Bob White,R,6%,False,"August 21–22, 2018"
2018,Florida,FL,governor,Republican Primary,Florida Atlantic University,2018-08-16 to 2018-08-20,2018-08-16,2018-08-20,222,6.5,Bob White,R,2%,False,"August 16–20, 2018"
2018,Florida,FL,governor,Republican Primary,SurveyUSA,2018-08-10 to 2018-08-13,2018-08-10,2018-08-13,558,5.2,Bob White,R,2%,False,"August 10–13, 2018"
2018,Florida,FL,governor,Republican Primary,Mason-Dixon,2018-07-23 to 2018-07-25,2018-07-23,2018-07-25,500,4.5,Bob White,R,0%,False,"July 23–25, 2018"
2018,Florida,FL,governor,Republican Primary,Florida Atlantic University,2018-07-20 to 2018-07-21,2018-07-20,2018-07-21,262,6.0,Bob White,R,3%,False,"July 20–21, 2018"
2018,Florida,FL,governor,Republican Primary,Gravis Marketing,2018-07-13 to 2018-07-14,2018-07-13,2018-07-14,905,3.3,Bob White,R,4%,False,"July 13–14, 2018"
2018,Florida,FL,governor,Republican Primary,Fox News,2018-06-15 to 2018-06-19,2018-06-15,2018-06-19,901,3.0,Bob White,R,3%,False,"June 15–19, 2018"
2018,Florida,FL,governor,Republican Primary,Gravis Marketing,2018-05-31 to 2018-06-15,2018-05-31,2018-06-15,543,4.2,Bob White,R,5%,False,"May 31 – June 15, 2018"
2018,Florida,FL,governor,Republican Primary,Florida Atlantic University,2018-05-04 to 2018-05-07,2018-05-04,2018-05-07,371,5.0,Bob White,R,3%,False,"May 4–7, 2018"
2018,Florida,FL,governor,Republican Primary,Gravis Marketing,2018-02-26 to 2018-03-19,2018-02-26,2018-03-19,,,Bob White,R,0%,False,"February 26 – March 19, 2018"
2018,Florida,FL,governor,Republican Primary,Saint Leo University,2018-02-18 to 2018-02-24,2018-02-18,2018-02-24,175,,Bob White,R,5%,False,"February 18–24, 2018"
2018,Florida,FL,governor,Republican Primary,Big Data Poll,2018-02-17 to 2018-02-18,2018-02-17,2018-02-18,297,,Bob White,R,5%,False,"February 17–18, 2018"
2018,Florida,FL,governor,Republican Primary,Gravis Marketing,2018-02-01 to 2018-02-18,2018-02-01,2018-02-18,,,Bob White,R,2%,False,"February 1–18, 2018"
2018,Florida,FL,governor,Republican Primary,Gravis Marketing,2017-12-19 to 2017-12-24,2017-12-19,2017-12-24,,,Bob White,R,60%,False,"December 19–24, 2017"
2018,Florida,FL,governor,Republican Primary,Saint Leo University,2017-11-19 to 2017-11-24,2017-11-19,2017-11-24,166,,Bob White,R,63%,False,"November 19–24, 2017"
2018,Florida,FL,governor,Republican Primary,Cherry Communications,2017-09-17 to 2017-09-24,2017-09-17,2017-09-24,256,,Bob White,R,3%,False,"September 17–24, 2017"
2018,Florida,FL,governor,Republican Primary,Saint Leo University,2017-09-10 to 2017-09-16,2017-09-10,2017-09-16,173,,Bob White,R,11%,False,"September 10–16, 2017"
2018,Florida,FL,governor,Republican Primary,Saint Leo University,2016-11-27 to 2016-11-30,2016-11-27,2016-11-30,,,Jeff Atwater,R,5%,False,"November 27–30, 2016"
2018,Florida,FL,governor,Republican Primary,StPetePolls.org,2016-08-02,2016-08-02,2016-08-02,"1,835",2.3,Jeff Atwater,R,7%,False,"August 2, 2016"
2018,Florida,FL,governor,Republican Primary,Gravis Marketing,2017-03-28 to 2017-03-29,2017-03-28,2017-03-29,,,Rick Baker,R,2%,False,"March 28–29, 2017"
2018,Florida,FL,governor,Republican Primary,Saint Leo University,2017-03-03 to 2017-03-11,2017-03-03,2017-03-11,175,,Rick Baker,R,6%,False,"March 3–11, 2017"
2018,Florida,FL,governor,Republican Primary,Saint Leo University,2016-11-27 to 2016-11-30,2016-11-27,2016-11-30,,,Rick Baker,R,1%,False,"November 27–30, 2016"
2018,Florida,FL,governor,Republican Primary,StPetePolls.org,2016-08-02,2016-08-02,2016-08-02,"1,835",2.3,Rick Baker,R,3%,False,"August 2, 2016"
2018,Florida,FL,governor,Republican Primary,StPetePolls.org,2016-08-02,2016-08-02,2016-08-02,"1,835",2.3,Pam Bondi,R,26%,False,"August 2, 2016"
2018,Florida,FL,governor,Republican Primary,Saint Leo University,2017-03-03 to 2017-03-11,2017-03-03,2017-03-11,175,,Mike Huckabee,R,30%,False,"March 3–11, 2017"
2018,Florida,FL,governor,Republican Primary,Saint Leo University,2016-11-27 to 2016-11-30,2016-11-27,2016-11-30,,,Mike Huckabee,R,32%,False,"November 27–30, 2016"
2018,Florida,FL,governor,Republican Primary,StPetePolls.org,2016-08-02,2016-08-02,2016-08-02,"1,835",2.3,Mike Huckabee,R,37%,False,"August 2, 2016"
2018,Florida,FL,governor,Republican Primary,Saint Leo University,2017-03-03 to 2017-03-11,2017-03-03,2017-03-11,175,,Usha Jain,R,2%,False,"March 3–11, 2017"
2018,Florida,FL,governor,Republican Primary,Gravis Marketing,2017-03-28 to 2017-03-29,2017-03-28,2017-03-29,,,David Jolly,R,5%,False,"March 28–29, 2017"
2018,Florida,FL,governor,Republican Primary,Saint Leo University,2016-11-27 to 2016-11-30,2016-11-27,2016-11-30,,,Will Weatherford,R,1%,False,"November 27–30, 2016"
2018,Florida,FL,governor,Republican Primary,StPetePolls.org,2016-08-02,2016-08-02,2016-08-02,"1,835",2.3,Will Weatherford,R,1%,False,"August 2, 2016"
2018,Florida,FL,governor,Democratic Primary,St. Pete Polls,2018-08-25 to 2018-08-26,2018-08-25,2018-08-26,"2,342",2.0,Andrew Gillum,D,25%,False,"August 25–26, 2018"
2018,Florida,FL,governor,Democratic Primary,Gravis Marketing,2018-08-21 to 2018-08-25,2018-08-21,2018-08-25,531,4.3,Andrew Gillum,D,16%,False,"August 21–25, 2018"
2018,Florida,FL,governor,Democratic Primary,Gravis Marketing,2018-08-21 to 2018-08-22,2018-08-21,2018-08-22,308,5.6,Andrew Gillum,D,15%,False,"August 21–22, 2018"
2018,Florida,FL,governor,Democratic Primary,"Schroth, Eldon and Associates",2018-08-19 to 2018-08-21,2018-08-19,2018-08-21,669,3.8,Andrew Gillum,D,18%,False,"August 19–21, 2018"
2018,Florida,FL,governor,Democratic Primary,Florida Atlantic University,2018-08-16 to 2018-08-20,2018-08-16,2018-08-20,280,6.3,Andrew Gillum,D,11%,False,"August 16–20, 2018"
2018,Florida,FL,governor,Democratic Primary,Change Research,2018-08-18 to 2018-08-19,2018-08-18,2018-08-19,"1,178",,Andrew Gillum,D,33%,False,"August 18–19, 2018"
2018,Florida,FL,governor,Democratic Primary,St. Pete Polls,2018-08-18 to 2018-08-19,2018-08-18,2018-08-19,"2,202",2.1,Andrew Gillum,D,21%,False,"August 18–19, 2018"
2018,Florida,FL,governor,Democratic Primary,Saint Leo University,2018-08-10 to 2018-08-16,2018-08-10,2018-08-16,188,,Andrew Gillum,D,15%,False,"August 10–16, 2018"
2018,Florida,FL,governor,Democratic Primary,"Schroth, Eldon and Associates",2018-08-11 to 2018-08-14,2018-08-11,2018-08-14,600,4.0,Andrew Gillum,D,15%,False,"August 11–14, 2018"
2018,Florida,FL,governor,Democratic Primary,SurveyUSA,2018-08-10 to 2018-08-13,2018-08-10,2018-08-13,631,5.2,Andrew Gillum,D,11%,False,"August 10–13, 2018"
2018,Florida,FL,governor,Democratic Primary,Public Policy Polling,2018-08-05 to 2018-08-06,2018-08-05,2018-08-06,572,,Andrew Gillum,D,13%,False,"August 5–6, 2018"
2018,Florida,FL,governor,Democratic Primary,ALG Research,2018-07-29 to 2018-08-02,2018-07-29,2018-08-02,800,3.4,Andrew Gillum,D,10%,False,"July 29 – August 2, 2018"
2018,Florida,FL,governor,Democratic Primary,St. Pete Polls,2018-07-30 to 2018-07-31,2018-07-30,2018-07-31,"1,652",2.4,Andrew Gillum,D,12%,False,"July 30–31, 2018"
2018,Florida,FL,governor,Democratic Primary,Mason-Dixon,2018-07-23 to 2018-07-25,2018-07-23,2018-07-25,500,4.5,Andrew Gillum,D,10%,False,"July 23–25, 2018"
2018,Florida,FL,governor,Democratic Primary,Florida Atlantic University,2018-07-20 to 2018-07-21,2018-07-20,2018-07-21,271,5.9,Andrew Gillum,D,7%,False,"July 20–21, 2018"
2018,Florida,FL,governor,Democratic Primary,Associated Industries of Florida,2018-07-16 to 2018-07-18,2018-07-16,2018-07-18,800,,Andrew Gillum,D,12%,False,"July 16–18, 2018"
2018,Florida,FL,governor,Democratic Primary,Frederick Polls,2018-07,2018-07-01,2018-07-31,506,,Andrew Gillum,D,15%,False,July 2018
2018,Florida,FL,governor,Democratic Primary,St. Pete Polls,2018-07-14 to 2018-07-15,2018-07-14,2018-07-15,"1,314",2.7,Andrew Gillum,D,10%,False,"July 14–15, 2018"
2018,Florida,FL,governor,Democratic Primary,Gravis Marketing,2018-07-13 to 2018-07-14,2018-07-13,2018-07-14,"1,540",2.5,Andrew Gillum,D,10%,False,"July 13–14, 2018"
2018,Florida,FL,governor,Democratic Primary,Marist College,2018-06-17 to 2018-06-21,2018-06-17,2018-06-21,344,6.5,Andrew Gillum,D,8%,False,"June 17–21, 2018"
2018,Florida,FL,governor,Democratic Primary,RABA Research,2018-06-15 to 2018-06-16,2018-06-15,2018-06-16,660,3.8,Andrew Gillum,D,8%,False,"June 15–16, 2018"
2018,Florida,FL,governor,Democratic Primary,Gravis Marketing,2018-05-31 to 2018-06-15,2018-05-31,2018-06-15,485,4.5,Andrew Gillum,D,29%,False,"May 31 – June 15, 2018"
2018,Florida,FL,governor,Democratic Primary,Let's Preserve the American Dream,2018-06-06 to 2018-06-09,2018-06-06,2018-06-09,800,3.1,Andrew Gillum,D,11%,False,"June 6–9, 2018"
2018,Florida,FL,governor,Democratic Primary,"Schroth, Eldon and Associates",2018-06-03 to 2018-06-05,2018-06-03,2018-06-05,600,4.0,Andrew Gillum,D,11%,False,"June 3–5, 2018"
2018,Florida,FL,governor,Democratic Primary,Saint Leo University,2018-05-25 to 2018-05-31,2018-05-25,2018-05-31,195,,Andrew Gillum,D,10%,False,"May 25–31, 2018"
2018,Florida,FL,governor,Democratic Primary,Public Policy Polling,2018-05-21 to 2018-05-22,2018-05-21,2018-05-22,583,,Andrew Gillum,D,12%,False,"May 21–22, 2018"
2018,Florida,FL,governor,Democratic Primary,Change Research,2018-05-08 to 2018-05-11,2018-05-08,2018-05-11,"1,107",3.0,Andrew Gillum,D,13%,False,"May 8–11, 2018"
2018,Florida,FL,governor,Democratic Primary,Florida Atlantic University,2018-05-04 to 2018-05-07,2018-05-04,2018-05-07,372,3.0,Andrew Gillum,D,6%,False,"May 4–7, 2018"
2018,Florida,FL,governor,Democratic Primary,Public Policy Polling,2018-04-10 to 2018-04-11,2018-04-10,2018-04-11,491,,Andrew Gillum,D,8%,False,"April 10–11, 2018"
2018,Florida,FL,governor,Democratic Primary,Public Policy Polling,2018-03-23 to 2018-03-25,2018-03-23,2018-03-25,613,,Andrew Gillum,D,8%,False,"March 23–25, 2018"
2018,Florida,FL,governor,Democratic Primary,Gravis Marketing,2018-02-26 to 2018-03-19,2018-02-26,2018-03-19,,,Andrew Gillum,D,11%,False,"February 26 – March 19, 2018"
2018,Florida,FL,governor,Democratic Primary,Saint Leo University,2018-02-18 to 2018-02-24,2018-02-18,2018-02-24,190,,Andrew Gillum,D,10%,False,"February 18–24, 2018"
2018,Florida,FL,governor,Democratic Primary,Gravis Marketing,2018-02-01 to 2018-02-18,2018-02-01,2018-02-18,,,Andrew Gillum,D,9%,False,"February 1–18, 2018"
2018,Florida,FL,governor,Democratic Primary,Mason-Dixon,2018-01-29 to 2018-02-01,2018-01-29,2018-02-01,500,4.5,Andrew Gillum,D,10%,False,"January 29 – February 1, 2018"
2018,Florida,FL,governor,Democratic Primary,Gravis Marketing,2017-12-19 to 2017-12-24,2017-12-19,2017-12-24,,,Andrew Gillum,D,12%,False,"December 19–24, 2017"
2018,Florida,FL,governor,Democratic Primary,Frederick Polls,2018-04-23 to 2018-04-28,2018-04-23,2018-04-28,750,3.6,Andrew Gillum,D,6%,False,"April 23–28, 2018"
2018,Florida,FL,governor,Democratic Primary,Saint Leo University,2017-11-19 to 2017-11-24,2017-11-19,2017-11-24,181,,Andrew Gillum,D,6%,False,"November 19–24, 2017"
2018,Florida,FL,governor,Democratic Primary,Cherry Communications,2017-09-17 to 2017-09-24,2017-09-17,2017-09-24,263,,Andrew Gillum,D,6%,False,"September 17–24, 2017"
2018,Florida,FL,governor,Democratic Primary,Saint Leo University,2017-09-10 to 2017-09-16,2017-09-10,2017-09-16,190,,Andrew Gillum,D,5%,False,"September 10–16, 2017"
2018,Florida,FL,governor,Democratic Primary,Florida Atlantic University,2017-08-24 to 2017-08-26,2017-08-24,2017-08-26,297,6.5,Andrew Gillum,D,9%,False,"August 24–26, 2017"
2018,Florida,FL,governor,Democratic Primary,Gravis Marketing,2017-04-04 to 2017-04-10,2017-04-04,2017-04-10,,,Andrew Gillum,D,13%,False,"April 4–10, 2017"
2018,Florida,FL,governor,Democratic Primary,Gravis Marketing,2017-03-28 to 2017-03-29,2017-03-28,2017-03-29,,,Andrew Gillum,D,23%,False,"March 28–29, 2017"
2018,Florida,FL,governor,Democratic Primary,Saint Leo University,2017-03-03 to 2017-03-11,2017-03-03,2017-03-11,203,,Andrew Gillum,D,4%,False,"March 3–11, 2017"
2018,Florida,FL,governor,Democratic Primary,Cherry Communications,2016-12-03 to 2016-12-08,2016-12-03,2016-12-08,,,Andrew Gillum,D,8%,False,"December 3–8, 2016"
2018,Florida,FL,governor,Democratic Primary,St. Pete Polls,2018-08-25 to 2018-08-26,2018-08-25,2018-08-26,"2,342",2.0,Gwen Graham,D,32%,False,"August 25–26, 2018"
2018,Florida,FL,governor,Democratic Primary,Gravis Marketing,2018-08-21 to 2018-08-25,2018-08-21,2018-08-25,531,4.3,Gwen Graham,D,26%,False,"August 21–25, 2018"
2018,Florida,FL,governor,Democratic Primary,Gravis Marketing,2018-08-21 to 2018-08-22,2018-08-21,2018-08-22,308,5.6,Gwen Graham,D,26%,False,"August 21–22, 2018"
2018,Florida,FL,governor,Democratic Primary,"Schroth, Eldon and Associates",2018-08-19 to 2018-08-21,2018-08-19,2018-08-21,669,3.8,Gwen Graham,D,25%,False,"August 19–21, 2018"
2018,Florida,FL,governor,Democratic Primary,Florida Atlantic University,2018-08-16 to 2018-08-20,2018-08-16,2018-08-20,280,6.3,Gwen Graham,D,29%,False,"August 16–20, 2018"
2018,Florida,FL,governor,Democratic Primary,Change Research,2018-08-18 to 2018-08-19,2018-08-18,2018-08-19,"1,178",,Gwen Graham,D,22%,False,"August 18–19, 2018"
2018,Florida,FL,governor,Democratic Primary,St. Pete Polls,2018-08-18 to 2018-08-19,2018-08-18,2018-08-19,"2,202",2.1,Gwen Graham,D,27%,False,"August 18–19, 2018"
2018,Florida,FL,governor,Democratic Primary,Saint Leo University,2018-08-10 to 2018-08-16,2018-08-10,2018-08-16,188,,Gwen Graham,D,31%,False,"August 10–16, 2018"
2018,Florida,FL,governor,Democratic Primary,"Schroth, Eldon and Associates",2018-08-11 to 2018-08-14,2018-08-11,2018-08-14,600,4.0,Gwen Graham,D,24%,False,"August 11–14, 2018"
2018,Florida,FL,governor,Democratic Primary,SurveyUSA,2018-08-10 to 2018-08-13,2018-08-10,2018-08-13,631,5.2,Gwen Graham,D,22%,False,"August 10–13, 2018"
2018,Florida,FL,governor,Democratic Primary,Public Policy Polling,2018-08-05 to 2018-08-06,2018-08-05,2018-08-06,572,,Gwen Graham,D,26%,False,"August 5–6, 2018"
2018,Florida,FL,governor,Democratic Primary,ALG Research,2018-07-29 to 2018-08-02,2018-07-29,2018-08-02,800,3.4,Gwen Graham,D,33%,False,"July 29 – August 2, 2018"
2018,Florida,FL,governor,Democratic Primary,St. Pete Polls,2018-07-30 to 2018-07-31,2018-07-30,2018-07-31,"1,652",2.4,Gwen Graham,D,29%,False,"July 30–31, 2018"
2018,Florida,FL,governor,Democratic Primary,Mason-Dixon,2018-07-23 to 2018-07-25,2018-07-23,2018-07-25,500,4.5,Gwen Graham,D,27%,False,"July 23–25, 2018"
2018,Florida,FL,governor,Democratic Primary,Florida Atlantic University,2018-07-20 to 2018-07-21,2018-07-20,2018-07-21,271,5.9,Gwen Graham,D,20%,False,"July 20–21, 2018"
2018,Florida,FL,governor,Democratic Primary,Associated Industries of Florida,2018-07-16 to 2018-07-18,2018-07-16,2018-07-18,800,,Gwen Graham,D,24%,False,"July 16–18, 2018"
2018,Florida,FL,governor,Democratic Primary,Frederick Polls,2018-07,2018-07-01,2018-07-31,506,,Gwen Graham,D,28%,False,July 2018
2018,Florida,FL,governor,Democratic Primary,St. Pete Polls,2018-07-14 to 2018-07-15,2018-07-14,2018-07-15,"1,314",2.7,Gwen Graham,D,22%,False,"July 14–15, 2018"
2018,Florida,FL,governor,Democratic Primary,Gravis Marketing,2018-07-13 to 2018-07-14,2018-07-13,2018-07-14,"1,540",2.5,Gwen Graham,D,27%,False,"July 13–14, 2018"
2018,Florida,FL,governor,Democratic Primary,Marist College,2018-06-17 to 2018-06-21,2018-06-17,2018-06-21,344,6.5,Gwen Graham,D,17%,False,"June 17–21, 2018"
2018,Florida,FL,governor,Democratic Primary,RABA Research,2018-06-15 to 2018-06-16,2018-06-15,2018-06-16,660,3.8,Gwen Graham,D,26%,False,"June 15–16, 2018"
2018,Florida,FL,governor,Democratic Primary,Gravis Marketing,2018-05-31 to 2018-06-15,2018-05-31,2018-06-15,485,4.5,Gwen Graham,D,24%,False,"May 31 – June 15, 2018"
2018,Florida,FL,governor,Democratic Primary,Let's Preserve the American Dream,2018-06-06 to 2018-06-09,2018-06-06,2018-06-09,800,3.1,Gwen Graham,D,21%,False,"June 6–9, 2018"
2018,Florida,FL,governor,Democratic Primary,"Schroth, Eldon and Associates",2018-06-03 to 2018-06-05,2018-06-03,2018-06-05,600,4.0,Gwen Graham,D,16%,False,"June 3–5, 2018"
2018,Florida,FL,governor,Democratic Primary,Saint Leo University,2018-05-25 to 2018-05-31,2018-05-25,2018-05-31,195,,Gwen Graham,D,14%,False,"May 25–31, 2018"
2018,Florida,FL,governor,Democratic Primary,Public Policy Polling,2018-05-21 to 2018-05-22,2018-05-21,2018-05-22,583,,Gwen Graham,D,20%,False,"May 21–22, 2018"
2018,Florida,FL,governor,Democratic Primary,Change Research,2018-05-08 to 2018-05-11,2018-05-08,2018-05-11,"1,107",3.0,Gwen Graham,D,13%,False,"May 8–11, 2018"
2018,Florida,FL,governor,Democratic Primary,Florida Atlantic University,2018-05-04 to 2018-05-07,2018-05-04,2018-05-07,372,3.0,Gwen Graham,D,15%,False,"May 4–7, 2018"
2018,Florida,FL,governor,Democratic Primary,Public Policy Polling,2018-04-10 to 2018-04-11,2018-04-10,2018-04-11,491,,Gwen Graham,D,23%,False,"April 10–11, 2018"
2018,Florida,FL,governor,Democratic Primary,Public Policy Polling,2018-03-23 to 2018-03-25,2018-03-23,2018-03-25,613,,Gwen Graham,D,19%,False,"March 23–25, 2018"
2018,Florida,FL,governor,Democratic Primary,Gravis Marketing,2018-02-26 to 2018-03-19,2018-02-26,2018-03-19,,,Gwen Graham,D,9%,False,"February 26 – March 19, 2018"
2018,Florida,FL,governor,Democratic Primary,Saint Leo University,2018-02-18 to 2018-02-24,2018-02-18,2018-02-24,190,,Gwen Graham,D,17%,False,"February 18–24, 2018"
2018,Florida,FL,governor,Democratic Primary,Gravis Marketing,2018-02-01 to 2018-02-18,2018-02-01,2018-02-18,,,Gwen Graham,D,12%,False,"February 1–18, 2018"
2018,Florida,FL,governor,Democratic Primary,Mason-Dixon,2018-01-29 to 2018-02-01,2018-01-29,2018-02-01,500,4.5,Gwen Graham,D,20%,False,"January 29 – February 1, 2018"
2018,Florida,FL,governor,Democratic Primary,Gravis Marketing,2017-12-19 to 2017-12-24,2017-12-19,2017-12-24,,,Gwen Graham,D,18%,False,"December 19–24, 2017"
2018,Florida,FL,governor,Democratic Primary,Frederick Polls,2018-04-23 to 2018-04-28,2018-04-23,2018-04-28,750,3.6,Gwen Graham,D,14%,False,"April 23–28, 2018"
2018,Florida,FL,governor,Democratic Primary,Saint Leo University,2017-11-19 to 2017-11-24,2017-11-19,2017-11-24,181,,Gwen Graham,D,9%,False,"November 19–24, 2017"
2018,Florida,FL,governor,Democratic Primary,Cherry Communications,2017-09-17 to 2017-09-24,2017-09-17,2017-09-24,263,,Gwen Graham,D,16%,False,"September 17–24, 2017"
2018,Florida,FL,governor,Democratic Primary,Saint Leo University,2017-09-10 to 2017-09-16,2017-09-10,2017-09-16,190,,Gwen Graham,D,7%,False,"September 10–16, 2017"
2018,Florida,FL,governor,Democratic Primary,Florida Atlantic University,2017-08-24 to 2017-08-26,2017-08-24,2017-08-26,297,6.5,Gwen Graham,D,14%,False,"August 24–26, 2017"
2018,Florida,FL,governor,Democratic Primary,Gravis Marketing,2017-04-04 to 2017-04-10,2017-04-04,2017-04-10,,,Gwen Graham,D,11%,False,"April 4–10, 2017"
2018,Florida,FL,governor,Democratic Primary,Gravis Marketing,2017-03-28 to 2017-03-29,2017-03-28,2017-03-29,,,Gwen Graham,D,8%,False,"March 28–29, 2017"
2018,Florida,FL,governor,Democratic Primary,Saint Leo University,2017-03-03 to 2017-03-11,2017-03-03,2017-03-11,203,,Gwen Graham,D,4%,False,"March 3–11, 2017"
2018,Florida,FL,governor,Democratic Primary,Cherry Communications,2016-12-03 to 2016-12-08,2016-12-03,2016-12-08,,,Gwen Graham,D,16%,False,"December 3–8, 2016"
2018,Florida,FL,governor,Democratic Primary,Saint Leo University,2016-11-27 to 2016-11-30,2016-11-27,2016-11-30,,,Gwen Graham,D,5%,False,"November 27–30, 2016"
2018,Florida,FL,governor,Democratic Primary,St. Pete Polls,2018-08-25 to 2018-08-26,2018-08-25,2018-08-26,"2,342",2.0,Jeff Greene,D,11%,False,"August 25–26, 2018"
2018,Florida,FL,governor,Democratic Primary,Gravis Marketing,2018-08-21 to 2018-08-25,2018-08-21,2018-08-25,531,4.3,Jeff Greene,D,19%,False,"August 21–25, 2018"
2018,Florida,FL,governor,Democratic Primary,Gravis Marketing,2018-08-21 to 2018-08-22,2018-08-21,2018-08-22,308,5.6,Jeff Greene,D,19%,False,"August 21–22, 2018"
2018,Florida,FL,governor,Democratic Primary,"Schroth, Eldon and Associates",2018-08-19 to 2018-08-21,2018-08-19,2018-08-21,669,3.8,Jeff Greene,D,13%,False,"August 19–21, 2018"
2018,Florida,FL,governor,Democratic Primary,Florida Atlantic University,2018-08-16 to 2018-08-20,2018-08-16,2018-08-20,280,6.3,Jeff Greene,D,11%,False,"August 16–20, 2018"
2018,Florida,FL,governor,Democratic Primary,Change Research,2018-08-18 to 2018-08-19,2018-08-18,2018-08-19,"1,178",,Jeff Greene,D,10%,False,"August 18–19, 2018"
2018,Florida,FL,governor,Democratic Primary,St. Pete Polls,2018-08-18 to 2018-08-19,2018-08-18,2018-08-19,"2,202",2.1,Jeff Greene,D,15%,False,"August 18–19, 2018"
2018,Florida,FL,governor,Democratic Primary,Saint Leo University,2018-08-10 to 2018-08-16,2018-08-10,2018-08-16,188,,Jeff Greene,D,17%,False,"August 10–16, 2018"
2018,Florida,FL,governor,Democratic Primary,"Schroth, Eldon and Associates",2018-08-11 to 2018-08-14,2018-08-11,2018-08-14,600,4.0,Jeff Greene,D,13%,False,"August 11–14, 2018"
2018,Florida,FL,governor,Democratic Primary,SurveyUSA,2018-08-10 to 2018-08-13,2018-08-10,2018-08-13,631,5.2,Jeff Greene,D,16%,False,"August 10–13, 2018"
2018,Florida,FL,governor,Democratic Primary,Public Policy Polling,2018-08-05 to 2018-08-06,2018-08-05,2018-08-06,572,,Jeff Greene,D,16%,False,"August 5–6, 2018"
2018,Florida,FL,governor,Democratic Primary,ALG Research,2018-07-29 to 2018-08-02,2018-07-29,2018-08-02,800,3.4,Jeff Greene,D,13%,False,"July 29 – August 2, 2018"
2018,Florida,FL,governor,Democratic Primary,St. Pete Polls,2018-07-30 to 2018-07-31,2018-07-30,2018-07-31,"1,652",2.4,Jeff Greene,D,23%,False,"July 30–31, 2018"
2018,Florida,FL,governor,Democratic Primary,Mason-Dixon,2018-07-23 to 2018-07-25,2018-07-23,2018-07-25,500,4.5,Jeff Greene,D,12%,False,"July 23–25, 2018"
2018,Florida,FL,governor,Democratic Primary,Florida Atlantic University,2018-07-20 to 2018-07-21,2018-07-20,2018-07-21,271,5.9,Jeff Greene,D,14%,False,"July 20–21, 2018"
2018,Florida,FL,governor,Democratic Primary,Associated Industries of Florida,2018-07-16 to 2018-07-18,2018-07-16,2018-07-18,800,,Jeff Greene,D,13%,False,"July 16–18, 2018"
2018,Florida,FL,governor,Democratic Primary,Frederick Polls,2018-07,2018-07-01,2018-07-31,506,,Jeff Greene,D,23%,False,July 2018
2018,Florida,FL,governor,Democratic Primary,St. Pete Polls,2018-07-14 to 2018-07-15,2018-07-14,2018-07-15,"1,314",2.7,Jeff Greene,D,22%,False,"July 14–15, 2018"
2018,Florida,FL,governor,Democratic Primary,Gravis Marketing,2018-07-13 to 2018-07-14,2018-07-13,2018-07-14,"1,540",2.5,Jeff Greene,D,18%,False,"July 13–14, 2018"
2018,Florida,FL,governor,Democratic Primary,Marist College,2018-06-17 to 2018-06-21,2018-06-17,2018-06-21,344,6.5,Jeff Greene,D,4%,False,"June 17–21, 2018"
2018,Florida,FL,governor,Democratic Primary,RABA Research,2018-06-15 to 2018-06-16,2018-06-15,2018-06-16,660,3.8,Jeff Greene,D,3%,False,"June 15–16, 2018"
2018,Florida,FL,governor,Democratic Primary,Let's Preserve the American Dream,2018-06-06 to 2018-06-09,2018-06-06,2018-06-09,800,3.1,Jeff Greene,D,3%,False,"June 6–9, 2018"
2018,Florida,FL,governor,Democratic Primary,"Schroth, Eldon and Associates",2018-06-03 to 2018-06-05,2018-06-03,2018-06-05,600,4.0,Jeff Greene,D,4%,False,"June 3–5, 2018"
2018,Florida,FL,governor,Democratic Primary,Gravis Marketing,2018-02-26 to 2018-03-19,2018-02-26,2018-03-19,,,Jeff Greene,D,2%,False,"February 26 – March 19, 2018"
2018,Florida,FL,governor,Democratic Primary,Saint Leo University,2018-02-18 to 2018-02-24,2018-02-18,2018-02-24,190,,Jeff Greene,D,5%,False,"February 18–24, 2018"
2018,Florida,FL,governor,Democratic Primary,Gravis Marketing,2018-02-01 to 2018-02-18,2018-02-01,2018-02-18,,,Jeff Greene,D,1%,False,"February 1–18, 2018"
2018,Florida,FL,governor,Democratic Primary,Gravis Marketing,2017-12-19 to 2017-12-24,2017-12-19,2017-12-24,,,Jeff Greene,D,2%,False,"December 19–24, 2017"
2018,Florida,FL,governor,Democratic Primary,Saint Leo University,2017-11-19 to 2017-11-24,2017-11-19,2017-11-24,181,,Jeff Greene,D,2%,False,"November 19–24, 2017"
2018,Florida,FL,governor,Democratic Primary,Saint Leo University,2017-09-10 to 2017-09-16,2017-09-10,2017-09-16,190,,Jeff Greene,D,1%,False,"September 10–16, 2017"
2018,Florida,FL,governor,Democratic Primary,Gravis Marketing,2017-04-04 to 2017-04-10,2017-04-04,2017-04-10,,,Jeff Greene,D,1%,False,"April 4–10, 2017"
2018,Florida,FL,governor,Democratic Primary,Gravis Marketing,2017-03-28 to 2017-03-29,2017-03-28,2017-03-29,,,Jeff Greene,D,0%,False,"March 28–29, 2017"
2018,Florida,FL,governor,Democratic Primary,St. Pete Polls,2018-08-25 to 2018-08-26,2018-08-25,2018-08-26,"2,342",2.0,Chris King,D,2%,False,"August 25–26, 2018"
2018,Florida,FL,governor,Democratic Primary,Gravis Marketing,2018-08-21 to 2018-08-25,2018-08-21,2018-08-25,531,4.3,Chris King,D,5%,False,"August 21–25, 2018"
2018,Florida,FL,governor,Democratic Primary,Gravis Marketing,2018-08-21 to 2018-08-22,2018-08-21,2018-08-22,308,5.6,Chris King,D,5%,False,"August 21–22, 2018"
2018,Florida,FL,governor,Democratic Primary,"Schroth, Eldon and Associates",2018-08-19 to 2018-08-21,2018-08-19,2018-08-21,669,3.8,Chris King,D,2%,False,"August 19–21, 2018"
2018,Florida,FL,governor,Democratic Primary,Florida Atlantic University,2018-08-16 to 2018-08-20,2018-08-16,2018-08-20,280,6.3,Chris King,D,10%,False,"August 16–20, 2018"
2018,Florida,FL,governor,Democratic Primary,St. Pete Polls,2018-08-18 to 2018-08-19,2018-08-18,2018-08-19,"2,202",2.1,Chris King,D,3%,False,"August 18–19, 2018"
2018,Florida,FL,governor,Democratic Primary,Saint Leo University,2018-08-10 to 2018-08-16,2018-08-10,2018-08-16,188,,Chris King,D,5%,False,"August 10–16, 2018"
2018,Florida,FL,governor,Democratic Primary,"Schroth, Eldon and Associates",2018-08-11 to 2018-08-14,2018-08-11,2018-08-14,600,4.0,Chris King,D,3%,False,"August 11–14, 2018"
2018,Florida,FL,governor,Democratic Primary,SurveyUSA,2018-08-10 to 2018-08-13,2018-08-10,2018-08-13,631,5.2,Chris King,D,3%,False,"August 10–13, 2018"
2018,Florida,FL,governor,Democratic Primary,Public Policy Polling,2018-08-05 to 2018-08-06,2018-08-05,2018-08-06,572,,Chris King,D,4%,False,"August 5–6, 2018"
2018,Florida,FL,governor,Democratic Primary,ALG Research,2018-07-29 to 2018-08-02,2018-07-29,2018-08-02,800,3.4,Chris King,D,3%,False,"July 29 – August 2, 2018"
2018,Florida,FL,governor,Democratic Primary,St. Pete Polls,2018-07-30 to 2018-07-31,2018-07-30,2018-07-31,"1,652",2.4,Chris King,D,3%,False,"July 30–31, 2018"
2018,Florida,FL,governor,Democratic Primary,Mason-Dixon,2018-07-23 to 2018-07-25,2018-07-23,2018-07-25,500,4.5,Chris King,D,7%,False,"July 23–25, 2018"
2018,Florida,FL,governor,Democratic Primary,Florida Atlantic University,2018-07-20 to 2018-07-21,2018-07-20,2018-07-21,271,5.9,Chris King,D,9%,False,"July 20–21, 2018"
2018,Florida,FL,governor,Democratic Primary,Associated Industries of Florida,2018-07-16 to 2018-07-18,2018-07-16,2018-07-18,800,,Chris King,D,4%,False,"July 16–18, 2018"
2018,Florida,FL,governor,Democratic Primary,Frederick Polls,2018-07,2018-07-01,2018-07-31,506,,Chris King,D,7%,False,July 2018
2018,Florida,FL,governor,Democratic Primary,St. Pete Polls,2018-07-14 to 2018-07-15,2018-07-14,2018-07-15,"1,314",2.7,Chris King,D,3%,False,"July 14–15, 2018"
2018,Florida,FL,governor,Democratic Primary,Marist College,2018-06-17 to 2018-06-21,2018-06-17,2018-06-21,344,6.5,Chris King,D,3%,False,"June 17–21, 2018"
2018,Florida,FL,governor,Democratic Primary,RABA Research,2018-06-15 to 2018-06-16,2018-06-15,2018-06-16,660,3.8,Chris King,D,15%,False,"June 15–16, 2018"
2018,Florida,FL,governor,Democratic Primary,Gravis Marketing,2018-05-31 to 2018-06-15,2018-05-31,2018-06-15,485,4.5,Chris King,D,3%,False,"May 31 – June 15, 2018"
2018,Florida,FL,governor,Democratic Primary,Let's Preserve the American Dream,2018-06-06 to 2018-06-09,2018-06-06,2018-06-09,800,3.1,Chris King,D,4%,False,"June 6–9, 2018"
2018,Florida,FL,governor,Democratic Primary,"Schroth, Eldon and Associates",2018-06-03 to 2018-06-05,2018-06-03,2018-06-05,600,4.0,Chris King,D,6%,False,"June 3–5, 2018"
2018,Florida,FL,governor,Democratic Primary,Saint Leo University,2018-05-25 to 2018-05-31,2018-05-25,2018-05-31,195,,Chris King,D,6%,False,"May 25–31, 2018"
2018,Florida,FL,governor,Democratic Primary,Public Policy Polling,2018-05-21 to 2018-05-22,2018-05-21,2018-05-22,583,,Chris King,D,6%,False,"May 21–22, 2018"
2018,Florida,FL,governor,Democratic Primary,Change Research,2018-05-08 to 2018-05-11,2018-05-08,2018-05-11,"1,107",3.0,Chris King,D,3%,False,"May 8–11, 2018"
2018,Florida,FL,governor,Democratic Primary,Florida Atlantic University,2018-05-04 to 2018-05-07,2018-05-04,2018-05-07,372,3.0,Chris King,D,10%,False,"May 4–7, 2018"
2018,Florida,FL,governor,Democratic Primary,Public Policy Polling,2018-04-10 to 2018-04-11,2018-04-10,2018-04-11,491,,Chris King,D,4%,False,"April 10–11, 2018"
2018,Florida,FL,governor,Democratic Primary,Public Policy Polling,2018-03-23 to 2018-03-25,2018-03-23,2018-03-25,613,,Chris King,D,5%,False,"March 23–25, 2018"
2018,Florida,FL,governor,Democratic Primary,Gravis Marketing,2018-02-26 to 2018-03-19,2018-02-26,2018-03-19,,,Chris King,D,2%,False,"February 26 – March 19, 2018"
2018,Florida,FL,governor,Democratic Primary,Saint Leo University,2018-02-18 to 2018-02-24,2018-02-18,2018-02-24,190,,Chris King,D,7%,False,"February 18–24, 2018"
2018,Florida,FL,governor,Democratic Primary,Gravis Marketing,2018-02-01 to 2018-02-18,2018-02-01,2018-02-18,,,Chris King,D,2%,False,"February 1–18, 2018"
2018,Florida,FL,governor,Democratic Primary,Mason-Dixon,2018-01-29 to 2018-02-01,2018-01-29,2018-02-01,500,4.5,Chris King,D,4%,False,"January 29 – February 1, 2018"
2018,Florida,FL,governor,Democratic Primary,Gravis Marketing,2017-12-19 to 2017-12-24,2017-12-19,2017-12-24,,,Chris King,D,3%,False,"December 19–24, 2017"
2018,Florida,FL,governor,Democratic Primary,Frederick Polls,2018-04-23 to 2018-04-28,2018-04-23,2018-04-28,750,3.6,Chris King,D,2%,False,"April 23–28, 2018"
2018,Florida,FL,governor,Democratic Primary,Saint Leo University,2017-11-19 to 2017-11-24,2017-11-19,2017-11-24,181,,Chris King,D,3%,False,"November 19–24, 2017"
2018,Florida,FL,governor,Democratic Primary,Cherry Communications,2017-09-17 to 2017-09-24,2017-09-17,2017-09-24,263,,Chris King,D,2%,False,"September 17–24, 2017"
2018,Florida,FL,governor,Democratic Primary,Saint Leo University,2017-09-10 to 2017-09-16,2017-09-10,2017-09-16,190,,Chris King,D,4%,False,"September 10–16, 2017"
2018,Florida,FL,governor,Democratic Primary,Florida Atlantic University,2017-08-24 to 2017-08-26,2017-08-24,2017-08-26,297,6.5,Chris King,D,4%,False,"August 24–26, 2017"
2018,Florida,FL,governor,Democratic Primary,St. Pete Polls,2018-08-25 to 2018-08-26,2018-08-25,2018-08-26,"2,342",2.0,Philip Levine,D,22%,False,"August 25–26, 2018"
2018,Florida,FL,governor,Democratic Primary,Gravis Marketing,2018-08-21 to 2018-08-25,2018-08-21,2018-08-25,531,4.3,Philip Levine,D,18%,False,"August 21–25, 2018"
2018,Florida,FL,governor,Democratic Primary,Gravis Marketing,2018-08-21 to 2018-08-22,2018-08-21,2018-08-22,308,5.6,Philip Levine,D,18%,False,"August 21–22, 2018"
2018,Florida,FL,governor,Democratic Primary,"Schroth, Eldon and Associates",2018-08-19 to 2018-08-21,2018-08-19,2018-08-21,669,3.8,Philip Levine,D,26%,False,"August 19–21, 2018"
2018,Florida,FL,governor,Democratic Primary,Florida Atlantic University,2018-08-16 to 2018-08-20,2018-08-16,2018-08-20,280,6.3,Philip Levine,D,17%,False,"August 16–20, 2018"
2018,Florida,FL,governor,Democratic Primary,Change Research,2018-08-18 to 2018-08-19,2018-08-18,2018-08-19,"1,178",,Philip Levine,D,22%,False,"August 18–19, 2018"
2018,Florida,FL,governor,Democratic Primary,St. Pete Polls,2018-08-18 to 2018-08-19,2018-08-18,2018-08-19,"2,202",2.1,Philip Levine,D,25%,False,"August 18–19, 2018"
2018,Florida,FL,governor,Democratic Primary,Saint Leo University,2018-08-10 to 2018-08-16,2018-08-10,2018-08-16,188,,Philip Levine,D,22%,False,"August 10–16, 2018"
2018,Florida,FL,governor,Democratic Primary,"Schroth, Eldon and Associates",2018-08-11 to 2018-08-14,2018-08-11,2018-08-14,600,4.0,Philip Levine,D,27%,False,"August 11–14, 2018"
2018,Florida,FL,governor,Democratic Primary,SurveyUSA,2018-08-10 to 2018-08-13,2018-08-10,2018-08-13,631,5.2,Philip Levine,D,22%,False,"August 10–13, 2018"
2018,Florida,FL,governor,Democratic Primary,Public Policy Polling,2018-08-05 to 2018-08-06,2018-08-05,2018-08-06,572,,Philip Levine,D,22%,False,"August 5–6, 2018"
2018,Florida,FL,governor,Democratic Primary,ALG Research,2018-07-29 to 2018-08-02,2018-07-29,2018-08-02,800,3.4,Philip Levine,D,17%,False,"July 29 – August 2, 2018"
2018,Florida,FL,governor,Democratic Primary,St. Pete Polls,2018-07-30 to 2018-07-31,2018-07-30,2018-07-31,"1,652",2.4,Philip Levine,D,19%,False,"July 30–31, 2018"
2018,Florida,FL,governor,Democratic Primary,Mason-Dixon,2018-07-23 to 2018-07-25,2018-07-23,2018-07-25,500,4.5,Philip Levine,D,18%,False,"July 23–25, 2018"
2018,Florida,FL,governor,Democratic Primary,Florida Atlantic University,2018-07-20 to 2018-07-21,2018-07-20,2018-07-21,271,5.9,Philip Levine,D,16%,False,"July 20–21, 2018"
2018,Florida,FL,governor,Democratic Primary,Associated Industries of Florida,2018-07-16 to 2018-07-18,2018-07-16,2018-07-18,800,,Philip Levine,D,16%,False,"July 16–18, 2018"
2018,Florida,FL,governor,Democratic Primary,Frederick Polls,2018-07,2018-07-01,2018-07-31,506,,Philip Levine,D,27%,False,July 2018
2018,Florida,FL,governor,Democratic Primary,St. Pete Polls,2018-07-14 to 2018-07-15,2018-07-14,2018-07-15,"1,314",2.7,Philip Levine,D,19%,False,"July 14–15, 2018"
2018,Florida,FL,governor,Democratic Primary,Gravis Marketing,2018-07-13 to 2018-07-14,2018-07-13,2018-07-14,"1,540",2.5,Philip Levine,D,17%,False,"July 13–14, 2018"
2018,Florida,FL,governor,Democratic Primary,Marist College,2018-06-17 to 2018-06-21,2018-06-17,2018-06-21,344,6.5,Philip Levine,D,19%,False,"June 17–21, 2018"
2018,Florida,FL,governor,Democratic Primary,RABA Research,2018-06-15 to 2018-06-16,2018-06-15,2018-06-16,660,3.8,Philip Levine,D,27%,False,"June 15–16, 2018"
2018,Florida,FL,governor,Democratic Primary,Gravis Marketing,2018-05-31 to 2018-06-15,2018-05-31,2018-06-15,485,4.5,Philip Levine,D,17%,False,"May 31 – June 15, 2018"
2018,Florida,FL,governor,Democratic Primary,Let's Preserve the American Dream,2018-06-06 to 2018-06-09,2018-06-06,2018-06-09,800,3.1,Philip Levine,D,24%,False,"June 6–9, 2018"
2018,Florida,FL,governor,Democratic Primary,"Schroth, Eldon and Associates",2018-06-03 to 2018-06-05,2018-06-03,2018-06-05,600,4.0,Philip Levine,D,32%,False,"June 3–5, 2018"
2018,Florida,FL,governor,Democratic Primary,Saint Leo University,2018-05-25 to 2018-05-31,2018-05-25,2018-05-31,195,,Philip Levine,D,14%,False,"May 25–31, 2018"
2018,Florida,FL,governor,Democratic Primary,Public Policy Polling,2018-05-21 to 2018-05-22,2018-05-21,2018-05-22,583,,Philip Levine,D,30%,False,"May 21–22, 2018"
2018,Florida,FL,governor,Democratic Primary,Change Research,2018-05-08 to 2018-05-11,2018-05-08,2018-05-11,"1,107",3.0,Philip Levine,D,20%,False,"May 8–11, 2018"
2018,Florida,FL,governor,Democratic Primary,Florida Atlantic University,2018-05-04 to 2018-05-07,2018-05-04,2018-05-07,372,3.0,Philip Levine,D,16%,False,"May 4–7, 2018"
2018,Florida,FL,governor,Democratic Primary,Public Policy Polling,2018-04-10 to 2018-04-11,2018-04-10,2018-04-11,491,,Philip Levine,D,29%,False,"April 10–11, 2018"
2018,Florida,FL,governor,Democratic Primary,Public Policy Polling,2018-03-23 to 2018-03-25,2018-03-23,2018-03-25,613,,Philip Levine,D,22%,False,"March 23–25, 2018"
2018,Florida,FL,governor,Democratic Primary,Gravis Marketing,2018-02-26 to 2018-03-19,2018-02-26,2018-03-19,,,Philip Levine,D,13%,False,"February 26 – March 19, 2018"
2018,Florida,FL,governor,Democratic Primary,Saint Leo University,2018-02-18 to 2018-02-24,2018-02-18,2018-02-24,190,,Philip Levine,D,8%,False,"February 18–24, 2018"
2018,Florida,FL,governor,Democratic Primary,Gravis Marketing,2018-02-01 to 2018-02-18,2018-02-01,2018-02-18,,,Philip Levine,D,12%,False,"February 1–18, 2018"
2018,Florida,FL,governor,Democratic Primary,Mason-Dixon,2018-01-29 to 2018-02-01,2018-01-29,2018-02-01,500,4.5,Philip Levine,D,17%,False,"January 29 – February 1, 2018"
2018,Florida,FL,governor,Democratic Primary,Gravis Marketing,2017-12-19 to 2017-12-24,2017-12-19,2017-12-24,,,Philip Levine,D,6%,False,"December 19–24, 2017"
2018,Florida,FL,governor,Democratic Primary,Frederick Polls,2018-04-23 to 2018-04-28,2018-04-23,2018-04-28,750,3.6,Philip Levine,D,20%,False,"April 23–28, 2018"
2018,Florida,FL,governor,Democratic Primary,Saint Leo University,2017-11-19 to 2017-11-24,2017-11-19,2017-11-24,181,,Philip Levine,D,2%,False,"November 19–24, 2017"
2018,Florida,FL,governor,Democratic Primary,Cherry Communications,2017-09-17 to 2017-09-24,2017-09-17,2017-09-24,263,,Philip Levine,D,4%,False,"September 17–24, 2017"
2018,Florida,FL,governor,Democratic Primary,Saint Leo University,2017-09-10 to 2017-09-16,2017-09-10,2017-09-16,190,,Philip Levine,D,1%,False,"September 10–16, 2017"
2018,Florida,FL,governor,Democratic Primary,Florida Atlantic University,2017-08-24 to 2017-08-26,2017-08-24,2017-08-26,297,6.5,Philip Levine,D,8%,False,"August 24–26, 2017"
2018,Florida,FL,governor,Democratic Primary,Gravis Marketing,2017-04-04 to 2017-04-10,2017-04-04,2017-04-10,,,Philip Levine,D,3%,False,"April 4–10, 2017"
2018,Florida,FL,governor,Democratic Primary,Gravis Marketing,2017-03-28 to 2017-03-29,2017-03-28,2017-03-29,,,Philip Levine,D,1%,False,"March 28–29, 2017"
2018,Florida,FL,governor,Democratic Primary,Saint Leo University,2017-03-03 to 2017-03-11,2017-03-03,2017-03-11,203,,Philip Levine,D,5%,False,"March 3–11, 2017"
2018,Florida,FL,governor,Democratic Primary,Cherry Communications,2016-12-03 to 2016-12-08,2016-12-03,2016-12-08,,,Philip Levine,D,5%,False,"December 3–8, 2016"
2018,Florida,FL,governor,Democratic Primary,Saint Leo University,2016-11-27 to 2016-11-30,2016-11-27,2016-11-30,,,Philip Levine,D,3%,False,"November 27–30, 2016"
2018,Florida,FL,governor,Democratic Primary,Saint Leo University,2017-03-03 to 2017-03-11,2017-03-03,2017-03-11,203,,Bob Buckhorn,D,3%,False,"March 3–11, 2017"
2018,Florida,FL,governor,Democratic Primary,Cherry Communications,2016-12-03 to 2016-12-08,2016-12-03,2016-12-08,,,Bob Buckhorn,D,5%,False,"December 3–8, 2016"
2018,Florida,FL,governor,Democratic Primary,Saint Leo University,2016-11-27 to 2016-11-30,2016-11-27,2016-11-30,,,Bob Buckhorn,D,5%,False,"November 27–30, 2016"
2018,Florida,FL,governor,Democratic Primary,Saint Leo University,2017-11-19 to 2017-11-24,2017-11-19,2017-11-24,181,,Kathy Castor,D,2%,False,"November 19–24, 2017"
2018,Florida,FL,governor,Democratic Primary,Saint Leo University,2017-09-10 to 2017-09-16,2017-09-10,2017-09-16,190,,Kathy Castor,D,3%,False,"September 10–16, 2017"
2018,Florida,FL,governor,Democratic Primary,Saint Leo University,2017-03-03 to 2017-03-11,2017-03-03,2017-03-11,203,,Kathy Castor,D,5%,False,"March 3–11, 2017"
2018,Florida,FL,governor,Democratic Primary,Saint Leo University,2016-11-27 to 2016-11-30,2016-11-27,2016-11-30,,,Kathy Castor,D,4%,False,"November 27–30, 2016"
2018,Florida,FL,governor,Democratic Primary,Saint Leo University,2017-03-03 to 2017-03-11,2017-03-03,2017-03-11,203,,Buddy Dyer,D,6%,False,"March 3–11, 2017"
2018,Florida,FL,governor,Democratic Primary,Saint Leo University,2016-11-27 to 2016-11-30,2016-11-27,2016-11-30,,,Buddy Dyer,D,5%,False,"November 27–30, 2016"
2018,Florida,FL,governor,Democratic Primary,Saint Leo University,2017-11-19 to 2017-11-24,2017-11-19,2017-11-24,181,,Grant Hill,D,2%,False,"November 19–24, 2017"
2018,Florida,FL,governor,Democratic Primary,Saint Leo University,2017-09-10 to 2017-09-16,2017-09-10,2017-09-16,190,,Grant Hill,D,4%,False,"September 10–16, 2017"
2018,Florida,FL,governor,Democratic Primary,Saint Leo University,2017-11-19 to 2017-11-24,2017-11-19,2017-11-24,181,,John Morgan,D,13%,False,"November 19–24, 2017"
2018,Florida,FL,governor,Democratic Primary,Cherry Communications,2017-09-17 to 2017-09-24,2017-09-17,2017-09-24,263,,John Morgan,D,23%,False,"September 17–24, 2017"
2018,Florida,FL,governor,Democratic Primary,Saint Leo University,2017-09-10 to 2017-09-16,2017-09-10,2017-09-16,190,,John Morgan,D,12%,False,"September 10–16, 2017"
2018,Florida,FL,governor,Democratic Primary,Florida Atlantic University,2017-08-24 to 2017-08-26,2017-08-24,2017-08-26,297,6.5,John Morgan,D,19%,False,"August 24–26, 2017"
2018,Florida,FL,governor,Democratic Primary,Gravis Marketing,2017-03-28 to 2017-03-29,2017-03-28,2017-03-29,,,John Morgan,D,9%,False,"March 28–29, 2017"
2018,Florida,FL,governor,Democratic Primary,Saint Leo University,2017-03-03 to 2017-03-11,2017-03-03,2017-03-11,203,,John Morgan,D,9%,False,"March 3–11, 2017"
2018,Florida,FL,governor,Democratic Primary,Cherry Communications,2016-12-03 to 2016-12-08,2016-12-03,2016-12-08,,,John Morgan,D,15%,False,"December 3–8, 2016"
2018,Florida,FL,governor,Democratic Primary,Saint Leo University,2016-11-27 to 2016-11-30,2016-11-27,2016-11-30,,,John Morgan,D,20%,False,"November 27–30, 2016"
2018,Florida,FL,governor,Democratic Primary,Frederick Polls,2018-04-23 to 2018-04-28,2018-04-23,2018-04-28,750,3.6,Patrick Murphy,D,14%,False,"April 23–28, 2018"
2018,Florida,FL,governor,Democratic Primary,Saint Leo University,2017-09-10 to 2017-09-16,2017-09-10,2017-09-16,190,,Patrick Murphy,D,13%,False,"September 10–16, 2017"
2018,Florida,FL,governor,Democratic Primary,Gravis Marketing,2017-04-04 to 2017-04-10,2017-04-04,2017-04-10,,,Patrick Murphy,D,14%,False,"April 4–10, 2017"
2018,Florida,FL,governor,Democratic Primary,Gravis Marketing,2017-03-28 to 2017-03-29,2017-03-28,2017-03-29,,,Patrick Murphy,D,24%,False,"March 28–29, 2017"
2018,Florida,FL,governor,Democratic Primary,Saint Leo University,2017-03-03 to 2017-03-11,2017-03-03,2017-03-11,203,,Patrick Murphy,D,20%,False,"March 3–11, 2017"
2018,Florida,FL,governor,Democratic Primary,Saint Leo University,2017-03-03 to 2017-03-11,2017-03-03,2017-03-11,203,,Jeremy Ring,D,2%,False,"March 3–11, 2017"
2018,Florida,FL,governor,Democratic Primary,Saint Leo University,2016-11-27 to 2016-11-30,2016-11-27,2016-11-30,,,Jeremy Ring,D,1%,False,"November 27–30, 2016"
2018,Florida,FL,governor,Democratic Primary,Saint Leo University,2017-11-19 to 2017-11-24,2017-11-19,2017-11-24,181,,Katherine Fernandez Rundle,D,5%,False,"November 19–24, 2017"
2018,Florida,FL,governor,Democratic Primary,Saint Leo University,2017-09-10 to 2017-09-16,2017-09-10,2017-09-16,190,,Katherine Fernandez Rundle,D,5%,False,"September 10–16, 2017"
2018,Florida,FL,governor,Democratic Primary,Saint Leo University,2017-03-03 to 2017-03-11,2017-03-03,2017-03-11,203,,Jack Seiler,D,2%,False,"March 3–11, 2017"
2018,Florida,FL,governor,Democratic Primary,Saint Leo University,2016-11-27 to 2016-11-30,2016-11-27,2016-11-30,,,Jack Seiler,D,1%,False,"November 27–30, 2016"
2018,Georgia,GA,governor,Republican Primary,Opinion Savvy,2018-05-15 to 2018-05-16,2018-05-15,2018-05-16,515,4.3,Casey Cagle,R,31%,False,"May 15–16, 2018"
2018,Georgia,GA,governor,Republican Primary,SurveyUSA,2018-05-10 to 2018-05-15,2018-05-10,2018-05-15,558,5.1,Casey Cagle,R,35%,False,"May 10–15, 2018"
2018,Georgia,GA,governor,Republican Primary,University of Georgia,2018-04-19 to 2018-04-26,2018-04-19,2018-04-26,507,4.4,Casey Cagle,R,41%,False,"April 19–26, 2018"
2018,Georgia,GA,governor,Republican Primary,Meeting Street Research,2018-03-01 to 2018-03-04,2018-03-01,2018-03-04,500,4.4,Casey Cagle,R,38%,False,"March 1 and 3–4, 2018"
2018,Georgia,GA,governor,Republican Primary,Clarion Research,2018-03-02 to 2018-03-03,2018-03-02,2018-03-03,547,4.5,Casey Cagle,R,48%,False,"March 2–3, 2018"
2018,Georgia,GA,governor,Republican Primary,Mason-Dixon,2018-02-20 to 2018-02-23,2018-02-20,2018-02-23,500,4.5,Casey Cagle,R,27%,False,"February 20–23, 2018"
2018,Georgia,GA,governor,Republican Primary,Meeting Street Research,2018-02-06 to 2018-02-07,2018-02-06,2018-02-07,500,4.4,Casey Cagle,R,31%,False,"February 6–7, 2018"
2018,Georgia,GA,governor,Republican Primary,The Wickers Group,2017-10-21 to 2017-10-24,2017-10-21,2017-10-24,400,4.5,Casey Cagle,R,34%,False,"October 21–24, 2017"
2018,Georgia,GA,governor,Republican Primary,Landmark,2017-10-16 to 2017-10-17,2017-10-16,2017-10-17,800,3.5,Casey Cagle,R,35%,False,"October 16–17, 2017"
2018,Georgia,GA,governor,Republican Primary,McLaughlin & Associates,2017-09-28 to 2017-10-01,2017-09-28,2017-10-01,600,4.0,Casey Cagle,R,41%,False,"September 28 – October 1, 2017"
2018,Georgia,GA,governor,Republican Primary,Opinion Savvy,2018-05-15 to 2018-05-16,2018-05-15,2018-05-16,515,4.3,Hunter Hill,R,14%,False,"May 15–16, 2018"
2018,Georgia,GA,governor,Republican Primary,SurveyUSA,2018-05-10 to 2018-05-15,2018-05-10,2018-05-15,558,5.1,Hunter Hill,R,10%,False,"May 10–15, 2018"
2018,Georgia,GA,governor,Republican Primary,University of Georgia,2018-04-19 to 2018-04-26,2018-04-19,2018-04-26,507,4.4,Hunter Hill,R,9%,False,"April 19–26, 2018"
2018,Georgia,GA,governor,Republican Primary,Meeting Street Research,2018-03-01 to 2018-03-04,2018-03-01,2018-03-04,500,4.4,Hunter Hill,R,10%,False,"March 1 and 3–4, 2018"
2018,Georgia,GA,governor,Republican Primary,Clarion Research,2018-03-02 to 2018-03-03,2018-03-02,2018-03-03,547,4.5,Hunter Hill,R,21%,False,"March 2–3, 2018"
2018,Georgia,GA,governor,Republican Primary,Mason-Dixon,2018-02-20 to 2018-02-23,2018-02-20,2018-02-23,500,4.5,Hunter Hill,R,11%,False,"February 20–23, 2018"
2018,Georgia,GA,governor,Republican Primary,Meeting Street Research,2018-02-06 to 2018-02-07,2018-02-06,2018-02-07,500,4.4,Hunter Hill,R,7%,False,"February 6–7, 2018"
2018,Georgia,GA,governor,Republican Primary,The Wickers Group,2017-10-21 to 2017-10-24,2017-10-21,2017-10-24,400,4.5,Hunter Hill,R,1%,False,"October 21–24, 2017"
2018,Georgia,GA,governor,Republican Primary,Landmark,2017-10-16 to 2017-10-17,2017-10-16,2017-10-17,800,3.5,Hunter Hill,R,9%,False,"October 16–17, 2017"
2018,Georgia,GA,governor,Republican Primary,McLaughlin & Associates,2017-09-28 to 2017-10-01,2017-09-28,2017-10-01,600,4.0,Hunter Hill,R,4%,False,"September 28 – October 1, 2017"
2018,Georgia,GA,governor,Republican Primary,Opinion Savvy,2018-05-15 to 2018-05-16,2018-05-15,2018-05-16,515,4.3,Brian Kemp,R,20%,False,"May 15–16, 2018"
2018,Georgia,GA,governor,Republican Primary,SurveyUSA,2018-05-10 to 2018-05-15,2018-05-10,2018-05-15,558,5.1,Brian Kemp,R,17%,False,"May 10–15, 2018"
2018,Georgia,GA,governor,Republican Primary,University of Georgia,2018-04-19 to 2018-04-26,2018-04-19,2018-04-26,507,4.4,Brian Kemp,R,10%,False,"April 19–26, 2018"
2018,Georgia,GA,governor,Republican Primary,Meeting Street Research,2018-03-01 to 2018-03-04,2018-03-01,2018-03-04,500,4.4,Brian Kemp,R,10%,False,"March 1 and 3–4, 2018"
2018,Georgia,GA,governor,Republican Primary,Clarion Research,2018-03-02 to 2018-03-03,2018-03-02,2018-03-03,547,4.5,Brian Kemp,R,15%,False,"March 2–3, 2018"
2018,Georgia,GA,governor,Republican Primary,Mason-Dixon,2018-02-20 to 2018-02-23,2018-02-20,2018-02-23,500,4.5,Brian Kemp,R,13%,False,"February 20–23, 2018"
2018,Georgia,GA,governor,Republican Primary,Meeting Street Research,2018-02-06 to 2018-02-07,2018-02-06,2018-02-07,500,4.4,Brian Kemp,R,12%,False,"February 6–7, 2018"
2018,Georgia,GA,governor,Republican Primary,The Wickers Group,2017-10-21 to 2017-10-24,2017-10-21,2017-10-24,400,4.5,Brian Kemp,R,13%,False,"October 21–24, 2017"
2018,Georgia,GA,governor,Republican Primary,Landmark,2017-10-16 to 2017-10-17,2017-10-16,2017-10-17,800,3.5,Brian Kemp,R,7%,False,"October 16–17, 2017"
2018,Georgia,GA,governor,Republican Primary,McLaughlin & Associates,2017-09-28 to 2017-10-01,2017-09-28,2017-10-01,600,4.0,Brian Kemp,R,12%,False,"September 28 – October 1, 2017"
2018,Georgia,GA,governor,Republican Primary,Opinion Savvy,2018-05-15 to 2018-05-16,2018-05-15,2018-05-16,515,4.3,Clay Tippins,R,12%,False,"May 15–16, 2018"
2018,Georgia,GA,governor,Republican Primary,SurveyUSA,2018-05-10 to 2018-05-15,2018-05-10,2018-05-15,558,5.1,Clay Tippins,R,8%,False,"May 10–15, 2018"
2018,Georgia,GA,governor,Republican Primary,University of Georgia,2018-04-19 to 2018-04-26,2018-04-19,2018-04-26,507,4.4,Clay Tippins,R,4%,False,"April 19–26, 2018"
2018,Georgia,GA,governor,Republican Primary,Meeting Street Research,2018-03-01 to 2018-03-04,2018-03-01,2018-03-04,500,4.4,Clay Tippins,R,3%,False,"March 1 and 3–4, 2018"
2018,Georgia,GA,governor,Republican Primary,Clarion Research,2018-03-02 to 2018-03-03,2018-03-02,2018-03-03,547,4.5,Clay Tippins,R,8%,False,"March 2–3, 2018"
2018,Georgia,GA,governor,Republican Primary,Mason-Dixon,2018-02-20 to 2018-02-23,2018-02-20,2018-02-23,500,4.5,Clay Tippins,R,12%,False,"February 20–23, 2018"
2018,Georgia,GA,governor,Republican Primary,Meeting Street Research,2018-02-06 to 2018-02-07,2018-02-06,2018-02-07,500,4.4,Clay Tippins,R,5%,False,"February 6–7, 2018"
2018,Georgia,GA,governor,Republican Primary,The Wickers Group,2017-10-21 to 2017-10-24,2017-10-21,2017-10-24,400,4.5,Clay Tippins,R,0%,False,"October 21–24, 2017"
2018,Georgia,GA,governor,Republican Primary,Landmark,2017-10-16 to 2017-10-17,2017-10-16,2017-10-17,800,3.5,Clay Tippins,R,1%,False,"October 16–17, 2017"
2018,Georgia,GA,governor,Republican Primary,McLaughlin & Associates,2017-09-28 to 2017-10-01,2017-09-28,2017-10-01,600,4.0,Clay Tippins,R,2%,False,"September 28 – October 1, 2017"
2018,Georgia,GA,governor,Republican Primary,Opinion Savvy,2018-05-15 to 2018-05-16,2018-05-15,2018-05-16,515,4.3,Michael Williams,R,5%,False,"May 15–16, 2018"
2018,Georgia,GA,governor,Republican Primary,SurveyUSA,2018-05-10 to 2018-05-15,2018-05-10,2018-05-15,558,5.1,Michael Williams,R,3%,False,"May 10–15, 2018"
2018,Georgia,GA,governor,Republican Primary,University of Georgia,2018-04-19 to 2018-04-26,2018-04-19,2018-04-26,507,4.4,Michael Williams,R,3%,False,"April 19–26, 2018"
2018,Georgia,GA,governor,Republican Primary,Meeting Street Research,2018-03-01 to 2018-03-04,2018-03-01,2018-03-04,500,4.4,Michael Williams,R,2%,False,"March 1 and 3–4, 2018"
2018,Georgia,GA,governor,Republican Primary,Clarion Research,2018-03-02 to 2018-03-03,2018-03-02,2018-03-03,547,4.5,Michael Williams,R,7%,False,"March 2–3, 2018"
2018,Georgia,GA,governor,Republican Primary,Mason-Dixon,2018-02-20 to 2018-02-23,2018-02-20,2018-02-23,500,4.5,Michael Williams,R,5%,False,"February 20–23, 2018"
2018,Georgia,GA,governor,Republican Primary,Meeting Street Research,2018-02-06 to 2018-02-07,2018-02-06,2018-02-07,500,4.4,Michael Williams,R,2%,False,"February 6–7, 2018"
2018,Georgia,GA,governor,Republican Primary,The Wickers Group,2017-10-21 to 2017-10-24,2017-10-21,2017-10-24,400,4.5,Michael Williams,R,1%,False,"October 21–24, 2017"
2018,Georgia,GA,governor,Republican Primary,Landmark,2017-10-16 to 2017-10-17,2017-10-16,2017-10-17,800,3.5,Michael Williams,R,4%,False,"October 16–17, 2017"
2018,Georgia,GA,governor,Republican Primary,McLaughlin & Associates,2017-09-28 to 2017-10-01,2017-09-28,2017-10-01,600,4.0,Michael Williams,R,3%,False,"September 28 – October 1, 2017"
2018,Georgia,GA,governor,Republican Primary,Trafalgar Group,2018-07-21 to 2018-07-22,2018-07-21,2018-07-22,"1,177",2.7,Casey Cagle,R,41%,False,"July 21–22, 2018"
2018,Georgia,GA,governor,Republican Primary,SurveyUSA,2018-07-15 to 2018-07-19,2018-07-15,2018-07-19,688,4.7,Casey Cagle,R,34%,False,"July 15–19, 2018"
2018,Georgia,GA,governor,Republican Primary,Opinion Savvy,2018-07-17 to 2018-07-18,2018-07-17,2018-07-18,466,4.5,Casey Cagle,R,37%,False,"July 17–18, 2018"
2018,Georgia,GA,governor,Republican Primary,University of Georgia,2018-07-05 to 2018-07-12,2018-07-05,2018-07-12,769,3.5,Casey Cagle,R,41%,False,"July 5–12, 2018"
2018,Georgia,GA,governor,Republican Primary,Public Opinion Strategies,2018-06-26 to 2018-06-28,2018-06-26,2018-06-28,500,4.0,Casey Cagle,R,45%,False,"June 26–28, 2018"
2018,Georgia,GA,governor,Republican Primary,Cygnal,2018-06-26 to 2018-06-27,2018-06-26,2018-06-27,812,3.4,Casey Cagle,R,44%,False,"June 26–27, 2018"
2018,Georgia,GA,governor,Republican Primary,Rosetta Stone,2018-06-07,2018-06-07,2018-06-07,400,4.9,Casey Cagle,R,48%,False,"June 7, 2018"
2018,Georgia,GA,governor,Republican Primary,McLaughlin & Associates,2018-05-29 to 2018-05-31,2018-05-29,2018-05-31,500,4.5,Casey Cagle,R,52%,False,"May 29–31, 2018"
2018,Georgia,GA,governor,Republican Primary,Public Opinion Strategies,2018-05-29 to 2018-05-31,2018-05-29,2018-05-31,600,4.0,Casey Cagle,R,46%,False,"May 29–31, 2018"
2018,Georgia,GA,governor,Republican Primary,Trafalgar Group,2018-07-21 to 2018-07-22,2018-07-21,2018-07-22,"1,177",2.7,Brian Kemp,R,59%,False,"July 21–22, 2018"
2018,Georgia,GA,governor,Republican Primary,SurveyUSA,2018-07-15 to 2018-07-19,2018-07-15,2018-07-19,688,4.7,Brian Kemp,R,40%,False,"July 15–19, 2018"
2018,Georgia,GA,governor,Republican Primary,Opinion Savvy,2018-07-17 to 2018-07-18,2018-07-17,2018-07-18,466,4.5,Brian Kemp,R,55%,False,"July 17–18, 2018"
2018,Georgia,GA,governor,Republican Primary,University of Georgia,2018-07-05 to 2018-07-12,2018-07-05,2018-07-12,769,3.5,Brian Kemp,R,44%,False,"July 5–12, 2018"
2018,Georgia,GA,governor,Republican Primary,Public Opinion Strategies,2018-06-26 to 2018-06-28,2018-06-26,2018-06-28,500,4.0,Brian Kemp,R,45%,False,"June 26–28, 2018"
2018,Georgia,GA,governor,Republican Primary,Cygnal,2018-06-26 to 2018-06-27,2018-06-26,2018-06-27,812,3.4,Brian Kemp,R,43%,False,"June 26–27, 2018"
2018,Georgia,GA,governor,Republican Primary,Rosetta Stone,2018-06-07,2018-06-07,2018-06-07,400,4.9,Brian Kemp,R,41%,False,"June 7, 2018"
2018,Georgia,GA,governor,Republican Primary,McLaughlin & Associates,2018-05-29 to 2018-05-31,2018-05-29,2018-05-31,500,4.5,Brian Kemp,R,42%,False,"May 29–31, 2018"
2018,Georgia,GA,governor,Republican Primary,Public Opinion Strategies,2018-05-29 to 2018-05-31,2018-05-29,2018-05-31,600,4.0,Brian Kemp,R,45%,False,"May 29–31, 2018"
2018,Georgia,GA,governor,Democratic Primary,Opinion Savvy,2018-05-15 to 2018-05-16,2018-05-15,2018-05-16,522,4.3,Stacey Abrams,D,58%,False,"May 15–16, 2018"
2018,Georgia,GA,governor,Democratic Primary,SurveyUSA,2018-05-10 to 2018-05-15,2018-05-10,2018-05-15,475,6.2,Stacey Abrams,D,43%,False,"May 10–15, 2018"
2018,Georgia,GA,governor,Democratic Primary,Insight,2018-05-09 to 2018-05-15,2018-05-09,2018-05-15,433,5.4,Stacey Abrams,D,42%,False,"May 9–15, 2018"
2018,Georgia,GA,governor,Democratic Primary,University of Georgia,2018-04-12 to 2018-04-18,2018-04-12,2018-04-18,473,4.5,Stacey Abrams,D,33%,False,"April 12–18, 2018"
2018,Georgia,GA,governor,Democratic Primary,Mason-Dixon,2018-02-20 to 2018-02-23,2018-02-20,2018-02-23,500,4.5,Stacey Abrams,D,29%,False,"February 20–23, 2018"
2018,Georgia,GA,governor,Democratic Primary,Opinion Savvy,2018-05-15 to 2018-05-16,2018-05-15,2018-05-16,522,4.3,Stacey Evans,D,19%,False,"May 15–16, 2018"
2018,Georgia,GA,governor,Democratic Primary,SurveyUSA,2018-05-10 to 2018-05-15,2018-05-10,2018-05-15,475,6.2,Stacey Evans,D,24%,False,"May 10–15, 2018"
2018,Georgia,GA,governor,Democratic Primary,Insight,2018-05-09 to 2018-05-15,2018-05-09,2018-05-15,433,5.4,Stacey Evans,D,34%,False,"May 9–15, 2018"
2018,Georgia,GA,governor,Democratic Primary,University of Georgia,2018-04-12 to 2018-04-18,2018-04-12,2018-04-18,473,4.5,Stacey Evans,D,15%,False,"April 12–18, 2018"
2018,Georgia,GA,governor,Democratic Primary,Mason-Dixon,2018-02-20 to 2018-02-23,2018-02-20,2018-02-23,500,4.5,Stacey Evans,D,17%,False,"February 20–23, 2018"
2018,Hawaii,HI,governor,Democratic Primary,Merriman River Group,2018-07-19 to 2018-07-21,2018-07-19,2018-07-21,871,3.3,David Ige,D,43%,True,"July 19–21, 2018"
2018,Hawaii,HI,governor,Democratic Primary,Mason-Dixon,2018-07-06 to 2018-07-11,2018-07-06,2018-07-11,494,4.5,David Ige,D,44%,True,"July 6–11, 2018"
2018,Hawaii,HI,governor,Democratic Primary,QMark Research,2018-06-21 to 2018-07-06,2018-06-21,2018-07-06,518,4.4,David Ige,D,31%,True,"June 21 – July 6, 2018"
2018,Hawaii,HI,governor,Democratic Primary,QMark Research,2018-04-21 to 2018-05-07,2018-04-21,2018-05-07,888,3.4,David Ige,D,23%,True,"April 21 – May 7, 2018"
2018,Hawaii,HI,governor,Democratic Primary,Merriman River Group,2018-05-03 to 2018-05-05,2018-05-03,2018-05-05,707,3.7,David Ige,D,31%,True,"May 3–5, 2018"
2018,Hawaii,HI,governor,Democratic Primary,Mason-Dixon,2018-03-13 to 2018-03-18,2018-03-13,2018-03-18,498,4.5,David Ige,D,27%,True,"March 13–18, 2018"
2018,Hawaii,HI,governor,Democratic Primary,Merriman River Group,2018-07-19 to 2018-07-21,2018-07-19,2018-07-21,871,3.3,Colleen Hanabusa,D,34%,False,"July 19–21, 2018"
2018,Hawaii,HI,governor,Democratic Primary,Mason-Dixon,2018-07-06 to 2018-07-11,2018-07-06,2018-07-11,494,4.5,Colleen Hanabusa,D,40%,False,"July 6–11, 2018"
2018,Hawaii,HI,governor,Democratic Primary,QMark Research,2018-06-21 to 2018-07-06,2018-06-21,2018-07-06,518,4.4,Colleen Hanabusa,D,57%,False,"June 21 – July 6, 2018"
2018,Hawaii,HI,governor,Democratic Primary,QMark Research,2018-04-21 to 2018-05-07,2018-04-21,2018-05-07,888,3.4,Colleen Hanabusa,D,52%,False,"April 21 – May 7, 2018"
2018,Hawaii,HI,governor,Democratic Primary,Merriman River Group,2018-05-03 to 2018-05-05,2018-05-03,2018-05-05,707,3.7,Colleen Hanabusa,D,37%,False,"May 3–5, 2018"
2018,Hawaii,HI,governor,Democratic Primary,Mason-Dixon,2018-03-13 to 2018-03-18,2018-03-13,2018-03-18,498,4.5,Colleen Hanabusa,D,47%,False,"March 13–18, 2018"
2018,Hawaii,HI,governor,Democratic Primary,QMark Research,2018-04-21 to 2018-05-07,2018-04-21,2018-05-07,888,3.4,Clayton Hee,D,6%,False,"April 21 – May 7, 2018"
2018,Hawaii,HI,governor,Democratic Primary,Merriman River Group,2018-05-03 to 2018-05-05,2018-05-03,2018-05-05,707,3.7,Clayton Hee,D,11%,False,"May 3–5, 2018"
2018,Hawaii,HI,governor,Democratic Primary,Mason-Dixon,2018-03-13 to 2018-03-18,2018-03-13,2018-03-18,498,4.5,Clayton Hee,D,11%,False,"March 13–18, 2018"
2018,Hawaii,HI,governor,Democratic Primary,Merriman River Group,2018-07-19 to 2018-07-21,2018-07-19,2018-07-21,871,3.3,Bernard Carvalho,D,13%,False,"July 19–21, 2018"
2018,Hawaii,HI,governor,Democratic Primary,Mason-Dixon,2018-07-06 to 2018-07-11,2018-07-06,2018-07-11,494,4.5,Bernard Carvalho,D,14%,False,"July 6–11, 2018"
2018,Hawaii,HI,governor,Democratic Primary,Merriman River Group,2018-05-03 to 2018-05-05,2018-05-03,2018-05-05,707,3.7,Bernard Carvalho,D,19%,False,"May 3–5, 2018"
2018,Hawaii,HI,governor,Democratic Primary,Mason-Dixon,2018-03-13 to 2018-03-18,2018-03-13,2018-03-18,498,4.5,Bernard Carvalho,D,14%,False,"March 13–18, 2018"
2018,Hawaii,HI,governor,Democratic Primary,Merriman River Group,2018-07-19 to 2018-07-21,2018-07-19,2018-07-21,871,3.3,Will Espero,D,5%,False,"July 19–21, 2018"
2018,Hawaii,HI,governor,Democratic Primary,Mason-Dixon,2018-07-06 to 2018-07-11,2018-07-06,2018-07-11,494,4.5,Will Espero,D,6%,False,"July 6–11, 2018"
2018,Hawaii,HI,governor,Democratic Primary,Merriman River Group,2018-05-03 to 2018-05-05,2018-05-03,2018-05-05,707,3.7,Will Espero,D,8%,False,"May 3–5, 2018"
2018,Hawaii,HI,governor,Democratic Primary,Mason-Dixon,2018-03-13 to 2018-03-18,2018-03-13,2018-03-18,498,4.5,Will Espero,D,9%,False,"March 13–18, 2018"
2018,Hawaii,HI,governor,Democratic Primary,Merriman River Group,2018-07-19 to 2018-07-21,2018-07-19,2018-07-21,871,3.3,Josh Green,D,31%,False,"July 19–21, 2018"
2018,Hawaii,HI,governor,Democratic Primary,Mason-Dixon,2018-07-06 to 2018-07-11,2018-07-06,2018-07-11,494,4.5,Josh Green,D,34%,False,"July 6–11, 2018"
2018,Hawaii,HI,governor,Democratic Primary,Merriman River Group,2018-05-03 to 2018-05-05,2018-05-03,2018-05-05,707,3.7,Josh Green,D,16%,False,"May 3–5, 2018"
2018,Hawaii,HI,governor,Democratic Primary,Mason-Dixon,2018-03-13 to 2018-03-18,2018-03-13,2018-03-18,498,4.5,Josh Green,D,19%,False,"March 13–18, 2018"
2018,Hawaii,HI,governor,Democratic Primary,Merriman River Group,2018-07-19 to 2018-07-21,2018-07-19,2018-07-21,871,3.3,Kim Coco Iwamoto,D,10%,False,"July 19–21, 2018"
2018,Hawaii,HI,governor,Democratic Primary,Mason-Dixon,2018-07-06 to 2018-07-11,2018-07-06,2018-07-11,494,4.5,Kim Coco Iwamoto,D,10%,False,"July 6–11, 2018"
2018,Hawaii,HI,governor,Democratic Primary,Merriman River Group,2018-05-03 to 2018-05-05,2018-05-03,2018-05-05,707,3.7,Kim Coco Iwamoto,D,14%,False,"May 3–5, 2018"
2018,Hawaii,HI,governor,Democratic Primary,Mason-Dixon,2018-03-13 to 2018-03-18,2018-03-13,2018-03-18,498,4.5,Kim Coco Iwamoto,D,5%,False,"March 13–18, 2018"
2018,Hawaii,HI,governor,Democratic Primary,Merriman River Group,2018-07-19 to 2018-07-21,2018-07-19,2018-07-21,871,3.3,Jill Tokuda,D,17%,False,"July 19–21, 2018"
2018,Hawaii,HI,governor,Democratic Primary,Mason-Dixon,2018-07-06 to 2018-07-11,2018-07-06,2018-07-11,494,4.5,Jill Tokuda,D,14%,False,"July 6–11, 2018"
2018,Hawaii,HI,governor,Democratic Primary,Merriman River Group,2018-05-03 to 2018-05-05,2018-05-03,2018-05-05,707,3.7,Jill Tokuda,D,11%,False,"May 3–5, 2018"
2018,Hawaii,HI,governor,Democratic Primary,Mason-Dixon,2018-03-13 to 2018-03-18,2018-03-13,2018-03-18,498,4.5,Jill Tokuda,D,12%,False,"March 13–18, 2018"
2018,Hawaii,HI,governor,Republican Primary,Merriman River Group,2018-07-19 to 2018-07-21,2018-07-19,2018-07-21,219,6.6,John Carroll,R,22%,False,"July 19–21, 2018"
2018,Hawaii,HI,governor,Republican Primary,Mason-Dixon,2018-07-06 to 2018-07-11,2018-07-06,2018-07-11,143,8.4,John Carroll,R,28%,False,"July 6–11, 2018"
2018,Hawaii,HI,governor,Republican Primary,Mason-Dixon,2018-03-13 to 2018-03-18,2018-03-13,2018-03-18,134,8.6,John Carroll,R,40%,False,"March 13–18, 2018"
2018,Hawaii,HI,governor,Republican Primary,Merriman River Group,2018-07-19 to 2018-07-21,2018-07-19,2018-07-21,219,6.6,Raymond L'Heureux,R,4%,False,"July 19–21, 2018"
2018,Hawaii,HI,governor,Republican Primary,Mason-Dixon,2018-07-06 to 2018-07-11,2018-07-06,2018-07-11,143,8.4,Raymond L'Heureux,R,8%,False,"July 6–11, 2018"
2018,Hawaii,HI,governor,Republican Primary,Merriman River Group,2018-07-19 to 2018-07-21,2018-07-19,2018-07-21,219,6.6,Andria Tupola,R,39%,False,"July 19–21, 2018"
2018,Hawaii,HI,governor,Republican Primary,Mason-Dixon,2018-07-06 to 2018-07-11,2018-07-06,2018-07-11,143,8.4,Andria Tupola,R,41%,False,"July 6–11, 2018"
2018,Hawaii,HI,governor,Republican Primary,Mason-Dixon,2018-03-13 to 2018-03-18,2018-03-13,2018-03-18,134,8.6,Andria Tupola,R,28%,False,"March 13–18, 2018"
2018,Hawaii,HI,governor,Republican Primary,Merriman River Group,2018-07-19 to 2018-07-21,2018-07-19,2018-07-21,219,6.6,Marissa Kerns,R,26%,False,"July 19–21, 2018"
2018,Hawaii,HI,governor,Republican Primary,Merriman River Group,2018-07-19 to 2018-07-21,2018-07-19,2018-07-21,219,6.6,Jeremy Low,R,20%,False,"July 19–21, 2018"
2018,Idaho,ID,governor,Republican Primary,Dan Jones & Associates,2018-02-26 to 2018-03-15,2018-02-26,2018-03-15,,,Tommy Ahlquist,R,21%,False,"February 26 – March 15, 2018"
2018,Idaho,ID,governor,Republican Primary,Dan Jones & Associates,2017-11-08 to 2017-11-15,2017-11-08,2017-11-15,619,3.9,Tommy Ahlquist,R,14%,False,"November 8–15, 2017"
2018,Idaho,ID,governor,Republican Primary,Magellan Strategies,2017-10-11 to 2017-10-12,2017-10-11,2017-10-12,714,3.7,Tommy Ahlquist,R,21%,False,"October 11–12, 2017"
2018,Idaho,ID,governor,Republican Primary,Dan Jones & Associates,2018-02-26 to 2018-03-15,2018-02-26,2018-03-15,,,Raul Labrador,R,25%,False,"February 26 – March 15, 2018"
2018,Idaho,ID,governor,Republican Primary,Dan Jones & Associates,2017-11-08 to 2017-11-15,2017-11-08,2017-11-15,619,3.9,Raul Labrador,R,17%,False,"November 8–15, 2017"
2018,Idaho,ID,governor,Republican Primary,Magellan Strategies,2017-10-11 to 2017-10-12,2017-10-11,2017-10-12,714,3.7,Raul Labrador,R,37%,False,"October 11–12, 2017"
2018,Idaho,ID,governor,Republican Primary,Dan Jones & Associates,2018-02-26 to 2018-03-15,2018-02-26,2018-03-15,,,Brad Little,R,17%,False,"February 26 – March 15, 2018"
2018,Idaho,ID,governor,Republican Primary,Dan Jones & Associates,2017-11-08 to 2017-11-15,2017-11-08,2017-11-15,619,3.9,Brad Little,R,21%,False,"November 8–15, 2017"
2018,Idaho,ID,governor,Republican Primary,Magellan Strategies,2017-10-11 to 2017-10-12,2017-10-11,2017-10-12,714,3.7,Brad Little,R,23%,False,"October 11–12, 2017"
2018,Idaho,ID,governor,Republican Primary,Dan Jones & Associates,2017-11-08 to 2017-11-15,2017-11-08,2017-11-15,619,3.9,Lisa Marie,R,4%,False,"November 8–15, 2017"
2018,Idaho,ID,governor,Republican Primary,Dan Jones & Associates,2017-11-08 to 2017-11-15,2017-11-08,2017-11-15,619,3.9,Lawrence Wasden*,R,4%,False,"November 8–15, 2017"
2018,Illinois,IL,attorney general,Republican Primary,Southern Illinois University,2018-02-19 to 2018-02-25,2018-02-19,2018-02-25,259,6.0,Erika Harold,R,18%,False,"February 19–25, 2018"
2018,Illinois,IL,attorney general,Republican Primary,Southern Illinois University,2018-02-19 to 2018-02-25,2018-02-19,2018-02-25,259,6.0,Gary Grasso,R,14%,False,"February 19–25, 2018"
2018,Illinois,IL,governor,Republican Primary,Ogden & Fry,2018-03-14,2018-03-14,2018-03-14,787,3.5,Bruce Rauner,R,42%,True,"March 14, 2018"
2018,Illinois,IL,governor,Republican Primary,Southern Illinois University,2018-02-19 to 2018-02-25,2018-02-19,2018-02-25,259,6.0,Bruce Rauner,R,51%,True,"February 19–25, 2018"
2018,Illinois,IL,governor,Republican Primary,We Ask America,2018-01-14 to 2018-01-16,2018-01-14,2018-01-16,"1,026",3.1,Bruce Rauner,R,65%,True,"January 14–16, 2018"
2018,Illinois,IL,governor,Republican Primary,We Ask America,2017-10-25 to 2017-10-29,2017-10-25,2017-10-29,"1,064",3.0,Bruce Rauner,R,64%,True,"October 25–29, 2017"
2018,Illinois,IL,governor,Republican Primary,Ogden & Fry,2017-10-12,2017-10-12,2017-10-12,495,4.5,Bruce Rauner,R,59%,True,"October 12, 2017"
2018,Illinois,IL,governor,Republican Primary,Ogden & Fry,2017-10-02,2017-10-02,2017-10-02,545,4.3,Bruce Rauner,R,22%,True,"October 2, 2017"
2018,Illinois,IL,governor,Republican Primary,Ogden & Fry,2018-03-14,2018-03-14,2018-03-14,787,3.5,Jeanne Ives,R,35%,False,"March 14, 2018"
2018,Illinois,IL,governor,Republican Primary,Southern Illinois University,2018-02-19 to 2018-02-25,2018-02-19,2018-02-25,259,6.0,Jeanne Ives,R,31%,False,"February 19–25, 2018"
2018,Illinois,IL,governor,Republican Primary,We Ask America,2018-01-14 to 2018-01-16,2018-01-14,2018-01-16,"1,026",3.1,Jeanne Ives,R,21%,False,"January 14–16, 2018"
2018,Illinois,IL,governor,Republican Primary,We Ask America,2017-10-25 to 2017-10-29,2017-10-25,2017-10-29,"1,064",3.0,Jeanne Ives,R,19%,False,"October 25–29, 2017"
2018,Illinois,IL,governor,Republican Primary,Ogden & Fry,2017-10-12,2017-10-12,2017-10-12,495,4.5,Jeanne Ives,R,14%,False,"October 12, 2017"
2018,Illinois,IL,governor,Republican Primary,Ogden & Fry,2017-10-02,2017-10-02,2017-10-02,545,4.3,Jeanne Ives,R,5%,False,"October 2, 2017"
2018,Illinois,IL,governor,Republican Primary,Ogden & Fry,2017-10-02,2017-10-02,2017-10-02,545,4.3,Bill Brady,R,9%,False,"October 2, 2017"
2018,Illinois,IL,governor,Republican Primary,Ogden & Fry,2017-10-02,2017-10-02,2017-10-02,545,4.3,Kyle McCarter,R,2%,False,"October 2, 2017"
2018,Illinois,IL,governor,Republican Primary,Ogden & Fry,2017-10-02,2017-10-02,2017-10-02,545,4.3,Dan Proft,R,8%,False,"October 2, 2017"
2018,Illinois,IL,governor,Democratic Primary,Victory Research,2018-03-13 to 2018-03-16,2018-03-13,2018-03-16,"1,204",2.8,Daniel Biss,D,22%,False,"March 13–16, 2018"
2018,Illinois,IL,governor,Democratic Primary,We Ask America,2018-03-07 to 2018-03-09,2018-03-07,2018-03-09,"1,029",3.1,Daniel Biss,D,15%,False,"March 7–9, 2018"
2018,Illinois,IL,governor,Democratic Primary,Southern Illinois University,2018-02-19 to 2018-02-25,2018-02-19,2018-02-25,472,4.5,Daniel Biss,D,21%,False,"February 19–25, 2018"
2018,Illinois,IL,governor,Democratic Primary,Global Strategy Group,2018-02-09 to 2018-02-13,2018-02-09,2018-02-13,802,3.5,Daniel Biss,D,21%,False,"February 9–13, 2018"
2018,Illinois,IL,governor,Democratic Primary,ALG Research,2018-02-06 to 2018-02-11,2018-02-06,2018-02-11,500,4.4,Daniel Biss,D,24%,False,"February 6–11, 2018"
2018,Illinois,IL,governor,Democratic Primary,Victory Research,2018-02-06 to 2018-02-07,2018-02-06,2018-02-07,"1,209",2.8,Daniel Biss,D,24%,False,"February 6–7, 2018"
2018,Illinois,IL,governor,Democratic Primary,Global Strategy Group,2018-02-01,2018-02-01,2018-02-01,801,3.5,Daniel Biss,D,22%,False,"February 1, 2018"
2018,Illinois,IL,governor,Democratic Primary,We Ask America,2018-01-29 to 2018-01-30,2018-01-29,2018-01-30,811,3.4,Daniel Biss,D,17%,False,"January 29–30, 2018"
2018,Illinois,IL,governor,Democratic Primary,We Ask America,2017-10-17 to 2017-10-18,2017-10-17,2017-10-18,"1,154",3.0,Daniel Biss,D,6%,False,"October 17–18, 2017"
2018,Illinois,IL,governor,Democratic Primary,ALG Research,2017-07,2017-07-01,2017-07-31,,,Daniel Biss,D,5%,False,July 2017
2018,Illinois,IL,governor,Democratic Primary,Victory Research,2018-03-13 to 2018-03-16,2018-03-13,2018-03-16,"1,204",2.8,Chris Kennedy,D,26%,False,"March 13–16, 2018"
2018,Illinois,IL,governor,Democratic Primary,We Ask America,2018-03-07 to 2018-03-09,2018-03-07,2018-03-09,"1,029",3.1,Chris Kennedy,D,16%,False,"March 7–9, 2018"
2018,Illinois,IL,governor,Democratic Primary,Southern Illinois University,2018-02-19 to 2018-02-25,2018-02-19,2018-02-25,472,4.5,Chris Kennedy,D,17%,False,"February 19–25, 2018"
2018,Illinois,IL,governor,Democratic Primary,Global Strategy Group,2018-02-09 to 2018-02-13,2018-02-09,2018-02-13,802,3.5,Chris Kennedy,D,23%,False,"February 9–13, 2018"
2018,Illinois,IL,governor,Democratic Primary,ALG Research,2018-02-06 to 2018-02-11,2018-02-06,2018-02-11,500,4.4,Chris Kennedy,D,24%,False,"February 6–11, 2018"
2018,Illinois,IL,governor,Democratic Primary,Victory Research,2018-02-06 to 2018-02-07,2018-02-06,2018-02-07,"1,209",2.8,Chris Kennedy,D,17%,False,"February 6–7, 2018"
2018,Illinois,IL,governor,Democratic Primary,Global Strategy Group,2018-02-01,2018-02-01,2018-02-01,801,3.5,Chris Kennedy,D,16%,False,"February 1, 2018"
2018,Illinois,IL,governor,Democratic Primary,We Ask America,2018-01-29 to 2018-01-30,2018-01-29,2018-01-30,811,3.4,Chris Kennedy,D,12%,False,"January 29–30, 2018"
2018,Illinois,IL,governor,Democratic Primary,We Ask America,2017-10-17 to 2017-10-18,2017-10-17,2017-10-18,"1,154",3.0,Chris Kennedy,D,15%,False,"October 17–18, 2017"
2018,Illinois,IL,governor,Democratic Primary,ALG Research,2017-07,2017-07-01,2017-07-31,,,Chris Kennedy,D,23%,False,July 2017
2018,Illinois,IL,governor,Democratic Primary,Garin-Hart-Yang,2017-06-26 to 2017-06-29,2017-06-26,2017-06-29,602,4.0,Chris Kennedy,D,44%,False,"June 26–29, 2017"
2018,Illinois,IL,governor,Democratic Primary,Greenberg Quinlan Rosner,2017-03-02 to 2017-03-06,2017-03-02,2017-03-06,500,4.4,Chris Kennedy,D,44%,False,"March 2–6, 2017"
2018,Illinois,IL,governor,Democratic Primary,We Ask America,2016-07-27,2016-07-27,2016-07-27,"1,128",3.0,Chris Kennedy,D,5%,False,"July 27, 2016"
2018,Illinois,IL,governor,Democratic Primary,Victory Research,2018-03-13 to 2018-03-16,2018-03-13,2018-03-16,"1,204",2.8,JB Pritzker,D,32%,False,"March 13–16, 2018"
2018,Illinois,IL,governor,Democratic Primary,We Ask America,2018-03-07 to 2018-03-09,2018-03-07,2018-03-09,"1,029",3.1,JB Pritzker,D,35%,False,"March 7–9, 2018"
2018,Illinois,IL,governor,Democratic Primary,Southern Illinois University,2018-02-19 to 2018-02-25,2018-02-19,2018-02-25,472,4.5,JB Pritzker,D,31%,False,"February 19–25, 2018"
2018,Illinois,IL,governor,Democratic Primary,Global Strategy Group,2018-02-09 to 2018-02-13,2018-02-09,2018-02-13,802,3.5,JB Pritzker,D,37%,False,"February 9–13, 2018"
2018,Illinois,IL,governor,Democratic Primary,ALG Research,2018-02-06 to 2018-02-11,2018-02-06,2018-02-11,500,4.4,JB Pritzker,D,32%,False,"February 6–11, 2018"
2018,Illinois,IL,governor,Democratic Primary,Victory Research,2018-02-06 to 2018-02-07,2018-02-06,2018-02-07,"1,209",2.8,JB Pritzker,D,27%,False,"February 6–7, 2018"
2018,Illinois,IL,governor,Democratic Primary,Global Strategy Group,2018-02-01,2018-02-01,2018-02-01,801,3.5,JB Pritzker,D,41%,False,"February 1, 2018"
2018,Illinois,IL,governor,Democratic Primary,We Ask America,2018-01-29 to 2018-01-30,2018-01-29,2018-01-30,811,3.4,JB Pritzker,D,30%,False,"January 29–30, 2018"
2018,Illinois,IL,governor,Democratic Primary,We Ask America,2017-10-17 to 2017-10-18,2017-10-17,2017-10-18,"1,154",3.0,JB Pritzker,D,39%,False,"October 17–18, 2017"
2018,Illinois,IL,governor,Democratic Primary,ALG Research,2017-07,2017-07-01,2017-07-31,,,JB Pritzker,D,30%,False,July 2017
2018,Illinois,IL,governor,Democratic Primary,Garin-Hart-Yang,2017-06-26 to 2017-06-29,2017-06-26,2017-06-29,602,4.0,JB Pritzker,D,38%,False,"June 26–29, 2017"
2018,Illinois,IL,governor,Democratic Primary,Greenberg Quinlan Rosner,2017-03-02 to 2017-03-06,2017-03-02,2017-03-06,500,4.4,JB Pritzker,D,11%,False,"March 2–6, 2017"
2018,Illinois,IL,governor,Democratic Primary,We Ask America,2016-07-27,2016-07-27,2016-07-27,"1,128",3.0,Dick Durbin,D,49%,False,"July 27, 2016"
2018,Illinois,IL,governor,Democratic Primary,We Ask America,2016-07-27,2016-07-27,2016-07-27,"1,128",3.0,Pat Quinn,D,10%,False,"July 27, 2016"
2018,Iowa,IA,governor,Democratic Primary,Selzer & Company,2018-05-13 to 2018-05-15,2018-05-13,2018-05-15,501,4.4,Nate Boulton,D,20%,False,"May 13–15, 2018"
2018,Iowa,IA,governor,Democratic Primary,Remington,2018-05-05 to 2018-05-06,2018-05-05,2018-05-06,"2,315",2.0,Nate Boulton,D,20%,False,"May 5–6, 2018"
2018,Iowa,IA,governor,Democratic Primary,20-20 Insight,2017-11-08 to 2017-11-10,2017-11-08,2017-11-10,762,3.6,Nate Boulton,D,13%,False,"November 8–10, 2017"
2018,Iowa,IA,governor,Democratic Primary,Selzer & Company,2018-05-13 to 2018-05-15,2018-05-13,2018-05-15,501,4.4,Cathy Glasson,D,13%,False,"May 13–15, 2018"
2018,Iowa,IA,governor,Democratic Primary,Remington,2018-05-05 to 2018-05-06,2018-05-05,2018-05-06,"2,315",2.0,Cathy Glasson,D,7%,False,"May 5–6, 2018"
2018,Iowa,IA,governor,Democratic Primary,20-20 Insight,2017-11-08 to 2017-11-10,2017-11-08,2017-11-10,762,3.6,Cathy Glasson,D,6%,False,"November 8–10, 2017"
2018,Iowa,IA,governor,Democratic Primary,Selzer & Company,2018-05-13 to 2018-05-15,2018-05-13,2018-05-15,501,4.4,Fred Hubbell,D,31%,False,"May 13–15, 2018"
2018,Iowa,IA,governor,Democratic Primary,Remington,2018-05-05 to 2018-05-06,2018-05-05,2018-05-06,"2,315",2.0,Fred Hubbell,D,46%,False,"May 5–6, 2018"
2018,Iowa,IA,governor,Democratic Primary,20-20 Insight,2017-11-08 to 2017-11-10,2017-11-08,2017-11-10,762,3.6,Fred Hubbell,D,22%,False,"November 8–10, 2017"
2018,Iowa,IA,governor,Democratic Primary,Selzer & Company,2018-05-13 to 2018-05-15,2018-05-13,2018-05-15,501,4.4,Andrea McGuire,D,5%,False,"May 13–15, 2018"
2018,Iowa,IA,governor,Democratic Primary,Remington,2018-05-05 to 2018-05-06,2018-05-05,2018-05-06,"2,315",2.0,Andrea McGuire,D,3%,False,"May 5–6, 2018"
2018,Iowa,IA,governor,Democratic Primary,20-20 Insight,2017-11-08 to 2017-11-10,2017-11-08,2017-11-10,762,3.6,Andrea McGuire,D,3%,False,"November 8–10, 2017"
2018,Iowa,IA,governor,Democratic Primary,20-20 Insight,2017-11-08 to 2017-11-10,2017-11-08,2017-11-10,762,3.6,Jon Neiderbach,D,2%,False,"November 8–10, 2017"
2018,Iowa,IA,governor,Democratic Primary,Selzer & Company,2018-05-13 to 2018-05-15,2018-05-13,2018-05-15,501,4.4,John Norris,D,5%,False,"May 13–15, 2018"
2018,Iowa,IA,governor,Democratic Primary,Remington,2018-05-05 to 2018-05-06,2018-05-05,2018-05-06,"2,315",2.0,John Norris,D,5%,False,"May 5–6, 2018"
2018,Iowa,IA,governor,Democratic Primary,20-20 Insight,2017-11-08 to 2017-11-10,2017-11-08,2017-11-10,762,3.6,John Norris,D,5%,False,"November 8–10, 2017"
2018,Iowa,IA,governor,Democratic Primary,Selzer & Company,2018-05-13 to 2018-05-15,2018-05-13,2018-05-15,501,4.4,Ross Wilburn,D,3%,False,"May 13–15, 2018"
2018,Iowa,IA,governor,Democratic Primary,Remington,2018-05-05 to 2018-05-06,2018-05-05,2018-05-06,"2,315",2.0,Ross Wilburn,D,1%,False,"May 5–6, 2018"
2018,Iowa,IA,governor,Democratic Primary,20-20 Insight,2017-11-08 to 2017-11-10,2017-11-08,2017-11-10,762,3.6,Ross Wilburn,D,1%,False,"November 8–10, 2017"
2018,Kansas,KS,governor,Republican Primary,Remington,2018-08-03 to 2018-08-05,2018-08-03,2018-08-05,"2,769",2.0,Jim Barnett,R,14%,False,"August 3–5, 2018"
2018,Kansas,KS,governor,Republican Primary,The Trafalgar Group,2018-07-30 to 2018-08-02,2018-07-30,2018-08-02,"1,546",2.4,Jim Barnett,R,11%,False,"July 30 – August 2, 2018"
2018,Kansas,KS,governor,Republican Primary,Remington,2018-08-02,2018-08-02,2018-08-02,859,3.3,Jim Barnett,R,13%,False,"August 2, 2018"
2018,Kansas,KS,governor,Republican Primary,JMC Analytics,2018-07-24 to 2018-07-26,2018-07-24,2018-07-26,500,4.4,Jim Barnett,R,11%,False,"July 24–26, 2018"
2018,Kansas,KS,governor,Republican Primary,Remington,2018-05-14 to 2018-05-15,2018-05-14,2018-05-15,"1,441",2.6,Jim Barnett,R,9%,False,"May 14–15, 2018"
2018,Kansas,KS,governor,Republican Primary,JMC Analytics,2018-03-15 to 2018-03-17,2018-03-15,2018-03-17,500,4.4,Jim Barnett,R,10%,False,"March 15–17, 2018"
2018,Kansas,KS,governor,Republican Primary,Remington,2018-02-13 to 2018-02-14,2018-02-13,2018-02-14,"1,806",2.3,Jim Barnett,R,8%,False,"February 13–14, 2018"
2018,Kansas,KS,governor,Republican Primary,Remington,2018-08-03 to 2018-08-05,2018-08-03,2018-08-05,"2,769",2.0,Jeff Colyer,R,34%,True,"August 3–5, 2018"
2018,Kansas,KS,governor,Republican Primary,The Trafalgar Group,2018-07-30 to 2018-08-02,2018-07-30,2018-08-02,"1,546",2.4,Jeff Colyer,R,36%,True,"July 30 – August 2, 2018"
2018,Kansas,KS,governor,Republican Primary,Remington,2018-08-02,2018-08-02,2018-08-02,859,3.3,Jeff Colyer,R,32%,True,"August 2, 2018"
2018,Kansas,KS,governor,Republican Primary,JMC Analytics,2018-07-24 to 2018-07-26,2018-07-24,2018-07-26,500,4.4,Jeff Colyer,R,25%,True,"July 24–26, 2018"
2018,Kansas,KS,governor,Republican Primary,Remington,2018-05-14 to 2018-05-15,2018-05-14,2018-05-15,"1,441",2.6,Jeff Colyer,R,29%,True,"May 14–15, 2018"
2018,Kansas,KS,governor,Republican Primary,JMC Analytics,2018-03-15 to 2018-03-17,2018-03-15,2018-03-17,500,4.4,Jeff Colyer,R,18%,True,"March 15–17, 2018"
2018,Kansas,KS,governor,Republican Primary,Remington,2018-02-13 to 2018-02-14,2018-02-13,2018-02-14,"1,806",2.3,Jeff Colyer,R,23%,True,"February 13–14, 2018"
2018,Kansas,KS,governor,Republican Primary,Moore Information,2018-02-11,2018-02-11,2018-02-11,,,Jeff Colyer,R,20%,True,"February 11, 2018"
2018,Kansas,KS,governor,Republican Primary,Remington,2018-02-13 to 2018-02-14,2018-02-13,2018-02-14,"1,806",2.3,Wink Hartman,R,5%,False,"February 13–14, 2018"
2018,Kansas,KS,governor,Republican Primary,Moore Information,2018-02-11,2018-02-11,2018-02-11,,,Wink Hartman,R,6%,False,"February 11, 2018"
2018,Kansas,KS,governor,Republican Primary,Remington,2018-08-03 to 2018-08-05,2018-08-03,2018-08-05,"2,769",2.0,Kris Kobach,R,32%,False,"August 3–5, 2018"
2018,Kansas,KS,governor,Republican Primary,The Trafalgar Group,2018-07-30 to 2018-08-02,2018-07-30,2018-08-02,"1,546",2.4,Kris Kobach,R,43%,False,"July 30 – August 2, 2018"
2018,Kansas,KS,governor,Republican Primary,Remington,2018-08-02,2018-08-02,2018-08-02,859,3.3,Kris Kobach,R,32%,False,"August 2, 2018"
2018,Kansas,KS,governor,Republican Primary,JMC Analytics,2018-07-24 to 2018-07-26,2018-07-24,2018-07-26,500,4.4,Kris Kobach,R,34%,False,"July 24–26, 2018"
2018,Kansas,KS,governor,Republican Primary,Remington,2018-05-14 to 2018-05-15,2018-05-14,2018-05-15,"1,441",2.6,Kris Kobach,R,27%,False,"May 14–15, 2018"
2018,Kansas,KS,governor,Republican Primary,JMC Analytics,2018-03-15 to 2018-03-17,2018-03-15,2018-03-17,500,4.4,Kris Kobach,R,31%,False,"March 15–17, 2018"
2018,Kansas,KS,governor,Republican Primary,Remington,2018-02-13 to 2018-02-14,2018-02-13,2018-02-14,"1,806",2.3,Kris Kobach,R,21%,False,"February 13–14, 2018"
2018,Kansas,KS,governor,Republican Primary,Moore Information,2018-02-11,2018-02-11,2018-02-11,,,Kris Kobach,R,26%,False,"February 11, 2018"
2018,Kansas,KS,governor,Republican Primary,Remington,2018-08-03 to 2018-08-05,2018-08-03,2018-08-05,"2,769",2.0,Ken Selzer,R,9%,False,"August 3–5, 2018"
2018,Kansas,KS,governor,Republican Primary,The Trafalgar Group,2018-07-30 to 2018-08-02,2018-07-30,2018-08-02,"1,546",2.4,Ken Selzer,R,5%,False,"July 30 – August 2, 2018"
2018,Kansas,KS,governor,Republican Primary,Remington,2018-08-02,2018-08-02,2018-08-02,859,3.3,Ken Selzer,R,9%,False,"August 2, 2018"
2018,Kansas,KS,governor,Republican Primary,JMC Analytics,2018-07-24 to 2018-07-26,2018-07-24,2018-07-26,500,4.4,Ken Selzer,R,8%,False,"July 24–26, 2018"
2018,Kansas,KS,governor,Republican Primary,Remington,2018-05-14 to 2018-05-15,2018-05-14,2018-05-15,"1,441",2.6,Ken Selzer,R,5%,False,"May 14–15, 2018"
2018,Kansas,KS,governor,Republican Primary,JMC Analytics,2018-03-15 to 2018-03-17,2018-03-15,2018-03-17,500,4.4,Ken Selzer,R,4%,False,"March 15–17, 2018"
2018,Kansas,KS,governor,Republican Primary,Remington,2018-02-13 to 2018-02-14,2018-02-13,2018-02-14,"1,806",2.3,Ken Selzer,R,3%,False,"February 13–14, 2018"
2018,Kansas,KS,governor,Republican Primary,Moore Information,2018-02-11,2018-02-11,2018-02-11,,,Ken Selzer,R,11%,False,"February 11, 2018"
2018,Kansas,KS,governor,Democratic Primary,Expedition Strategies,2018-03-04 to 2018-03-08,2018-03-04,2018-03-08,,4.4,Laura Kelly,D,17%,False,"March 4–8, 2018"
2018,Kansas,KS,governor,Democratic Primary,Moore Information,2018-02-11,2018-02-11,2018-02-11,,,Laura Kelly,D,39%,False,"February 11, 2018"
2018,Kansas,KS,governor,Democratic Primary,Expedition Strategies,2018-03-04 to 2018-03-08,2018-03-04,2018-03-08,,4.4,Josh Svaty,D,7%,False,"March 4–8, 2018"
2018,Kansas,KS,governor,Democratic Primary,Expedition Strategies,2018-03-04 to 2018-03-08,2018-03-04,2018-03-08,,4.4,Jim Ward,D,19%,False,"March 4–8, 2018"
2018,Kansas,KS,governor,Democratic Primary,Moore Information,2018-02-11,2018-02-11,2018-02-11,,,Jim Ward,D,20%,False,"February 11, 2018"
2018,Maryland,MD,governor,Democratic Primary,Gonzales Research,2018-06-04 to 2018-06-10,2018-06-04,2018-06-10,505,4.5,Rushern Baker,D,25%,False,"June 4–10, 2018"
2018,Maryland,MD,governor,Democratic Primary,OpinionWorks,2018-05-29 to 2018-06-06,2018-05-29,2018-06-06,500,4.4,Rushern Baker,D,16%,False,"May 29 – June 6, 2018"
2018,Maryland,MD,governor,Democratic Primary,University of Maryland,2018-05-29 to 2018-06-03,2018-05-29,2018-06-03,532,6.0,Rushern Baker,D,16%,False,"May 29 – June 3, 2018"
2018,Maryland,MD,governor,Democratic Primary,Mason-Dixon,2018-02-20 to 2018-02-24,2018-02-20,2018-02-24,500,4.5,Rushern Baker,D,26%,False,"February 20–24, 2018"
2018,Maryland,MD,governor,Democratic Primary,Goucher College,2018-02-12 to 2018-02-18,2018-02-12,2018-02-18,409,4.8,Rushern Baker,D,19%,False,"February 12–18, 2018"
2018,Maryland,MD,governor,Democratic Primary,Gonzales Research,2017-12-27 to 2018-01-05,2017-12-27,2018-01-05,501,4.5,Rushern Baker,D,24%,False,"December 27, 2017 – January 5, 2018"
2018,Maryland,MD,governor,Democratic Primary,Mason-Dixon,2017-09-27 to 2017-09-30,2017-09-27,2017-09-30,400,5.0,Rushern Baker,D,28%,False,"September 27–30, 2017"
2018,Maryland,MD,governor,Democratic Primary,Gonzales Research,2018-06-04 to 2018-06-10,2018-06-04,2018-06-10,505,4.5,Valerie Ervin,D,7%,False,"June 4–10, 2018"
2018,Maryland,MD,governor,Democratic Primary,OpinionWorks,2018-05-29 to 2018-06-06,2018-05-29,2018-06-06,500,4.4,Valerie Ervin,D,5%,False,"May 29 – June 6, 2018"
2018,Maryland,MD,governor,Democratic Primary,University of Maryland,2018-05-29 to 2018-06-03,2018-05-29,2018-06-03,532,6.0,Valerie Ervin,D,8%,False,"May 29 – June 3, 2018"
2018,Maryland,MD,governor,Democratic Primary,Goucher College,2017-09-14 to 2017-09-18,2017-09-14,2017-09-18,324,5.4,Valerie Ervin,D,6%,False,"September 14–18, 2017"
2018,Maryland,MD,governor,Democratic Primary,Gonzales Research,2018-06-04 to 2018-06-10,2018-06-04,2018-06-10,505,4.5,Ben Jealous,D,23%,False,"June 4–10, 2018"
2018,Maryland,MD,governor,Democratic Primary,OpinionWorks,2018-05-29 to 2018-06-06,2018-05-29,2018-06-06,500,4.4,Ben Jealous,D,16%,False,"May 29 – June 6, 2018"
2018,Maryland,MD,governor,Democratic Primary,University of Maryland,2018-05-29 to 2018-06-03,2018-05-29,2018-06-03,532,6.0,Ben Jealous,D,21%,False,"May 29 – June 3, 2018"
2018,Maryland,MD,governor,Democratic Primary,Mason-Dixon,2018-02-20 to 2018-02-24,2018-02-20,2018-02-24,500,4.5,Ben Jealous,D,14%,False,"February 20–24, 2018"
2018,Maryland,MD,governor,Democratic Primary,Goucher College,2018-02-12 to 2018-02-18,2018-02-12,2018-02-18,409,4.8,Ben Jealous,D,10%,False,"February 12–18, 2018"
2018,Maryland,MD,governor,Democratic Primary,Gonzales Research,2017-12-27 to 2018-01-05,2017-12-27,2018-01-05,501,4.5,Ben Jealous,D,14%,False,"December 27, 2017 – January 5, 2018"
2018,Maryland,MD,governor,Democratic Primary,Mason-Dixon,2017-09-27 to 2017-09-30,2017-09-27,2017-09-30,400,5.0,Ben Jealous,D,10%,False,"September 27–30, 2017"
2018,Maryland,MD,governor,Democratic Primary,Goucher College,2017-09-14 to 2017-09-18,2017-09-14,2017-09-18,324,5.4,Ben Jealous,D,8%,False,"September 14–18, 2017"
2018,Maryland,MD,governor,Democratic Primary,Mason-Dixon,2018-02-20 to 2018-02-24,2018-02-20,2018-02-24,500,4.5,Kevin Kamenetz,D,15%,False,"February 20–24, 2018"
2018,Maryland,MD,governor,Democratic Primary,Goucher College,2018-02-12 to 2018-02-18,2018-02-12,2018-02-18,409,4.8,Kevin Kamenetz,D,12%,False,"February 12–18, 2018"
2018,Maryland,MD,governor,Democratic Primary,Gonzales Research,2017-12-27 to 2018-01-05,2017-12-27,2018-01-05,501,4.5,Kevin Kamenetz,D,14%,False,"December 27, 2017 – January 5, 2018"
2018,Maryland,MD,governor,Democratic Primary,Mason-Dixon,2017-09-27 to 2017-09-30,2017-09-27,2017-09-30,400,5.0,Kevin Kamenetz,D,11%,False,"September 27–30, 2017"
2018,Maryland,MD,governor,Democratic Primary,Goucher College,2017-09-14 to 2017-09-18,2017-09-14,2017-09-18,324,5.4,Kevin Kamenetz,D,2%,False,"September 14–18, 2017"
2018,Maryland,MD,governor,Democratic Primary,Gonzales Research,2018-06-04 to 2018-06-10,2018-06-04,2018-06-10,505,4.5,Richard Madaleno,D,9%,False,"June 4–10, 2018"
2018,Maryland,MD,governor,Democratic Primary,OpinionWorks,2018-05-29 to 2018-06-06,2018-05-29,2018-06-06,500,4.4,Richard Madaleno,D,4%,False,"May 29 – June 6, 2018"
2018,Maryland,MD,governor,Democratic Primary,University of Maryland,2018-05-29 to 2018-06-03,2018-05-29,2018-06-03,532,6.0,Richard Madaleno,D,6%,False,"May 29 – June 3, 2018"
2018,Maryland,MD,governor,Democratic Primary,Mason-Dixon,2018-02-20 to 2018-02-24,2018-02-20,2018-02-24,500,4.5,Richard Madaleno,D,4%,False,"February 20–24, 2018"
2018,Maryland,MD,governor,Democratic Primary,Goucher College,2018-02-12 to 2018-02-18,2018-02-12,2018-02-18,409,4.8,Richard Madaleno,D,2%,False,"February 12–18, 2018"
2018,Maryland,MD,governor,Democratic Primary,Gonzales Research,2017-12-27 to 2018-01-05,2017-12-27,2018-01-05,501,4.5,Richard Madaleno,D,5%,False,"December 27, 2017 – January 5, 2018"
2018,Maryland,MD,governor,Democratic Primary,Mason-Dixon,2017-09-27 to 2017-09-30,2017-09-27,2017-09-30,400,5.0,Richard Madaleno,D,3%,False,"September 27–30, 2017"
2018,Maryland,MD,governor,Democratic Primary,Goucher College,2017-09-14 to 2017-09-18,2017-09-14,2017-09-18,324,5.4,Richard Madaleno,D,2%,False,"September 14–18, 2017"
2018,Maryland,MD,governor,Democratic Primary,Gonzales Research,2018-06-04 to 2018-06-10,2018-06-04,2018-06-10,505,4.5,Jim Shea,D,6%,False,"June 4–10, 2018"
2018,Maryland,MD,governor,Democratic Primary,OpinionWorks,2018-05-29 to 2018-06-06,2018-05-29,2018-06-06,500,4.4,Jim Shea,D,4%,False,"May 29 – June 6, 2018"
2018,Maryland,MD,governor,Democratic Primary,University of Maryland,2018-05-29 to 2018-06-03,2018-05-29,2018-06-03,532,6.0,Jim Shea,D,4%,False,"May 29 – June 3, 2018"
2018,Maryland,MD,governor,Democratic Primary,Mason-Dixon,2018-02-20 to 2018-02-24,2018-02-20,2018-02-24,500,4.5,Jim Shea,D,3%,False,"February 20–24, 2018"
2018,Maryland,MD,governor,Democratic Primary,Goucher College,2018-02-12 to 2018-02-18,2018-02-12,2018-02-18,409,4.8,Jim Shea,D,2%,False,"February 12–18, 2018"
2018,Maryland,MD,governor,Democratic Primary,Gonzales Research,2017-12-27 to 2018-01-05,2017-12-27,2018-01-05,501,4.5,Jim Shea,D,1%,False,"December 27, 2017 – January 5, 2018"
2018,Maryland,MD,governor,Democratic Primary,Mason-Dixon,2017-09-27 to 2017-09-30,2017-09-27,2017-09-30,400,5.0,Jim Shea,D,<1%,False,"September 27–30, 2017"
2018,Maryland,MD,governor,Democratic Primary,Goucher College,2017-09-14 to 2017-09-18,2017-09-14,2017-09-18,324,5.4,Jim Shea,D,1%,False,"September 14–18, 2017"
2018,Maryland,MD,governor,Democratic Primary,Gonzales Research,2018-06-04 to 2018-06-10,2018-06-04,2018-06-10,505,4.5,Krish Vignarajah,D,5%,False,"June 4–10, 2018"
2018,Maryland,MD,governor,Democratic Primary,OpinionWorks,2018-05-29 to 2018-06-06,2018-05-29,2018-06-06,500,4.4,Krish Vignarajah,D,4%,False,"May 29 – June 6, 2018"
2018,Maryland,MD,governor,Democratic Primary,University of Maryland,2018-05-29 to 2018-06-03,2018-05-29,2018-06-03,532,6.0,Krish Vignarajah,D,4%,False,"May 29 – June 3, 2018"
2018,Maryland,MD,governor,Democratic Primary,Mason-Dixon,2018-02-20 to 2018-02-24,2018-02-20,2018-02-24,500,4.5,Krish Vignarajah,D,2%,False,"February 20–24, 2018"
2018,Maryland,MD,governor,Democratic Primary,Goucher College,2018-02-12 to 2018-02-18,2018-02-12,2018-02-18,409,4.8,Krish Vignarajah,D,2%,False,"February 12–18, 2018"
2018,Maryland,MD,governor,Democratic Primary,Gonzales Research,2017-12-27 to 2018-01-05,2017-12-27,2018-01-05,501,4.5,Krish Vignarajah,D,2%,False,"December 27, 2017 – January 5, 2018"
2018,Maryland,MD,governor,Democratic Primary,Mason-Dixon,2017-09-27 to 2017-09-30,2017-09-27,2017-09-30,400,5.0,Krish Vignarajah,D,1%,False,"September 27–30, 2017"
2018,Maryland,MD,governor,Democratic Primary,Goucher College,2017-09-14 to 2017-09-18,2017-09-14,2017-09-18,324,5.4,Krish Vignarajah,D,22%,False,"September 14–18, 2017"
2018,Massachusetts,MA,governor,Republican Primary,MassINC,2018-06-22 to 2018-06-25,2018-06-22,2018-06-25,399,4.9,Charlie Baker,R,70%,True,"June 22–25, 2018"
2018,Massachusetts,MA,governor,Republican Primary,MassINC,2018-06-22 to 2018-06-25,2018-06-22,2018-06-25,399,4.9,Scott Lively,R,17%,False,"June 22–25, 2018"
2018,Massachusetts,MA,governor,Democratic Primary,MassINC,2018-06-22 to 2018-06-25,2018-06-22,2018-06-25,418,4.9,Jay Gonzalez,D,21%,False,"June 22–25, 2018"
2018,Massachusetts,MA,governor,Democratic Primary,MassINC,2018-06-22 to 2018-06-25,2018-06-22,2018-06-25,418,4.9,Bob Massie,D,15%,False,"June 22–25, 2018"
2018,Michigan,MI,governor,Republican Primary,Mitchell Research,2018-07-30,2018-07-30,2018-07-30,413,5.0,Brian Calley,R,18%,False,"July 30, 2018"
2018,Michigan,MI,governor,Republican Primary,EPIC-MRA,2018-07-21 to 2018-07-22,2018-07-21,2018-07-22,"1,045",3.1,Brian Calley,R,24%,False,"July 21–22, 2018"
2018,Michigan,MI,governor,Republican Primary,Emerson College,2018-07-19 to 2018-07-21,2018-07-19,2018-07-21,202,7.3,Brian Calley,R,13%,False,"July 19–21, 2018"
2018,Michigan,MI,governor,Republican Primary,Marist College,2018-07-15 to 2018-07-19,2018-07-15,2018-07-19,337,6.3,Brian Calley,R,26%,False,"July 15–19, 2018"
2018,Michigan,MI,governor,Republican Primary,JMC Analytics,2018-07-05 to 2018-07-12,2018-07-05,2018-07-12,600,4.0,Brian Calley,R,17%,False,"July 5–12, 2018"
2018,Michigan,MI,governor,Republican Primary,Target-Insyght,2018-06-24 to 2018-06-26,2018-06-24,2018-06-26,400,5.0,Brian Calley,R,16%,False,"June 24–26, 2018"
2018,Michigan,MI,governor,Republican Primary,NMB Research,2018-06-18 to 2018-06-21,2018-06-18,2018-06-21,,,Brian Calley,R,23%,False,"June 18–21, 2018"
2018,Michigan,MI,governor,Republican Primary,Public Opinion Strategies,2018-05-22 to 2018-05-24,2018-05-22,2018-05-24,500,4.4,Brian Calley,R,19%,False,"May 22–24, 2018"
2018,Michigan,MI,governor,Republican Primary,Public Opinion Strategies,2018-04-29 to 2018-05-01,2018-04-29,2018-05-01,600,4.0,Brian Calley,R,20%,False,"April 29 – May 1, 2018"
2018,Michigan,MI,governor,Republican Primary,Glengariff Group,2018-04-19 to 2018-04-21,2018-04-19,2018-04-21,400,4.9,Brian Calley,R,23%,False,"April 19–21, 2018"
2018,Michigan,MI,governor,Republican Primary,Denno Research,2018-04-02 to 2018-04-03,2018-04-02,2018-04-03,500,4.0,Brian Calley,R,13%,False,"April 2–3, 2018"
2018,Michigan,MI,governor,Republican Primary,Strategic National,2018-03-19 to 2018-03-20,2018-03-19,2018-03-20,400,4.9,Brian Calley,R,18%,False,"March 19–20, 2018"
2018,Michigan,MI,governor,Republican Primary,Marketing Resource Group,2018-03-13 to 2018-03-17,2018-03-13,2018-03-17,600,4.0,Brian Calley,R,13%,False,"March 13–17, 2018"
2018,Michigan,MI,governor,Republican Primary,Public Opinion Strategies,2018-02-10 to 2018-02-13,2018-02-10,2018-02-13,800,3.4,Brian Calley,R,15%,False,"February 10–13, 2018"
2018,Michigan,MI,governor,Republican Primary,Strategic National,2017-12-16 to 2017-12-17,2017-12-16,2017-12-17,600,4.0,Brian Calley,R,19%,False,"December 16–17, 2017"
2018,Michigan,MI,governor,Republican Primary,Target-Insyght,2017-11-01 to 2017-11-06,2017-11-01,2017-11-06,400,5.0,Brian Calley,R,14%,False,"November 1–6, 2017"
2018,Michigan,MI,governor,Republican Primary,Mitchell Research,2017-09-21 to 2017-09-24,2017-09-21,2017-09-24,400,5.0,Brian Calley,R,13%,False,"September 21–24, 2017"
2018,Michigan,MI,governor,Republican Primary,Marketing Resource Group,2017-09-13 to 2017-09-18,2017-09-13,2017-09-18,216,4.0,Brian Calley,R,13%,False,"September 13–18, 2017"
2018,Michigan,MI,governor,Republican Primary,Target-Insyght,2017-07-25 to 2017-07-27,2017-07-25,2017-07-27,344,5.4,Brian Calley,R,14%,False,"July 25–27, 2017"
2018,Michigan,MI,governor,Republican Primary,Marketing Resource Group,2017-05-08 to 2017-05-11,2017-05-08,2017-05-11,216,4.0,Brian Calley,R,11%,False,"May 8–11, 2017"
2018,Michigan,MI,governor,Republican Primary,Mitchell Research,2017-05-31,2017-05-31,2017-05-31,435,4.7,Brian Calley,R,14%,False,"May 31, 2017"
2018,Michigan,MI,governor,Republican Primary,Target-Insyght,2016-02-02 to 2016-02-04,2016-02-02,2016-02-04,400,5.0,Brian Calley,R,11%,False,"February 2–4, 2016"
2018,Michigan,MI,governor,Republican Primary,Mitchell Research,2018-07-30,2018-07-30,2018-07-30,413,5.0,Patrick Colbeck,R,9%,False,"July 30, 2018"
2018,Michigan,MI,governor,Republican Primary,EPIC-MRA,2018-07-21 to 2018-07-22,2018-07-21,2018-07-22,"1,045",3.1,Patrick Colbeck,R,11%,False,"July 21–22, 2018"
2018,Michigan,MI,governor,Republican Primary,Emerson College,2018-07-19 to 2018-07-21,2018-07-19,2018-07-21,202,7.3,Patrick Colbeck,R,7%,False,"July 19–21, 2018"
2018,Michigan,MI,governor,Republican Primary,Marist College,2018-07-15 to 2018-07-19,2018-07-15,2018-07-19,337,6.3,Patrick Colbeck,R,11%,False,"July 15–19, 2018"
2018,Michigan,MI,governor,Republican Primary,JMC Analytics,2018-07-05 to 2018-07-12,2018-07-05,2018-07-12,600,4.0,Patrick Colbeck,R,10%,False,"July 5–12, 2018"
2018,Michigan,MI,governor,Republican Primary,Target-Insyght,2018-06-24 to 2018-06-26,2018-06-24,2018-06-26,400,5.0,Patrick Colbeck,R,8%,False,"June 24–26, 2018"
2018,Michigan,MI,governor,Republican Primary,Public Opinion Strategies,2018-05-22 to 2018-05-24,2018-05-22,2018-05-24,500,4.4,Patrick Colbeck,R,6%,False,"May 22–24, 2018"
2018,Michigan,MI,governor,Republican Primary,Public Opinion Strategies,2018-04-29 to 2018-05-01,2018-04-29,2018-05-01,600,4.0,Patrick Colbeck,R,6%,False,"April 29 – May 1, 2018"
2018,Michigan,MI,governor,Republican Primary,Glengariff Group,2018-04-19 to 2018-04-21,2018-04-19,2018-04-21,400,4.9,Patrick Colbeck,R,4%,False,"April 19–21, 2018"
2018,Michigan,MI,governor,Republican Primary,Denno Research,2018-04-02 to 2018-04-03,2018-04-02,2018-04-03,500,4.0,Patrick Colbeck,R,4%,False,"April 2–3, 2018"
2018,Michigan,MI,governor,Republican Primary,Strategic National,2018-03-19 to 2018-03-20,2018-03-19,2018-03-20,400,4.9,Patrick Colbeck,R,7%,False,"March 19–20, 2018"
2018,Michigan,MI,governor,Republican Primary,Marketing Resource Group,2018-03-13 to 2018-03-17,2018-03-13,2018-03-17,600,4.0,Patrick Colbeck,R,2%,False,"March 13–17, 2018"
2018,Michigan,MI,governor,Republican Primary,Public Opinion Strategies,2018-02-10 to 2018-02-13,2018-02-10,2018-02-13,800,3.4,Patrick Colbeck,R,5%,False,"February 10–13, 2018"
2018,Michigan,MI,governor,Republican Primary,Strategic National,2017-12-16 to 2017-12-17,2017-12-16,2017-12-17,600,4.0,Patrick Colbeck,R,5%,False,"December 16–17, 2017"
2018,Michigan,MI,governor,Republican Primary,Target-Insyght,2017-11-01 to 2017-11-06,2017-11-01,2017-11-06,400,5.0,Patrick Colbeck,R,<5%,False,"November 1–6, 2017"
2018,Michigan,MI,governor,Republican Primary,Marketing Resource Group,2017-09-13 to 2017-09-18,2017-09-13,2017-09-18,216,4.0,Patrick Colbeck,R,3%,False,"September 13–18, 2017"
2018,Michigan,MI,governor,Republican Primary,Target-Insyght,2017-07-25 to 2017-07-27,2017-07-25,2017-07-27,344,5.4,Patrick Colbeck,R,4%,False,"July 25–27, 2017"
2018,Michigan,MI,governor,Republican Primary,Mitchell Research,2018-07-30,2018-07-30,2018-07-30,413,5.0,Jim Hines,R,10%,False,"July 30, 2018"
2018,Michigan,MI,governor,Republican Primary,EPIC-MRA,2018-07-21 to 2018-07-22,2018-07-21,2018-07-22,"1,045",3.1,Jim Hines,R,8%,False,"July 21–22, 2018"
2018,Michigan,MI,governor,Republican Primary,Emerson College,2018-07-19 to 2018-07-21,2018-07-19,2018-07-21,202,7.3,Jim Hines,R,9%,False,"July 19–21, 2018"
2018,Michigan,MI,governor,Republican Primary,JMC Analytics,2018-07-05 to 2018-07-12,2018-07-05,2018-07-12,600,4.0,Jim Hines,R,4%,False,"July 5–12, 2018"
2018,Michigan,MI,governor,Republican Primary,Target-Insyght,2018-06-24 to 2018-06-26,2018-06-24,2018-06-26,400,5.0,Jim Hines,R,4%,False,"June 24–26, 2018"
2018,Michigan,MI,governor,Republican Primary,Public Opinion Strategies,2018-05-22 to 2018-05-24,2018-05-22,2018-05-24,500,4.4,Jim Hines,R,1%,False,"May 22–24, 2018"
2018,Michigan,MI,governor,Republican Primary,Public Opinion Strategies,2018-04-29 to 2018-05-01,2018-04-29,2018-05-01,600,4.0,Jim Hines,R,2%,False,"April 29 – May 1, 2018"
2018,Michigan,MI,governor,Republican Primary,Glengariff Group,2018-04-19 to 2018-04-21,2018-04-19,2018-04-21,400,4.9,Jim Hines,R,1%,False,"April 19–21, 2018"
2018,Michigan,MI,governor,Republican Primary,Denno Research,2018-04-02 to 2018-04-03,2018-04-02,2018-04-03,500,4.0,Jim Hines,R,1%,False,"April 2–3, 2018"
2018,Michigan,MI,governor,Republican Primary,Strategic National,2018-03-19 to 2018-03-20,2018-03-19,2018-03-20,400,4.9,Jim Hines,R,3%,False,"March 19–20, 2018"
2018,Michigan,MI,governor,Republican Primary,Marketing Resource Group,2018-03-13 to 2018-03-17,2018-03-13,2018-03-17,600,4.0,Jim Hines,R,2%,False,"March 13–17, 2018"
2018,Michigan,MI,governor,Republican Primary,Public Opinion Strategies,2018-02-10 to 2018-02-13,2018-02-10,2018-02-13,800,3.4,Jim Hines,R,2%,False,"February 10–13, 2018"
2018,Michigan,MI,governor,Republican Primary,Strategic National,2017-12-16 to 2017-12-17,2017-12-16,2017-12-17,600,4.0,Jim Hines,R,2%,False,"December 16–17, 2017"
2018,Michigan,MI,governor,Republican Primary,Target-Insyght,2017-11-01 to 2017-11-06,2017-11-01,2017-11-06,400,5.0,Jim Hines,R,<5%,False,"November 1–6, 2017"
2018,Michigan,MI,governor,Republican Primary,Marketing Resource Group,2017-09-13 to 2017-09-18,2017-09-13,2017-09-18,216,4.0,Jim Hines,R,3%,False,"September 13–18, 2017"
2018,Michigan,MI,governor,Republican Primary,Target-Insyght,2017-07-25 to 2017-07-27,2017-07-25,2017-07-27,344,5.4,Jim Hines,R,1%,False,"July 25–27, 2017"
2018,Michigan,MI,governor,Republican Primary,Marketing Resource Group,2017-05-08 to 2017-05-11,2017-05-08,2017-05-11,216,4.0,Jim Hines,R,7%,False,"May 8–11, 2017"
2018,Michigan,MI,governor,Republican Primary,Mitchell Research,2017-05-31,2017-05-31,2017-05-31,435,4.7,Jim Hines,R,1%,False,"May 31, 2017"
2018,Michigan,MI,governor,Republican Primary,Mitchell Research,2018-07-30,2018-07-30,2018-07-30,413,5.0,Bill Schuette,R,40%,False,"July 30, 2018"
2018,Michigan,MI,governor,Republican Primary,EPIC-MRA,2018-07-21 to 2018-07-22,2018-07-21,2018-07-22,"1,045",3.1,Bill Schuette,R,42%,False,"July 21–22, 2018"
2018,Michigan,MI,governor,Republican Primary,Emerson College,2018-07-19 to 2018-07-21,2018-07-19,2018-07-21,202,7.3,Bill Schuette,R,35%,False,"July 19–21, 2018"
2018,Michigan,MI,governor,Republican Primary,Marist College,2018-07-15 to 2018-07-19,2018-07-15,2018-07-19,337,6.3,Bill Schuette,R,33%,False,"July 15–19, 2018"
2018,Michigan,MI,governor,Republican Primary,JMC Analytics,2018-07-05 to 2018-07-12,2018-07-05,2018-07-12,600,4.0,Bill Schuette,R,25%,False,"July 5–12, 2018"
2018,Michigan,MI,governor,Republican Primary,Target-Insyght,2018-06-24 to 2018-06-26,2018-06-24,2018-06-26,400,5.0,Bill Schuette,R,45%,False,"June 24–26, 2018"
2018,Michigan,MI,governor,Republican Primary,NMB Research,2018-06-18 to 2018-06-21,2018-06-18,2018-06-21,,,Bill Schuette,R,45%,False,"June 18–21, 2018"
2018,Michigan,MI,governor,Republican Primary,Public Opinion Strategies,2018-05-22 to 2018-05-24,2018-05-22,2018-05-24,500,4.4,Bill Schuette,R,42%,False,"May 22–24, 2018"
2018,Michigan,MI,governor,Republican Primary,Public Opinion Strategies,2018-04-29 to 2018-05-01,2018-04-29,2018-05-01,600,4.0,Bill Schuette,R,42%,False,"April 29 – May 1, 2018"
2018,Michigan,MI,governor,Republican Primary,Glengariff Group,2018-04-19 to 2018-04-21,2018-04-19,2018-04-21,400,4.9,Bill Schuette,R,36%,False,"April 19–21, 2018"
2018,Michigan,MI,governor,Republican Primary,Denno Research,2018-04-02 to 2018-04-03,2018-04-02,2018-04-03,500,4.0,Bill Schuette,R,23%,False,"April 2–3, 2018"
2018,Michigan,MI,governor,Republican Primary,Strategic National,2018-03-19 to 2018-03-20,2018-03-19,2018-03-20,400,4.9,Bill Schuette,R,27%,False,"March 19–20, 2018"
2018,Michigan,MI,governor,Republican Primary,Marketing Resource Group,2018-03-13 to 2018-03-17,2018-03-13,2018-03-17,600,4.0,Bill Schuette,R,29%,False,"March 13–17, 2018"
2018,Michigan,MI,governor,Republican Primary,Public Opinion Strategies,2018-02-10 to 2018-02-13,2018-02-10,2018-02-13,800,3.4,Bill Schuette,R,42%,False,"February 10–13, 2018"
2018,Michigan,MI,governor,Republican Primary,Strategic National,2017-12-16 to 2017-12-17,2017-12-16,2017-12-17,600,4.0,Bill Schuette,R,30%,False,"December 16–17, 2017"
2018,Michigan,MI,governor,Republican Primary,Target-Insyght,2017-11-01 to 2017-11-06,2017-11-01,2017-11-06,400,5.0,Bill Schuette,R,38%,False,"November 1–6, 2017"
2018,Michigan,MI,governor,Republican Primary,Mitchell Research,2017-09-21 to 2017-09-24,2017-09-21,2017-09-24,400,5.0,Bill Schuette,R,52%,False,"September 21–24, 2017"
2018,Michigan,MI,governor,Republican Primary,Marketing Resource Group,2017-09-13 to 2017-09-18,2017-09-13,2017-09-18,216,4.0,Bill Schuette,R,33%,False,"September 13–18, 2017"
2018,Michigan,MI,governor,Republican Primary,Target-Insyght,2017-07-25 to 2017-07-27,2017-07-25,2017-07-27,344,5.4,Bill Schuette,R,42%,False,"July 25–27, 2017"
2018,Michigan,MI,governor,Republican Primary,Marketing Resource Group,2017-05-08 to 2017-05-11,2017-05-08,2017-05-11,216,4.0,Bill Schuette,R,32%,False,"May 8–11, 2017"
2018,Michigan,MI,governor,Republican Primary,Mitchell Research,2017-05-31,2017-05-31,2017-05-31,435,4.7,Bill Schuette,R,18%,False,"May 31, 2017"
2018,Michigan,MI,governor,Republican Primary,Target-Insyght,2016-02-02 to 2016-02-04,2016-02-02,2016-02-04,400,5.0,Bill Schuette,R,21%,False,"February 2–4, 2016"
2018,Michigan,MI,governor,Republican Primary,Target-Insyght,2016-02-02 to 2016-02-04,2016-02-02,2016-02-04,400,5.0,Arlan Meekhof,R,3%,False,"February 2–4, 2016"
2018,Michigan,MI,governor,Republican Primary,Mitchell Research,2017-05-31,2017-05-31,2017-05-31,435,4.7,Candice Miller,R,21%,False,"May 31, 2017"
2018,Michigan,MI,governor,Republican Primary,Target-Insyght,2016-02-02 to 2016-02-04,2016-02-02,2016-02-04,400,5.0,Candice Miller,R,20%,False,"February 2–4, 2016"
2018,Michigan,MI,governor,Democratic Primary,Glengariff Group,2018-04-20 to 2018-04-22,2018-04-20,2018-04-22,400,4.9,Bill Cobbs,D,3%,False,"April 20–22, 2018"
2018,Michigan,MI,governor,Democratic Primary,Denno Research,2018-04-06 to 2018-04-07,2018-04-06,2018-04-07,500,4.0,Bill Cobbs,D,2%,False,"April 6–7, 2018"
2018,Michigan,MI,governor,Democratic Primary,Marketing Resource Group,2018-03-13 to 2018-03-17,2018-03-13,2018-03-17,233,6.4,Bill Cobbs,D,3%,False,"March 13–17, 2018"
2018,Michigan,MI,governor,Democratic Primary,Target-Insyght,2018-03-06 to 2018-03-08,2018-03-06,2018-03-08,500,4.5,Bill Cobbs,D,4%,False,"March 6–8, 2018"
2018,Michigan,MI,governor,Democratic Primary,EPIC-MRA,2018-02-17 to 2018-02-22,2018-02-17,2018-02-22,600,4.0,Bill Cobbs,D,3%,False,"February 17–22, 2018"
2018,Michigan,MI,governor,Democratic Primary,Target-Insyght,2017-11-01 to 2017-11-06,2017-11-01,2017-11-06,400,5.0,Bill Cobbs,D,4%,False,"November 1–6, 2017"
2018,Michigan,MI,governor,Democratic Primary,Marketing Resource Group,2017-09-13 to 2017-09-18,2017-09-13,2017-09-18,255,4.0,Bill Cobbs,D,8%,False,"September 13–18, 2017"
2018,Michigan,MI,governor,Democratic Primary,EPIC-MRA,2018-07-21 to 2018-07-22,2018-07-21,2018-07-22,"1,054",3.1,Abdul El-Sayed,D,19%,False,"July 21–22, 2018"
2018,Michigan,MI,governor,Democratic Primary,Change Research,2018-07-20 to 2018-07-21,2018-07-20,2018-07-21,"1,503",,Abdul El-Sayed,D,27%,False,"July 20–21, 2018"
2018,Michigan,MI,governor,Democratic Primary,Emerson College,2018-07-19 to 2018-07-21,2018-07-19,2018-07-21,282,6.4,Abdul El-Sayed,D,12%,False,"July 19–21, 2018"
2018,Michigan,MI,governor,Democratic Primary,Marist College,2018-07-15 to 2018-07-19,2018-07-15,2018-07-19,442,5.5,Abdul El-Sayed,D,22%,False,"July 15–19, 2018"
2018,Michigan,MI,governor,Democratic Primary,Target-Insyght,2018-06-24 to 2018-06-26,2018-06-24,2018-06-26,400,5.0,Abdul El-Sayed,D,17%,False,"June 24–26, 2018"
2018,Michigan,MI,governor,Democratic Primary,Glengariff Group,2018-04-20 to 2018-04-22,2018-04-20,2018-04-22,400,4.9,Abdul El-Sayed,D,7%,False,"April 20–22, 2018"
2018,Michigan,MI,governor,Democratic Primary,Denno Research,2018-04-06 to 2018-04-07,2018-04-06,2018-04-07,500,4.0,Abdul El-Sayed,D,2%,False,"April 6–7, 2018"
2018,Michigan,MI,governor,Democratic Primary,Marketing Resource Group,2018-03-13 to 2018-03-17,2018-03-13,2018-03-17,233,6.4,Abdul El-Sayed,D,10%,False,"March 13–17, 2018"
2018,Michigan,MI,governor,Democratic Primary,Target-Insyght,2018-03-06 to 2018-03-08,2018-03-06,2018-03-08,500,4.5,Abdul El-Sayed,D,6%,False,"March 6–8, 2018"
2018,Michigan,MI,governor,Democratic Primary,EPIC-MRA,2018-02-17 to 2018-02-22,2018-02-17,2018-02-22,600,4.0,Abdul El-Sayed,D,8%,False,"February 17–22, 2018"
2018,Michigan,MI,governor,Democratic Primary,Target-Insyght,2017-11-01 to 2017-11-06,2017-11-01,2017-11-06,400,5.0,Abdul El-Sayed,D,13%,False,"November 1–6, 2017"
2018,Michigan,MI,governor,Democratic Primary,Marketing Resource Group,2017-09-13 to 2017-09-18,2017-09-13,2017-09-18,255,4.0,Abdul El-Sayed,D,4%,False,"September 13–18, 2017"
2018,Michigan,MI,governor,Democratic Primary,Target-Insyght,2017-07-25,2017-07-25,2017-07-25,377,5.4,Abdul El-Sayed,D,4%,False,"July 25, 2017"
2018,Michigan,MI,governor,Democratic Primary,Marketing Resource Group,2017-05-08 to 2017-05-11,2017-05-08,2017-05-11,255,4.0,Abdul El-Sayed,D,9%,False,"May 8–11, 2017"
2018,Michigan,MI,governor,Democratic Primary,EPIC-MRA,2018-07-21 to 2018-07-22,2018-07-21,2018-07-22,"1,054",3.1,Shri Thanedar,D,22%,False,"July 21–22, 2018"
2018,Michigan,MI,governor,Democratic Primary,Change Research,2018-07-20 to 2018-07-21,2018-07-20,2018-07-21,"1,503",,Shri Thanedar,D,15%,False,"July 20–21, 2018"
2018,Michigan,MI,governor,Democratic Primary,Emerson College,2018-07-19 to 2018-07-21,2018-07-19,2018-07-21,282,6.4,Shri Thanedar,D,17%,False,"July 19–21, 2018"
2018,Michigan,MI,governor,Democratic Primary,Marist College,2018-07-15 to 2018-07-19,2018-07-15,2018-07-19,442,5.5,Shri Thanedar,D,27%,False,"July 15–19, 2018"
2018,Michigan,MI,governor,Democratic Primary,Target-Insyght,2018-06-24 to 2018-06-26,2018-06-24,2018-06-26,400,5.0,Shri Thanedar,D,19%,False,"June 24–26, 2018"
2018,Michigan,MI,governor,Democratic Primary,Glengariff Group,2018-04-20 to 2018-04-22,2018-04-20,2018-04-22,400,4.9,Shri Thanedar,D,30%,False,"April 20–22, 2018"
2018,Michigan,MI,governor,Democratic Primary,Denno Research,2018-04-06 to 2018-04-07,2018-04-06,2018-04-07,500,4.0,Shri Thanedar,D,15%,False,"April 6–7, 2018"
2018,Michigan,MI,governor,Democratic Primary,Marketing Resource Group,2018-03-13 to 2018-03-17,2018-03-13,2018-03-17,233,6.4,Shri Thanedar,D,21%,False,"March 13–17, 2018"
2018,Michigan,MI,governor,Democratic Primary,Target-Insyght,2018-03-06 to 2018-03-08,2018-03-06,2018-03-08,500,4.5,Shri Thanedar,D,20%,False,"March 6–8, 2018"
2018,Michigan,MI,governor,Democratic Primary,EPIC-MRA,2018-02-17 to 2018-02-22,2018-02-17,2018-02-22,600,4.0,Shri Thanedar,D,24%,False,"February 17–22, 2018"
2018,Michigan,MI,governor,Democratic Primary,Target-Insyght,2017-11-01 to 2017-11-06,2017-11-01,2017-11-06,400,5.0,Shri Thanedar,D,2%,False,"November 1–6, 2017"
2018,Michigan,MI,governor,Democratic Primary,Marketing Resource Group,2017-09-13 to 2017-09-18,2017-09-13,2017-09-18,255,4.0,Shri Thanedar,D,3%,False,"September 13–18, 2017"
2018,Michigan,MI,governor,Democratic Primary,Target-Insyght,2017-07-25,2017-07-25,2017-07-25,377,5.4,Shri Thanedar,D,3%,False,"July 25, 2017"
2018,Michigan,MI,governor,Democratic Primary,EPIC-MRA,2018-07-21 to 2018-07-22,2018-07-21,2018-07-22,"1,054",3.1,Gretchen Whitmer,D,49%,False,"July 21–22, 2018"
2018,Michigan,MI,governor,Democratic Primary,Change Research,2018-07-20 to 2018-07-21,2018-07-20,2018-07-21,"1,503",,Gretchen Whitmer,D,33%,False,"July 20–21, 2018"
2018,Michigan,MI,governor,Democratic Primary,Emerson College,2018-07-19 to 2018-07-21,2018-07-19,2018-07-21,282,6.4,Gretchen Whitmer,D,39%,False,"July 19–21, 2018"
2018,Michigan,MI,governor,Democratic Primary,Marist College,2018-07-15 to 2018-07-19,2018-07-15,2018-07-19,442,5.5,Gretchen Whitmer,D,31%,False,"July 15–19, 2018"
2018,Michigan,MI,governor,Democratic Primary,Target-Insyght,2018-06-24 to 2018-06-26,2018-06-24,2018-06-26,400,5.0,Gretchen Whitmer,D,40%,False,"June 24–26, 2018"
2018,Michigan,MI,governor,Democratic Primary,Glengariff Group,2018-04-20 to 2018-04-22,2018-04-20,2018-04-22,400,4.9,Gretchen Whitmer,D,26%,False,"April 20–22, 2018"
2018,Michigan,MI,governor,Democratic Primary,Denno Research,2018-04-06 to 2018-04-07,2018-04-06,2018-04-07,500,4.0,Gretchen Whitmer,D,17%,False,"April 6–7, 2018"
2018,Michigan,MI,governor,Democratic Primary,Marketing Resource Group,2018-03-13 to 2018-03-17,2018-03-13,2018-03-17,233,6.4,Gretchen Whitmer,D,18%,False,"March 13–17, 2018"
2018,Michigan,MI,governor,Democratic Primary,Target-Insyght,2018-03-06 to 2018-03-08,2018-03-06,2018-03-08,500,4.5,Gretchen Whitmer,D,34%,False,"March 6–8, 2018"
2018,Michigan,MI,governor,Democratic Primary,EPIC-MRA,2018-02-17 to 2018-02-22,2018-02-17,2018-02-22,600,4.0,Gretchen Whitmer,D,34%,False,"February 17–22, 2018"
2018,Michigan,MI,governor,Democratic Primary,Target-Insyght,2017-11-01 to 2017-11-06,2017-11-01,2017-11-06,400,5.0,Gretchen Whitmer,D,45%,False,"November 1–6, 2017"
2018,Michigan,MI,governor,Democratic Primary,Marketing Resource Group,2017-09-13 to 2017-09-18,2017-09-13,2017-09-18,255,4.0,Gretchen Whitmer,D,27%,False,"September 13–18, 2017"
2018,Michigan,MI,governor,Democratic Primary,Target-Insyght,2016-02-02 to 2016-02-04,2016-02-02,2016-02-04,400,5.0,Gretchen Whitmer,D,16%,False,"February 2–4, 2016"
2018,Michigan,MI,governor,Democratic Primary,Target-Insyght,2017-07-25,2017-07-25,2017-07-25,377,5.4,Gretchen Whitmer,D,35%,False,"July 25, 2017"
2018,Michigan,MI,governor,Democratic Primary,Marketing Resource Group,2017-05-08 to 2017-05-11,2017-05-08,2017-05-11,255,4.0,Gretchen Whitmer,D,24%,False,"May 8–11, 2017"
2018,Michigan,MI,governor,Democratic Primary,Target-Insyght,2016-02-02 to 2016-02-04,2016-02-02,2016-02-04,400,5.0,Mike Duggan,D,20%,False,"February 2–4, 2016"
2018,Michigan,MI,governor,Democratic Primary,Target-Insyght,2017-07-25,2017-07-25,2017-07-25,377,5.4,Geoffrey Fieger,D,35%,False,"July 25, 2017"
2018,Michigan,MI,governor,Democratic Primary,Marketing Resource Group,2017-05-08 to 2017-05-11,2017-05-08,2017-05-11,255,4.0,Geoffrey Fieger,D,26%,False,"May 8–11, 2017"
2018,Michigan,MI,governor,Democratic Primary,Target-Insyght,2016-02-02 to 2016-02-04,2016-02-02,2016-02-04,400,5.0,Mark Hackel,D,9%,False,"February 2–4, 2016"
2018,Michigan,MI,governor,Democratic Primary,Target-Insyght,2016-02-02 to 2016-02-04,2016-02-02,2016-02-04,400,5.0,Dan Kildee,D,12%,False,"February 2–4, 2016"
2018,Minnesota,MN,governor,Republican Primary,Emerson College,2018-08-08 to 2018-08-11,2018-08-08,2018-08-11,156,8.0,Jeff Johnson,R,34%,False,"August 8–11, 2018"
2018,Minnesota,MN,governor,Republican Primary,Marist College,2018-07-15 to 2018-07-19,2018-07-15,2018-07-19,340,6.4,Jeff Johnson,R,32%,False,"July 15–19, 2018"
2018,Minnesota,MN,governor,Republican Primary,BK Strategies,2018-06-24 to 2018-06-25,2018-06-24,2018-06-25,439,4.7,Jeff Johnson,R,20%,False,"June 24–25, 2018"
2018,Minnesota,MN,governor,Republican Primary,Mason-Dixon,2018-01-08 to 2018-01-10,2018-01-08,2018-01-10,218,,Jeff Johnson,R,24%,False,"January 8–10, 2018"
2018,Minnesota,MN,governor,Republican Primary,BK Strategies,2018-06-24 to 2018-06-25,2018-06-24,2018-06-25,439,4.7,Matt Kruse,R,3%,False,"June 24–25, 2018"
2018,Minnesota,MN,governor,Republican Primary,Emerson College,2018-08-08 to 2018-08-11,2018-08-08,2018-08-11,156,8.0,Tim Pawlenty,R,43%,False,"August 8–11, 2018"
2018,Minnesota,MN,governor,Republican Primary,Marist College,2018-07-15 to 2018-07-19,2018-07-15,2018-07-19,340,6.4,Tim Pawlenty,R,51%,False,"July 15–19, 2018"
2018,Minnesota,MN,governor,Republican Primary,BK Strategies,2018-06-24 to 2018-06-25,2018-06-24,2018-06-25,439,4.7,Tim Pawlenty,R,54%,False,"June 24–25, 2018"
2018,Minnesota,MN,governor,Republican Primary,SurveyUSA,2016-11-17 to 2016-11-19,2016-11-17,2016-11-19,,,Tim Pawlenty,R,19%,False,"November 17–19, 2016"
2018,Minnesota,MN,governor,Republican Primary,SurveyUSA,2016-11-17 to 2016-11-19,2016-11-17,2016-11-19,,,Kurt Daudt,R,2%,False,"November 17–19, 2016"
2018,Minnesota,MN,governor,Republican Primary,Mason-Dixon,2018-01-08 to 2018-01-10,2018-01-08,2018-01-10,218,,Kurt Daudt,R,12%,False,"January 8–10, 2018"
2018,Minnesota,MN,governor,Republican Primary,SurveyUSA,2016-11-17 to 2016-11-19,2016-11-17,2016-11-19,,,Keith Downey,R,1%,False,"November 17–19, 2016"
2018,Minnesota,MN,governor,Republican Primary,Mason-Dixon,2018-01-08 to 2018-01-10,2018-01-08,2018-01-10,218,,Keith Downey,R,1%,False,"January 8–10, 2018"
2018,Minnesota,MN,governor,Republican Primary,SurveyUSA,2016-11-17 to 2016-11-19,2016-11-17,2016-11-19,,,Tom Emmer,R,4%,False,"November 17–19, 2016"
2018,Minnesota,MN,governor,Republican Primary,SurveyUSA,2016-11-17 to 2016-11-19,2016-11-17,2016-11-19,,,Mike McFadden,R,2%,False,"November 17–19, 2016"
2018,Minnesota,MN,governor,Republican Primary,SurveyUSA,2016-11-17 to 2016-11-19,2016-11-17,2016-11-19,,,Erik Paulsen,R,8%,False,"November 17–19, 2016"
2018,Minnesota,MN,governor,Republican Primary,SurveyUSA,2016-11-17 to 2016-11-19,2016-11-17,2016-11-19,,,Rich Stanek,R,1%,False,"November 17–19, 2016"
2018,Minnesota,MN,governor,Republican Primary,Mason-Dixon,2018-01-08 to 2018-01-10,2018-01-08,2018-01-10,218,,Matt Dean,R,2%,False,"January 8–10, 2018"
2018,Minnesota,MN,governor,Republican Primary,Mason-Dixon,2018-01-08 to 2018-01-10,2018-01-08,2018-01-10,218,,Julie Rosen,R,4%,False,"January 8–10, 2018"
2018,Minnesota,MN,governor,Republican Primary,Mason-Dixon,2018-01-08 to 2018-01-10,2018-01-08,2018-01-10,218,,Mary G. Stephens,R,1%,False,"January 8–10, 2018"
2018,Nevada,NV,governor,Republican Primary,The Mellman Group,2018-04-12 to 2018-04-19,2018-04-12,2018-04-19,400,4.9,Adam Laxalt,R,55%,False,"April 12–19, 2018"
2018,Nevada,NV,governor,Republican Primary,WPA Intelligence,2017-08-06 to 2017-08-08,2017-08-06,2017-08-08,302,5.7,Adam Laxalt,R,64%,False,"August 6–8, 2017"
2018,Nevada,NV,governor,Republican Primary,Doug Schoen,2017-07-07 to 2017-07-20,2017-07-07,2017-07-20,600,4.0,Adam Laxalt,R,34%,False,"July 7–20, 2017"
2018,Nevada,NV,governor,Republican Primary,The Mellman Group,2018-04-12 to 2018-04-19,2018-04-12,2018-04-19,400,4.9,Dan Schwartz,R,4%,False,"April 12–19, 2018"
2018,Nevada,NV,governor,Republican Primary,WPA Intelligence,2017-08-06 to 2017-08-08,2017-08-06,2017-08-08,302,5.7,Dan Schwartz,R,5%,False,"August 6–8, 2017"
2018,Nevada,NV,governor,Republican Primary,Doug Schoen,2017-07-07 to 2017-07-20,2017-07-07,2017-07-20,600,4.0,Dan Schwartz,R,30%,False,"July 7–20, 2017"
2018,Nevada,NV,governor,Republican Primary,The Mellman Group,2018-04-12 to 2018-04-19,2018-04-12,2018-04-19,400,4.9,Jared Fisher,R,2%,False,"April 12–19, 2018"
2018,Nevada,NV,governor,Democratic Primary,Benenson Strategy Group,2018-05-21 to 2018-05-23,2018-05-21,2018-05-23,608,4.0,Chris Giunchigliani,D,35%,False,"May 21–23, 2018"
2018,Nevada,NV,governor,Democratic Primary,The Mellman Group,2018-04-12 to 2018-04-19,2018-04-12,2018-04-19,400,4.9,Chris Giunchigliani,D,16%,False,"April 12–19, 2018"
2018,Nevada,NV,governor,Democratic Primary,Expedition Strategies,2018-03-17 to 2018-03-19,2018-03-17,2018-03-19,600,4.0,Chris Giunchigliani,D,31%,False,"March 17–19, 2018"
2018,Nevada,NV,governor,Democratic Primary,Benenson Strategy Group,2018-05-21 to 2018-05-23,2018-05-21,2018-05-23,608,4.0,Steve Sisolak,D,38%,False,"May 21–23, 2018"
2018,Nevada,NV,governor,Democratic Primary,The Mellman Group,2018-04-12 to 2018-04-19,2018-04-12,2018-04-19,400,4.9,Steve Sisolak,D,44%,False,"April 12–19, 2018"
2018,Nevada,NV,governor,Democratic Primary,Expedition Strategies,2018-03-17 to 2018-03-19,2018-03-17,2018-03-19,600,4.0,Steve Sisolak,D,27%,False,"March 17–19, 2018"
2018,Nevada,NV,governor,Democratic Primary,Benenson Strategy Group,2018-05-21 to 2018-05-23,2018-05-21,2018-05-23,608,4.0,None of these,D,11%,False,"May 21–23, 2018"
2018,Nevada,NV,governor,Democratic Primary,Expedition Strategies,2018-03-17 to 2018-03-19,2018-03-17,2018-03-19,600,4.0,None of these,D,18%,False,"March 17–19, 2018"
2018,New Hampshire,NH,governor,Republican Primary,TargetPoint,2018-03-08 to 2018-03-15,2018-03-08,2018-03-15,326,5.4,Chris Sununu,R,77%,True,"March 8–15, 2018"
2018,New Hampshire,NH,governor,Democratic Primary,TargetPoint,2018-03-08 to 2018-03-15,2018-03-08,2018-03-15,346,5.3,Mark Connolly,D,9%,False,"March 8–15, 2018"
2018,New Hampshire,NH,governor,Democratic Primary,Suffolk University,2018-04-26 to 2018-04-30,2018-04-26,2018-04-30,401,,Molly Kelly,D,21%,False,"April 26–30, 2018"
2018,New Hampshire,NH,governor,Democratic Primary,TargetPoint,2018-03-08 to 2018-03-15,2018-03-08,2018-03-15,346,5.3,Molly Kelly,D,17%,False,"March 8–15, 2018"
2018,New Hampshire,NH,governor,Democratic Primary,Suffolk University,2018-04-26 to 2018-04-30,2018-04-26,2018-04-30,401,,Steve Marchand,D,19%,False,"April 26–30, 2018"
2018,New Hampshire,NH,governor,Democratic Primary,TargetPoint,2018-03-08 to 2018-03-15,2018-03-08,2018-03-15,346,5.3,Steve Marchand,D,11%,False,"March 8–15, 2018"
2018,New Mexico,NM,governor,Democratic Primary,"Research & Polling, Inc.",2018-05-20 to 2018-05-24,2018-05-20,2018-05-24,444 (LV),4.6,Jeff Apodaca,D,15%,False,"May 20–24, 2018"
2018,New Mexico,NM,governor,Democratic Primary,GQR Research,2018-02-14 to 2018-02-19,2018-02-14,2018-02-19,400 (LV),4.9,Jeff Apodaca,D,13%,False,"February 14–19, 2018"
2018,New Mexico,NM,governor,Democratic Primary,GQR Research,2017-10-12 to 2017-10-18,2017-10-12,2017-10-18,446 (LV),4.6,Jeff Apodaca,D,10%,False,"October 12–18, 2017"
2018,New Mexico,NM,governor,Democratic Primary,"Research & Polling, Inc.",2018-05-20 to 2018-05-24,2018-05-20,2018-05-24,444 (LV),4.6,Joe Cervantes,D,9%,False,"May 20–24, 2018"
2018,New Mexico,NM,governor,Democratic Primary,GQR Research,2018-02-14 to 2018-02-19,2018-02-14,2018-02-19,400 (LV),4.9,Joe Cervantes,D,6%,False,"February 14–19, 2018"
2018,New Mexico,NM,governor,Democratic Primary,GQR Research,2017-10-12 to 2017-10-18,2017-10-12,2017-10-18,446 (LV),4.6,Joe Cervantes,D,3%,False,"October 12–18, 2017"
2018,New Mexico,NM,governor,Democratic Primary,"Research & Polling, Inc.",2018-05-20 to 2018-05-24,2018-05-20,2018-05-24,444 (LV),4.6,Michelle Lujan Grisham,D,57%,False,"May 20–24, 2018"
2018,New Mexico,NM,governor,Democratic Primary,GQR Research,2018-02-14 to 2018-02-19,2018-02-14,2018-02-19,400 (LV),4.9,Michelle Lujan Grisham,D,72%,False,"February 14–19, 2018"
2018,New Mexico,NM,governor,Democratic Primary,GQR Research,2017-10-12 to 2017-10-18,2017-10-12,2017-10-18,446 (LV),4.6,Michelle Lujan Grisham,D,75%,False,"October 12–18, 2017"
2018,New York,NY,attorney general,Democratic Primary,Change Research,2018-09-11 to 2018-09-12,2018-09-11,2018-09-12,844,3.5,Leecia Eve,D,3%,False,"September 11–12, 2018"
2018,New York,NY,attorney general,Democratic Primary,Siena College,2018-09-04 to 2018-09-07,2018-09-04,2018-09-07,509,4.3,Leecia Eve,D,3%,False,"September 4–7, 2018"
2018,New York,NY,attorney general,Democratic Primary,Siena College,2018-07-22 to 2018-07-26,2018-07-22,2018-07-26,630,3.9,Leecia Eve,D,4%,False,"July 22–26, 2018"
2018,New York,NY,attorney general,Democratic Primary,Quinnipiac University,2018-07-12 to 2018-07-16,2018-07-12,2018-07-16,415,6.2,Leecia Eve,D,3%,False,"July 12–16, 2018"
2018,New York,NY,attorney general,Democratic Primary,Change Research,2018-09-11 to 2018-09-12,2018-09-11,2018-09-12,844,3.5,Letitia James,D,27%,False,"September 11–12, 2018"
2018,New York,NY,attorney general,Democratic Primary,Siena College,2018-09-04 to 2018-09-07,2018-09-04,2018-09-07,509,4.3,Letitia James,D,24%,False,"September 4–7, 2018"
2018,New York,NY,attorney general,Democratic Primary,Siena College,2018-07-22 to 2018-07-26,2018-07-22,2018-07-26,630,3.9,Letitia James,D,25%,False,"July 22–26, 2018"
2018,New York,NY,attorney general,Democratic Primary,Quinnipiac University,2018-07-12 to 2018-07-16,2018-07-12,2018-07-16,415,6.2,Letitia James,D,26%,False,"July 12–16, 2018"
2018,New York,NY,attorney general,Democratic Primary,Change Research,2018-09-11 to 2018-09-12,2018-09-11,2018-09-12,844,3.5,Sean Patrick Maloney,D,26%,False,"September 11–12, 2018"
2018,New York,NY,attorney general,Democratic Primary,Siena College,2018-09-04 to 2018-09-07,2018-09-04,2018-09-07,509,4.3,Sean Patrick Maloney,D,25%,False,"September 4–7, 2018"
2018,New York,NY,attorney general,Democratic Primary,Siena College,2018-07-22 to 2018-07-26,2018-07-22,2018-07-26,630,3.9,Sean Patrick Maloney,D,16%,False,"July 22–26, 2018"
2018,New York,NY,attorney general,Democratic Primary,Quinnipiac University,2018-07-12 to 2018-07-16,2018-07-12,2018-07-16,415,6.2,Sean Patrick Maloney,D,15%,False,"July 12–16, 2018"
2018,New York,NY,attorney general,Democratic Primary,Change Research,2018-09-11 to 2018-09-12,2018-09-11,2018-09-12,844,3.5,Zephyr Teachout,D,28%,False,"September 11–12, 2018"
2018,New York,NY,attorney general,Democratic Primary,Siena College,2018-09-04 to 2018-09-07,2018-09-04,2018-09-07,509,4.3,Zephyr Teachout,D,18%,False,"September 4–7, 2018"
2018,New York,NY,attorney general,Democratic Primary,Siena College,2018-07-22 to 2018-07-26,2018-07-22,2018-07-26,630,3.9,Zephyr Teachout,D,13%,False,"July 22–26, 2018"
2018,New York,NY,attorney general,Democratic Primary,Quinnipiac University,2018-07-12 to 2018-07-16,2018-07-12,2018-07-16,415,6.2,Zephyr Teachout,D,12%,False,"July 12–16, 2018"
2018,New York,NY,governor,Democratic Primary,Siena College,2018-09-04 to 2018-09-07,2018-09-04,2018-09-07,509,4.3,Andrew Cuomo,D,63%,True,"September 4–7, 2018"
2018,New York,NY,governor,Democratic Primary,Siena College,2018-07-22 to 2018-07-26,2018-07-22,2018-07-26,630,3.9,Andrew Cuomo,D,60%,True,"July 22–26, 2018"
2018,New York,NY,governor,Democratic Primary,Quinnipiac University,2018-07-12 to 2018-07-16,2018-07-12,2018-07-16,415,6.2,Andrew Cuomo,D,59%,True,"July 12–16, 2018"
2018,New York,NY,governor,Democratic Primary,Zogby Analytics,2018-06-27 to 2018-07-03,2018-06-27,2018-07-03,,,Andrew Cuomo,D,63%,True,"June 27 – July 3, 2018"
2018,New York,NY,governor,Democratic Primary,Siena College,2018-06-04 to 2018-06-07,2018-06-04,2018-06-07,,,Andrew Cuomo,D,61%,True,"June 4–7, 2018"
2018,New York,NY,governor,Democratic Primary,Quinnipiac University,2018-04-26 to 2018-05-01,2018-04-26,2018-05-01,473,5.7,Andrew Cuomo,D,50%,True,"April 26 – May 1, 2018"
2018,New York,NY,governor,Democratic Primary,Siena College,2018-04-08 to 2018-04-12,2018-04-08,2018-04-12,,,Andrew Cuomo,D,58%,True,"April 8–12, 2018"
2018,New York,NY,governor,Democratic Primary,Marist College,2018-04-03 to 2018-04-09,2018-04-03,2018-04-09,364,6.0,Andrew Cuomo,D,68%,True,"April 3–9, 2018"
2018,New York,NY,governor,Democratic Primary,Remington,2018-04-07 to 2018-04-08,2018-04-07,2018-04-08,"2,038",2.2,Andrew Cuomo,D,60%,True,"April 7–8, 2018"
2018,New York,NY,governor,Democratic Primary,Siena College,2018-03-11 to 2018-03-16,2018-03-11,2018-03-16,363,4.0,Andrew Cuomo,D,66%,True,"March 11–16, 2018"
2018,New York,NY,governor,Democratic Primary,Siena College,2018-09-04 to 2018-09-07,2018-09-04,2018-09-07,509,4.3,Cynthia Nixon,D,22%,False,"September 4–7, 2018"
2018,New York,NY,governor,Democratic Primary,Siena College,2018-07-22 to 2018-07-26,2018-07-22,2018-07-26,630,3.9,Cynthia Nixon,D,29%,False,"July 22–26, 2018"
2018,New York,NY,governor,Democratic Primary,Quinnipiac University,2018-07-12 to 2018-07-16,2018-07-12,2018-07-16,415,6.2,Cynthia Nixon,D,23%,False,"July 12–16, 2018"
2018,New York,NY,governor,Democratic Primary,Zogby Analytics,2018-06-27 to 2018-07-03,2018-06-27,2018-07-03,,,Cynthia Nixon,D,22%,False,"June 27 – July 3, 2018"
2018,New York,NY,governor,Democratic Primary,Siena College,2018-06-04 to 2018-06-07,2018-06-04,2018-06-07,,,Cynthia Nixon,D,26%,False,"June 4–7, 2018"
2018,New York,NY,governor,Democratic Primary,Quinnipiac University,2018-04-26 to 2018-05-01,2018-04-26,2018-05-01,473,5.7,Cynthia Nixon,D,28%,False,"April 26 – May 1, 2018"
2018,New York,NY,governor,Democratic Primary,Siena College,2018-04-08 to 2018-04-12,2018-04-08,2018-04-12,,,Cynthia Nixon,D,27%,False,"April 8–12, 2018"
2018,New York,NY,governor,Democratic Primary,Marist College,2018-04-03 to 2018-04-09,2018-04-03,2018-04-09,364,6.0,Cynthia Nixon,D,21%,False,"April 3–9, 2018"
2018,New York,NY,governor,Democratic Primary,Remington,2018-04-07 to 2018-04-08,2018-04-07,2018-04-08,"2,038",2.2,Cynthia Nixon,D,20%,False,"April 7–8, 2018"
2018,New York,NY,governor,Democratic Primary,Siena College,2018-03-11 to 2018-03-16,2018-03-11,2018-03-16,363,4.0,Cynthia Nixon,D,19%,False,"March 11–16, 2018"
2018,New York,NY,governor,Republican Primary,Siena College,2018-04-08 to 2018-04-12,2018-04-08,2018-04-12,,,John DeFrancisco,R,18%,False,"April 8–12, 2018"
2018,New York,NY,governor,Republican Primary,Siena College,2018-03-11 to 2018-03-16,2018-03-11,2018-03-16,170,4.0,John DeFrancisco,R,21%,False,"March 11–16, 2018"
2018,New York,NY,governor,Republican Primary,Siena College,2018-04-08 to 2018-04-12,2018-04-08,2018-04-12,,,Marc Molinaro,R,18%,False,"April 8–12, 2018"
2018,New York,NY,governor,Republican Primary,Siena College,2018-03-11 to 2018-03-16,2018-03-11,2018-03-16,170,4.0,Marc Molinaro,R,17%,False,"March 11–16, 2018"
2018,Ohio,OH,governor,Republican Primary,Baldwin Wallace University,2018-04-24 to 2018-05-02,2018-04-24,2018-05-02,323,,Mike DeWine,R,52%,False,"April 24 – May 2, 2018"
2018,Ohio,OH,governor,Republican Primary,Remington Research Group,2018-04-10,2018-04-10,2018-04-10,"1,064",3.1,Mike DeWine,R,42%,False,"April 10, 2018"
2018,Ohio,OH,governor,Republican Primary,Fallon Research,2018-04-04 to 2018-04-07,2018-04-04,2018-04-07,502,4.4,Mike DeWine,R,43%,False,"April 4–7, 2018"
2018,Ohio,OH,governor,Republican Primary,SurveyUSA,2018-03-16 to 2018-03-20,2018-03-16,2018-03-20,541,5.8,Mike DeWine,R,50%,False,"March 16–20, 2018"
2018,Ohio,OH,governor,Republican Primary,TRZ Communications,2018-02-17,2018-02-17,2018-02-17,"1,152",3.0,Mike DeWine,R,61%,False,"February 17, 2018"
2018,Ohio,OH,governor,Republican Primary,Fallon Research,2018-01-16 to 2018-01-19,2018-01-16,2018-01-19,286,,Mike DeWine,R,54%,False,"January 16–19, 2018"
2018,Ohio,OH,governor,Republican Primary,Axis Research,2017-08-13 to 2017-08-15,2017-08-13,2017-08-15,602,4.1,Mike DeWine,R,36%,False,"August 13–15, 2017"
2018,Ohio,OH,governor,Republican Primary,Luntz Global,2017-06-12,2017-06-12,2017-06-12,500,4.4,Mike DeWine,R,27%,False,"June 12, 2017"
2018,Ohio,OH,governor,Republican Primary,Gravis Marketing,2017-04-27 to 2017-05-02,2017-04-27,2017-05-02,686,2.7,Mike DeWine,R,31%,False,"April 27 – May 2, 2017"
2018,Ohio,OH,governor,Republican Primary,The Tarrance Group,2017-01-23 to 2017-01-26,2017-01-23,2017-01-26,800,3.5,Mike DeWine,R,47%,False,"January 23–26, 2017"
2018,Ohio,OH,governor,Republican Primary,Baldwin Wallace University,2018-04-24 to 2018-05-02,2018-04-24,2018-05-02,323,,Mary Taylor,R,24%,False,"April 24 – May 2, 2018"
2018,Ohio,OH,governor,Republican Primary,Remington Research Group,2018-04-10,2018-04-10,2018-04-10,"1,064",3.1,Mary Taylor,R,32%,False,"April 10, 2018"
2018,Ohio,OH,governor,Republican Primary,Fallon Research,2018-04-04 to 2018-04-07,2018-04-04,2018-04-07,502,4.4,Mary Taylor,R,26%,False,"April 4–7, 2018"
2018,Ohio,OH,governor,Republican Primary,SurveyUSA,2018-03-16 to 2018-03-20,2018-03-16,2018-03-20,541,5.8,Mary Taylor,R,18%,False,"March 16–20, 2018"
2018,Ohio,OH,governor,Republican Primary,TRZ Communications,2018-02-17,2018-02-17,2018-02-17,"1,152",3.0,Mary Taylor,R,39%,False,"February 17, 2018"
2018,Ohio,OH,governor,Republican Primary,Fallon Research,2018-01-16 to 2018-01-19,2018-01-16,2018-01-19,286,,Mary Taylor,R,14%,False,"January 16–19, 2018"
2018,Ohio,OH,governor,Republican Primary,Axis Research,2017-08-13 to 2017-08-15,2017-08-13,2017-08-15,602,4.1,Mary Taylor,R,17%,False,"August 13–15, 2017"
2018,Ohio,OH,governor,Republican Primary,Luntz Global,2017-06-12,2017-06-12,2017-06-12,500,4.4,Mary Taylor,R,8%,False,"June 12, 2017"
2018,Ohio,OH,governor,Republican Primary,Gravis Marketing,2017-04-27 to 2017-05-02,2017-04-27,2017-05-02,686,2.7,Mary Taylor,R,10%,False,"April 27 – May 2, 2017"
2018,Ohio,OH,governor,Republican Primary,The Tarrance Group,2017-01-23 to 2017-01-26,2017-01-23,2017-01-26,800,3.5,Mary Taylor,R,10%,False,"January 23–26, 2017"
2018,Ohio,OH,governor,Republican Primary,Axis Research,2017-08-13 to 2017-08-15,2017-08-13,2017-08-15,602,4.1,Jon Husted,R,20%,False,"August 13–15, 2017"
2018,Ohio,OH,governor,Republican Primary,Luntz Global,2017-06-12,2017-06-12,2017-06-12,500,4.4,Jon Husted,R,13%,False,"June 12, 2017"
2018,Ohio,OH,governor,Republican Primary,Gravis Marketing,2017-04-27 to 2017-05-02,2017-04-27,2017-05-02,686,2.7,Jon Husted,R,14%,False,"April 27 – May 2, 2017"
2018,Ohio,OH,governor,Republican Primary,The Tarrance Group,2017-01-23 to 2017-01-26,2017-01-23,2017-01-26,800,3.5,Jon Husted,R,18%,False,"January 23–26, 2017"
2018,Ohio,OH,governor,Republican Primary,Axis Research,2017-08-13 to 2017-08-15,2017-08-13,2017-08-15,602,4.1,Jim Renacci,R,8%,False,"August 13–15, 2017"
2018,Ohio,OH,governor,Republican Primary,Luntz Global,2017-06-12,2017-06-12,2017-06-12,500,4.4,Jim Renacci,R,3%,False,"June 12, 2017"
2018,Ohio,OH,governor,Republican Primary,Gravis Marketing,2017-04-27 to 2017-05-02,2017-04-27,2017-05-02,686,2.7,Jim Renacci,R,6%,False,"April 27 – May 2, 2017"
2018,Ohio,OH,governor,Republican Primary,The Tarrance Group,2017-01-23 to 2017-01-26,2017-01-23,2017-01-26,800,3.5,Jim Renacci,R,4%,False,"January 23–26, 2017"
2018,Ohio,OH,governor,Democratic Primary,Baldwin Wallace University,2018-04-24 to 2018-05-02,2018-04-24,2018-05-02,333,,Richard Cordray,D,31%,False,"April 24 – May 2, 2018"
2018,Ohio,OH,governor,Democratic Primary,Fallon Research,2018-04-04 to 2018-04-07,2018-04-04,2018-04-07,500,4.4,Richard Cordray,D,28%,False,"April 4–7, 2018"
2018,Ohio,OH,governor,Democratic Primary,SurveyUSA,2018-03-16 to 2018-03-20,2018-03-16,2018-03-20,509,5.3,Richard Cordray,D,21%,False,"March 16–20, 2018"
2018,Ohio,OH,governor,Democratic Primary,Fallon Research,2018-01-16 to 2018-01-19,2018-01-16,2018-01-19,248,,Richard Cordray,D,23%,False,"January 16–19, 2018"
2018,Ohio,OH,governor,Democratic Primary,Luntz Global,2017-06-12,2017-06-12,2017-06-12,500,4.4,Richard Cordray,D,17%,False,"June 12, 2017"
2018,Ohio,OH,governor,Democratic Primary,Baldwin Wallace University,2018-04-24 to 2018-05-02,2018-04-24,2018-05-02,333,,Dennis Kucinich,D,15%,False,"April 24 – May 2, 2018"
2018,Ohio,OH,governor,Democratic Primary,Fallon Research,2018-04-04 to 2018-04-07,2018-04-04,2018-04-07,500,4.4,Dennis Kucinich,D,13%,False,"April 4–7, 2018"
2018,Ohio,OH,governor,Democratic Primary,SurveyUSA,2018-03-16 to 2018-03-20,2018-03-16,2018-03-20,509,5.3,Dennis Kucinich,D,21%,False,"March 16–20, 2018"
2018,Ohio,OH,governor,Democratic Primary,Fallon Research,2018-01-16 to 2018-01-19,2018-01-16,2018-01-19,248,,Dennis Kucinich,D,16%,False,"January 16–19, 2018"
2018,Ohio,OH,governor,Democratic Primary,Baldwin Wallace University,2018-04-24 to 2018-05-02,2018-04-24,2018-05-02,333,,Bill O'Neill,D,6%,False,"April 24 – May 2, 2018"
2018,Ohio,OH,governor,Democratic Primary,Fallon Research,2018-04-04 to 2018-04-07,2018-04-04,2018-04-07,500,4.4,Bill O'Neill,D,3%,False,"April 4–7, 2018"
2018,Ohio,OH,governor,Democratic Primary,SurveyUSA,2018-03-16 to 2018-03-20,2018-03-16,2018-03-20,509,5.3,Bill O'Neill,D,4%,False,"March 16–20, 2018"
2018,Ohio,OH,governor,Democratic Primary,Fallon Research,2018-01-16 to 2018-01-19,2018-01-16,2018-01-19,248,,Bill O'Neill,D,3%,False,"January 16–19, 2018"
2018,Ohio,OH,governor,Democratic Primary,SurveyUSA,2018-03-16 to 2018-03-20,2018-03-16,2018-03-20,509,5.3,Connie Pillich,D,5%,False,"March 16–20, 2018"
2018,Ohio,OH,governor,Democratic Primary,Fallon Research,2018-01-16 to 2018-01-19,2018-01-16,2018-01-19,248,,Connie Pillich,D,2%,False,"January 16–19, 2018"
2018,Ohio,OH,governor,Democratic Primary,Luntz Global,2017-06-12,2017-06-12,2017-06-12,500,4.4,Connie Pillich,D,9%,False,"June 12, 2017"
2018,Ohio,OH,governor,Democratic Primary,Gravis Marketing,2017-04-27 to 2017-05-02,2017-04-27,2017-05-02,558,2.7,Connie Pillich,D,8%,False,"April 27 – May 2, 2017"
2018,Ohio,OH,governor,Democratic Primary,Baldwin Wallace University,2018-04-24 to 2018-05-02,2018-04-24,2018-05-02,333,,Joe Schiavoni,D,6%,False,"April 24 – May 2, 2018"
2018,Ohio,OH,governor,Democratic Primary,Fallon Research,2018-04-04 to 2018-04-07,2018-04-04,2018-04-07,500,4.4,Joe Schiavoni,D,5%,False,"April 4–7, 2018"
2018,Ohio,OH,governor,Democratic Primary,Fallon Research,2018-01-16 to 2018-01-19,2018-01-16,2018-01-19,248,,Joe Schiavoni,D,4%,False,"January 16–19, 2018"
2018,Ohio,OH,governor,Democratic Primary,Luntz Global,2017-06-12,2017-06-12,2017-06-12,500,4.4,Joe Schiavoni,D,20%,False,"June 12, 2017"
2018,Ohio,OH,governor,Democratic Primary,Gravis Marketing,2017-04-27 to 2017-05-02,2017-04-27,2017-05-02,558,2.7,Joe Schiavoni,D,12%,False,"April 27 – May 2, 2017"
2018,Ohio,OH,governor,Democratic Primary,Luntz Global,2017-06-12,2017-06-12,2017-06-12,500,4.4,Betty Sutton,D,21%,False,"June 12, 2017"
2018,Ohio,OH,governor,Democratic Primary,Gravis Marketing,2017-04-27 to 2017-05-02,2017-04-27,2017-05-02,558,2.7,Betty Sutton,D,13%,False,"April 27 – May 2, 2017"
2018,Ohio,OH,governor,Democratic Primary,Luntz Global,2017-06-12,2017-06-12,2017-06-12,500,4.4,Nan Whaley,D,10%,False,"June 12, 2017"
2018,Oklahoma,OK,governor,Republican Primary,Right Strategy Group,2018-06-06 to 2018-06-07,2018-06-06,2018-06-07,435,4.5,Mick Cornett,R,21%,False,"June 6–7, 2018"
2018,Oklahoma,OK,governor,Republican Primary,Oklahoma Strategic Solutions,2018-05-22 to 2018-05-23,2018-05-22,2018-05-23,500,4.4,Mick Cornett,R,13%,False,"May 22–23, 2018"
2018,Oklahoma,OK,governor,Republican Primary,Right Strategy Group,2018-05-22 to 2018-05-23,2018-05-22,2018-05-23,409,5.0,Mick Cornett,R,20%,False,"May 22–23, 2018"
2018,Oklahoma,OK,governor,Republican Primary,SoonerPoll,2018-05-15 to 2018-05-23,2018-05-15,2018-05-23,319,,Mick Cornett,R,20%,False,"May 15–23, 2018"
2018,Oklahoma,OK,governor,Republican Primary,Magellan Strategies,2018-04-18 to 2018-04-22,2018-04-18,2018-04-22,644,3.9,Mick Cornett,R,17%,False,"April 18–19 and 22, 2018"
2018,Oklahoma,OK,governor,Republican Primary,SoonerPoll,2018-03-14 to 2018-03-22,2018-03-14,2018-03-22,294,,Mick Cornett,R,22%,False,"March 14–22, 2018"
2018,Oklahoma,OK,governor,Republican Primary,Oklahoma Strategic Solutions,2018-03-09,2018-03-09,2018-03-09,500,4.4,Mick Cornett,R,15%,False,"March 9, 2018"
2018,Oklahoma,OK,governor,Republican Primary,SoonerPoll,2018-01-04 to 2018-01-09,2018-01-04,2018-01-09,213,,Mick Cornett,R,24%,False,"January 4–9, 2018"
2018,Oklahoma,OK,governor,Republican Primary,Right Strategy Group,2018-06-06 to 2018-06-07,2018-06-06,2018-06-07,435,4.5,Dan Fisher,R,4%,False,"June 6–7, 2018"
2018,Oklahoma,OK,governor,Republican Primary,Oklahoma Strategic Solutions,2018-05-22 to 2018-05-23,2018-05-22,2018-05-23,500,4.4,Dan Fisher,R,4%,False,"May 22–23, 2018"
2018,Oklahoma,OK,governor,Republican Primary,Right Strategy Group,2018-05-22 to 2018-05-23,2018-05-22,2018-05-23,409,5.0,Dan Fisher,R,4%,False,"May 22–23, 2018"
2018,Oklahoma,OK,governor,Republican Primary,SoonerPoll,2018-05-15 to 2018-05-23,2018-05-15,2018-05-23,319,,Dan Fisher,R,3%,False,"May 15–23, 2018"
2018,Oklahoma,OK,governor,Republican Primary,Magellan Strategies,2018-04-18 to 2018-04-22,2018-04-18,2018-04-22,644,3.9,Dan Fisher,R,5%,False,"April 18–19 and 22, 2018"
2018,Oklahoma,OK,governor,Republican Primary,SoonerPoll,2018-03-14 to 2018-03-22,2018-03-14,2018-03-22,294,,Dan Fisher,R,4%,False,"March 14–22, 2018"
2018,Oklahoma,OK,governor,Republican Primary,Oklahoma Strategic Solutions,2018-03-09,2018-03-09,2018-03-09,500,4.4,Dan Fisher,R,2%,False,"March 9, 2018"
2018,Oklahoma,OK,governor,Republican Primary,SoonerPoll,2018-01-04 to 2018-01-09,2018-01-04,2018-01-09,213,,Dan Fisher,R,4%,False,"January 4–9, 2018"
2018,Oklahoma,OK,governor,Republican Primary,Right Strategy Group,2018-06-06 to 2018-06-07,2018-06-06,2018-06-07,435,4.5,Gary Jones,R,2%,False,"June 6–7, 2018"
2018,Oklahoma,OK,governor,Republican Primary,Oklahoma Strategic Solutions,2018-05-22 to 2018-05-23,2018-05-22,2018-05-23,500,4.4,Gary Jones,R,3%,False,"May 22–23, 2018"
2018,Oklahoma,OK,governor,Republican Primary,Right Strategy Group,2018-05-22 to 2018-05-23,2018-05-22,2018-05-23,409,5.0,Gary Jones,R,3%,False,"May 22–23, 2018"
2018,Oklahoma,OK,governor,Republican Primary,SoonerPoll,2018-05-15 to 2018-05-23,2018-05-15,2018-05-23,319,,Gary Jones,R,4%,False,"May 15–23, 2018"
2018,Oklahoma,OK,governor,Republican Primary,Magellan Strategies,2018-04-18 to 2018-04-22,2018-04-18,2018-04-22,644,3.9,Gary Jones,R,5%,False,"April 18–19 and 22, 2018"
2018,Oklahoma,OK,governor,Republican Primary,SoonerPoll,2018-03-14 to 2018-03-22,2018-03-14,2018-03-22,294,,Gary Jones,R,3%,False,"March 14–22, 2018"
2018,Oklahoma,OK,governor,Republican Primary,Oklahoma Strategic Solutions,2018-03-09,2018-03-09,2018-03-09,500,4.4,Gary Jones,R,3%,False,"March 9, 2018"
2018,Oklahoma,OK,governor,Republican Primary,SoonerPoll,2018-01-04 to 2018-01-09,2018-01-04,2018-01-09,213,,Gary Jones,R,3%,False,"January 4–9, 2018"
2018,Oklahoma,OK,governor,Republican Primary,Right Strategy Group,2018-06-06 to 2018-06-07,2018-06-06,2018-06-07,435,4.5,Todd Lamb,R,20%,False,"June 6–7, 2018"
2018,Oklahoma,OK,governor,Republican Primary,Oklahoma Strategic Solutions,2018-05-22 to 2018-05-23,2018-05-22,2018-05-23,500,4.4,Todd Lamb,R,20%,False,"May 22–23, 2018"
2018,Oklahoma,OK,governor,Republican Primary,Right Strategy Group,2018-05-22 to 2018-05-23,2018-05-22,2018-05-23,409,5.0,Todd Lamb,R,20%,False,"May 22–23, 2018"
2018,Oklahoma,OK,governor,Republican Primary,SoonerPoll,2018-05-15 to 2018-05-23,2018-05-15,2018-05-23,319,,Todd Lamb,R,23%,False,"May 15–23, 2018"
2018,Oklahoma,OK,governor,Republican Primary,Magellan Strategies,2018-04-18 to 2018-04-22,2018-04-18,2018-04-22,644,3.9,Todd Lamb,R,19%,False,"April 18–19 and 22, 2018"
2018,Oklahoma,OK,governor,Republican Primary,SoonerPoll,2018-03-14 to 2018-03-22,2018-03-14,2018-03-22,294,,Todd Lamb,R,21%,False,"March 14–22, 2018"
2018,Oklahoma,OK,governor,Republican Primary,Oklahoma Strategic Solutions,2018-03-09,2018-03-09,2018-03-09,500,4.4,Todd Lamb,R,14%,False,"March 9, 2018"
2018,Oklahoma,OK,governor,Republican Primary,SoonerPoll,2018-01-04 to 2018-01-09,2018-01-04,2018-01-09,213,,Todd Lamb,R,18%,False,"January 4–9, 2018"
2018,Oklahoma,OK,governor,Republican Primary,SoonerPoll,2017-09-01 to 2017-09-15,2017-09-01,2017-09-15,403,4.9,Todd Lamb,R,33%,False,"September 1–15, 2017"
2018,Oklahoma,OK,governor,Republican Primary,Right Strategy Group,2018-06-06 to 2018-06-07,2018-06-06,2018-06-07,435,4.5,Gary Richardson,R,6%,False,"June 6–7, 2018"
2018,Oklahoma,OK,governor,Republican Primary,Oklahoma Strategic Solutions,2018-05-22 to 2018-05-23,2018-05-22,2018-05-23,500,4.4,Gary Richardson,R,13%,False,"May 22–23, 2018"
2018,Oklahoma,OK,governor,Republican Primary,Right Strategy Group,2018-05-22 to 2018-05-23,2018-05-22,2018-05-23,409,5.0,Gary Richardson,R,4%,False,"May 22–23, 2018"
2018,Oklahoma,OK,governor,Republican Primary,SoonerPoll,2018-05-15 to 2018-05-23,2018-05-15,2018-05-23,319,,Gary Richardson,R,3%,False,"May 15–23, 2018"
2018,Oklahoma,OK,governor,Republican Primary,Magellan Strategies,2018-04-18 to 2018-04-22,2018-04-18,2018-04-22,644,3.9,Gary Richardson,R,12%,False,"April 18–19 and 22, 2018"
2018,Oklahoma,OK,governor,Republican Primary,SoonerPoll,2018-03-14 to 2018-03-22,2018-03-14,2018-03-22,294,,Gary Richardson,R,7%,False,"March 14–22, 2018"
2018,Oklahoma,OK,governor,Republican Primary,Oklahoma Strategic Solutions,2018-03-09,2018-03-09,2018-03-09,500,4.4,Gary Richardson,R,10%,False,"March 9, 2018"
2018,Oklahoma,OK,governor,Republican Primary,SoonerPoll,2018-01-04 to 2018-01-09,2018-01-04,2018-01-09,213,,Gary Richardson,R,9%,False,"January 4–9, 2018"
2018,Oklahoma,OK,governor,Republican Primary,Right Strategy Group,2018-06-06 to 2018-06-07,2018-06-06,2018-06-07,435,4.5,Kevin Stitt,R,20%,False,"June 6–7, 2018"
2018,Oklahoma,OK,governor,Republican Primary,Oklahoma Strategic Solutions,2018-05-22 to 2018-05-23,2018-05-22,2018-05-23,500,4.4,Kevin Stitt,R,17%,False,"May 22–23, 2018"
2018,Oklahoma,OK,governor,Republican Primary,Right Strategy Group,2018-05-22 to 2018-05-23,2018-05-22,2018-05-23,409,5.0,Kevin Stitt,R,21%,False,"May 22–23, 2018"
2018,Oklahoma,OK,governor,Republican Primary,SoonerPoll,2018-05-15 to 2018-05-23,2018-05-15,2018-05-23,319,,Kevin Stitt,R,14%,False,"May 15–23, 2018"
2018,Oklahoma,OK,governor,Republican Primary,Magellan Strategies,2018-04-18 to 2018-04-22,2018-04-18,2018-04-22,644,3.9,Kevin Stitt,R,19%,False,"April 18–19 and 22, 2018"
2018,Oklahoma,OK,governor,Republican Primary,SoonerPoll,2018-03-14 to 2018-03-22,2018-03-14,2018-03-22,294,,Kevin Stitt,R,8%,False,"March 14–22, 2018"
2018,Oklahoma,OK,governor,Republican Primary,Oklahoma Strategic Solutions,2018-03-09,2018-03-09,2018-03-09,500,4.4,Kevin Stitt,R,8%,False,"March 9, 2018"
2018,Oklahoma,OK,governor,Republican Primary,SoonerPoll,2018-01-04 to 2018-01-09,2018-01-04,2018-01-09,213,,Kevin Stitt,R,3%,False,"January 4–9, 2018"
2018,Oklahoma,OK,governor,Republican Primary,SoonerPoll,2017-09-01 to 2017-09-15,2017-09-01,2017-09-15,403,4.9,Jim Bridenstine,R,19%,False,"September 1–15, 2017"
2018,Oklahoma,OK,governor,Republican Primary,SoonerPoll,2017-09-01 to 2017-09-15,2017-09-01,2017-09-15,403,4.9,Scott Pruitt,R,16%,False,"September 1–15, 2017"
2018,Oklahoma,OK,governor,Republican Primary,Remington,2018-08-01 to 2018-08-02,2018-08-01,2018-08-02,"1,757",2.3,Mick Cornett,R,37%,False,"August 1–2, 2018"
2018,Oklahoma,OK,governor,Republican Primary,Right Strategy Group,2018-08-01 to 2018-08-02,2018-08-01,2018-08-02,385,5.0,Mick Cornett,R,33%,False,"August 1–2, 2018"
2018,Oklahoma,OK,governor,Republican Primary,SoonerPoll,2018-07-18 to 2018-07-20,2018-07-18,2018-07-20,483,4.5,Mick Cornett,R,37%,False,"July 18–20, 2018"
2018,Oklahoma,OK,governor,Republican Primary,Remington,2018-08-01 to 2018-08-02,2018-08-01,2018-08-02,"1,757",2.3,Kevin Stitt,R,47%,False,"August 1–2, 2018"
2018,Oklahoma,OK,governor,Republican Primary,Right Strategy Group,2018-08-01 to 2018-08-02,2018-08-01,2018-08-02,385,5.0,Kevin Stitt,R,41%,False,"August 1–2, 2018"
2018,Oklahoma,OK,governor,Republican Primary,SoonerPoll,2018-07-18 to 2018-07-20,2018-07-18,2018-07-20,483,4.5,Kevin Stitt,R,37%,False,"July 18–20, 2018"
2018,Oklahoma,OK,governor,Democratic Primary,Right Strategy Group,2018-06-06 to 2018-06-07,2018-06-06,2018-06-07,,,Drew Edmondson,D,45%,False,"June 6–7, 2018"
2018,Oklahoma,OK,governor,Democratic Primary,SoonerPoll,2018-05-15 to 2018-05-23,2018-05-15,2018-05-23,297,5.7,Drew Edmondson,D,44%,False,"May 15–23, 2018"
2018,Oklahoma,OK,governor,Democratic Primary,SoonerPoll,2018-03-14 to 2018-03-22,2018-03-14,2018-03-22,264,,Drew Edmondson,D,34%,False,"March 14–22, 2018"
2018,Oklahoma,OK,governor,Democratic Primary,SoonerPoll,2018-01-04 to 2018-01-09,2018-01-04,2018-01-09,162,,Drew Edmondson,D,40%,False,"January 4–9, 2018"
2018,Oklahoma,OK,governor,Democratic Primary,Right Strategy Group,2018-06-06 to 2018-06-07,2018-06-06,2018-06-07,,,Connie Johnson,D,11%,False,"June 6–7, 2018"
2018,Oklahoma,OK,governor,Democratic Primary,SoonerPoll,2018-05-15 to 2018-05-23,2018-05-15,2018-05-23,297,5.7,Connie Johnson,D,14%,False,"May 15–23, 2018"
2018,Oklahoma,OK,governor,Democratic Primary,SoonerPoll,2018-03-14 to 2018-03-22,2018-03-14,2018-03-22,264,,Connie Johnson,D,13%,False,"March 14–22, 2018"
2018,Oklahoma,OK,governor,Democratic Primary,SoonerPoll,2018-01-04 to 2018-01-09,2018-01-04,2018-01-09,162,,Connie Johnson,D,21%,False,"January 4–9, 2018"
2018,Oklahoma,OK,governor,Democratic Primary,SoonerPoll,2018-03-14 to 2018-03-22,2018-03-14,2018-03-22,264,,Norman Brown,D,4%,False,"March 14–22, 2018"
2018,Oklahoma,OK,governor,Democratic Primary,SoonerPoll,2018-01-04 to 2018-01-09,2018-01-04,2018-01-09,162,,Norman Brown,D,4%,False,"January 4–9, 2018"
2018,Oregon,OR,governor,Republican Primary,Global Strategy Group,2018-05-03 to 2018-05-06,2018-05-03,2018-05-06,438,4.7,Knute Buehler,R,33%,False,"May 3–6, 2018"
2018,Oregon,OR,governor,Republican Primary,Triton Polling & Research,2018-04-19 to 2018-04-22,2018-04-19,2018-04-22,"1,013",3.1,Knute Buehler,R,39%,False,"April 19–22, 2018"
2018,Oregon,OR,governor,Republican Primary,Triton Polling & Research,2018-03-19 to 2018-03-25,2018-03-19,2018-03-25,628,,Knute Buehler,R,23%,False,"March 19–25, 2018"
2018,Oregon,OR,governor,Republican Primary,iCitizen,2017-09-13 to 2017-09-28,2017-09-13,2017-09-28,168,3.9,Knute Buehler,R,28%,False,"September 13–28, 2017"
2018,Oregon,OR,governor,Republican Primary,Global Strategy Group,2018-05-03 to 2018-05-06,2018-05-03,2018-05-06,438,4.7,Sam Carpenter,R,25%,False,"May 3–6, 2018"
2018,Oregon,OR,governor,Republican Primary,Triton Polling & Research,2018-04-19 to 2018-04-22,2018-04-19,2018-04-22,"1,013",3.1,Sam Carpenter,R,24%,False,"April 19–22, 2018"
2018,Oregon,OR,governor,Republican Primary,Triton Polling & Research,2018-03-19 to 2018-03-25,2018-03-19,2018-03-25,628,,Sam Carpenter,R,23%,False,"March 19–25, 2018"
2018,Oregon,OR,governor,Republican Primary,iCitizen,2017-09-13 to 2017-09-28,2017-09-13,2017-09-28,168,3.9,Lori Chavez-DeRemer,R,8%,False,"September 13–28, 2017"
2018,Oregon,OR,governor,Republican Primary,Global Strategy Group,2018-05-03 to 2018-05-06,2018-05-03,2018-05-06,438,4.7,Greg Wooldridge,R,8%,False,"May 3–6, 2018"
2018,Oregon,OR,governor,Republican Primary,Triton Polling & Research,2018-04-19 to 2018-04-22,2018-04-19,2018-04-22,"1,013",3.1,Greg Wooldridge,R,12%,False,"April 19–22, 2018"
2018,Oregon,OR,governor,Republican Primary,Triton Polling & Research,2018-03-19 to 2018-03-25,2018-03-19,2018-03-25,628,,Greg Wooldridge,R,4%,False,"March 19–25, 2018"
2018,Oregon,OR,governor,Republican Primary,iCitizen,2017-09-13 to 2017-09-28,2017-09-13,2017-09-28,168,3.9,Greg Wooldridge,R,31%,False,"September 13–28, 2017"
2018,Pennsylvania,PA,governor,Republican Primary,Susquehanna Polling & Research,2018-05-04 to 2018-05-08,2018-05-04,2018-05-08,545,4.2,Laura Ellsworth,R,18%,False,"May 4–8, 2018"
2018,Pennsylvania,PA,governor,Republican Primary,ColdSpark Media,2018-05,2018-05-01,2018-05-31,,,Laura Ellsworth,R,17%,False,May 2018
2018,Pennsylvania,PA,governor,Republican Primary,McLaughlin & Associates,2018-04-02 to 2018-04-03,2018-04-02,2018-04-03,500,4.5,Laura Ellsworth,R,9%,False,"April 2–3, 2018"
2018,Pennsylvania,PA,governor,Republican Primary,Revily,2018-03-13 to 2018-03-15,2018-03-13,2018-03-15,800,3.4,Laura Ellsworth,R,4%,False,"March 13–15, 2018"
2018,Pennsylvania,PA,governor,Republican Primary,Susquehanna Polling & Research,2018-05-04 to 2018-05-08,2018-05-04,2018-05-08,545,4.2,Paul Mango,R,23%,False,"May 4–8, 2018"
2018,Pennsylvania,PA,governor,Republican Primary,ColdSpark Media,2018-05,2018-05-01,2018-05-31,,,Paul Mango,R,24%,False,May 2018
2018,Pennsylvania,PA,governor,Republican Primary,McLaughlin & Associates,2018-04-02 to 2018-04-03,2018-04-02,2018-04-03,500,4.5,Paul Mango,R,24%,False,"April 2–3, 2018"
2018,Pennsylvania,PA,governor,Republican Primary,Revily,2018-03-13 to 2018-03-15,2018-03-13,2018-03-15,800,3.4,Paul Mango,R,18%,False,"March 13–15, 2018"
2018,Pennsylvania,PA,governor,Republican Primary,McLaughlin & Associates,2017-04-09 to 2017-04-10,2017-04-09,2017-04-10,500,4.5,Paul Mango,R,8%,False,"April 9–10, 2017"
2018,Pennsylvania,PA,governor,Republican Primary,McLaughlin & Associates,2017-09-18 to 2017-09-20,2017-09-18,2017-09-20,400,4.9,Paul Mango,R,16%,False,"September 18–20, 2017"
2018,Pennsylvania,PA,governor,Republican Primary,McLaughlin & Associates,2017-04-09 to 2017-04-10,2017-04-09,2017-04-10,500,4.5,Paul Mango,R,13%,False,"April 9–10, 2017"
2018,Pennsylvania,PA,governor,Republican Primary,Susquehanna Polling & Research,2018-05-04 to 2018-05-08,2018-05-04,2018-05-08,545,4.2,Scott Wagner,R,37%,False,"May 4–8, 2018"
2018,Pennsylvania,PA,governor,Republican Primary,ColdSpark Media,2018-05,2018-05-01,2018-05-31,,,Scott Wagner,R,28%,False,May 2018
2018,Pennsylvania,PA,governor,Republican Primary,McLaughlin & Associates,2018-04-02 to 2018-04-03,2018-04-02,2018-04-03,500,4.5,Scott Wagner,R,50%,False,"April 2–3, 2018"
2018,Pennsylvania,PA,governor,Republican Primary,Revily,2018-03-13 to 2018-03-15,2018-03-13,2018-03-15,800,3.4,Scott Wagner,R,20%,False,"March 13–15, 2018"
2018,Pennsylvania,PA,governor,Republican Primary,McLaughlin & Associates,2017-04-09 to 2017-04-10,2017-04-09,2017-04-10,500,4.5,Scott Wagner,R,38%,False,"April 9–10, 2017"
2018,Pennsylvania,PA,governor,Republican Primary,McLaughlin & Associates,2017-09-18 to 2017-09-20,2017-09-18,2017-09-20,400,4.9,Scott Wagner,R,45%,False,"September 18–20, 2017"
2018,Pennsylvania,PA,governor,Republican Primary,McLaughlin & Associates,2017-04-09 to 2017-04-10,2017-04-09,2017-04-10,500,4.5,Scott Wagner,R,42%,False,"April 9–10, 2017"
2018,Pennsylvania,PA,governor,Republican Primary,McLaughlin & Associates,2017-04-09 to 2017-04-10,2017-04-09,2017-04-10,500,4.5,Mike Turzai,R,10%,False,"April 9–10, 2017"
2018,Rhode Island,RI,governor,Republican Primary,National Research Inc.,2018-07-23 to 2018-07-24,2018-07-23,2018-07-24,400,,Allan Fung,R,44%,False,"July 23–24, 2018"
2018,Rhode Island,RI,governor,Republican Primary,Public Opinion Strategies,2018-07-11 to 2018-07-14,2018-07-11,2018-07-14,400,4.9,Allan Fung,R,62%,False,"July 11–14, 2018"
2018,Rhode Island,RI,governor,Republican Primary,TargetPoint,2017-11-04 to 2017-11-06,2017-11-04,2017-11-06,433,4.0,Allan Fung,R,45%,False,"November 4–6, 2017"
2018,Rhode Island,RI,governor,Republican Primary,National Research Inc.,2018-07-23 to 2018-07-24,2018-07-23,2018-07-24,400,,Patricia Morgan,R,33%,False,"July 23–24, 2018"
2018,Rhode Island,RI,governor,Republican Primary,Public Opinion Strategies,2018-07-11 to 2018-07-14,2018-07-11,2018-07-14,400,4.9,Patricia Morgan,R,22%,False,"July 11–14, 2018"
2018,Rhode Island,RI,governor,Republican Primary,TargetPoint,2017-11-04 to 2017-11-06,2017-11-04,2017-11-06,433,4.0,Patricia Morgan,R,24%,False,"November 4–6, 2017"
2018,Rhode Island,RI,governor,Republican Primary,TargetPoint,2017-11-04 to 2017-11-06,2017-11-04,2017-11-06,433,4.0,Joe Trillo,R,10%,False,"November 4–6, 2017"
2018,South Carolina,SC,governor,Republican Primary,"Fabrizio, Lee and Associates",2018-05-29 to 2018-05-31,2018-05-29,2018-05-31,500,4.4,Henry McMaster,R,33%,True,"May 29–31, 2018"
2018,South Carolina,SC,governor,Republican Primary,Target-Insyght,2018-05-29 to 2018-05-31,2018-05-29,2018-05-31,400,5.0,Henry McMaster,R,37%,True,"May 29–31, 2018"
2018,South Carolina,SC,governor,Republican Primary,Target-Insyght,2018-04-03 to 2018-04-05,2018-04-03,2018-04-05,400,5.0,Henry McMaster,R,46%,True,"April 3–5, 2018"
2018,South Carolina,SC,governor,Republican Primary,TargetPoint,2018-03-10 to 2018-03-17,2018-03-10,2018-03-17,397,,Henry McMaster,R,41%,True,"March 10–17, 2018"
2018,South Carolina,SC,governor,Republican Primary,The Trafalgar Group,2017-11-29 to 2017-12-30,2017-11-29,2017-12-30,"2,223",2.1,Henry McMaster,R,40%,True,"November 29 – December 30, 2017"
2018,South Carolina,SC,governor,Republican Primary,Mason-Dixon,2017-12-06 to 2017-12-10,2017-12-06,2017-12-10,400,5.0,Henry McMaster,R,51%,True,"December 6–10, 2017"
2018,South Carolina,SC,governor,Republican Primary,South Carolina Public Affairs,2017-10-10 to 2017-10-11,2017-10-10,2017-10-11,633,4.0,Henry McMaster,R,33%,True,"October 10–11, 2017"
2018,South Carolina,SC,governor,Republican Primary,"Fabrizio, Lee and Associates",2018-05-29 to 2018-05-31,2018-05-29,2018-05-31,500,4.4,Kevin Bryant,R,5%,False,"May 29–31, 2018"
2018,South Carolina,SC,governor,Republican Primary,Target-Insyght,2018-05-29 to 2018-05-31,2018-05-29,2018-05-31,400,5.0,Kevin Bryant,R,4%,False,"May 29–31, 2018"
2018,South Carolina,SC,governor,Republican Primary,Target-Insyght,2018-04-03 to 2018-04-05,2018-04-03,2018-04-05,400,5.0,Kevin Bryant,R,6%,False,"April 3–5, 2018"
2018,South Carolina,SC,governor,Republican Primary,TargetPoint,2018-03-10 to 2018-03-17,2018-03-10,2018-03-17,397,,Kevin Bryant,R,5%,False,"March 10–17, 2018"
2018,South Carolina,SC,governor,Republican Primary,The Trafalgar Group,2017-11-29 to 2017-12-30,2017-11-29,2017-12-30,"2,223",2.1,Kevin Bryant,R,11%,False,"November 29 – December 30, 2017"
2018,South Carolina,SC,governor,Republican Primary,Mason-Dixon,2017-12-06 to 2017-12-10,2017-12-06,2017-12-10,400,5.0,Kevin Bryant,R,8%,False,"December 6–10, 2017"
2018,South Carolina,SC,governor,Republican Primary,South Carolina Public Affairs,2017-10-10 to 2017-10-11,2017-10-10,2017-10-11,633,4.0,Kevin Bryant,R,5%,False,"October 10–11, 2017"
2018,South Carolina,SC,governor,Republican Primary,"Fabrizio, Lee and Associates",2018-05-29 to 2018-05-31,2018-05-29,2018-05-31,500,4.4,Yancey McGill,R,2%,False,"May 29–31, 2018"
2018,South Carolina,SC,governor,Republican Primary,Target-Insyght,2018-05-29 to 2018-05-31,2018-05-29,2018-05-31,400,5.0,Yancey McGill,R,3%,False,"May 29–31, 2018"
2018,South Carolina,SC,governor,Republican Primary,Target-Insyght,2018-04-03 to 2018-04-05,2018-04-03,2018-04-05,400,5.0,Yancey McGill,R,4%,False,"April 3–5, 2018"
2018,South Carolina,SC,governor,Republican Primary,TargetPoint,2018-03-10 to 2018-03-17,2018-03-10,2018-03-17,397,,Yancey McGill,R,3%,False,"March 10–17, 2018"
2018,South Carolina,SC,governor,Republican Primary,The Trafalgar Group,2017-11-29 to 2017-12-30,2017-11-29,2017-12-30,"2,223",2.1,Yancey McGill,R,3%,False,"November 29 – December 30, 2017"
2018,South Carolina,SC,governor,Republican Primary,Mason-Dixon,2017-12-06 to 2017-12-10,2017-12-06,2017-12-10,400,5.0,Yancey McGill,R,1%,False,"December 6–10, 2017"
2018,South Carolina,SC,governor,Republican Primary,South Carolina Public Affairs,2017-10-10 to 2017-10-11,2017-10-10,2017-10-11,633,4.0,Yancey McGill,R,5%,False,"October 10–11, 2017"
2018,South Carolina,SC,governor,Republican Primary,"Fabrizio, Lee and Associates",2018-05-29 to 2018-05-31,2018-05-29,2018-05-31,500,4.4,Catherine Templeton,R,17%,False,"May 29–31, 2018"
2018,South Carolina,SC,governor,Republican Primary,Target-Insyght,2018-05-29 to 2018-05-31,2018-05-29,2018-05-31,400,5.0,Catherine Templeton,R,25%,False,"May 29–31, 2018"
2018,South Carolina,SC,governor,Republican Primary,Target-Insyght,2018-04-03 to 2018-04-05,2018-04-03,2018-04-05,400,5.0,Catherine Templeton,R,22%,False,"April 3–5, 2018"
2018,South Carolina,SC,governor,Republican Primary,TargetPoint,2018-03-10 to 2018-03-17,2018-03-10,2018-03-17,397,,Catherine Templeton,R,10%,False,"March 10–17, 2018"
2018,South Carolina,SC,governor,Republican Primary,The Trafalgar Group,2017-11-29 to 2017-12-30,2017-11-29,2017-12-30,"2,223",2.1,Catherine Templeton,R,8%,False,"November 29 – December 30, 2017"
2018,South Carolina,SC,governor,Republican Primary,Mason-Dixon,2017-12-06 to 2017-12-10,2017-12-06,2017-12-10,400,5.0,Catherine Templeton,R,21%,False,"December 6–10, 2017"
2018,South Carolina,SC,governor,Republican Primary,South Carolina Public Affairs,2017-10-10 to 2017-10-11,2017-10-10,2017-10-11,633,4.0,Catherine Templeton,R,7%,False,"October 10–11, 2017"
2018,South Carolina,SC,governor,Republican Primary,"Fabrizio, Lee and Associates",2018-05-29 to 2018-05-31,2018-05-29,2018-05-31,500,4.4,John Warren,R,19%,False,"May 29–31, 2018"
2018,South Carolina,SC,governor,Republican Primary,Target-Insyght,2018-05-29 to 2018-05-31,2018-05-29,2018-05-31,400,5.0,John Warren,R,20%,False,"May 29–31, 2018"
2018,South Carolina,SC,governor,Republican Primary,Target-Insyght,2018-04-03 to 2018-04-05,2018-04-03,2018-04-05,400,5.0,John Warren,R,1%,False,"April 3–5, 2018"
2018,South Carolina,SC,governor,Republican Primary,TargetPoint,2018-03-10 to 2018-03-17,2018-03-10,2018-03-17,397,,John Warren,R,2%,False,"March 10–17, 2018"
2018,South Carolina,SC,governor,Republican Primary,The Trafalgar Group,2018-06-19 to 2018-06-21,2018-06-19,2018-06-21,"1,650",3.0,Henry McMaster,R,54%,True,"June 19–21, 2018"
2018,South Carolina,SC,governor,Republican Primary,"Fabrizio, Lee and Associates",2018-06-19 to 2018-06-20,2018-06-19,2018-06-20,500,4.4,Henry McMaster,R,42%,True,"June 19–20, 2018"
2018,South Carolina,SC,governor,Republican Primary,The Trafalgar Group,2018-06-13 to 2018-06-14,2018-06-13,2018-06-14,"1,000",3.0,Henry McMaster,R,60%,True,"June 13–14, 2018"
2018,South Carolina,SC,governor,Republican Primary,The Trafalgar Group,2018-06-19 to 2018-06-21,2018-06-19,2018-06-21,"1,650",3.0,John Warren,R,37%,False,"June 19–21, 2018"
2018,South Carolina,SC,governor,Republican Primary,"Fabrizio, Lee and Associates",2018-06-19 to 2018-06-20,2018-06-19,2018-06-20,500,4.4,John Warren,R,46%,False,"June 19–20, 2018"
2018,South Carolina,SC,governor,Republican Primary,The Trafalgar Group,2018-06-13 to 2018-06-14,2018-06-13,2018-06-14,"1,000",3.0,John Warren,R,31%,False,"June 13–14, 2018"
2018,South Carolina,SC,governor,Democratic Primary,Target-Insyght,2018-04-03 to 2018-04-05,2018-04-03,2018-04-05,400,5.0,Phil Noble,D,27%,False,"April 3–5, 2018"
2018,South Carolina,SC,governor,Democratic Primary,TargetPoint,2018-03-10 to 2018-03-17,2018-03-10,2018-03-17,296,,Phil Noble,D,7%,False,"March 10–17, 2018"
2018,South Carolina,SC,governor,Democratic Primary,The Trafalgar Group,2017-11-29 to 2017-12-30,2017-11-29,2017-12-30,"2,223",2.1,Phil Noble,D,25%,False,"November 29 – December 30, 2017"
2018,South Carolina,SC,governor,Democratic Primary,Target-Insyght,2018-04-03 to 2018-04-05,2018-04-03,2018-04-05,400,5.0,James Smith,D,27%,False,"April 3–5, 2018"
2018,South Carolina,SC,governor,Democratic Primary,TargetPoint,2018-03-10 to 2018-03-17,2018-03-10,2018-03-17,296,,James Smith,D,18%,False,"March 10–17, 2018"
2018,South Carolina,SC,governor,Democratic Primary,The Trafalgar Group,2017-11-29 to 2017-12-30,2017-11-29,2017-12-30,"2,223",2.1,James Smith,D,20%,False,"November 29 – December 30, 2017"
2018,South Carolina,SC,governor,Democratic Primary,Target-Insyght,2018-04-03 to 2018-04-05,2018-04-03,2018-04-05,400,5.0,Marguerite Willis,D,21%,False,"April 3–5, 2018"
2018,South Carolina,SC,governor,Democratic Primary,TargetPoint,2018-03-10 to 2018-03-17,2018-03-10,2018-03-17,296,,Marguerite Willis,D,11%,False,"March 10–17, 2018"
2018,South Dakota,SD,governor,Republican Primary,Mason-Dixon,2018-05-21 to 2018-05-23,2018-05-21,2018-05-23,625,4.5,Kristi Noem,R,45%,False,"May 21–23, 2018"
2018,South Dakota,SD,governor,Republican Primary,Leverage Public Strategies,2018-05-04 to 2018-05-07,2018-05-04,2018-05-07,350,5.2,Kristi Noem,R,38%,False,"May 4–7, 2018"
2018,South Dakota,SD,governor,Republican Primary,Clout Research,2018-04-21 to 2018-04-23,2018-04-21,2018-04-23,815,3.4,Kristi Noem,R,49%,False,"April 21–23, 2018"
2018,South Dakota,SD,governor,Republican Primary,Rockbridge Strategy,2018-04-04,2018-04-04,2018-04-04,500,2.9,Kristi Noem,R,44%,False,"April 4, 2018"
2018,South Dakota,SD,governor,Republican Primary,Moore Information,2018-02-08,2018-02-08,2018-02-08,300,6.0,Kristi Noem,R,40%,False,"February 8, 2018"
2018,South Dakota,SD,governor,Republican Primary,New Age Consultants,2017-11-03,2017-11-03,2017-11-03,509,4.4,Kristi Noem,R,22%,False,"November 3, 2017"
2018,South Dakota,SD,governor,Republican Primary,Mason-Dixon,2018-05-21 to 2018-05-23,2018-05-21,2018-05-23,625,4.5,Marty Jackley,R,44%,False,"May 21–23, 2018"
2018,South Dakota,SD,governor,Republican Primary,Leverage Public Strategies,2018-05-04 to 2018-05-07,2018-05-04,2018-05-07,350,5.2,Marty Jackley,R,39%,False,"May 4–7, 2018"
2018,South Dakota,SD,governor,Republican Primary,Clout Research,2018-04-21 to 2018-04-23,2018-04-21,2018-04-23,815,3.4,Marty Jackley,R,37%,False,"April 21–23, 2018"
2018,South Dakota,SD,governor,Republican Primary,Rockbridge Strategy,2018-04-04,2018-04-04,2018-04-04,500,2.9,Marty Jackley,R,33%,False,"April 4, 2018"
2018,South Dakota,SD,governor,Republican Primary,Moore Information,2018-02-08,2018-02-08,2018-02-08,300,6.0,Marty Jackley,R,35%,False,"February 8, 2018"
2018,South Dakota,SD,governor,Republican Primary,New Age Consultants,2017-11-03,2017-11-03,2017-11-03,509,4.4,Marty Jackley,R,24%,False,"November 3, 2017"
2018,South Dakota,SD,governor,Republican Primary,Moore Information,2018-02-08,2018-02-08,2018-02-08,300,6.0,Lora Hubbel,R,5%,False,"February 8, 2018"
2018,South Dakota,SD,governor,Republican Primary,Moore Information,2018-02-08,2018-02-08,2018-02-08,300,6.0,Terry LaFleur,R,2%,False,"February 8, 2018"
2018,South Dakota,SD,governor,Republican Primary,New Age Consultants,2017-11-03,2017-11-03,2017-11-03,509,4.4,Terry LaFleur,R,3%,False,"November 3, 2017"
2018,Tennessee,TN,governor,Republican Primary,JMC Analytics,2018-07-18 to 2018-07-21,2018-07-18,2018-07-21,500,4.4,Diane Black,R,19%,False,"July 18–21, 2018"
2018,Tennessee,TN,governor,Republican Primary,Emerson College,2018-07-11 to 2018-07-14,2018-07-11,2018-07-14,266,6.4,Diane Black,R,27%,False,"July 11–14, 2018"
2018,Tennessee,TN,governor,Republican Primary,Data Orbital,2018-06-27 to 2018-06-30,2018-06-27,2018-06-30,700,3.7,Diane Black,R,24%,False,"June 27–30, 2018"
2018,Tennessee,TN,governor,Republican Primary,Triton Polling & Research,2018-06-25 to 2018-06-28,2018-06-25,2018-06-28,"1,040",3.1,Diane Black,R,27%,False,"June 25–28, 2018"
2018,Tennessee,TN,governor,Republican Primary,OnMessage Inc.,2018-05-14 to 2018-05-17,2018-05-14,2018-05-17,600,4.0,Diane Black,R,41%,False,"May 14–17, 2018"
2018,Tennessee,TN,governor,Republican Primary,Grassroots Targeting,2018-05-04 to 2018-05-06,2018-05-04,2018-05-06,800,,Diane Black,R,41%,False,"May 4–6, 2018"
2018,Tennessee,TN,governor,Republican Primary,OnMessage Inc.,2018-04,2018-04-01,2018-04-30,,,Diane Black,R,33%,False,April 2018
2018,Tennessee,TN,governor,Republican Primary,OnMessage Inc.,2018-03,2018-03-01,2018-03-31,,,Diane Black,R,31%,False,March 2018
2018,Tennessee,TN,governor,Republican Primary,TargetPoint,2018-03-07 to 2018-03-14,2018-03-07,2018-03-14,390,5.0,Diane Black,R,25%,False,"March 7–14, 2018"
2018,Tennessee,TN,governor,Republican Primary,North Star Onion Research,2018-02-05 to 2018-02-11,2018-02-05,2018-02-11,600,4.0,Diane Black,R,22%,False,"February 5–11, 2018"
2018,Tennessee,TN,governor,Republican Primary,Triton Polling & Research,2017-12-12 to 2017-12-18,2017-12-12,2017-12-18,"1,028",3.1,Diane Black,R,22%,False,"December 12–18, 2017"
2018,Tennessee,TN,governor,Republican Primary,JMC Analytics,2018-07-18 to 2018-07-21,2018-07-18,2018-07-21,500,4.4,Randy Boyd,R,20%,False,"July 18–21, 2018"
2018,Tennessee,TN,governor,Republican Primary,Emerson College,2018-07-11 to 2018-07-14,2018-07-11,2018-07-14,266,6.4,Randy Boyd,R,22%,False,"July 11–14, 2018"
2018,Tennessee,TN,governor,Republican Primary,Data Orbital,2018-06-27 to 2018-06-30,2018-06-27,2018-06-30,700,3.7,Randy Boyd,R,23%,False,"June 27–30, 2018"
2018,Tennessee,TN,governor,Republican Primary,Triton Polling & Research,2018-06-25 to 2018-06-28,2018-06-25,2018-06-28,"1,040",3.1,Randy Boyd,R,33%,False,"June 25–28, 2018"
2018,Tennessee,TN,governor,Republican Primary,OnMessage Inc.,2018-05-14 to 2018-05-17,2018-05-14,2018-05-17,600,4.0,Randy Boyd,R,28%,False,"May 14–17, 2018"
2018,Tennessee,TN,governor,Republican Primary,Grassroots Targeting,2018-05-04 to 2018-05-06,2018-05-04,2018-05-06,800,,Randy Boyd,R,26%,False,"May 4–6, 2018"
2018,Tennessee,TN,governor,Republican Primary,OnMessage Inc.,2018-04,2018-04-01,2018-04-30,,,Randy Boyd,R,30%,False,April 2018
2018,Tennessee,TN,governor,Republican Primary,OnMessage Inc.,2018-03,2018-03-01,2018-03-31,,,Randy Boyd,R,31%,False,March 2018
2018,Tennessee,TN,governor,Republican Primary,TargetPoint,2018-03-07 to 2018-03-14,2018-03-07,2018-03-14,390,5.0,Randy Boyd,R,20%,False,"March 7–14, 2018"
2018,Tennessee,TN,governor,Republican Primary,North Star Onion Research,2018-02-05 to 2018-02-11,2018-02-05,2018-02-11,600,4.0,Randy Boyd,R,25%,False,"February 5–11, 2018"
2018,Tennessee,TN,governor,Republican Primary,Triton Polling & Research,2017-12-12 to 2017-12-18,2017-12-12,2017-12-18,"1,028",3.1,Randy Boyd,R,12%,False,"December 12–18, 2017"
2018,Tennessee,TN,governor,Republican Primary,JMC Analytics,2018-07-18 to 2018-07-21,2018-07-18,2018-07-21,500,4.4,Beth Harwell,R,16%,False,"July 18–21, 2018"
2018,Tennessee,TN,governor,Republican Primary,Emerson College,2018-07-11 to 2018-07-14,2018-07-11,2018-07-14,266,6.4,Beth Harwell,R,14%,False,"July 11–14, 2018"
2018,Tennessee,TN,governor,Republican Primary,Data Orbital,2018-06-27 to 2018-06-30,2018-06-27,2018-06-30,700,3.7,Beth Harwell,R,10%,False,"June 27–30, 2018"
2018,Tennessee,TN,governor,Republican Primary,Triton Polling & Research,2018-06-25 to 2018-06-28,2018-06-25,2018-06-28,"1,040",3.1,Beth Harwell,R,7%,False,"June 25–28, 2018"
2018,Tennessee,TN,governor,Republican Primary,OnMessage Inc.,2018-05-14 to 2018-05-17,2018-05-14,2018-05-17,600,4.0,Beth Harwell,R,8%,False,"May 14–17, 2018"
2018,Tennessee,TN,governor,Republican Primary,Grassroots Targeting,2018-05-04 to 2018-05-06,2018-05-04,2018-05-06,800,,Beth Harwell,R,6%,False,"May 4–6, 2018"
2018,Tennessee,TN,governor,Republican Primary,OnMessage Inc.,2018-04,2018-04-01,2018-04-30,,,Beth Harwell,R,5%,False,April 2018
2018,Tennessee,TN,governor,Republican Primary,OnMessage Inc.,2018-03,2018-03-01,2018-03-31,,,Beth Harwell,R,10%,False,March 2018
2018,Tennessee,TN,governor,Republican Primary,TargetPoint,2018-03-07 to 2018-03-14,2018-03-07,2018-03-14,390,5.0,Beth Harwell,R,6%,False,"March 7–14, 2018"
2018,Tennessee,TN,governor,Republican Primary,North Star Onion Research,2018-02-05 to 2018-02-11,2018-02-05,2018-02-11,600,4.0,Beth Harwell,R,4%,False,"February 5–11, 2018"
2018,Tennessee,TN,governor,Republican Primary,Triton Polling & Research,2017-12-12 to 2017-12-18,2017-12-12,2017-12-18,"1,028",3.1,Beth Harwell,R,6%,False,"December 12–18, 2017"
2018,Tennessee,TN,governor,Republican Primary,JMC Analytics,2018-07-18 to 2018-07-21,2018-07-18,2018-07-21,500,4.4,Bill Lee,R,26%,False,"July 18–21, 2018"
2018,Tennessee,TN,governor,Republican Primary,Emerson College,2018-07-11 to 2018-07-14,2018-07-11,2018-07-14,266,6.4,Bill Lee,R,19%,False,"July 11–14, 2018"
2018,Tennessee,TN,governor,Republican Primary,Data Orbital,2018-06-27 to 2018-06-30,2018-06-27,2018-06-30,700,3.7,Bill Lee,R,19%,False,"June 27–30, 2018"
2018,Tennessee,TN,governor,Republican Primary,Triton Polling & Research,2018-06-25 to 2018-06-28,2018-06-25,2018-06-28,"1,040",3.1,Bill Lee,R,20%,False,"June 25–28, 2018"
2018,Tennessee,TN,governor,Republican Primary,OnMessage Inc.,2018-05-14 to 2018-05-17,2018-05-14,2018-05-17,600,4.0,Bill Lee,R,9%,False,"May 14–17, 2018"
2018,Tennessee,TN,governor,Republican Primary,Grassroots Targeting,2018-05-04 to 2018-05-06,2018-05-04,2018-05-06,800,,Bill Lee,R,11%,False,"May 4–6, 2018"
2018,Tennessee,TN,governor,Republican Primary,OnMessage Inc.,2018-04,2018-04-01,2018-04-30,,,Bill Lee,R,13%,False,April 2018
2018,Tennessee,TN,governor,Republican Primary,OnMessage Inc.,2018-03,2018-03-01,2018-03-31,,,Bill Lee,R,10%,False,March 2018
2018,Tennessee,TN,governor,Republican Primary,TargetPoint,2018-03-07 to 2018-03-14,2018-03-07,2018-03-14,390,5.0,Bill Lee,R,7%,False,"March 7–14, 2018"
2018,Tennessee,TN,governor,Republican Primary,North Star Onion Research,2018-02-05 to 2018-02-11,2018-02-05,2018-02-11,600,4.0,Bill Lee,R,18%,False,"February 5–11, 2018"
2018,Tennessee,TN,governor,Republican Primary,Triton Polling & Research,2017-12-12 to 2017-12-18,2017-12-12,2017-12-18,"1,028",3.1,Bill Lee,R,4%,False,"December 12–18, 2017"
2018,Tennessee,TN,governor,Democratic Primary,Emerson College,2018-07-11 to 2018-07-14,2018-07-11,2018-07-14,206,7.3,Karl Dean,D,44%,False,"July 11–14, 2018"
2018,Tennessee,TN,governor,Democratic Primary,TargetPoint,2018-03-07 to 2018-03-14,2018-03-07,2018-03-14,288,5.8,Karl Dean,D,41%,False,"March 7–14, 2018"
2018,Tennessee,TN,governor,Democratic Primary,Emerson College,2018-07-11 to 2018-07-14,2018-07-11,2018-07-14,206,7.3,Craig Fitzhugh,D,14%,False,"July 11–14, 2018"
2018,Tennessee,TN,governor,Democratic Primary,TargetPoint,2018-03-07 to 2018-03-14,2018-03-07,2018-03-14,288,5.8,Craig Fitzhugh,D,11%,False,"March 7–14, 2018"
2018,Texas,TX,governor,Republican Primary,Dixie Strategies,2018-02-22 to 2018-02-23,2018-02-22,2018-02-23,,4.7,Greg Abbott,R,84%,True,"February 22–23, 2018"
2018,Texas,TX,governor,Republican Primary,University of Texas,2018-02-01 to 2018-02-12,2018-02-01,2018-02-12,612,5.3,Greg Abbott,R,95%,True,"February 1–12, 2018"
2018,Texas,TX,governor,Republican Primary,Dixie Strategies,2018-02-22 to 2018-02-23,2018-02-22,2018-02-23,,4.7,Barbara Krueger,R,2%,False,"February 22–23, 2018"
2018,Texas,TX,governor,Republican Primary,University of Texas,2018-02-01 to 2018-02-12,2018-02-01,2018-02-12,612,5.3,Barbara Krueger,R,5%,False,"February 1–12, 2018"
2018,Texas,TX,governor,Democratic Primary,Dixie Strategies,2018-02-22 to 2018-02-23,2018-02-22,2018-02-23,,5.7,Adrian Ocegueda,D,6%,False,"February 22–23, 2018"
2018,Texas,TX,governor,Democratic Primary,University of Texas,2018-02-01 to 2018-02-12,2018-02-01,2018-02-12,453,7.4,Adrian Ocegueda,D,5%,False,"February 1–12, 2018"
2018,Texas,TX,governor,Democratic Primary,Dixie Strategies,2018-02-22 to 2018-02-23,2018-02-22,2018-02-23,,5.7,Jeffrey Payne,D,1%,False,"February 22–23, 2018"
2018,Texas,TX,governor,Democratic Primary,University of Texas,2018-02-01 to 2018-02-12,2018-02-01,2018-02-12,453,7.4,Jeffrey Payne,D,5%,False,"February 1–12, 2018"
2018,Texas,TX,governor,Democratic Primary,Dixie Strategies,2018-02-22 to 2018-02-23,2018-02-22,2018-02-23,,5.7,Lupe Valdez,D,12%,False,"February 22–23, 2018"
2018,Texas,TX,governor,Democratic Primary,University of Texas,2018-02-01 to 2018-02-12,2018-02-01,2018-02-12,453,7.4,Lupe Valdez,D,43%,False,"February 1–12, 2018"
2018,Texas,TX,governor,Democratic Primary,Dixie Strategies,2018-02-22 to 2018-02-23,2018-02-22,2018-02-23,,5.7,Tom Wakely,D,2%,False,"February 22–23, 2018"
2018,Texas,TX,governor,Democratic Primary,University of Texas,2018-02-01 to 2018-02-12,2018-02-01,2018-02-12,453,7.4,Tom Wakely,D,7%,False,"February 1–12, 2018"
2018,Texas,TX,governor,Democratic Primary,Dixie Strategies,2018-02-22 to 2018-02-23,2018-02-22,2018-02-23,,5.7,Andrew White,D,17%,False,"February 22–23, 2018"
2018,Texas,TX,governor,Democratic Primary,University of Texas,2018-02-01 to 2018-02-12,2018-02-01,2018-02-12,453,7.4,Andrew White,D,24%,False,"February 1–12, 2018"
2018,Texas,TX,governor,Democratic Primary,Dixie Strategies,2018-02-22 to 2018-02-23,2018-02-22,2018-02-23,,5.7,Grady Yarbrough,D,1%,False,"February 22–23, 2018"
2018,Texas,TX,governor,Democratic Primary,University of Texas,2018-02-01 to 2018-02-12,2018-02-01,2018-02-12,453,7.4,Grady Yarbrough,D,7%,False,"February 1–12, 2018"
2018,Wisconsin,WI,governor,Democratic Primary,Emerson College,2018-07-26 to 2018-07-28,2018-07-26,2018-07-28,282,6.3,Tony Evers,D,30%,False,"July 26–28, 2018"
2018,Wisconsin,WI,governor,Democratic Primary,Marist College,2018-07-15 to 2018-07-19,2018-07-15,2018-07-19,466,5.3,Tony Evers,D,25%,False,"July 15–19, 2018"
2018,Wisconsin,WI,governor,Democratic Primary,Marquette University,2018-07-11 to 2018-07-15,2018-07-11,2018-07-15,305,6.6,Tony Evers,D,31%,False,"July 11–15, 2018"
2018,Wisconsin,WI,governor,Democratic Primary,Marquette University,2018-06-13 to 2018-06-17,2018-06-13,2018-06-17,278,6.4,Tony Evers,D,25%,False,"June 13–17, 2018"
2018,Wisconsin,WI,governor,Democratic Primary,FM3 Research,2018-03-16 to 2018-03-19,2018-03-16,2018-03-19,601,4.0,Tony Evers,D,30%,False,"March 16–19, 2018"
2018,Wisconsin,WI,governor,Democratic Primary,Marquette University,2018-02-25 to 2018-03-01,2018-02-25,2018-03-01,318,7.1,Tony Evers,D,18%,False,"February 25 – March 1, 2018"
2018,Wisconsin,WI,governor,Democratic Primary,Public Policy Polling,2018-01-08 to 2018-01-10,2018-01-08,2018-01-10,747,3.6,Tony Evers,D,29%,False,"January 8–10, 2018"
2018,Wisconsin,WI,governor,Democratic Primary,Emerson College,2018-07-26 to 2018-07-28,2018-07-26,2018-07-28,282,6.3,Matt Flynn,D,5%,False,"July 26–28, 2018"
2018,Wisconsin,WI,governor,Democratic Primary,Marist College,2018-07-15 to 2018-07-19,2018-07-15,2018-07-19,466,5.3,Matt Flynn,D,3%,False,"July 15–19, 2018"
2018,Wisconsin,WI,governor,Democratic Primary,Marquette University,2018-07-11 to 2018-07-15,2018-07-11,2018-07-15,305,6.6,Matt Flynn,D,5%,False,"July 11–15, 2018"
2018,Wisconsin,WI,governor,Democratic Primary,Marquette University,2018-06-13 to 2018-06-17,2018-06-13,2018-06-17,278,6.4,Matt Flynn,D,7%,False,"June 13–17, 2018"
2018,Wisconsin,WI,governor,Democratic Primary,FM3 Research,2018-03-16 to 2018-03-19,2018-03-16,2018-03-19,601,4.0,Matt Flynn,D,6%,False,"March 16–19, 2018"
2018,Wisconsin,WI,governor,Democratic Primary,Marquette University,2018-02-25 to 2018-03-01,2018-02-25,2018-03-01,318,7.1,Matt Flynn,D,7%,False,"February 25 – March 1, 2018"
2018,Wisconsin,WI,governor,Democratic Primary,Public Policy Polling,2018-01-08 to 2018-01-10,2018-01-08,2018-01-10,747,3.6,Matt Flynn,D,5%,False,"January 8–10, 2018"
2018,Wisconsin,WI,governor,Democratic Primary,Marist College,2018-07-15 to 2018-07-19,2018-07-15,2018-07-19,466,5.3,Andy Gronik*,D,2%,False,"July 15–19, 2018"
2018,Wisconsin,WI,governor,Democratic Primary,Marquette University,2018-06-13 to 2018-06-17,2018-06-13,2018-06-17,278,6.4,Andy Gronik*,D,4%,False,"June 13–17, 2018"
2018,Wisconsin,WI,governor,Democratic Primary,FM3 Research,2018-03-16 to 2018-03-19,2018-03-16,2018-03-19,601,4.0,Andy Gronik*,D,2%,False,"March 16–19, 2018"
2018,Wisconsin,WI,governor,Democratic Primary,Marquette University,2018-02-25 to 2018-03-01,2018-02-25,2018-03-01,318,7.1,Andy Gronik*,D,3%,False,"February 25 – March 1, 2018"
2018,Wisconsin,WI,governor,Democratic Primary,Public Policy Polling,2018-01-08 to 2018-01-10,2018-01-08,2018-01-10,747,3.6,Andy Gronik*,D,2%,False,"January 8–10, 2018"
2018,Wisconsin,WI,governor,Democratic Primary,Emerson College,2018-07-26 to 2018-07-28,2018-07-26,2018-07-28,282,6.3,Mike McCabe,D,5%,False,"July 26–28, 2018"
2018,Wisconsin,WI,governor,Democratic Primary,Marist College,2018-07-15 to 2018-07-19,2018-07-15,2018-07-19,466,5.3,Mike McCabe,D,7%,False,"July 15–19, 2018"
2018,Wisconsin,WI,governor,Democratic Primary,Marquette University,2018-07-11 to 2018-07-15,2018-07-11,2018-07-15,305,6.6,Mike McCabe,D,3%,False,"July 11–15, 2018"
2018,Wisconsin,WI,governor,Democratic Primary,Marquette University,2018-06-13 to 2018-06-17,2018-06-13,2018-06-17,278,6.4,Mike McCabe,D,7%,False,"June 13–17, 2018"
2018,Wisconsin,WI,governor,Democratic Primary,FM3 Research,2018-03-16 to 2018-03-19,2018-03-16,2018-03-19,601,4.0,Mike McCabe,D,4%,False,"March 16–19, 2018"
2018,Wisconsin,WI,governor,Democratic Primary,Marquette University,2018-02-25 to 2018-03-01,2018-02-25,2018-03-01,318,7.1,Mike McCabe,D,6%,False,"February 25 – March 1, 2018"
2018,Wisconsin,WI,governor,Democratic Primary,Public Policy Polling,2018-01-08 to 2018-01-10,2018-01-08,2018-01-10,747,3.6,Mike McCabe,D,5%,False,"January 8–10, 2018"
2018,Wisconsin,WI,governor,Democratic Primary,Emerson College,2018-07-26 to 2018-07-28,2018-07-26,2018-07-28,282,6.3,Mahlon Mitchell,D,5%,False,"July 26–28, 2018"
2018,Wisconsin,WI,governor,Democratic Primary,Marist College,2018-07-15 to 2018-07-19,2018-07-15,2018-07-19,466,5.3,Mahlon Mitchell,D,3%,False,"July 15–19, 2018"
2018,Wisconsin,WI,governor,Democratic Primary,Marquette University,2018-07-11 to 2018-07-15,2018-07-11,2018-07-15,305,6.6,Mahlon Mitchell,D,6%,False,"July 11–15, 2018"
2018,Wisconsin,WI,governor,Democratic Primary,Marquette University,2018-06-13 to 2018-06-17,2018-06-13,2018-06-17,278,6.4,Mahlon Mitchell,D,4%,False,"June 13–17, 2018"
2018,Wisconsin,WI,governor,Democratic Primary,FM3 Research,2018-03-16 to 2018-03-19,2018-03-16,2018-03-19,601,4.0,Mahlon Mitchell,D,6%,False,"March 16–19, 2018"
2018,Wisconsin,WI,governor,Democratic Primary,Marquette University,2018-02-25 to 2018-03-01,2018-02-25,2018-03-01,318,7.1,Mahlon Mitchell,D,4%,False,"February 25 – March 1, 2018"
2018,Wisconsin,WI,governor,Democratic Primary,Public Policy Polling,2018-01-08 to 2018-01-10,2018-01-08,2018-01-10,747,3.6,Mahlon Mitchell,D,5%,False,"January 8–10, 2018"
2018,Wisconsin,WI,governor,Democratic Primary,Marist College,2018-07-15 to 2018-07-19,2018-07-15,2018-07-19,466,5.3,Josh Pade,D,1%,False,"July 15–19, 2018"
2018,Wisconsin,WI,governor,Democratic Primary,Marquette University,2018-07-11 to 2018-07-15,2018-07-11,2018-07-15,305,6.6,Josh Pade,D,0%,False,"July 11–15, 2018"
2018,Wisconsin,WI,governor,Democratic Primary,Marquette University,2018-06-13 to 2018-06-17,2018-06-13,2018-06-17,278,6.4,Josh Pade,D,1%,False,"June 13–17, 2018"
2018,Wisconsin,WI,governor,Democratic Primary,Emerson College,2018-07-26 to 2018-07-28,2018-07-26,2018-07-28,282,6.3,Kelda Roys,D,7%,False,"July 26–28, 2018"
2018,Wisconsin,WI,governor,Democratic Primary,Marist College,2018-07-15 to 2018-07-19,2018-07-15,2018-07-19,466,5.3,Kelda Roys,D,3%,False,"July 15–19, 2018"
2018,Wisconsin,WI,governor,Democratic Primary,Marquette University,2018-07-11 to 2018-07-15,2018-07-11,2018-07-15,305,6.6,Kelda Roys,D,3%,False,"July 11–15, 2018"
2018,Wisconsin,WI,governor,Democratic Primary,Marquette University,2018-06-13 to 2018-06-17,2018-06-13,2018-06-17,278,6.4,Kelda Roys,D,2%,False,"June 13–17, 2018"
2018,Wisconsin,WI,governor,Democratic Primary,FM3 Research,2018-03-16 to 2018-03-19,2018-03-16,2018-03-19,601,4.0,Kelda Roys,D,3%,False,"March 16–19, 2018"
2018,Wisconsin,WI,governor,Democratic Primary,Marquette University,2018-02-25 to 2018-03-01,2018-02-25,2018-03-01,318,7.1,Kelda Roys,D,0%,False,"February 25 – March 1, 2018"
2018,Wisconsin,WI,governor,Democratic Primary,Public Policy Polling,2018-01-08 to 2018-01-10,2018-01-08,2018-01-10,747,3.6,Kelda Roys,D,2%,False,"January 8–10, 2018"
2018,Wisconsin,WI,governor,Democratic Primary,Emerson College,2018-07-26 to 2018-07-28,2018-07-26,2018-07-28,282,6.3,Paul Soglin,D,5%,False,"July 26–28, 2018"
2018,Wisconsin,WI,governor,Democratic Primary,Marist College,2018-07-15 to 2018-07-19,2018-07-15,2018-07-19,466,5.3,Paul Soglin,D,6%,False,"July 15–19, 2018"
2018,Wisconsin,WI,governor,Democratic Primary,Marquette University,2018-07-11 to 2018-07-15,2018-07-11,2018-07-15,305,6.6,Paul Soglin,D,4%,False,"July 11–15, 2018"
2018,Wisconsin,WI,governor,Democratic Primary,Marquette University,2018-06-13 to 2018-06-17,2018-06-13,2018-06-17,278,6.4,Paul Soglin,D,7%,False,"June 13–17, 2018"
2018,Wisconsin,WI,governor,Democratic Primary,FM3 Research,2018-03-16 to 2018-03-19,2018-03-16,2018-03-19,601,4.0,Paul Soglin,D,17%,False,"March 16–19, 2018"
2018,Wisconsin,WI,governor,Democratic Primary,Marquette University,2018-02-25 to 2018-03-01,2018-02-25,2018-03-01,318,7.1,Paul Soglin,D,9%,False,"February 25 – March 1, 2018"
2018,Wisconsin,WI,governor,Democratic Primary,Public Policy Polling,2018-01-08 to 2018-01-10,2018-01-08,2018-01-10,747,3.6,Paul Soglin,D,10%,False,"January 8–10, 2018"
2018,Wisconsin,WI,governor,Democratic Primary,Emerson College,2018-07-26 to 2018-07-28,2018-07-26,2018-07-28,282,6.3,Kathleen Vinehout,D,10%,False,"July 26–28, 2018"
2018,Wisconsin,WI,governor,Democratic Primary,Marist College,2018-07-15 to 2018-07-19,2018-07-15,2018-07-19,466,5.3,Kathleen Vinehout,D,7%,False,"July 15–19, 2018"
2018,Wisconsin,WI,governor,Democratic Primary,Marquette University,2018-07-11 to 2018-07-15,2018-07-11,2018-07-15,305,6.6,Kathleen Vinehout,D,6%,False,"July 11–15, 2018"
2018,Wisconsin,WI,governor,Democratic Primary,Marquette University,2018-06-13 to 2018-06-17,2018-06-13,2018-06-17,278,6.4,Kathleen Vinehout,D,5%,False,"June 13–17, 2018"
2018,Wisconsin,WI,governor,Democratic Primary,FM3 Research,2018-03-16 to 2018-03-19,2018-03-16,2018-03-19,601,4.0,Kathleen Vinehout,D,12%,False,"March 16–19, 2018"
2018,Wisconsin,WI,governor,Democratic Primary,Marquette University,2018-02-25 to 2018-03-01,2018-02-25,2018-03-01,318,7.1,Kathleen Vinehout,D,5%,False,"February 25 – March 1, 2018"
2018,Wisconsin,WI,governor,Democratic Primary,Public Policy Polling,2018-01-08 to 2018-01-10,2018-01-08,2018-01-10,747,3.6,Kathleen Vinehout,D,11%,False,"January 8–10, 2018"
2018,Wisconsin,WI,governor,Democratic Primary,Marist College,2018-07-15 to 2018-07-19,2018-07-15,2018-07-19,466,5.3,Dana Wachs*,D,2%,False,"July 15–19, 2018"
2018,Wisconsin,WI,governor,Democratic Primary,Marquette University,2018-06-13 to 2018-06-17,2018-06-13,2018-06-17,278,6.4,Dana Wachs*,D,2%,False,"June 13–17, 2018"
2018,Wisconsin,WI,governor,Democratic Primary,FM3 Research,2018-03-16 to 2018-03-19,2018-03-16,2018-03-19,601,4.0,Dana Wachs*,D,3%,False,"March 16–19, 2018"
2018,Wisconsin,WI,governor,Democratic Primary,Marquette University,2018-02-25 to 2018-03-01,2018-02-25,2018-03-01,318,7.1,Dana Wachs*,D,4%,False,"February 25 – March 1, 2018"
2018,Wisconsin,WI,governor,Democratic Primary,Public Policy Polling,2018-01-08 to 2018-01-10,2018-01-08,2018-01-10,747,3.6,Dana Wachs*,D,4%,False,"January 8–10, 2018"
2018,Wyoming,WY,governor,Republican Primary,University of Wyoming,2018-08-17 to 2018-08-19,2018-08-17,2018-08-19,357,,Foster Friess,R,20%,False,"August 17–19, 2018"
2018,Wyoming,WY,governor,Republican Primary,The Trafalgar Group,2018-08-11 to 2018-08-14,2018-08-11,2018-08-14,"1,775",2.4,Foster Friess,R,21%,False,"August 11–14, 2018"
2018,Wyoming,WY,governor,Republican Primary,University of Wyoming,2018-06-18 to 2018-06-20,2018-06-18,2018-06-20,596,4.0,Foster Friess,R,6%,False,"June 18–20, 2018"
2018,Wyoming,WY,governor,Republican Primary,University of Wyoming,2018-08-17 to 2018-08-19,2018-08-17,2018-08-19,357,,Sam Galeotos,R,10%,False,"August 17–19, 2018"
2018,Wyoming,WY,governor,Republican Primary,The Trafalgar Group,2018-08-11 to 2018-08-14,2018-08-11,2018-08-14,"1,775",2.4,Sam Galeotos,R,10%,False,"August 11–14, 2018"
2018,Wyoming,WY,governor,Republican Primary,University of Wyoming,2018-06-18 to 2018-06-20,2018-06-18,2018-06-20,596,4.0,Sam Galeotos,R,14%,False,"June 18–20, 2018"
2018,Wyoming,WY,governor,Republican Primary,University of Wyoming,2018-08-17 to 2018-08-19,2018-08-17,2018-08-19,357,,Mark Gordon,R,26%,False,"August 17–19, 2018"
2018,Wyoming,WY,governor,Republican Primary,The Trafalgar Group,2018-08-11 to 2018-08-14,2018-08-11,2018-08-14,"1,775",2.4,Mark Gordon,R,20%,False,"August 11–14, 2018"
2018,Wyoming,WY,governor,Republican Primary,University of Wyoming,2018-06-18 to 2018-06-20,2018-06-18,2018-06-20,596,4.0,Mark Gordon,R,19%,False,"June 18–20, 2018"
2018,Wyoming,WY,governor,Republican Primary,University of Wyoming,2018-08-17 to 2018-08-19,2018-08-17,2018-08-19,357,,Harriet Hageman,R,18%,False,"August 17–19, 2018"
2018,Wyoming,WY,governor,Republican Primary,The Trafalgar Group,2018-08-11 to 2018-08-14,2018-08-11,2018-08-14,"1,775",2.4,Harriet Hageman,R,16%,False,"August 11–14, 2018"
2018,Wyoming,WY,governor,Republican Primary,University of Wyoming,2018-06-18 to 2018-06-20,2018-06-18,2018-06-20,596,4.0,Harriet Hageman,R,11%,False,"June 18–20, 2018"
2018,Wyoming,WY,governor,Republican Primary,University of Wyoming,2018-08-17 to 2018-08-19,2018-08-17,2018-08-19,357,,Taylor Haynes,R,9%,False,"August 17–19, 2018"
2018,Wyoming,WY,governor,Republican Primary,The Trafalgar Group,2018-08-11 to 2018-08-14,2018-08-11,2018-08-14,"1,775",2.4,Taylor Haynes,R,6%,False,"August 11–14, 2018"
2018,Wyoming,WY,governor,Republican Primary,University of Wyoming,2018-06-18 to 2018-06-20,2018-06-18,2018-06-20,596,4.0,Taylor Haynes,R,10%,False,"June 18–20, 2018"
