year,state,state_code,office,candidate,party,percentage,winner,incumbent
1925,New Jersey,NJ,governor,A. Harry Moore,Democratic,51.87,True,False
1925,New Jersey,NJ,governor,Arthur Whitney,Politician,47.64,False,False
1925,New Jersey,NJ,governor,Leo M. Harkins,Socialist,0.22,False,False
1925,New Jersey,NJ,governor,''Scattering'',,0.27,False,False
1925,Virginia,VA,governor,Harry F. Byrd,Democratic,74.07,True,False
1925,Virginia,VA,governor,Samuel Harris Hoge,Republican,25.93,False,False
1927,Kentucky,KY,governor,Flemon D. Sampson,Republican,52.09,True,False
1927,Kentucky,KY,governor,J. C. W. Beckham,Democratic,47.91,False,False
1927,Louisiana,LA,governor,Huey Long,Democratic,96.14,True,False
1927,Louisiana,LA,governor,Etienne J. Caire,Republican,3.86,False,False
1927,Mississippi,MS,governor,Theodore G. Bilbo,Democratic,,True,False
1927,Mississippi,MS,governor,''Unopposed'',,,False,False
1929,Virginia,VA,governor,John Garland Pollard,Democratic,62.78,True,False
1929,Virginia,VA,governor,William Moseley Brown,Republican,36.95,False,False
1929,Virginia,VA,governor,John J. Kafka,Socialist,0.17,False,False
1929,Virginia,VA,governor,W. A. Rowe,Independent,0.11,False,False
1931,Kentucky,KY,governor,Ruby Laffoon,Democratic,54.28,True,False
1931,Kentucky,KY,governor,William B. Harrison,Republican,45.43,False,False
1931,Kentucky,KY,governor,John J. Thobe,Socialist,0.14,False,False
1931,Kentucky,KY,governor,Herman Horning,Socialist Labor,0.14,False,False
1931,Louisiana,LA,governor,Oscar K. Allen,Democratic,99.95,True,False
1931,Louisiana,LA,governor,''Scattering'',,0.05,False,False
1931,Mississippi,MS,governor,Martin S. Conner,Democratic,,True,False
1931,Mississippi,MS,governor,''Unopposed'',,,False,False
1931,New Jersey,NJ,governor,A. Harry Moore,Democratic,57.82,True,False
1931,New Jersey,NJ,governor,David Baird Jr.,Republican,39.74,False,False
1931,New Jersey,NJ,governor,Edmund R. Halsey,Independent,1.06,False,False
1931,New Jersey,NJ,governor,Owen M. Bruner,National Prohibition,0.64,False,False
1931,New Jersey,NJ,governor,Herman F. Niessner,Socialist,0.41,False,False
1931,New Jersey,NJ,governor,John J. Ballam,Communist,0.14,False,False
1931,New Jersey,NJ,governor,John C. Butterworth,Socialist Labor,0.12,False,False
1931,New Jersey,NJ,governor,John A. Kelly,Taxpayers,0.08,False,False
1933,Virginia,VA,governor,George Campbell Peery,Democratic,73.74,True,False
1933,Virginia,VA,governor,Fred W. McWane,Republican,24.24,False,False
1933,Virginia,VA,governor,Andrew J. Dunning,Prohibition,0.67,False,False
1933,Virginia,VA,governor,George C. White,Socialist,0.67,False,False
1933,Virginia,VA,governor,John Moffett Robinson,Independent,0.53,False,False
1933,Virginia,VA,governor,W. A. Rowe,Independent,0.16,False,False
1935,Kentucky,KY,governor,Happy Chandler,Democratic,54.46,True,False
1935,Kentucky,KY,governor,King Swope,Republican,45.14,False,False
1935,Kentucky,KY,governor,W. E. Cissna,Prohibition,0.2,False,False
1935,Kentucky,KY,governor,W. A. Sandefur,Socialist,0.08,False,False
1935,Kentucky,KY,governor,Herman Horning,Socialist Labor,0.07,False,False
1935,Kentucky,KY,governor,John J. Thobe,Co-operative Commonwealth,0.05,False,False
1935,Louisiana,LA,governor,Richard W. Leche,Democratic,,True,False
1935,Louisiana,LA,governor,''Unopposed'',,,False,False
1935,Mississippi,MS,governor,Hugh L. White,Democratic,,True,False
1935,Mississippi,MS,governor,''Unopposed'',,,False,False
1937,New Jersey,NJ,governor,A. Harry Moore,Democratic,50.84,True,False
1937,New Jersey,NJ,governor,Lester H. Clee,Republican,47.75,False,False
1937,New Jersey,NJ,governor,James E. Murray,Independent Labor,0.65,False,False
1937,New Jersey,NJ,governor,''Scattering'',,0.76,False,False
1937,Virginia,VA,governor,James Hubert Price,Democratic,82.78,True,False
1937,Virginia,VA,governor,J. Powell Royall,Republican,15.78,False,False
1937,Virginia,VA,governor,Donald Burke,Communist,0.78,False,False
1937,Virginia,VA,governor,James Arthur Edgerton,Prohibition,0.66,False,False
1939,Kentucky,KY,governor,Keen Johnson,Democratic,56.51,True,True
1939,Kentucky,KY,governor,King Swope,Republican,43.49,False,False
1939,Louisiana,LA,governor,Sam H. Jones,Democratic,99.4,True,False
1939,Louisiana,LA,governor,W. W. Tuttle,Republican,0.6,False,False
1939,Mississippi,MS,governor,Paul B. Johnson Sr.,Democratic,,True,False
1939,Mississippi,MS,governor,''Unopposed'',,,False,False
1940,Arizona,AZ,governor,Sidney Preston Osborn,Democratic,65.5,True,False
1940,Arizona,AZ,governor,Jerrie W. Lee,Republican,33.8,False,False
1940,Arizona,AZ,governor,Charles R. Osburn,Prohibition,0.7,False,False
1940,Arkansas,AR,governor,Homer Adkins,Democratic,91.4,True,False
1940,Arkansas,AR,governor,H.C. Stump,Republican,8.2,False,False
1940,Arkansas,AR,governor,Walter S. McNutt,Independent,0.4,False,False
1940,Colorado,CO,governor,Ralph Lawrence Carr,Republican,54.4,True,True
1940,Colorado,CO,governor,George E. Saunders,Democratic,45.0,False,False
1940,Colorado,CO,governor,Carle Whitehead,Socialist,0.4,False,False
1940,Colorado,CO,governor,Laurence W. Cofman,Prohibition,0.3,False,False
1940,Connecticut,CT,governor,Robert A. Hurley,Democratic,49.5,True,False
1940,Connecticut,CT,governor,Raymond E. Baldwin,Republican,47.8,False,True
1940,Connecticut,CT,governor,Jasper McLevy,Socialist,2.3,False,False
1940,Connecticut,CT,governor,Joseph Mackay,Labor,0.2,False,False
1940,Connecticut,CT,governor,Michael A. Russo,Communist,0.2,False,False
1940,Delaware,DE,governor,Walter W. Bacon,Republican,52.4,True,False
1940,Delaware,DE,governor,Josiah Marvel Jr.,Democratic,45.4,False,False
1940,Delaware,DE,governor,Ivan Culbertson,Independent,2.2,False,False
1940,Florida,FL,governor,Primary runoff:,,,True,False
1940,Florida,FL,governor,Spessard Holland,Democratic,56.95,True,False
1940,Florida,FL,governor,Francis P. Whitehair,Democratic,43.05,False,False
1940,Florida,FL,governor,General election:,,,True,False
1940,Georgia,GA,governor,Primary election:,,,True,False
1940,Georgia,GA,governor,Eugene Talmadge,Democratic,51.58,True,False
1940,Georgia,GA,governor,Columbus Roberts,Democratic,35.95,False,False
1940,Georgia,GA,governor,Hosea Abit Nix,Democratic,12.47,False,False
1940,Georgia,GA,governor,General election:,,,True,False
1940,Georgia,GA,governor,J. L. R. Boyd,Prohibition,0.3,False,False
1940,Georgia,GA,governor,Joe Wallace,Independent,0.1,False,False
1940,Idaho,ID,governor,Chase A. Clark,Democratic,50.48,True,False
1940,Idaho,ID,governor,C. A. Bottolfsen,Republican,49.52,False,True
1940,Illinois,IL,governor,Dwight H. Green,Republican,53.0,True,False
1940,Illinois,IL,governor,Harry Hershey,Democratic,46.7,False,False
1940,Illinois,IL,governor,Arthur McDowell,Socialist,0.18,False,False
1940,Illinois,IL,governor,Clay Freeman Gaumer,Prohibition,0.16,False,False
1940,Indiana,IN,governor,Henry F. Schricker,Democratic,49.92,True,False
1940,Indiana,IN,governor,Glenn R. Hillis,Republican,49.69,False,False
1940,Indiana,IN,governor,Mary Donovan Hapgood,Socialist,0.27,False,False
1940,Indiana,IN,governor,Omer S. Whiteman,Prohibition,0.08,False,False
1940,Indiana,IN,governor,Herman Barcus Barefield,Labor,0.04,False,False
1940,Iowa,IA,governor,George A. Wilson,Republican,52.7,True,True
1940,Iowa,IA,governor,John Valentine,Democratic,47.1,False,False
1940,Iowa,IA,governor,M. M. Heptonstall,Prohibition,0.1,False,False
1940,Iowa,IA,governor,Charles Speck,Communist,0.1,False,False
1940,Kansas,KS,governor,Payne Ratner,Republican,49.63,True,True
1940,Kansas,KS,governor,William H. Burke,Democratic,49.58,False,False
1940,Kansas,KS,governor,David C. White,Prohibition,0.61,False,False
1940,Kansas,KS,governor,Ida A. Beloof,Socialist,0.19,False,False
1940,Maine,ME,governor,Sumner Sewall,Republican,63.8,True,False
1940,Maine,ME,governor,Fulton J. Redman,Democratic,36.1,False,False
1940,Maine,ME,governor,Helen Knudsen,Communist,0.1,False,False
1940,Massachusetts,MA,governor,Leverett Saltonstall,Republican,49.74,True,True
1940,Massachusetts,MA,governor,Paul A. Dever,Democratic,49.46,False,False
1940,Massachusetts,MA,governor,Otis Archer Hood,Communist,0.28,False,False
1940,Massachusetts,MA,governor,Jeffrey W. Campbell,Socialist,0.23,False,False
1940,Massachusetts,MA,governor,Henning A. Blomen,Labor,0.17,False,False
1940,Massachusetts,MA,governor,E. Tallmadge Root,Prohibition,0.12,False,False
1940,Michigan,MI,governor,Murray Van Wagoner,Democratic,53.1,True,False
1940,Michigan,MI,governor,Luren Dickinson,Republican,46.6,False,True
1940,Michigan,MI,governor,Seth Whitmore,Socialist,0.2,False,False
1940,Michigan,MI,governor,Philip Raymond,Communist,0.12,False,False
1940,Michigan,MI,governor,Ralph Naylor,Labor,0.04,False,False
1940,Minnesota,MN,governor,Harold Stassen,Republican,52.1,True,True
1940,Minnesota,MN,governor,Hjalmar Petersen,Farmer-labor,36.6,False,False
1940,Minnesota,MN,governor,Edward Murphy,Democratic,11.1,False,False
1940,Minnesota,MN,governor,John William Castle,Industrial,0.25,False,False
1940,Missouri,MO,governor,Forrest C. Donnell,Republican,50.05,True,False
1940,Missouri,MO,governor,Larry McDaniel,Democratic,49.85,False,False
1940,Missouri,MO,governor,Jed A. High,Socialist,0.09,False,False
1940,Missouri,MO,governor,William Wesley Cox,Labor,0.01,False,False
1940,Montana,MT,governor,Sam C. Ford,Republican,50.67,True,False
1940,Montana,MT,governor,Roy E. Ayers,Democratic,48.64,False,True
1940,Montana,MT,governor,Arvo Fredrickson,Communist,0.7,False,False
1940,Nebraska,NE,governor,Dwight Griswold,Republican,60.9,True,False
1940,Nebraska,NE,governor,Terry Carpenter,Democratic,39.1,False,False
1940,New Hampshire,NH,governor,Robert O. Blood,Republican,50.7,True,False
1940,New Hampshire,NH,governor,F. Clyde Keefe,Democratic,49.3,False,False
1940,New Jersey,NJ,governor,Charles Edison,Democratic,51.4,True,False
1940,New Jersey,NJ,governor,Robert C. Hendrickson,Republican,48.0,False,False
1940,New Jersey,NJ,governor,Marion Douglas,Socialist,0.4,False,False
1940,New Jersey,NJ,governor,Manuel Cantor,Communist,0.1,False,False
1940,New Jersey,NJ,governor,John C. Butterworth,Labor,0.1,False,False
1940,New Jersey,NJ,governor,Elmo L. Bateman,Prohibition,0.03,False,False
1940,New Mexico,NM,governor,John E. Miles,Democratic,55.6,True,True
1940,New Mexico,NM,governor,Maurice Miera,Republican,44.4,False,False
1940,North Carolina,NC,governor,J. Melville Broughton,Democratic,75.7,True,False
1940,North Carolina,NC,governor,Robert H. McNeill,Republican,24.3,False,False
1940,North Dakota,ND,governor,John Moses,Democratic,63.1,True,True
1940,North Dakota,ND,governor,Jack A. Patterson,Republican,36.9,False,False
1940,Ohio,OH,governor,John W. Bricker,Republican,55.6,True,True
1940,Ohio,OH,governor,Martin L. Davey,Democratic,45.5,False,False
1940,Rhode Island,RI,governor,J. Howard McGrath,Democratic,55.8,True,False
1940,Rhode Island,RI,governor,William Henry Vanderbilt III,Republican,44.1,False,True
1940,Rhode Island,RI,governor,Wilfred J. Boissy,Communist,0.1,False,False
1940,South Dakota,SD,governor,Harlan J. Bushfield,Republican,55.1,True,True
1940,South Dakota,SD,governor,Lewis W. Bicknell,Democratic,44.9,False,False
1940,Tennessee,TN,governor,Prentice Cooper,Democratic,72.1,True,True
1940,Tennessee,TN,governor,C. Arthur Bruce,Republican,27.9,False,False
1940,Texas,TX,governor,W. Lee O'Daniel,Democratic,94.4,True,True
1940,Texas,TX,governor,George C. Hopkins,Republican,5.6,False,False
1940,Texas,TX,governor,Ben H. Lauderdale,Communist,0.03,False,False
1940,Utah,UT,governor,Herbert B. Maw,Democratic,52.1,True,False
1940,Utah,UT,governor,Don B. Colton,Republican,47.7,False,False
1940,Utah,UT,governor,Ada Williams Quinn,Independent,0.24,False,False
1940,Vermont,VT,governor,William Henry Wills,Republican,64.0,True,False
1940,Vermont,VT,governor,John McGrath,Democratic,36.0,False,False
1940,Washington,WA,governor,Arthur B. Langlie,Republican,50.24,True,False
1940,Washington,WA,governor,Clarence Dill,Democratic,49.49,False,False
1940,Washington,WA,governor,John Brockway,Communist,0.21,False,False
1940,Washington,WA,governor,P. J. Ater,Labor,0.06,False,False
1940,West Virginia,WV,governor,Matthew M. Neely,Democratic,56.4,True,False
1940,West Virginia,WV,governor,Daniel Boone Dawson,Republican,43.6,False,False
1940,Wisconsin,WI,governor,Julius P. Heil,Republican,40.67,True,True
1940,Wisconsin,WI,governor,Orland Steen Loomis,Progressive,39.78,False,False
1940,Wisconsin,WI,governor,Francis E. McGovern,Democratic,19.29,False,False
1940,Wisconsin,WI,governor,Fred B. Blair,Communist,0.17,False,False
1940,Wisconsin,WI,governor,Louis Fisher,Labor,0.08,False,False
1941,Virginia,VA,governor,Colgate Darden,Democratic,80.58,True,False
1941,Virginia,VA,governor,Benjamin Muse,Republican,17.88,False,False
1941,Virginia,VA,governor,Alice Burke,Communist,0.9,False,False
1941,Virginia,VA,governor,Hilliard Bernstein,Socialist,0.64,False,False
1942,Alabama,AL,governor,Chauncey Sparks,Democratic,89.0,True,False
1942,Alabama,AL,governor,Hugh McEniry,Republican,10.5,False,False
1942,Alabama,AL,governor,Ordway Southard,Communist,0.5,False,False
1942,Arizona,AZ,governor,Sidney Preston Osborn,Democratic,72.5,True,True
1942,Arizona,AZ,governor,Jerrie W. Lee,Republican,26.9,False,False
1942,Arizona,AZ,governor,Charles R. Osburn,Prohibition,0.6,False,False
1942,Arkansas,AR,governor,Primary election:,,,True,False
1942,Arkansas,AR,governor,Homer Martin Adkins,Democratic,71.8,True,True
1942,Arkansas,AR,governor,Fred Keller,Democratic,26.3,False,False
1942,Arkansas,AR,governor,Bill Neill,Democratic,1.0,False,False
1942,Arkansas,AR,governor,Vernon Heath,Democratic,0.91,False,False
1942,Arkansas,AR,governor,General election:,,,True,False
1942,California,CA,governor,Earl Warren,Republican,57.1,True,False
1942,California,CA,governor,Culbert Olson,Democratic,41.8,False,True
1942,California,CA,governor,Nathan T. Porter,Independent,0.7,False,False
1942,California,CA,governor,Fred Dyster,Prohibition,0.5,False,False
1942,Colorado,CO,governor,John Charles Vivian,Republican,56.2,True,False
1942,Colorado,CO,governor,Homer F. Bedford,Democratic,43.4,False,False
1942,Colorado,CO,governor,William R. Dietrich,Communist,0.4,False,False
1942,Connecticut,CT,governor,Raymond E. Baldwin,Republican,49.0,True,False
1942,Connecticut,CT,governor,Robert A. Hurley,Democratic,44.4,False,True
1942,Connecticut,CT,governor,Jasper McLevy,Socialist,6.0,False,False
1942,Connecticut,CT,governor,Joseph C. Borden Jr.,Labor,0.7,False,False
1942,Georgia,GA,governor,Primary election:,,,True,False
1942,Georgia,GA,governor,Ellis Arnall,Democratic,57.65,True,False
1942,Georgia,GA,governor,Eugene Talmadge,Democratic,42.35,False,True
1942,Georgia,GA,governor,General election:,,,True,False
1942,Idaho,ID,governor,C. A. Bottolfsen,Republican,50.15,True,False
1942,Idaho,ID,governor,Chase A. Clark,Democratic,49.85,False,True
1942,Iowa,IA,governor,Bourke B. Hickenlooper,Republican,62.8,True,False
1942,Iowa,IA,governor,Nelson G. Kraschel,Democratic,37.0,False,False
1942,Iowa,IA,governor,Ward Hall,Prohibition,0.2,False,False
1942,Iowa,IA,governor,F. M. Briggs,Independent,0.1,False,False
1942,Kansas,KS,governor,Andrew Frank Schoeppel,Republican,56.7,True,False
1942,Kansas,KS,governor,William H. Burke,Democratic,41.8,False,False
1942,Kansas,KS,governor,David C. White,Prohibition,1.3,False,False
1942,Kansas,KS,governor,Ida A. Beloof,Socialist,0.3,False,False
1942,Maine,ME,governor,Sumner Sewall,Republican,66.8,True,True
1942,Maine,ME,governor,George W. Lane Jr.,Democratic,33.2,False,False
1942,Maryland,MD,governor,Herbert O'Conor,Democratic,52.6,True,True
1942,Maryland,MD,governor,Theodore McKeldin,Republican,47.5,False,False
1942,Massachusetts,MA,governor,Leverett Saltonstall,Republican,54.1,True,True
1942,Massachusetts,MA,governor,Roger Putnam,Democratic,45.0,False,False
1942,Massachusetts,MA,governor,Otis Archer Hood,Communist,0.3,False,False
1942,Massachusetts,MA,governor,Joseph S. Massidda,Socialist,0.2,False,False
1942,Massachusetts,MA,governor,Henning A. Blomen,Labor,0.2,False,False
1942,Massachusetts,MA,governor,Guy S. Williams,Prohibition,0.1,False,False
1942,Michigan,MI,governor,Harry Kelly,Republican,52.6,True,False
1942,Michigan,MI,governor,Murray Van Wagoner,Democratic,46.7,False,True
1942,Michigan,MI,governor,Frederic S. Goodrich,Prohibition,0.7,False,False
1942,Minnesota,MN,governor,Harold Stassen,Republican,51.6,True,True
1942,Minnesota,MN,governor,Hjalmar Petersen,Farmer-labor,37.8,False,False
1942,Minnesota,MN,governor,John D. Sullivan,Democratic,9.5,False,False
1942,Minnesota,MN,governor,Martin Mackie,Communist,0.6,False,False
1942,Minnesota,MN,governor,Harris A. Brandborg,Government,0.5,False,False
1942,Nebraska,NE,governor,Dwight Griswold,Republican,74.8,True,True
1942,Nebraska,NE,governor,Charles W. Bryan,Democratic,25.2,False,False
1942,Nevada,NV,governor,Edward P. Carville,Democratic,60.3,True,True
1942,Nevada,NV,governor,Aaron V. Tallman,Republican,39.8,False,False
1942,New Hampshire,NH,governor,Robert O. Blood,Republican,52.2,True,True
1942,New Hampshire,NH,governor,William J. Neal,Democratic,47.8,False,False
1942,New Mexico,NM,governor,John J. Dempsey,Democratic,54.6,True,False
1942,New Mexico,NM,governor,Joseph F. Tondre,Republican,45.5,False,False
1942,New York,NY,governor,Thomas E. Dewey,Republican,52.1,True,False
1942,New York,NY,governor,John J. Bennett Jr.,Democratic,36.4,False,False
1942,New York,NY,governor,Dean Alfange,Labor,9.8,False,False
1942,New York,NY,governor,Israel Amter,Communist,1.1,False,False
1942,New York,NY,governor,Coleman B. Cheney,Socialist,0.5,False,False
1942,New York,NY,governor,Aaron M. Orange,Government,0.1,False,False
1942,North Dakota,ND,governor,John Moses,Democratic,57.6,True,True
1942,North Dakota,ND,governor,Oscar W. Hagen,Republican,42.4,False,False
1942,Ohio,OH,governor,John W. Bricker,Republican,60.5,True,True
1942,Ohio,OH,governor,John McSweeney,Democratic,39.5,False,False
1942,Oklahoma,OK,governor,Robert S. Kerr,Democratic,51.9,True,False
1942,Oklahoma,OK,governor,William Otjen,Republican,47.6,False,False
1942,Oklahoma,OK,governor,Edward W. Fickinger,Prohibition,0.5,False,False
1942,Oregon,OR,governor,Earl Snell,Republican,77.9,True,False
1942,Oregon,OR,governor,Lew Wallace,Democratic,22.1,False,False
1942,Pennsylvania,PA,governor,Edward Martin,Republican,53.7,True,False
1942,Pennsylvania,PA,governor,F. Clair Ross,Democratic,45.1,False,False
1942,Pennsylvania,PA,governor,Dale H. Learn,Prohibition,0.7,False,False
1942,Pennsylvania,PA,governor,John J. Haluska,Independent,0.3,False,False
1942,Pennsylvania,PA,governor,Joseph Pirincin,Labor,0.2,False,False
1942,Rhode Island,RI,governor,J. Howard McGrath,Democratic,58.5,True,True
1942,Rhode Island,RI,governor,James O. McManus,Republican,41.5,False,False
1942,South Carolina,SC,governor,Primary election:,,,True,False
1942,South Carolina,SC,governor,Olin D. Johnston,Democratic,51.8,True,False
1942,South Carolina,SC,governor,Wyndham Manning,Democratic,48.2,False,False
1942,South Carolina,SC,governor,General election:,,,True,False
1942,South Dakota,SD,governor,Merrell Q. Sharpe,Republican,61.5,True,False
1942,South Dakota,SD,governor,Lewis W. Bicknell,Democratic,38.5,False,False
1942,Tennessee,TN,governor,Prentice Cooper,Democratic,70.1,True,True
1942,Tennessee,TN,governor,C. N. Frazier,Republican,29.9,False,False
1942,Texas,TX,governor,Coke R. Stevenson,Democratic,96.8,True,True
1942,Texas,TX,governor,C. K. McDowell,Republican,3.2,False,False
1942,Vermont,VT,governor,William Henry Wills,Republican,77.9,True,True
1942,Vermont,VT,governor,Park H. Pollard,Democratic,22.1,False,False
1942,Wisconsin,WI,governor,Orland Steen Loomis,Progressive,49.7,True,False
1942,Wisconsin,WI,governor,Julius P. Heil,Republican,36.5,False,True
1942,Wisconsin,WI,governor,William C. Sullivan,Democratic,12.3,False,False
1942,Wisconsin,WI,governor,Frank P. Zeidler,Socialist,1.4,False,False
1942,Wisconsin,WI,governor,Fred B. Blair,Independent,0.1,False,False
1942,Wisconsin,WI,governor,Georgia Cozzini,Independent,0.1,False,False
1942,Wyoming,WY,governor,Lester C. Hunt,Democratic,51.3,True,False
1942,Wyoming,WY,governor,Nels H. Smith,Republican,48.7,False,True
1943,Kentucky,KY,governor,Simeon Willis,Republican,50.49,True,False
1943,Kentucky,KY,governor,J. Lyter Donaldson,Democratic,48.93,False,False
1943,Kentucky,KY,governor,Andrew N. Johnson,Prohibition,0.59,False,False
1943,Louisiana,LA,governor,Jimmie Davis,Democratic,,True,False
1943,Louisiana,LA,governor,''Unopposed'',,,False,False
1943,Mississippi,MS,governor,Thomas L. Bailey,Democratic,,True,False
1943,Mississippi,MS,governor,''Unopposed'',,,False,False
1943,New Jersey,NJ,governor,Walter Evans Edge,Republican,55.2,True,False
1943,New Jersey,NJ,governor,Vincent J. Murphy,Democratic,44.08,False,False
1943,New Jersey,NJ,governor,John C. Butterworth,Socialist Labor,0.4,False,False
1943,New Jersey,NJ,governor,John Binns,National Prohibition,0.18,False,False
1943,New Jersey,NJ,governor,Roy V. H. Wilkinson,Socialist,0.14,False,False
1944,Arizona,AZ,governor,Sidney Preston Osborn,Democratic,77.9,True,True
1944,Arizona,AZ,governor,Jerrie W. Lee,Republican,21.2,False,False
1944,Arizona,AZ,governor,Charles R. Osburn,Prohibition,0.9,False,False
1944,Arkansas,AR,governor,Benjamin T. Laney,Democratic,86.0,True,False
1944,Arkansas,AR,governor,Harley C. Stump,Republican,14.0,False,False
1944,Colorado,CO,governor,John Charles Vivian,Republican,52.4,True,True
1944,Colorado,CO,governor,Roy Phelix Best,Democratic,47.6,False,False
1944,Connecticut,CT,governor,Raymond E. Baldwin,Republican,50.5,True,True
1944,Connecticut,CT,governor,Robert A. Hurley,Democratic,47.4,False,False
1944,Connecticut,CT,governor,Jasper McLevy,Socialist,2.0,False,False
1944,Connecticut,CT,governor,Joseph C. Borden Jr.,Labor,0.2,False,False
1944,Delaware,DE,governor,Walter W. Bacon,Republican,50.5,True,True
1944,Delaware,DE,governor,Isaac J. MacCollum,Democratic,49.2,False,False
1944,Delaware,DE,governor,Thomas W. Jakes,Prohibition,0.3,False,False
1944,Florida,FL,governor,Millard Caldwell,Democratic,79.0,True,False
1944,Florida,FL,governor,Bert L. Acker,Republican,21.0,False,False
1944,Idaho,ID,governor,Charles C. Gossett,Democratic,52.6,True,False
1944,Idaho,ID,governor,W. H. Detwiler,Republican,47.4,False,False
1944,Illinois,IL,governor,Dwight H. Green,Republican,50.8,True,True
1944,Illinois,IL,governor,Thomas J. Courtney,Democratic,49.0,False,False
1944,Illinois,IL,governor,Charles Storm,Labor,0.2,False,False
1944,Illinois,IL,governor,Willis R. Wilson,Prohibition,0.1,False,False
1944,Indiana,IN,governor,Ralph F. Gates,Republican,51.0,True,False
1944,Indiana,IN,governor,Samuel D. Jackson,Democratic,48.2,False,False
1944,Indiana,IN,governor,Waldo E. Yeater,Prohibition,0.7,False,False
1944,Indiana,IN,governor,William Rabe,Socialist,0.1,False,False
1944,Iowa,IA,governor,Robert D. Blue,Republican,56.0,True,False
1944,Iowa,IA,governor,R. F. Mitchell,Democratic,43.6,False,False
1944,Iowa,IA,governor,Glen Williamson,Prohibition,0.3,False,False
1944,Iowa,IA,governor,Hugh Bockewitz,Socialist,0.1,False,False
1944,Kansas,KS,governor,Andrew Frank Schoeppel,Republican,65.7,True,True
1944,Kansas,KS,governor,Robert S. Lemon,Democratic,32.8,False,False
1944,Kansas,KS,governor,David C. White,Prohibition,1.1,False,False
1944,Kansas,KS,governor,W. W. Tamplin,Socialist,0.3,False,False
1944,Maine,ME,governor,Horace Hildreth,Republican,70.3,True,False
1944,Maine,ME,governor,Paul Julien,Democratic,29.7,False,False
1944,Massachusetts,MA,governor,Maurice J. Tobin,Democratic,53.6,True,False
1944,Massachusetts,MA,governor,Horace T. Cahill,Republican,46.0,False,False
1944,Massachusetts,MA,governor,Henning A. Blomen,Labor,0.3,False,False
1944,Massachusetts,MA,governor,Guy S. Williams,Prohibition,0.2,False,False
1944,Michigan,MI,governor,Harry Kelly,Republican,54.7,True,True
1944,Michigan,MI,governor,Edward J. Fry,Democratic,44.8,False,False
1944,Michigan,MI,governor,Seth A. Davey,Prohibition,0.3,False,False
1944,Michigan,MI,governor,Forest Odell,Socialist,0.1,False,False
1944,Michigan,MI,governor,Leland Marion,Independent,0.1,False,False
1944,Michigan,MI,governor,Theos A. Grove,Labor,0.1,False,False
1944,Minnesota,MN,governor,Edward J. Thye,Republican,61.6,True,True
1944,Minnesota,MN,governor,Byron G. Allen,Minnesota Democratic-farmer-labor,37.8,False,False
1944,Minnesota,MN,governor,Gerald M. York,Government,0.6,False,False
1944,Missouri,MO,governor,Phil M. Donnelly,Democratic,50.94,True,False
1944,Missouri,MO,governor,Jean Paul Bradshaw,Republican,48.97,False,False
1944,Missouri,MO,governor,W. F. Rinck,Socialist,0.08,False,False
1944,Missouri,MO,governor,Stephen Tendler,Labor,0.01,False,False
1944,Montana,MT,governor,Sam C. Ford,Republican,56.4,True,True
1944,Montana,MT,governor,Leif Erickson,Democratic,43.2,False,False
1944,Montana,MT,governor,Charles R. Miller,Prohibition,0.5,False,False
1944,Nebraska,NE,governor,Dwight Griswold,Republican,76.1,True,True
1944,Nebraska,NE,governor,George W. Olsen,Democratic,23.9,False,False
1944,New Hampshire,NH,governor,Charles M. Dale,Republican,53.1,True,False
1944,New Hampshire,NH,governor,James J. Powers,Democratic,46.9,False,False
1944,New Mexico,NM,governor,John J. Dempsey,Democratic,51.9,True,True
1944,New Mexico,NM,governor,Carroll G. Gunderson,Republican,48.2,False,False
1944,North Carolina,NC,governor,R. Gregg Cherry,Democratic,69.6,True,False
1944,North Carolina,NC,governor,Frank C. Patton,Republican,30.4,False,False
1944,North Dakota,ND,governor,Fred G. Aandahl,Republican,52.0,True,False
1944,North Dakota,ND,governor,William T. Depuy,Democratic,28.9,False,False
1944,North Dakota,ND,governor,Alvin C. Strutz,Independent,18.8,False,False
1944,North Dakota,ND,governor,A. M. Wiley,Prohibition,0.3,False,False
1944,Ohio,OH,governor,Frank Lausche,Democratic,51.8,True,False
1944,Ohio,OH,governor,James Garfield Stewart,Republican,48.2,False,False
1944,Rhode Island,RI,governor,J. Howard McGrath,Democratic,60.7,True,True
1944,Rhode Island,RI,governor,Norman D. MacLeod,Republican,39.4,False,False
1944,South Dakota,SD,governor,Merrell Q. Sharpe,Republican,65.5,True,True
1944,South Dakota,SD,governor,Lynn Fellows,Democratic,34.5,False,False
1944,Tennessee,TN,governor,Jim Nance McCord,Democratic,62.5,True,False
1944,Tennessee,TN,governor,John W. Kilgo,Republican,36.0,False,False
1944,Tennessee,TN,governor,John Randolph Neal Jr.,Independent,1.5,False,False
1944,Texas,TX,governor,Coke R. Stevenson,Democratic,91.0,True,True
1944,Texas,TX,governor,B. J. Peasley,Republican,9.0,False,False
1944,Utah,UT,governor,Herbert B. Maw,Democratic,50.21,True,True
1944,Utah,UT,governor,J. Bracken Lee,Republican,49.79,False,False
1944,Vermont,VT,governor,Mortimer Proctor,Republican,65.9,True,False
1944,Vermont,VT,governor,Ernest H. Bailey,Democratic,34.1,False,False
1944,Washington,WA,governor,Monrad Wallgren,Democratic,51.5,True,False
1944,Washington,WA,governor,Arthur B. Langlie,Republican,48.1,False,True
1944,Washington,WA,governor,Allen Emerson,Prohibition,0.2,False,False
1944,Washington,WA,governor,Henry E.O. Gusey,Labor,0.16,False,False
1944,West Virginia,WV,governor,Clarence W. Meadows,Democratic,54.4,True,False
1944,West Virginia,WV,governor,Daniel Boone Dawson,Republican,45.6,False,False
1944,Wisconsin,WI,governor,Walter Samuel Goodland,Republican,52.8,True,True
1944,Wisconsin,WI,governor,Daniel Hoan,Democratic,40.6,False,False
1944,Wisconsin,WI,governor,Alexander O. Benz,Progressive,5.8,False,False
1944,Wisconsin,WI,governor,George A. Nelson,Socialist,0.7,False,False
1944,Wisconsin,WI,governor,Georgia Cozzini,Labor,0.09,False,False
1945,Virginia,VA,governor,William M. Tuck,Democratic,66.58,True,False
1945,Virginia,VA,governor,S. Floyd Landreth,Republican,31.04,False,False
1945,Virginia,VA,governor,Howard Carwile,Independent,2.38,False,False
1946,Alabama,AL,governor,Jim Folsom,Democratic,88.7,True,False
1946,Alabama,AL,governor,Lyman Ward,Republican,11.3,False,False
1946,Arizona,AZ,governor,Sidney Preston Osborn,Democratic,60.1,True,True
1946,Arizona,AZ,governor,Bruce Brockett,Republican,39.9,False,False
1946,Arkansas,AR,governor,Benjamin T. Laney,Democratic,84.1,True,True
1946,Arkansas,AR,governor,W.T. Mills,Republican,15.9,False,False
1946,California,CA,governor,Earl Warren,Republican,91.6,True,True
1946,California,CA,governor,Henry R. Schmidt,Prohibition,7.1,False,False
1946,California,CA,governor,Archie Brown,Communist,0.9,False,False
1946,California,CA,governor,James Roosevelt,Democratic,0.1,False,False
1946,California,CA,governor,Robert W. Kenny,Independent,0.06,False,False
1946,California,CA,governor,Albert Clark,Independent,0.03,False,False
1946,Colorado,CO,governor,William Lee Knous,Democratic,52.1,True,False
1946,Colorado,CO,governor,Leon E. Lavington,Republican,47.9,False,False
1946,Connecticut,CT,governor,James L. McConaughy,Republican,54.4,True,False
1946,Connecticut,CT,governor,Charles Wilbert Snow,Democratic,40.4,False,False
1946,Connecticut,CT,governor,Jasper McLevy,Socialist,4.8,False,False
1946,Connecticut,CT,governor,Herman N. Simon,Labor,0.5,False,False
1946,Georgia,GA,governor,Primary results:,,,True,False
1946,Georgia,GA,governor,Eugene Talmadge,Democratic,42.96,False,False
1946,Georgia,GA,governor,James V. Carmichael,Democratic,45.3,False,False
1946,Georgia,GA,governor,Eurith D. Rivers,Democratic,10.04,False,False
1946,Georgia,GA,governor,Hoke O'Kelley,Democratic,1.7,False,False
1946,Georgia,GA,governor,General election:,,,True,False
1946,Georgia,GA,governor,Herman Talmadge,Democratic,0.46,False,False
1946,Georgia,GA,governor,D. Talmadge Bowers,Independent,0.44,False,False
1946,Georgia,GA,governor,Ellis Arnall,Democratic,0.08,False,True
1946,Idaho,ID,governor,C. A. Robins,Republican,56.4,True,False
1946,Idaho,ID,governor,Arnold Williams,Democratic,43.6,False,True
1946,Iowa,IA,governor,Robert D. Blue,Republican,57.4,True,True
1946,Iowa,IA,governor,Frank Miles,Democratic,42.1,False,False
1946,Iowa,IA,governor,E. P. Gabriel,Prohibition,0.5,False,False
1946,Kansas,KS,governor,Frank Carlson,Republican,53.5,True,False
1946,Kansas,KS,governor,Harry Hines Woodring,Democratic,44.0,False,False
1946,Kansas,KS,governor,David C. White,Prohibition,2.2,False,False
1946,Kansas,KS,governor,Harry Graber,Socialist,0.3,False,False
1946,Maine,ME,governor,Horace Hildreth,Republican,61.3,True,True
1946,Maine,ME,governor,F. Davis Clark,Democratic,38.7,False,False
1946,Maryland,MD,governor,William Preston Lane Jr.,Democratic,54.7,True,False
1946,Maryland,MD,governor,Theodore McKeldin,Republican,45.3,False,False
1946,Massachusetts,MA,governor,Robert F. Bradford,Republican,54.1,True,False
1946,Massachusetts,MA,governor,Maurice J. Tobin,Democratic,45.3,False,True
1946,Massachusetts,MA,governor,Horace I. Hillis,Labor,0.4,False,False
1946,Massachusetts,MA,governor,Guy S. Williams,Prohibition,0.1,False,False
1946,Michigan,MI,governor,Kim Sigler,Republican,60.3,True,False
1946,Michigan,MI,governor,Murray Van Wagoner,Democratic,38.7,False,False
1946,Michigan,MI,governor,Gordon Phillips,Prohibition,0.7,False,False
1946,Michigan,MI,governor,James Sim,Labor,0.3,False,False
1946,Minnesota,MN,governor,Luther Youngdahl,Republican,59.0,True,False
1946,Minnesota,MN,governor,Harold H. Barker,Minnesota Democratic-farmer-labor,39.7,False,False
1946,Minnesota,MN,governor,Rudolph Gustafson,Government,1.3,False,False
1946,Nebraska,NE,governor,Val Peterson,Republican,65.5,True,False
1946,Nebraska,NE,governor,Frank Sorrell,Democratic,35.5,False,False
1946,Nevada,NV,governor,Vail Pittman,Democratic,57.4,True,True
1946,Nevada,NV,governor,Melvin E. Jepson,Republican,42.6,False,False
1946,New Hampshire,NH,governor,Charles M. Dale,Republican,63.1,True,True
1946,New Hampshire,NH,governor,F. Clyde Keefe,Democratic,36.9,False,False
1946,New Jersey,NJ,governor,'''Alfred E. Driscoll,Republican,57.1,True,False
1946,New Jersey,NJ,governor,Lewis G. Hansen,Democratic,41.4,False,False
1946,New Mexico,NM,governor,Thomas J. Mabry,Democratic,52.7,True,False
1946,New Mexico,NM,governor,Edward L. Safford,Republican,47.3,False,False
1946,New York,NY,governor,Thomas E. Dewey,Republican,56.9,True,True
1946,New York,NY,governor,James M. Mead,Democratic,43.1,False,False
1946,North Dakota,ND,governor,Fred G. Aandahl,Republican,68.9,True,True
1946,North Dakota,ND,governor,Quentin Burdick,Democratic,31.1,False,False
1946,Ohio,OH,governor,Thomas J. Herbert,Republican,50.6,True,False
1946,Ohio,OH,governor,Frank Lausche,Democratic,48.9,False,True
1946,Ohio,OH,governor,Arla A. Albaugh,Labor,0.5,False,False
1946,Oklahoma,OK,governor,Roy J. Turner,Democratic,52.5,True,False
1946,Oklahoma,OK,governor,Olney F. Flynn,Republican,46.0,False,False
1946,Oklahoma,OK,governor,"Mildred ""Mickey"" Harrell",Independent,1.45,False,False
1946,Oklahoma,OK,governor,R.M. Funk,Independent,0.05,False,False
1946,Oklahoma,OK,governor,Bruno H. Miller,Independent,0.05,False,False
1946,Oregon,OR,governor,Earl Snell,Republican,69.1,True,True
1946,Oregon,OR,governor,Carl C. Donaugh,Democratic,30.9,False,False
1946,Pennsylvania,PA,governor,James H. Duff,Republican,58.5,True,False
1946,Pennsylvania,PA,governor,John S. Rice,Democratic,40.7,False,False
1946,Pennsylvania,PA,governor,James Killip,Prohibition,0.44,False,False
1946,Pennsylvania,PA,governor,George S. Taylor,Labor,0.34,False,False
1946,Rhode Island,RI,governor,John Pastore,Democratic,54.3,True,True
1946,Rhode Island,RI,governor,John G. Murphy,Republican,45.7,False,False
1946,South Carolina,SC,governor,Primary run-off:,,,True,False
1946,South Carolina,SC,governor,Strom Thurmond,Democratic,56.95,True,False
1946,South Carolina,SC,governor,James C. McLeod,Democratic,43.05,False,False
1946,South Carolina,SC,governor,General election:,,,True,False
1946,South Dakota,SD,governor,George T. Mickelson,Republican,67.2,True,False
1946,South Dakota,SD,governor,Richard Haeder,Democratic,32.8,False,False
1946,Tennessee,TN,governor,Jim Nance McCord,Democratic,65.4,True,True
1946,Tennessee,TN,governor,W.O. Lowe,Republican,31.9,False,False
1946,Tennessee,TN,governor,John Randolph Neal Jr.,Independent,2.7,False,False
1946,Texas,TX,governor,Beauford H. Jester,Democratic,91.2,True,False
1946,Texas,TX,governor,Eugene Nolte,Republican,8.8,False,False
1946,Vermont,VT,governor,Ernest W. Gibson Jr.,Republican,80.3,True,False
1946,Vermont,VT,governor,Berthold C. Coburn,Democratic,19.6,False,False
1946,Wisconsin,WI,governor,Walter Samuel Goodland,Republican,59.8,True,True
1946,Wisconsin,WI,governor,Daniel Hoan,Democratic,39.1,False,False
1946,Wisconsin,WI,governor,Walter H. Uphoff,Socialist,0.9,False,False
1946,Wisconsin,WI,governor,Sigmund Eisenscher,Communist,0.2,False,False
1946,Wisconsin,WI,governor,Jerry Kenyon,Labor,0.1,False,False
1946,Wyoming,WY,governor,Lester C. Hunt,Democratic,52.9,True,True
1946,Wyoming,WY,governor,Earl Wright,Republican,47.1,False,False
1947,Kentucky,KY,governor,Earle Clements,Democratic,57.24,True,False
1947,Kentucky,KY,governor,Eldon S. Dummit,Republican,42.48,False,False
1947,Kentucky,KY,governor,W. A. Sandefur,Socialist,0.29,False,False
1947,Louisiana,LA,governor,Earl Long,Democratic,,True,False
1947,Louisiana,LA,governor,''Unopposed'',,,False,False
1947,Mississippi,MS,governor,Fielding L. Wright,Democratic,97.59,True,True
1947,Mississippi,MS,governor,George L. Sheldon,Independent Republican,2.41,False,False
1948,Arizona,AZ,governor,Dan Edward Garvey,Democratic,59.2,True,True
1948,Arizona,AZ,governor,Bruce Brockett,Republican,40.1,False,False
1948,Arizona,AZ,governor,Ernest Fohle,Prohibition,0.8,False,False
1948,Arkansas,AR,governor,Sid McMath,Democratic,89.4,True,False
1948,Arkansas,AR,governor,Charles R. Black,Republican,10.7,False,False
1948,Colorado,CO,governor,William Lee Knous,Democratic,66.3,True,True
1948,Colorado,CO,governor,David A. Hamil,Republican,33.7,False,False
1948,Connecticut,CT,governor,Chester Bowles,Democratic,49.31,True,False
1948,Connecticut,CT,governor,James C. Shannon,Republican,49.0,False,True
1948,Connecticut,CT,governor,Jasper McLevy,Socialist,1.45,False,False
1948,Connecticut,CT,governor,Joseph Mackay,Labor,0.16,False,False
1948,Connecticut,CT,governor,Morris Chertov,Workers,0.09,False,False
1948,Delaware,DE,governor,Elbert N. Carvel,Democratic,53.7,True,False
1948,Delaware,DE,governor,Hyland P. George,Republican,46.3,False,False
1948,Florida,FL,governor,Fuller Warren,Democratic,83.4,True,False
1948,Florida,FL,governor,Bert L. Acker,Republican,16.6,False,False
1948,Georgia,GA,governor,Herman Talmadge,Democratic,97.5,True,False
1948,Georgia,GA,governor,Morgan Blake,Independent,2.2,False,False
1948,Georgia,GA,governor,James Barfoot,Independent,0.18,False,False
1948,Georgia,GA,governor,Melvin E. Thompson,Independent,0.09,False,True
1948,Illinois,IL,governor,Adlai Stevenson II,Democratic,57.1,True,False
1948,Illinois,IL,governor,Dwight H. Green,Republican,42.6,False,True
1948,Illinois,IL,governor,Willis R. Wilson,Prohibition,0.24,False,False
1948,Illinois,IL,governor,Louis Fisher,Labor,0.07,False,False
1948,Indiana,IN,governor,Henry F. Schricker,Democratic,53.6,True,False
1948,Indiana,IN,governor,Hobart Creighton,Republican,45.1,False,False
1948,Indiana,IN,governor,Clinton W. Speicher,Prohibition,0.8,False,False
1948,Indiana,IN,governor,Walter Frisbie,Progressive,0.4,False,False
1948,Indiana,IN,governor,William Rabe,Socialist,0.1,False,False
1948,Indiana,IN,governor,Martin Ginsberg,Labor,0.04,False,False
1948,Iowa,IA,governor,William S. Beardsley,Republican,55.7,True,False
1948,Iowa,IA,governor,Carroll O. Switzer,Democratic,43.7,False,False
1948,Iowa,IA,governor,C.E. Bierderman,Progressive,0.36,False,False
1948,Iowa,IA,governor,Marvin Galbreath,Prohibition,0.25,False,False
1948,Iowa,IA,governor,William F. Leonard,Socialist,0.05,False,False
1948,Kansas,KS,governor,Frank Carlson,Republican,57.0,True,True
1948,Kansas,KS,governor,Randolph Carpenter,Democratic,40.4,False,False
1948,Kansas,KS,governor,N.W. Nice,Prohibition,2.2,False,False
1948,Kansas,KS,governor,W.W. Tamplin,Socialist,0.3,False,False
1948,Maine,ME,governor,Frederick G. Payne,Republican,65.6,True,False
1948,Maine,ME,governor,Louis Lausier,Democratic,34.4,False,False
1948,Massachusetts,MA,governor,Paul A. Dever,Democratic,59.0,True,False
1948,Massachusetts,MA,governor,Robert F. Bradford,Republican,40.5,False,True
1948,Massachusetts,MA,governor,Horace I. Hillis,Labor,0.4,False,False
1948,Massachusetts,MA,governor,Mark R. Shaw,Prohibition,0.1,False,False
1948,Michigan,MI,governor,G. Mennen Williams,Democratic,53.4,True,False
1948,Michigan,MI,governor,Kim Sigler,Republican,45.7,False,True
1948,Michigan,MI,governor,Gordon Phillips,Prohibition,0.7,False,False
1948,Michigan,MI,governor,Emanuel Seidler,Socialist,0.1,False,False
1948,Michigan,MI,governor,Arthur Chenoweth,Labor,0.07,False,False
1948,Michigan,MI,governor,Howard Lerner,Workers,,False,False
1948,Minnesota,MN,governor,Luther Youngdahl,Republican,53.2,True,True
1948,Minnesota,MN,governor,Charles Halsted,Minnesota Democratic-farmer-labor,45.1,False,False
1948,Minnesota,MN,governor,Orville E. Olson,Prohibition,1.2,False,False
1948,Minnesota,MN,governor,Rudolph Gustafson,Labor,0.6,False,False
1948,Missouri,MO,governor,Forrest Smith,Democratic,57.0,True,False
1948,Missouri,MO,governor,Murray Thompson,Republican,42.8,False,False
1948,Missouri,MO,governor,Robert B. Logsdon,Progressive,0.18,False,False
1948,Missouri,MO,governor,Ralph E. Gipe,Socialist,0.07,False,False
1948,Missouri,MO,governor,Henry W. Genck,Labor,0.01,False,False
1948,Montana,MT,governor,John W. Bonner,Democratic,55.7,True,False
1948,Montana,MT,governor,Sam C. Ford,Republican,43.9,False,True
1948,Montana,MT,governor,Leverne Hamilton,Socialist,0.4,False,False
1948,Nebraska,NE,governor,Val Peterson,Republican,60.1,True,True
1948,Nebraska,NE,governor,Frank Sorrell,Democratic,39.9,False,False
1948,New Hampshire,NH,governor,Sherman Adams,Republican,52.2,True,False
1948,New Hampshire,NH,governor,Herbert W. Hill,Democratic,47.3,False,False
1948,New Hampshire,NH,governor,Irma J. Otto,Progressive,0.5,False,False
1948,New Mexico,NM,governor,Thomas J. Mabry,Democratic,54.7,True,True
1948,New Mexico,NM,governor,Manuel Lujan Sr.,Republican,45.3,False,False
1948,North Carolina,NC,governor,W. Kerr Scott,Democratic,73.2,True,False
1948,North Carolina,NC,governor,George M. Pritchard,Republican,26.4,False,False
1948,North Carolina,NC,governor,Mary Price,Progressive,0.4,False,False
1948,North Dakota,ND,governor,Fred G. Aandahl,Republican,61.3,True,True
1948,North Dakota,ND,governor,Howard I. Henry,Democratic,37.5,False,False
1948,North Dakota,ND,governor,H.A. Porter,Progressive,0.9,False,False
1948,North Dakota,ND,governor,George Lund,Socialist,0.3,False,False
1948,Ohio,OH,governor,Frank Lausche,Democratic,53.7,True,False
1948,Ohio,OH,governor,Thomas J. Herbert,Republican,46.3,False,True
1948,Oregon,OR,governor,Douglas McKay,Republican,53.2,True,False
1948,Oregon,OR,governor,Lew Wallace,Democratic,44.5,False,False
1948,Oregon,OR,governor,Wendell E. Barnett,Independent,2.2,False,False
1948,Rhode Island,RI,governor,John Pastore,Democratic,61.2,True,True
1948,Rhode Island,RI,governor,Albert P. Ruerat,Republican,38.4,False,False
1948,Rhode Island,RI,governor,Clemens J. France,Progressive,0.4,False,False
1948,South Dakota,SD,governor,George T. Mickelson,Republican,61.1,True,True
1948,South Dakota,SD,governor,Harold J. Volz,Democratic,38.9,False,False
1948,Tennessee,TN,governor,Gordon Browning,Democratic,66.9,True,False
1948,Tennessee,TN,governor,Roy Acuff,Republican,33.1,False,False
1948,Texas,TX,governor,Beauford H. Jester,Democratic,84.7,True,True
1948,Texas,TX,governor,Alvin H. Lane,Republican,14.7,False,False
1948,Texas,TX,governor,Herman Wright,Progressive,0.3,False,False
1948,Texas,TX,governor,Gerard Overholt,Prohibition,0.3,False,False
1948,Utah,UT,governor,J. Bracken Lee,Republican,55.0,True,False
1948,Utah,UT,governor,Herbert B. Maw,Democratic,45.0,False,True
1948,Vermont,VT,governor,Ernest W. Gibson Jr.,Republican,71.9,True,True
1948,Vermont,VT,governor,Charles F. Ryan,Democratic,28.0,False,False
1948,Washington,WA,governor,Arthur B. Langlie,Republican,50.5,True,False
1948,Washington,WA,governor,Monrad Wallgren,Democratic,47.2,False,True
1948,Washington,WA,governor,Russell H. Fluent,Progressive,2.2,False,False
1948,Washington,WA,governor,Henry Killman,Labor,0.09,False,False
1948,Washington,WA,governor,Daniel Roberts,Workers,0.02,False,False
1948,West Virginia,WV,governor,Okey Patteson,Democratic,57.1,True,False
1948,West Virginia,WV,governor,Herbert Stephenson Boreman,Republican,42.9,False,False
1948,Wisconsin,WI,governor,Oscar Rennebohm,Republican,54.1,True,True
1948,Wisconsin,WI,governor,Carl W. Thompson,Democratic,44.1,False,False
1948,Wisconsin,WI,governor,Henry J. Berquist,Progressive,1.0,False,False
1948,Wisconsin,WI,governor,Walter H. Uphoff,Socialist,0.7,False,False
1948,Wisconsin,WI,governor,James E. Boulton,Workers,0.03,False,False
1948,Wisconsin,WI,governor,Georgia Cozzini,Labor,0.03,False,False
1949,New Jersey,NJ,governor,Alfred E. Driscoll,Republican,51.54,True,True
1949,New Jersey,NJ,governor,Elmer H. Wene,Democratic,47.13,False,False
1949,New Jersey,NJ,governor,James Imbrie,Progressive,0.63,False,False
1949,New Jersey,NJ,governor,John C. Butterworth,Socialist Labor,0.38,False,False
1949,New Jersey,NJ,governor,Edson R. Leach,Prohibition,0.32,False,False
1949,Virginia,VA,governor,John S. Battle,Democratic,70.43,True,False
1949,Virginia,VA,governor,Walter Johnson,Republican,27.44,False,False
1949,Virginia,VA,governor,Clarke T. Robb,Social Democrat,2.12,False,False
1950,Alabama,AL,governor,Gordon Persons,Democratic,91.1,True,False
1950,Alabama,AL,governor,John S. Crowder,Republican,8.9,False,False
1950,Arizona,AZ,governor,J. Howard Pyle,Republican,50.8,True,False
1950,Arizona,AZ,governor,Ana Frohmiller,Democratic,49.2,False,False
1950,Arkansas,AR,governor,Sid McMath,Democratic,84.1,True,True
1950,Arkansas,AR,governor,Jefferson W. Speck,Republican,15.9,False,False
1950,California,CA,governor,Earl Warren,Republican,64.9,True,True
1950,California,CA,governor,James Roosevelt,Democratic,35.1,False,False
1950,Colorado,CO,governor,Daniel I. J. Thornton,Republican,52.4,True,False
1950,Colorado,CO,governor,Walter Walford Johnson,Democratic,47.2,False,True
1950,Colorado,CO,governor,Louis K. Stephens,Labor,0.3,False,False
1950,Connecticut,CT,governor,John Davis Lodge,Republican,49.7,True,False
1950,Connecticut,CT,governor,Chester Bowles,Democratic,47.7,False,True
1950,Connecticut,CT,governor,Jasper McLevy,Socialist,2.6,False,False
1950,Georgia,GA,governor,Primary results:,,,True,False
1950,Georgia,GA,governor,Herman Talmadge,Democratic,49.33,True,True
1950,Georgia,GA,governor,Melvin E. Thompson,Democratic,47.88,False,False
1950,Georgia,GA,governor,C.O. Baker,Democratic,1.7,False,False
1950,Georgia,GA,governor,Pat Avery,Democratic,0.5,False,False
1950,Georgia,GA,governor,Mrs. J.W. Jenkins,Democratic,0.5,False,False
1950,Georgia,GA,governor,General election:,,,True,False
1950,Georgia,GA,governor,Morgan Blake,Independent,1.4,False,False
1950,Idaho,ID,governor,Len Jordan,Republican,52.6,True,False
1950,Idaho,ID,governor,Calvin E. Wright,Democratic,47.4,False,False
1950,Iowa,IA,governor,William S. Beardsley,Republican,59.1,True,True
1950,Iowa,IA,governor,Lester S. Gillette,Democratic,40.5,False,False
1950,Iowa,IA,governor,W. Raymond Picken,Prohibition,0.33,False,False
1950,Iowa,IA,governor,Howard H. Tyler,Independent,0.07,False,False
1950,Kansas,KS,governor,Edward F. Arn,Republican,53.8,True,False
1950,Kansas,KS,governor,Kenneth Anderson,Democratic,44.5,False,False
1950,Kansas,KS,governor,C. Floyd Hester,Prohibition,1.5,False,False
1950,Kansas,KS,governor,W.W. Tamplin,Socialist,0.2,False,False
1950,Maine,ME,governor,Frederick G. Payne,Republican,60.5,True,True
1950,Maine,ME,governor,Earl S. Grant,Democratic,39.1,False,False
1950,Maine,ME,governor,Leland B. Currier,Independent,0.4,False,False
1950,Maryland,MD,governor,Theodore McKeldin,Republican,57.3,True,False
1950,Maryland,MD,governor,William Preston Lane Jr.,Democratic,42.7,False,True
1950,Massachusetts,MA,governor,Paul A. Dever,Democratic,56.3,True,True
1950,Massachusetts,MA,governor,Arthur W. Coolidge,Republican,43.1,False,False
1950,Massachusetts,MA,governor,Horace I. Hillis,Labor,0.4,False,False
1950,Massachusetts,MA,governor,Mark R. Shaw,Prohibition,0.2,False,False
1950,Michigan,MI,governor,G. Mennen Williams,Democratic,49.76,True,True
1950,Michigan,MI,governor,Harry Kelly,Republican,49.7,False,False
1950,Michigan,MI,governor,Perry Hayden,Prohibition,0.45,False,False
1950,Michigan,MI,governor,Theos A. Grove,Labor,0.06,False,False
1950,Michigan,MI,governor,Howard Lerner,Workers,0.03,False,False
1950,Minnesota,MN,governor,Luther Youngdahl,Republican,60.8,True,True
1950,Minnesota,MN,governor,Harry H. Peterson,Minnesota Democratic-farmer-labor,38.3,False,False
1950,Minnesota,MN,governor,Vernon G. Campbell,Independent,0.97,False,False
1950,Nebraska,NE,governor,Val Peterson,Republican,55.0,True,True
1950,Nebraska,NE,governor,Walter R. Raecke,Democratic,45.0,False,False
1950,Nevada,NV,governor,Charles H. Russell,Republican,57.7,True,False
1950,Nevada,NV,governor,Vail Pittman,Democratic,42.4,False,True
1950,New Hampshire,NH,governor,Sherman Adams,Republican,57.0,True,True
1950,New Hampshire,NH,governor,Robert P. Bingham,Democratic,43.0,False,False
1950,New Mexico,NM,governor,Edwin L. Mechem,Republican,53.7,True,False
1950,New Mexico,NM,governor,John E. Miles,Democratic,46.3,False,False
1950,New York,NY,governor,Thomas E. Dewey,Republican,53.1,True,True
1950,New York,NY,governor,Walter A. Lynch,Democratic,42.3,False,False
1950,New York,NY,governor,John T. McManus,Labor,4.2,False,False
1950,New York,NY,governor,Michael Bartell,Workers,0.3,False,False
1950,New York,NY,governor,Eric Hass,Labor,0.1,False,False
1950,North Dakota,ND,governor,Norman Brunsdale,Republican,66.3,True,False
1950,North Dakota,ND,governor,Clyde G. Byerly,Democratic,33.7,False,False
1950,Ohio,OH,governor,Frank Lausche,Democratic,52.6,True,True
1950,Ohio,OH,governor,Don H. Ebright,Republican,47.4,False,False
1950,Oklahoma,OK,governor,Johnston Murray,Democratic,51.1,True,False
1950,Oklahoma,OK,governor,Jo O. Ferguson,Republican,48.6,False,False
1950,Oklahoma,OK,governor,Mildred Harrell,Independent,0.3,False,False
1950,Oregon,OR,governor,Douglas McKay,Republican,66.1,True,True
1950,Oregon,OR,governor,Austin F. Flegel,Democratic,34.0,False,False
1950,Pennsylvania,PA,governor,John S. Fine,Republican,50.7,True,False
1950,Pennsylvania,PA,governor,Richardson Dilworth,Democratic,48.3,False,False
1950,Pennsylvania,PA,governor,Richard R. Blews,Prohibition,0.4,False,False
1950,Pennsylvania,PA,governor,Reginald B. Naugle,Independent,0.2,False,False
1950,Pennsylvania,PA,governor,Thomas J. Fizpatrick,Progressive,0.2,False,False
1950,Pennsylvania,PA,governor,Robert Z. Wilson Mozer,Socialist,0.1,False,False
1950,Pennsylvania,PA,governor,George S. Taylor,Independent,0.1,False,False
1950,Rhode Island,RI,governor,Dennis J. Roberts,Democratic,59.3,True,False
1950,Rhode Island,RI,governor,Eugene J. Lachapelle,Republican,40.7,False,False
1950,South Carolina,SC,governor,Primary run-off:,,,True,False
1950,South Carolina,SC,governor,James F. Byrnes,Democratic,71.63,True,False
1950,South Carolina,SC,governor,Lester L. Bates,Democratic,18.23,False,False
1950,South Carolina,SC,governor,Thomas H. Pope,Democratic,8.55,False,False
1950,South Carolina,SC,governor,Marcus A. Stone,Democratic,1.59,False,False
1950,South Carolina,SC,governor,General election:,,,True,False
1950,South Dakota,SD,governor,Sigurd Anderson,Republican,60.9,True,False
1950,South Dakota,SD,governor,Joe Robbie,Democratic,39.1,False,False
1950,Tennessee,TN,governor,Gordon Browning,Democratic,78.1,True,True
1950,Tennessee,TN,governor,John Randolph Neal Jr.,Independent,21.9,False,False
1950,Texas,TX,governor,Allan Shivers,Democratic,89.9,True,True
1950,Texas,TX,governor,Ralph W. Currie,Republican,10.1,False,False
1950,Vermont,VT,governor,Lee E. Emerson,Republican,74.5,True,False
1950,Vermont,VT,governor,J. Edward Moran,Democratic,25.5,False,False
1950,Wisconsin,WI,governor,Walter J. Kohler Jr.,Republican,53.2,True,False
1950,Wisconsin,WI,governor,Carl W. Thompson,Democratic,46.2,False,False
1950,Wisconsin,WI,governor,Michael Essin,Progressive,0.3,False,False
1950,Wisconsin,WI,governor,William O. Hart,Socialist,0.3,False,False
1950,Wyoming,WY,governor,Frank A. Barrett,Republican,56.2,True,False
1950,Wyoming,WY,governor,John J. McIntyre,Democratic,43.9,False,False
1951,Kentucky,KY,governor,Lawrence Wetherby,Democratic,54.6,True,True
1951,Kentucky,KY,governor,Eugene Siler,Republican,45.4,False,False
1951,Louisiana,LA,governor,Robert F. Kennon,Democratic,95.99,True,False
1951,Louisiana,LA,governor,Harrison Bagwell,Republican,4.01,False,False
1951,Mississippi,MS,governor,Hugh L. White,Democratic,,True,False
1951,Mississippi,MS,governor,''Unopposed'',,,False,False
1952,Arizona,AZ,governor,J. Howard Pyle,Republican,60.2,True,True
1952,Arizona,AZ,governor,Joe C. Haldiman,Democratic,39.8,False,False
1952,Arkansas,AR,governor,Francis Cherry,Democratic,87.4,True,False
1952,Arkansas,AR,governor,Jefferson W. Speck,Republican,12.6,False,False
1952,Colorado,CO,governor,Daniel I. J. Thornton,Republican,57.1,True,True
1952,Colorado,CO,governor,John W. Metzger,Democratic,42.4,False,False
1952,Colorado,CO,governor,Louis K. Stephens,Labor,0.5,False,False
1952,Delaware,DE,governor,J. Caleb Boggs,Republican,52.1,True,False
1952,Delaware,DE,governor,Elbert N. Carvel,Democratic,47.9,False,True
1952,Florida,FL,governor,Daniel T. McCarty,Democratic,74.8,True,False
1952,Florida,FL,governor,Harry S. Swan,Republican,25.2,False,False
1952,Illinois,IL,governor,William Stratton,Republican,52.5,True,False
1952,Illinois,IL,governor,Sherwood Dixon,Democratic,47.3,False,False
1952,Illinois,IL,governor,Louis Fisher,Labor,0.2,False,False
1952,Indiana,IN,governor,George N. Craig,Republican,55.7,True,False
1952,Indiana,IN,governor,John A. Watkins,Democratic,43.6,False,False
1952,Indiana,IN,governor,Lester N. Abel,Prohibition,0.65,False,False
1952,Indiana,IN,governor,Samuel Boorda,Progressive,0.05,False,False
1952,Indiana,IN,governor,Charles Ginsberg,Labor,0.04,False,False
1952,Iowa,IA,governor,William S. Beardsley,Republican,51.9,True,True
1952,Iowa,IA,governor,Herschel C. Loveless,Democratic,47.8,False,False
1952,Iowa,IA,governor,Z. Everett Kellum,Prohibition,0.23,False,False
1952,Iowa,IA,governor,Ernest J. Seemann,Independent,0.1,False,False
1952,Kansas,KS,governor,Edward F. Arn,Republican,56.3,True,True
1952,Kansas,KS,governor,Charles Rooney,Democratic,41.7,False,False
1952,Kansas,KS,governor,David C. White,Prohibition,1.8,False,False
1952,Kansas,KS,governor,W.W. Tamplin,Socialist,0.22,False,False
1952,Maine,ME,governor,Burton M. Cross,Republican,51.7,True,False
1952,Maine,ME,governor,James C. Oliver,Democratic,33.2,False,False
1952,Maine,ME,governor,Neil S. Bishop,Independent Republican,14.4,False,False
1952,Maine,ME,governor,Henry W. Boyker,Independent,0.66,False,False
1952,Massachusetts,MA,governor,Christian Herter,Republican,49.91,True,False
1952,Massachusetts,MA,governor,Paul A. Dever,Democratic,49.29,False,True
1952,Massachusetts,MA,governor,Florence H. Luscomb,Independent,0.32,False,False
1952,Massachusetts,MA,governor,Larence Gilfedder,Labor,0.26,False,False
1952,Massachusetts,MA,governor,Guy S. Williams,Prohibition,0.22,False,False
1952,Michigan,MI,governor,G. Mennen Williams,Democratic,49.96,True,True
1952,Michigan,MI,governor,Frederick M. Alger Jr.,Republican,49.66,False,False
1952,Michigan,MI,governor,E. Harold Munn,Prohibition,0.31,False,False
1952,Michigan,MI,governor,Theos A. Grove,Labor,0.04,False,False
1952,Michigan,MI,governor,Howard Lerner,Workers,0.02,False,False
1952,Minnesota,MN,governor,C. Elmer Anderson,Republican,55.3,True,True
1952,Minnesota,MN,governor,Orville Freeman,Minnesota Democratic-farmer-labor,44.0,False,False
1952,Minnesota,MN,governor,Martin Frederickson,Progressive,0.4,False,False
1952,Minnesota,MN,governor,Eldrid H. Bauers,Labor,0.3,False,False
1952,Missouri,MO,governor,Phil M. Donnelly,Democratic,52.6,True,False
1952,Missouri,MO,governor,Howard Elliott,Republican,47.4,False,False
1952,Missouri,MO,governor,Howard Edsell,Progressive,0.05,False,False
1952,Missouri,MO,governor,Maurice R. Wheeler,Socialist,0.02,False,False
1952,Missouri,MO,governor,Don Lohbeck,Nationalist,0.01,False,False
1952,Missouri,MO,governor,Clara Hayes,Labor,0.01,False,False
1952,Montana,MT,governor,J. Hugo Aronson,Republican,51.0,True,False
1952,Montana,MT,governor,John W. Bonner,Democratic,49.0,False,True
1952,Nebraska,NE,governor,Robert B. Crosby,Republican,61.4,True,False
1952,Nebraska,NE,governor,Walter R. Raecke,Democratic,38.6,False,False
1952,New Hampshire,NH,governor,Hugh Gregg,Republican,63.2,True,False
1952,New Hampshire,NH,governor,William H. Craig,Democratic,36.9,False,False
1952,New Mexico,NM,governor,Edwin L. Mechem,Republican,53.8,True,True
1952,New Mexico,NM,governor,Everett Grantham,Democratic,46.2,False,False
1952,North Carolina,NC,governor,William B. Umstead,Democratic,67.5,True,False
1952,North Carolina,NC,governor,Herbert F. Seawell Jr.,Republican,32.5,False,False
1952,North Dakota,ND,governor,Norman Brunsdale,Republican,78.7,True,True
1952,North Dakota,ND,governor,Ole C. Johnson,Democratic,21.3,False,False
1952,Ohio,OH,governor,Frank Lausche,Democratic,55.9,True,True
1952,Ohio,OH,governor,Charles Phelps Taft II,Republican,44.1,False,False
1952,Rhode Island,RI,governor,Dennis J. Roberts,Democratic,52.6,True,True
1952,Rhode Island,RI,governor,Raoul Archambault Jr.,Republican,47.4,False,False
1952,South Dakota,SD,governor,Sigurd Anderson,Republican,70.2,True,True
1952,South Dakota,SD,governor,Sherman A. Iverson,Democratic,29.9,False,False
1952,Tennessee,TN,governor,Frank G. Clement,Democratic,79.4,True,False
1952,Tennessee,TN,governor,R. Beecher Witt,Republican,20.6,False,False
1952,Texas,TX,governor,Allan Shivers,Democratic,98.05,True,True
1952,Utah,UT,governor,J. Bracken Lee,Republican,55.1,True,True
1952,Utah,UT,governor,Earl J. Glade,Democratic,44.9,False,False
1952,Vermont,VT,governor,Lee E. Emerson,Republican,52.0,True,True
1952,Vermont,VT,governor,Robert W. Larrow,Democratic,39.8,False,False
1952,Vermont,VT,governor,Henry D. Vail,Independent,8.3,False,False
1952,Washington,WA,governor,Arthur B. Langlie,Republican,52.7,True,True
1952,Washington,WA,governor,Hugh Mitchell,Democratic,47.4,False,False
1952,West Virginia,WV,governor,William C. Marland,Democratic,51.5,True,False
1952,West Virginia,WV,governor,Rush Holt Sr.,Republican,48.5,False,False
1952,Wisconsin,WI,governor,Walter J. Kohler Jr.,Republican,62.5,True,True
1952,Wisconsin,WI,governor,William Proxmire,Democratic,37.3,False,False
1952,Wisconsin,WI,governor,Michael Essin,Independent,0.2,False,False
1953,New Jersey,NJ,governor,Robert B. Meyner,Democratic,53.17,True,False
1953,New Jersey,NJ,governor,Paul L. Troast,Republican,44.68,False,False
1953,New Jersey,NJ,governor,Clendenin Ryan,Independent Voters,1.29,False,False
1953,New Jersey,NJ,governor,Henry B. Krajewski,Veterans Bonus Now,0.71,False,False
1953,New Jersey,NJ,governor,Albert Ronis,Socialist Labor,0.16,False,False
1953,Virginia,VA,governor,Thomas B. Stanley,Democratic,54.83,True,False
1953,Virginia,VA,governor,Theodore Roosevelt Dalton,Republican,44.28,False,False
1953,Virginia,VA,governor,Howard Carwile,Independent,0.89,False,False
1954,Alabama,AL,governor,Jim Folsom,Democratic,73.4,True,False
1954,Alabama,AL,governor,Tom Abernathy,Republican,26.6,False,False
1954,Arizona,AZ,governor,Ernest McFarland,Democratic,52.5,True,False
1954,Arizona,AZ,governor,J. Howard Pyle,Republican,47.5,False,True
1954,Arkansas,AR,governor,Orval Faubus,Democratic,62.1,True,False
1954,Arkansas,AR,governor,Pratt Remmel,Republican,37.9,False,False
1954,California,CA,governor,Goodwin Knight,Republican,56.8,True,True
1954,California,CA,governor,Richard P. Graves,Democratic,43.2,False,False
1954,Colorado,CO,governor,Edwin C. Johnson,Democratic,53.6,True,False
1954,Colorado,CO,governor,Donald G. Brotzman,Republican,46.4,False,False
1954,Connecticut,CT,governor,Abraham Ribicoff,Democratic,49.5,True,False
1954,Connecticut,CT,governor,John Davis Lodge,Republican,49.16,False,True
1954,Connecticut,CT,governor,Jasper McLevy,Socialist,1.19,False,False
1954,Connecticut,CT,governor,Vivien Kellems,Independent Republican,0.15,False,False
1954,Florida,FL,governor,LeRoy Collins,Democratic,80.4,True,False
1954,Florida,FL,governor,J. Thomas Watson,Republican,19.5,False,False
1954,Georgia,GA,governor,Primary results:,,,True,False
1954,Georgia,GA,governor,Marvin Griffin,Democratic,36.32,True,False
1954,Georgia,GA,governor,Melvin E. Thompson,Democratic,25.07,False,False
1954,Georgia,GA,governor,Tom Linder,Democratic,13.5,False,False
1954,Georgia,GA,governor,Fred Hand,Democratic,12.09,False,False
1954,Georgia,GA,governor,Charlie Gowen,Democratic,11.42,False,False
1954,Georgia,GA,governor,Grace Wilkey Thomas,Democratic,0.97,False,False
1954,Georgia,GA,governor,Ben Garland,Democratic,0.44,False,False
1954,Georgia,GA,governor,General election:,,,True,False
1954,Idaho,ID,governor,Robert E. Smylie,Republican,54.2,True,False
1954,Idaho,ID,governor,Clark Hamilton,Democratic,45.8,False,False
1954,Iowa,IA,governor,Leo Hoegh,Republican,51.4,True,False
1954,Iowa,IA,governor,Clyde E. Herring,Democratic,48.4,False,False
1954,Iowa,IA,governor,Howard H. Tyler,Independent,0.3,False,False
1954,Kansas,KS,governor,Fred Hall,Republican,53.0,True,False
1954,Kansas,KS,governor,George Docking,Democratic,46.0,False,False
1954,Kansas,KS,governor,Chester A. Roberts,Prohibition,0.9,False,False
1954,Kansas,KS,governor,W.W. Tamplin,Socialist,0.16,False,False
1954,Maine,ME,governor,Edmund Muskie,Democratic,54.5,True,False
1954,Maine,ME,governor,Burton M. Cross,Republican,45.5,False,True
1954,Maryland,MD,governor,Theodore McKeldin,Republican,54.5,True,True
1954,Maryland,MD,governor,Curley Byrd,Democratic,45.6,False,False
1954,Massachusetts,MA,governor,Christian Herter,Republican,51.8,True,True
1954,Massachusetts,MA,governor,Robert F. Murphy,Democratic,47.8,False,False
1954,Massachusetts,MA,governor,Larence Gilfedder,Labor,0.3,False,False
1954,Massachusetts,MA,governor,Guy S. Williams,Prohibition,0.14,False,False
1954,Michigan,MI,governor,G. Mennen Williams,Democratic,55.6,True,True
1954,Michigan,MI,governor,Donald S. Leonard,Republican,44.1,False,False
1954,Michigan,MI,governor,E. Harold Munn,Prohibition,0.27,False,False
1954,Michigan,MI,governor,Theos A. Grove,Labor,0.05,False,False
1954,Michigan,MI,governor,Frank Lovell,Workers,0.03,False,False
1954,Minnesota,MN,governor,Orville Freeman,Minnesota Democratic-farmer-labor,52.7,True,False
1954,Minnesota,MN,governor,C. Elmer Anderson,Republican,46.8,False,True
1954,Minnesota,MN,governor,Ross P. Schelin,Independent,0.5,False,False
1954,Nebraska,NE,governor,Victor Anderson,Republican,60.3,True,False
1954,Nebraska,NE,governor,William Ritchie,Democratic,39.7,False,False
1954,Nevada,NV,governor,Charles H. Russell,Republican,53.1,True,True
1954,Nevada,NV,governor,Vail Pittman,Democratic,46.9,False,False
1954,New Hampshire,NH,governor,Lane Dwinell,Republican,55.1,True,False
1954,New Hampshire,NH,governor,John Shaw,Democratic,44.9,False,False
1954,New Mexico,NM,governor,John F. Simms,Democratic,57.0,True,False
1954,New Mexico,NM,governor,Alvin Stockton,Republican,43.0,False,False
1954,New York,NY,governor,W. Averell Harriman,Democratic,49.61,True,False
1954,New York,NY,governor,Irving Ives,Republican,49.4,False,False
1954,New York,NY,governor,John T. McManus,Labor,0.91,False,False
1954,New York,NY,governor,David L. Weiss,Workers,0.05,False,False
1954,New York,NY,governor,Nathan Karp,Independent,0.03,False,False
1954,North Dakota,ND,governor,Norman Brunsdale,Republican,64.2,True,True
1954,North Dakota,ND,governor,Cornelius Bymers,Democratic,35.8,False,False
1954,Ohio,OH,governor,Frank Lausche,Democratic,54.1,True,True
1954,Ohio,OH,governor,Jim Rhodes,Republican,45.9,False,False
1954,Oklahoma,OK,governor,Raymond Gary,Democratic,58.7,True,False
1954,Oklahoma,OK,governor,Reuben K. Sparks,Republican,41.3,False,False
1954,Oregon,OR,governor,Paul L. Patterson,Republican,56.9,True,True
1954,Oregon,OR,governor,Joseph K. Carson,Democratic,43.1,False,False
1954,Pennsylvania,PA,governor,George M. Leader,Democratic,53.7,True,False
1954,Pennsylvania,PA,governor,Lloyd H. Wood,Republican,46.2,False,False
1954,Pennsylvania,PA,governor,Henry Beitscher,Progressive,0.1,False,False
1954,Pennsylvania,PA,governor,Louis Dirle,Labor,0.1,False,False
1954,Rhode Island,RI,governor,Dennis J. Roberts,Democratic,57.7,True,True
1954,Rhode Island,RI,governor,Dean J. Lewis,Republican,41.7,False,False
1954,Rhode Island,RI,governor,Arthur E. Marley,Independent,0.6,False,False
1954,South Carolina,SC,governor,Primary results:,,,True,False
1954,South Carolina,SC,governor,George Bell Timmerman Jr.,Democratic,61.34,True,False
1954,South Carolina,SC,governor,Lester L. Bates,Democratic,38.66,False,False
1954,South Carolina,SC,governor,General election:,,,True,False
1954,South Dakota,SD,governor,Joe Foss,Republican,56.7,True,False
1954,South Dakota,SD,governor,Ed C. Martin,Democratic,43.3,False,False
1954,Tennessee,TN,governor,Primary results:,,,True,False
1954,Tennessee,TN,governor,Frank G. Clement,Democratic,68.17,True,True
1954,Tennessee,TN,governor,Gordon W. Browning,Democratic,27.61,False,False
1954,Tennessee,TN,governor,Raulston Schoolfield,Democratic,4.23,False,False
1954,Tennessee,TN,governor,General election:,,,True,False
1954,Tennessee,TN,governor,John Randolph Neal Jr.,Independent,12.2,False,False
1954,Tennessee,TN,governor,W.E. Michel,Republican,0.5,False,False
1954,Texas,TX,governor,Allan Shivers,Democratic,89.4,True,True
1954,Texas,TX,governor,Tod R. Adams,Republican,10.4,False,False
1954,Vermont,VT,governor,Joseph B. Johnson,Republican,52.3,True,False
1954,Vermont,VT,governor,E. Frank Branon,Democratic,47.7,False,False
1954,Wisconsin,WI,governor,Walter J. Kohler Jr.,Republican,51.5,True,True
1954,Wisconsin,WI,governor,William Proxmire,Democratic,48.4,False,False
1954,Wisconsin,WI,governor,Arthur Wepfer,Labor,0.2,False,False
1954,Wyoming,WY,governor,Milward Simpson,Republican,50.5,True,False
1954,Wyoming,WY,governor,William M. Jack,Democratic,49.5,False,False
1956,Arizona,AZ,governor,Ernest McFarland,Democratic,59.6,True,True
1956,Arizona,AZ,governor,Horace B. Griffen,Republican,40.5,False,False
1956,Arkansas,AR,governor,Orval Faubus,Democratic,80.7,True,True
1956,Arkansas,AR,governor,Roy Mitchell,Republican,19.4,False,False
1956,Colorado,CO,governor,Stephen McNichols,Democratic,51.3,True,False
1956,Colorado,CO,governor,Donald G. Brotzman,Republican,48.7,False,False
1956,Delaware,DE,governor,J. Caleb Boggs,Republican,52.0,True,True
1956,Delaware,DE,governor,Elbert N. Carvel,Democratic,48.1,False,False
1956,Florida,FL,governor,LeRoy Collins,Democratic,73.7,True,True
1956,Florida,FL,governor,William A. Washburne Jr.,Republican,26.3,False,False
1956,Illinois,IL,governor,William Stratton,Republican,50.34,True,True
1956,Illinois,IL,governor,Richard B. Austin,Democratic,49.48,False,False
1956,Illinois,IL,governor,Edward C. Gross,Labor,0.18,False,False
1956,Indiana,IN,governor,Harold W. Handley,Republican,55.6,True,False
1956,Indiana,IN,governor,Ralph Tucker,Democratic,44.0,False,False
1956,Indiana,IN,governor,J. Ralston Miller,Prohibition,0.35,False,False
1956,Indiana,IN,governor,Merle N. Miller,Labor,0.06,False,False
1956,Iowa,IA,governor,Herschel C. Loveless,Democratic,51.2,True,False
1956,Iowa,IA,governor,Leo Hoegh,Republican,48.8,False,True
1956,Kansas,KS,governor,George Docking,Democratic,55.4,True,False
1956,Kansas,KS,governor,Warren W. Shaw,Republican,42.2,False,False
1956,Kansas,KS,governor,Harry O. Lytle Jr.,Prohibition,2.4,False,False
1956,Maine,ME,governor,Edmund Muskie,Democratic,59.2,True,True
1956,Maine,ME,governor,Willis A. Trafton,Republican,40.8,False,False
1956,Massachusetts,MA,governor,Foster Furcolo,Democratic,52.8,True,False
1956,Massachusetts,MA,governor,Sumner G. Whittier,Republican,46.9,False,False
1956,Massachusetts,MA,governor,Henning A. Blomen,Labor,0.25,False,False
1956,Massachusetts,MA,governor,Mark R. Shaw,Prohibition,0.12,False,False
1956,Michigan,MI,governor,G. Mennen Williams,Democratic,54.7,True,True
1956,Michigan,MI,governor,Albert Cobo,Republican,45.1,False,False
1956,Michigan,MI,governor,Alfred T. Halsted,Prohibition,0.2,False,False
1956,Minnesota,MN,governor,Orville Freeman,Minnesota Democratic-farmer-labor,51.4,True,True
1956,Minnesota,MN,governor,Ancher Nelsen,Republican,48.2,False,False
1956,Minnesota,MN,governor,Rudolph Gustafson,Independent,0.4,False,False
1956,Missouri,MO,governor,James T. Blair Jr.,Democratic,52.1,True,False
1956,Missouri,MO,governor,Lon Hooker,Republican,47.9,False,False
1956,Montana,MT,governor,J. Hugo Aronson,Republican,51.4,True,True
1956,Montana,MT,governor,Arnold Olsen,Democratic,48.6,False,False
1956,Nebraska,NE,governor,Victor Anderson,Republican,54.3,True,True
1956,Nebraska,NE,governor,Frank Sorrell,Democratic,40.2,False,False
1956,Nebraska,NE,governor,George Morris,Independent,5.6,False,False
1956,New Hampshire,NH,governor,Lane Dwinell,Republican,54.7,True,True
1956,New Hampshire,NH,governor,John Shaw,Democratic,45.3,False,False
1956,New Mexico,NM,governor,Edwin L. Mechem,Republican,52.2,True,False
1956,New Mexico,NM,governor,John F. Simms,Democratic,47.8,False,True
1956,North Carolina,NC,governor,Luther H. Hodges,Democratic,67.0,True,True
1956,North Carolina,NC,governor,Kyle Hayes,Republican,33.1,False,False
1956,North Dakota,ND,governor,John E. Davis,Republican,58.5,True,False
1956,North Dakota,ND,governor,Wallace E. Warner,North Dakota Democratic-npl,41.5,False,False
1956,Ohio,OH,governor,C. William O'Neill,Republican,56.0,True,False
1956,Ohio,OH,governor,Michael DiSalle,Democratic,44.0,False,False
1956,Oregon,OR,governor,Robert D. Holmes,Democratic,50.5,True,False
1956,Oregon,OR,governor,Elmo Smith,Republican,49.5,False,True
1956,Rhode Island,RI,governor,Dennis J. Roberts,Democratic,50.09,True,True
1956,Rhode Island,RI,governor,Christopher Del Sesto,Republican,49.91,False,False
1956,South Dakota,SD,governor,Joe Foss,Republican,54.4,True,True
1956,South Dakota,SD,governor,Ralph Herseth,Democratic,45.6,False,False
1956,Texas,TX,governor,Price Daniel,Democratic,78.4,True,False
1956,Texas,TX,governor,William R. Bryant,Republican,15.2,False,False
1956,Texas,TX,governor,W. Lee O'Daniel,Independent,6.4,False,False
1956,Utah,UT,governor,George Dewey Clyde,Republican,38.2,True,False
1956,Utah,UT,governor,"L.C. ""Rennie"" Romney",Democratic,33.4,False,False
1956,Utah,UT,governor,J. Bracken Lee,Independent,28.4,False,True
1956,Vermont,VT,governor,Joseph B. Johnson,Republican,57.5,True,True
1956,Vermont,VT,governor,E. Frank Branon,Democratic,42.5,False,False
1956,Washington,WA,governor,Albert Rosellini,Democratic,54.6,True,False
1956,Washington,WA,governor,Emmett T. Anderson,Republican,45.0,False,False
1956,Washington,WA,governor,Henry Killman,Labor,0.4,False,False
1956,West Virginia,WV,governor,Cecil H. Underwood,Republican,53.9,True,False
1956,West Virginia,WV,governor,Bob Mollohan,Democratic,46.1,False,False
1956,Wisconsin,WI,governor,Vernon Wallace Thomson,Republican,51.9,True,False
1956,Wisconsin,WI,governor,William Proxmire,Democratic,48.1,False,False
1958,Alabama,AL,governor,John Malcolm Patterson,Democratic,88.2,True,False
1958,Alabama,AL,governor,William Longshore,Republican,11.4,False,False
1958,Alabama,AL,governor,William Jackson,Independent,0.3,False,False
1958,Alaska,AK,governor,William A. Egan,Democratic,59.6,True,False
1958,Alaska,AK,governor,John Butrovich,Republican,39.4,False,False
1958,Alaska,AK,governor,Mike Dollinter,Independent,1.0,False,False
1958,Arizona,AZ,governor,Paul Fannin,Republican,55.1,True,False
1958,Arizona,AZ,governor,Robert Morrison,Democratic,44.9,False,False
1958,Arkansas,AR,governor,Orval Faubus,Democratic,82.5,True,True
1958,Arkansas,AR,governor,George W. Johnson,Republican,17.5,False,False
1958,California,CA,governor,Pat Brown,Democratic,59.8,True,False
1958,California,CA,governor,William Knowland,Republican,40.2,False,False
1958,California,CA,governor,William Potter Gale,Independent,0.04,False,False
1958,Colorado,CO,governor,Stephen McNichols,Democratic,58.4,True,True
1958,Colorado,CO,governor,Palmer Burch,Republican,41.6,False,False
1958,Connecticut,CT,governor,Abraham Ribicoff,Democratic,62.3,True,True
1958,Connecticut,CT,governor,John Davis Lodge,Republican,37.0,False,False
1958,Connecticut,CT,governor,Jasper McLevy,Socialist,0.7,False,False
1958,Georgia,GA,governor,Primary results:,,,True,False
1958,Georgia,GA,governor,Ernest Vandiver,Democratic,80.51,True,False
1958,Georgia,GA,governor,William T. Bodenhamer,Democratic,14.16,False,False
1958,Georgia,GA,governor,Lee Roy Abernathy,Democratic,5.34,False,False
1958,Georgia,GA,governor,General election:,,,True,False
1958,Idaho,ID,governor,Robert E. Smylie,Republican,51.0,True,True
1958,Idaho,ID,governor,Alfred M. Derr,Democratic,49.0,False,False
1958,Iowa,IA,governor,Herschel C. Loveless,Democratic,54.1,True,True
1958,Iowa,IA,governor,William G. Murray,Republican,46.0,False,False
1958,Kansas,KS,governor,George Docking,Democratic,56.5,True,True
1958,Kansas,KS,governor,Clyde M. Reed Jr.,Republican,42.5,False,False
1958,Kansas,KS,governor,Warren C. Martin,Prohibition,1.0,False,False
1958,Maine,ME,governor,Clinton Clauson,Democratic,52.0,True,False
1958,Maine,ME,governor,Horace Hildreth,Republican,48.0,False,False
1958,Maryland,MD,governor,J. Millard Tawes,Democratic,63.6,True,False
1958,Maryland,MD,governor,James Devereux,Republican,36.5,False,False
1958,Massachusetts,MA,governor,Foster Furcolo,Democratic,56.2,True,True
1958,Massachusetts,MA,governor,Charles Gibbons,Republican,43.1,False,False
1958,Massachusetts,MA,governor,Henning A. Blomen,Labor,0.41,False,False
1958,Massachusetts,MA,governor,Guy S. Williams,Prohibition,0.3,False,False
1958,Michigan,MI,governor,G. Mennen Williams,Democratic,53.0,True,True
1958,Michigan,MI,governor,Paul Douglas Bagwell,Republican,46.6,False,False
1958,Michigan,MI,governor,Ralph Muncy,Labor,0.17,False,False
1958,Michigan,MI,governor,Rollin M. Severance,Prohibition,0.16,False,False
1958,Michigan,MI,governor,Frank Lovell,Workers,0.04,False,False
1958,Minnesota,MN,governor,Orville Freeman,Minnesota Democratic-farmer-labor,56.8,True,True
1958,Minnesota,MN,governor,George MacKinnon,Republican,42.3,False,False
1958,Minnesota,MN,governor,Arne Anderson,Independent,0.94,False,False
1958,Nebraska,NE,governor,Ralph G. Brooks,Democratic,50.19,True,False
1958,Nebraska,NE,governor,Victor Anderson,Republican,49.8,False,True
1958,Nevada,NV,governor,Grant Sawyer,Democratic,59.9,True,False
1958,Nevada,NV,governor,Charles H. Russell,Republican,,False,True
1958,New Hampshire,NH,governor,Wesley Powell,Republican,51.7,True,False
1958,New Hampshire,NH,governor,Bernard L. Boutin,Democratic,48.4,False,False
1958,New Mexico,NM,governor,John Burroughs,Democratic,50.47,True,False
1958,New Mexico,NM,governor,Edwin L. Mechem,Republican,49.53,False,True
1958,New York,NY,governor,Nelson Rockefeller,Republican,54.7,True,False
1958,New York,NY,governor,W. Averell Harriman,Democratic,44.7,False,True
1958,New York,NY,governor,John T. McManus,Independent,0.6,False,False
1958,North Dakota,ND,governor,John E. Davis,Republican,53.1,True,True
1958,North Dakota,ND,governor,John F. Lord,North Dakota Democratic-npl,46.9,False,False
1958,Ohio,OH,governor,Michael DiSalle,Democratic,56.9,True,False
1958,Ohio,OH,governor,C. William O'Neill,Republican,43.1,False,True
1958,Oklahoma,OK,governor,J. Howard Edmondson,Democratic,74.1,True,False
1958,Oklahoma,OK,governor,Phil Ferguson,Republican,20.0,False,False
1958,Oklahoma,OK,governor,"D.A. ""Jelly"" Bryce",Independent,5.9,False,False
1958,Oregon,OR,governor,Mark Hatfield,Republican,55.3,True,False
1958,Oregon,OR,governor,Robert D. Holmes,Democratic,44.7,False,True
1958,Pennsylvania,PA,governor,David L. Lawrence,Democratic,50.8,True,False
1958,Pennsylvania,PA,governor,Arthur T. McGonigle,Republican,48.9,False,False
1958,Pennsylvania,PA,governor,Herman A. Johansen,Labor,0.22,False,False
1958,Pennsylvania,PA,governor,Eloise Fickland,Independent,0.11,False,False
1958,Rhode Island,RI,governor,Christopher Del Sesto,Republican,50.9,True,False
1958,Rhode Island,RI,governor,Dennis J. Roberts,Democratic,49.1,False,True
1958,South Carolina,SC,governor,Primary election:,,,True,False
1958,South Carolina,SC,governor,Fritz Hollings,Democratic,41.93,True,False
1958,South Carolina,SC,governor,Donald S. Russell,Democratic,35.02,False,False
1958,South Carolina,SC,governor,William C. Johnston,Democratic,23.06,False,False
1958,South Carolina,SC,governor,Primary runoff:,,,True,False
1958,South Carolina,SC,governor,General election:,,,True,False
1958,South Dakota,SD,governor,Ralph Herseth,Democratic,51.4,True,False
1958,South Dakota,SD,governor,Phil Saunders,Republican,48.6,False,False
1958,Tennessee,TN,governor,Buford Ellington,Democratic,57.5,True,False
1958,Tennessee,TN,governor,Jim Nance McCord,Independent,31.5,False,False
1958,Tennessee,TN,governor,Tom Wall,Republican,8.3,False,False
1958,Tennessee,TN,governor,Scattering,Independent,2.6,False,False
1958,Texas,TX,governor,Price Daniel,Democratic,88.1,True,True
1958,Texas,TX,governor,Edwin S. Mayer,Republican,11.9,False,False
1958,Vermont,VT,governor,Robert Stafford,Republican,50.3,True,False
1958,Vermont,VT,governor,Bernard Joseph Leddy,Democratic,49.7,False,False
1958,Wisconsin,WI,governor,Gaylord Nelson,Democratic,53.6,True,False
1958,Wisconsin,WI,governor,Vernon Wallace Thomson,Republican,46.3,False,True
1958,Wisconsin,WI,governor,Wayne Leverenz,Workers,0.12,False,False
1958,Wyoming,WY,governor,John J. Hickey,Democratic,48.9,True,False
1958,Wyoming,WY,governor,Milward Simpson,Republican,46.6,False,True
1958,Wyoming,WY,governor,Louis W. Carlson,Independent,4.4,False,False
1960,Arizona,AZ,governor,Paul Fannin,Republican,59.3,True,True
1960,Arizona,AZ,governor,Lee Ackerman,Democratic,40.7,False,False
1960,Arkansas,AR,governor,Orval Faubus,Democratic,69.2,True,True
1960,Arkansas,AR,governor,Henry M. Britt,Republican,30.8,False,False
1960,Delaware,DE,governor,Elbert N. Carvel,Democratic,51.7,True,False
1960,Delaware,DE,governor,John W. Rollins,Republican,48.3,False,False
1960,Florida,FL,governor,C. Farris Bryant,Democratic,59.9,True,False
1960,Florida,FL,governor,George C. Petersen,Republican,40.2,False,False
1960,Illinois,IL,governor,Otto Kerner Jr.,Democratic,55.5,True,False
1960,Illinois,IL,governor,William Stratton,Republican,44.3,False,True
1960,Illinois,IL,governor,Edward C. Gross,Labor,0.19,False,False
1960,Indiana,IN,governor,Matthew E. Welsh,Democratic,50.4,True,False
1960,Indiana,IN,governor,Crawford F. Parker,Republican,49.3,False,False
1960,Indiana,IN,governor,J. Ralston Miller,Prohibition,0.28,False,False
1960,Indiana,IN,governor,Herman Kronewitter,Labor,0.04,False,False
1960,Iowa,IA,governor,Norman A. Erbe,Republican,52.1,True,False
1960,Iowa,IA,governor,Edward Joseph McManus,Democratic,47.9,False,False
1960,Kansas,KS,governor,John Anderson Jr.,Republican,55.5,True,False
1960,Kansas,KS,governor,George Docking,Democratic,43.6,False,True
1960,Kansas,KS,governor,J.J. Steele,Prohibition,1.0,False,False
1960,Maine,ME,governor,John H. Reed,Republican,52.7,True,True
1960,Maine,ME,governor,Frank M. Coffin,Democratic,47.3,False,False
1960,Massachusetts,MA,governor,John Volpe,Republican,52.5,True,False
1960,Massachusetts,MA,governor,Joseph D. Ward,Democratic,46.8,False,False
1960,Massachusetts,MA,governor,Henning A. Blomen,Labor,0.39,False,False
1960,Massachusetts,MA,governor,Guy S. Williams,Prohibition,0.31,False,False
1960,Michigan,MI,governor,John Swainson,Democratic,50.5,True,False
1960,Michigan,MI,governor,Paul Douglas Bagwell,Republican,49.2,False,False
1960,Michigan,MI,governor,Robert Himmel Jr.,Workers,0.1,False,False
1960,Michigan,MI,governor,Delmar D. Gibbons,Prohibition,0.07,False,False
1960,Michigan,MI,governor,F.J. Toohey,Independent,0.06,False,False
1960,Michigan,MI,governor,Theos A. Grove,Labor,0.05,False,False
1960,Michigan,MI,governor,R. Roy Pursell,Independent American,0.04,False,False
1960,Minnesota,MN,governor,Elmer L. Andersen,Republican,50.6,True,False
1960,Minnesota,MN,governor,Orville Freeman,Minnesota Democratic-farmer-labor,49.1,False,True
1960,Minnesota,MN,governor,Rudolph Gustafson,Independent,0.36,False,False
1960,Missouri,MO,governor,John M. Dalton,Democratic,58.0,True,False
1960,Missouri,MO,governor,Edward G. Farmer,Republican,42.0,False,False
1960,Montana,MT,governor,Donald Grant Nutter,Republican,55.1,True,False
1960,Montana,MT,governor,Paul Cannon,Democratic,44.9,False,False
1960,Nebraska,NE,governor,Frank B. Morrison,Democratic,52.0,True,False
1960,Nebraska,NE,governor,John Cooper,Republican,48.0,False,False
1960,New Hampshire,NH,governor,Wesley Powell,Republican,55.5,True,True
1960,New Hampshire,NH,governor,Bernard L. Boutin,Democratic,44.5,False,False
1960,New Mexico,NM,governor,Edwin L. Mechem,Republican,50.33,True,False
1960,New Mexico,NM,governor,John Burroughs,Democratic,49.67,False,True
1960,North Carolina,NC,governor,Terry Sanford,Democratic,54.5,True,False
1960,North Carolina,NC,governor,Robert L. Gavin,Republican,45.5,False,False
1960,North Carolina,NC,governor,I. Beverly Lake,Independent,0.08,False,False
1960,North Dakota,ND,governor,William L. Guy,North Dakota Democratic-npl,49.4,True,False
1960,North Dakota,ND,governor,Clarence P. Dahl,Republican,44.5,False,False
1960,North Dakota,ND,governor,Herschel Lashkowitz,Independent,6.1,False,False
1960,Rhode Island,RI,governor,John A. Notte Jr.,Democratic,56.6,True,False
1960,Rhode Island,RI,governor,Christopher Del Sesto,Republican,43.4,False,True
1960,South Dakota,SD,governor,Archie M. Gubbrud,Republican,50.7,True,False
1960,South Dakota,SD,governor,Ralph Herseth,Democratic,49.3,False,True
1960,Texas,TX,governor,Price Daniel,Democratic,72.8,True,True
1960,Texas,TX,governor,William Steger,Republican,27.3,False,False
1960,Utah,UT,governor,George Dewey Clyde,Republican,52.7,True,True
1960,Utah,UT,governor,William Arthur Barlocker,Democratic,47.3,False,False
1960,Vermont,VT,governor,F. Ray Keyser Jr.,Republican,56.4,True,False
1960,Vermont,VT,governor,Russell F. Niquette,Democratic,43.6,False,False
1960,Washington,WA,governor,Albert Rosellini,Democratic,50.3,True,True
1960,Washington,WA,governor,Lloyd J. Andrews,Republican,48.9,False,False
1960,Washington,WA,governor,Henry Killman,Labor,0.7,False,False
1960,Washington,WA,governor,Jack W. Wright,Workers,0.1,False,False
1960,West Virginia,WV,governor,Wally Barron,Democratic,54.0,True,False
1960,West Virginia,WV,governor,Harold E. Neely,Republican,46.0,False,False
1960,Wisconsin,WI,governor,Gaylord Nelson,Democratic,51.6,True,True
1960,Wisconsin,WI,governor,Philip G. Kuehn,Republican,48.4,False,False
1962,Alabama,AL,governor,George Wallace,Democratic,96.3,True,False
1962,Alabama,AL,governor,Frank P. Walls,Republican,3.7,False,False
1962,Alaska,AK,governor,William A. Egan,Democratic,52.3,True,True
1962,Alaska,AK,governor,Mike Stepovich,Republican,47.7,False,False
1962,Arizona,AZ,governor,Paul Fannin,Republican,54.8,True,True
1962,Arizona,AZ,governor,Samuel Pearson Goddard Jr.,Democratic,45.2,False,False
1962,Arkansas,AR,governor,Orval Faubus,Democratic,73.3,True,True
1962,Arkansas,AR,governor,Willis Ricketts,Republican,26.7,False,False
1962,California,CA,governor,Pat Brown,Democratic,51.9,True,True
1962,California,CA,governor,Richard Nixon,Republican,46.9,False,False
1962,California,CA,governor,Robert L. Wyckoff,Prohibition,1.1,False,False
1962,Colorado,CO,governor,John A. Love,Republican,56.7,True,False
1962,Colorado,CO,governor,Stephen McNichols,Democratic,42.6,False,True
1962,Colorado,CO,governor,Louis K. Stephens,Labor,0.4,False,False
1962,Colorado,CO,governor,Stephen L. DeArvil,Independent,0.3,False,False
1962,Connecticut,CT,governor,John N. Dempsey,Democratic,53.2,True,True
1962,Connecticut,CT,governor,John deKoven Alsop,Republican,46.8,False,False
1962,Georgia,GA,governor,Carl Sanders,Democratic,99.95,True,False
1962,Hawaii,HI,governor,John A. Burns,Democratic,58.3,True,False
1962,Hawaii,HI,governor,William F. Quinn,Republican,41.7,False,True
1962,Idaho,ID,governor,Robert E. Smylie,Republican,54.6,True,True
1962,Idaho,ID,governor,Vernon K. Smith,Democratic,45.4,False,False
1962,Iowa,IA,governor,Harold Hughes,Democratic,52.6,True,False
1962,Iowa,IA,governor,Norman A. Erbe,Republican,47.4,False,True
1962,Kansas,KS,governor,John Anderson Jr.,Republican,53.4,True,True
1962,Kansas,KS,governor,Dale E. Saffels,Democratic,45.6,False,False
1962,Kansas,KS,governor,Vearl Bacon,Prohibition,1.0,False,False
1962,Maine,ME,governor,John H. Reed,Republican,50.08,True,True
1962,Maine,ME,governor,Maynard C. Dolloff,Democratic,49.92,False,False
1962,Maryland,MD,governor,J. Millard Tawes,Democratic,55.6,True,True
1962,Maryland,MD,governor,Frank Small,Republican,44.4,False,False
1962,Massachusetts,MA,governor,Endicott Peabody,Democratic,49.92,True,False
1962,Massachusetts,MA,governor,John Volpe,Republican,49.71,False,True
1962,Massachusetts,MA,governor,Henning A. Blomen,Labor,0.26,False,False
1962,Massachusetts,MA,governor,Guy S. Williams,Prohibition,0.11,False,False
1962,Michigan,MI,governor,George W. Romney,Republican,51.4,True,False
1962,Michigan,MI,governor,John Swainson,Democratic,48.5,False,True
1962,Michigan,MI,governor,James Sim,Labor,0.2,False,False
1962,Minnesota,MN,governor,Karl Rolvaag,Minnesota Democratic-farmer-labor,49.714,True,False
1962,Minnesota,MN,governor,Elmer L. Andersen,Republican,49.706,False,True
1962,Minnesota,MN,governor,William Braatz,Independent,0.58,False,False
1962,Nebraska,NE,governor,Frank B. Morrison,Democratic,52.2,True,True
1962,Nebraska,NE,governor,Fred A. Seaton,Republican,47.8,False,False
1962,Nevada,NV,governor,Grant Sawyer,Democratic,66.8,True,True
1962,Nevada,NV,governor,Oran K. Gragson,Republican,33.2,False,False
1962,New Hampshire,NH,governor,John W. King,Democratic,58.9,True,False
1962,New Hampshire,NH,governor,John Pillsbury,Republican,41.1,False,False
1962,New Mexico,NM,governor,Jack M. Campbell,Democratic,53.0,True,False
1962,New Mexico,NM,governor,Edwin L. Mechem,Republican,47.0,False,True
1962,New York,NY,governor,Nelson Rockefeller,Republican,53.1,True,True
1962,New York,NY,governor,Robert Morgenthau,Democratic,44.0,False,False
1962,New York,NY,governor,David H. Jaquith,Conservative,2.4,False,False
1962,New York,NY,governor,Richard Garza,Workers,0.3,False,False
1962,New York,NY,governor,Eric Hass,Labor,0.2,False,False
1962,North Dakota,ND,governor,William L. Guy,North Dakota Democratic-npl,50.44,True,True
1962,North Dakota,ND,governor,Mark Andrews,Republican,49.56,False,False
1962,Ohio,OH,governor,Jim Rhodes,Republican,58.9,True,False
1962,Ohio,OH,governor,Michael DiSalle,Democratic,41.1,False,True
1962,Oklahoma,OK,governor,Henry Bellmon,Republican,55.3,True,False
1962,Oklahoma,OK,governor,W.P. Atkinson,Democratic,44.4,False,False
1962,Oklahoma,OK,governor,Richard Zavitz,Independent,0.3,False,False
1962,Oregon,OR,governor,Mark Hatfield,Republican,54.2,True,True
1962,Oregon,OR,governor,Robert Y. Thornton,Democratic,41.6,False,False
1962,Oregon,OR,governor,Robert H. Wampler,Independent,4.1,False,False
1962,Pennsylvania,PA,governor,William Scranton,Republican,55.4,True,False
1962,Pennsylvania,PA,governor,Richardson Dilworth,Democratic,44.3,False,False
1962,Pennsylvania,PA,governor,George Sam Taylor,Labor,0.33,False,False
1962,Rhode Island,RI,governor,John Chafee,Republican,50.06,True,False
1962,Rhode Island,RI,governor,John A. Notte Jr.,Democratic,49.94,False,True
1962,South Carolina,SC,governor,Donald S. Russell,Democratic,100.0,True,False
1962,South Dakota,SD,governor,Archie M. Gubbrud,Republican,56.1,True,True
1962,South Dakota,SD,governor,Ralph Herseth,Democratic,43.9,False,False
1962,Tennessee,TN,governor,Frank G. Clement,Democratic,50.9,True,False
1962,Tennessee,TN,governor,William Anderson,Independent,32.8,False,False
1962,Tennessee,TN,governor,Hubert David Patty,Republican,16.1,False,False
1962,Tennessee,TN,governor,E.B. Bowles,Independent,0.2,False,False
1962,Texas,TX,governor,John Connally,Democratic,54.0,True,False
1962,Texas,TX,governor,Jack Cox,Republican,45.6,False,False
1962,Texas,TX,governor,Jack Carswell,"Constitution Party (us, 1952)",0.45,False,False
1962,Vermont,VT,governor,Philip H. Hoff,Democratic,50.54,True,False
1962,Vermont,VT,governor,F. Ray Keyser Jr.,Republican,49.46,False,True
1962,Wisconsin,WI,governor,John W. Reynolds Jr.,Democratic,50.37,True,False
1962,Wisconsin,WI,governor,Philip G. Kuehn,Republican,49.43,False,False
1962,Wisconsin,WI,governor,Adolf Wiggert,Independent,0.2,False,False
1962,Wyoming,WY,governor,Clifford Hansen,Republican,54.5,True,False
1962,Wyoming,WY,governor,Jack R. Gage,Democratic,45.5,False,True
1964,Arizona,AZ,governor,Sam Goddard Jr.,Democratic,53.2,True,False
1964,Arizona,AZ,governor,Richard Kleindienst,Republican,46.8,False,False
1964,Arkansas,AR,governor,Orval Faubus,Democratic,57.0,True,True
1964,Arkansas,AR,governor,Winthrop Rockefeller,Republican,43.0,False,False
1964,Delaware,DE,governor,Charles L. Terry Jr.,Democratic,51.4,True,False
1964,Delaware,DE,governor,David P. Buckson,Republican,48.7,False,False
1964,Florida,FL,governor,W. Haydon Burns,Democratic,56.2,True,False
1964,Florida,FL,governor,Charles R. Holley,Republican,41.3,False,False
1964,Florida,FL,governor,Write-ins,,2.6,False,False
1964,Illinois,IL,governor,Otto Kerner Jr.,Democratic,51.9,True,True
1964,Illinois,IL,governor,Charles H. Percy,Republican,48.1,False,False
1964,Indiana,IN,governor,Roger D. Branigin,Democratic,56.2,True,False
1964,Indiana,IN,governor,Richard O. Ristine,Republican,43.5,False,False
1964,Indiana,IN,governor,Chester G. Bohannon,Prohibition,0.28,False,False
1964,Indiana,IN,governor,Gordon A. Long,Labor,0.06,False,False
1964,Iowa,IA,governor,Harold Hughes,Democratic,68.1,True,True
1964,Iowa,IA,governor,Evan Hultman,Republican,31.3,False,False
1964,Iowa,IA,governor,Robert Dilley,Conservative,0.7,False,False
1964,Kansas,KS,governor,William H. Avery,Republican,50.9,True,False
1964,Kansas,KS,governor,Harry G. Wiles,Democratic,47.1,False,False
1964,Kansas,KS,governor,Kenneth L. Myers,Conservative,1.4,False,False
1964,Kansas,KS,governor,Harry E. Livermore,Prohibition,0.7,False,False
1964,Massachusetts,MA,governor,John Volpe,Republican,50.27,True,False
1964,Massachusetts,MA,governor,Francis Bellotti,Democratic,49.29,False,False
1964,Massachusetts,MA,governor,Francis A. Votano,Labor,0.27,False,False
1964,Massachusetts,MA,governor,Guy S. Williams,Prohibition,0.16,False,False
1964,Michigan,MI,governor,George W. Romney,Republican,55.9,True,True
1964,Michigan,MI,governor,Neil Staebler,Democratic,43.7,False,False
1964,Michigan,MI,governor,Frank Lovell,Workers,0.18,False,False
1964,Michigan,MI,governor,Albert B. Cleage Jr.,Independent,0.15,False,False
1964,Michigan,MI,governor,James Horvath,Labor,0.06,False,False
1964,Missouri,MO,governor,Warren E. Hearnes,Democratic,62.1,True,False
1964,Missouri,MO,governor,Ethan Shepley,Republican,37.9,False,False
1964,Montana,MT,governor,Tim Babcock,Republican,51.3,True,True
1964,Montana,MT,governor,Roland Renne,Democratic,48.7,False,False
1964,Nebraska,NE,governor,Frank B. Morrison,Democratic,60.0,True,True
1964,Nebraska,NE,governor,Dwight Burney,Republican,40.0,False,False
1964,New Hampshire,NH,governor,John W. King,Democratic,66.8,True,True
1964,New Hampshire,NH,governor,John Pillsbury,Republican,33.2,False,False
1964,New Mexico,NM,governor,Jack M. Campbell,Democratic,60.2,True,True
1964,New Mexico,NM,governor,Merle H. Tucker,Republican,39.8,False,False
1964,North Carolina,NC,governor,Dan K. Moore,Democratic,56.6,True,False
1964,North Carolina,NC,governor,Robert L. Gavin,Republican,43.4,False,False
1964,North Dakota,ND,governor,William L. Guy,North Dakota Democratic-npl,55.7,True,True
1964,North Dakota,ND,governor,Donald M. Halcrow,Republican,44.3,False,False
1964,Rhode Island,RI,governor,John Chafee,Republican,61.2,True,True
1964,Rhode Island,RI,governor,Edward P. Gallogly,Democratic,38.9,False,False
1964,South Dakota,SD,governor,Nils Boe,Republican,51.7,True,False
1964,South Dakota,SD,governor,John F. Lindley,Democratic,48.3,False,False
1964,Texas,TX,governor,John Connally,Democratic,73.8,True,True
1964,Texas,TX,governor,Jack Crichton,Republican,26.0,False,False
1964,Texas,TX,governor,John C. Williams,"Constitution Party (us, 1952)",0.2,False,False
1964,Utah,UT,governor,Cal Rampton,Democratic,57.0,True,False
1964,Utah,UT,governor,Mitchell Melich,Republican,43.0,False,False
1964,Vermont,VT,governor,Philip H. Hoff,Democratic,65.4,True,True
1964,Vermont,VT,governor,Ralph A. Foote,Republican,34.6,False,False
1964,Washington,WA,governor,Daniel J. Evans,Republican,55.8,True,False
1964,Washington,WA,governor,Albert Rosellini,Democratic,43.9,False,True
1964,Washington,WA,governor,Henry Killman,Labor,0.4,False,False
1964,West Virginia,WV,governor,Hulett C. Smith,Democratic,54.9,True,False
1964,West Virginia,WV,governor,Cecil Underwood,Republican,45.1,False,False
1964,Wisconsin,WI,governor,Warren P. Knowles,Republican,50.6,True,False
1964,Wisconsin,WI,governor,John W. Reynolds Jr.,Democratic,49.4,False,True
1966,Alabama,AL,governor,Lurleen Wallace,Democratic,63.4,True,False
1966,Alabama,AL,governor,James D. Martin,Republican,31.0,False,False
1966,Alabama,AL,governor,Carl Robinson,Independent,5.6,False,False
1966,Alaska,AK,governor,Wally Hickel,Republican,50.0,True,False
1966,Alaska,AK,governor,William A. Egan,Democratic,48.4,False,True
1966,Alaska,AK,governor,John F. Grasse,Independent,1.6,False,False
1966,Arizona,AZ,governor,Jack Williams,Republican,53.8,True,False
1966,Arizona,AZ,governor,Sam Goddard Jr.,Democratic,46.2,False,True
1966,Arkansas,AR,governor,Winthrop Rockefeller,Republican,54.4,True,False
1966,Arkansas,AR,governor,James D. Johnson,Democratic,45.6,False,False
1966,California,CA,governor,Ronald Reagan,Republican,57.6,True,False
1966,California,CA,governor,Pat Brown,Democratic,42.3,False,True
1966,Colorado,CO,governor,John A. Love,Republican,54.1,True,True
1966,Colorado,CO,governor,Robert Lee Knous,Democratic,43.5,False,False
1966,Colorado,CO,governor,Levi Martinez,Independent,2.5,False,False
1966,Connecticut,CT,governor,John N. Dempsey,Democratic,55.7,True,True
1966,Connecticut,CT,governor,E. Clayton Gengras,Republican,44.3,False,False
1966,Florida,FL,governor,Claude R. Kirk Jr.,Republican,55.1,True,False
1966,Florida,FL,governor,Robert King High,Democratic,44.9,False,False
1966,Georgia,GA,governor,Election:,,,True,False
1966,Georgia,GA,governor,Bo Callaway,Republican,46.53,True,False
1966,Georgia,GA,governor,Lester Maddox,Democratic,46.22,False,False
1966,Georgia,GA,governor,Ellis Arnall,Independent,7.08,False,False
1966,Georgia,GA,governor,Delegate count:,,,True,False
1966,Hawaii,HI,governor,John A. Burns,Democratic,51.1,True,True
1966,Hawaii,HI,governor,Randolph Crossley,Republican,48.9,False,False
1966,Idaho,ID,governor,Don Samuelson,Republican,41.4,True,False
1966,Idaho,ID,governor,Cecil Andrus,Democratic,37.1,False,False
1966,Idaho,ID,governor,Perry Swisher,Independent,12.2,False,False
1966,Idaho,ID,governor,Philip Jungert,Independent,9.2,False,False
1966,Idaho,ID,governor,Don Walker,Independent,0.1,False,False
1966,Iowa,IA,governor,Harold Hughes,Democratic,55.3,True,True
1966,Iowa,IA,governor,William G. Murray,Republican,44.2,False,False
1966,Iowa,IA,governor,David B. Quiner,Independent,0.4,False,False
1966,Iowa,IA,governor,Charles Sloca,Independent,0.1,False,False
1966,Kansas,KS,governor,Robert Docking,Democratic,54.8,True,False
1966,Kansas,KS,governor,William H. Avery,Republican,43.9,False,True
1966,Kansas,KS,governor,Rolland Ernest Fisher,Prohibition,0.7,False,False
1966,Kansas,KS,governor,Carson Crawford,Conservative,0.6,False,False
1966,Maine,ME,governor,Kenneth M. Curtis,Democratic,53.1,True,False
1966,Maine,ME,governor,John H. Reed,Republican,46.9,False,True
1966,Maryland,MD,governor,Spiro Agnew,Republican,49.5,True,False
1966,Maryland,MD,governor,George P. Mahoney,Democratic,40.6,False,False
1966,Maryland,MD,governor,Hyman A. Pressman,Independent,9.9,False,False
1966,Massachusetts,MA,governor,John A. Volpe,Republican,62.5,True,True
1966,Massachusetts,MA,governor,Edward J. McCormack Jr.,Democratic,36.9,False,False
1966,Massachusetts,MA,governor,Henning A. Blomen,Labor,0.3,False,False
1966,Massachusetts,MA,governor,John C. Hedges,Prohibition,0.2,False,False
1966,Michigan,MI,governor,George W. Romney,Republican,60.5,True,True
1966,Michigan,MI,governor,Zolton Ferency,Democratic,39.1,False,False
1966,Michigan,MI,governor,James Horvath,Labor,0.3,False,False
1966,Minnesota,MN,governor,Harold LeVander,Republican,52.6,True,False
1966,Minnesota,MN,governor,Karl Rolvaag,Democratic,46.9,False,True
1966,Minnesota,MN,governor,Kenneth Sachs,Independent,0.5,False,False
1966,Nebraska,NE,governor,Norbert Tiemann,Republican,61.5,True,False
1966,Nebraska,NE,governor,Philip Sorensen,Democratic,38.4,False,False
1966,Nevada,NV,governor,Paul Laxalt,Republican,52.1,True,False
1966,Nevada,NV,governor,Grant Sawyer,Democratic,47.8,False,True
1966,New Hampshire,NH,governor,John W. King,Democratic,53.9,True,True
1966,New Hampshire,NH,governor,Hugh Gregg,Republican,45.9,False,False
1966,New Mexico,NM,governor,David Cargo,Republican,51.7,True,False
1966,New Mexico,NM,governor,Thomas E. Lusk,Democratic,48.2,False,False
1966,New York,NY,governor,Nelson Rockefeller,Republican,44.6,True,True
1966,New York,NY,governor,Frank D. O'Connor,Democratic,38.1,False,False
1966,New York,NY,governor,Paul Adams,Conservative,8.5,False,False
1966,New York,NY,governor,Franklin D. Roosevelt Jr.,Liberal,8.4,False,False
1966,New York,NY,governor,Milton Herder,Labor,0.2,False,False
1966,New York,NY,governor,Judith White,Independent,0.2,False,False
1966,Ohio,OH,governor,Jim Rhodes,Republican,62.2,True,True
1966,Ohio,OH,governor,Frazier Reams Jr.,Democratic,37.8,False,False
1966,Oklahoma,OK,governor,Dewey F. Bartlett,Republican,55.7,True,False
1966,Oklahoma,OK,governor,Preston J. Moore,Democratic,43.8,False,False
1966,Oklahoma,OK,governor,Harry E. Ingram,Independent,0.6,False,False
1966,Oregon,OR,governor,Tom McCall,Republican,55.3,True,False
1966,Oregon,OR,governor,Robert W. Straub,Democratic,44.7,False,False
1966,Pennsylvania,PA,governor,Raymond P. Shafer,Republican,52.1,True,False
1966,Pennsylvania,PA,governor,Milton Shapp,Democratic,46.2,False,False
1966,Pennsylvania,PA,governor,Edward S. Swartz,Independent,1.4,False,False
1966,Pennsylvania,PA,governor,George S. Taylor,Independent,0.4,False,False
1966,Rhode Island,RI,governor,John Chafee,Republican,63.3,True,True
1966,Rhode Island,RI,governor,Horace E. Hobbs,Democratic,36.7,False,False
1966,South Carolina,SC,governor,Robert Evander McNair,Democratic,58.2,True,True
1966,South Carolina,SC,governor,Joseph O. Rogers Jr.,Republican,41.9,False,False
1966,South Dakota,SD,governor,Nils Boe,Republican,57.7,True,True
1966,South Dakota,SD,governor,Robert Chamberlin,Democratic,42.3,False,False
1966,Tennessee,TN,governor,Buford Ellington,Democratic,81.2,True,False
1966,Tennessee,TN,governor,H.L. Crowder,Independent,9.8,False,False
1966,Tennessee,TN,governor,Charlie Moffett,Independent,7.7,False,False
1966,Tennessee,TN,governor,Charles Gordon Vick,Independent,1.3,False,False
1966,Texas,TX,governor,John Connally,Democratic,72.8,True,True
1966,Texas,TX,governor,Thomas Everton Kennedy,Republican,25.8,False,False
1966,Texas,TX,governor,Tommye Gillespie,Independent,0.7,False,False
1966,Texas,TX,governor,Brad Logan,Conservative,0.7,False,False
1966,Vermont,VT,governor,Philip H. Hoff,Democratic,57.7,True,True
1966,Vermont,VT,governor,Richard A. Snelling,Republican,42.3,False,False
1966,Wisconsin,WI,governor,Warren P. Knowles,Republican,53.5,True,True
1966,Wisconsin,WI,governor,Patrick Lucey,Democratic,46.1,False,False
1966,Wisconsin,WI,governor,Adolf Wiggert,Independent,0.4,False,False
1966,Wyoming,WY,governor,Stanley K. Hathaway,Republican,54.3,True,False
1966,Wyoming,WY,governor,Ernest Wilkerson,Democratic,45.7,False,False
1968,Arizona,AZ,governor,Jack Williams,Republican,57.8,True,True
1968,Arizona,AZ,governor,Sam Goddard Jr.,Democratic,42.2,False,False
1968,Arkansas,AR,governor,Winthrop Rockefeller,Republican,52.4,True,True
1968,Arkansas,AR,governor,Marion H. Crank,Democratic,47.6,False,False
1968,Delaware,DE,governor,Russell W. Peterson,Republican,50.51,True,False
1968,Delaware,DE,governor,Charles L. Terry Jr.,Democratic,49.49,False,True
1968,Illinois,IL,governor,Richard B. Ogilvie,Republican,51.2,True,False
1968,Illinois,IL,governor,Samuel H. Shapiro,Democratic,48.4,False,True
1968,Illinois,IL,governor,Edward C. Gross,Labor,0.4,False,False
1968,Indiana,IN,governor,Edgar Whitcomb,Republican,52.7,True,False
1968,Indiana,IN,governor,Robert L. Rock,Democratic,47.1,False,False
1968,Indiana,IN,governor,Melvin E. Hawk,Prohibition,0.15,False,False
1968,Iowa,IA,governor,Robert D. Ray,Republican,54.1,True,False
1968,Iowa,IA,governor,Paul Franzenburg,Democratic,45.9,False,False
1968,Iowa,IA,governor,Harry Miller,Prohibition,0.08,False,False
1968,Kansas,KS,governor,Robert Docking,Democratic,51.9,True,True
1968,Kansas,KS,governor,Rick Harman,Republican,47.6,False,False
1968,Kansas,KS,governor,Marshall Uncapher,Prohibition,0.5,False,False
1968,Missouri,MO,governor,Warren E. Hearnes,Democratic,60.8,True,True
1968,Missouri,MO,governor,Lawrence K. Roos,Republican,39.2,False,False
1968,Montana,MT,governor,Forrest H. Anderson,Democratic,54.1,True,False
1968,Montana,MT,governor,Tim Babcock,Republican,41.9,False,True
1968,Montana,MT,governor,Wayne Montgomery,Independent,4.0,False,False
1968,New Hampshire,NH,governor,Walter R. Peterson Jr.,Republican,52.5,True,False
1968,New Hampshire,NH,governor,Emile R. Bussiere,Democratic,47.4,False,False
1968,New Mexico,NM,governor,David Cargo,Republican,50.21,True,True
1968,New Mexico,NM,governor,Fabian Chavez Jr.,Democratic,49.29,False,False
1968,New Mexico,NM,governor,Jose Maestes,Independent,0.48,False,False
1968,North Carolina,NC,governor,Robert W. Scott,Democratic,52.7,True,False
1968,North Carolina,NC,governor,Jim Gardner,Republican,47.3,False,False
1968,North Dakota,ND,governor,William L. Guy,North Dakota Democratic-npl,54.8,True,True
1968,North Dakota,ND,governor,Robert P. McCarney,Republican,43.7,False,False
1968,North Dakota,ND,governor,Leo Landsberger,Independent,1.5,False,False
1968,Rhode Island,RI,governor,Frank Licht,Democratic,51.0,True,False
1968,Rhode Island,RI,governor,John Chafee,Republican,49.0,False,True
1968,South Dakota,SD,governor,Frank Farrar,Republican,57.7,True,False
1968,South Dakota,SD,governor,Robert Chamberlin,Democratic,42.4,False,False
1968,Texas,TX,governor,Preston Smith,Democratic,57.0,True,False
1968,Texas,TX,governor,Paul Eggers,Republican,43.0,False,False
1968,Utah,UT,governor,Cal Rampton,Democratic,68.7,True,True
1968,Utah,UT,governor,Carl W. Buehner,Republican,31.3,False,False
1968,Vermont,VT,governor,Deane C. Davis,Republican,55.5,True,False
1968,Vermont,VT,governor,John J. Daley,Democratic,44.5,False,False
1968,Washington,WA,governor,Daniel J. Evans,Republican,54.7,True,True
1968,Washington,WA,governor,John J. O'Connell,Democratic,44.3,False,False
1968,Washington,WA,governor,Ken Chriswell,Conservative,0.9,False,False
1968,Washington,WA,governor,Henry Killman,Labor,,False,False
1968,West Virginia,WV,governor,Arch A. Moore Jr.,Republican,50.9,True,False
1968,West Virginia,WV,governor,James Marshall Sprouse,Democratic,49.1,False,False
1968,Wisconsin,WI,governor,Warren P. Knowles,Republican,52.9,True,True
1968,Wisconsin,WI,governor,Bronson La Follette,Democratic,46.8,False,False
1968,Wisconsin,WI,governor,Adolf Wiggert,Labor,0.2,False,False
1968,Wisconsin,WI,governor,Robert Wilkinson,Workers,0.1,False,False
1970,Alabama,AL,governor,George Wallace,Democratic,74.5,True,False
1970,Alabama,AL,governor,John L. Cashin,Democratic,14.7,False,False
1970,Alabama,AL,governor,A.C. Shelton,Independent,8.9,False,False
1970,Alabama,AL,governor,Jerome B. Couch,Prohibition,1.1,False,False
1970,Alabama,AL,governor,Menter G. Walker,Independent,0.4,False,False
1970,Alabama,AL,governor,John Watts,Independent,0.4,False,False
1970,Alaska,AK,governor,William A. Egan,Democratic,52.4,True,False
1970,Alaska,AK,governor,Keith Miller,Republican,46.1,False,True
1970,Alaska,AK,governor,Ralph M. Anderson,Independent,1.5,False,False
1970,Arizona,AZ,governor,Jack Williams,Republican,50.9,True,True
1970,Arizona,AZ,governor,Raúl Héctor Castro,Democratic,49.1,False,False
1970,Arkansas,AR,governor,Dale Bumpers,Democratic,61.7,True,False
1970,Arkansas,AR,governor,Winthrop Rockefeller,Republican,32.4,False,True
1970,Arkansas,AR,governor,Walter L. Carruth,American,5.9,False,False
1970,California,CA,governor,Ronald Reagan,Republican,52.8,True,True
1970,California,CA,governor,Jesse M. Unruh,Democratic,45.1,False,False
1970,California,CA,governor,Ricardo Romo,Independent,1.0,False,False
1970,California,CA,governor,William K. Shearer,Independent,1.0,False,False
1970,Colorado,CO,governor,John A. Love,Republican,52.5,True,True
1970,Colorado,CO,governor,Mark Anthony Hogan,Democratic,45.2,False,False
1970,Colorado,CO,governor,Albert Gurule,Unida,1.8,False,False
1970,Colorado,CO,governor,Walter R. Plankinton,Independent,0.3,False,False
1970,Colorado,CO,governor,James Lauderdale,Workers,0.2,False,False
1970,Connecticut,CT,governor,Thomas Meskill,Republican,53.8,True,False
1970,Connecticut,CT,governor,Emilio Daddario,Democratic,46.2,False,False
1970,Florida,FL,governor,Reubin Askew,Democratic,56.9,True,False
1970,Florida,FL,governor,Claude R. Kirk Jr.,Republican,43.1,False,True
1970,Georgia,GA,governor,Jimmy Carter,Democratic,59.3,True,False
1970,Georgia,GA,governor,Hal Suit,Republican,40.6,False,False
1970,Hawaii,HI,governor,John A. Burns,Democratic,57.7,True,True
1970,Hawaii,HI,governor,Samuel Pailthorpe King,Republican,42.4,False,False
1970,Idaho,ID,governor,Cecil Andrus,Democratic,52.2,True,False
1970,Idaho,ID,governor,Don Samuelson,Republican,47.8,False,True
1970,Iowa,IA,governor,Robert D. Ray,Republican,51.0,True,True
1970,Iowa,IA,governor,Robert D. Fulton,Democratic,46.6,False,False
1970,Iowa,IA,governor,Robert Dilley,Independent,2.4,False,False
1970,Kansas,KS,governor,Robert Docking,Democratic,54.3,True,True
1970,Kansas,KS,governor,Kent Frizzell,Republican,44.7,False,False
1970,Kansas,KS,governor,P. Everett Sperry,Conservative,0.6,False,False
1970,Kansas,KS,governor,Marshall Uncapher,Prohibition,0.4,False,False
1970,Maine,ME,governor,Kenneth M. Curtis,Democratic,50.14,True,True
1970,Maine,ME,governor,James S. Erwin,Republican,49.86,False,False
1970,Maryland,MD,governor,Marvin Mandel,Democratic,65.7,True,True
1970,Maryland,MD,governor,Charles Stanley Blair,Republican,32.4,False,False
1970,Maryland,MD,governor,Robert Woods Merkle Jr.,American,2.0,False,False
1970,Massachusetts,MA,governor,Francis Sargent,Republican,56.7,True,True
1970,Massachusetts,MA,governor,Kevin White,Democratic,42.8,False,False
1970,Massachusetts,MA,governor,Henning A. Blomen,Labor,0.4,False,False
1970,Massachusetts,MA,governor,John C. Hedges,Prohibition,0.2,False,False
1970,Michigan,MI,governor,William Milliken,Republican,50.4,True,True
1970,Michigan,MI,governor,Sander Levin,Democratic,48.7,False,False
1970,Michigan,MI,governor,James L. McCormick,Independent,0.7,False,False
1970,Michigan,MI,governor,George Bouse,Workers,0.1,False,False
1970,Michigan,MI,governor,James Horvath,Labor,0.1,False,False
1970,Minnesota,MN,governor,Wendell R. Anderson,Minnesota Democratic-farmer-labor,54.0,True,False
1970,Minnesota,MN,governor,Douglas M. Head,Republican,45.5,False,False
1970,Minnesota,MN,governor,Karl H. Heck,Independent,0.4,False,False
1970,Minnesota,MN,governor,Jack O. Kirkham,Independent,0.1,False,False
1970,Nebraska,NE,governor,J. James Exon,Democratic,53.8,True,False
1970,Nebraska,NE,governor,Norbert Tiemann,Republican,43.8,False,True
1970,Nebraska,NE,governor,Albert C. Walsh,American,2.4,False,False
1970,Nevada,NV,governor,Mike O'Callaghan,Democratic,48.1,True,False
1970,Nevada,NV,governor,Edward Fike,Republican,43.8,False,False
1970,Nevada,NV,governor,Charles E. Springer,Independent,4.4,False,False
1970,Nevada,NV,governor,Daniel M. Hansen,American,3.7,False,False
1970,New Hampshire,NH,governor,Walter R. Peterson Jr.,Republican,46.0,True,True
1970,New Hampshire,NH,governor,Roger J. Crowley,Democratic,44.1,False,False
1970,New Hampshire,NH,governor,Meldrim Thomson Jr.,American,9.9,False,False
1970,New Mexico,NM,governor,Bruce King,Democratic,51.3,True,False
1970,New Mexico,NM,governor,Pete Domenici,Republican,46.4,False,False
1970,New Mexico,NM,governor,John A. Salazar,Independent,1.6,False,False
1970,New Mexico,NM,governor,Wilfredo Sedillo,Independent,0.8,False,False
1970,New York,NY,governor,Nelson Rockefeller,Republican,52.4,True,True
1970,New York,NY,governor,Arthur Goldberg,Democratic,40.3,False,False
1970,New York,NY,governor,Paul Adams,Conservative,7.0,False,False
1970,New York,NY,governor,Rasheed Storey,Communist,0.1,False,False
1970,New York,NY,governor,Clifton DeBerry,Workers,0.1,False,False
1970,New York,NY,governor,Stephen Emery,Labor,0.1,False,False
1970,Ohio,OH,governor,John J. Gilligan,Democratic,54.2,True,False
1970,Ohio,OH,governor,Roger Cloud,Republican,43.4,False,False
1970,Oklahoma,OK,governor,David Hall,Democratic,48.42,True,False
1970,Oklahoma,OK,governor,Dewey F. Bartlett,Republican,48.11,False,True
1970,Oklahoma,OK,governor,Reuel Little,American,3.48,False,False
1970,Oregon,OR,governor,Tom McCall,Republican,55.6,True,True
1970,Oregon,OR,governor,Robert W. Straub,Democratic,44.2,False,False
1970,Oregon,OR,governor,Doug McCall,Independent,0.2,False,False
1970,Pennsylvania,PA,governor,Milton Shapp,Democratic,55.2,True,False
1970,Pennsylvania,PA,governor,Raymond J. Broderick,Republican,41.7,False,False
1970,Pennsylvania,PA,governor,Andrew J. Watson,Independent,2.3,False,False
1970,Pennsylvania,PA,governor,Francis McGeever,Independent,0.6,False,False
1970,Pennsylvania,PA,governor,George S. Taylor,Independent,0.1,False,False
1970,Pennsylvania,PA,governor,Clarissa Cain,Independent,0.1,False,False
1970,Pennsylvania,PA,governor,Pearl Cherlov,Workers,0.1,False,False
1970,Rhode Island,RI,governor,Frank Licht,Democratic,50.07,True,True
1970,Rhode Island,RI,governor,Herbert F. DeSimone,Republican,49.53,False,False
1970,Rhode Island,RI,governor,John E. Powers,Workers,0.4,False,False
1970,South Carolina,SC,governor,John C. West,Democratic,51.7,True,False
1970,South Carolina,SC,governor,Albert Watson,Republican,45.6,False,False
1970,South Carolina,SC,governor,A.W. Bethea,Independent,2.0,False,False
1970,South Carolina,SC,governor,Thomas D. Broadwater,Independent,0.7,False,False
1970,South Dakota,SD,governor,Richard F. Kneip,Democratic,54.9,True,False
1970,South Dakota,SD,governor,Frank Farrar,Republican,45.2,False,True
1970,Tennessee,TN,governor,Winfield Dunn,Republican,52.0,True,False
1970,Tennessee,TN,governor,John Jay Hooker,Democratic,46.0,False,False
1970,Tennessee,TN,governor,Douglas L. Heinsohn,American,2.1,False,False
1970,Texas,TX,governor,Preston Smith,Democratic,53.4,True,True
1970,Texas,TX,governor,Paul Eggers,Republican,46.6,False,False
1970,Vermont,VT,governor,Deane C. Davis,Republican,57.0,True,True
1970,Vermont,VT,governor,Leo O'Brien Jr.,Democratic,43.0,False,False
1970,Wisconsin,WI,governor,Patrick Lucey,Democratic,54.2,True,False
1970,Wisconsin,WI,governor,Jack B. Olson,Republican,44.9,False,False
1970,Wisconsin,WI,governor,Leo James McDonald,American,0.7,False,False
1970,Wisconsin,WI,governor,Georgia Cozzini,Independent,0.1,False,False
1970,Wisconsin,WI,governor,Samuel K. Hunt,Independent,0.1,False,False
1970,Wisconsin,WI,governor,Myrtle Kastner,Independent,0.1,False,False
1970,Wyoming,WY,governor,Stanley K. Hathaway,Republican,62.8,True,True
1970,Wyoming,WY,governor,John J. Rooney,Democratic,37.2,False,False
1970,Guam,GU,governor,Carlos Camacho,Republican,55.8,True,False
1970,Guam,GU,governor,Ricardo Bordallo,Democratic,44.2,False,False
1970,U.S. Virgin Islands,VI,governor,Melvin H. Evans,Republican,52.5,True,False
1970,U.S. Virgin Islands,VI,governor,Cyril King,Independent,47.5,False,False
2000,Delaware,DE,governor,Ruth Ann Minner,Democratic,59.2,True,False
2000,Delaware,DE,governor,John M. Burris,Republican,39.7,False,False
2000,Delaware,DE,governor,Floyd E. McDowell,Independent,1.0,False,False
2000,Indiana,IN,governor,Frank O'Bannon,Democratic,56.6,True,True
2000,Indiana,IN,governor,David M. McIntosh,Republican,41.7,False,False
2000,Indiana,IN,governor,Andrew Horning,Libertarian,1.8,False,False
2000,Missouri,MO,governor,Bob Holden,Democratic,49.1,True,False
2000,Missouri,MO,governor,Jim Talent,Republican,48.2,False,False
2000,Missouri,MO,governor,Larry Rice,Independent,1.5,False,False
2000,Montana,MT,governor,Judy Martz,Republican,51.0,True,False
2000,Montana,MT,governor,Mark O'Keefe,Democratic,47.1,False,False
2000,Montana,MT,governor,Stan Jones,Libertarian,1.9,False,False
2000,New Hampshire,NH,governor,Jeanne Shaheen,Democratic,48.7,True,True
2000,New Hampshire,NH,governor,Gordon J. Humphrey,Republican,43.7,False,False
2000,New Hampshire,NH,governor,Mary Brown,Independent,6.4,False,False
2000,New Hampshire,NH,governor,John J. Babiarz,Libertarian,1.1,False,False
2000,North Carolina,NC,governor,Mike Easley,Democratic,52.0,True,False
2000,North Carolina,NC,governor,Richard Vinroot,Republican,46.3,False,False
2000,North Carolina,NC,governor,Barbara Howe,Libertarian,1.4,False,False
2000,North Dakota,ND,governor,John Hoeven,Republican,55.0,True,False
2000,North Dakota,ND,governor,Heidi Heitkamp,Democratic,45.0,False,False
2000,Utah,UT,governor,Mike Leavitt,Republican,55.8,True,True
2000,Utah,UT,governor,Bill Orton,Democratic,42.3,False,False
2000,Vermont,VT,governor,Howard Dean,Democratic,50.5,True,True
2000,Vermont,VT,governor,Ruth Dwyer,Republican,38.0,False,False
2000,Vermont,VT,governor,Anthony Pollina,Progressive,9.6,False,False
2000,Washington,WA,governor,Gary Locke,Democratic,58.4,True,True
2000,Washington,WA,governor,John Carlson,Republican,39.7,False,False
2000,Washington,WA,governor,Steve LePage,Libertarian,1.9,False,False
2000,West Virginia,WV,governor,Bob Wise,Democratic,50.1,True,False
2000,West Virginia,WV,governor,Cecil Underwood,Republican,47.2,False,True
2000,West Virginia,WV,governor,Denise Giardina,Mountain,1.6,False,False
2000,American Samoa,AS,governor,Tauese Sunia,Democratic,51.4,True,True
2000,American Samoa,AS,governor,L. Peter Reid,Independent,48.6,False,False
2000,Puerto Rico,PR,governor,Sila María Calderón,Popular Democratic Party (puerto Rico),48.6,True,False
2000,Puerto Rico,PR,governor,Carlos Pesquera,New Progressive Party (puerto Rico),45.7,False,False
2000,Puerto Rico,PR,governor,Rubén Berríos Martínez,Independence,5.2,False,False
2001,New Jersey,NJ,governor,Jim McGreevey,Democratic,56.4,True,False
2001,New Jersey,NJ,governor,Bret Schundler,Republican,41.7,False,False
2001,New Jersey,NJ,governor,Bill Schluter,Independent,1.1,False,False
2001,Virginia,VA,governor,Mark Warner,Democratic,52.2,True,False
2001,Virginia,VA,governor,Mark Earley,Republican,47.0,False,False
2001,Northern Mariana Islands,MP,governor,Juan Babauta,Republican,44.6,True,False
2001,Northern Mariana Islands,MP,governor,Benigno Fitial,Covenant,25.5,False,False
2001,Northern Mariana Islands,MP,governor,Jesus Borja,Democratic,18.2,False,False
2001,Northern Mariana Islands,MP,governor,Froilan Tenorio,Reform,11.7,False,False
2002,Alabama,AL,governor,Bob R. Riley,Republican,49.2,True,False
2002,Alabama,AL,governor,Don Siegelman,Democratic,49.0,False,True
2002,Alabama,AL,governor,John Sophocleus,Libertarian,1.7,False,False
2002,Alaska,AK,governor,Frank Murkowski,Republican,55.9,True,False
2002,Alaska,AK,governor,Fran Ulmer,Democratic,40.7,False,False
2002,Alaska,AK,governor,Diane E. Benson,Green,1.3,False,False
2002,Arizona,AZ,governor,Janet Napolitano,Democratic,46.2,True,False
2002,Arizona,AZ,governor,Matt Salmon,Republican,45.2,False,False
2002,Arizona,AZ,governor,Richard D. Mahoney,Independent,6.9,False,False
2002,Arizona,AZ,governor,Barry Hess,Libertarian,1.7,False,False
2002,Arkansas,AR,governor,Mike Huckabee,Republican,53.0,True,True
2002,Arkansas,AR,governor,Jimmie Lou Fisher,Democratic,47.0,False,False
2002,California,CA,governor,Gray Davis,Democratic,47.3,True,True
2002,California,CA,governor,Bill Simon,Politician,42.4,False,False
2002,California,CA,governor,Peter Camejo,Green,5.3,False,False
2002,California,CA,governor,Gary Copeland,Libertarian,2.2,False,False
2002,California,CA,governor,Reinhold Gulke,American Independent,1.7,False,False
2002,California,CA,governor,Iris Adam,Natural Law,1.2,False,False
2002,Colorado,CO,governor,Bill Owens,Colorado Politician,62.6,True,True
2002,Colorado,CO,governor,Rollie Heath,Democratic,33.6,False,False
2002,Colorado,CO,governor,Ronald Forthofer,Green,2.3,False,False
2002,Colorado,CO,governor,Ralph Shnelvar,Libertarian,1.4,False,False
2002,Connecticut,CT,governor,John G. Rowland,Republican,56.1,True,True
2002,Connecticut,CT,governor,Bill Curry,Politician,43.9,False,False
2002,Florida,FL,governor,Jeb Bush,Republican,56.0,True,True
2002,Florida,FL,governor,Bill McBride,Candidate,43.2,False,False
2002,Georgia,GA,governor,Sonny Perdue,Republican,51.4,True,False
2002,Georgia,GA,governor,Roy Barnes,Democratic,46.3,False,True
2002,Georgia,GA,governor,Garrett Hayes,Libertarian,2.3,False,False
2002,Hawaii,HI,governor,Linda Lingle,Republican,51.6,True,False
2002,Hawaii,HI,governor,Mazie Hirono,Democratic,47.0,False,False
2002,Idaho,ID,governor,Dirk Kempthorne,Republican,56.3,True,True
2002,Idaho,ID,governor,Jerry Brady,Democratic,41.7,False,False
2002,Idaho,ID,governor,Daniel Adams,Libertarian,2.0,False,False
2002,Illinois,IL,governor,Rod Blagojevich,Democratic,52.2,True,False
2002,Illinois,IL,governor,Jim Ryan,Politician,45.1,False,False
2002,Illinois,IL,governor,Calvin Skinner,Libertarian,2.1,False,False
2002,Iowa,IA,governor,Tom Vilsack,Democratic,52.7,True,True
2002,Iowa,IA,governor,Doug Gross,Republican,44.5,False,False
2002,Iowa,IA,governor,Jay Robinson,Green,1.4,False,False
2002,Iowa,IA,governor,Clyde Cleveland,Libertarian,1.3,False,False
2002,Kansas,KS,governor,Kathleen Sebelius,Democratic,52.9,True,False
2002,Kansas,KS,governor,Tim Shallenburger,Republican,45.1,False,False
2002,Kansas,KS,governor,Theodore Pettibone,Reform,1.1,False,False
2002,Kansas,KS,governor,Dennis Hawver,Libertarian,1.0,False,False
2002,Maine,ME,governor,John Baldacci,Democratic,47.1,True,False
2002,Maine,ME,governor,Peter Cianchette,Republican,41.5,False,False
2002,Maine,ME,governor,Jonathan Carter,Politician,9.3,False,False
2002,Maine,ME,governor,John Michael,Politician,2.1,False,False
2002,Maryland,MD,governor,Bob Ehrlich,Republican,51.5,True,False
2002,Maryland,MD,governor,Kathleen K. Townsend,Democratic,47.7,False,False
2002,Massachusetts,MA,governor,Mitt Romney,Republican,49.8,True,False
2002,Massachusetts,MA,governor,Shannon O'Brien,Massachusetts Politician,44.9,False,False
2002,Massachusetts,MA,governor,Jill Stein,Green-rainbow,3.5,False,False
2002,Massachusetts,MA,governor,Carla Howell,Libertarian,1.1,False,False
2002,Michigan,MI,governor,Jennifer Granholm,Democratic,51.4,True,False
2002,Michigan,MI,governor,Dick Posthumus,Republican,47.4,False,False
2002,Minnesota,MN,governor,Tim Pawlenty,Republican,44.4,True,False
2002,Minnesota,MN,governor,Roger Moe,Democratic,36.5,False,False
2002,Minnesota,MN,governor,Tim Penny,Independence,16.2,False,False
2002,Minnesota,MN,governor,Ken Pentel,Green,2.3,False,False
2002,Nebraska,NE,governor,Mike Johanns,Republican,68.7,True,True
2002,Nebraska,NE,governor,Stormy Dean,Democratic,27.5,False,False
2002,Nebraska,NE,governor,Paul A. Rosberg,Nebraska,3.8,False,False
2002,Nevada,NV,governor,Kenny Guinn,Republican,68.2,True,True
2002,Nevada,NV,governor,Joe Neal,Politician,22.0,False,False
2002,Nevada,NV,governor,Dick Geyer,Libertarian,1.6,False,False
2002,Nevada,NV,governor,David G. Holmgren,Independent American,1.4,False,False
2002,Nevada,NV,governor,Jerry L. Norton,Independent,1.1,False,False
2002,New Hampshire,NH,governor,Craig Benson,Republican,58.6,True,False
2002,New Hampshire,NH,governor,Mark Fernald,Democratic,38.2,False,False
2002,New Hampshire,NH,governor,John Babiarz,Libertarian,2.9,False,False
2002,New Mexico,NM,governor,Bill Richardson,Democratic,55.5,True,False
2002,New Mexico,NM,governor,John Sanchez,Republican,39.0,False,False
2002,New Mexico,NM,governor,David Bacon,Green,5.5,False,False
2002,New York,NY,governor,George Pataki,Republican,49.4,True,True
2002,New York,NY,governor,Carl McCall,Democratic,33.5,False,False
2002,New York,NY,governor,Tom Golisano,Independence,14.3,False,False
2002,New York,NY,governor,Gerald Cronin,Right To Life,1.0,False,False
2002,Ohio,OH,governor,Bob Taft,Republican,57.8,True,True
2002,Ohio,OH,governor,Tim Hagan,Democratic,38.3,False,False
2002,Ohio,OH,governor,John Eastman,Independent,3.9,False,False
2002,Oklahoma,OK,governor,Brad Henry,Democratic,43.3,True,False
2002,Oklahoma,OK,governor,Steve Largent,Republican,42.6,False,False
2002,Oklahoma,OK,governor,Gary Richardson,Lawyer,14.1,False,False
2002,Oregon,OR,governor,Ted Kulongoski,Democratic,49.0,True,False
2002,Oregon,OR,governor,Kevin Mannix,Republican,46.2,False,False
2002,Oregon,OR,governor,Tom Cox,Libertarian,4.6,False,False
2002,Pennsylvania,PA,governor,Ed Rendell,Democratic,53.4,True,False
2002,Pennsylvania,PA,governor,Mike Fisher,Republican,44.4,False,False
2002,Pennsylvania,PA,governor,Ken Krawchuk,Libertarian,1.1,False,False
2002,Pennsylvania,PA,governor,Mike Morrill,Green,1.1,False,False
2002,Rhode Island,RI,governor,Donald Carcieri,Republican,54.8,True,False
2002,Rhode Island,RI,governor,Myrth York,Democratic,45.2,False,False
2002,South Carolina,SC,governor,Mark Sanford,Republican,52.9,True,False
2002,South Carolina,SC,governor,Jim Hodges,Democratic,47.0,False,True
2002,South Dakota,SD,governor,Mike Rounds,Republican,56.8,True,False
2002,South Dakota,SD,governor,Jim Abbott,Democratic,41.9,False,False
2002,Tennessee,TN,governor,Phil Bredesen,Democratic,50.6,True,False
2002,Tennessee,TN,governor,Van Hilleary,Republican,47.6,False,False
2002,Texas,TX,governor,Rick Perry,Republican,57.8,True,True
2002,Texas,TX,governor,Tony Sanchez,Politician,40.0,False,False
2002,Texas,TX,governor,Jeff Daiell,Libertarian,1.5,False,False
2002,Vermont,VT,governor,Jim Douglas,Republican,44.9,True,False
2002,Vermont,VT,governor,Doug Racine,Democratic,42.4,False,False
2002,Vermont,VT,governor,Cornelius Hogan,Independent,9.7,False,False
2002,Wisconsin,WI,governor,Jim Doyle,Democratic,45.1,True,False
2002,Wisconsin,WI,governor,Scott McCallum,Republican,41.4,False,True
2002,Wisconsin,WI,governor,Ed Thompson,Wisconsin Politician,10.4,False,False
2002,Wisconsin,WI,governor,Jim Young,Green,2.5,False,False
2002,Wyoming,WY,governor,Dave Freudenthal,Democratic,50.0,True,False
2002,Wyoming,WY,governor,Eli Bebout,Republican,47.9,False,False
2002,Wyoming,WY,governor,Dave Dawson,Libertarian,2.1,False,False
2002,District of Columbia,DC,governor,Anthony A. Williams,Democratic,60.6,True,True
2002,District of Columbia,DC,governor,Carol Schwartz,Republican,34.5,False,False
2002,District of Columbia,DC,governor,Steve Donkin,Statehood Green,2.5,False,False
2002,Guam,GU,governor,Felix P. Camacho,Republican,55.4,True,False
2002,Guam,GU,governor,Robert A. Underwood,Democratic,44.6,False,False
2002,U.S. Virgin Islands,VI,governor,Charles W. Turnbull,Democratic,50.1,True,False
2002,U.S. Virgin Islands,VI,governor,John P. de Jongh,Independent,24.6,False,False
2002,U.S. Virgin Islands,VI,governor,Alicia Hansen,Independent,7.8,False,False
2002,U.S. Virgin Islands,VI,governor,Michael Bornn,Republican,7.2,False,False
2002,U.S. Virgin Islands,VI,governor,Gerard Luz James II,Independent,5.1,False,False
2002,U.S. Virgin Islands,VI,governor,Cora Christian,Independent,3.1,False,False
2002,U.S. Virgin Islands,VI,governor,Lloyd L. Williams,Independent,1.5,False,False
2003,California {{small|,,governor,Yes,,55.4,True,False
2003,California {{small|,,governor,No,,44.6,False,False
2003,California {{small|,,governor,Arnold Schwarzenegger,Republican,48.6,False,False
2003,California {{small|,,governor,Cruz Bustamante,Democratic,31.5,False,False
2003,California {{small|,,governor,Tom McClintock,Republican,13.4,False,False
2003,California {{small|,,governor,Peter Camejo,Green,2.8,False,False
2003,Kentucky,KY,governor,Ernie Fletcher,Republican,55.0,True,False
2003,Kentucky,KY,governor,Ben Chandler,Democratic,45.0,False,False
2003,Louisiana,LA,governor,Kathleen Blanco,Democratic,52.0,True,False
2003,Louisiana,LA,governor,Bobby Jindal,Republican,48.0,False,False
2003,Mississippi,MS,governor,Haley Barbour,Republican,52.6,True,False
2003,Mississippi,MS,governor,Ronnie Musgrove,Democratic,45.8,False,True
2004,Delaware,DE,governor,Ruth Ann Minner,Democratic,50.9,True,True
2004,Delaware,DE,governor,Bill Lee,Republican,45.8,False,False
2004,Delaware,DE,governor,Frank Infante,Independent,2.9,False,False
2004,Indiana,IN,governor,Mitch Daniels,Republican,53.2,True,False
2004,Indiana,IN,governor,Joe Kernan,Democratic,45.5,False,True
2004,Indiana,IN,governor,Kenn Gividen,Libertarian,1.3,False,False
2004,Missouri,MO,governor,Matt Blunt,Republican,50.8,True,False
2004,Missouri,MO,governor,Claire McCaskill,Democratic,47.8,False,False
2004,Montana,MT,governor,Brian Schweitzer,Democratic,50.4,True,False
2004,Montana,MT,governor,Bob Brown,Republican,46.0,False,False
2004,Montana,MT,governor,Bob Kelleher,Green,1.9,False,False
2004,Montana,MT,governor,Stan Jones,Libertarian,1.7,False,False
2004,New Hampshire,NH,governor,John Lynch,Democratic,51.0,True,False
2004,New Hampshire,NH,governor,Craig Benson,Republican,48.9,False,True
2004,North Carolina,NC,governor,Mike Easley,Democratic,55.6,True,True
2004,North Carolina,NC,governor,Patrick J. Ballantine,Republican,42.9,False,False
2004,North Carolina,NC,governor,Barbara Howe,Libertarian,1.5,False,False
2004,North Dakota,ND,governor,John Hoeven,Republican,71.3,True,True
2004,North Dakota,ND,governor,Joe Satrom,North Dakota Democratic-npl,27.4,False,False
2004,North Dakota,ND,governor,Roland Riemers,Libertarian,1.3,False,False
2004,Utah,UT,governor,Jon Huntsman Jr.,Republican,57.7,True,False
2004,Utah,UT,governor,Scott Matheson Jr.,Democratic,41.3,False,False
2004,Vermont,VT,governor,Jim Douglas,Republican,58.7,True,True
2004,Vermont,VT,governor,Peter Clavelle,Democratic,37.9,False,False
2004,Vermont,VT,governor,Cris Ericson,Marijuana,1.4,False,False
2004,Washington,WA,governor,Christine Gregoire,Democratic,48.9,True,False
2004,Washington,WA,governor,Dino Rossi,Republican,48.9,False,False
2004,Washington,WA,governor,Ruth Bennett,Libertarian,2.3,False,False
2004,West Virginia,WV,governor,Joe Manchin,Democratic,63.5,True,False
2004,West Virginia,WV,governor,Monty Warner,Republican,34.0,False,False
2004,West Virginia,WV,governor,Jesse Johnson,Mountain,2.5,False,False
2004,American Samoa,AS,governor,Togiola Tulafono,Democratic,55.7,True,True
2004,American Samoa,AS,governor,Afoa L.S. Lutu,Independent,44.3,False,False
2004,Puerto Rico,PR,governor,Aníbal Acevedo Vilá,Popular Democratic Party (puerto Rico),48.4,True,False
2004,Puerto Rico,PR,governor,Pedro Rosselló,New Progressive Party (puerto Rico),48.2,False,False
2004,Puerto Rico,PR,governor,Rubén Berríos,Independence,2.7,False,False
2005,New Jersey,NJ,governor,Jon Corzine,Democratic,53.5,True,False
2005,New Jersey,NJ,governor,Doug Forrester,Republican,43.0,False,False
2005,New Jersey,NJ,governor,Hector Castillo,Independent,1.3,False,False
2005,Virginia,VA,governor,Tim Kaine,Democratic,51.7,True,False
2005,Virginia,VA,governor,Jerry Kilgore,Republican,46.0,False,False
2005,Virginia,VA,governor,Russ Potts,Independent,2.2,False,False
2005,Northern Mariana Islands,MP,governor,Benigno Fitial,Covenant Party (northern Mariana Islands),28.0,True,False
2005,Northern Mariana Islands,MP,governor,Heinz Hofschneider,Independent,27.3,False,False
2005,Northern Mariana Islands,MP,governor,Juan Babauta,Republican,26.6,False,True
2005,Northern Mariana Islands,MP,governor,Froilan Tenorio,Democratic,18.1,False,False
2006,Alabama,AL,governor,Bob Riley,Republican,57.5,True,True
2006,Alabama,AL,governor,Lucy Baxley,Democratic,41.6,False,False
2006,Alaska,AK,governor,Sarah Palin,Republican,48.3,True,False
2006,Alaska,AK,governor,Tony Knowles,Democratic,41.0,False,False
2006,Alaska,AK,governor,Andrew Halcro,Independent,9.5,False,False
2006,Arizona,AZ,governor,Janet Napolitano,Democratic,62.6,True,True
2006,Arizona,AZ,governor,Len Munsil,Republican,35.4,False,False
2006,Arizona,AZ,governor,Barry Hess,Libertarian,2.0,False,False
2006,Arkansas,AR,governor,Mike Beebe,Democratic,55.6,True,False
2006,Arkansas,AR,governor,Asa Hutchinson,Republican,40.7,False,False
2006,Arkansas,AR,governor,Rod Bryan,Independent,2.0,False,False
2006,Arkansas,AR,governor,Jim Lendall,Green,1.7,False,False
2006,California,CA,governor,Arnold Schwarzenegger,Republican,55.9,True,True
2006,California,CA,governor,Phil Angelides,Democratic,38.9,False,False
2006,California,CA,governor,Peter Camejo,Green,2.4,False,False
2006,California,CA,governor,Art Olivier,Libertarian,1.3,False,False
2006,Colorado,CO,governor,Bill Ritter,Democratic,57.0,True,False
2006,Colorado,CO,governor,Bob Beauprez,Republican,40.2,False,False
2006,Colorado,CO,governor,Dawn Winkler,Libertarian,1.5,False,False
2006,Connecticut,CT,governor,Jodi Rell,Republican,63.2,True,True
2006,Connecticut,CT,governor,John DeStefano Jr.,Democratic,35.5,False,False
2006,Florida,FL,governor,Charlie Crist,Republican,52.2,True,False
2006,Florida,FL,governor,Jim Davis,Democratic,45.1,False,False
2006,Florida,FL,governor,Max Linn,Reform,1.9,False,False
2006,Georgia,GA,governor,Sonny Perdue,Republican,58.0,True,True
2006,Georgia,GA,governor,Mark Taylor,Democratic,38.2,False,False
2006,Georgia,GA,governor,Gary Hayes,Libertarian,3.8,False,False
2006,Hawaii,HI,governor,Linda Lingle,Republican,62.5,True,True
2006,Hawaii,HI,governor,Randy Iwase,Democratic,35.4,False,False
2006,Hawaii,HI,governor,James Brewer Jr.,Green,1.6,False,False
2006,Idaho,ID,governor,Butch Otter,Republican,52.7,True,False
2006,Idaho,ID,governor,Jerry Brady,Democratic,44.1,False,False
2006,Idaho,ID,governor,Marvin Richardson,Constitution,1.6,False,False
2006,Idaho,ID,governor,Ted Dunlap,Libertarian,1.6,False,False
2006,Illinois,IL,governor,Rod Blagojevich,Democratic,49.8,True,True
2006,Illinois,IL,governor,Judy Baar Topinka,Republican,39.3,False,False
2006,Illinois,IL,governor,Rich Whitney,Green,10.4,False,False
2006,Iowa,IA,governor,Chet Culver,Democratic,54.0,True,False
2006,Iowa,IA,governor,Jim Nussle,Republican,44.4,False,False
2006,Kansas,KS,governor,Kathleen Sebelius,Democratic,57.9,True,True
2006,Kansas,KS,governor,Jim Barnett,Republican,40.4,False,False
2006,Kansas,KS,governor,Carl Kramer,Libertarian,1.0,False,False
2006,Maine,ME,governor,John Baldacci,Democratic,38.1,True,True
2006,Maine,ME,governor,Chandler Woodcock,Republican,30.2,False,False
2006,Maine,ME,governor,Barbara Merrill,Independent,21.6,False,False
2006,Maine,ME,governor,Pat LaMarche,Green,9.6,False,False
2006,Maryland,MD,governor,'''Martin O'Malley''',Democratic,52.7,True,False
2006,Maryland,MD,governor,Bob Ehrlich,Republican,46.2,False,True
2006,Massachusetts,MA,governor,Deval Patrick,Democratic,55.6,True,False
2006,Massachusetts,MA,governor,Kerry Healey,Republican,35.3,False,False
2006,Massachusetts,MA,governor,Christy Mihos,Independent,7.0,False,False
2006,Massachusetts,MA,governor,Grace Ross,Green,2.0,False,False
2006,Michigan,MI,governor,Jennifer Granholm,Democratic,56.4,True,True
2006,Michigan,MI,governor,Dick DeVos,Republican,42.3,False,False
2006,Minnesota,MN,governor,Tim Pawlenty,Republican,46.7,True,True
2006,Minnesota,MN,governor,Mike Hatch,Minnesota Democratic–farmer–labor,45.7,False,False
2006,Minnesota,MN,governor,Peter Hutchinson,Independence,6.4,False,False
2006,Nebraska,NE,governor,Dave Heineman,Republican,73.4,True,True
2006,Nebraska,NE,governor,David Hahn,Democratic,24.5,False,False
2006,Nevada,NV,governor,Jim Gibbons,Republican,47.9,True,False
2006,Nevada,NV,governor,Dina Titus,Democratic,43.9,False,False
2006,Nevada,NV,governor,None of These Candidates,Write-in,3.6,False,False
2006,Nevada,NV,governor,Christopher Hansen,American,3.4,False,False
2006,Nevada,NV,governor,Craig Bergland,Green,1.2,False,False
2006,New Hampshire,NH,governor,John Lynch,Democratic,74.0,True,True
2006,New Hampshire,NH,governor,Jim Coburn,Republican,25.8,False,False
2006,New Mexico,NM,governor,Bill Richardson,Democratic,68.8,True,True
2006,New Mexico,NM,governor,John Dendahl,Republican,31.2,False,False
2006,New York,NY,governor,Eliot Spitzer,Democratic,65.7,True,False
2006,New York,NY,governor,John Faso,Republican,27.1,False,False
2006,Ohio,OH,governor,Ted Strickland,Democratic,60.5,True,False
2006,Ohio,OH,governor,Ken Blackwell,Republican,36.7,False,False
2006,Ohio,OH,governor,Bill Peirce,Libertarian,1.8,False,False
2006,Ohio,OH,governor,Bob Fitrakis,Green,1.0,False,False
2006,Oklahoma,OK,governor,Brad Henry,Democratic,66.5,True,True
2006,Oklahoma,OK,governor,Ernest Istook,Republican,33.5,False,False
2006,Oregon,OR,governor,Ted Kulongoski,Democratic,50.7,True,True
2006,Oregon,OR,governor,Ron Saxton,Republican,42.7,False,False
2006,Oregon,OR,governor,Mary Starrett,Constitution,3.6,False,False
2006,Oregon,OR,governor,Joe Keating,Green,1.5,False,False
2006,Oregon,OR,governor,Richard Morley,Libertarian,1.2,False,False
2006,Pennsylvania,PA,governor,Ed Rendell,Democratic,60.3,True,True
2006,Pennsylvania,PA,governor,Lynn Swann,Republican,39.6,False,False
2006,Rhode Island,RI,governor,Donald Carcieri,Republican,51.0,True,True
2006,Rhode Island,RI,governor,Charles Fogarty,Democratic,49.0,False,False
2006,South Carolina,SC,governor,Mark Sanford,Republican,55.1,True,True
2006,South Carolina,SC,governor,Tommy Moore,Democratic,44.8,False,False
2006,South Dakota,SD,governor,Mike Rounds,Republican,61.7,True,True
2006,South Dakota,SD,governor,Jack Billion,Democratic,36.1,False,False
2006,South Dakota,SD,governor,Steven J. Willis,Constitution,1.2,False,False
2006,Tennessee,TN,governor,Phil Bredesen,Democratic,68.6,True,True
2006,Tennessee,TN,governor,Jim Bryson,Republican,29.7,False,False
2006,Texas,TX,governor,Rick Perry,Republican,39.0,True,True
2006,Texas,TX,governor,Chris Bell,Democratic,29.8,False,False
2006,Texas,TX,governor,Carole K. Strayhorn,Independent,18.1,False,False
2006,Texas,TX,governor,Richard Friedman,Independent,12.4,False,False
2006,Vermont,VT,governor,Jim Douglas,Republican,56.3,True,True
2006,Vermont,VT,governor,Scudder Parker,Democratic,41.1,False,False
2006,Wisconsin,WI,governor,Jim Doyle,Democratic,52.8,True,True
2006,Wisconsin,WI,governor,Mark Green,Republican,45.4,False,False
2006,Wisconsin,WI,governor,Nelson Eisman,Green,1.9,False,False
2006,Wyoming,WY,governor,Dave Freudenthal,Democratic,70.0,True,True
2006,Wyoming,WY,governor,Ray Hunkins,Republican,30.0,False,False
2006,District of Columbia,DC,governor,Adrian Fenty,Democratic,89.7,True,False
2006,District of Columbia,DC,governor,David Kranich,Republican,6.1,False,False
2006,District of Columbia,DC,governor,Chris Otten,D.c. Statehood Green,4.1,False,False
2006,Guam,GU,governor,Felix Perez Camacho,Republican,50.2,True,True
2006,Guam,GU,governor,Robert Underwood,Democratic,48.0,False,False
2006,U.S. Virgin Islands,VI,governor,John de Jongh,Democratic,57.3,True,False
2006,U.S. Virgin Islands,VI,governor,Kenneth Mapp,Independent,42.7,False,False
2007,Kentucky,KY,governor,Steve Beshear,Democratic,58.7,True,False
2007,Kentucky,KY,governor,Ernie Fletcher,Republican,41.3,False,True
2007,Louisiana,LA,governor,Bobby Jindal,Republican,53.9,True,False
2007,Louisiana,LA,governor,Walter Boasso,Democratic,17.4,False,False
2007,Louisiana,LA,governor,John Georges,Independent,14.4,False,False
2007,Louisiana,LA,governor,Foster Campbell,Democratic,12.4,False,False
2007,Mississippi,MS,governor,Haley Barbour,Republican,57.9,True,True
2007,Mississippi,MS,governor,John Arthur Eaves Jr.,Democratic,42.1,False,False
2008,Delaware,DE,governor,Jack Markell,Democratic,67.5,True,False
2008,Delaware,DE,governor,Bill Lee,Republican,32.1,False,False
2008,Indiana,IN,governor,Mitch Daniels,Republican,57.8,True,True
2008,Indiana,IN,governor,Jill Long Thompson,Democratic,40.1,False,False
2008,Indiana,IN,governor,Andy Horning,Libertarian,2.1,False,False
2008,Missouri,MO,governor,Jay Nixon,Democratic,58.4,True,False
2008,Missouri,MO,governor,Kenny Hulshof,Republican,39.5,False,False
2008,Missouri,MO,governor,Andrew Finkenstadt,Libertarian,1.1,False,False
2008,Missouri,MO,governor,Gregory Thompson,Constitution,1.0,False,False
2008,Montana,MT,governor,Brian Schweitzer,Democratic,65.5,True,True
2008,Montana,MT,governor,Roy Brown,Republican,32.5,False,False
2008,Montana,MT,governor,Stan Jones,Libertarian,2.0,False,False
2008,New Hampshire,NH,governor,John Lynch,Democratic,70.2,True,True
2008,New Hampshire,NH,governor,Joseph Kenney,Republican,27.6,False,False
2008,New Hampshire,NH,governor,Susan Newell,Libertarian,2.2,False,False
2008,North Carolina,NC,governor,Bev Perdue,Democratic,50.3,True,False
2008,North Carolina,NC,governor,Pat McCrory,Republican,46.9,False,False
2008,North Carolina,NC,governor,Michael Munger,Libertarian,2.9,False,False
2008,North Dakota,ND,governor,John Hoeven,Republican,74.4,True,True
2008,North Dakota,ND,governor,Tim Mathern,North Dakota Democratic–nonpartisan League,23.5,False,False
2008,North Dakota,ND,governor,DuWayne Hendrickson,Independent,2.0,False,False
2008,Utah,UT,governor,Jon Huntsman Jr.,Republican,77.6,True,True
2008,Utah,UT,governor,Bob Springmeyer,Democratic,19.7,False,False
2008,Utah,UT,governor,Dell Schanze,Libertarian,2.6,False,False
2008,Vermont,VT,governor,Jim Douglas,Republican,53.4,True,True
2008,Vermont,VT,governor,Anthony Pollina,Independent,21.8,False,False
2008,Vermont,VT,governor,Gaye Symington,Democratic,21.7,False,False
2008,Washington,WA,governor,Christine Gregoire,Democratic,53.2,True,True
2008,Washington,WA,governor,Dino Rossi,Republican,46.8,False,False
2008,West Virginia,WV,governor,Joe Manchin,Democratic,69.8,True,True
2008,West Virginia,WV,governor,Russ Weeks,Republican,25.7,False,False
2008,West Virginia,WV,governor,Jesse Johnson,Mountain,4.5,False,False
2008,American Samoa,AS,governor,Togiola Tulafono,Democratic,56.4,True,True
2008,American Samoa,AS,governor,Utu Abe Malae,Republican,43.6,False,False
2008,Puerto Rico,PR,governor,Luis Fortuño,New Progressive Party (puerto Rico),52.8,True,False
2008,Puerto Rico,PR,governor,Aníbal Acevedo Vilá,Popular Democratic Party (puerto Rico),41.3,False,True
2008,Puerto Rico,PR,governor,Rogelio Figueroa,Rico,2.8,False,False
2008,Puerto Rico,PR,governor,Edwin Irizarry Mora,Independence Party (puerto Rico),2.0,False,False
2009,New Jersey,NJ,governor,Chris Christie,Republican,48.5,True,False
2009,New Jersey,NJ,governor,Jon Corzine,Democratic,44.9,False,True
2009,New Jersey,NJ,governor,Chris Daggett,Independent,5.8,False,False
2009,Virginia,VA,governor,Bob McDonnell,Republican,58.6,True,False
2009,Virginia,VA,governor,Creigh Deeds,Democratic,41.3,False,False
2009,Northern Mariana Islands,MP,governor,Benigno Fitial,Covenant Party (northern Mariana Islands),51.4,True,True
2009,Northern Mariana Islands,MP,governor,Heinz Hofschneider,Republican,48.6,False,False
2010,Alabama,AL,governor,Robert J. Bentley,Republican,57.9,True,False
2010,Alabama,AL,governor,Ron Sparks,Democratic,42.1,False,False
2010,Alaska,AK,governor,Sean Parnell,Republican,59.1,True,True
2010,Alaska,AK,governor,Ethan Berkowitz,Democratic,37.7,False,False
2010,Alaska,AK,governor,Don Wright,Independence,1.9,False,False
2010,Alaska,AK,governor,Billy Toien,Libertarian,1.1,False,False
2010,Arizona,AZ,governor,Jan Brewer,Republican,54.3,True,True
2010,Arizona,AZ,governor,Terry Goddard,Democratic,42.4,False,False
2010,Arizona,AZ,governor,Barry Hess,Libertarian,2.2,False,False
2010,Arkansas,AR,governor,Mike Beebe,Democratic,64.4,True,True
2010,Arkansas,AR,governor,Jim Keet,Republican,33.6,False,False
2010,Arkansas,AR,governor,Jim Lendall,Green,1.9,False,False
2010,California,CA,governor,Jerry Brown,Democratic,53.8,True,False
2010,California,CA,governor,Meg Whitman,Republican,40.9,False,False
2010,California,CA,governor,Chelene Nightingale,Independent,1.7,False,False
2010,California,CA,governor,Dale Ogden,Libertarian,1.5,False,False
2010,California,CA,governor,Laura Wells,Green,1.3,False,False
2010,Colorado,CO,governor,John Hickenlooper,Democratic,51.1,True,False
2010,Colorado,CO,governor,Tom Tancredo,Constitution,36.4,False,False
2010,Colorado,CO,governor,Dan Maes,Republican,11.1,False,False
2010,Connecticut,CT,governor,Dannel Malloy,Democratic,49.5,True,False
2010,Connecticut,CT,governor,Thomas C. Foley,Republican,49.0,False,False
2010,Connecticut,CT,governor,Thomas E. Marsh,Independent,1.5,False,False
2010,Florida,FL,governor,Rick Scott,Republican,48.9,True,False
2010,Florida,FL,governor,Alex Sink,Democratic,47.7,False,False
2010,Florida,FL,governor,Peter Allen,Independence,2.3,False,False
2010,Georgia,GA,governor,Nathan Deal,Republican,53.0,True,False
2010,Georgia,GA,governor,Roy Barnes,Democratic,43.0,False,False
2010,Georgia,GA,governor,John Monds,Libertarian,4.0,False,False
2010,Hawaii,HI,governor,Neil Abercrombie,Democratic,57.8,True,False
2010,Hawaii,HI,governor,Duke Aiona,Republican,40.8,False,False
2010,Idaho,ID,governor,Butch Otter,Republican,59.1,True,True
2010,Idaho,ID,governor,Keith G. Allred,Democratic,32.9,False,False
2010,Idaho,ID,governor,Jana M. Kemp,Independent,5.9,False,False
2010,Idaho,ID,governor,Ted Dunlap,Libertarian,1.3,False,False
2010,Illinois,IL,governor,Pat Quinn,Democratic,46.8,True,True
2010,Illinois,IL,governor,Bill Brady,Republican,45.9,False,False
2010,Illinois,IL,governor,Scott Lee Cohen,Independent,3.6,False,False
2010,Illinois,IL,governor,Rich Whitney,Green,2.7,False,False
2010,Iowa,IA,governor,Terry Branstad,Republican,52.8,True,False
2010,Iowa,IA,governor,Chet Culver,Democratic,43.2,False,True
2010,Iowa,IA,governor,Jonathan Narcisse,Iowa,1.9,False,False
2010,Iowa,IA,governor,Eric Cooper,Libertarian,1.3,False,False
2010,Kansas,KS,governor,Sam Brownback,Republican,63.3,True,False
2010,Kansas,KS,governor,Tom Holland,Democratic,32.2,False,False
2010,Kansas,KS,governor,Andrew P. Gray,Libertarian,2.7,False,False
2010,Kansas,KS,governor,Kenneth W. Cannon,Reform,1.9,False,False
2010,Maine,ME,governor,Paul LePage,Republican,37.6,True,False
2010,Maine,ME,governor,Eliot Cutler,Independent,35.9,False,False
2010,Maine,ME,governor,Libby Mitchell,Democratic,18.8,False,False
2010,Maine,ME,governor,Shawn Moody,Independent,5.0,False,False
2010,Maine,ME,governor,Kevin Scott,Independent,1.0,False,False
2010,Maryland,MD,governor,'''Martin O'Malley''',Democratic,56.2,True,True
2010,Maryland,MD,governor,Bob Ehrlich,Republican,41.8,False,False
2010,Massachusetts,MA,governor,Deval Patrick,Democratic,48.4,True,True
2010,Massachusetts,MA,governor,Charlie Baker,Republican,42.0,False,False
2010,Massachusetts,MA,governor,Tim Cahill,Independent,8.0,False,False
2010,Massachusetts,MA,governor,Jill Stein,Green,1.4,False,False
2010,Michigan,MI,governor,Rick Snyder,Republican,58.1,True,False
2010,Michigan,MI,governor,Virg Bernero,Democratic,39.9,False,False
2010,Minnesota,MN,governor,Mark Dayton,Minnesota Democratic–farmer–labor,43.6,True,False
2010,Minnesota,MN,governor,Tom Emmer,Republican,43.2,False,False
2010,Minnesota,MN,governor,Tom Horner,Independence,11.9,False,False
2010,Nebraska,NE,governor,Dave Heineman,Republican,73.9,True,True
2010,Nebraska,NE,governor,Mike Meister,Democratic,26.1,False,False
2010,Nevada,NV,governor,Brian Sandoval,Republican,53.4,True,False
2010,Nevada,NV,governor,Rory Reid,Democratic,41.6,False,False
2010,New Hampshire,NH,governor,John Lynch,Democratic,52.6,True,True
2010,New Hampshire,NH,governor,John Stephen,Republican,45.0,False,False
2010,New Hampshire,NH,governor,John Babiarz,Libertarian,2.2,False,False
2010,New Mexico,NM,governor,Susana Martinez,Republican,53.3,True,False
2010,New Mexico,NM,governor,Diane Denish,Democratic,46.6,False,False
2010,New York,NY,governor,Andrew Cuomo,Democratic,63.1,True,False
2010,New York,NY,governor,Carl Paladino,Republican,33.5,False,False
2010,New York,NY,governor,Howie Hawkins,Green,1.3,False,False
2010,New York,NY,governor,Warren Redlich,Libertarian,1.1,False,False
2010,Ohio,OH,governor,John Kasich,Republican,49.0,True,False
2010,Ohio,OH,governor,Ted Strickland,Democratic,47.0,False,True
2010,Ohio,OH,governor,Ken Matesz,Libertarian,2.4,False,False
2010,Ohio,OH,governor,Dennis Spisak,Green,1.5,False,False
2010,Oklahoma,OK,governor,Mary Fallin,Republican,60.5,True,False
2010,Oklahoma,OK,governor,Jari Askins,Democratic,39.5,False,False
2010,Oregon,OR,governor,John Kitzhaber,Democratic,49.3,True,False
2010,Oregon,OR,governor,Chris Dudley,Republican,47.8,False,False
2010,Oregon,OR,governor,Greg Kord,Constitution,1.4,False,False
2010,Oregon,OR,governor,Wes Wagner,Libertarian,1.3,False,False
2010,Pennsylvania,PA,governor,Tom Corbett,Republican,54.5,True,False
2010,Pennsylvania,PA,governor,Dan Onorato,Democratic,45.5,False,False
2010,Rhode Island,RI,governor,Lincoln Chafee,Independent,36.1,True,False
2010,Rhode Island,RI,governor,John Robitaille,Republican,33.6,False,False
2010,Rhode Island,RI,governor,Frank T. Caprio,Democratic,23.1,False,False
2010,Rhode Island,RI,governor,Ken Block,Moderate,6.5,False,False
2010,South Carolina,SC,governor,Nikki Haley,Republican,51.4,True,False
2010,South Carolina,SC,governor,Vincent Sheheen,Democratic,46.9,False,False
2010,South Carolina,SC,governor,Morgan B. Reeves,Citizens,1.5,False,False
2010,South Dakota,SD,governor,Dennis Daugaard,Republican,61.5,True,False
2010,South Dakota,SD,governor,Scott Heidepriem,Democratic,38.5,False,False
2010,Tennessee,TN,governor,Bill Haslam,Republican,65.0,True,False
2010,Tennessee,TN,governor,Mike McWherter,Democratic,33.1,False,False
2010,Texas,TX,governor,Rick Perry,Republican,55.0,True,True
2010,Texas,TX,governor,Bill White,Democratic,42.3,False,False
2010,Texas,TX,governor,Kathie Glass,Libertarian,2.2,False,False
2010,Utah {{small|,,governor,Gary Herbert,Republican,64.1,True,True
2010,Utah {{small|,,governor,Peter Corroon,Democratic,31.9,False,False
2010,Utah {{small|,,governor,Farley Anderson,Independent,2.0,False,False
2010,Utah {{small|,,governor,Andrew McCullough,Libertarian,2.0,False,False
2010,Vermont,VT,governor,Peter Shumlin,Democratic,49.4,True,False
2010,Vermont,VT,governor,Brian Dubie,Republican,47.7,False,False
2010,Wisconsin,WI,governor,Scott Walker,Republican,52.3,True,False
2010,Wisconsin,WI,governor,Tom Barrett,Democratic,46.5,False,False
2010,Wyoming,WY,governor,Matt Mead,Republican,65.7,True,False
2010,Wyoming,WY,governor,Leslie Petersen,Democratic,22.9,False,False
2010,Wyoming,WY,governor,Taylor Haynes,Independent,7.3,False,False
2010,Wyoming,WY,governor,Mike Wheeler,Libertarian,2.9,False,False
2010,District of Columbia,DC,governor,Vincent C. Gray,Democratic,74.2,True,False
2010,District of Columbia,DC,governor,Write-ins,Write-in,22.4,False,False
2010,District of Columbia,DC,governor,Carlos Allen,Independent,1.7,False,False
2010,District of Columbia,DC,governor,Faith Dane,D.c. Statehood Green,1.1,False,False
2010,Guam,GU,governor,Eddie Calvo,Republican,50.6,True,False
2010,Guam,GU,governor,Carl Gutierrez,Democratic,49.4,False,False
2010,U.S. Virgin Islands,VI,governor,John de Jongh,Democratic,56.3,True,True
2010,U.S. Virgin Islands,VI,governor,Kenneth Mapp,Independent,43.6,False,False
2011,Kentucky,KY,governor,Steve Beshear,Democratic,55.7,True,True
2011,Kentucky,KY,governor,David L. Williams,Republican,35.3,False,False
2011,Kentucky,KY,governor,Gatewood Galbraith,Independent,9.0,False,False
2011,Louisiana,LA,governor,Bobby Jindal,Republican,65.8,True,True
2011,Louisiana,LA,governor,Tara Hollis,Democratic,17.9,False,False
2011,Louisiana,LA,governor,Cary Deaton,Democratic,4.9,False,False
2011,Louisiana,LA,governor,Trey Roberts,Democratic,3.3,False,False
2011,Louisiana,LA,governor,David Blanchard,Independent,2.6,False,False
2011,Louisiana,LA,governor,Niki Papazoglakis,Democratic,2.1,False,False
2011,Louisiana,LA,governor,Scott Lewis,Libertarian,1.2,False,False
2011,Mississippi,MS,governor,Phil Bryant,Republican,61.0,True,False
2011,Mississippi,MS,governor,Johnny DuPree,Democratic,39.0,False,False
2011,West Virginia {{small|,,governor,Earl Ray Tomblin,Democratic,49.6,True,True
2011,West Virginia {{small|,,governor,Bill Maloney,Republican,47.0,False,False
2011,West Virginia {{small|,,governor,Bob Henry Baber,Mountain,2.0,False,False
2011,West Virginia {{small|,,governor,Marla Ingels,Independent,1.0,False,False
2012,Delaware,DE,governor,Jack Markell,Democratic,69.3,True,True
2012,Delaware,DE,governor,Jeff Cragg,Republican,28.6,False,False
2012,Delaware,DE,governor,Mark Perri,Green,1.2,False,False
2012,Indiana,IN,governor,Mike Pence,Republican,49.5,True,False
2012,Indiana,IN,governor,John R. Gregg,Democratic,46.6,False,False
2012,Indiana,IN,governor,Rupert Boneham,Libertarian,4.0,False,False
2012,Missouri,MO,governor,Jay Nixon,Democratic,54.8,True,True
2012,Missouri,MO,governor,Dave Spence,Republican,42.5,False,False
2012,Missouri,MO,governor,Jim Higgins,Libertarian,2.7,False,False
2012,Montana,MT,governor,Steve Bullock,Democratic,48.9,True,False
2012,Montana,MT,governor,Rick Hill,Republican,47.3,False,False
2012,Montana,MT,governor,Ron Vandevender,Libertarian,3.8,False,False
2012,New Hampshire,NH,governor,Maggie Hassan,Democratic,54.6,True,False
2012,New Hampshire,NH,governor,Ovide Lamontagne,Republican,42.5,False,False
2012,New Hampshire,NH,governor,John J. Babiarz,Libertarian,2.8,False,False
2012,North Carolina,NC,governor,Pat McCrory,Republican,54.6,True,False
2012,North Carolina,NC,governor,Walter Dalton,Democratic,43.2,False,False
2012,North Carolina,NC,governor,Barbara Howe,Libertarian,2.1,False,False
2012,North Dakota,ND,governor,Jack Dalrymple,Republican,63.1,True,True
2012,North Dakota,ND,governor,Ryan Taylor,North Dakota Democratic–nonpartisan League,34.3,False,False
2012,North Dakota,ND,governor,Paul Sorum,Independent,1.7,False,False
2012,Utah,UT,governor,Gary Herbert,Republican,68.4,True,True
2012,Utah,UT,governor,Peter Cooke,Democratic,27.6,False,False
2012,Utah,UT,governor,Ken Larsen,Libertarian,2.3,False,False
2012,Utah,UT,governor,Kirk Pearson,Constitution,1.8,False,False
2012,Vermont,VT,governor,Peter Shumlin,Democratic,57.8,True,True
2012,Vermont,VT,governor,Randy Brock,Republican,37.6,False,False
2012,Vermont,VT,governor,Emily Peyton,Independent,2.0,False,False
2012,Vermont,VT,governor,Cris Ericson,Marijuana,1.9,False,False
2012,Washington,WA,governor,Jay Inslee,Democratic,51.5,True,False
2012,Washington,WA,governor,Rob McKenna,Republican,48.5,False,False
2012,West Virginia,WV,governor,Earl Ray Tomblin,Democratic,50.5,True,True
2012,West Virginia,WV,governor,Bill Maloney,Republican,45.7,False,False
2012,West Virginia,WV,governor,Jesse Johnson,Mountain,2.5,False,False
2012,West Virginia,WV,governor,David Moran,Libertarian,1.3,False,False
2012,Wisconsin {{small|,,governor,Scott Walker,Republican,53.1,True,True
2012,Wisconsin {{small|,,governor,Tom Barrett,Democratic,46.3,False,False
2012,American Samoa,AS,governor,Lolo Matalasi Moliga,Independent,52.9,True,False
2012,American Samoa,AS,governor,Faoa Aitofele Sunia,Democratic,47.1,False,False
2012,Puerto Rico,PR,governor,Alejandro García Padilla,Popular Democratic Party (puerto Rico),47.7,True,False
2012,Puerto Rico,PR,governor,Luis Fortuño,New Progressive Party (puerto Rico),47.1,False,True
2012,Puerto Rico,PR,governor,Juan Dalmau Ramírez,Independence Party (puerto Rico),2.5,False,False
2012,Puerto Rico,PR,governor,Rafael Bernabe,Working People's,1.0,False,False
2013,New Jersey,NJ,governor,Chris Christie,Republican,60.3,True,True
2013,New Jersey,NJ,governor,Barbara Buono,Democratic,38.2,False,False
2013,Virginia,VA,governor,Terry McAuliffe,Democratic,47.8,True,False
2013,Virginia,VA,governor,Ken Cuccinelli,Republican,45.2,False,False
2013,Virginia,VA,governor,Robert Sarvis,Libertarian,6.5,False,False
2014,Alabama,AL,governor,Robert J. Bentley,Republican,63.6,True,True
2014,Alabama,AL,governor,Parker Griffith,Democratic,36.2,False,False
2014,Alaska,AK,governor,Bill Walker,Independent,48.1,True,False
2014,Alaska,AK,governor,Sean Parnell,Republican,45.9,False,True
2014,Alaska,AK,governor,Carolyn Clift,Libertarian,3.2,False,False
2014,Alaska,AK,governor,J. R. Myers,Constitution,2.5,False,False
2014,Arizona,AZ,governor,Doug Ducey,Republican,53.4,True,False
2014,Arizona,AZ,governor,Fred DuVal,Democratic,41.6,False,False
2014,Arizona,AZ,governor,Barry Hess,Libertarian,3.8,False,False
2014,Arizona,AZ,governor,John Lewis Mealer,Americans Elect,1.0,False,False
2014,Arkansas,AR,governor,Asa Hutchinson,Republican,55.4,True,False
2014,Arkansas,AR,governor,Mike Ross,Democratic,41.5,False,False
2014,Arkansas,AR,governor,Frank Gilbert,Libertarian,1.9,False,False
2014,Arkansas,AR,governor,Josh Drake,Green,1.2,False,False
2014,California,CA,governor,Jerry Brown,Democratic,60.0,True,True
2014,California,CA,governor,Neel Kashkari,Republican,40.0,False,False
2014,Colorado,CO,governor,John Hickenlooper,Democratic,49.3,True,True
2014,Colorado,CO,governor,Bob Beauprez,Republican,46.0,False,False
2014,Colorado,CO,governor,Matthew Hess,Libertarian,1.9,False,False
2014,Colorado,CO,governor,Harry Hempy,Green,1.3,False,False
2014,Colorado,CO,governor,Mike Dunafon,Independent,1.2,False,False
2014,Connecticut,CT,governor,Dannel Malloy,Democratic,50.7,True,True
2014,Connecticut,CT,governor,Thomas C. Foley,Republican,48.2,False,False
2014,Connecticut,CT,governor,Joe Visconti,Independent,1.1,False,False
2014,Florida,FL,governor,Rick Scott,Republican,48.1,True,True
2014,Florida,FL,governor,Charlie Crist,Democratic,47.1,False,False
2014,Florida,FL,governor,Adrian Wyllie,Libertarian,3.8,False,False
2014,Georgia,GA,governor,Nathan Deal,Republican,52.7,True,True
2014,Georgia,GA,governor,Jason Carter,Democratic,44.9,False,False
2014,Georgia,GA,governor,Andrew Hunt,Libertarian,2.4,False,False
2014,Hawaii,HI,governor,David Ige,Democratic,49.5,True,False
2014,Hawaii,HI,governor,Duke Aiona,Republican,37.1,False,False
2014,Hawaii,HI,governor,Mufi Hannemann,Independent,11.7,False,False
2014,Hawaii,HI,governor,Jeff Davis,Libertarian,1.8,False,False
2014,Idaho,ID,governor,Butch Otter,Republican,53.5,True,True
2014,Idaho,ID,governor,A. J. Balukoff,Democratic,38.6,False,False
2014,Idaho,ID,governor,John Bujak,Libertarian,4.1,False,False
2014,Idaho,ID,governor,Jill Humble,Independent,2.0,False,False
2014,Idaho,ID,governor,Steven Pankey,Constitution,1.2,False,False
2014,Illinois,IL,governor,Bruce Rauner,Republican,50.3,True,False
2014,Illinois,IL,governor,Pat Quinn,Democratic,46.4,False,True
2014,Illinois,IL,governor,Chad Grimm,Libertarian,3.4,False,False
2014,Iowa,IA,governor,Terry Branstad,Republican,59.0,True,True
2014,Iowa,IA,governor,Jack Hatch,Democratic,37.3,False,False
2014,Iowa,IA,governor,Lee Hieb,Libertarian,1.8,False,False
2014,Kansas,KS,governor,Sam Brownback,Republican,49.8,True,True
2014,Kansas,KS,governor,Paul Davis,Democratic,46.1,False,False
2014,Kansas,KS,governor,Keen Umbehr,Libertarian,4.1,False,False
2014,Maine,ME,governor,Paul LePage,Republican,48.2,True,True
2014,Maine,ME,governor,Mike Michaud,Democratic,43.4,False,False
2014,Maine,ME,governor,Eliot Cutler,Independent,8.4,False,False
2014,Maryland,MD,governor,Larry Hogan,Republican,51.0,True,False
2014,Maryland,MD,governor,Anthony Brown,Democratic,47.3,False,False
2014,Maryland,MD,governor,Shawn Quinn,Libertarian,1.5,False,False
2014,Massachusetts,MA,governor,Charlie Baker,Republican,48.4,True,False
2014,Massachusetts,MA,governor,Martha Coakley,Democratic,46.5,False,False
2014,Massachusetts,MA,governor,Evan Falchuk,Independent,3.3,False,False
2014,Michigan,MI,governor,Rick Snyder,Republican,50.9,True,True
2014,Michigan,MI,governor,Mark Schauer,Democratic,46.9,False,False
2014,Michigan,MI,governor,Mary Buzuma,Libertarian,1.1,False,False
2014,Minnesota,MN,governor,Mark Dayton,Minnesota Democratic–farmer–labor,50.1,True,True
2014,Minnesota,MN,governor,Jeff Johnson,Republican,44.5,False,False
2014,Minnesota,MN,governor,Hannah Nicollet,Independence Party (minnesota),2.9,False,False
2014,Minnesota,MN,governor,Chris Wright,Grassroots–legalize Cannabis,1.6,False,False
2014,Nebraska,NE,governor,Pete Ricketts,Republican,57.2,True,False
2014,Nebraska,NE,governor,Chuck Hassebrook,Democratic,39.2,False,False
2014,Nebraska,NE,governor,Mark Elworth Jr.,Libertarian,3.5,False,False
2014,Nevada,NV,governor,Brian Sandoval,Republican,70.6,True,True
2014,Nevada,NV,governor,Bob Goodman,Democratic,23.9,False,False
2014,Nevada,NV,governor,David VanDerBeek,American,2.7,False,False
2014,New Hampshire,NH,governor,Maggie Hassan,Democratic,52.4,True,True
2014,New Hampshire,NH,governor,Walt Havenstein,Republican,47.4,False,False
2014,New Mexico,NM,governor,Susana Martinez,Republican,57.2,True,True
2014,New Mexico,NM,governor,Gary King,Democratic,42.8,False,False
2014,New York,NY,governor,Andrew Cuomo,Democratic,54.3,True,True
2014,New York,NY,governor,Rob Astorino,Republican,40.3,False,False
2014,New York,NY,governor,Howie Hawkins,Green,4.8,False,False
2014,Ohio,OH,governor,John Kasich,Republican,63.6,True,True
2014,Ohio,OH,governor,Ed FitzGerald,Democratic,33.0,False,False
2014,Ohio,OH,governor,Anita Rios,Green,3.3,False,False
2014,Oklahoma,OK,governor,Mary Fallin,Republican,55.8,True,True
2014,Oklahoma,OK,governor,Joe Dorman,Democratic,41.0,False,False
2014,Oklahoma,OK,governor,Kimberly Willis,Independent,2.1,False,False
2014,Oklahoma,OK,governor,Richard Prawdzienski,Independent,1.1,False,False
2014,Oregon,OR,governor,John Kitzhaber,Democratic,49.9,True,True
2014,Oregon,OR,governor,Dennis Richardson,Republican,44.1,False,False
2014,Oregon,OR,governor,Jason Levin,Green,2.0,False,False
2014,Oregon,OR,governor,Paul Grad,Libertarian,1.5,False,False
2014,Oregon,OR,governor,Aaron Auer,Constitution,1.1,False,False
2014,Oregon,OR,governor,Chris Henry,Progressive,1.0,False,False
2014,Pennsylvania,PA,governor,Tom Wolf,Democratic,54.9,True,False
2014,Pennsylvania,PA,governor,Tom Corbett,Republican,45.1,False,True
2014,Rhode Island,RI,governor,Gina Raimondo,Democratic,40.7,True,False
2014,Rhode Island,RI,governor,Allan Fung,Republican,36.2,False,False
2014,Rhode Island,RI,governor,Robert J. Healey,Moderate,21.4,False,False
2014,Rhode Island,RI,governor,Kate Fletcher,Independent,1.1,False,False
2014,South Carolina,SC,governor,Nikki Haley,Republican,55.9,True,True
2014,South Carolina,SC,governor,Vincent Sheheen,Democratic,41.4,False,False
2014,South Carolina,SC,governor,Steve French,Libertarian,1.2,False,False
2014,South Dakota,SD,governor,Dennis Daugaard,Republican,70.5,True,True
2014,South Dakota,SD,governor,Susan Wismer,Democratic,25.4,False,False
2014,South Dakota,SD,governor,Michael J. Myers,Independent,4.1,False,False
2014,Tennessee,TN,governor,Bill Haslam,Republican,70.3,True,True
2014,Tennessee,TN,governor,Charles Brown,Democratic,22.8,False,False
2014,Tennessee,TN,governor,John Jay Hooker,Independent,2.3,False,False
2014,Tennessee,TN,governor,Shaun Crowell,Constitution,2.0,False,False
2014,Tennessee,TN,governor,Isa Infante,Green,1.4,False,False
2014,Texas,TX,governor,Greg Abbott,Republican,59.3,True,False
2014,Texas,TX,governor,Wendy Davis,Democratic,38.9,False,False
2014,Texas,TX,governor,Kathie Glass,Libertarian,1.4,False,False
2014,Vermont,VT,governor,Peter Shumlin,Democratic,46.4,True,True
2014,Vermont,VT,governor,Scott Milne,Republican,45.1,False,False
2014,Vermont,VT,governor,Dan Feliciano,Libertarian,4.4,False,False
2014,Vermont,VT,governor,Emily Peyton,Independent,1.6,False,False
2014,Wisconsin,WI,governor,Scott Walker,Republican,52.3,True,True
2014,Wisconsin,WI,governor,Mary Burke,Democratic,46.6,False,False
2014,Wyoming,WY,governor,Matt Mead,Republican,59.4,True,True
2014,Wyoming,WY,governor,Pete Gosar,Democratic,27.3,False,False
2014,Wyoming,WY,governor,Don Wills,Independent,5.9,False,False
2014,Wyoming,WY,governor,Dee Cozzens,Libertarian,2.4,False,False
2014,District of Columbia,DC,governor,Muriel Bowser,Democratic,54.5,True,False
2014,District of Columbia,DC,governor,David Catania,Independent,34.6,False,False
2014,District of Columbia,DC,governor,Carol Schwartz,Independent,7.0,False,False
2014,Guam,GU,governor,Eddie Calvo,Republican,63.7,True,True
2014,Guam,GU,governor,Carl Gutierrez,Democratic,36.0,False,False
2014,Northern Mariana Islands,MP,governor,Eloy Inos,Republican,57.0,True,True
2014,Northern Mariana Islands,MP,governor,Heinz Hofschneider,Independent,43.0,False,False
2014,U.S. Virgin Islands,VI,governor,Kenneth Mapp,Independent,63.9,True,False
2014,U.S. Virgin Islands,VI,governor,Donna Christian-Christensen,Democratic,35.9,False,False
2015,Kentucky,KY,governor,Matt Bevin,Republican,52.5,True,False
2015,Kentucky,KY,governor,Jack Conway,Democratic,43.8,False,False
2015,Kentucky,KY,governor,Drew Curtis,Independent,3.7,False,False
2015,Louisiana,LA,governor,John Bel Edwards,Democratic,56.1,True,False
2015,Louisiana,LA,governor,David Vitter,Republican,43.9,False,False
2015,Mississippi,MS,governor,Phil Bryant,Republican,66.4,True,True
2015,Mississippi,MS,governor,Robert Gray,Democratic,32.4,False,False
2015,Mississippi,MS,governor,Shawn O'Hara,Reform,1.4,False,False
2016,Delaware,DE,governor,John Carney,Democratic,58.3,True,False
2016,Delaware,DE,governor,Colin Bonini,Republican,39.2,False,False
2016,Delaware,DE,governor,Andrew Groff,Green,1.4,False,False
2016,Delaware,DE,governor,Sean Louis Goward,Libertarian,1.1,False,False
2016,Indiana,IN,governor,Eric Holcomb,Republican,51.4,True,False
2016,Indiana,IN,governor,John R. Gregg,Democratic,45.4,False,False
2016,Indiana,IN,governor,Rex Bell,Libertarian,3.2,False,False
2016,Missouri,MO,governor,Eric Greitens,Republican,51.1,True,False
2016,Missouri,MO,governor,Chris Koster,Democratic,45.6,False,False
2016,Missouri,MO,governor,Cisse Spragins,Libertarian,1.5,False,False
2016,Missouri,MO,governor,Don Fitz,Green,0.75,False,False
2016,Montana,MT,governor,Steve Bullock,Democratic,50.3,True,True
2016,Montana,MT,governor,Greg Gianforte,Republican,46.4,False,False
2016,Montana,MT,governor,Ted Dunlap,Libertarian,3.4,False,False
2016,New Hampshire,NH,governor,Chris Sununu,Republican,48.8,True,False
2016,New Hampshire,NH,governor,Colin Van Ostern,Democratic,46.6,False,False
2016,New Hampshire,NH,governor,Max Abramson,Libertarian,4.3,False,False
2016,North Carolina,NC,governor,Roy Cooper,Democratic,49.0,True,False
2016,North Carolina,NC,governor,Pat McCrory,Republican,48.8,False,True
2016,North Carolina,NC,governor,Lon Cecil,Libertarian,2.2,False,False
2016,North Dakota,ND,governor,Doug Burgum,Republican,76.5,True,False
2016,North Dakota,ND,governor,Marvin Nelson,North Dakota Democratic–nonpartisan League,19.4,False,False
2016,North Dakota,ND,governor,Marty Riske,Libertarian,3.9,False,False
2016,Oregon,OR,governor,Kate Brown,Democratic,50.6,True,True
2016,Oregon,OR,governor,Bud Pierce,Republican,43.6,False,False
2016,Oregon,OR,governor,James Foster,Libertarian,2.3,False,False
2016,Oregon,OR,governor,Aaron Donald Auer,Constitution,1.0,False,False
2016,Utah,UT,governor,Gary Herbert,Republican,66.7,True,True
2016,Utah,UT,governor,Mike Weinholtz,Democratic,28.7,False,False
2016,Utah,UT,governor,Brian Kamerath,Libertarian,3.1,False,False
2016,Utah,UT,governor,Superdell Schnaze,Constitution,1.4,False,False
2016,Vermont,VT,governor,Phil Scott,Republican,52.9,True,False
2016,Vermont,VT,governor,Sue Minter,Democratic,44.2,False,False
2016,Vermont,VT,governor,Bill Lee,Independent,2.8,False,False
2016,Washington,WA,governor,Jay Inslee,Democratic,54.2,True,True
2016,Washington,WA,governor,Bill Bryant,Republican,45.5,False,False
2016,West Virginia,WV,governor,Jim Justice,Democratic,49.1,True,False
2016,West Virginia,WV,governor,Bill Cole,Republican,42.3,False,False
2016,West Virginia,WV,governor,Charlotte Pritt,Mountain,5.9,False,False
2016,West Virginia,WV,governor,David Moran,Libertarian,2.2,False,False
2016,West Virginia,WV,governor,Phil Hudok,Constitution,0.6,False,False
2016,American Samoa,AS,governor,Lolo Matalasi Moliga,Nonpartisan Politician,60.2,True,True
2016,American Samoa,AS,governor,Faoa Aitofele Sunia,Nonpartisan Politician,35.8,False,False
2016,American Samoa,AS,governor,Tuika Tuika,Nonpartisan Politician,4.0,False,False
2016,Puerto Rico,PR,governor,Ricardo Rosselló,New Progressive Party (puerto Rico),41.8,True,False
2016,Puerto Rico,PR,governor,David Bernier,Popular Democratic Party (puerto Rico),38.9,False,False
2016,Puerto Rico,PR,governor,Alexandra Lúgaro,Independent,11.1,False,False
2016,Puerto Rico,PR,governor,Manuel Cidre,Independent,5.7,False,False
2016,Puerto Rico,PR,governor,María de Lourdes Santiago,Independence Party (puerto Rico),2.1,False,False
2017,New Jersey,NJ,governor,Phil Murphy,Democratic,56.0,True,False
2017,New Jersey,NJ,governor,Kim Guadagno,Republican,41.9,False,False
2017,Virginia,VA,governor,Ralph Northam,Democratic,53.9,True,False
2017,Virginia,VA,governor,Ed Gillespie,Republican,45.0,False,False
2017,Virginia,VA,governor,Cliff Hyra,Libertarian,1.1,False,False
2018,Alabama,AL,governor,Kay Ivey,Republican,59.5,True,True
2018,Alabama,AL,governor,Walt Maddox,Democratic,40.4,False,False
2018,Alaska,AK,governor,Mike Dunleavy,Republican,51.4,True,False
2018,Alaska,AK,governor,Mark Begich,Democratic,44.4,False,False
2018,Alaska,AK,governor,Bill Walker,Independent,2.0,False,True
2018,Alaska,AK,governor,William Toien,Libertarian,1.9,False,False
2018,Arizona,AZ,governor,Doug Ducey,Republican,56.0,True,True
2018,Arizona,AZ,governor,David Garcia,Democratic,41.8,False,False
2018,Arizona,AZ,governor,Angel Torres,Green,2.1,False,False
2018,Arkansas,AR,governor,Asa Hutchinson,Republican,65.3,True,True
2018,Arkansas,AR,governor,Jared Henderson,Democratic,31.8,False,False
2018,Arkansas,AR,governor,Mark West,Libertarian,2.9,False,False
2018,California,CA,governor,Gavin Newsom,Democratic,61.9,True,False
2018,California,CA,governor,John H. Cox,Republican,38.1,False,False
2018,Colorado,CO,governor,Jared Polis,Democratic,53.4,True,False
2018,Colorado,CO,governor,Walker Stapleton,Republican,42.8,False,False
2018,Colorado,CO,governor,Scott Helker,Libertarian,2.7,False,False
2018,Colorado,CO,governor,Bill Hammons,Unity,1.0,False,False
2018,Connecticut,CT,governor,Ned Lamont,Democratic,49.4,True,False
2018,Connecticut,CT,governor,Bob Stefanowski,Republican,46.2,False,False
2018,Connecticut,CT,governor,Oz Griebel,Independent,3.9,False,False
2018,Florida,FL,governor,Ron DeSantis,Republican,49.6,True,False
2018,Florida,FL,governor,Andrew Gillum,Democratic,49.2,False,False
2018,Georgia,GA,governor,Brian Kemp,Republican,50.2,True,False
2018,Georgia,GA,governor,Stacey Abrams,Democratic,48.8,False,False
2018,Hawaii,HI,governor,David Ige,Democratic,62.7,True,True
2018,Hawaii,HI,governor,Andria Tupola,Republican,33.7,False,False
2018,Hawaii,HI,governor,Jim Brewer,Green,2.6,False,False
2018,Hawaii,HI,governor,Terrence Teruya,Nonpartisan Politician,1.0,False,False
2018,Idaho,ID,governor,Brad Little,Republican,59.8,True,False
2018,Idaho,ID,governor,Paulette Jordan,Democratic,38.2,False,False
2018,Idaho,ID,governor,Bev Boeck,Libertarian,1.1,False,False
2018,Idaho,ID,governor,Walter L. Bayes,Constitution,1.0,False,False
2018,Illinois,IL,governor,J. B. Pritzker,Democratic,54.5,True,False
2018,Illinois,IL,governor,Bruce Rauner,Republican,38.8,False,True
2018,Illinois,IL,governor,Sam McCann,Conservative,4.2,False,False
2018,Illinois,IL,governor,Kash Jackson,Libertarian,2.4,False,False
2018,Iowa,IA,governor,Kim Reynolds,Republican,50.3,True,True
2018,Iowa,IA,governor,Fred Hubbell,Democratic,47.5,False,False
2018,Iowa,IA,governor,Jake Porter,Libertarian,1.6,False,False
2018,Kansas,KS,governor,Laura Kelly,Democratic,48.0,True,False
2018,Kansas,KS,governor,Kris Kobach,Republican,43.0,False,False
2018,Kansas,KS,governor,Greg Orman,Independent,6.5,False,False
2018,Kansas,KS,governor,Jeff Caldwell,Libertarian,1.9,False,False
2018,Maine,ME,governor,Janet Mills,Democratic,50.9,True,False
2018,Maine,ME,governor,Shawn Moody,Republican,43.2,False,False
2018,Maine,ME,governor,Terry Hayes,Independent,5.9,False,False
2018,Maryland,MD,governor,Larry Hogan,Republican,55.3,True,True
2018,Maryland,MD,governor,Ben Jealous,Democratic,43.5,False,False
2018,Massachusetts,MA,governor,Charlie Baker,Republican,66.6,True,True
2018,Massachusetts,MA,governor,Jay Gonzalez,Democratic,33.1,False,False
2018,Michigan,MI,governor,Gretchen Whitmer,Democratic,53.3,True,False
2018,Michigan,MI,governor,Bill Schuette,Republican,43.7,False,False
2018,Michigan,MI,governor,Bill Gelineau,Libertarian,1.3,False,False
2018,Minnesota,MN,governor,Tim Walz,Minnesota Democratic–farmer–labor,53.8,True,False
2018,Minnesota,MN,governor,Jeff Johnson,Republican,42.4,False,False
2018,Minnesota,MN,governor,Chris Wright,Grassroots–legalize Cannabis,2.6,False,False
2018,Minnesota,MN,governor,Josh Welter,Libertarian,1.0,False,False
2018,Nebraska,NE,governor,Pete Ricketts,Republican,59.0,True,True
2018,Nebraska,NE,governor,Bob Krist,Democratic,41.0,False,False
2018,Nevada,NV,governor,Steve Sisolak,Democratic,49.4,True,False
2018,Nevada,NV,governor,Adam Laxalt,Republican,45.3,False,False
2018,Nevada,NV,governor,None of These Candidates,None,1.9,False,False
2018,Nevada,NV,governor,Ryan C. Bundy,Independent,1.4,False,False
2018,Nevada,NV,governor,Russell Best,Independent American,1.0,False,False
2018,New Hampshire,NH,governor,Chris Sununu,Republican,52.8,True,True
2018,New Hampshire,NH,governor,Molly Kelly,Democratic,45.7,False,False
2018,New Hampshire,NH,governor,Jilletta Jarvis,Libertarian,1.4,False,False
2018,New Mexico,NM,governor,Michelle Lujan Grisham,Democratic,57.2,True,False
2018,New Mexico,NM,governor,Steve Pearce,Republican,42.8,False,False
2018,New York,NY,governor,Andrew Cuomo,Democratic,59.6,True,True
2018,New York,NY,governor,Marc Molinaro,Republican,36.2,False,False
2018,New York,NY,governor,Howie Hawkins,Green,1.7,False,False
2018,New York,NY,governor,Larry Sharpe,Libertarian,1.6,False,False
2018,Ohio,OH,governor,Mike DeWine,Republican,50.4,True,False
2018,Ohio,OH,governor,Richard Cordray,Democratic,46.7,False,False
2018,Ohio,OH,governor,Travis Irvine,Libertarian,1.8,False,False
2018,Ohio,OH,governor,Constance Gadell-Newton,Green,1.1,False,False
2018,Oklahoma,OK,governor,Kevin Stitt,Republican,54.3,True,False
2018,Oklahoma,OK,governor,Drew Edmondson,Democratic,42.2,False,False
2018,Oklahoma,OK,governor,Chris Powell,Libertarian,3.4,False,False
2018,Oregon,OR,governor,Kate Brown,Democratic,50.0,True,True
2018,Oregon,OR,governor,Knute Buehler,Republican,43.6,False,False
2018,Oregon,OR,governor,Patrick Starnes,Independent,2.9,False,False
2018,Oregon,OR,governor,Nick Chen,Libertarian,1.5,False,False
2018,Oregon,OR,governor,Aaron Auer,Constitution,1.1,False,False
2018,Pennsylvania,PA,governor,Tom Wolf,Democratic,57.8,True,True
2018,Pennsylvania,PA,governor,Scott Wagner,Republican,40.7,False,False
2018,Pennsylvania,PA,governor,Ken Krawchuk,Libertarian,1.0,False,False
2018,Rhode Island,RI,governor,Gina Raimondo,Democratic,52.6,True,True
2018,Rhode Island,RI,governor,Allan Fung,Republican,37.2,False,False
2018,Rhode Island,RI,governor,Joe Trillo,Independent,4.4,False,False
2018,Rhode Island,RI,governor,Bill Gilbert,Moderate,2.7,False,False
2018,Rhode Island,RI,governor,Luis-Daniel Munoz,Independent,1.6,False,False
2018,Rhode Island,RI,governor,Anne Armstrong,Compassion,1.1,False,False
2018,South Carolina,SC,governor,Henry McMaster,Republican,54.0,True,True
2018,South Carolina,SC,governor,James E. Smith Jr.,Democratic,45.9,False,False
2018,South Dakota,SD,governor,Kristi Noem,Republican,51.0,True,False
2018,South Dakota,SD,governor,Billie Sutton,Democratic,47.6,False,False
2018,South Dakota,SD,governor,Kurt Evans,Libertarian,1.4,False,False
2018,Tennessee,TN,governor,Bill Lee,Republican,59.6,True,False
2018,Tennessee,TN,governor,Karl Dean,Democratic,38.5,False,False
2018,Texas,TX,governor,Greg Abbott,Republican,55.8,True,True
2018,Texas,TX,governor,Lupe Valdez,Democratic,42.5,False,False
2018,Texas,TX,governor,Mark Tippetts,Libertarian,1.7,False,False
2018,Vermont,VT,governor,Phil Scott,Republican,55.2,True,True
2018,Vermont,VT,governor,Christine Hallquist,Democratic,40.2,False,False
2018,Vermont,VT,governor,Trevor Barlow,Independent,1.2,False,False
2018,Wisconsin,WI,governor,Tony Evers,Democratic,49.5,True,False
2018,Wisconsin,WI,governor,Scott Walker,Republican,48.4,False,True
2018,Wyoming,WY,governor,Mark Gordon,Republican,67.1,True,False
2018,Wyoming,WY,governor,Mary Throne,Democratic,27.5,False,False
2018,Wyoming,WY,governor,Rex Rammell,Constitution,3.3,False,False
2018,Wyoming,WY,governor,Lawrence Struempf,Libertarian,1.5,False,False
2018,District of Columbia,DC,governor,Muriel Bowser,Democratic,76.4,True,True
2018,District of Columbia,DC,governor,Ann Wilcox,D.c. Statehood Green,9.3,False,False
2018,District of Columbia,DC,governor,Dustin Canter,Independent,6.9,False,False
2018,District of Columbia,DC,governor,Martin Moulton,Libertarian,3.4,False,False
2018,Guam,GU,governor,Lou Leon Guerrero,Democratic,50.8,True,False
2018,Guam,GU,governor,Ray Tenorio,Republican,26.4,False,False
2018,Guam,GU,governor,Frank Aguon,Write-in,22.8,False,False
2018,Northern Mariana Islands,MP,governor,Ralph Torres,Republican,62.2,True,True
2018,Northern Mariana Islands,MP,governor,Juan Babauta,Independent,37.8,False,False
2018,U.S. Virgin Islands,VI,governor,Albert Bryan,Democratic,54.5,True,False
2018,U.S. Virgin Islands,VI,governor,Kenneth Mapp,Independent,45.1,False,True
2018,Alabama,AL,attorney general,Steve Marshall,Republican,58.8,True,True
2018,Alabama,AL,attorney general,Joseph Siegelman,Democratic,41.1,False,False
2018,Arizona,AZ,attorney general,Mark Brnovich,Republican,51.7,True,True
2018,Arizona,AZ,attorney general,January Contreras,Democratic,48.3,False,False
2018,Arkansas,AR,attorney general,Leslie Rutledge,Republican,61.8,True,True
2018,Arkansas,AR,attorney general,Mike Lee,Democratic,35.4,False,False
2018,California,CA,attorney general,Xavier Becerra,Democratic,63.6,True,True
2018,California,CA,attorney general,Steven Bailey,Republican,36.4,False,False
2018,Colorado,CO,attorney general,Phil Weiser,Democratic,51.6,True,False
2018,Colorado,CO,attorney general,George Brauchler,Republican,45.1,False,False
2018,Colorado,CO,attorney general,William Robinson III,Libertarian,3.3,False,False
2018,Connecticut,CT,attorney general,William Tong,Democratic,52.5,True,False
2018,Connecticut,CT,attorney general,Susan Hatfield,Republican,46.5,False,False
2018,Delaware,DE,attorney general,Kathy Jennings,Democratic,61.31,True,False
2018,Delaware,DE,attorney general,Bernard Pepukayi,Republican,38.68,False,False
2018,Florida,FL,attorney general,Ashley Moody,Republican,52.1,True,False
2018,Florida,FL,attorney general,Sean Shaw,Democratic,46.1,False,False
2018,Georgia,GA,attorney general,Chris Carr,Republican,51.3,True,True
2018,Georgia,GA,attorney general,Charlie Bailey,Democratic,48.7,False,False
2018,Idaho,ID,attorney general,Lawrence Wasden,Republican,65.4,True,True
2018,Idaho,ID,attorney general,Bruce Bistline,Democratic,34.6,False,False
2018,Illinois,IL,attorney general,Kwame Raoul,Democratic,54.71,True,False
2018,Illinois,IL,attorney general,Erika Harold,Republican,42.74,False,False
2018,Illinois,IL,attorney general,Bubba Harsy,Libertarian,2.55,False,False
2018,Iowa,IA,attorney general,Tom Miller,Democratic,76.51,True,True
2018,Iowa,IA,attorney general,Marco Battaglia,Libertarian,22.78,False,False
2018,Kansas,KS,attorney general,Derek Schmidt,Republican,58.98,True,True
2018,Kansas,KS,attorney general,Sarah Swain,Democratic,41.02,False,False
2018,Maryland,MD,attorney general,Brian Frosh,Democratic,64.8,True,True
2018,Maryland,MD,attorney general,Craig Wolf,Republican,35.1,False,False
2018,Massachusetts,MA,attorney general,Maura Healey,Democratic,69.91,True,True
2018,Massachusetts,MA,attorney general,James McMahon,Republican,30.02,False,False
2018,Michigan,MI,attorney general,Dana Nessel,Democratic,49.04,True,False
2018,Michigan,MI,attorney general,Tom Leonard,Republican,46.26,False,False
2018,Michigan,MI,attorney general,Lisa Lane Giola,Libertarian,2.1,False,False
2018,Minnesota,MN,attorney general,Keith Ellison,Minnesota Democratic-farmer-labor,48.96,True,False
2018,Minnesota,MN,attorney general,Doug Wardlow,Republican,45.08,False,False
2018,Nebraska,NE,attorney general,Doug Peterson,Republican,100.0,True,True
2018,Nevada,NV,attorney general,Aaron Ford,Democratic,47.2,True,False
2018,Nevada,NV,attorney general,Wesley Duncan,Republican,46.8,False,False
2018,Nevada,NV,attorney general,None of These Candidates,Write-in,2.7,False,False
2018,New Mexico,NM,attorney general,Hector Balderas,Democratic,61.8,True,True
2018,New Mexico,NM,attorney general,Michael Hendricks,Republican,33.4,False,False
2018,New York,NY,attorney general,Letitia James,Democratic,62.42,True,False
2018,New York,NY,attorney general,Keith Wofford,Republican,35.2,False,False
2018,North Dakota,ND,attorney general,Wayne Stenehjem,Republican,67.55,True,True
2018,North Dakota,ND,attorney general,David Clark Thompson,North Dakota Democratic–nonpartisan League,32.23,False,False
2018,Ohio,OH,attorney general,Dave Yost,Republican,52.2,True,False
2018,Ohio,OH,attorney general,Steve Dettelbach,Democratic,47.8,False,False
2018,Oklahoma,OK,attorney general,Michael J. Hunter,Republican,64.03,True,True
2018,Oklahoma,OK,attorney general,Mark Myles,Democratic,35.97,False,False
2018,Rhode Island,RI,attorney general,Peter Neronha,Democratic,79.8,True,False
2018,Rhode Island,RI,attorney general,Alan Gordon,Independent,19.1,False,False
2018,South Carolina,SC,attorney general,Alan Wilson,Republican,55.1,True,True
2018,South Carolina,SC,attorney general,Constance Anastopoulo,Democratic,44.9,False,False
2018,South Dakota,SD,attorney general,Jason Ravnsborg,Republican,55.16,True,False
2018,South Dakota,SD,attorney general,Randy Seiler,Democratic,44.84,False,False
2018,Texas,TX,attorney general,Ken Paxton,Republican,50.57,True,True
2018,Texas,TX,attorney general,Justin Nelson,Democratic,47.01,False,False
2018,Texas,TX,attorney general,Michael Ray Harris,Libertarian,2.43,False,False
2018,Vermont,VT,attorney general,T.J. Donovan,Democratic,67.24,True,True
2018,Vermont,VT,attorney general,Janssen Willhoit,Republican,25.24,False,False
2018,Wisconsin,WI,attorney general,Josh Kaul,Democratic,49.4,True,False
2018,Wisconsin,WI,attorney general,Brad Schimel,Republican,48.8,False,True
2018,District of Columbia,DC,attorney general,Karl Racine,Democratic,92.77,True,True
2018,Guam,GU,attorney general,Leevin Camacho,Independent,64.2,True,False
2018,Guam,GU,attorney general,Douglas Moylan,Republican,30.56,False,False
2018,Northern Mariana Islands,MP,attorney general,Edward Manibusan,Nonpartisan,100.0,True,True
2019,Kentucky,KY,governor,Andy Beshear,Democratic,49.2,True,False
2019,Kentucky,KY,governor,Matt Bevin,Republican,48.8,False,True
2019,Kentucky,KY,governor,John Hicks,Libertarian,2.0,False,False
2019,Louisiana,LA,governor,John Bel Edwards,Democratic,51.3,True,True
2019,Louisiana,LA,governor,Eddie Rispone,Republican,48.7,False,False
2019,Mississippi,MS,governor,Tate Reeves,Republican,51.9,True,False
2019,Mississippi,MS,governor,Jim Hood,Democratic,46.8,False,False
2019,Mississippi,MS,governor,David Singletary,Independent,1.0,False,False
2019,Kentucky,KY,attorney general,Daniel Cameron,Republican,57.7,True,False
2019,Kentucky,KY,attorney general,Greg Stumbo,Democratic,42.3,False,False
2019,Louisiana,LA,attorney general,Jeff Landry,Republican,66.2,True,True
2019,Louisiana,LA,attorney general,Ike Jackson,Democratic,33.8,False,False
2019,Mississippi,MS,attorney general,Lynn Fitch,Republican,57.8,True,False
2019,Mississippi,MS,attorney general,Jennifer R. Collins,Democratic,42.2,False,False
2020,Delaware,DE,governor,John Carney,Democratic,59.5,True,True
2020,Delaware,DE,governor,Julianne Murray,Republican,38.6,False,False
2020,Delaware,DE,governor,Kathy DeMatteis,Independent (delaware),1.2,False,False
2020,Indiana,IN,governor,Eric Holcomb,Republican,56.5,True,True
2020,Indiana,IN,governor,Woody Myers,Democratic,32.1,False,False
2020,Indiana,IN,governor,Donald Rainwater,Libertarian,11.4,False,False
2020,Missouri,MO,governor,Mike Parson,Republican,57.1,True,True
2020,Missouri,MO,governor,Nicole Galloway,Democratic,40.7,False,False
2020,Missouri,MO,governor,Rik Combs,Libertarian,1.6,False,False
2020,Montana,MT,governor,Greg Gianforte,Republican,54.4,True,False
2020,Montana,MT,governor,Mike Cooney,Democratic,41.6,False,False
2020,Montana,MT,governor,Lyman Bishop,Libertarian,4.0,False,False
2020,New Hampshire,NH,governor,Chris Sununu,Republican,65.1,True,True
2020,New Hampshire,NH,governor,Dan Feltes,Democratic,33.4,False,False
2020,New Hampshire,NH,governor,Darryl W. Perry,Libertarian,1.4,False,False
2020,North Carolina,NC,governor,Roy Cooper,Democratic,51.5,True,True
2020,North Carolina,NC,governor,Dan Forest,Republican,47.0,False,False
2020,North Carolina,NC,governor,Steven J. DiFiore,Libertarian,1.1,False,False
2020,North Dakota,ND,governor,Doug Burgum,Republican,65.8,True,True
2020,North Dakota,ND,governor,Shelley Lenz,North Dakota Democratic–nonpartisan League,25.4,False,False
2020,North Dakota,ND,governor,DuWayne Hendrickson,Libertarian,3.9,False,False
2020,Utah,UT,governor,Spencer Cox,Republican,63.0,True,False
2020,Utah,UT,governor,Christopher Peterson,Democratic,30.3,False,False
2020,Utah,UT,governor,Daniel Cottam,Libertarian,3.5,False,False
2020,Utah,UT,governor,Gregory Duerden,Independent American,1.8,False,False
2020,Vermont,VT,governor,Phil Scott,Republican,68.5,True,True
2020,Vermont,VT,governor,David Zuckerman,Progressive Party (vermont),27.3,False,False
2020,Vermont,VT,governor,Kevin Hoyt,Independent,1.3,False,False
2020,Vermont,VT,governor,Emily Peyton,Independent,1.0,False,False
2020,Washington,WA,governor,Jay Inslee,Democratic,56.6,True,True
2020,Washington,WA,governor,Loren Culp,Republican,43.1,False,False
2020,West Virginia,WV,governor,Jim Justice,Republican,63.5,True,True
2020,West Virginia,WV,governor,Ben Salango,Democratic,30.2,False,False
2020,West Virginia,WV,governor,Erika Kolenich,Libertarian,2.9,False,False
2020,West Virginia,WV,governor,S. Marshall Wilson,Write-in,1.9,False,False
2020,West Virginia,WV,governor,Daniel Lutz,Mountain,1.4,False,False
2020,American Samoa,AS,governor,Lemanu Peleti Mauga,Nonpartisan Politician,60.3,True,False
2020,American Samoa,AS,governor,Gaoteote Palaie Tofau,Nonpartisan Politician,21.9,False,False
2020,American Samoa,AS,governor,Iʻaulualo Faʻafetai Talia,Nonpartisan Politician,12.3,False,False
2020,American Samoa,AS,governor,Nuanuaolefeagaiga Saoluaga T. Nua,Nonpartisan Politician,5.5,False,False
2020,Puerto Rico,PR,governor,Pedro Pierluisi,New Progressive Party (puerto Rico),32.9,True,False
2020,Puerto Rico,PR,governor,Carlos Delgado Altieri,Popular Democratic Party (puerto Rico),31.6,False,False
2020,Puerto Rico,PR,governor,Alexandra Lúgaro,Movimiento Victoria Ciudadana,14.2,False,False
2020,Puerto Rico,PR,governor,Juan Dalmau,Independence Party (puerto Rico),13.7,False,False
2020,Puerto Rico,PR,governor,César Vázquez,Project Dignity,6.9,False,False
2020,Indiana,IN,attorney general,Todd Rokita,Republican,58.3,True,False
2020,Indiana,IN,attorney general,Jonathan Weinzapfel,Democratic,41.7,False,False
2020,Missouri,MO,attorney general,Eric Schmitt,Republican,59.4,True,True
2020,Missouri,MO,attorney general,Richard Finneran,Democratic,37.9,False,False
2020,Missouri,MO,attorney general,Kevin Babcock,Libertarian,2.7,False,False
2020,Montana,MT,attorney general,Austin Knudsen,Republican,58.5,True,False
2020,Montana,MT,attorney general,Raph Graybill,Democratic,41.5,False,False
2020,North Carolina,NC,attorney general,Josh Stein,Democratic,50.1,True,True
2020,North Carolina,NC,attorney general,Jim O'Neill,Republican,49.9,False,False
2020,Oregon,OR,attorney general,Ellen Rosenblum,Democratic,56.0,True,True
2020,Oregon,OR,attorney general,Michael Cross,Republican,41.3,False,False
2020,Oregon,OR,attorney general,Lars Hedbor,Libertarian,2.3,False,False
2020,Pennsylvania,PA,attorney general,Josh Shapiro,Democratic,50.8,True,True
2020,Pennsylvania,PA,attorney general,Heather Heidelbaugh,Republican,46.3,False,False
2020,Pennsylvania,PA,attorney general,Daniel Wassmer,Libertarian,1.8,False,False
2020,Pennsylvania,PA,attorney general,Richard Weiss,Green,1.0,False,False
2020,Utah,UT,attorney general,Sean Reyes,Republican,60.6,True,True
2020,Utah,UT,attorney general,Greg Skordas,Democratic,33.7,False,False
2020,Utah,UT,attorney general,Rudy Bautista,Libertarian,5.7,False,False
2020,Vermont,VT,attorney general,T. J. Donovan,Democratic,67.7,True,True
2020,Vermont,VT,attorney general,H. Brooke Paige,Republican,27.5,False,False
2020,Vermont,VT,attorney general,Cris Ericson,Socialist,4.6,False,False
2020,Washington,WA,attorney general,Bob Ferguson,Democratic,56.4,True,True
2020,Washington,WA,attorney general,Matt Larkin,Republican,43.5,False,False
2020,West Virginia,WV,attorney general,Patrick Morrisey,Republican,63.8,True,True
2020,West Virginia,WV,attorney general,Sam Petsonk,Democratic,36.2,False,False
2020,Missouri,MO,secretary of state,Jay Ashcroft,Republican,60.6,True,True
2020,Missouri,MO,secretary of state,Yinka Faleti,Democratic,36.3,False,False
2020,Montana,MT,secretary of state,Christi Jacobsen,Republican,59.6,True,False
2020,Montana,MT,secretary of state,Bryce Bennett,Democratic,40.4,False,False
2020,North Carolina,NC,secretary of state,Elaine Marshall,Democratic,51.2,True,True
2020,North Carolina,NC,secretary of state,E.C. Sykes,Republican,48.8,False,False
2020,Oregon,OR,secretary of state,Shemia Fagan,Democratic,50.3,True,False
2020,Oregon,OR,secretary of state,Kim Thatcher,Republican,43.2,False,False
2020,Oregon,OR,secretary of state,Nathalie Paravicini,Green,3.6,False,False
2020,Oregon,OR,secretary of state,Kyle Markley,Libertarian,2.8,False,False
2020,Vermont,VT,secretary of state,Jim Condos,Democratic,57.9,True,True
2020,Vermont,VT,secretary of state,H. Brooke Paige,Republican,26.8,False,False
2020,Vermont,VT,secretary of state,Pamala Smith,Independent,5.7,False,False
2020,Vermont,VT,secretary of state,Cris Ericson,Progressive,3.0,False,False
2020,Washington,WA,secretary of state,Kim Wyman,Republican,50.9,True,True
2020,Washington,WA,secretary of state,Gael Tarleton,Democratic,43.3,False,False
2020,Washington,WA,secretary of state,Ed Minger,Independent,3.6,False,False
2020,Washington,WA,secretary of state,Gentry Lange,Progressive,2.1,False,False
2020,West Virginia,WV,secretary of state,Mac Warner,Republican,58.3,True,True
2020,West Virginia,WV,secretary of state,Natalie Tennant,Democratic,41.7,False,False
2020,Missouri,MO,state treasurer,Scott Fitzpatrick,Republican,59.1,True,True
2020,Missouri,MO,state treasurer,Vicki Englund,Democratic,38.1,False,False
2020,Missouri,MO,state treasurer,Nick Kasoff,Libertarian,2.19,False,False
2020,North Carolina,NC,state treasurer,Dale Folwell,Republican,52.58,True,True
2020,North Carolina,NC,state treasurer,Ronnie Chatterji,Democratic,47.42,False,False
2020,North Dakota,ND,state treasurer,Thomas Beadle,Republican,65.6,True,False
2020,North Dakota,ND,state treasurer,Mark Haugen,Democratic,33.95,False,False
2020,Oregon,OR,state treasurer,Tobias Read,Democratic,51.7,True,True
2020,Oregon,OR,state treasurer,Jeff Gudman,Republican,41.5,False,False
2020,Pennsylvania,PA,state treasurer,Stacy Garrity,Republican,48.7,True,False
2020,Pennsylvania,PA,state treasurer,Joe Torsella,Democratic,47.9,False,True
2020,Pennsylvania,PA,state treasurer,Joseph Soloski,Libertarian,2.2,False,False
2020,Utah,UT,state treasurer,David Damschen,Republican,74.57,True,True
2020,Utah,UT,state treasurer,Joseph Speciale,Libertarian,14.8,False,False
2020,Vermont,VT,state treasurer,Beth Pearce,Democratic,53.17,True,True
2020,Vermont,VT,state treasurer,Carolyn Whitney Branagan,Republican,30.78,False,False
2020,Washington,WA,state treasurer,Mike Pellicciotti,Democratic,53.4,True,False
2020,Washington,WA,state treasurer,Duane Davidson,Republican,46.5,False,True
2020,West Virginia,WV,state treasurer,Riley Moore,Republican,56.31,True,False
2020,West Virginia,WV,state treasurer,John Perdue,Democratic,43.69,False,True
2021,California {{small|,,governor,No,,61.9,True,False
2021,California {{small|,,governor,Yes,,38.1,False,False
2021,New Jersey,NJ,governor,Phil Murphy,Democratic,51.2,True,True
2021,New Jersey,NJ,governor,Jack Ciattarelli,Republican,48.0,False,False
2021,Virginia,VA,governor,Glenn Youngkin,Republican,50.6,True,False
2021,Virginia,VA,governor,Terry McAuliffe,Democratic,48.6,False,False
2022,Alabama,AL,governor,Kay Ivey,Republican,66.9,True,True
2022,Alabama,AL,governor,Yolanda Flowers,Democratic,29.2,False,False
2022,Alabama,AL,governor,Jimmy Blake,Libertarian,3.3,False,False
2022,Alaska,AK,governor,Mike Dunleavy,Republican,50.3,True,True
2022,Alaska,AK,governor,Les Gara,Democratic,24.2,False,False
2022,Alaska,AK,governor,Bill Walker,Independent,20.7,False,False
2022,Alaska,AK,governor,Charlie Pierce,Republican,4.5,False,False
2022,Arizona,AZ,governor,Katie Hobbs,Democratic,50.3,True,False
2022,Arizona,AZ,governor,Kari Lake,Republican,49.7,False,False
2022,Arkansas,AR,governor,Sarah Huckabee Sanders,Republican,63.0,True,False
2022,Arkansas,AR,governor,Chris Jones,Democratic,35.2,False,False
2022,Arkansas,AR,governor,Ricky Harrington,Libertarian,1.8,False,False
2022,California,CA,governor,Gavin Newsom,Democratic,59.2,True,True
2022,California,CA,governor,Brian Dahle,Republican,40.8,False,False
2022,Colorado,CO,governor,Jared Polis,Democratic,58.5,True,True
2022,Colorado,CO,governor,Heidi Ganahl,Republican,39.2,False,False
2022,Connecticut,CT,governor,Ned Lamont,Democratic,56.0,True,True
2022,Connecticut,CT,governor,Bob Stefanowski,Republican,43.1,False,False
2022,Connecticut,CT,governor,Robert Hotaling,Independent,1.0,False,False
2022,Florida,FL,governor,Ron DeSantis,Republican,59.4,True,True
2022,Florida,FL,governor,Charlie Crist,Democratic,40.0,False,False
2022,Georgia,GA,governor,Brian Kemp,Republican,53.4,True,True
2022,Georgia,GA,governor,Stacey Abrams,Democratic,45.9,False,False
2022,Georgia,GA,governor,Shane Hazel,Libertarian,0.7,False,False
2022,Hawaii,HI,governor,Josh Green,Democratic,63.2,True,False
2022,Hawaii,HI,governor,Duke Aiona,Republican,36.8,False,False
2022,Idaho,ID,governor,Brad Little,Republican,60.5,True,True
2022,Idaho,ID,governor,Stephen Heidt,Democratic,20.3,False,False
2022,Idaho,ID,governor,Ammon Bundy,Independent,17.2,False,False
2022,Illinois,IL,governor,J. B. Pritzker,Democratic,54.9,True,True
2022,Illinois,IL,governor,Darren Bailey,Republican,42.4,False,False
2022,Illinois,IL,governor,Scott Schluter,Libertarian,2.7,False,False
2022,Iowa,IA,governor,Kim Reynolds,Republican,58.0,True,True
2022,Iowa,IA,governor,Deidre DeJear,Democratic,39.5,False,False
2022,Iowa,IA,governor,Rick Stewart,Libertarian,2.4,False,False
2022,Kansas,KS,governor,Laura Kelly,Democratic,49.5,True,True
2022,Kansas,KS,governor,Derek Schmidt,Republican,47.3,False,False
2022,Kansas,KS,governor,Dennis Pyle,Independent,2.0,False,False
2022,Kansas,KS,governor,Seth Cordell,Libertarian,1.1,False,False
2022,Maine,ME,governor,Janet Mills,Democratic,55.7,True,True
2022,Maine,ME,governor,Paul LePage,Republican,42.4,False,False
2022,Maine,ME,governor,Sam Hunkler,Independent,1.9,False,False
2022,Maryland,MD,governor,Wes Moore,Democratic,64.5,True,False
2022,Maryland,MD,governor,Dan Cox,Republican,32.1,False,False
2022,Massachusetts,MA,governor,Maura Healey,Democratic,63.7,True,False
2022,Massachusetts,MA,governor,Geoff Diehl,Republican,34.6,False,False
2022,Massachusetts,MA,governor,Kevin Reed,Libertarian,1.6,False,False
2022,Michigan,MI,governor,Gretchen Whitmer,Democratic,54.5,True,True
2022,Michigan,MI,governor,Tudor Dixon,Republican,43.9,False,False
2022,Minnesota,MN,governor,Tim Walz,Minnesota Democratic–farmer–labor,52.3,True,True
2022,Minnesota,MN,governor,Scott Jensen,Republican,44.6,False,False
2022,Nebraska,NE,governor,Jim Pillen,Republican,59.7,True,False
2022,Nebraska,NE,governor,Carol Blood,Democratic,36.3,False,False
2022,Nebraska,NE,governor,Scott Zimmerman,Libertarian,4.0,False,False
2022,Nevada,NV,governor,Joe Lombardo,Republican,48.8,True,False
2022,Nevada,NV,governor,Steve Sisolak,Democratic,47.3,False,True
2022,New Hampshire,NH,governor,Chris Sununu,Republican,57.1,True,True
2022,New Hampshire,NH,governor,Tom Sherman,Democratic,41.6,False,False
2022,New Mexico,NM,governor,Michelle Lujan Grisham,Democratic,52.0,True,True
2022,New Mexico,NM,governor,Mark Ronchetti,Republican,45.6,False,False
2022,New Mexico,NM,governor,Karen Bedonie,Libertarian,2.4,False,False
2022,New York,NY,governor,Kathy Hochul,Democratic,53.2,True,True
2022,New York,NY,governor,Lee Zeldin,Republican,46.8,False,False
2022,Ohio,OH,governor,Mike DeWine,Republican,62.4,True,True
2022,Ohio,OH,governor,Nan Whaley,Democratic,37.4,False,False
2022,Oklahoma,OK,governor,Kevin Stitt,Republican,55.4,True,True
2022,Oklahoma,OK,governor,Joy Hofmeister,Democratic,41.8,False,False
2022,Oklahoma,OK,governor,Natalie Bruno,Libertarian,1.4,False,False
2022,Oklahoma,OK,governor,Ervin Yen,Independent,1.4,False,False
2022,Oregon,OR,governor,Tina Kotek,Democratic,47.0,True,False
2022,Oregon,OR,governor,Christine Drazan,Republican,43.6,False,False
2022,Oregon,OR,governor,Betsy Johnson,Independent,8.6,False,False
2022,Pennsylvania,PA,governor,Josh Shapiro,Democratic,56.5,True,False
2022,Pennsylvania,PA,governor,Doug Mastriano,Republican,41.7,False,False
2022,Rhode Island,RI,governor,Dan McKee,Democratic,57.9,True,True
2022,Rhode Island,RI,governor,Ashley Kalus,Republican,38.9,False,False
2022,South Carolina,SC,governor,Henry McMaster,Republican,58.1,True,True
2022,South Carolina,SC,governor,Joe Cunningham,Democratic,40.7,False,False
2022,South Carolina,SC,governor,Bruce Reeves,Libertarian,1.2,False,False
2022,South Dakota,SD,governor,Kristi Noem,Republican,62.0,True,True
2022,South Dakota,SD,governor,Jamie Smith,Democratic,35.2,False,False
2022,South Dakota,SD,governor,Tracey Quint,Libertarian,2.9,False,False
2022,Tennessee,TN,governor,Bill Lee,Republican,64.9,True,True
2022,Tennessee,TN,governor,Jason Martin,Democratic,32.9,False,False
2022,Texas,TX,governor,Greg Abbott,Republican,54.8,True,True
2022,Texas,TX,governor,Beto O'Rourke,Democratic,43.9,False,False
2022,Texas,TX,governor,Mark Tippetts,Libertarian,1.0,False,False
2022,Texas,TX,governor,Delilah Barrios,Green,0.4,False,False
2022,Vermont,VT,governor,Phil Scott,Republican,70.9,True,True
2022,Vermont,VT,governor,Brenda Siegel,Democratic,23.9,False,False
2022,Wisconsin,WI,governor,Tony Evers,Democratic,51.2,True,True
2022,Wisconsin,WI,governor,Tim Michels,Republican,47.8,False,False
2022,Wisconsin,WI,governor,Joan Ellis Beglinger,Independent,1.0,False,False
2022,Wyoming,WY,governor,Mark Gordon,Republican,74.1,True,True
2022,Wyoming,WY,governor,Theresa Livingston,Democratic,15.8,False,False
2022,Wyoming,WY,governor,Jared Baldes,Libertarian,4.2,False,False
2022,District of Columbia,DC,governor,Muriel Bowser,Democratic,74.7,True,True
2022,District of Columbia,DC,governor,Red Grant,Independent,14.9,False,False
2022,District of Columbia,DC,governor,Stacia Hall,Republican,5.9,False,False
2022,District of Columbia,DC,governor,Dennis Sobin,Libertarian,1.3,False,False
2022,Guam,GU,governor,Lou Leon Guerrero,Democratic,55.5,True,True
2022,Guam,GU,governor,Felix Camacho,Republican,44.1,False,False
2022,Northern Mariana Islands,MP,governor,Ralph Torres,Republican,38.8,True,True
2022,Northern Mariana Islands,MP,governor,Arnold Palacios,Independent,33.2,False,False
2022,Northern Mariana Islands,MP,governor,Tina Sablan,Democratic,28.0,False,False
2022,U.S. Virgin Islands,VI,governor,Albert Bryan,Democratic,56.0,True,True
2022,U.S. Virgin Islands,VI,governor,Kurt Vialet,Independent,38.2,False,False
2022,U.S. Virgin Islands,VI,governor,Stephen Frett,Independent Citizens Movement,3.4,False,False
2022,U.S. Virgin Islands,VI,governor,Ronald Pickard,Independent,1.1,False,False
2022,Alabama,AL,attorney general,Steve Marshall,Republican,68.0,True,True
2022,Alabama,AL,attorney general,Wendell Major,Democratic,32.0,False,False
2022,Arizona,AZ,attorney general,Kristin Mayes,Democratic,50.01,True,False
2022,Arizona,AZ,attorney general,Abraham Hamadeh,Republican,49.99,False,False
2022,Arkansas,AR,attorney general,Tim Griffin,Republican,67.6,True,False
2022,Arkansas,AR,attorney general,Jesse Gibson,Democratic,32.4,False,False
2022,California,CA,attorney general,Rob Bonta,Democratic,59.1,True,True
2022,California,CA,attorney general,Nathan Hochman,Republican,40.9,False,False
2022,Colorado,CO,attorney general,Phil Weiser,Democratic,54.7,True,True
2022,Colorado,CO,attorney general,John Kellner,Republican,43.0,False,False
2022,Colorado,CO,attorney general,William Robinson III,Libertarian,2.2,False,False
2022,Connecticut,CT,attorney general,William Tong,Democratic,57.0,True,True
2022,Connecticut,CT,attorney general,Jessica Kordas,Republican,41.4,False,False
2022,Delaware,DE,attorney general,Kathy Jennings,Democratic,53.8,True,True
2022,Delaware,DE,attorney general,Julianne Murray,Republican,46.2,False,False
2022,Florida,FL,attorney general,Ashley Moody,Republican,60.6,True,True
2022,Florida,FL,attorney general,Aramis Ayala,Democratic,39.4,False,False
2022,Georgia,GA,attorney general,Chris Carr,Republican,51.9,True,True
2022,Georgia,GA,attorney general,Jen Jordan,Democratic,46.6,False,False
2022,Georgia,GA,attorney general,Martin Cowen,Libertarian,1.5,False,False
2022,Idaho,ID,attorney general,Raúl Labrador,Republican,62.6,True,False
2022,Idaho,ID,attorney general,Tom Arkoosh,Democratic,37.4,False,False
2022,Illinois,IL,attorney general,Kwame Raoul,Democratic,53.9,True,True
2022,Illinois,IL,attorney general,Tom DeVore,Republican,43.9,False,False
2022,Illinois,IL,attorney general,Daniel Robin,Libertarian,2.2,False,False
2022,Iowa,IA,attorney general,Brenna Bird,Republican,50.9,True,False
2022,Iowa,IA,attorney general,Tom Miller,Democratic,49.1,False,True
2022,Kansas,KS,attorney general,Kris Kobach,Republican,50.8,True,False
2022,Kansas,KS,attorney general,Chris Mann,Democratic,49.2,False,False
2022,Maryland,MD,attorney general,Anthony Brown,Democratic,65.0,True,False
2022,Maryland,MD,attorney general,Michael Peroutka,Republican,35.0,False,False
2022,Massachusetts,MA,attorney general,Andrea Campbell,Democratic,62.6,True,False
2022,Massachusetts,MA,attorney general,Jay McMahon,Republican,37.4,False,False
2022,Michigan,MI,attorney general,Dana Nessel,Democratic,53.2,True,True
2022,Michigan,MI,attorney general,Matthew DePerno,Republican,44.6,False,False
2022,Michigan,MI,attorney general,Joseph McHugh,Libertarian,1.5,False,False
2022,Minnesota,MN,attorney general,Keith Ellison,Minnesota Democratic-farmer-labor,50.4,True,True
2022,Minnesota,MN,attorney general,Jim Schultz,Republican,49.6,False,False
2022,Nebraska,NE,attorney general,Mike Hilgers,Republican,69.7,True,False
2022,Nebraska,NE,attorney general,Larry Bolinger,Now,30.3,False,False
2022,Nevada,NV,attorney general,Aaron Ford,Democratic,52.3,True,True
2022,Nevada,NV,attorney general,Sigal Chattah,Republican,44.4,False,False
2022,Nevada,NV,attorney general,None of These Candidates,Write-in,3.4,False,False
2022,New Mexico,NM,attorney general,Raúl Torrez,Democratic,55.3,True,False
2022,New Mexico,NM,attorney general,Jeremy Gay,Republican,44.7,False,False
2022,New York,NY,attorney general,Letitia James,Democratic,54.3,True,True
2022,New York,NY,attorney general,Michael Henry,Republican,45.7,False,False
2022,North Dakota,ND,attorney general,Drew Wrigley,Republican,71.1,True,True
2022,North Dakota,ND,attorney general,Timothy Lamb,North Dakota Democratic–nonpartisan League,28.9,False,False
2022,Ohio,OH,attorney general,Dave Yost,Republican,60.4,True,True
2022,Ohio,OH,attorney general,Jeffrey Crossman,Democratic,39.6,False,False
2022,Oklahoma,OK,attorney general,Gentner Drummond,Republican,73.8,True,False
2022,Oklahoma,OK,attorney general,Lynda Steele,Libertarian,26.2,False,False
2022,Rhode Island,RI,attorney general,Peter Neronha,Democratic,61.6,True,True
2022,Rhode Island,RI,attorney general,Chas Calenda,Republican,38.4,False,False
2022,Texas,TX,attorney general,Ken Paxton,Republican,53.4,True,True
2022,Texas,TX,attorney general,Rochelle Mercedes Garza,Democratic,43.7,False,False
2022,Texas,TX,attorney general,Mark Ash,Libertarian,2.9,False,False
2022,Vermont,VT,attorney general,Charity Clark,Democratic,65.1,True,False
2022,Vermont,VT,attorney general,Mike Tagliavia,Republican,34.9,False,False
2022,Wisconsin,WI,attorney general,Josh Kaul,Democratic,50.7,True,True
2022,Wisconsin,WI,attorney general,Eric Toney,Republican,49.3,False,False
2022,District of Columbia,DC,attorney general,Brian Schwalb,Democratic,,True,False
2022,Guam,GU,attorney general,Douglas Moylan,Republican,46.2,True,False
2022,Guam,GU,attorney general,Leevin Camacho,Independent,46.1,False,True
2022,Guam,GU,attorney general,Write-ins,Write-in,7.7,False,False
2022,Northern Mariana Islands,MP,attorney general,Edward Manibusan,Nonpartisan,55.2,True,True
2022,Northern Mariana Islands,MP,attorney general,Juan Tudela Lizama,Nonpartisan,44.8,False,False
2022,Alabama,AL,secretary of state,Wes Allen,Republican,65.9,True,False
2022,Alabama,AL,secretary of state,Pamela Laffitte,Democratic,31.1,False,False
2022,Alabama,AL,secretary of state,Matt Shelby,Libertarian,3.0,False,False
2022,Arizona,AZ,secretary of state,Adrian Fontes,Democratic,52.4,True,False
2022,Arizona,AZ,secretary of state,Mark Finchem,Republican,47.6,False,False
2022,Arkansas,AR,secretary of state,John Thurston,Republican,67.0,True,True
2022,Arkansas,AR,secretary of state,Anna Beth Gorman,Democratic,33.0,False,False
2022,California,CA,secretary of state,Shirley Weber,Democratic,60.1,True,True
2022,California,CA,secretary of state,Rob Bernosky,Republican,39.9,False,False
2022,Colorado,CO,secretary of state,Jena Griswold,Democratic,55.1,True,True
2022,Colorado,CO,secretary of state,Pam Anderson,Republican,42.1,False,False
2022,Connecticut,CT,secretary of state,Stephanie Thomas,Democratic,55.2,True,False
2022,Connecticut,CT,secretary of state,Dominic Rapini,Republican,42.7,False,False
2022,Connecticut,CT,secretary of state,Cynthia Jennings,Independent,2.1,False,False
2022,Georgia,GA,secretary of state,Brad Raffensperger,Republican,53.2,True,True
2022,Georgia,GA,secretary of state,Bee Nguyen,Democratic,44.0,False,False
2022,Georgia,GA,secretary of state,Ted Metz,Libertarian,2.8,False,False
2022,Idaho,ID,secretary of state,Phil McGrane,Republican,72.5,True,False
2022,Idaho,ID,secretary of state,Shawn Keenan,Democratic,27.5,False,False
2022,Illinois,IL,secretary of state,Alexi Giannoulias,Democratic,53.8,True,False
2022,Illinois,IL,secretary of state,Dan Brady,Republican,44.1,False,False
2022,Illinois,IL,secretary of state,Jon Stewart,Libertarian,2.1,False,False
2022,Indiana,IN,secretary of state,Diego Morales,Republican,54.1,True,False
2022,Indiana,IN,secretary of state,Destiny Scott Wells,Democratic,40.2,False,False
2022,Indiana,IN,secretary of state,Jeff Maurer,Libertarian,5.7,False,False
2022,Iowa,IA,secretary of state,Paul Pate,Republican,60.1,True,True
2022,Iowa,IA,secretary of state,Joel Miller,Democratic,39.9,False,False
2022,Kansas,KS,secretary of state,Scott Schwab,Republican,58.5,True,True
2022,Kansas,KS,secretary of state,Jeanna Repass,Democratic,38.8,False,False
2022,Kansas,KS,secretary of state,Cullene Lang,Libertarian,2.8,False,False
2022,Massachusetts,MA,secretary of state,William F. Galvin,Democratic,67.5,True,True
2022,Massachusetts,MA,secretary of state,Rayla Campbell,Republican,29.6,False,False
2022,Massachusetts,MA,secretary of state,Juan Sanchez,Green-rainbow,2.9,False,False
2022,Michigan,MI,secretary of state,Jocelyn Benson,Democratic,55.9,True,True
2022,Michigan,MI,secretary of state,Kristina Karamo,Republican,41.9,False,False
2022,Minnesota,MN,secretary of state,Steve Simon,Minnesota Democratic-farmer-labor,54.6,True,True
2022,Minnesota,MN,secretary of state,Kim Crockett,Republican,45.4,False,False
2022,Nevada,NV,secretary of state,Cisco Aguilar,Democratic,48.9,True,False
2022,Nevada,NV,secretary of state,Jim Marchant,Republican,46.7,False,False
2022,New Mexico,NM,secretary of state,Maggie Toulouse Oliver,Democratic,54.5,True,True
2022,New Mexico,NM,secretary of state,Audrey Trujillo,Republican,42.6,False,False
2022,New Mexico,NM,secretary of state,Mayna Erika Myers,Libertarian,2.8,False,False
2022,North Dakota,ND,secretary of state,Michael Howe,Republican,63.3,True,False
2022,North Dakota,ND,secretary of state,Jeffrey Powell,North Dakota Democratic–nonpartisan League,27.5,False,False
2022,North Dakota,ND,secretary of state,Charles Tuttle,Independent,9.2,False,False
2022,Ohio,OH,secretary of state,Frank LaRose,Republican,59.5,True,True
2022,Ohio,OH,secretary of state,Chelsea Clark,Democratic,39.4,False,False
2022,Ohio,OH,secretary of state,Terpsehore Tore Maras,Independent,1.0,False,False
2022,Rhode Island,RI,secretary of state,Gregg Amore,Democratic,59.6,True,False
2022,Rhode Island,RI,secretary of state,Pat Cortellessa,Republican,40.4,False,False
2022,South Carolina,SC,secretary of state,Mark Hammond,Republican,63.4,True,True
2022,South Carolina,SC,secretary of state,Rosemounda Peggy Butler,Democratic,36.6,False,False
2022,South Dakota,SD,secretary of state,Monae Johnson,Republican,63.9,True,False
2022,South Dakota,SD,secretary of state,Thomas Cool,Democratic,36.1,False,False
2022,Vermont,VT,secretary of state,Sarah Copeland-Hanzas,Democratic,65.0,True,False
2022,Vermont,VT,secretary of state,H. Brooke Paige,Republican,35.0,False,False
2022,Washington <small>,,secretary of state,Steve Hobbs,Democratic,49.8,True,True
2022,Washington <small>,,secretary of state,Julie Anderson,Independent,45.8,False,False
2022,Wisconsin,WI,secretary of state,Doug La Follette,Democratic,48.3,True,True
2022,Wisconsin,WI,secretary of state,Amy Loudenbeck,Republican,48.0,False,False
2022,Wisconsin,WI,secretary of state,Neil Harmon,Libertarian,2.1,False,False
2022,Wisconsin,WI,secretary of state,Sharyl McFarland,Green,1.6,False,False
2022,Alabama,AL,state treasurer,Young Boozer,Republican,83.7,True,True
2022,Alabama,AL,state treasurer,Scott Hammond,Libertarian,15.5,False,False
2022,Arizona,AZ,state treasurer,Kimberly Yee,Republican,55.7,True,True
2022,Arizona,AZ,state treasurer,Martín Quezada,Democratic,44.3,False,False
2022,Arkansas,AR,state treasurer,Mark Lowery,Republican,66.3,True,False
2022,Arkansas,AR,state treasurer,Pam Whitaker,Democratic,33.7,False,False
2022,California,CA,state treasurer,Fiona Ma,Democratic,58.8,True,True
2022,California,CA,state treasurer,Jack Guerrero,Republican,41.2,False,False
2022,Colorado,CO,state treasurer,Dave Young,Democratic,53.7,True,True
2022,Colorado,CO,state treasurer,Lang Sias,Republican,43.0,False,False
2022,Colorado,CO,state treasurer,Anthony Delgado,Libertarian,3.3,False,False
2022,Connecticut,CT,state treasurer,Erick Russell,Democratic,52.4,True,False
2022,Connecticut,CT,state treasurer,Harry Arora,Republican,44.9,False,False
2022,Connecticut,CT,state treasurer,Jennifer Baldwin,Independent,2.0,False,False
2022,Connecticut,CT,state treasurer,JoAnna Laiscell,Libertarian,0.7,False,False
2022,Delaware,DE,state treasurer,Colleen Davis,Democratic,53.6,True,True
2022,Delaware,DE,state treasurer,Greg Coverdale,Republican,46.4,False,False
2022,Florida,FL,state treasurer,Jimmy Patronis,Republican,59.5,True,True
2022,Florida,FL,state treasurer,Adam Hattersley,Democratic,40.5,False,False
2022,Idaho,ID,state treasurer,Julie Ellsworth,Republican,71.1,True,True
2022,Idaho,ID,state treasurer,Deborah Silver,Democratic,28.9,False,False
2022,Illinois,IL,state treasurer,Mike Frerichs,Democratic,54.3,True,True
2022,Illinois,IL,state treasurer,Tom Demmer,Republican,43.5,False,False
2022,Illinois,IL,state treasurer,Preston Nelson,Libertarian,2.2,False,False
2022,Indiana,IN,state treasurer,Daniel Elliott,Republican,60.9,True,False
2022,Indiana,IN,state treasurer,Jessica McClellan,Democratic,39.1,False,False
2022,Iowa,IA,state treasurer,Roby Smith,Republican,51.3,True,False
2022,Iowa,IA,state treasurer,Michael Fitzgerald,Democratic,48.7,False,True
2022,Kansas,KS,state treasurer,Steven Johnson,Republican,54.0,True,False
2022,Kansas,KS,state treasurer,Lynn Rogers,Democratic,41.4,False,True
2022,Kansas,KS,state treasurer,Steve Roberts,Libertarian,4.6,False,False
2022,Massachusetts,MA,state treasurer,Deb Goldberg,Democratic,76.5,True,True
2022,Massachusetts,MA,state treasurer,Cristina Crawford,Libertarian,23.1,False,False
2022,Nebraska,NE,state treasurer,John Murante,Republican,72.2,True,True
2022,Nebraska,NE,state treasurer,Katrina Tomsen,Libertarian,27.8,False,False
2022,Nevada,NV,state treasurer,Zach Conine,Democratic,47.7,True,True
2022,Nevada,NV,state treasurer,Michele Fiore,Republican,46.0,False,False
2022,Nevada,NV,state treasurer,None of These Candidates,Write-in,2.8,False,False
2022,Nevada,NV,state treasurer,Margaret Hendrickson,Constitution,1.9,False,False
2022,Nevada,NV,state treasurer,Bryan Elliott,Libertarian,1.6,False,False
2022,New Mexico,NM,state treasurer,Laura Montoya,Democratic,53.15,True,False
2022,New Mexico,NM,state treasurer,Harry Montoya,Republican,46.85,False,False
2022,New York,NY,state treasurer,Thomas DiNapoli,Democratic,57.3,True,True
2022,New York,NY,state treasurer,Paul Rodriguez,Republican,42.7,False,False
2022,Ohio,OH,state treasurer,Robert Sprague,Republican,58.6,True,True
2022,Ohio,OH,state treasurer,Scott Schertzer,Democratic,41.4,False,False
2022,Oklahoma,OK,state treasurer,Todd Russ,Republican,64.8,True,False
2022,Oklahoma,OK,state treasurer,Charles De Coune,Democratic,30.7,False,False
2022,Oklahoma,OK,state treasurer,Gregory Sadler,Libertarian,4.5,False,False
2022,Rhode Island,RI,state treasurer,James Diossa,Democratic,54.3,True,False
2022,Rhode Island,RI,state treasurer,James Lathrop,Republican,45.5,False,False
2022,South Carolina,SC,state treasurer,Curtis Loftis,Republican,79.7,True,True
2022,South Carolina,SC,state treasurer,Sarah Work,Alliance,19.9,False,False
2022,South Dakota,SD,state treasurer,Josh Haeder,Republican,67.0,True,True
2022,South Dakota,SD,state treasurer,John Cunningham,Democratic,33.0,False,False
2022,Texas,TX,state treasurer,Glenn Hegar,Republican,56.4,True,True
2022,Texas,TX,state treasurer,Janet Dudding,Democratic,40.9,False,False
2022,Texas,TX,state treasurer,Alonzo Echavarria-Garza,Libertarian,2.7,False,False
2022,Utah,UT,state treasurer,Marlo Oaks,Republican,74.1,True,True
2022,Utah,UT,state treasurer,Joseph Buchman,Libertarian,,False,False
2022,Utah,UT,state treasurer,Thomas Horne,Utah,9.6,False,False
2022,Utah,UT,state treasurer,Warren Rogers,Independent American,6.4,False,False
2022,Vermont,VT,state treasurer,Mike Pieciak,Democratic,62.5,True,False
2022,Vermont,VT,state treasurer,H. Brooke Paige,Republican,32.7,False,False
2022,Wisconsin,WI,state treasurer,John Leiber,Republican,49.6,True,False
2022,Wisconsin,WI,state treasurer,Aaron Richardson,Democratic,48.1,False,False
2022,Wisconsin,WI,state treasurer,Andrew Zuelke,Constitution,2.2,False,False
2022,Wyoming,WY,state treasurer,Curt Meier,Republican,,True,True
2023,Kentucky,KY,attorney general,Russell Coleman,Republican,58.0,True,False
2023,Kentucky,KY,attorney general,Pamela Stevenson,Democratic,42.0,False,False
2023,Louisiana,LA,attorney general,Liz Murrill,Republican,66.4,True,False
2023,Louisiana,LA,attorney general,Lindsey Cheek,Democratic,33.6,False,False
2023,Mississippi,MS,attorney general,Lynn Fitch,Republican,58.1,True,True
2023,Mississippi,MS,attorney general,Greta Martin,Democratic,41.9,False,False
2023,Kentucky,KY,secretary of state,Michael Adams,Republican,60.6,True,True
2023,Kentucky,KY,secretary of state,Buddy Wheatley,Democratic,39.3,False,False
2023,Louisiana,LA,secretary of state,Nancy Landry,Republican,66.8,True,False
2023,Louisiana,LA,secretary of state,Gwen Collins-Greenup,Democratic,33.2,False,False
2023,Mississippi,MS,secretary of state,Michael Watson,Republican,59.5,True,True
2023,Mississippi,MS,secretary of state,Ty Pinkins,Democratic,40.5,False,False
2023,Kentucky,KY,state treasurer,Mark Metcalf,Republican,57.2,True,False
2023,Kentucky,KY,state treasurer,Michael Bowman,Democratic,42.8,False,False
2023,Louisiana,LA,state treasurer,John Fleming,Republican,65.4,True,False
2023,Louisiana,LA,state treasurer,Dustin Granger,Democratic,34.6,False,False
2023,Mississippi,MS,state treasurer,David McRae,Republican,58.4,True,True
2023,Mississippi,MS,state treasurer,Addie Lee Green,Democratic,41.6,False,False
2024,Delaware,DE,governor,Matt Meyer,Democratic,56.1,True,False
2024,Delaware,DE,governor,Michael Ramone,Republican,43.9,False,False
2024,Indiana,IN,governor,Mike Braun,Republican,54.4,True,False
2024,Indiana,IN,governor,Jennifer McCormick,Democratic,41.1,False,False
2024,Indiana,IN,governor,Donald Rainwater,Libertarian,4.5,False,False
2024,Missouri,MO,governor,Mike Kehoe,Republican,59.2,True,False
2024,Missouri,MO,governor,Crystal Quade,Democratic,38.7,False,False
2024,Montana,MT,governor,Greg Gianforte,Republican,58.9,True,True
2024,Montana,MT,governor,Ryan Busse,Democratic,38.6,False,False
2024,Montana,MT,governor,Kaiser Leib,Libertarian,2.5,False,False
2024,New Hampshire,NH,governor,Kelly Ayotte,Republican,53.6,True,False
2024,New Hampshire,NH,governor,Joyce Craig,Democratic,44.3,False,False
2024,New Hampshire,NH,governor,Stephen Villee,Libertarian,2.1,False,False
2024,North Carolina,NC,governor,Josh Stein,Democratic,54.9,True,False
2024,North Carolina,NC,governor,Mark Robinson,Republican,40.1,False,False
2024,North Carolina,NC,governor,Mike Ross,Libertarian,3.2,False,False
2024,North Dakota,ND,governor,Kelly Armstrong,Republican,68.4,True,False
2024,North Dakota,ND,governor,Merrill Piepkorn,North Dakota Democratic-npl,26.0,False,False
2024,North Dakota,ND,governor,Michael Coachman,Independent,5.6,False,False
2024,Utah,UT,governor,Spencer Cox,Republican,52.9,True,True
2024,Utah,UT,governor,Brian King,Democratic,28.5,False,False
2024,Utah,UT,governor,Phil Lyman,Write-in Candidate,13.4,False,False
2024,Utah,UT,governor,Robert Latham,Libertarian,2.8,False,False
2024,Vermont,VT,governor,Phil Scott,Republican,73.4,True,True
2024,Vermont,VT,governor,Esther Charlestin,Democratic,21.8,False,False
2024,Vermont,VT,governor,Kevin Hoyt,Independent,2.6,False,False
2024,Washington,WA,governor,Bob Ferguson,Democratic,55.7,True,False
2024,Washington,WA,governor,Dave Reichert,Republican,44.3,False,False
2024,West Virginia,WV,governor,Patrick Morrisey,Republican,62.0,True,False
2024,West Virginia,WV,governor,Steve Williams,Democratic,31.6,False,False
2024,West Virginia,WV,governor,Erika Kolenich,Libertarian,2.9,False,False
2024,West Virginia,WV,governor,Marshall Wilson,Constitution,2.3,False,False
2024,West Virginia,WV,governor,Chase Linko-Looper,Mountain,1.3,False,False
2024,American Samoa,AS,governor,Pula Nikolao Pula,Nonpartisan,42.4,False,False
2024,American Samoa,AS,governor,Lemanu Peleti Mauga,Nonpartisan,36.2,False,True
2024,American Samoa,AS,governor,Vaitautolu Talia Iaulualo,Nonpartisan,21.4,False,False
2024,Puerto Rico,PR,governor,Jenniffer González-Colón,New Progressive Party (puerto Rico),41.2,True,False
2024,Puerto Rico,PR,governor,Juan Dalmau,Independence,30.8,False,False
2024,Puerto Rico,PR,governor,Jesús Manuel Ortiz,Popular Democratic Party (puerto Rico),21.5,False,False
2024,Puerto Rico,PR,governor,Javier Jiménez,Project Dignity,6.4,False,False
2024,Puerto Rico,PR,governor,Javier Córdova Iturregui,Movimiento Victoria Ciudadana,0.1,False,False
2024,Indiana,IN,attorney general,Todd Rokita,Republican,58.83,True,True
2024,Indiana,IN,attorney general,Destiny Wells,Democratic,41.17,False,False
2024,Missouri,MO,attorney general,Andrew Bailey,Republican,59.78,True,True
2024,Missouri,MO,attorney general,Elad Gross,Democratic,37.92,False,False
2024,Missouri,MO,attorney general,Ryan Munro,Libertarian,2.3,False,False
2024,Montana,MT,attorney general,Austin Knudsen,Republican,59.71,True,True
2024,Montana,MT,attorney general,Ben Alke,Democratic,40.29,False,False
2024,North Carolina,NC,attorney general,Jeff Jackson,Democratic,51.43,True,False
2024,North Carolina,NC,attorney general,Dan Bishop,Republican,48.57,False,False
2024,Oregon,OR,attorney general,Dan Rayfield,Democratic,54.37,True,False
2024,Oregon,OR,attorney general,Will Lathrop,Republican,45.51,False,False
2024,Pennsylvania,PA,attorney general,Dave Sunday,Republican,50.81,True,False
2024,Pennsylvania,PA,attorney general,Eugene DePasquale,Democratic,46.2,False,False
2024,Pennsylvania,PA,attorney general,Rob Cowburn,Libertarian,1.29,False,False
2024,Pennsylvania,PA,attorney general,Eric Settle,Forward,0.99,False,False
2024,Utah,UT,attorney general,Derek Brown,Republican,57.84,True,False
2024,Utah,UT,attorney general,Rudy Bautista,Democratic,27.68,False,False
2024,Utah,UT,attorney general,Michelle Quist,Utah,7.16,False,False
2024,Utah,UT,attorney general,Andrew McCullough,Libertarian,3.86,False,False
2024,Vermont,VT,attorney general,Charity Clark,Democratic,57.82,True,True
2024,Vermont,VT,attorney general,Ture Nelson,Republican,37.1,False,False
2024,Vermont,VT,attorney general,Kevin Gustafson,Green Mountain Peace And Justice,4.94,False,False
2024,Washington,WA,attorney general,Nick Brown,Democratic,55.58,True,False
2024,Washington,WA,attorney general,Pete Serrano,Republican,44.33,False,False
2024,West Virginia,WV,attorney general,JB McCuskey,Republican,70.02,True,False
2024,West Virginia,WV,attorney general,Teresa Toriseva,Democratic,29.98,False,False
2024,Missouri,MO,secretary of state,Denny Hoskins,Republican,57.7,True,False
2024,Missouri,MO,secretary of state,Barbara Phifer,Democratic,39.7,False,False
2024,Missouri,MO,secretary of state,Carl Freese,Libertarian,1.7,False,False
2024,Missouri,MO,secretary of state,Jerome Bauer,Green,1.0,False,False
2024,Montana,MT,secretary of state,Christi Jacobsen,Republican,61.39,True,True
2024,Montana,MT,secretary of state,Jesse Mullen,Democratic,35.49,False,False
2024,Montana,MT,secretary of state,John Lamb,Libertarian,3.12,False,False
2024,North Carolina,NC,secretary of state,Elaine Marshall,Democratic,51.04,True,True
2024,North Carolina,NC,secretary of state,Chad Brown,Republican,48.96,False,False
2024,Oregon,OR,secretary of state,Tobias Read,Democratic,54.45,True,False
2024,Oregon,OR,secretary of state,Dennis Linthicum,Republican,41.9,False,False
2024,Oregon,OR,secretary of state,Nathalie Paravicini,Green,3.56,False,False
2024,Vermont,VT,secretary of state,Sarah Copeland Hanzas,Democratic,59.61,True,True
2024,Vermont,VT,secretary of state,H. Brooke Paige,Republican,40.25,False,False
2024,Washington,WA,secretary of state,Steve Hobbs,Democratic,59.2,True,True
2024,Washington,WA,secretary of state,Dale Whitaker,Republican,40.7,False,False
2024,West Virginia,WV,secretary of state,Kris Warner,Republican,71.15,True,False
2024,West Virginia,WV,secretary of state,Thornton Cooper,Democratic,28.85,False,False
2024,Arkansas,AR,state treasurer,John Thurston,Republican,65.37,True,False
2024,Arkansas,AR,state treasurer,John Pagan,Democratic,30.32,False,False
2024,Arkansas,AR,state treasurer,Michael Pakko,Libertarian,4.31,False,False
2024,Missouri,MO,state treasurer,Vivek Malek,Republican,57.93,True,True
2024,Missouri,MO,state treasurer,Mark Osmack,Democratic,38.04,False,False
2024,Missouri,MO,state treasurer,John Hartwig,Libertarian,2.8,False,False
2024,North Carolina,NC,state treasurer,Brad Briner,Republican,52.45,True,False
2024,North Carolina,NC,state treasurer,Wesley Harris,Democratic,47.55,False,False
2024,North Dakota,ND,state treasurer,Thomas Beadle,Republican,98.08,True,True
2024,Oregon,OR,state treasurer,Elizabeth Steiner,Democratic,49.36,True,False
2024,Oregon,OR,state treasurer,Brian Boquist,Republican,43.24,False,False
2024,Pennsylvania,PA,state treasurer,Stacy Garrity,Republican,51.91,True,True
2024,Pennsylvania,PA,state treasurer,Erin McClelland,Democratic,45.65,False,False
2024,Pennsylvania,PA,state treasurer,Nick Ciesielski,Libertarian,1.45,False,False
2024,Utah,UT,state treasurer,Marlo Oaks,Republican,64.94,True,True
2024,Utah,UT,state treasurer,Neil Hansen,Democratic,29.68,False,False
2024,Utah,UT,state treasurer,Miles Pomeroy,Forward,5.38,False,False
2024,Vermont,VT,state treasurer,Mike Pieciak,Democratic,60.79,True,True
2024,Vermont,VT,state treasurer,Joshua Bechhoefer,Republican,39.09,False,False
2024,Washington,WA,state treasurer,Mike Pellicciotti,Democratic,57.26,True,True
2024,Washington,WA,state treasurer,Sharon Hanek,Republican,42.65,False,False
2024,West Virginia,WV,state treasurer,Larry Pack,Republican,99.93,True,False
2025,New Jersey,NJ,governor,Mikie Sherrill,Democratic,56.9,True,False
2025,New Jersey,NJ,governor,Jack Ciattarelli,Republican,42.5,False,False
2025,New Jersey,NJ,governor,Vic Kaplan,Libertarian,0.4,False,False
2025,New Jersey,NJ,governor,Joanne Kuniansky,Workers,0.2,False,False
2025,Virginia,VA,governor,Abigail Spanberger,Democratic,57.6,True,False
2025,Virginia,VA,governor,Winsome Earle-Sears,Republican,42.2,False,False
2026,Alabama,AL,governor,Doug Jones,Democratic,,False,False
2026,Alabama,AL,governor,Tommy Tuberville,Republican,,False,False
2026,Alaska,AK,governor,Dave Bronson,Republican,,False,False
2026,Alaska,AK,governor,Treg Taylor,Republican,,False,False
2026,Alaska,AK,governor,Jonathan Kreiss-Tomkins,Democratic,,False,False
2026,Alaska,AK,governor,Bernadette Wilson,Republican,,False,False
2026,Arizona,AZ,governor,Andy Biggs,Republican,,False,False
2026,Arizona,AZ,governor,Katie Hobbs,Democratic,,False,True
2026,Arizona,AZ,governor,Teri Hourihan,Independent,,False,False
2026,Arizona,AZ,governor,Risa Lombardo,Green,,False,False
2026,Arizona,AZ,governor,Leezah Sun,Independent,,False,False
2026,Arkansas,AR,governor,Fredrick Love,Democratic,,False,False
2026,Arkansas,AR,governor,Sarah Huckabee Sanders,Republican,,False,True
2026,Arkansas,AR,governor,Colt Shelby,Libertarian,,False,False
2026,California,CA,governor,Xavier Becerra,Democratic,,False,False
2026,California,CA,governor,Steve Hilton,Republican,,False,False
2026,Colorado,CO,governor,Greg Lopez,Independent,,False,False
2026,Colorado,CO,governor,Victor Marx,Republican,,False,False
2026,Colorado,CO,governor,Jeff Peckman,Unity,,False,False
2026,Colorado,CO,governor,Phil Weiser,Democratic,,False,False
2026,Connecticut,CT,governor,Ryan Fazio,Republican,,False,False
2026,Connecticut,CT,governor,Ned Lamont,Democratic,,False,True
2026,Florida,FL,governor,Dean Abrams,Independent,,False,False
2026,Florida,FL,governor,Charles Burkett,Independent,,False,False
2026,Florida,FL,governor,Jeffrey Datto,Independent,,False,False
2026,Florida,FL,governor,Moe Dimanche,Independent,,False,False
2026,Florida,FL,governor,Byron Donalds,Republican,,False,False
2026,Florida,FL,governor,Scott Jewett,Libertarian,,False,False
2026,Florida,FL,governor,David Jolly,Democratic,,False,False
2026,Florida,FL,governor,Desmond Meade,Independent,,False,False
2026,Florida,FL,governor,Frank Russo,Independent,,False,False
2026,Georgia,GA,governor,Keisha Lance Bottoms,Democratic,,False,False
2026,Georgia,GA,governor,Rick Jackson,Republican,,False,False
2026,Hawaii,HI,governor,Gary Cordery,Republican,,False,False
2026,Hawaii,HI,governor,John Giuffre,Independent,,False,False
2026,Hawaii,HI,governor,Josh Green,Democratic,,False,True
2026,Hawaii,HI,governor,Bu La'ia Hill,Independent,,False,False
2026,Hawaii,HI,governor,Clyde McClain Lewman,Independent,,False,False
2026,Hawaii,HI,governor,Calvert Williamson,Independent,,False,False
2026,Idaho,ID,governor,Brad Little,Republican,,False,True
2026,Idaho,ID,governor,Terri Pickens,Democratic,,False,False
2026,Idaho,ID,governor,Pro-Life,Constitution,,False,False
2026,Idaho,ID,governor,Paul Sand,Libertarian,,False,False
2026,Idaho,ID,governor,John Stegner,Independent,,False,False
2026,Illinois,IL,governor,Darren Bailey,Republican,,False,False
2026,Illinois,IL,governor,JB Pritzker,Democratic,,False,True
2026,Iowa,IA,governor,Zach Lahn,Republican,,False,False
2026,Iowa,IA,governor,Rob Sand,Democratic,,False,False
2026,Iowa,IA,governor,Sondra Wilson,Independent,,False,False
2026,Kansas,KS,governor,Cindy Holscher,Democratic,,False,False
2026,Kansas,KS,governor,Ty Masterson,Republican,,False,False
2026,Maine,ME,governor,Rick Bennett,Independent,,False,False
2026,Maine,ME,governor,Robert B. Charles,Republican,,False,False
2026,Maine,ME,governor,Hannah Pingree,Democratic,,False,False
2026,Maryland,MD,governor,Dan Cox,Republican,,False,False
2026,Maryland,MD,governor,Andy Ellis,Green,,False,False
2026,Maryland,MD,governor,Wes Moore,Democratic,,False,True
2026,Maryland,MD,governor,Cathy White,Class,,False,False
2026,Massachusetts,MA,governor,Maura Healey,Democratic,,False,True
2026,Massachusetts,MA,governor,Andrea James,Independent,,False,False
2026,Massachusetts,MA,governor,Muhammed Kokonezis-Hanino,Independent,,False,False
2026,Massachusetts,MA,governor,Mike Minogue,Republican,,False,False
2026,Michigan,MI,governor,Jocelyn Benson,Democratic,,False,False
2026,Michigan,MI,governor,Anthony Hudson,Libertarian,,False,False
2026,Michigan,MI,governor,John James,Republican,,False,False
2026,Minnesota,MN,governor,Lisa Demuth,Republican,,False,False
2026,Minnesota,MN,governor,Amy Klobuchar,Minnesota Democratic–farmer–labor,,False,False
2026,Nebraska,NE,governor,Rick Beard,Now,,False,False
2026,Nebraska,NE,governor,Brett Lindstrom,Independent,,False,False
2026,Nebraska,NE,governor,Jim Pillen,Republican,,False,True
2026,Nebraska,NE,governor,Lynne Walz,Democratic,,False,False
2026,Nevada,NV,governor,Christopher Battenberg,Independent,,False,False
2026,Nevada,NV,governor,Max Beck,Independent,,False,False
2026,Nevada,NV,governor,Aaron Ford,Democratic,,False,False
2026,Nevada,NV,governor,Danielle Ford,Independent,,False,False
2026,Nevada,NV,governor,Jordan Koteras,Independent,,False,False
2026,Nevada,NV,governor,Joe Lombardo,Republican,,False,True
2026,Nevada,NV,governor,Allen Rheinhart,Independent,,False,False
2026,Nevada,NV,governor,Emilio Rodriguez,Independent,,False,False
2026,Nevada,NV,governor,John Scott,Independent,,False,False
2026,Nevada,NV,governor,Gracie Vanburn,Independent,,False,False
2026,New Hampshire,NH,governor,Kelly Ayotte,Republican,,False,True
2026,New Hampshire,NH,governor,Jon Kiper,Independent,,False,False
2026,New Hampshire,NH,governor,Cinde Warmington,Democratic,,False,False
2026,New Mexico,NM,governor,Deb Haaland,Democratic,,False,False
2026,New Mexico,NM,governor,Gregg Hull,Republican,,False,False
2026,New York,NY,governor,Bruce Blakeman,Republican,,False,False
2026,New York,NY,governor,Kathy Hochul,Democratic,,False,True
2026,Ohio,OH,governor,Amy Acton,Democratic,,False,False
2026,Ohio,OH,governor,Timothy Grady,Independent,,False,False
2026,Ohio,OH,governor,Donald Kissick,Libertarian,,False,False
2026,Ohio,OH,governor,Vivek Ramaswamy,Republican,,False,False
2026,Oklahoma,OK,governor,Robert Brooks Sr.,Independent,,False,False
2026,Oklahoma,OK,governor,Jerry Griffin,Independent,,False,False
2026,Oklahoma,OK,governor,Mike Mazzei,Republican,,False,False
2026,Oklahoma,OK,governor,Cyndi Munson,Democratic,,False,False
2026,Oregon,OR,governor,Christine Drazan,Republican,,False,False
2026,Oregon,OR,governor,Tina Kotek,Democratic,,False,True
2026,Pennsylvania,PA,governor,Stacy Garrity,Republican,,False,False
2026,Pennsylvania,PA,governor,Ken Krawchuk,Libertarian,,False,False
2026,Pennsylvania,PA,governor,Josh Shapiro,Democratic,,False,True
2026,Rhode Island,RI,governor,Ken Block,Independent,,False,False
2026,Rhode Island,RI,governor,Helena Foulkes,Democratic,,False,False
2026,Rhode Island,RI,governor,Aaron Guckian,Republican,,False,False
2026,Rhode Island,RI,governor,Elaine Pelino,Republican,,False,False
2026,South Carolina,SC,governor,Michael Addison,Citizens,,False,False
2026,South Carolina,SC,governor,Walid Hakim,Green,,False,False
2026,South Carolina,SC,governor,Jermaine Johnson,Democratic,,False,False
2026,South Carolina,SC,governor,Alan Wilson,Republican,,False,False
2026,South Dakota,SD,governor,Dan Ahlers,Democratic,,False,False
2026,South Dakota,SD,governor,Allison Renville,Independent,,False,False
2026,South Dakota,SD,governor,Larry Rhoden,Republican,,False,True
2026,Tennessee,TN,governor,Misam Abidi,Independent,,False,False
2026,Tennessee,TN,governor,Santiago Asconape,Independent,,False,False
2026,Tennessee,TN,governor,Marsha Blackburn,Republican,,False,False
2026,Tennessee,TN,governor,Dean Brewer,Independent,,False,False
2026,Tennessee,TN,governor,Ray Brown,Independent,,False,False
2026,Tennessee,TN,governor,Jerri Green,Democratic,,False,False
2026,Tennessee,TN,governor,Taylor Hafley,Independent,,False,False
2026,Tennessee,TN,governor,David Hatley,Independent,,False,False
2026,Tennessee,TN,governor,Wendell Jackson,Independent,,False,False
2026,Tennessee,TN,governor,Charles Van Morgan,Independent,,False,False
2026,Tennessee,TN,governor,Eddie Lee Murphy,Independent,,False,False
2026,Tennessee,TN,governor,Lauren Pinkston,Independent,,False,False
2026,Tennessee,TN,governor,Karl Smithson,Independent,,False,False
2026,Tennessee,TN,governor,L. Webb Taylor,Independent,,False,False
2026,Tennessee,TN,governor,Robert Vick,Independent,,False,False
2026,Texas,TX,governor,Greg Abbott,Republican,,False,True
2026,Texas,TX,governor,Gina Hinojosa,Democratic,,False,False
2026,Vermont,VT,governor,Amanda Janoo,Democratic,,False,False
2026,Vermont,VT,governor,Phil Scott,Republican,,False,True
2026,Vermont,VT,governor,Dean Roy,Independent,,False,False
2026,Wisconsin,WI,governor,David Crowley,Democratic,,False,False
2026,Wisconsin,WI,governor,Tom Tiffany,Republican,,False,False
2026,Wyoming,WY,governor,Eric Barlow,Republican,,False,False
2026,Wyoming,WY,governor,Kenneth Casner,Democratic,,False,False
2026,Wyoming,WY,governor,Joseph Kibler,Constitution,,False,False
2026,District of Columbia,DC,governor,Janeese Lewis George,Democratic,,False,False
2026,District of Columbia,DC,governor,Robert Gross,Green,,False,False
2026,District of Columbia,DC,governor,Rhonda Hamilton,Independent,,False,False
2026,Guam,GU,governor,Vicente Ada,Republican,,False,False
2026,Guam,GU,governor,Therese Terlaje,Democratic,,False,False
2026,Northern Mariana Islands,MP,governor,Blas T. Attao,Independent,,False,False
2026,Northern Mariana Islands,MP,governor,Lawrence Camacho,Independent,,False,False
2026,Northern Mariana Islands,MP,governor,Ralph Torres,Republican,,False,False
2026,U.S. Virgin Islands,VI,governor,Oakland Benta,Independent,,False,False
2026,U.S. Virgin Islands,VI,governor,Adlah Donastorg Jr.,Independent,,False,False
2026,U.S. Virgin Islands,VI,governor,Gustav James,Independent,,False,False
2026,U.S. Virgin Islands,VI,governor,Warren Mosler,Independent,,False,False
2026,U.S. Virgin Islands,VI,governor,Stacey Plaskett,Democratic,,False,False
2026,Alabama,AL,attorney general,Katherine Robertson,Republican,,False,False
2026,Alabama,AL,attorney general,Jeff McLaughlin,Democratic,,False,False
2026,Arizona,AZ,attorney general,Kris Mayes,Democratic,,False,True
2026,Arizona,AZ,attorney general,Warren Petersen,Republican,,False,False
2026,Arkansas,AR,attorney general,Tim Griffin,Republican,,False,True
2026,California,CA,attorney general,Rob Bonta,Democratic,,False,True
2026,California,CA,attorney general,Michael Gates,Republican,,False,False
2026,Colorado,CO,attorney general,Michael Allen,Republican,,False,False
2026,Colorado,CO,attorney general,Jena Griswold,Democratic,,False,False
2026,Connecticut,CT,attorney general,John Bolton,Republican,,False,False
2026,Connecticut,CT,attorney general,William Tong,Democratic,,False,True
2026,Delaware,DE,attorney general,Dwayne Bensing,Democratic,,False,False
2026,Delaware,DE,attorney general,Dave Graham,Republican,,False,False
2026,Delaware,DE,attorney general,Kathy Jennings,Democratic,,False,True
2026,Delaware,DE,attorney general,Patty Rickman,Democratic,,False,False
2026,Florida,FL,attorney general,José Javier Rodríguez,Democratic,,False,False
2026,Florida,FL,attorney general,James Uthmeier,Republican,,False,True
2026,Georgia,GA,attorney general,Tanya F. Miller,Democratic,,False,False
2026,Georgia,GA,attorney general,Brian Strickland,Republican,,False,False
2026,Idaho,ID,attorney general,Lori Hickman,Democratic,,False,False
2026,Idaho,ID,attorney general,Raúl Labrador,Republican,,False,True
2026,Illinois,IL,attorney general,Bob Fioretti,Republican,,False,False
2026,Illinois,IL,attorney general,Kwame Raoul,Democratic,,False,True
2026,Iowa,IA,attorney general,Brenna Bird,Republican,,False,True
2026,Iowa,IA,attorney general,Nathan Willems,Democratic,,False,False
2026,Kansas,KS,attorney general,Kris Kobach,Republican,,False,True
2026,Kansas,KS,attorney general,Chris Mann,Democratic,,False,False
2026,Maryland,MD,attorney general,Anthony Brown,Democratic,,False,True
2026,Maryland,MD,attorney general,James Rutledge III,Republican,,False,False
2026,Massachusetts,MA,attorney general,Andrea Campbell,Democratic,,False,True
2026,Massachusetts,MA,attorney general,Michael Walsh,Republican,,False,False
2026,Michigan,MI,attorney general,Doug Lloyd,Republican,,False,False
2026,Michigan,MI,attorney general,Eli Savit,Democratic,,False,False
2026,Minnesota,MN,attorney general,Keith Ellison,Minnesota Democratic–farmer–labor,,False,True
2026,Minnesota,MN,attorney general,Ron Schutz,Republican,,False,False
2026,Nebraska,NE,attorney general,Jocelyn Brasher,Democratic,,False,False
2026,Nebraska,NE,attorney general,Mike Hilgers,Republican,,False,True
2026,Nevada,NV,attorney general,Nicole Cannizzaro,Democratic,,False,False
2026,Nevada,NV,attorney general,Adriana Guzmán Fralick,Republican,,False,False
2026,New Mexico,NM,attorney general,Sam Kane,Republican,,False,False
2026,New Mexico,NM,attorney general,Raúl Torrez,Democratic,,False,True
2026,New York,NY,attorney general,Letitia James,Democratic,,False,True
2026,New York,NY,attorney general,Saritha Komatireddy,Republican,,False,False
2026,North Dakota,ND,attorney general,Tim Lamb,North Dakota Democratic-npl,,False,False
2026,North Dakota,ND,attorney general,Drew Wrigley,Republican,,False,True
2026,Ohio,OH,attorney general,Keith Faber,Republican,,False,False
2026,Ohio,OH,attorney general,John Kulewicz,Democratic,,False,False
2026,Oklahoma,OK,attorney general,Nick Coffey,Democratic,,False,False
2026,Oklahoma,OK,attorney general,Jon Echols,Republican,,False,False
2026,Rhode Island,RI,attorney general,Kimberly Ahern,Democratic,,False,False
2026,Rhode Island,RI,attorney general,Alan Gordon,Republican,,False,False
2026,South Carolina,SC,attorney general,Richard Hricik,Democratic,,False,False
2026,South Carolina,SC,attorney general,David Stumbo,Republican,,False,False
2026,South Dakota,SD,attorney general,Lance Russell,Republican,,False,False
2026,Texas,TX,attorney general,Nathan Johnson,Democratic,,False,False
2026,Texas,TX,attorney general,Mayes Middleton,Republican,,False,False
2026,Texas,TX,attorney general,Tom Oxford,Libertarian,,False,False
2026,Vermont,VT,attorney general,Charity Clark,Democratic,,False,True
2026,Vermont,VT,attorney general,Ed Kemon,Republican,,False,False
2026,Wisconsin,WI,attorney general,Josh Kaul,Democratic,,False,True
2026,Wisconsin,WI,attorney general,Eric Toney,Republican,,False,False
2026,District of Columbia,DC,attorney general,Manuel Rivera,Republican,,False,False
2026,District of Columbia,DC,attorney general,Brian Schwalb,Democratic,,False,True
2026,Guam,GU,attorney general,Tom Fisher,Nonpartisan,,False,False
2026,Guam,GU,attorney general,Douglas Moylan,Nonpartisan,,False,True
2026,Northern Mariana Islands,MP,attorney general,Michael Evangelista,Nonpartisan,,False,False
2026,Northern Mariana Islands,MP,attorney general,Jonathan Glass,Nonpartisan,,False,False
2026,Northern Mariana Islands,MP,attorney general,Joaquin Torres,Nonpartisan,,False,False
2026,Alabama,AL,secretary of state,Caroleene Dobson,Republican,,False,False
2026,Alabama,AL,secretary of state,Wayne Rogers,Democratic,,False,False
2026,Arizona,AZ,secretary of state,Adrian Fontes,Democratic,,False,True
2026,Arizona,AZ,secretary of state,Alexander Kolodin,Republican,,False,False
2026,Arkansas,AR,secretary of state,Kelly Grappe,Democratic,,False,False
2026,Arkansas,AR,secretary of state,Kim Hammer,Republican,,False,False
2026,Arkansas,AR,secretary of state,Michael Pakko,Libertarian,,False,False
2026,California,CA,secretary of state,Don Wagner,Republican,,False,False
2026,California,CA,secretary of state,Shirley Weber,Democratic,,False,True
2026,Colorado,CO,secretary of state,Amanda Gonzalez,Democratic,,False,False
2026,Colorado,CO,secretary of state,James Wiley,Republican,,False,False
2026,Connecticut,CT,secretary of state,Peter Lumaj,Republican,,False,False
2026,Connecticut,CT,secretary of state,Stephanie Thomas,Democratic,,False,True
2026,Georgia,GA,secretary of state,Penny Reynolds,Democratic,,False,False
2026,Georgia,GA,secretary of state,Tim Fleming,Republican,,False,False
2026,Idaho,ID,secretary of state,Shawn Keenan,Democratic,,False,False
2026,Idaho,ID,secretary of state,Phil McGrane,Republican,,False,True
2026,Illinois,IL,secretary of state,Alexi Giannoulias,Democratic,,False,True
2026,Illinois,IL,secretary of state,Diane Harris,Republican,,False,False
2026,Indiana,IN,secretary of state,Beau Bayh,Democratic,,False,False
2026,Indiana,IN,secretary of state,Max Engling,Republican,,False,False
2026,Indiana,IN,secretary of state,Lauri Shillings,Libertarian,,False,False
2026,Indiana,IN,secretary of state,Greg Ballard,Independent,,False,False
2026,Iowa,IA,secretary of state,Paul Pate,Republican,,False,True
2026,Iowa,IA,secretary of state,Ryan Peterman,Democratic,,False,False
2026,Kansas,KS,secretary of state,Jennifer Day,Democratic,,False,False
2026,Kansas,KS,secretary of state,Pat Proctor,Republican,,False,False
2026,Massachusetts,MA,secretary of state,William F. Galvin,Democratic,,False,True
2026,Massachusetts,MA,secretary of state,Anne Brensley,Republican,,False,False
2026,Michigan,MI,secretary of state,Anthony Forlini,Republican,,False,False
2026,Michigan,MI,secretary of state,Garlin Gilchrist,Democratic,,False,False
2026,Minnesota,MN,secretary of state,Tad Jude,Republican,,False,False
2026,Minnesota,MN,secretary of state,Steve Simon,Democratic,,False,True
2026,Nebraska,NE,secretary of state,Scott Petersen,Republican,,False,False
2026,Nebraska,NE,secretary of state,Sarah Slattery,Democratic,,False,False
2026,Nevada,NV,secretary of state,Jim Marchant,Republican,,False,False
2026,Nevada,NV,secretary of state,Brad Lee Barnhill,Independent,,False,False
2026,Nevada,NV,secretary of state,Cisco Aguilar,Democratic,,False,True
2026,Nevada,NV,secretary of state,John T. Kennedy,Libertarian,,False,False
2026,New Mexico,NM,secretary of state,Amanda López Askin,Democratic,,False,False
2026,New Mexico,NM,secretary of state,Ramona Goolsby,Republican,,False,False
2026,North Dakota,ND,secretary of state,Ryan Braunberger,North Dakota Democratic-npl,,False,False
2026,North Dakota,ND,secretary of state,Michael Howe,Republican,,False,True
2026,Ohio,OH,secretary of state,Allison Russo,Democratic,,False,False
2026,Ohio,OH,secretary of state,Robert Sprague,Republican,,False,False
2026,Ohio,OH,secretary of state,Tom Pruss,Libertarian,,False,False
2026,Rhode Island,RI,secretary of state,Gregg Amore,Democratic,,False,True
2026,South Carolina,SC,secretary of state,Jason Belton,Democratic,,False,False
2026,South Carolina,SC,secretary of state,Mark Hammond,Republican,,False,True
2026,South Carolina,SC,secretary of state,Edwina Winter,Democratic,,False,False
2026,South Dakota,SD,secretary of state,Heather Baxter,Republican,,False,False
2026,South Dakota,SD,secretary of state,Terrence Davis,Democratic,,False,False
2026,Vermont,VT,secretary of state,Sarah Copeland Hanzas,Democratic,,False,True
2026,Vermont,VT,secretary of state,Brooke Paige,Republican,,False,False
2026,Wisconsin,WI,secretary of state,Pete Karas,Green,,False,False
2026,Wisconsin,WI,secretary of state,Jay Schroeder,Republican,,False,False
2026,Wisconsin,WI,secretary of state,JoCasta Zamarripa,Democratic,,False,False
2026,Wyoming,WY,secretary of state,Bryan McCarty,Democratic,,False,False
2026,Wyoming,WY,secretary of state,Robert Short,Republican,,False,False
2026,Alabama,AL,state treasurer,Young Boozer,Republican,,False,True
2026,Alabama,AL,state treasurer,Rosilyn Houston,Democratic,,False,False
2026,Arizona,AZ,state treasurer,Nick Mansour,Democratic,,False,False
2026,Arizona,AZ,state treasurer,Elijah Norton,Republican,,False,False
2026,California,CA,state treasurer,Eleni Kounalakis,Democratic,,False,False
2026,California,CA,state treasurer,Jennifer Hawks,Republican,,False,False
2026,Colorado,CO,state treasurer,Jeff Bridges,Democratic,,False,False
2026,Colorado,CO,state treasurer,Kevin Grantham,Republican,,False,False
2026,Connecticut,CT,state treasurer,Erick Russell,Democratic,,False,True
2026,Connecticut,CT,state treasurer,Fred Wilms,Republican,,False,False
2026,Delaware,DE,state treasurer,Ted Lauzen,Democratic,,False,False
2026,Delaware,DE,state treasurer,Mike Miller,Democratic,,False,False
2026,Delaware,DE,state treasurer,Mike Ramone,Republican,,False,False
2026,Delaware,DE,state treasurer,Michael Smith,Democratic,,False,False
2026,Florida,FL,state treasurer,Blaise Ingoglia,Republican,,False,True
2026,Florida,FL,state treasurer,Annette Taddeo,Democratic,,False,False
2026,Idaho,ID,state treasurer,Kevin Jones,Democratic,,False,False
2026,Idaho,ID,state treasurer,Julie Ellsworth,Republican,,False,True
2026,Illinois,IL,state treasurer,Mike Frerichs,Democratic,,False,True
2026,Illinois,IL,state treasurer,Max Solomon,Republican,,False,False
2026,Indiana,IN,state treasurer,Daniel Elliott,Republican,,False,True
2026,Indiana,IN,state treasurer,Coumba Kebe,Democratic,,False,False
2026,Iowa,IA,state treasurer,John Norwood,Democratic,,False,False
2026,Iowa,IA,state treasurer,Roby Smith,Republican,,False,True
2026,Kansas,KS,state treasurer,Steven Johnson,Republican,,False,True
2026,Kansas,KS,state treasurer,Juan Luengo,Democratic,,False,False
2026,Kansas,KS,state treasurer,Eric Lund,Libertarian,,False,False
2026,Massachusetts,MA,state treasurer,Elizabeth Dionne,Republican,,False,False
2026,Massachusetts,MA,state treasurer,Deb Goldberg,Democratic,,False,True
2026,Nebraska,NE,state treasurer,Joey Spellerberg,Republican,,False,True
2026,Nebraska,NE,state treasurer,Daniel Ebers,Democratic,,False,False
2026,Nevada,NV,state treasurer,Drew Johnson,Republican,,False,False
2026,Nevada,NV,state treasurer,Tya Mathis-Coleman,Democratic,,False,False
2026,New Mexico,NM,state treasurer,Jim Ellison,Republican,,False,False
2026,New Mexico,NM,state treasurer,Laura Montoya,Democratic,,False,True
2026,Ohio,OH,state treasurer,Seth Walsh,Democratic,,False,False
2026,Ohio,OH,state treasurer,Jay Edwards,Republican,,False,False
2026,Oklahoma,OK,state treasurer,Cindy Byrd,Republican,,False,False
2026,Oklahoma,OK,state treasurer,Kiefer Perry,Libertarian,,False,False
2026,Rhode Island,RI,state treasurer,Micholas Credle,Republican,,False,False
2026,Rhode Island,RI,state treasurer,James Diossa,Democratic,,False,True
2026,South Carolina,SC,state treasurer,Vincent Coe,Democratic,,False,False
2026,South Carolina,SC,state treasurer,Curtis Loftis,Republican,,False,True
2026,South Dakota,SD,state treasurer,Melissa Hull,Republican,,False,False
2026,South Dakota,SD,state treasurer,Margaret Kuipers,Democratic,,False,False
2026,Texas,TX,state treasurer,Sarah Eckhardt,Democratic,,False,False
2026,Texas,TX,state treasurer,Don Huffines,Republican,,False,False
2026,Vermont,VT,state treasurer,Lynn LaFleur,Republican,,False,False
2026,Vermont,VT,state treasurer,Mike Pieciak,Democratic,,False,True
2026,Wisconsin,WI,state treasurer,John Leiber,Republican,,False,True
2026,Wisconsin,WI,state treasurer,Yee Leng Xiong,Democratic,,False,False
2026,Wyoming,WY,state treasurer,Curt Meier,Republican,,False,True
