Year,State,State_Code,Office,Primary_Type,Poll_Source,Date,Date_Start,Date_End,Sample,MoE,Candidate,Party,Pct,Incumbent,Date_Original
2024,Delaware,DE,governor,General,Slingshot Strategies,2024-09-19 to 2024-09-21,2024-09-19,2024-09-21,500 (RV),,Matt Meyer,D,52%,False,"September 19–21, 2024"
2024,Delaware,DE,governor,General,University of Delaware,2024-09-11 to 2024-09-19,2024-09-11,2024-09-19,400 (RV),5.8,Matt Meyer,D,51%,False,"September 11–19, 2024"
2024,Delaware,DE,governor,General,Slingshot Strategies,2024-09-19 to 2024-09-21,2024-09-19,2024-09-21,500 (RV),,Mike Ramone,R,25%,False,"September 19–21, 2024"
2024,Delaware,DE,governor,General,University of Delaware,2024-09-11 to 2024-09-19,2024-09-11,2024-09-19,400 (RV),5.8,Mike Ramone,R,32%,False,"September 11–19, 2024"
2024,Indiana,IN,attorney general,General,ActiVote,2024-10-05 to 2024-10-28,2024-10-05,2024-10-28,400 (LV),4.9,Todd Rokita,R,55%,True,"October 5–28, 2024"
2024,Indiana,IN,attorney general,General,ActiVote,2024-09-03 to 2024-10-05,2024-09-03,2024-10-05,400 (LV),4.9,Todd Rokita,R,53%,True,"September 3 – October 5, 2024"
2024,Indiana,IN,attorney general,General,ARW Strategies,2024-09-23 to 2024-09-25,2024-09-23,2024-09-25,600 (LV),,Todd Rokita,R,51%,True,"September 23–25, 2024"
2024,Indiana,IN,attorney general,General,Emerson College,2024-09-12 to 2024-09-13,2024-09-12,2024-09-13,"1,000 (LV)",3.0,Todd Rokita,R,49%,True,"September 12–13, 2024"
2024,Indiana,IN,attorney general,General,Lake Research Partners,2024-08-26 to 2024-09-02,2024-08-26,2024-09-02,600 (LV),4.0,Todd Rokita,R,44%,True,"August 26 – September 2, 2024"
2024,Indiana,IN,attorney general,General,ActiVote,2024-10-05 to 2024-10-28,2024-10-05,2024-10-28,400 (LV),4.9,Destiny Wells,D,45%,False,"October 5–28, 2024"
2024,Indiana,IN,attorney general,General,ActiVote,2024-09-03 to 2024-10-05,2024-09-03,2024-10-05,400 (LV),4.9,Destiny Wells,D,47%,False,"September 3 – October 5, 2024"
2024,Indiana,IN,attorney general,General,ARW Strategies,2024-09-23 to 2024-09-25,2024-09-23,2024-09-25,600 (LV),,Destiny Wells,D,36%,False,"September 23–25, 2024"
2024,Indiana,IN,attorney general,General,Emerson College,2024-09-12 to 2024-09-13,2024-09-12,2024-09-13,"1,000 (LV)",3.0,Destiny Wells,D,35%,False,"September 12–13, 2024"
2024,Indiana,IN,attorney general,General,Lake Research Partners,2024-08-26 to 2024-09-02,2024-08-26,2024-09-02,600 (LV),4.0,Destiny Wells,D,41%,False,"August 26 – September 2, 2024"
2024,Indiana,IN,governor,General,ActiVote,2024-10-05 to 2024-10-28,2024-10-05,2024-10-28,400 (LV),4.9,Mike Braun,R,56%,False,"October 5–28, 2024"
2024,Indiana,IN,governor,General,ActiVote,2024-09-03 to 2024-10-05,2024-09-03,2024-10-05,400 (LV),4.9,Mike Braun,R,54%,False,"September 3 – October 5, 2024"
2024,Indiana,IN,governor,General,ARW Strategies,2024-09-23 to 2024-09-25,2024-09-23,2024-09-25,600 (LV),,Mike Braun,R,44%,False,"September 23–25, 2024"
2024,Indiana,IN,governor,General,FiveThirtyEight,2024-09-19 to 2024-09-22,2024-09-19,2024-09-22,600 (LV),4.0,Mike Braun,R,44%,False,"September 19–22, 2024"
2024,Indiana,IN,governor,General,Emerson College,2024-09-12 to 2024-09-13,2024-09-12,2024-09-13,"1,000 (LV)",3.0,Mike Braun,R,45%,False,"September 12–13, 2024"
2024,Indiana,IN,governor,General,The Times of Northwest Indiana,2024-08-26 to 2024-09-02,2024-08-26,2024-09-02,600 (LV),4.0,Mike Braun,R,41%,False,"August 26 – September 2, 2024"
2024,Indiana,IN,governor,General,Public Policy Polling,2023-08-15 to 2023-08-16,2023-08-15,2023-08-16,663 (RV),3.8,Mike Braun,R,46%,False,"August 15–16, 2023"
2024,Indiana,IN,governor,General,ActiVote,2024-10-05 to 2024-10-28,2024-10-05,2024-10-28,400 (LV),4.9,Jennifer McCormick,D,44%,False,"October 5–28, 2024"
2024,Indiana,IN,governor,General,ActiVote,2024-09-03 to 2024-10-05,2024-09-03,2024-10-05,400 (LV),4.9,Jennifer McCormick,D,46%,False,"September 3 – October 5, 2024"
2024,Indiana,IN,governor,General,ARW Strategies,2024-09-23 to 2024-09-25,2024-09-23,2024-09-25,600 (LV),,Jennifer McCormick,D,37%,False,"September 23–25, 2024"
2024,Indiana,IN,governor,General,FiveThirtyEight,2024-09-19 to 2024-09-22,2024-09-19,2024-09-22,600 (LV),4.0,Jennifer McCormick,D,41%,False,"September 19–22, 2024"
2024,Indiana,IN,governor,General,Emerson College,2024-09-12 to 2024-09-13,2024-09-12,2024-09-13,"1,000 (LV)",3.0,Jennifer McCormick,D,34%,False,"September 12–13, 2024"
2024,Indiana,IN,governor,General,The Times of Northwest Indiana,2024-08-26 to 2024-09-02,2024-08-26,2024-09-02,600 (LV),4.0,Jennifer McCormick,D,39%,False,"August 26 – September 2, 2024"
2024,Indiana,IN,governor,General,Public Policy Polling,2023-08-15 to 2023-08-16,2023-08-15,2023-08-16,663 (RV),3.8,Jennifer McCormick,D,35%,False,"August 15–16, 2023"
2024,Indiana,IN,governor,General,Public Policy Polling,2022-08-15 to 2022-08-16,2022-08-15,2022-08-16,663 (RV),3.8,Jennifer McCormick,D,35%,False,"August 15–16, 2022"
2024,Indiana,IN,governor,General,Public Policy Polling,2022-08-15 to 2022-08-16,2022-08-15,2022-08-16,663 (RV),3.8,Jennifer McCormick,D,36%,False,"August 15–16, 2022"
2024,Indiana,IN,governor,General,ARW Strategies,2024-09-23 to 2024-09-25,2024-09-23,2024-09-25,600 (LV),,Donald Rainwater,L,9%,False,"September 23–25, 2024"
2024,Indiana,IN,governor,General,FiveThirtyEight,2024-09-19 to 2024-09-22,2024-09-19,2024-09-22,600 (LV),4.0,Donald Rainwater,L,8%,False,"September 19–22, 2024"
2024,Indiana,IN,governor,General,Emerson College,2024-09-12 to 2024-09-13,2024-09-12,2024-09-13,"1,000 (LV)",3.0,Donald Rainwater,L,6%,False,"September 12–13, 2024"
2024,Indiana,IN,governor,General,The Times of Northwest Indiana,2024-08-26 to 2024-09-02,2024-08-26,2024-09-02,600 (LV),4.0,Donald Rainwater,L,9%,False,"August 26 – September 2, 2024"
2024,Indiana,IN,governor,General,Public Policy Polling,2022-08-15 to 2022-08-16,2022-08-15,2022-08-16,663 (RV),3.8,Suzanne Crouch,R,39%,False,"August 15–16, 2022"
2024,Indiana,IN,governor,General,Public Policy Polling,2022-08-15 to 2022-08-16,2022-08-15,2022-08-16,663 (RV),3.8,Curtis Hill,R,36%,False,"August 15–16, 2022"
2024,Missouri,MO,attorney general,General,ActiVote,2024-10-08 to 2024-10-27,2024-10-08,2024-10-27,400 (LV),4.9,Andrew Bailey,R,57%,True,"October 8–27, 2024"
2024,Missouri,MO,attorney general,General,ActiVote,2024-09-06 to 2024-10-13,2024-09-06,2024-10-13,400 (LV),4.9,Andrew Bailey,R,60%,True,"September 6 – October 13, 2024"
2024,Missouri,MO,attorney general,General,Remington Research Group,2024-10-02 to 2024-10-03,2024-10-02,2024-10-03,753 (LV),3.2,Andrew Bailey,R,51%,True,"October 2–3, 2024"
2024,Missouri,MO,attorney general,General,YouGov,2024-08-08 to 2024-08-16,2024-08-08,2024-08-16,450 (LV),5.4,Andrew Bailey,R,51%,True,"August 8–16, 2024"
2024,Missouri,MO,attorney general,General,Remington Research Group,2024-03-06 to 2024-03-08,2024-03-06,2024-03-08,713 (LV),3.9,Andrew Bailey,R,50%,True,"March 6–8, 2024"
2024,Missouri,MO,attorney general,General,ActiVote,2024-10-08 to 2024-10-27,2024-10-08,2024-10-27,400 (LV),4.9,Elad Gross,D,43%,False,"October 8–27, 2024"
2024,Missouri,MO,attorney general,General,ActiVote,2024-09-06 to 2024-10-13,2024-09-06,2024-10-13,400 (LV),4.9,Elad Gross,D,40%,False,"September 6 – October 13, 2024"
2024,Missouri,MO,attorney general,General,Remington Research Group,2024-10-02 to 2024-10-03,2024-10-02,2024-10-03,753 (LV),3.2,Elad Gross,D,42%,False,"October 2–3, 2024"
2024,Missouri,MO,attorney general,General,YouGov,2024-08-08 to 2024-08-16,2024-08-08,2024-08-16,450 (LV),5.4,Elad Gross,D,38%,False,"August 8–16, 2024"
2024,Missouri,MO,attorney general,General,Remington Research Group,2024-03-06 to 2024-03-08,2024-03-06,2024-03-08,713 (LV),3.9,Elad Gross,D,35%,False,"March 6–8, 2024"
2024,Missouri,MO,secretary of state,General,ActiVote,2024-10-08 to 2024-10-27,2024-10-08,2024-10-27,400 (LV),4.9,Denny Hoskins,R,55%,False,"October 8–27, 2024"
2024,Missouri,MO,secretary of state,General,ActiVote,2024-09-06 to 2024-10-13,2024-09-06,2024-10-13,400 (LV),4.9,Denny Hoskins,R,56.5%,False,"September 6 – October 13, 2024"
2024,Missouri,MO,secretary of state,General,YouGov,2024-08-08 to 2024-08-16,2024-08-08,2024-08-16,450 (LV),5.4,Denny Hoskins,R,54%,False,"August 8–16, 2024"
2024,Missouri,MO,secretary of state,General,ActiVote,2024-10-08 to 2024-10-27,2024-10-08,2024-10-27,400 (LV),4.9,Barbara Phifer,D,45%,False,"October 8–27, 2024"
2024,Missouri,MO,secretary of state,General,ActiVote,2024-09-06 to 2024-10-13,2024-09-06,2024-10-13,400 (LV),4.9,Barbara Phifer,D,43.5%,False,"September 6 – October 13, 2024"
2024,Missouri,MO,secretary of state,General,YouGov,2024-08-08 to 2024-08-16,2024-08-08,2024-08-16,450 (LV),5.4,Barbara Phifer,D,36%,False,"August 8–16, 2024"
2024,Missouri,MO,state treasurer,General,ActiVote,2024-10-08 to 2024-10-27,2024-10-08,2024-10-27,400 (LV),4.9,Vivek Malek,R,56%,True,"October 8–27, 2024"
2024,Missouri,MO,state treasurer,General,ActiVote,2024-09-06 to 2024-10-13,2024-09-06,2024-10-13,400 (LV),4.9,Vivek Malek,R,57%,True,"September 6 – October 13, 2024"
2024,Missouri,MO,state treasurer,General,Remington Research Group,2024-10-02 to 2024-10-03,2024-10-02,2024-10-03,753 (LV),3.2,Vivek Malek,R,50%,True,"October 2–3, 2024"
2024,Missouri,MO,state treasurer,General,YouGov,2024-08-08 to 2024-08-16,2024-08-08,2024-08-16,450 (LV),5.4,Vivek Malek,R,52%,True,"August 8–16, 2024"
2024,Missouri,MO,state treasurer,General,ActiVote,2024-10-08 to 2024-10-27,2024-10-08,2024-10-27,400 (LV),4.9,Mark Osmack,D,44%,False,"October 8–27, 2024"
2024,Missouri,MO,state treasurer,General,ActiVote,2024-09-06 to 2024-10-13,2024-09-06,2024-10-13,400 (LV),4.9,Mark Osmack,D,43%,False,"September 6 – October 13, 2024"
2024,Missouri,MO,state treasurer,General,Remington Research Group,2024-10-02 to 2024-10-03,2024-10-02,2024-10-03,753 (LV),3.2,Mark Osmack,D,40%,False,"October 2–3, 2024"
2024,Missouri,MO,state treasurer,General,YouGov,2024-08-08 to 2024-08-16,2024-08-08,2024-08-16,450 (LV),5.4,Mark Osmack,D,38%,False,"August 8–16, 2024"
2024,Missouri,MO,governor,General,Research Co.,2024-11-02 to 2024-11-03,2024-11-02,2024-11-03,450 (LV),4.6,Mike Kehoe,R,52%,False,"November 2–3, 2024"
2024,Missouri,MO,governor,General,Remington Research Group (R),2024-10-28 to 2024-10-29,2024-10-28,2024-10-29,721 (LV),,Mike Kehoe,R,51%,False,"October 28–29, 2024"
2024,Missouri,MO,governor,General,ActiVote,2024-10-11 to 2024-10-27,2024-10-11,2024-10-27,400 (LV),4.9,Mike Kehoe,R,58%,False,"October 11–27, 2024"
2024,Missouri,MO,governor,General,FiveThirtyEight,2024-10-02 to 2024-10-03,2024-10-02,2024-10-03,753 (LV),3.2,Mike Kehoe,R,51%,False,"October 2–3, 2024"
2024,Missouri,MO,governor,General,ActiVote,2024-09-03 to 2024-10-01,2024-09-03,2024-10-01,400 (LV),4.9,Mike Kehoe,R,60%,False,"September 3 – October 1, 2024"
2024,Missouri,MO,governor,General,Emerson College,2024-09-12 to 2024-09-13,2024-09-12,2024-09-13,850 (LV),3.3,Mike Kehoe,R,52%,False,"September 12–13, 2024"
2024,Missouri,MO,governor,General,Remington Research Group (R),2024-09-04 to 2024-09-05,2024-09-04,2024-09-05,940 (LV),,Mike Kehoe,R,52%,False,"September 4–5, 2024"
2024,Missouri,MO,governor,General,YouGov,2024-08-08 to 2024-08-16,2024-08-08,2024-08-16,900 (LV),3.8,Mike Kehoe,R,51%,False,"August 8–16, 2024"
2024,Missouri,MO,governor,General,Show Me Victories (D),2023-10-26 to 2023-10-31,2023-10-26,2023-10-31,407 (RV),4.9,Mike Kehoe,R,38%,False,"October 26–31, 2023"
2024,Missouri,MO,governor,General,Show Me Victories (D),2023-10-26 to 2023-10-31,2023-10-26,2023-10-31,407 (RV),4.9,Mike Kehoe,R,37%,False,"October 26–31, 2023"
2024,Missouri,MO,governor,General,Research Co.,2024-11-02 to 2024-11-03,2024-11-02,2024-11-03,450 (LV),4.6,Crystal Quade,D,38%,False,"November 2–3, 2024"
2024,Missouri,MO,governor,General,Remington Research Group (R),2024-10-28 to 2024-10-29,2024-10-28,2024-10-29,721 (LV),,Crystal Quade,D,40%,False,"October 28–29, 2024"
2024,Missouri,MO,governor,General,ActiVote,2024-10-11 to 2024-10-27,2024-10-11,2024-10-27,400 (LV),4.9,Crystal Quade,D,42%,False,"October 11–27, 2024"
2024,Missouri,MO,governor,General,FiveThirtyEight,2024-10-02 to 2024-10-03,2024-10-02,2024-10-03,753 (LV),3.2,Crystal Quade,D,41%,False,"October 2–3, 2024"
2024,Missouri,MO,governor,General,ActiVote,2024-09-03 to 2024-10-01,2024-09-03,2024-10-01,400 (LV),4.9,Crystal Quade,D,40%,False,"September 3 – October 1, 2024"
2024,Missouri,MO,governor,General,Emerson College,2024-09-12 to 2024-09-13,2024-09-12,2024-09-13,850 (LV),3.3,Crystal Quade,D,36%,False,"September 12–13, 2024"
2024,Missouri,MO,governor,General,Remington Research Group (R),2024-09-04 to 2024-09-05,2024-09-04,2024-09-05,940 (LV),,Crystal Quade,D,34%,False,"September 4–5, 2024"
2024,Missouri,MO,governor,General,YouGov,2024-08-08 to 2024-08-16,2024-08-08,2024-08-16,900 (LV),3.8,Crystal Quade,D,41%,False,"August 8–16, 2024"
2024,Missouri,MO,governor,General,Show Me Victories (D),2023-10-26 to 2023-10-31,2023-10-26,2023-10-31,407 (RV),4.9,Crystal Quade,D,33%,False,"October 26–31, 2023"
2024,Missouri,MO,governor,General,Remington Research Group (R),2024-03-06 to 2024-03-08,2024-03-06,2024-03-08,713 (LV),3.9,Crystal Quade,D,36%,False,"March 6–8, 2024"
2024,Missouri,MO,governor,General,Show Me Victories (D),2023-10-26 to 2023-10-31,2023-10-26,2023-10-31,407 (RV),4.9,Crystal Quade,D,34%,False,"October 26–31, 2023"
2024,Missouri,MO,governor,General,Remington Research Group (R),2024-03-06 to 2024-03-08,2024-03-06,2024-03-08,713 (LV),3.9,Jay Ashcroft,R,53%,False,"March 6–8, 2024"
2024,Missouri,MO,governor,General,Show Me Victories (D),2023-10-26 to 2023-10-31,2023-10-26,2023-10-31,407 (RV),4.9,Jay Ashcroft,R,39%,False,"October 26–31, 2023"
2024,Missouri,MO,governor,General,Show Me Victories (D),2023-10-26 to 2023-10-31,2023-10-26,2023-10-31,407 (RV),4.9,Bill Eigel,R,33%,False,"October 26–31, 2023"
2024,Missouri,MO,governor,General,Show Me Victories (D),2023-10-26 to 2023-10-31,2023-10-26,2023-10-31,407 (RV),4.9,Mike Hamra,D,27%,False,"October 26–31, 2023"
2024,Missouri,MO,governor,General,Show Me Victories (D),2023-10-26 to 2023-10-31,2023-10-26,2023-10-31,407 (RV),4.9,Mike Hamra,D,29%,False,"October 26–31, 2023"
2024,Missouri,MO,governor,General,Show Me Victories (D),2023-10-26 to 2023-10-31,2023-10-26,2023-10-31,407 (RV),4.9,Mike Hamra,D,30%,False,"October 26–31, 2023"
2024,Montana,MT,attorney general,General,Public Opinion Strategies,2024-09-29 to 2024-10-01,2024-09-29,2024-10-01,500 (LV),4.34,Austin Knudsen,R,53%,True,"September 29 - October 1, 2024"
2024,Montana,MT,attorney general,General,Public Opinion Strategies,2024-06-11 to 2024-06-13,2024-06-11,2024-06-13,500 (LV),4.4,Austin Knudsen,R,55%,True,"June 11–13, 2024"
2024,Montana,MT,attorney general,General,Public Opinion Strategies,2024-09-29 to 2024-10-01,2024-09-29,2024-10-01,500 (LV),4.34,Ben Alke,D,35%,False,"September 29 - October 1, 2024"
2024,Montana,MT,attorney general,General,Public Opinion Strategies,2024-06-11 to 2024-06-13,2024-06-11,2024-06-13,500 (LV),4.4,Ben Alke,D,33%,False,"June 11–13, 2024"
2024,Montana,MT,secretary of state,General,Public Opinion Strategies,2024-09-29 to 2024-10-01,2024-09-29,2024-10-01,500 (LV),4.34,Christi Jacobsen,R,48%,True,"September 29 - October 1, 2024"
2024,Montana,MT,secretary of state,General,Public Opinion Strategies,2024-09-29 to 2024-10-01,2024-09-29,2024-10-01,500 (LV),4.34,Jesse Mullen,D,31%,False,"September 29 - October 1, 2024"
2024,Montana,MT,governor,General,Montana State University,2024-09-30 to 2024-10-16,2024-09-30,2024-10-16,760 (A),3.56,Greg Gianforte,R,50%,True,"September 30 – October 16, 2024"
2024,Montana,MT,governor,General,The New York Times,2024-10-05 to 2024-10-08,2024-10-05,2024-10-08,656 (LV),4.3,Greg Gianforte,R,57%,True,"October 5–8, 2024"
2024,Montana,MT,governor,General,Public Opinion Strategies,2024-09-29 to 2024-10-01,2024-09-29,2024-10-01,500 (LV),4.34,Greg Gianforte,R,55%,True,"September 29 – October 1, 2024"
2024,Montana,MT,governor,General,Fabrizio Ward,2024-08-25 to 2024-08-29,2024-08-25,2024-08-29,600 (LV),4.0,Greg Gianforte,R,54%,True,"August 25–29, 2024"
2024,Montana,MT,governor,General,Public Opinion Strategies,2024-08-18 to 2024-08-20,2024-08-18,2024-08-20,500 (LV),4.38,Greg Gianforte,R,53%,True,"August 18–20, 2024"
2024,Montana,MT,governor,General,Public Opinion Strategies,2024-06-11 to 2024-06-13,2024-06-11,2024-06-13,500 (LV),4.4,Greg Gianforte,R,54%,True,"June 11–13, 2024"
2024,Montana,MT,governor,General,SurveyUSA,2024-02-12 to 2024-02-15,2024-02-12,2024-02-15,549 (LV),4.5,Greg Gianforte,R,52%,True,"February 12–15, 2024"
2024,Montana,MT,governor,General,Montana State University,2024-09-30 to 2024-10-16,2024-09-30,2024-10-16,760 (A),3.56,Ryan Busse,D,31%,False,"September 30 – October 16, 2024"
2024,Montana,MT,governor,General,The New York Times,2024-10-05 to 2024-10-08,2024-10-05,2024-10-08,656 (LV),4.3,Ryan Busse,D,35%,False,"October 5–8, 2024"
2024,Montana,MT,governor,General,Public Opinion Strategies,2024-09-29 to 2024-10-01,2024-09-29,2024-10-01,500 (LV),4.34,Ryan Busse,D,36%,False,"September 29 – October 1, 2024"
2024,Montana,MT,governor,General,Fabrizio Ward,2024-08-25 to 2024-08-29,2024-08-25,2024-08-29,600 (LV),4.0,Ryan Busse,D,38%,False,"August 25–29, 2024"
2024,Montana,MT,governor,General,Public Opinion Strategies,2024-08-18 to 2024-08-20,2024-08-18,2024-08-20,500 (LV),4.38,Ryan Busse,D,34%,False,"August 18–20, 2024"
2024,Montana,MT,governor,General,Public Opinion Strategies,2024-06-11 to 2024-06-13,2024-06-11,2024-06-13,500 (LV),4.4,Ryan Busse,D,33%,False,"June 11–13, 2024"
2024,Montana,MT,governor,General,SurveyUSA,2024-02-12 to 2024-02-15,2024-02-12,2024-02-15,549 (LV),4.5,Ryan Busse,D,30%,False,"February 12–15, 2024"
2024,New Hampshire,NH,governor,General,RealClearPolitics,2024-10-21 to 2024-11-02,2024-10-21,2024-11-02,,,Kelly Ayotte,R,46.8%,False,"October 21 – November 2, 2024"
2024,New Hampshire,NH,governor,General,270toWin,2024-10-24 to 2024-11-03,2024-10-24,2024-11-03,,,Kelly Ayotte,R,47.0%,False,"October 24 – November 3, 2024"
2024,New Hampshire,NH,governor,General,Dartmouth College,2024-11-01 to 2024-11-03,2024-11-01,2024-11-03,587 (LV),4.0,Kelly Ayotte,R,40%,False,"November 1–3, 2024"
2024,New Hampshire,NH,governor,General,University of New Hampshire,2024-10-29 to 2024-11-02,2024-10-29,2024-11-02,"2,814 (LV)",1.9,Kelly Ayotte,R,48%,False,"October 29 – November 2, 2024"
2024,New Hampshire,NH,governor,General,Saint Anselm College,2024-10-28 to 2024-10-29,2024-10-28,2024-10-29,"2,791 (LV)",1.9,Kelly Ayotte,R,49%,False,"October 28–29, 2024"
2024,New Hampshire,NH,governor,General,Praecones Analytica,2024-10-24 to 2024-10-26,2024-10-24,2024-10-26,622 (RV),3.9,Kelly Ayotte,R,52%,False,"October 24–26, 2024"
2024,New Hampshire,NH,governor,General,Emerson College,2024-10-21 to 2024-10-23,2024-10-21,2024-10-23,915 (LV),3.2,Kelly Ayotte,R,50%,False,"October 21–23, 2024"
2024,New Hampshire,NH,governor,General,UMass Lowell,2024-10-10 to 2024-10-23,2024-10-10,2024-10-23,600 (LV),4.4,Kelly Ayotte,R,45%,False,"October 10–23, 2024"
2024,New Hampshire,NH,governor,General,Dartmouth College,2024-10-05 to 2024-10-18,2024-10-05,2024-10-18,"2,196 (RV)",2.1,Kelly Ayotte,R,46%,False,"October 5–18, 2024"
2024,New Hampshire,NH,governor,General,UMass Lowell,2024-10-02 to 2024-10-10,2024-10-02,2024-10-10,600 (LV),4.8,Kelly Ayotte,R,42%,False,"October 2–10, 2024"
2024,New Hampshire,NH,governor,General,Saint Anselm College,2024-10-01 to 2024-10-02,2024-10-01,2024-10-02,"2,104 (LV)",2.1,Kelly Ayotte,R,47%,False,"October 1–2, 2024"
2024,New Hampshire,NH,governor,General,University of New Hampshire,2024-09-12 to 2024-09-16,2024-09-12,2024-09-16,"1,695 (LV)",2.4,Kelly Ayotte,R,46%,False,"September 12–16, 2024"
2024,New Hampshire,NH,governor,General,Saint Anselm College,2024-09-11 to 2024-09-12,2024-09-11,2024-09-12,"2,241 (LV)",2.1,Kelly Ayotte,R,46%,False,"September 11–12, 2024"
2024,New Hampshire,NH,governor,General,Emerson College,2023-11-10 to 2023-11-13,2023-11-10,2023-11-13,917 (RV),3.3,Kelly Ayotte,R,43%,False,"November 10–13, 2023"
2024,New Hampshire,NH,governor,General,Emerson College,2023-08-09 to 2023-08-11,2023-08-09,2023-08-11,837 (RV),3.4,Kelly Ayotte,R,46%,False,"August 9–11, 2023"
2024,New Hampshire,NH,governor,General,Emerson College,2023-11-10 to 2023-11-13,2023-11-10,2023-11-13,917 (RV),3.3,Kelly Ayotte,R,44%,False,"November 10–13, 2023"
2024,New Hampshire,NH,governor,General,Emerson College,2023-08-09 to 2023-08-11,2023-08-09,2023-08-11,837 (RV),3.4,Kelly Ayotte,R,47%,False,"August 9–11, 2023"
2024,New Hampshire,NH,governor,General,RealClearPolitics,2024-10-21 to 2024-11-02,2024-10-21,2024-11-02,,,Joyce Craig,D,44.3%,False,"October 21 – November 2, 2024"
2024,New Hampshire,NH,governor,General,270toWin,2024-10-24 to 2024-11-03,2024-10-24,2024-11-03,,,Joyce Craig,D,44.0%,False,"October 24 – November 3, 2024"
2024,New Hampshire,NH,governor,General,Dartmouth College,2024-11-01 to 2024-11-03,2024-11-01,2024-11-03,587 (LV),4.0,Joyce Craig,D,58%,False,"November 1–3, 2024"
2024,New Hampshire,NH,governor,General,University of New Hampshire,2024-10-29 to 2024-11-02,2024-10-29,2024-11-02,"2,814 (LV)",1.9,Joyce Craig,D,44%,False,"October 29 – November 2, 2024"
2024,New Hampshire,NH,governor,General,Saint Anselm College,2024-10-28 to 2024-10-29,2024-10-28,2024-10-29,"2,791 (LV)",1.9,Joyce Craig,D,46%,False,"October 28–29, 2024"
2024,New Hampshire,NH,governor,General,Praecones Analytica,2024-10-24 to 2024-10-26,2024-10-24,2024-10-26,622 (RV),3.9,Joyce Craig,D,48%,False,"October 24–26, 2024"
2024,New Hampshire,NH,governor,General,Emerson College,2024-10-21 to 2024-10-23,2024-10-21,2024-10-23,915 (LV),3.2,Joyce Craig,D,46%,False,"October 21–23, 2024"
2024,New Hampshire,NH,governor,General,UMass Lowell,2024-10-10 to 2024-10-23,2024-10-10,2024-10-23,600 (LV),4.4,Joyce Craig,D,43%,False,"October 10–23, 2024"
2024,New Hampshire,NH,governor,General,Dartmouth College,2024-10-05 to 2024-10-18,2024-10-05,2024-10-18,"2,196 (RV)",2.1,Joyce Craig,D,51%,False,"October 5–18, 2024"
2024,New Hampshire,NH,governor,General,UMass Lowell,2024-10-02 to 2024-10-10,2024-10-02,2024-10-10,600 (LV),4.8,Joyce Craig,D,41%,False,"October 2–10, 2024"
2024,New Hampshire,NH,governor,General,Saint Anselm College,2024-10-01 to 2024-10-02,2024-10-01,2024-10-02,"2,104 (LV)",2.1,Joyce Craig,D,44%,False,"October 1–2, 2024"
2024,New Hampshire,NH,governor,General,University of New Hampshire,2024-09-12 to 2024-09-16,2024-09-12,2024-09-16,"1,695 (LV)",2.4,Joyce Craig,D,47%,False,"September 12–16, 2024"
2024,New Hampshire,NH,governor,General,Saint Anselm College,2024-09-11 to 2024-09-12,2024-09-11,2024-09-12,"2,241 (LV)",2.1,Joyce Craig,D,43%,False,"September 11–12, 2024"
2024,New Hampshire,NH,governor,General,Emerson College,2023-11-10 to 2023-11-13,2023-11-10,2023-11-13,917 (RV),3.3,Joyce Craig,D,40%,False,"November 10–13, 2023"
2024,New Hampshire,NH,governor,General,Emerson College,2023-08-09 to 2023-08-11,2023-08-09,2023-08-11,837 (RV),3.4,Joyce Craig,D,37%,False,"August 9–11, 2023"
2024,New Hampshire,NH,governor,General,Emerson College,2023-11-10 to 2023-11-13,2023-11-10,2023-11-13,917 (RV),3.3,Cinde Warmington,D,37%,False,"November 10–13, 2023"
2024,New Hampshire,NH,governor,General,Emerson College,2023-08-09 to 2023-08-11,2023-08-09,2023-08-11,837 (RV),3.4,Cinde Warmington,D,34%,False,"August 9–11, 2023"
2024,North Carolina,NC,attorney general,General,SurveyUSA,2024-10-23 to 2024-10-26,2024-10-23,2024-10-26,853 (LV),4.1,Jeff Jackson,D,44%,False,"October 23–26, 2024"
2024,North Carolina,NC,attorney general,General,ActiVote,2024-10-08 to 2024-10-26,2024-10-08,2024-10-26,400 (LV),4.9,Jeff Jackson,D,53%,False,"October 8–26, 2024"
2024,North Carolina,NC,attorney general,General,Cygnal,2024-10-12 to 2024-10-14,2024-10-12,2024-10-14,600 (LV),4.0,Jeff Jackson,D,46%,False,"October 12–14, 2024"
2024,North Carolina,NC,attorney general,General,ActiVote,2024-08-20 to 2024-09-22,2024-08-20,2024-09-22,400 (LV),4.9,Jeff Jackson,D,53%,False,"August 20 – September 22, 2024"
2024,North Carolina,NC,attorney general,General,"Fabrizio, Lee & Associates",2024-09-11 to 2024-09-17,2024-09-11,2024-09-17,600 (LV),4.0,Jeff Jackson,D,47%,False,"September 11–17, 2024"
2024,North Carolina,NC,attorney general,General,Cygnal,2024-09-15 to 2024-09-16,2024-09-15,2024-09-16,600 (LV),4.0,Jeff Jackson,D,45%,False,"September 15–16, 2024"
2024,North Carolina,NC,attorney general,General,SurveyUSA,2024-09-04 to 2024-09-07,2024-09-04,2024-09-07,676 (LV),4.9,Jeff Jackson,D,43%,False,"September 4–7, 2024"
2024,North Carolina,NC,attorney general,General,SoCal Strategies,2024-08-26 to 2024-08-27,2024-08-26,2024-08-27,612 (LV),,Jeff Jackson,D,36%,False,"August 26–27, 2024"
2024,North Carolina,NC,attorney general,General,YouGov,2024-08-05 to 2024-08-09,2024-08-05,2024-08-09,802 (RV),3.9,Jeff Jackson,D,42%,False,"August 5–9, 2024"
2024,North Carolina,NC,attorney general,General,Cygnal,2024-08-04 to 2024-08-05,2024-08-04,2024-08-05,600 (LV),4.0,Jeff Jackson,D,38%,False,"August 4–5, 2024"
2024,North Carolina,NC,attorney general,General,Change Research,2024-05-13 to 2024-05-18,2024-05-13,2024-05-18,835 (LV),3.8,Jeff Jackson,D,43%,False,"May 13–18, 2024"
2024,North Carolina,NC,attorney general,General,Meeting Street Insights,2024-04-25 to 2024-04-28,2024-04-25,2024-04-28,500 (RV),4.4,Jeff Jackson,D,43%,False,"April 25–28, 2024"
2024,North Carolina,NC,attorney general,General,SurveyUSA,2024-03-03 to 2024-03-09,2024-03-03,2024-03-09,598 (LV),4.9,Jeff Jackson,D,41%,False,"March 3–9, 2024"
2024,North Carolina,NC,attorney general,General,Cygnal,2024-03-06 to 2024-03-07,2024-03-06,2024-03-07,600 (LV),4.0,Jeff Jackson,D,39%,False,"March 6–7, 2024"
2024,North Carolina,NC,attorney general,General,Change Research,2024-02-15 to 2024-02-19,2024-02-15,2024-02-19,"1,622 (LV)",2.6,Jeff Jackson,D,39%,False,"February 15–19, 2024"
2024,North Carolina,NC,attorney general,General,SurveyUSA,2024-10-23 to 2024-10-26,2024-10-23,2024-10-26,853 (LV),4.1,Dan Bishop,R,42%,False,"October 23–26, 2024"
2024,North Carolina,NC,attorney general,General,ActiVote,2024-10-08 to 2024-10-26,2024-10-08,2024-10-26,400 (LV),4.9,Dan Bishop,R,47%,False,"October 8–26, 2024"
2024,North Carolina,NC,attorney general,General,Cygnal,2024-10-12 to 2024-10-14,2024-10-12,2024-10-14,600 (LV),4.0,Dan Bishop,R,43%,False,"October 12–14, 2024"
2024,North Carolina,NC,attorney general,General,ActiVote,2024-08-20 to 2024-09-22,2024-08-20,2024-09-22,400 (LV),4.9,Dan Bishop,R,47%,False,"August 20 – September 22, 2024"
2024,North Carolina,NC,attorney general,General,"Fabrizio, Lee & Associates",2024-09-11 to 2024-09-17,2024-09-11,2024-09-17,600 (LV),4.0,Dan Bishop,R,43%,False,"September 11–17, 2024"
2024,North Carolina,NC,attorney general,General,Cygnal,2024-09-15 to 2024-09-16,2024-09-15,2024-09-16,600 (LV),4.0,Dan Bishop,R,43%,False,"September 15–16, 2024"
2024,North Carolina,NC,attorney general,General,SurveyUSA,2024-09-04 to 2024-09-07,2024-09-04,2024-09-07,676 (LV),4.9,Dan Bishop,R,36%,False,"September 4–7, 2024"
2024,North Carolina,NC,attorney general,General,SoCal Strategies,2024-08-26 to 2024-08-27,2024-08-26,2024-08-27,612 (LV),,Dan Bishop,R,39%,False,"August 26–27, 2024"
2024,North Carolina,NC,attorney general,General,YouGov,2024-08-05 to 2024-08-09,2024-08-05,2024-08-09,802 (RV),3.9,Dan Bishop,R,40%,False,"August 5–9, 2024"
2024,North Carolina,NC,attorney general,General,Cygnal,2024-08-04 to 2024-08-05,2024-08-04,2024-08-05,600 (LV),4.0,Dan Bishop,R,42%,False,"August 4–5, 2024"
2024,North Carolina,NC,attorney general,General,Change Research,2024-05-13 to 2024-05-18,2024-05-13,2024-05-18,835 (LV),3.8,Dan Bishop,R,40%,False,"May 13–18, 2024"
2024,North Carolina,NC,attorney general,General,Meeting Street Insights,2024-04-25 to 2024-04-28,2024-04-25,2024-04-28,500 (RV),4.4,Dan Bishop,R,41%,False,"April 25–28, 2024"
2024,North Carolina,NC,attorney general,General,SurveyUSA,2024-03-03 to 2024-03-09,2024-03-03,2024-03-09,598 (LV),4.9,Dan Bishop,R,40%,False,"March 3–9, 2024"
2024,North Carolina,NC,attorney general,General,Cygnal,2024-03-06 to 2024-03-07,2024-03-06,2024-03-07,600 (LV),4.0,Dan Bishop,R,41%,False,"March 6–7, 2024"
2024,North Carolina,NC,attorney general,General,Change Research,2024-02-15 to 2024-02-19,2024-02-15,2024-02-19,"1,622 (LV)",2.6,Dan Bishop,R,41%,False,"February 15–19, 2024"
2024,North Carolina,NC,attorney general,General,High Point University,2024-02-16 to 2024-02-23,2024-02-16,2024-02-23,753 (LV),3.9,Generic Democrat,D,43%,False,"February 16–23, 2024"
2024,North Carolina,NC,attorney general,General,High Point University,2024-02-16 to 2024-02-23,2024-02-16,2024-02-23,753 (LV),3.9,Generic Republican,R,44%,False,"February 16–23, 2024"
2024,North Carolina,NC,secretary of state,General,ActiVote,2024-10-08 to 2024-10-26,2024-10-08,2024-10-26,400 (LV),4.9,Elaine Marshall,D,51%,True,"October 8–26, 2024"
2024,North Carolina,NC,secretary of state,General,Cygnal,2024-10-12 to 2024-10-14,2024-10-12,2024-10-14,600 (LV),4.0,Elaine Marshall,D,45%,True,"October 12–14, 2024"
2024,North Carolina,NC,secretary of state,General,ActiVote,2024-08-20 to 2024-09-22,2024-08-20,2024-09-22,400 (LV),4.9,Elaine Marshall,D,51%,True,"August 20 – September 22, 2024"
2024,North Carolina,NC,secretary of state,General,Cygnal,2024-09-15 to 2024-09-16,2024-09-15,2024-09-16,600 (LV),3.99,Elaine Marshall,D,43%,True,"September 15–16, 2024"
2024,North Carolina,NC,secretary of state,General,ActiVote,2024-10-08 to 2024-10-26,2024-10-08,2024-10-26,400 (LV),4.9,Chad Brown,R,49%,False,"October 8–26, 2024"
2024,North Carolina,NC,secretary of state,General,Cygnal,2024-10-12 to 2024-10-14,2024-10-12,2024-10-14,600 (LV),4.0,Chad Brown,R,43%,False,"October 12–14, 2024"
2024,North Carolina,NC,secretary of state,General,ActiVote,2024-08-20 to 2024-09-22,2024-08-20,2024-09-22,400 (LV),4.9,Chad Brown,R,49%,False,"August 20 – September 22, 2024"
2024,North Carolina,NC,secretary of state,General,Cygnal,2024-09-15 to 2024-09-16,2024-09-15,2024-09-16,600 (LV),3.99,Chad Brown,R,42%,False,"September 15–16, 2024"
2024,North Carolina,NC,state treasurer,General,ActiVote,2024-10-08 to 2024-10-26,2024-10-08,2024-10-26,400 (LV),4.9,Brad Briner,R,49%,False,"October 8–26, 2024"
2024,North Carolina,NC,state treasurer,General,Cygnal,2024-10-12 to 2024-10-14,2024-10-12,2024-10-14,600 (LV),3.99,Brad Briner,R,43%,False,"October 12–14, 2024"
2024,North Carolina,NC,state treasurer,General,ActiVote,2024-08-20 to 2024-09-22,2024-08-20,2024-09-22,400 (LV),4.9,Brad Briner,R,50%,False,"August 20 – September 22, 2024"
2024,North Carolina,NC,state treasurer,General,Cygnal,2024-09-15 to 2024-09-16,2024-09-15,2024-09-16,600 (LV),4.0,Brad Briner,R,42%,False,"September 15–16, 2024"
2024,North Carolina,NC,state treasurer,General,YouGov,2024-08-05 to 2024-08-09,2024-08-05,2024-08-09,802 (RV),3.9,Brad Briner,R,40%,False,"August 5–9, 2024"
2024,North Carolina,NC,state treasurer,General,Cygnal,2024-08-04 to 2024-08-05,2024-08-04,2024-08-05,600 (LV),4.0,Brad Briner,R,40%,False,"August 4–5, 2024"
2024,North Carolina,NC,state treasurer,General,Cygnal,2024-03-06 to 2024-03-07,2024-03-06,2024-03-07,600 (LV),4.0,Brad Briner,R,43%,False,"March 6–7, 2024"
2024,North Carolina,NC,state treasurer,General,ActiVote,2024-10-08 to 2024-10-26,2024-10-08,2024-10-26,400 (LV),4.9,Wesley Harris,D,51%,False,"October 8–26, 2024"
2024,North Carolina,NC,state treasurer,General,Cygnal,2024-10-12 to 2024-10-14,2024-10-12,2024-10-14,600 (LV),3.99,Wesley Harris,D,42%,False,"October 12–14, 2024"
2024,North Carolina,NC,state treasurer,General,ActiVote,2024-08-20 to 2024-09-22,2024-08-20,2024-09-22,400 (LV),4.9,Wesley Harris,D,50%,False,"August 20 – September 22, 2024"
2024,North Carolina,NC,state treasurer,General,Cygnal,2024-09-15 to 2024-09-16,2024-09-15,2024-09-16,600 (LV),4.0,Wesley Harris,D,40%,False,"September 15–16, 2024"
2024,North Carolina,NC,state treasurer,General,YouGov,2024-08-05 to 2024-08-09,2024-08-05,2024-08-09,802 (RV),3.9,Wesley Harris,D,41%,False,"August 5–9, 2024"
2024,North Carolina,NC,state treasurer,General,Cygnal,2024-08-04 to 2024-08-05,2024-08-04,2024-08-05,600 (LV),4.0,Wesley Harris,D,35%,False,"August 4–5, 2024"
2024,North Carolina,NC,state treasurer,General,Cygnal,2024-03-06 to 2024-03-07,2024-03-06,2024-03-07,600 (LV),4.0,Wesley Harris,D,37%,False,"March 6–7, 2024"
2024,North Carolina,NC,governor,General,RealClearPolitics,2024-10-16 to 2024-11-04,2024-10-16,2024-11-04,,,Josh Stein,D,53.1%,False,"October 16 – November 4, 2024"
2024,North Carolina,NC,governor,General,270ToWin,2024-10-24 to 2024-11-04,2024-10-24,2024-11-04,,,Josh Stein,D,53.1%,False,"October 24 – November 4, 2024"
2024,North Carolina,NC,governor,General,The Hill,through 2024-11-04,,2024-11-04,,,Josh Stein,D,53.4%,False,"through November 4, 2024"
2024,North Carolina,NC,governor,General,AtlasIntel,2024-11-03 to 2024-11-04,2024-11-03,2024-11-04,"1,219 (LV)",3.0,Josh Stein,D,54%,False,"November 3–4, 2024"
2024,North Carolina,NC,governor,General,AtlasIntel,2024-11-01 to 2024-11-02,2024-11-01,2024-11-02,"1,310 (LV)",3.0,Josh Stein,D,52%,False,"November 1–2, 2024"
2024,North Carolina,NC,governor,General,Emerson College,2024-10-30 to 2024-11-02,2024-10-30,2024-11-02,860 (LV),3.3,Josh Stein,D,52%,False,"October 30 – November 2, 2024"
2024,North Carolina,NC,governor,General,New York Times,2024-10-28 to 2024-11-02,2024-10-28,2024-11-02,"1,010 (LV)",3.6,Josh Stein,D,56%,False,"October 28 – November 2, 2024"
2024,North Carolina,NC,governor,General,Morning Consult,2024-10-23 to 2024-11-01,2024-10-23,2024-11-01,"1,056 (LV)",3.0,Josh Stein,D,52%,False,"October 23 – November 1, 2024"
2024,North Carolina,NC,governor,General,ActiVote,2024-10-17 to 2024-10-31,2024-10-17,2024-10-31,400 (LV),4.9,Josh Stein,D,58%,False,"October 17–31, 2024"
2024,North Carolina,NC,governor,General,AtlasIntel,2024-10-27 to 2024-10-30,2024-10-27,2024-10-30,"1,373 (LV)",3.0,Josh Stein,D,52%,False,"October 27–30, 2024"
2024,North Carolina,NC,governor,General,AtlasIntel,2024-10-25 to 2024-10-29,2024-10-25,2024-10-29,"1,665 (LV)",3.0,Josh Stein,D,54%,False,"October 25–29, 2024"
2024,North Carolina,NC,governor,General,East Carolina University,2024-10-24 to 2024-10-29,2024-10-24,2024-10-29,"1,250 (LV)",3.0,Josh Stein,D,55%,False,"October 24–29, 2024"
2024,North Carolina,NC,governor,General,Fox News,2024-10-24 to 2024-10-28,2024-10-24,2024-10-28,872 (LV),3.0,Josh Stein,D,57%,False,"October 24–28, 2024"
2024,North Carolina,NC,governor,General,CNN,2024-10-23 to 2024-10-28,2024-10-23,2024-10-28,750 (LV),4.5,Josh Stein,D,53%,False,"October 23–28, 2024"
2024,North Carolina,NC,governor,General,SurveyUSA,2024-10-23 to 2024-10-26,2024-10-23,2024-10-26,853 (LV),4.1,Josh Stein,D,52%,False,"October 23–26, 2024"
2024,North Carolina,NC,governor,General,UMass Lowell,2024-10-16 to 2024-10-23,2024-10-16,2024-10-23,650 (LV),4.2,Josh Stein,D,48%,False,"October 16–23, 2024"
2024,North Carolina,NC,governor,General,Emerson College,2024-10-21 to 2024-10-22,2024-10-21,2024-10-22,950 (LV),3.1,Josh Stein,D,51%,False,"October 21–22, 2024"
2024,North Carolina,NC,governor,General,Marist College,2024-10-17 to 2024-10-22,2024-10-17,2024-10-22,"1,226 (LV)",3.6,Josh Stein,D,55%,False,"October 17–22, 2024"
2024,North Carolina,NC,governor,General,Substack,2024-10-20 to 2024-10-21,2024-10-20,2024-10-21,702 (LV),3.7,Josh Stein,D,55%,False,"October 20–21, 2024"
2024,North Carolina,NC,governor,General,SurveyUSA,2024-10-17 to 2024-10-20,2024-10-17,2024-10-20,"1,164 (RV)",3.7,Josh Stein,D,50%,False,"October 17–20, 2024"
2024,North Carolina,NC,governor,General,Redfield & Wilton Strategies,2024-10-16 to 2024-10-18,2024-10-16,2024-10-18,843 (LV),3.1,Josh Stein,D,45%,False,"October 16–18, 2024"
2024,North Carolina,NC,governor,General,AtlasIntel,2024-10-12 to 2024-10-17,2024-10-12,2024-10-17,"1,674 (LV)",2.0,Josh Stein,D,54%,False,"October 12–17, 2024"
2024,North Carolina,NC,governor,General,Elon University,2024-10-10 to 2024-10-17,2024-10-10,2024-10-17,800 (RV),4.0,Josh Stein,D,52%,False,"October 10–17, 2024"
2024,North Carolina,NC,governor,General,Morning Consult,2024-10-06 to 2024-10-15,2024-10-06,2024-10-15,"1,072 (LV)",3.0,Josh Stein,D,54%,False,"October 6–15, 2024"
2024,North Carolina,NC,governor,General,Cygnal (R),2024-10-12 to 2024-10-14,2024-10-12,2024-10-14,600 (LV),4.0,Josh Stein,D,49%,False,"October 12–14, 2024"
2024,North Carolina,NC,governor,General,Redfield & Wilton Strategies,2024-10-12 to 2024-10-14,2024-10-12,2024-10-14,620 (LV),3.6,Josh Stein,D,45%,False,"October 12–14, 2024"
2024,North Carolina,NC,governor,General,Quinnipiac University,2024-10-10 to 2024-10-14,2024-10-10,2024-10-14,"1,031 (LV)",3.1,Josh Stein,D,54%,False,"October 10–14, 2024"
2024,North Carolina,NC,governor,General,Emerson College,2024-10-05 to 2024-10-08,2024-10-05,2024-10-08,"1,000 (LV)",3.0,Josh Stein,D,50%,False,"October 5–8, 2024"
2024,North Carolina,NC,governor,General,ActiVote,2024-09-05 to 2024-10-05,2024-09-05,2024-10-05,400 (LV),4.9,Josh Stein,D,56.5%,False,"September 5 – October 5, 2024"
2024,North Carolina,NC,governor,General,Redfield & Wilton Strategies,2024-09-27 to 2024-10-02,2024-09-27,2024-10-02,753 (LV),3.3,Josh Stein,D,46%,False,"September 27 – October 2, 2024"
2024,North Carolina,NC,governor,General,Quinnipiac University,2024-09-25 to 2024-09-29,2024-09-25,2024-09-29,953 (LV),3.2,Josh Stein,D,53%,False,"September 25–29, 2024"
2024,North Carolina,NC,governor,General,The Washington Post,2024-09-25 to 2024-09-29,2024-09-25,2024-09-29,"1,001 (LV)",3.5,Josh Stein,D,54%,False,"September 25–29, 2024"
2024,North Carolina,NC,governor,General,High Point University,2024-09-20 to 2024-09-29,2024-09-20,2024-09-29,589 (LV),4.0,Josh Stein,D,51%,False,"September 20–29, 2024"
2024,North Carolina,NC,governor,General,Emerson College,2024-09-27 to 2024-09-28,2024-09-27,2024-09-28,850 (LV),3.3,Josh Stein,D,52%,False,"September 27–28, 2024"
2024,North Carolina,NC,governor,General,Napolitan Institute,2024-09-25 to 2024-09-27,2024-09-25,2024-09-27,780 (LV),3.5,Josh Stein,D,53%,False,"September 25–27, 2024"
2024,North Carolina,NC,governor,General,East Carolina University,2024-09-23 to 2024-09-26,2024-09-23,2024-09-26,"1,005 (LV)",3.0,Josh Stein,D,50%,False,"September 23–26, 2024"
2024,North Carolina,NC,governor,General,AtlasIntel,2024-09-20 to 2024-09-25,2024-09-20,2024-09-25,"1,173 (LV)",3.0,Josh Stein,D,54%,False,"September 20–25, 2024"
2024,North Carolina,NC,governor,General,CNN,2024-09-20 to 2024-09-25,2024-09-20,2024-09-25,931 (LV),3.9,Josh Stein,D,53%,False,"September 20–25, 2024"
2024,North Carolina,NC,governor,General,Global Strategy Group,2024-09-19 to 2024-09-25,2024-09-19,2024-09-25,411 (LV),,Josh Stein,D,53%,False,"September 19–25, 2024"
2024,North Carolina,NC,governor,General,Fox News,2024-09-20 to 2024-09-24,2024-09-20,2024-09-24,787 (LV),3.5,Josh Stein,D,56%,False,"September 20–24, 2024"
2024,North Carolina,NC,governor,General,Marist College,2024-09-19 to 2024-09-24,2024-09-19,2024-09-24,"1,507 (RV)",3.5,Josh Stein,D,54%,False,"September 19–24, 2024"
2024,North Carolina,NC,governor,General,New York Times,2024-09-17 to 2024-09-21,2024-09-17,2024-09-21,682 (LV),4.2,Josh Stein,D,47%,False,"September 17–21, 2024"
2024,North Carolina,NC,governor,General,Meredith College,2024-09-18 to 2024-09-20,2024-09-18,2024-09-20,802 (LV),3.5,Josh Stein,D,50%,False,"September 18–20, 2024"
2024,North Carolina,NC,governor,General,Google Drive,2024-09-16 to 2024-09-18,2024-09-16,2024-09-18,600 (LV),4.0,Josh Stein,D,47%,False,"September 16–18, 2024"
2024,North Carolina,NC,governor,General,Emerson College,2024-09-15 to 2024-09-18,2024-09-15,2024-09-18,"1,000 (RV)",3.0,Josh Stein,D,48%,False,"September 15–18, 2024"
2024,North Carolina,NC,governor,General,Morning Consult,2024-09-11 to 2024-09-18,2024-09-11,2024-09-18,"1,314 (LV)",2.7,Josh Stein,D,50%,False,"September 11–18, 2024"
2024,North Carolina,NC,governor,General,AARP,2024-09-11 to 2024-09-17,2024-09-11,2024-09-17,600 (LV),4.0,Josh Stein,D,52%,False,"September 11–17, 2024"
2024,North Carolina,NC,governor,General,Cygnal (R),2024-09-15 to 2024-09-16,2024-09-15,2024-09-16,600 (LV),4.0,Josh Stein,D,46%,False,"September 15–16, 2024"
2024,North Carolina,NC,governor,General,Elon University,2024-09-04 to 2024-09-13,2024-09-04,2024-09-13,800 (RV),3.74,Josh Stein,D,49%,False,"September 4–13, 2024"
2024,North Carolina,NC,governor,General,Redfield & Wilton Strategies,2024-09-06 to 2024-09-09,2024-09-06,2024-09-09,495 (LV),3.8,Josh Stein,D,42%,False,"September 6–9, 2024"
2024,North Carolina,NC,governor,General,Quinnipiac University,2024-09-04 to 2024-09-08,2024-09-04,2024-09-08,940 (LV),3.2,Josh Stein,D,51%,False,"September 4–8, 2024"
2024,North Carolina,NC,governor,General,Morning Consult,2024-08-30 to 2024-09-08,2024-08-30,2024-09-08,"1,369 (LV)",3.0,Josh Stein,D,50%,False,"August 30 – September 8, 2024"
2024,North Carolina,NC,governor,General,SurveyUSA,2024-09-04 to 2024-09-07,2024-09-04,2024-09-07,676 (LV),4.9,Josh Stein,D,51%,False,"September 4–7, 2024"
2024,North Carolina,NC,governor,General,Florida Atlantic University,2024-09-05 to 2024-09-06,2024-09-05,2024-09-06,692 (RV),3.7,Josh Stein,D,48%,False,"September 5–6, 2024"
2024,North Carolina,NC,governor,General,East Carolina University,2024-08-26 to 2024-08-28,2024-08-26,2024-08-28,920 (LV),3.0,Josh Stein,D,47%,False,"August 26–28, 2024"
2024,North Carolina,NC,governor,General,Emerson College,2024-08-25 to 2024-08-28,2024-08-25,2024-08-28,775 (LV),3.5,Josh Stein,D,47%,False,"August 25–28, 2024"
2024,North Carolina,NC,governor,General,The Daily Telegraph,2024-08-25 to 2024-08-28,2024-08-25,2024-08-28,812 (LV),3.18,Josh Stein,D,44%,False,"August 25–28, 2024"
2024,North Carolina,NC,governor,General,Substack,2024-08-26 to 2024-08-27,2024-08-26,2024-08-27,612 (LV),,Josh Stein,D,47%,False,"August 26–27, 2024"
2024,North Carolina,NC,governor,General,Fox News,2024-08-23 to 2024-08-26,2024-08-23,2024-08-26,"1,026 (RV)",3.0,Josh Stein,D,54%,False,"August 23–26, 2024"
2024,North Carolina,NC,governor,General,ActiVote,2024-07-26 to 2024-08-26,2024-07-26,2024-08-26,400 (LV),4.9,Josh Stein,D,54%,False,"July 26 – August 26, 2024"
2024,North Carolina,NC,governor,General,SurveyUSA,2024-08-19 to 2024-08-21,2024-08-19,2024-08-21,"1,053 (RV)",4.0,Josh Stein,D,48%,False,"August 19–21, 2024"
2024,North Carolina,NC,governor,General,Redfield & Wilton Strategies,2024-08-12 to 2024-08-15,2024-08-12,2024-08-15,601 (LV),3.7,Josh Stein,D,45%,False,"August 12–15, 2024"
2024,North Carolina,NC,governor,General,The New York Times,2024-08-09 to 2024-08-14,2024-08-09,2024-08-14,655 (RV),4.2,Josh Stein,D,48%,False,"August 9–14, 2024"
2024,North Carolina,NC,governor,General,YouGov,2024-08-05 to 2024-08-09,2024-08-05,2024-08-09,802 (RV),3.9,Josh Stein,D,46%,False,"August 5–9, 2024"
2024,North Carolina,NC,governor,General,Cygnal (R),2024-08-04 to 2024-08-05,2024-08-04,2024-08-05,600 (LV),4.0,Josh Stein,D,43%,False,"August 4–5, 2024"
2024,North Carolina,NC,governor,General,Redfield & Wilton Strategies,2024-07-31 to 2024-08-03,2024-07-31,2024-08-03,714 (LV),,Josh Stein,D,43%,False,"July 31 – August 3, 2024"
2024,North Carolina,NC,governor,General,Redfield & Wilton Strategies,2024-07-22 to 2024-07-24,2024-07-22,2024-07-24,586 (LV),,Josh Stein,D,38%,False,"July 22–24, 2024"
2024,North Carolina,NC,governor,General,Public Policy Polling,2024-07-19 to 2024-07-20,2024-07-19,2024-07-20,573 (RV),,Josh Stein,D,48%,False,"July 19–20, 2024"
2024,North Carolina,NC,governor,General,Redfield & Wilton Strategies,2024-07-16 to 2024-07-18,2024-07-16,2024-07-18,461 (LV),4.0,Josh Stein,D,37%,False,"July 16–18, 2024"
2024,North Carolina,NC,governor,General,Expedition Strategies,2024-06-24 to 2024-07-08,2024-06-24,2024-07-08,284 (LV),,Josh Stein,D,48%,False,"June 24 – July 8, 2024"
2024,North Carolina,NC,governor,General,Spry Strategies (R),2024-06-07 to 2024-06-11,2024-06-07,2024-06-11,600 (LV),4.0,Josh Stein,D,39%,False,"June 7–11, 2024"
2024,North Carolina,NC,governor,General,East Carolina University,2024-05-31 to 2024-06-03,2024-05-31,2024-06-03,"1,332 (LV)",3.1,Josh Stein,D,44%,False,"May 31 – June 3, 2024"
2024,North Carolina,NC,governor,General,North Star Opinion Research (R),2024-05-29 to 2024-06-02,2024-05-29,2024-06-02,600 (LV),4.0,Josh Stein,D,42%,False,"May 29 – June 2, 2024"
2024,North Carolina,NC,governor,General,Change Research,2024-05-13 to 2024-05-18,2024-05-13,2024-05-18,835 (LV),3.8,Josh Stein,D,44%,False,"May 13–18, 2024"
2024,North Carolina,NC,governor,General,High Point University,2024-05-02 to 2024-05-09,2024-05-02,2024-05-09,804 (RV),3.2,Josh Stein,D,34%,False,"May 2–9, 2024"
2024,North Carolina,NC,governor,General,Cygnal (R),2024-05-04 to 2024-05-05,2024-05-04,2024-05-05,600 (LV),4.0,Josh Stein,D,39%,False,"May 4–5, 2024"
2024,North Carolina,NC,governor,General,Emerson College,2024-04-25 to 2024-04-29,2024-04-25,2024-04-29,"1,000 (RV)",3.0,Josh Stein,D,41%,False,"April 25–29, 2024"
2024,North Carolina,NC,governor,General,Meeting Street Insights (R),2024-04-25 to 2024-04-28,2024-04-25,2024-04-28,500 (RV),4.4,Josh Stein,D,44%,False,"April 25–28, 2024"
2024,North Carolina,NC,governor,General,Meredith College,2024-04-11 to 2024-04-17,2024-04-11,2024-04-17,711 (LV),3.5,Josh Stein,D,45%,False,"April 11–17, 2024"
2024,North Carolina,NC,governor,General,Cygnal (R),2024-04-07 to 2024-04-08,2024-04-07,2024-04-08,600 (LV),4.0,Josh Stein,D,38%,False,"April 7–8, 2024"
2024,North Carolina,NC,governor,General,Quinnipiac University,2024-04-04 to 2024-04-08,2024-04-04,2024-04-08,"1,401 (RV)",2.6,Josh Stein,D,52%,False,"April 4–8, 2024"
2024,North Carolina,NC,governor,General,High Point University,2024-03-22 to 2024-03-30,2024-03-22,2024-03-30,829 (RV),3.4,Josh Stein,D,37%,False,"March 22–30, 2024"
2024,North Carolina,NC,governor,General,Marist College,2024-03-11 to 2024-03-14,2024-03-11,2024-03-14,"1,197 (RV)",3.6,Josh Stein,D,49%,False,"March 11–14, 2024"
2024,North Carolina,NC,governor,General,SurveyUSA,2024-03-03 to 2024-03-09,2024-03-03,2024-03-09,598 (LV),4.9,Josh Stein,D,44%,False,"March 3–9, 2024"
2024,North Carolina,NC,governor,General,Cygnal (R),2024-03-06 to 2024-03-07,2024-03-06,2024-03-07,600 (LV),4.0,Josh Stein,D,39%,False,"March 6–7, 2024"
2024,North Carolina,NC,governor,General,Change Research,2024-02-15 to 2024-02-19,2024-02-15,2024-02-19,"1,622 (LV)",2.6,Josh Stein,D,42%,False,"February 15–19, 2024"
2024,North Carolina,NC,governor,General,East Carolina University,2024-02-09 to 2024-02-12,2024-02-09,2024-02-12,"1,207 (RV)",3.3,Josh Stein,D,41%,False,"February 9–12, 2024"
2024,North Carolina,NC,governor,General,Meredith College,2024-01-26 to 2024-01-31,2024-01-26,2024-01-31,760 (RV),3.5,Josh Stein,D,39%,False,"January 26–31, 2024"
2024,North Carolina,NC,governor,General,East Carolina University,2023-11-29 to 2023-12-01,2023-11-29,2023-12-01,915 (RV),3.8,Josh Stein,D,40%,False,"November 29 – December 1, 2023"
2024,North Carolina,NC,governor,General,Meredith College,2023-11-01 to 2023-11-05,2023-11-01,2023-11-05,755 (RV),3.5,Josh Stein,D,38%,False,"November 1–5, 2023"
2024,North Carolina,NC,governor,General,Change Research,2023-09-01 to 2023-09-05,2023-09-01,2023-09-05,914 (LV),3.6,Josh Stein,D,38%,False,"September 1–5, 2023"
2024,North Carolina,NC,governor,General,Opinion Diagnostics (R),2023-06-05 to 2023-06-07,2023-06-05,2023-06-07,902 (LV),3.3,Josh Stein,D,38%,False,"June 5–7, 2023"
2024,North Carolina,NC,governor,General,Cygnal (R),2023-05-12 to 2023-05-23,2023-05-12,2023-05-23,610 (LV),4.0,Josh Stein,D,41%,False,"May 12–23, 2023"
2024,North Carolina,NC,governor,General,Change Research,2023-05-05 to 2023-05-08,2023-05-05,2023-05-08,802 (LV),3.9,Josh Stein,D,43%,False,"May 5–8, 2023"
2024,North Carolina,NC,governor,General,Public Policy Polling,2023-03-02 to 2023-03-03,2023-03-02,2023-03-03,704 (RV),3.7,Josh Stein,D,42%,False,"March 2–3, 2023"
2024,North Carolina,NC,governor,General,Differentiator Data (R),2023-01-09 to 2023-01-12,2023-01-09,2023-01-12,500 (LV),4.5,Josh Stein,D,42%,False,"January 9–12, 2023"
2024,North Carolina,NC,governor,General,Public Policy Polling,2022-10-07 to 2022-10-08,2022-10-07,2022-10-08,606 (RV),4.0,Josh Stein,D,44%,False,"October 7–8, 2022"
2024,North Carolina,NC,governor,General,Meeting Street Insights (R),2022-05-12 to 2022-05-16,2022-05-12,2022-05-16,500 (LV),4.4,Josh Stein,D,42%,False,"May 12–16, 2022"
2024,North Carolina,NC,governor,General,East Carolina University,2024-02-09 to 2024-02-12,2024-02-09,2024-02-12,"1,207 (RV)",3.3,Josh Stein,D,42%,False,"February 9–12, 2024"
2024,North Carolina,NC,governor,General,Cygnal (R),2023-05-12 to 2023-05-23,2023-05-12,2023-05-23,610 (LV),4.0,Josh Stein,D,39%,False,"May 12–23, 2023"
2024,North Carolina,NC,governor,General,East Carolina University,2024-02-09 to 2024-02-12,2024-02-09,2024-02-12,"1,207 (RV)",3.3,Josh Stein,D,40%,False,"February 9–12, 2024"
2024,North Carolina,NC,governor,General,East Carolina University,2023-11-29 to 2023-12-01,2023-11-29,2023-12-01,915 (RV),3.8,Josh Stein,D,42%,False,"November 29 – December 1, 2023"
2024,North Carolina,NC,governor,General,RealClearPolitics,2024-10-16 to 2024-11-04,2024-10-16,2024-11-04,,,Mark Robinson,R,38.8%,False,"October 16 – November 4, 2024"
2024,North Carolina,NC,governor,General,270ToWin,2024-10-24 to 2024-11-04,2024-10-24,2024-11-04,,,Mark Robinson,R,38.0%,False,"October 24 – November 4, 2024"
2024,North Carolina,NC,governor,General,The Hill,through 2024-11-04,,2024-11-04,,,Mark Robinson,R,38.8%,False,"through November 4, 2024"
2024,North Carolina,NC,governor,General,AtlasIntel,2024-11-03 to 2024-11-04,2024-11-03,2024-11-04,"1,219 (LV)",3.0,Mark Robinson,R,38%,False,"November 3–4, 2024"
2024,North Carolina,NC,governor,General,AtlasIntel,2024-11-01 to 2024-11-02,2024-11-01,2024-11-02,"1,310 (LV)",3.0,Mark Robinson,R,41%,False,"November 1–2, 2024"
2024,North Carolina,NC,governor,General,Emerson College,2024-10-30 to 2024-11-02,2024-10-30,2024-11-02,860 (LV),3.3,Mark Robinson,R,40%,False,"October 30 – November 2, 2024"
2024,North Carolina,NC,governor,General,New York Times,2024-10-28 to 2024-11-02,2024-10-28,2024-11-02,"1,010 (LV)",3.6,Mark Robinson,R,38%,False,"October 28 – November 2, 2024"
2024,North Carolina,NC,governor,General,Morning Consult,2024-10-23 to 2024-11-01,2024-10-23,2024-11-01,"1,056 (LV)",3.0,Mark Robinson,R,36%,False,"October 23 – November 1, 2024"
2024,North Carolina,NC,governor,General,ActiVote,2024-10-17 to 2024-10-31,2024-10-17,2024-10-31,400 (LV),4.9,Mark Robinson,R,42%,False,"October 17–31, 2024"
2024,North Carolina,NC,governor,General,AtlasIntel,2024-10-27 to 2024-10-30,2024-10-27,2024-10-30,"1,373 (LV)",3.0,Mark Robinson,R,42%,False,"October 27–30, 2024"
2024,North Carolina,NC,governor,General,AtlasIntel,2024-10-25 to 2024-10-29,2024-10-25,2024-10-29,"1,665 (LV)",3.0,Mark Robinson,R,39%,False,"October 25–29, 2024"
2024,North Carolina,NC,governor,General,East Carolina University,2024-10-24 to 2024-10-29,2024-10-24,2024-10-29,"1,250 (LV)",3.0,Mark Robinson,R,40%,False,"October 24–29, 2024"
2024,North Carolina,NC,governor,General,Fox News,2024-10-24 to 2024-10-28,2024-10-24,2024-10-28,872 (LV),3.0,Mark Robinson,R,41%,False,"October 24–28, 2024"
2024,North Carolina,NC,governor,General,CNN,2024-10-23 to 2024-10-28,2024-10-23,2024-10-28,750 (LV),4.5,Mark Robinson,R,37%,False,"October 23–28, 2024"
2024,North Carolina,NC,governor,General,SurveyUSA,2024-10-23 to 2024-10-26,2024-10-23,2024-10-26,853 (LV),4.1,Mark Robinson,R,37%,False,"October 23–26, 2024"
2024,North Carolina,NC,governor,General,UMass Lowell,2024-10-16 to 2024-10-23,2024-10-16,2024-10-23,650 (LV),4.2,Mark Robinson,R,36%,False,"October 16–23, 2024"
2024,North Carolina,NC,governor,General,Emerson College,2024-10-21 to 2024-10-22,2024-10-21,2024-10-22,950 (LV),3.1,Mark Robinson,R,39%,False,"October 21–22, 2024"
2024,North Carolina,NC,governor,General,Marist College,2024-10-17 to 2024-10-22,2024-10-17,2024-10-22,"1,226 (LV)",3.6,Mark Robinson,R,41%,False,"October 17–22, 2024"
2024,North Carolina,NC,governor,General,Substack,2024-10-20 to 2024-10-21,2024-10-20,2024-10-21,702 (LV),3.7,Mark Robinson,R,40%,False,"October 20–21, 2024"
2024,North Carolina,NC,governor,General,SurveyUSA,2024-10-17 to 2024-10-20,2024-10-17,2024-10-20,"1,164 (RV)",3.7,Mark Robinson,R,34%,False,"October 17–20, 2024"
2024,North Carolina,NC,governor,General,Redfield & Wilton Strategies,2024-10-16 to 2024-10-18,2024-10-16,2024-10-18,843 (LV),3.1,Mark Robinson,R,37%,False,"October 16–18, 2024"
2024,North Carolina,NC,governor,General,AtlasIntel,2024-10-12 to 2024-10-17,2024-10-12,2024-10-17,"1,674 (LV)",2.0,Mark Robinson,R,39%,False,"October 12–17, 2024"
2024,North Carolina,NC,governor,General,Elon University,2024-10-10 to 2024-10-17,2024-10-10,2024-10-17,800 (RV),4.0,Mark Robinson,R,31%,False,"October 10–17, 2024"
2024,North Carolina,NC,governor,General,Morning Consult,2024-10-06 to 2024-10-15,2024-10-06,2024-10-15,"1,072 (LV)",3.0,Mark Robinson,R,32%,False,"October 6–15, 2024"
2024,North Carolina,NC,governor,General,Cygnal (R),2024-10-12 to 2024-10-14,2024-10-12,2024-10-14,600 (LV),4.0,Mark Robinson,R,36%,False,"October 12–14, 2024"
2024,North Carolina,NC,governor,General,Redfield & Wilton Strategies,2024-10-12 to 2024-10-14,2024-10-12,2024-10-14,620 (LV),3.6,Mark Robinson,R,38%,False,"October 12–14, 2024"
2024,North Carolina,NC,governor,General,Quinnipiac University,2024-10-10 to 2024-10-14,2024-10-10,2024-10-14,"1,031 (LV)",3.1,Mark Robinson,R,42%,False,"October 10–14, 2024"
2024,North Carolina,NC,governor,General,Emerson College,2024-10-05 to 2024-10-08,2024-10-05,2024-10-08,"1,000 (LV)",3.0,Mark Robinson,R,34%,False,"October 5–8, 2024"
2024,North Carolina,NC,governor,General,ActiVote,2024-09-05 to 2024-10-05,2024-09-05,2024-10-05,400 (LV),4.9,Mark Robinson,R,43.5%,False,"September 5 – October 5, 2024"
2024,North Carolina,NC,governor,General,Redfield & Wilton Strategies,2024-09-27 to 2024-10-02,2024-09-27,2024-10-02,753 (LV),3.3,Mark Robinson,R,36%,False,"September 27 – October 2, 2024"
2024,North Carolina,NC,governor,General,Quinnipiac University,2024-09-25 to 2024-09-29,2024-09-25,2024-09-29,953 (LV),3.2,Mark Robinson,R,41%,False,"September 25–29, 2024"
2024,North Carolina,NC,governor,General,The Washington Post,2024-09-25 to 2024-09-29,2024-09-25,2024-09-29,"1,001 (LV)",3.5,Mark Robinson,R,38%,False,"September 25–29, 2024"
2024,North Carolina,NC,governor,General,High Point University,2024-09-20 to 2024-09-29,2024-09-20,2024-09-29,589 (LV),4.0,Mark Robinson,R,34%,False,"September 20–29, 2024"
2024,North Carolina,NC,governor,General,Emerson College,2024-09-27 to 2024-09-28,2024-09-27,2024-09-28,850 (LV),3.3,Mark Robinson,R,33%,False,"September 27–28, 2024"
2024,North Carolina,NC,governor,General,Napolitan Institute,2024-09-25 to 2024-09-27,2024-09-25,2024-09-27,780 (LV),3.5,Mark Robinson,R,38%,False,"September 25–27, 2024"
2024,North Carolina,NC,governor,General,East Carolina University,2024-09-23 to 2024-09-26,2024-09-23,2024-09-26,"1,005 (LV)",3.0,Mark Robinson,R,33%,False,"September 23–26, 2024"
2024,North Carolina,NC,governor,General,AtlasIntel,2024-09-20 to 2024-09-25,2024-09-20,2024-09-25,"1,173 (LV)",3.0,Mark Robinson,R,38%,False,"September 20–25, 2024"
2024,North Carolina,NC,governor,General,CNN,2024-09-20 to 2024-09-25,2024-09-20,2024-09-25,931 (LV),3.9,Mark Robinson,R,36%,False,"September 20–25, 2024"
2024,North Carolina,NC,governor,General,Global Strategy Group,2024-09-19 to 2024-09-25,2024-09-19,2024-09-25,411 (LV),,Mark Robinson,R,33%,False,"September 19–25, 2024"
2024,North Carolina,NC,governor,General,Fox News,2024-09-20 to 2024-09-24,2024-09-20,2024-09-24,787 (LV),3.5,Mark Robinson,R,41%,False,"September 20–24, 2024"
2024,North Carolina,NC,governor,General,Marist College,2024-09-19 to 2024-09-24,2024-09-19,2024-09-24,"1,507 (RV)",3.5,Mark Robinson,R,42%,False,"September 19–24, 2024"
2024,North Carolina,NC,governor,General,New York Times,2024-09-17 to 2024-09-21,2024-09-17,2024-09-21,682 (LV),4.2,Mark Robinson,R,37%,False,"September 17–21, 2024"
2024,North Carolina,NC,governor,General,Meredith College,2024-09-18 to 2024-09-20,2024-09-18,2024-09-20,802 (LV),3.5,Mark Robinson,R,40%,False,"September 18–20, 2024"
2024,North Carolina,NC,governor,General,Google Drive,2024-09-16 to 2024-09-18,2024-09-16,2024-09-18,600 (LV),4.0,Mark Robinson,R,42%,False,"September 16–18, 2024"
2024,North Carolina,NC,governor,General,Emerson College,2024-09-15 to 2024-09-18,2024-09-15,2024-09-18,"1,000 (RV)",3.0,Mark Robinson,R,40%,False,"September 15–18, 2024"
2024,North Carolina,NC,governor,General,Morning Consult,2024-09-11 to 2024-09-18,2024-09-11,2024-09-18,"1,314 (LV)",2.7,Mark Robinson,R,37%,False,"September 11–18, 2024"
2024,North Carolina,NC,governor,General,AARP,2024-09-11 to 2024-09-17,2024-09-11,2024-09-17,600 (LV),4.0,Mark Robinson,R,42%,False,"September 11–17, 2024"
2024,North Carolina,NC,governor,General,Cygnal (R),2024-09-15 to 2024-09-16,2024-09-15,2024-09-16,600 (LV),4.0,Mark Robinson,R,39%,False,"September 15–16, 2024"
2024,North Carolina,NC,governor,General,Elon University,2024-09-04 to 2024-09-13,2024-09-04,2024-09-13,800 (RV),3.74,Mark Robinson,R,35%,False,"September 4–13, 2024"
2024,North Carolina,NC,governor,General,Redfield & Wilton Strategies,2024-09-06 to 2024-09-09,2024-09-06,2024-09-09,495 (LV),3.8,Mark Robinson,R,33%,False,"September 6–9, 2024"
2024,North Carolina,NC,governor,General,Quinnipiac University,2024-09-04 to 2024-09-08,2024-09-04,2024-09-08,940 (LV),3.2,Mark Robinson,R,41%,False,"September 4–8, 2024"
2024,North Carolina,NC,governor,General,Morning Consult,2024-08-30 to 2024-09-08,2024-08-30,2024-09-08,"1,369 (LV)",3.0,Mark Robinson,R,37%,False,"August 30 – September 8, 2024"
2024,North Carolina,NC,governor,General,SurveyUSA,2024-09-04 to 2024-09-07,2024-09-04,2024-09-07,676 (LV),4.9,Mark Robinson,R,37%,False,"September 4–7, 2024"
2024,North Carolina,NC,governor,General,Florida Atlantic University,2024-09-05 to 2024-09-06,2024-09-05,2024-09-06,692 (RV),3.7,Mark Robinson,R,38%,False,"September 5–6, 2024"
2024,North Carolina,NC,governor,General,East Carolina University,2024-08-26 to 2024-08-28,2024-08-26,2024-08-28,920 (LV),3.0,Mark Robinson,R,41%,False,"August 26–28, 2024"
2024,North Carolina,NC,governor,General,Emerson College,2024-08-25 to 2024-08-28,2024-08-25,2024-08-28,775 (LV),3.5,Mark Robinson,R,41%,False,"August 25–28, 2024"
2024,North Carolina,NC,governor,General,The Daily Telegraph,2024-08-25 to 2024-08-28,2024-08-25,2024-08-28,812 (LV),3.18,Mark Robinson,R,40%,False,"August 25–28, 2024"
2024,North Carolina,NC,governor,General,Substack,2024-08-26 to 2024-08-27,2024-08-26,2024-08-27,612 (LV),,Mark Robinson,R,37%,False,"August 26–27, 2024"
2024,North Carolina,NC,governor,General,Fox News,2024-08-23 to 2024-08-26,2024-08-23,2024-08-26,"1,026 (RV)",3.0,Mark Robinson,R,43%,False,"August 23–26, 2024"
2024,North Carolina,NC,governor,General,ActiVote,2024-07-26 to 2024-08-26,2024-07-26,2024-08-26,400 (LV),4.9,Mark Robinson,R,46%,False,"July 26 – August 26, 2024"
2024,North Carolina,NC,governor,General,SurveyUSA,2024-08-19 to 2024-08-21,2024-08-19,2024-08-21,"1,053 (RV)",4.0,Mark Robinson,R,34%,False,"August 19–21, 2024"
2024,North Carolina,NC,governor,General,Redfield & Wilton Strategies,2024-08-12 to 2024-08-15,2024-08-12,2024-08-15,601 (LV),3.7,Mark Robinson,R,39%,False,"August 12–15, 2024"
2024,North Carolina,NC,governor,General,The New York Times,2024-08-09 to 2024-08-14,2024-08-09,2024-08-14,655 (RV),4.2,Mark Robinson,R,38%,False,"August 9–14, 2024"
2024,North Carolina,NC,governor,General,YouGov,2024-08-05 to 2024-08-09,2024-08-05,2024-08-09,802 (RV),3.9,Mark Robinson,R,36%,False,"August 5–9, 2024"
2024,North Carolina,NC,governor,General,Cygnal (R),2024-08-04 to 2024-08-05,2024-08-04,2024-08-05,600 (LV),4.0,Mark Robinson,R,38%,False,"August 4–5, 2024"
2024,North Carolina,NC,governor,General,Redfield & Wilton Strategies,2024-07-31 to 2024-08-03,2024-07-31,2024-08-03,714 (LV),,Mark Robinson,R,38%,False,"July 31 – August 3, 2024"
2024,North Carolina,NC,governor,General,Redfield & Wilton Strategies,2024-07-22 to 2024-07-24,2024-07-22,2024-07-24,586 (LV),,Mark Robinson,R,34%,False,"July 22–24, 2024"
2024,North Carolina,NC,governor,General,Public Policy Polling,2024-07-19 to 2024-07-20,2024-07-19,2024-07-20,573 (RV),,Mark Robinson,R,42%,False,"July 19–20, 2024"
2024,North Carolina,NC,governor,General,Redfield & Wilton Strategies,2024-07-16 to 2024-07-18,2024-07-16,2024-07-18,461 (LV),4.0,Mark Robinson,R,36%,False,"July 16–18, 2024"
2024,North Carolina,NC,governor,General,Expedition Strategies,2024-06-24 to 2024-07-08,2024-06-24,2024-07-08,284 (LV),,Mark Robinson,R,41%,False,"June 24 – July 8, 2024"
2024,North Carolina,NC,governor,General,Spry Strategies (R),2024-06-07 to 2024-06-11,2024-06-07,2024-06-11,600 (LV),4.0,Mark Robinson,R,43%,False,"June 7–11, 2024"
2024,North Carolina,NC,governor,General,East Carolina University,2024-05-31 to 2024-06-03,2024-05-31,2024-06-03,"1,332 (LV)",3.1,Mark Robinson,R,43%,False,"May 31 – June 3, 2024"
2024,North Carolina,NC,governor,General,North Star Opinion Research (R),2024-05-29 to 2024-06-02,2024-05-29,2024-06-02,600 (LV),4.0,Mark Robinson,R,44%,False,"May 29 – June 2, 2024"
2024,North Carolina,NC,governor,General,Change Research,2024-05-13 to 2024-05-18,2024-05-13,2024-05-18,835 (LV),3.8,Mark Robinson,R,43%,False,"May 13–18, 2024"
2024,North Carolina,NC,governor,General,High Point University,2024-05-02 to 2024-05-09,2024-05-02,2024-05-09,804 (RV),3.2,Mark Robinson,R,39%,False,"May 2–9, 2024"
2024,North Carolina,NC,governor,General,Cygnal (R),2024-05-04 to 2024-05-05,2024-05-04,2024-05-05,600 (LV),4.0,Mark Robinson,R,39%,False,"May 4–5, 2024"
2024,North Carolina,NC,governor,General,Emerson College,2024-04-25 to 2024-04-29,2024-04-25,2024-04-29,"1,000 (RV)",3.0,Mark Robinson,R,42%,False,"April 25–29, 2024"
2024,North Carolina,NC,governor,General,Meeting Street Insights (R),2024-04-25 to 2024-04-28,2024-04-25,2024-04-28,500 (RV),4.4,Mark Robinson,R,37%,False,"April 25–28, 2024"
2024,North Carolina,NC,governor,General,Meredith College,2024-04-11 to 2024-04-17,2024-04-11,2024-04-17,711 (LV),3.5,Mark Robinson,R,36%,False,"April 11–17, 2024"
2024,North Carolina,NC,governor,General,Cygnal (R),2024-04-07 to 2024-04-08,2024-04-07,2024-04-08,600 (LV),4.0,Mark Robinson,R,40%,False,"April 7–8, 2024"
2024,North Carolina,NC,governor,General,Quinnipiac University,2024-04-04 to 2024-04-08,2024-04-04,2024-04-08,"1,401 (RV)",2.6,Mark Robinson,R,44%,False,"April 4–8, 2024"
2024,North Carolina,NC,governor,General,High Point University,2024-03-22 to 2024-03-30,2024-03-22,2024-03-30,829 (RV),3.4,Mark Robinson,R,34%,False,"March 22–30, 2024"
2024,North Carolina,NC,governor,General,Marist College,2024-03-11 to 2024-03-14,2024-03-11,2024-03-14,"1,197 (RV)",3.6,Mark Robinson,R,47%,False,"March 11–14, 2024"
2024,North Carolina,NC,governor,General,SurveyUSA,2024-03-03 to 2024-03-09,2024-03-03,2024-03-09,598 (LV),4.9,Mark Robinson,R,42%,False,"March 3–9, 2024"
2024,North Carolina,NC,governor,General,Cygnal (R),2024-03-06 to 2024-03-07,2024-03-06,2024-03-07,600 (LV),4.0,Mark Robinson,R,44%,False,"March 6–7, 2024"
2024,North Carolina,NC,governor,General,Change Research,2024-02-15 to 2024-02-19,2024-02-15,2024-02-19,"1,622 (LV)",2.6,Mark Robinson,R,43%,False,"February 15–19, 2024"
2024,North Carolina,NC,governor,General,East Carolina University,2024-02-09 to 2024-02-12,2024-02-09,2024-02-12,"1,207 (RV)",3.3,Mark Robinson,R,41%,False,"February 9–12, 2024"
2024,North Carolina,NC,governor,General,Meredith College,2024-01-26 to 2024-01-31,2024-01-26,2024-01-31,760 (RV),3.5,Mark Robinson,R,35%,False,"January 26–31, 2024"
2024,North Carolina,NC,governor,General,East Carolina University,2023-11-29 to 2023-12-01,2023-11-29,2023-12-01,915 (RV),3.8,Mark Robinson,R,44%,False,"November 29 – December 1, 2023"
2024,North Carolina,NC,governor,General,Meredith College,2023-11-01 to 2023-11-05,2023-11-01,2023-11-05,755 (RV),3.5,Mark Robinson,R,36%,False,"November 1–5, 2023"
2024,North Carolina,NC,governor,General,Change Research,2023-09-01 to 2023-09-05,2023-09-01,2023-09-05,914 (LV),3.6,Mark Robinson,R,42%,False,"September 1–5, 2023"
2024,North Carolina,NC,governor,General,Opinion Diagnostics (R),2023-06-05 to 2023-06-07,2023-06-05,2023-06-07,902 (LV),3.3,Mark Robinson,R,41%,False,"June 5–7, 2023"
2024,North Carolina,NC,governor,General,Cygnal (R),2023-05-12 to 2023-05-23,2023-05-12,2023-05-23,610 (LV),4.0,Mark Robinson,R,42%,False,"May 12–23, 2023"
2024,North Carolina,NC,governor,General,Change Research,2023-05-05 to 2023-05-08,2023-05-05,2023-05-08,802 (LV),3.9,Mark Robinson,R,46%,False,"May 5–8, 2023"
2024,North Carolina,NC,governor,General,Public Policy Polling,2023-03-02 to 2023-03-03,2023-03-02,2023-03-03,704 (RV),3.7,Mark Robinson,R,44%,False,"March 2–3, 2023"
2024,North Carolina,NC,governor,General,Differentiator Data (R),2023-01-09 to 2023-01-12,2023-01-09,2023-01-12,500 (LV),4.5,Mark Robinson,R,42%,False,"January 9–12, 2023"
2024,North Carolina,NC,governor,General,Public Policy Polling,2022-10-07 to 2022-10-08,2022-10-07,2022-10-08,606 (RV),4.0,Mark Robinson,R,42%,False,"October 7–8, 2022"
2024,North Carolina,NC,governor,General,Meeting Street Insights (R),2022-05-12 to 2022-05-16,2022-05-12,2022-05-16,500 (LV),4.4,Mark Robinson,R,48%,False,"May 12–16, 2022"
2024,North Carolina,NC,governor,General,East Carolina University,2024-02-09 to 2024-02-12,2024-02-09,2024-02-12,"1,207 (RV)",3.3,Dale Folwell,R,31%,False,"February 9–12, 2024"
2024,North Carolina,NC,governor,General,East Carolina University,2023-11-29 to 2023-12-01,2023-11-29,2023-12-01,915 (RV),3.8,Dale Folwell,R,38%,False,"November 29 – December 1, 2023"
2024,North Carolina,NC,governor,General,Cygnal (R),2023-05-12 to 2023-05-23,2023-05-12,2023-05-23,610 (LV),4.0,Dale Folwell,R,34%,False,"May 12–23, 2023"
2024,North Carolina,NC,governor,General,East Carolina University,2024-02-09 to 2024-02-12,2024-02-09,2024-02-12,"1,207 (RV)",3.3,Bill Graham,R,35%,False,"February 9–12, 2024"
2024,North Carolina,NC,governor,General,East Carolina University,2023-11-29 to 2023-12-01,2023-11-29,2023-12-01,915 (RV),3.8,Bill Graham,R,39%,False,"November 29 – December 1, 2023"
2024,North Carolina,NC,governor,General,Cygnal (R),2023-05-12 to 2023-05-23,2023-05-12,2023-05-23,610 (LV),4.0,Mark Walker,R,37%,False,"May 12–23, 2023"
2024,North Carolina,NC,governor,General,High Point University,2024-02-16 to 2024-02-23,2024-02-16,2024-02-23,753 (LV),3.9,Generic Democrat,Unknown,46%,False,"February 16–23, 2024"
2024,North Carolina,NC,governor,General,High Point University,2024-02-16 to 2024-02-23,2024-02-16,2024-02-23,753 (LV),3.9,Generic Republican,Unknown,45%,False,"February 16–23, 2024"
2024,North Dakota,ND,governor,General,WPA Intelligence,2024-09-28 to 2024-09-30,2024-09-28,2024-09-30,500 (LV),4.4,Kelly Armstrong,R,54%,False,"September 28–30, 2024"
2024,North Dakota,ND,governor,General,Public Opinion Strategies,2024-06-15 to 2024-06-19,2024-06-15,2024-06-19,500 (LV),4.38,Kelly Armstrong,R,61%,False,"June 15–19, 2024"
2024,North Dakota,ND,governor,General,WPA Intelligence,2024-09-28 to 2024-09-30,2024-09-28,2024-09-30,500 (LV),4.4,Merrill Piepkorn,D,24%,False,"September 28–30, 2024"
2024,North Dakota,ND,governor,General,Public Opinion Strategies,2024-06-15 to 2024-06-19,2024-06-15,2024-06-19,500 (LV),4.38,Merrill Piepkorn,D,22%,False,"June 15–19, 2024"
2024,North Dakota,ND,governor,General,WPA Intelligence,2024-09-28 to 2024-09-30,2024-09-28,2024-09-30,500 (LV),4.4,Michael Coachman,I,3%,False,"September 28–30, 2024"
2024,North Dakota,ND,governor,General,Public Opinion Strategies,2024-06-15 to 2024-06-19,2024-06-15,2024-06-19,500 (LV),4.38,Michael Coachman,I,11%,False,"June 15–19, 2024"
2024,Oregon,OR,attorney general,General,Public Policy Polling (D),2024-10-16 to 2024-10-17,2024-10-16,2024-10-17,716 (LV),3.7,Dan Rayfield,Unknown,46%,False,"October 16–17, 2024"
2024,Oregon,OR,attorney general,General,Public Policy Polling (D),2024-10-16 to 2024-10-17,2024-10-16,2024-10-17,716 (LV),3.7,Will Lathrop,Unknown,41%,False,"October 16–17, 2024"
2024,Oregon,OR,secretary of state,General,Public Policy Polling (D),2024-10-16 to 2024-10-17,2024-10-16,2024-10-17,716 (LV),3.7,Tobias Read,Unknown,44%,False,"October 16–17, 2024"
2024,Oregon,OR,secretary of state,General,Public Policy Polling (D),2024-10-16 to 2024-10-17,2024-10-16,2024-10-17,716 (LV),3.7,Dennis Linthicum,Unknown,38%,False,"October 16–17, 2024"
2024,Oregon,OR,secretary of state,General,Public Policy Polling (D),2024-10-16 to 2024-10-17,2024-10-16,2024-10-17,716 (LV),3.7,Nathalie Paravicini,Unknown,3%,False,"October 16–17, 2024"
2024,Oregon,OR,state treasurer,General,Public Policy Polling (D),2024-10-16 to 2024-10-17,2024-10-16,2024-10-17,716 (LV),3.7,Elizabeth Steiner,Unknown,42%,False,"October 16–17, 2024"
2024,Oregon,OR,state treasurer,General,Public Policy Polling (D),2024-10-16 to 2024-10-17,2024-10-16,2024-10-17,716 (LV),3.7,Brian Boquist,Unknown,37%,False,"October 16–17, 2024"
2024,Oregon,OR,state treasurer,General,Public Policy Polling (D),2024-10-16 to 2024-10-17,2024-10-16,2024-10-17,716 (LV),3.7,Mary King,Unknown,4%,False,"October 16–17, 2024"
2024,Pennsylvania,PA,attorney general,General,ActiVote,2024-10-04 to 2024-10-25,2024-10-04,2024-10-25,400 (LV),4.9,Eugene DePasquale,D,51%,False,"October 4–25, 2024"
2024,Pennsylvania,PA,attorney general,General,ActiVote,2024-09-06 to 2024-10-07,2024-09-06,2024-10-07,400 (LV),4.9,Eugene DePasquale,D,50%,False,"September 6 – October 7, 2024"
2024,Pennsylvania,PA,attorney general,General,Fabrizio Ward,2024-09-17 to 2024-09-24,2024-09-17,2024-09-24,"1,398 (LV)",,Eugene DePasquale,D,47%,False,"September 17–24, 2024"
2024,Pennsylvania,PA,attorney general,General,ActiVote,2024-07-26 to 2024-08-23,2024-07-26,2024-08-23,400 (LV),4.9,Eugene DePasquale,D,53%,False,"July 26 – August 23, 2024"
2024,Pennsylvania,PA,attorney general,General,Commonwealth Foundation,2024-06-14 to 2024-06-19,2024-06-14,2024-06-19,800 (RV),3.46,Eugene DePasquale,D,43%,False,"June 14–19, 2024"
2024,Pennsylvania,PA,attorney general,General,Fabrizio Ward,2024-04-24 to 2024-04-30,2024-04-24,2024-04-30,"1,398 (LV)",3.0,Eugene DePasquale,D,43%,False,"April 24–30, 2024"
2024,Pennsylvania,PA,attorney general,General,ActiVote,2024-10-04 to 2024-10-25,2024-10-04,2024-10-25,400 (LV),4.9,Dave Sunday,R,49%,False,"October 4–25, 2024"
2024,Pennsylvania,PA,attorney general,General,ActiVote,2024-09-06 to 2024-10-07,2024-09-06,2024-10-07,400 (LV),4.9,Dave Sunday,R,50%,False,"September 6 – October 7, 2024"
2024,Pennsylvania,PA,attorney general,General,Fabrizio Ward,2024-09-17 to 2024-09-24,2024-09-17,2024-09-24,"1,398 (LV)",,Dave Sunday,R,44%,False,"September 17–24, 2024"
2024,Pennsylvania,PA,attorney general,General,ActiVote,2024-07-26 to 2024-08-23,2024-07-26,2024-08-23,400 (LV),4.9,Dave Sunday,R,47%,False,"July 26 – August 23, 2024"
2024,Pennsylvania,PA,attorney general,General,Commonwealth Foundation,2024-06-14 to 2024-06-19,2024-06-14,2024-06-19,800 (RV),3.46,Dave Sunday,R,39%,False,"June 14–19, 2024"
2024,Pennsylvania,PA,attorney general,General,Fabrizio Ward,2024-04-24 to 2024-04-30,2024-04-24,2024-04-30,"1,398 (LV)",3.0,Dave Sunday,R,44%,False,"April 24–30, 2024"
2024,Pennsylvania,PA,state treasurer,General,ActiVote,2024-10-04 to 2024-10-25,2024-10-04,2024-10-25,400 (LV),4.9,Stacy Garrity,R,50.5%,True,"October 4–25, 2024"
2024,Pennsylvania,PA,state treasurer,General,ActiVote,2024-09-06 to 2024-10-07,2024-09-06,2024-10-07,400 (LV),4.9,Stacy Garrity,R,51%,True,"September 6 – October 7, 2024"
2024,Pennsylvania,PA,state treasurer,General,Fabrizio Ward,2024-09-17 to 2024-09-24,2024-09-17,2024-09-24,"1,398 (LV)",,Stacy Garrity,R,45%,True,"September 17–24, 2024"
2024,Pennsylvania,PA,state treasurer,General,ActiVote,2024-07-26 to 2024-08-23,2024-07-26,2024-08-23,400 (LV),4.9,Stacy Garrity,R,46%,True,"July 26 – August 23, 2024"
2024,Pennsylvania,PA,state treasurer,General,Commonwealth Foundation,2024-06-14 to 2024-06-19,2024-06-14,2024-06-19,800 (RV),3.46,Stacy Garrity,R,41%,True,"June 14–19, 2024"
2024,Pennsylvania,PA,state treasurer,General,ActiVote,2024-10-04 to 2024-10-25,2024-10-04,2024-10-25,400 (LV),4.9,Erin McClelland,D,49.5%,False,"October 4–25, 2024"
2024,Pennsylvania,PA,state treasurer,General,ActiVote,2024-09-06 to 2024-10-07,2024-09-06,2024-10-07,400 (LV),4.9,Erin McClelland,D,49%,False,"September 6 – October 7, 2024"
2024,Pennsylvania,PA,state treasurer,General,Fabrizio Ward,2024-09-17 to 2024-09-24,2024-09-17,2024-09-24,"1,398 (LV)",,Erin McClelland,D,44%,False,"September 17–24, 2024"
2024,Pennsylvania,PA,state treasurer,General,ActiVote,2024-07-26 to 2024-08-23,2024-07-26,2024-08-23,400 (LV),4.9,Erin McClelland,D,54%,False,"July 26 – August 23, 2024"
2024,Pennsylvania,PA,state treasurer,General,Commonwealth Foundation,2024-06-14 to 2024-06-19,2024-06-14,2024-06-19,800 (RV),3.46,Erin McClelland,D,44%,False,"June 14–19, 2024"
2024,Puerto Rico,PR,governor,General,Pasquines,,,,483 (RV),,Pedro Pierluisi,Unknown,63%,True,22–30 May 2024
2024,Puerto Rico,PR,governor,General,Noticel and <br /> Atlas Intel,,,,"2,350 (A)",2.0,Pedro Pierluisi,Unknown,50.4%,True,8–12 October 2023
2024,Puerto Rico,PR,governor,General,El Nuevo Día and <br /> The Research Office,,,,≈400 (A),6.0,Pedro Pierluisi,Unknown,25%,True,31 January – 5 February 2023
2024,Puerto Rico,PR,governor,General,Pasquines,,,,483 (RV),,Jenniffer González Colón,Unknown,35%,False,22–30 May 2024
2024,Puerto Rico,PR,governor,General,Noticel and <br /> Atlas Intel,,,,"2,350 (A)",2.0,Jenniffer González Colón,Unknown,42.4%,False,8–12 October 2023
2024,Puerto Rico,PR,governor,General,El Nuevo Día and <br /> The Research Office,,,,≈400 (A),6.0,Jenniffer González Colón,Unknown,64%,False,31 January – 5 February 2023
2024,Puerto Rico,PR,governor,General,El Nuevo Día and The Research Office,,,,"≈1,000 (A)",6.0,Jesús Manuel Ortiz,Unknown,30%,False,24–29 October 2023
2024,Puerto Rico,PR,governor,General,Noticel and Atlas Intel,,,,"≈2,350 (A)",6.0,Jesús Manuel Ortiz,Unknown,42.6%,False,8 – 12 October 2023
2024,Puerto Rico,PR,governor,General,El Nuevo Día and The Research Office,,,,"≈1,000 (A)",6.0,Carlos Delgado Altieri,Unknown,26%,False,24–29 October 2023
2024,Puerto Rico,PR,governor,General,Noticel and Atlas Intel,,,,"≈2,350 (A)",6.0,Carlos Delgado Altieri,Unknown,16.4%,False,8 – 12 October 2023
2024,Puerto Rico,PR,governor,General,El Nuevo Día and The Research Office,,,,≈400 (A),6.0,Carlos Delgado Altieri,Unknown,28%,False,31 January – 5 February 2023
2024,Puerto Rico,PR,governor,General,El Nuevo Día and The Research Office,,,,"≈1,000 (A)",6.0,José Luis Dalmau,Unknown,17%,False,24–29 October 2023
2024,Puerto Rico,PR,governor,General,Noticel and Atlas Intel,,,,"≈2,350 (A)",6.0,José Luis Dalmau,Unknown,5.6%,False,8 – 12 October 2023
2024,Puerto Rico,PR,governor,General,El Nuevo Día and The Research Office,,,,≈400 (A),6.0,José Luis Dalmau,Unknown,24%,False,31 January – 5 February 2023
2024,Puerto Rico,PR,governor,General,El Nuevo Día and The Research Office,,,,"≈1,000 (A)",6.0,Juan Zaragoza,Unknown,13%,False,24–29 October 2023
2024,Puerto Rico,PR,governor,General,Noticel and Atlas Intel,,,,"≈2,350 (A)",6.0,Juan Zaragoza,Unknown,3.8%,False,8 – 12 October 2023
2024,Puerto Rico,PR,governor,General,El Nuevo Día and The Research Office,,,,≈400 (A),6.0,Juan Zaragoza,Unknown,19%,False,31 January – 5 February 2023
2024,Puerto Rico,PR,governor,General,El Nuevo Día and The Research Office,,,,"≈1,000 (A)",6.0,Luis Javier Hernández,Unknown,13%,False,24–29 October 2023
2024,Puerto Rico,PR,governor,General,Noticel and Atlas Intel,,,,"≈2,350 (A)",6.0,Luis Javier Hernández,Unknown,17.3%,False,8 – 12 October 2023
2024,Puerto Rico,PR,governor,General,El Nuevo Día and The Research Office,,,,≈400 (A),6.0,Luis Javier Hernández,Unknown,4%,False,31 January – 5 February 2023
2024,Puerto Rico,PR,governor,General,El Nuevo Día and The Research Office,,,,≈400 (A),6.0,Carmen Maldonado González,Unknown,8%,False,31 January – 5 February 2023
2024,Puerto Rico,PR,governor,General,AtlasIntel,2024-11-01 to 2024-11-04,2024-11-01,2024-11-04,"4,914 (LV)",1.0,Jenniffer González- Colón (PNP),Unknown,36%,False,"November 1–4, 2024"
2024,Puerto Rico,PR,governor,General,Lit Data PR,2024-11-01 to 2024-11-04,2024-11-01,2024-11-04,800 (A),3.39,Jenniffer González- Colón (PNP),Unknown,39.89%,False,"November 1–4, 2024"
2024,Puerto Rico,PR,governor,General,El Nuevo Día,2024-10-29 to 2024-11-01,2024-10-29,2024-11-01,"1,000 (LV)",,Jenniffer González- Colón (PNP),Unknown,37%,False,"October 29 – November 1, 2024"
2024,Puerto Rico,PR,governor,General,Lit Data PR,2024-10-25 to 2024-11-01,2024-10-25,2024-11-01,800 (A),3.39,Jenniffer González- Colón (PNP),Unknown,35%,False,"October 25 – November 1, 2024"
2024,Puerto Rico,PR,governor,General,Pasquines,2024-10-21 to 2024-11-01,2024-10-21,2024-11-01,(A),,Jenniffer González- Colón (PNP),Unknown,37%,False,"October 21 – November 1, 2024"
2024,Puerto Rico,PR,governor,General,IZQ Strategies,2024-10-14 to 2024-10-31,2024-10-14,2024-10-31,"1,651 (LV)",3.0,Jenniffer González- Colón (PNP),Unknown,35%,False,"October 14–31, 2024"
2024,Puerto Rico,PR,governor,General,Bacon Research,2024-10-25 to 2024-10-29,2024-10-25,2024-10-29,807 (LV),3.0,Jenniffer González- Colón (PNP),Unknown,32%,False,"October 25–29, 2024"
2024,Puerto Rico,PR,governor,General,Lit Data PR,2024-10-18 to 2024-10-25,2024-10-18,2024-10-25,800 (A),3.39,Jenniffer González- Colón (PNP),Unknown,32%,False,"October 18–25, 2024"
2024,Puerto Rico,PR,governor,General,Consultoría Académica e Investigación Social LLC,2024-10-10 to 2024-10-22,2024-10-10,2024-10-22,784 (V),,Jenniffer González- Colón (PNP),Unknown,38%,False,"October 10–22, 2024"
2024,Puerto Rico,PR,governor,General,Lit Data PR,2024-10-11 to 2024-10-18,2024-10-11,2024-10-18,800 (A),3.39,Jenniffer González- Colón (PNP),Unknown,34%,False,"October 11–18, 2024"
2024,Puerto Rico,PR,governor,General,Gaither International,2024-10-01 to 2024-10-16,2024-10-01,2024-10-16,"1,109 (A)",2.94,Jenniffer González- Colón (PNP),Unknown,31%,False,"October 1–16, 2024"
2024,Puerto Rico,PR,governor,General,Lit Data PR,2024-10-04 to 2024-10-11,2024-10-04,2024-10-11,800 (A),3.39,Jenniffer González- Colón (PNP),Unknown,34%,False,"October 4–11, 2024"
2024,Puerto Rico,PR,governor,General,Bacon Research,2024-10-03 to 2024-10-10,2024-10-03,2024-10-10,807 (LV),3.0,Jenniffer González- Colón (PNP),Unknown,33%,False,"October 3–10, 2024"
2024,Puerto Rico,PR,governor,General,Lit Data PR,2024-09-27 to 2024-10-04,2024-09-27,2024-10-04,800 (A),3.39,Jenniffer González- Colón (PNP),Unknown,30%,False,"September 27 – October 4, 2024"
2024,Puerto Rico,PR,governor,General,El Nuevo Día,2024-09-28 to 2024-10-02,2024-09-28,2024-10-02,"1,000 (RV)",3.0,Jenniffer González- Colón (PNP),Unknown,37%,False,"September 28 – October 2, 2024"
2024,Puerto Rico,PR,governor,General,Lit Data PR,2024-09-21 to 2024-09-27,2024-09-21,2024-09-27,800 (A),,Jenniffer González- Colón (PNP),Unknown,35%,False,"September 21–27, 2024"
2024,Puerto Rico,PR,governor,General,Lit Data PR,2024-09-05 to 2024-09-20,2024-09-05,2024-09-20,800 (A),,Jenniffer González- Colón (PNP),Unknown,34%,False,"September 5–20, 2024"
2024,Puerto Rico,PR,governor,General,Consultoría Académica e Investigación Social LLC,2024-08-31 to 2024-09-03,2024-08-31,2024-09-03,,,Jenniffer González- Colón (PNP),Unknown,37%,False,"August 31 – September 3, 2024"
2024,Puerto Rico,PR,governor,General,Gaither International,2024-06-23 to 2024-07-08,2024-06-23,2024-07-08,"1,109 (A)",2.0,Jenniffer González- Colón (PNP),Unknown,43%,False,"June 23 – July 8, 2024"
2024,Puerto Rico,PR,governor,General,El Nuevo Día,2024-02-20 to 2024-02-25,2024-02-20,2024-02-25,"1,000 (V)",,Jenniffer González- Colón (PNP),Unknown,38%,False,"February 20–25, 2024"
2024,Puerto Rico,PR,governor,General,AtlasIntel,2024-02-15 to 2024-02-22,2024-02-15,2024-02-22,"2,200 (V)",,Jenniffer González- Colón (PNP),Unknown,33%,False,"February 15–22, 2024"
2024,Puerto Rico,PR,governor,General,AtlasIntel,2024-11-01 to 2024-11-04,2024-11-01,2024-11-04,"4,914 (LV)",1.0,Jesús Manuel Ortiz (PPD),Unknown,20%,False,"November 1–4, 2024"
2024,Puerto Rico,PR,governor,General,Lit Data PR,2024-11-01 to 2024-11-04,2024-11-01,2024-11-04,800 (A),3.39,Jesús Manuel Ortiz (PPD),Unknown,16.01%,False,"November 1–4, 2024"
2024,Puerto Rico,PR,governor,General,El Nuevo Día,2024-10-29 to 2024-11-01,2024-10-29,2024-11-01,"1,000 (LV)",,Jesús Manuel Ortiz (PPD),Unknown,22%,False,"October 29 – November 1, 2024"
2024,Puerto Rico,PR,governor,General,Lit Data PR,2024-10-25 to 2024-11-01,2024-10-25,2024-11-01,800 (A),3.39,Jesús Manuel Ortiz (PPD),Unknown,15%,False,"October 25 – November 1, 2024"
2024,Puerto Rico,PR,governor,General,Pasquines,2024-10-21 to 2024-11-01,2024-10-21,2024-11-01,(A),,Jesús Manuel Ortiz (PPD),Unknown,23%,False,"October 21 – November 1, 2024"
2024,Puerto Rico,PR,governor,General,IZQ Strategies,2024-10-14 to 2024-10-31,2024-10-14,2024-10-31,"1,651 (LV)",3.0,Jesús Manuel Ortiz (PPD),Unknown,17%,False,"October 14–31, 2024"
2024,Puerto Rico,PR,governor,General,Bacon Research,2024-10-25 to 2024-10-29,2024-10-25,2024-10-29,807 (LV),3.0,Jesús Manuel Ortiz (PPD),Unknown,18%,False,"October 25–29, 2024"
2024,Puerto Rico,PR,governor,General,Lit Data PR,2024-10-18 to 2024-10-25,2024-10-18,2024-10-25,800 (A),3.39,Jesús Manuel Ortiz (PPD),Unknown,14%,False,"October 18–25, 2024"
2024,Puerto Rico,PR,governor,General,Consultoría Académica e Investigación Social LLC,2024-10-10 to 2024-10-22,2024-10-10,2024-10-22,784 (V),,Jesús Manuel Ortiz (PPD),Unknown,17%,False,"October 10–22, 2024"
2024,Puerto Rico,PR,governor,General,Lit Data PR,2024-10-11 to 2024-10-18,2024-10-11,2024-10-18,800 (A),3.39,Jesús Manuel Ortiz (PPD),Unknown,13%,False,"October 11–18, 2024"
2024,Puerto Rico,PR,governor,General,Gaither International,2024-10-01 to 2024-10-16,2024-10-01,2024-10-16,"1,109 (A)",2.94,Jesús Manuel Ortiz (PPD),Unknown,18%,False,"October 1–16, 2024"
2024,Puerto Rico,PR,governor,General,Lit Data PR,2024-10-04 to 2024-10-11,2024-10-04,2024-10-11,800 (A),3.39,Jesús Manuel Ortiz (PPD),Unknown,17%,False,"October 4–11, 2024"
2024,Puerto Rico,PR,governor,General,Bacon Research,2024-10-03 to 2024-10-10,2024-10-03,2024-10-10,807 (LV),3.0,Jesús Manuel Ortiz (PPD),Unknown,20%,False,"October 3–10, 2024"
2024,Puerto Rico,PR,governor,General,Lit Data PR,2024-09-27 to 2024-10-04,2024-09-27,2024-10-04,800 (A),3.39,Jesús Manuel Ortiz (PPD),Unknown,13%,False,"September 27 – October 4, 2024"
2024,Puerto Rico,PR,governor,General,El Nuevo Día,2024-09-28 to 2024-10-02,2024-09-28,2024-10-02,"1,000 (RV)",3.0,Jesús Manuel Ortiz (PPD),Unknown,22%,False,"September 28 – October 2, 2024"
2024,Puerto Rico,PR,governor,General,Lit Data PR,2024-09-21 to 2024-09-27,2024-09-21,2024-09-27,800 (A),,Jesús Manuel Ortiz (PPD),Unknown,12%,False,"September 21–27, 2024"
2024,Puerto Rico,PR,governor,General,Lit Data PR,2024-09-05 to 2024-09-20,2024-09-05,2024-09-20,800 (A),,Jesús Manuel Ortiz (PPD),Unknown,10%,False,"September 5–20, 2024"
2024,Puerto Rico,PR,governor,General,Consultoría Académica e Investigación Social LLC,2024-08-31 to 2024-09-03,2024-08-31,2024-09-03,,,Jesús Manuel Ortiz (PPD),Unknown,23%,False,"August 31 – September 3, 2024"
2024,Puerto Rico,PR,governor,General,Gaither International,2024-06-23 to 2024-07-08,2024-06-23,2024-07-08,"1,109 (A)",2.0,Jesús Manuel Ortiz (PPD),Unknown,14%,False,"June 23 – July 8, 2024"
2024,Puerto Rico,PR,governor,General,El Nuevo Día,2024-02-20 to 2024-02-25,2024-02-20,2024-02-25,"1,000 (V)",,Jesús Manuel Ortiz (PPD),Unknown,30%,False,"February 20–25, 2024"
2024,Puerto Rico,PR,governor,General,AtlasIntel,2024-02-15 to 2024-02-22,2024-02-15,2024-02-22,"2,200 (V)",,Jesús Manuel Ortiz (PPD),Unknown,20%,False,"February 15–22, 2024"
2024,Puerto Rico,PR,governor,General,AtlasIntel,2024-11-01 to 2024-11-04,2024-11-01,2024-11-04,"4,914 (LV)",1.0,Juan Dalmau (PIP),Unknown,35%,False,"November 1–4, 2024"
2024,Puerto Rico,PR,governor,General,Lit Data PR,2024-11-01 to 2024-11-04,2024-11-01,2024-11-04,800 (A),3.39,Juan Dalmau (PIP),Unknown,34.55%,False,"November 1–4, 2024"
2024,Puerto Rico,PR,governor,General,El Nuevo Día,2024-10-29 to 2024-11-01,2024-10-29,2024-11-01,"1,000 (LV)",,Juan Dalmau (PIP),Unknown,29%,False,"October 29 – November 1, 2024"
2024,Puerto Rico,PR,governor,General,Lit Data PR,2024-10-25 to 2024-11-01,2024-10-25,2024-11-01,800 (A),3.39,Juan Dalmau (PIP),Unknown,34%,False,"October 25 – November 1, 2024"
2024,Puerto Rico,PR,governor,General,Pasquines,2024-10-21 to 2024-11-01,2024-10-21,2024-11-01,(A),,Juan Dalmau (PIP),Unknown,31%,False,"October 21 – November 1, 2024"
2024,Puerto Rico,PR,governor,General,IZQ Strategies,2024-10-14 to 2024-10-31,2024-10-14,2024-10-31,"1,651 (LV)",3.0,Juan Dalmau (PIP),Unknown,37%,False,"October 14–31, 2024"
2024,Puerto Rico,PR,governor,General,Bacon Research,2024-10-25 to 2024-10-29,2024-10-25,2024-10-29,807 (LV),3.0,Juan Dalmau (PIP),Unknown,25%,False,"October 25–29, 2024"
2024,Puerto Rico,PR,governor,General,Lit Data PR,2024-10-18 to 2024-10-25,2024-10-18,2024-10-25,800 (A),3.39,Juan Dalmau (PIP),Unknown,30%,False,"October 18–25, 2024"
2024,Puerto Rico,PR,governor,General,Consultoría Académica e Investigación Social LLC,2024-10-10 to 2024-10-22,2024-10-10,2024-10-22,784 (V),,Juan Dalmau (PIP),Unknown,30%,False,"October 10–22, 2024"
2024,Puerto Rico,PR,governor,General,Lit Data PR,2024-10-11 to 2024-10-18,2024-10-11,2024-10-18,800 (A),3.39,Juan Dalmau (PIP),Unknown,28%,False,"October 11–18, 2024"
2024,Puerto Rico,PR,governor,General,Gaither International,2024-10-01 to 2024-10-16,2024-10-01,2024-10-16,"1,109 (A)",2.94,Juan Dalmau (PIP),Unknown,29%,False,"October 1–16, 2024"
2024,Puerto Rico,PR,governor,General,Lit Data PR,2024-10-04 to 2024-10-11,2024-10-04,2024-10-11,800 (A),3.39,Juan Dalmau (PIP),Unknown,26%,False,"October 4–11, 2024"
2024,Puerto Rico,PR,governor,General,Bacon Research,2024-10-03 to 2024-10-10,2024-10-03,2024-10-10,807 (LV),3.0,Juan Dalmau (PIP),Unknown,20%,False,"October 3–10, 2024"
2024,Puerto Rico,PR,governor,General,Lit Data PR,2024-09-27 to 2024-10-04,2024-09-27,2024-10-04,800 (A),3.39,Juan Dalmau (PIP),Unknown,25%,False,"September 27 – October 4, 2024"
2024,Puerto Rico,PR,governor,General,El Nuevo Día,2024-09-28 to 2024-10-02,2024-09-28,2024-10-02,"1,000 (RV)",3.0,Juan Dalmau (PIP),Unknown,25%,False,"September 28 – October 2, 2024"
2024,Puerto Rico,PR,governor,General,Lit Data PR,2024-09-21 to 2024-09-27,2024-09-21,2024-09-27,800 (A),,Juan Dalmau (PIP),Unknown,21%,False,"September 21–27, 2024"
2024,Puerto Rico,PR,governor,General,Lit Data PR,2024-09-05 to 2024-09-20,2024-09-05,2024-09-20,800 (A),,Juan Dalmau (PIP),Unknown,21%,False,"September 5–20, 2024"
2024,Puerto Rico,PR,governor,General,Consultoría Académica e Investigación Social LLC,2024-08-31 to 2024-09-03,2024-08-31,2024-09-03,,,Juan Dalmau (PIP),Unknown,25%,False,"August 31 – September 3, 2024"
2024,Puerto Rico,PR,governor,General,Gaither International,2024-06-23 to 2024-07-08,2024-06-23,2024-07-08,"1,109 (A)",2.0,Juan Dalmau (PIP),Unknown,23%,False,"June 23 – July 8, 2024"
2024,Puerto Rico,PR,governor,General,El Nuevo Día,2024-02-20 to 2024-02-25,2024-02-20,2024-02-25,"1,000 (V)",,Juan Dalmau (PIP),Unknown,10%,False,"February 20–25, 2024"
2024,Puerto Rico,PR,governor,General,AtlasIntel,2024-02-15 to 2024-02-22,2024-02-15,2024-02-22,"2,200 (V)",,Juan Dalmau (PIP),Unknown,25%,False,"February 15–22, 2024"
2024,Puerto Rico,PR,governor,General,AtlasIntel,2024-11-01 to 2024-11-04,2024-11-01,2024-11-04,"4,914 (LV)",1.0,Javier Jiménez (PD),Unknown,8%,False,"November 1–4, 2024"
2024,Puerto Rico,PR,governor,General,Lit Data PR,2024-11-01 to 2024-11-04,2024-11-01,2024-11-04,800 (A),3.39,Javier Jiménez (PD),Unknown,9.55%,False,"November 1–4, 2024"
2024,Puerto Rico,PR,governor,General,El Nuevo Día,2024-10-29 to 2024-11-01,2024-10-29,2024-11-01,"1,000 (LV)",,Javier Jiménez (PD),Unknown,7%,False,"October 29 – November 1, 2024"
2024,Puerto Rico,PR,governor,General,Lit Data PR,2024-10-25 to 2024-11-01,2024-10-25,2024-11-01,800 (A),3.39,Javier Jiménez (PD),Unknown,8%,False,"October 25 – November 1, 2024"
2024,Puerto Rico,PR,governor,General,Pasquines,2024-10-21 to 2024-11-01,2024-10-21,2024-11-01,(A),,Javier Jiménez (PD),Unknown,7%,False,"October 21 – November 1, 2024"
2024,Puerto Rico,PR,governor,General,IZQ Strategies,2024-10-14 to 2024-10-31,2024-10-14,2024-10-31,"1,651 (LV)",3.0,Javier Jiménez (PD),Unknown,7%,False,"October 14–31, 2024"
2024,Puerto Rico,PR,governor,General,Bacon Research,2024-10-25 to 2024-10-29,2024-10-25,2024-10-29,807 (LV),3.0,Javier Jiménez (PD),Unknown,7%,False,"October 25–29, 2024"
2024,Puerto Rico,PR,governor,General,Lit Data PR,2024-10-18 to 2024-10-25,2024-10-18,2024-10-25,800 (A),3.39,Javier Jiménez (PD),Unknown,7%,False,"October 18–25, 2024"
2024,Puerto Rico,PR,governor,General,Consultoría Académica e Investigación Social LLC,2024-10-10 to 2024-10-22,2024-10-10,2024-10-22,784 (V),,Javier Jiménez (PD),Unknown,13%,False,"October 10–22, 2024"
2024,Puerto Rico,PR,governor,General,Lit Data PR,2024-10-11 to 2024-10-18,2024-10-11,2024-10-18,800 (A),3.39,Javier Jiménez (PD),Unknown,6%,False,"October 11–18, 2024"
2024,Puerto Rico,PR,governor,General,Gaither International,2024-10-01 to 2024-10-16,2024-10-01,2024-10-16,"1,109 (A)",2.94,Javier Jiménez (PD),Unknown,8%,False,"October 1–16, 2024"
2024,Puerto Rico,PR,governor,General,Lit Data PR,2024-10-04 to 2024-10-11,2024-10-04,2024-10-11,800 (A),3.39,Javier Jiménez (PD),Unknown,5%,False,"October 4–11, 2024"
2024,Puerto Rico,PR,governor,General,Bacon Research,2024-10-03 to 2024-10-10,2024-10-03,2024-10-10,807 (LV),3.0,Javier Jiménez (PD),Unknown,7%,False,"October 3–10, 2024"
2024,Puerto Rico,PR,governor,General,Lit Data PR,2024-09-27 to 2024-10-04,2024-09-27,2024-10-04,800 (A),3.39,Javier Jiménez (PD),Unknown,4%,False,"September 27 – October 4, 2024"
2024,Puerto Rico,PR,governor,General,El Nuevo Día,2024-09-28 to 2024-10-02,2024-09-28,2024-10-02,"1,000 (RV)",3.0,Javier Jiménez (PD),Unknown,9%,False,"September 28 – October 2, 2024"
2024,Puerto Rico,PR,governor,General,Lit Data PR,2024-09-21 to 2024-09-27,2024-09-21,2024-09-27,800 (A),,Javier Jiménez (PD),Unknown,5%,False,"September 21–27, 2024"
2024,Puerto Rico,PR,governor,General,Lit Data PR,2024-09-05 to 2024-09-20,2024-09-05,2024-09-20,800 (A),,Javier Jiménez (PD),Unknown,5%,False,"September 5–20, 2024"
2024,Puerto Rico,PR,governor,General,Consultoría Académica e Investigación Social LLC,2024-08-31 to 2024-09-03,2024-08-31,2024-09-03,,,Javier Jiménez (PD),Unknown,12%,False,"August 31 – September 3, 2024"
2024,Puerto Rico,PR,governor,General,Gaither International,2024-06-23 to 2024-07-08,2024-06-23,2024-07-08,"1,109 (A)",2.0,Javier Jiménez (PD),Unknown,9%,False,"June 23 – July 8, 2024"
2024,Puerto Rico,PR,governor,General,El Nuevo Día,2024-02-20 to 2024-02-25,2024-02-20,2024-02-25,"1,000 (V)",,Javier Jiménez (PD),Unknown,8%,False,"February 20–25, 2024"
2024,Puerto Rico,PR,governor,General,AtlasIntel,2024-02-15 to 2024-02-22,2024-02-15,2024-02-22,"2,200 (V)",,Javier Jiménez (PD),Unknown,8%,False,"February 15–22, 2024"
2024,Utah,UT,governor,General,Noble Predictive Insights,2024-10-25 to 2024-10-28,2024-10-25,2024-10-28,695 (LV),3.7,Spencer Cox,R,43%,True,"October 25–28, 2024"
2024,Utah,UT,governor,General,HarrisX,2024-10-15 to 2024-10-19,2024-10-15,2024-10-19,813 (RV),3.4,Spencer Cox,R,51%,True,"October 15–19, 2024"
2024,Utah,UT,governor,General,Noble Predictive Insights,2024-10-02 to 2024-10-07,2024-10-02,2024-10-07,539 (LV),4.22,Spencer Cox,R,54%,True,"October 2–7, 2024"
2024,Utah,UT,governor,General,Public Policy Polling,2024-09-27 to 2024-09-28,2024-09-27,2024-09-28,612 (LV),4.0,Spencer Cox,R,45%,True,"September 27–28, 2024"
2024,Utah,UT,governor,General,Lighthouse Research,2024-08-29 to 2024-09-04,2024-08-29,2024-09-04,518 (RV),4.31,Spencer Cox,R,48%,True,"August 29 – September 4, 2024"
2024,Utah,UT,governor,General,HarrisX,2024-08-02 to 2024-08-09,2024-08-02,2024-08-09,800 (RV),3.5,Spencer Cox,R,56%,True,"August 2–9, 2024"
2024,Utah,UT,governor,General,Noble Predictive Insights,2024-10-25 to 2024-10-28,2024-10-25,2024-10-28,695 (LV),3.7,Brian King,D,26%,False,"October 25–28, 2024"
2024,Utah,UT,governor,General,HarrisX,2024-10-15 to 2024-10-19,2024-10-15,2024-10-19,813 (RV),3.4,Brian King,D,19%,False,"October 15–19, 2024"
2024,Utah,UT,governor,General,Noble Predictive Insights,2024-10-02 to 2024-10-07,2024-10-02,2024-10-07,539 (LV),4.22,Brian King,D,26%,False,"October 2–7, 2024"
2024,Utah,UT,governor,General,Public Policy Polling,2024-09-27 to 2024-09-28,2024-09-27,2024-09-28,612 (LV),4.0,Brian King,D,32%,False,"September 27–28, 2024"
2024,Utah,UT,governor,General,Lighthouse Research,2024-08-29 to 2024-09-04,2024-08-29,2024-09-04,518 (RV),4.31,Brian King,D,27%,False,"August 29 – September 4, 2024"
2024,Utah,UT,governor,General,HarrisX,2024-08-02 to 2024-08-09,2024-08-02,2024-08-09,800 (RV),3.5,Brian King,D,17%,False,"August 2–9, 2024"
2024,Utah,UT,governor,General,Noble Predictive Insights,2024-10-25 to 2024-10-28,2024-10-25,2024-10-28,695 (LV),3.7,Robert Latham,L,3%,False,"October 25–28, 2024"
2024,Utah,UT,governor,General,HarrisX,2024-10-15 to 2024-10-19,2024-10-15,2024-10-19,813 (RV),3.4,Robert Latham,L,3%,False,"October 15–19, 2024"
2024,Utah,UT,governor,General,Lighthouse Research,2024-08-29 to 2024-09-04,2024-08-29,2024-09-04,518 (RV),4.31,Robert Latham,L,7%,False,"August 29 – September 4, 2024"
2024,Utah,UT,governor,General,HarrisX,2024-08-02 to 2024-08-09,2024-08-02,2024-08-09,800 (RV),3.5,Robert Latham,L,4%,False,"August 2–9, 2024"
2024,Utah,UT,governor,General,Noble Predictive Insights,2024-10-25 to 2024-10-28,2024-10-25,2024-10-28,695 (LV),3.7,Tommy Williams,I,3%,False,"October 25–28, 2024"
2024,Utah,UT,governor,General,HarrisX,2024-10-15 to 2024-10-19,2024-10-15,2024-10-19,813 (RV),3.4,Tommy Williams,I,4%,False,"October 15–19, 2024"
2024,Utah,UT,governor,General,Lighthouse Research,2024-08-29 to 2024-09-04,2024-08-29,2024-09-04,518 (RV),4.31,Tommy Williams,I,4%,False,"August 29 – September 4, 2024"
2024,Utah,UT,governor,General,HarrisX,2024-08-02 to 2024-08-09,2024-08-02,2024-08-09,800 (RV),3.5,Tommy Williams,I,6%,False,"August 2–9, 2024"
2024,Vermont,VT,governor,General,University of New Hampshire,2024-10-29 to 2024-11-02,2024-10-29,2024-11-02,"1,167 (LV)",2.9,Phil Scott,R,65%,True,"October 29 – November 2, 2024"
2024,Vermont,VT,governor,General,University of New Hampshire,2024-08-15 to 2024-08-19,2024-08-15,2024-08-19,924 (LV),3.2,Phil Scott,R,56%,True,"August 15–19, 2024"
2024,Vermont,VT,governor,General,University of New Hampshire,2024-10-29 to 2024-11-02,2024-10-29,2024-11-02,"1,167 (LV)",2.9,Esther Charlestin,D,26%,False,"October 29 – November 2, 2024"
2024,Vermont,VT,governor,General,University of New Hampshire,2024-08-15 to 2024-08-19,2024-08-15,2024-08-19,924 (LV),3.2,Esther Charlestin,D,28%,False,"August 15–19, 2024"
2024,Vermont,VT,governor,General,University of New Hampshire,2024-10-29 to 2024-11-02,2024-10-29,2024-11-02,"1,167 (LV)",2.9,Kevin Hoyt,I,2%,False,"October 29 – November 2, 2024"
2024,Vermont,VT,governor,General,University of New Hampshire,2024-08-15 to 2024-08-19,2024-08-15,2024-08-19,924 (LV),3.2,Kevin Hoyt,I,5%,False,"August 15–19, 2024"
2024,Washington,WA,attorney general,General,ActiVote,2024-10-03 to 2024-10-29,2024-10-03,2024-10-29,400 (LV),4.9,Nick Brown,D,57%,False,"October 3–29, 2024"
2024,Washington,WA,attorney general,General,Public Policy Polling,2024-10-16 to 2024-10-17,2024-10-16,2024-10-17,571 (LV),4.1,Nick Brown,D,46%,False,"October 16–17, 2024"
2024,Washington,WA,attorney general,General,Strategies 360,2024-10-11 to 2024-10-16,2024-10-11,2024-10-16,600 (RV),4.0,Nick Brown,D,48%,False,"October 11–16, 2024"
2024,Washington,WA,attorney general,General,Cascade PBS,2024-10-08 to 2024-10-12,2024-10-08,2024-10-12,401 (LV),5.0,Nick Brown,D,47%,False,"October 8–12, 2024"
2024,Washington,WA,attorney general,General,ActiVote,2024-10-03 to 2024-10-29,2024-10-03,2024-10-29,400 (LV),4.9,Pete Serrano,R,43%,False,"October 3–29, 2024"
2024,Washington,WA,attorney general,General,Public Policy Polling,2024-10-16 to 2024-10-17,2024-10-16,2024-10-17,571 (LV),4.1,Pete Serrano,R,39%,False,"October 16–17, 2024"
2024,Washington,WA,attorney general,General,Strategies 360,2024-10-11 to 2024-10-16,2024-10-11,2024-10-16,600 (RV),4.0,Pete Serrano,R,38%,False,"October 11–16, 2024"
2024,Washington,WA,attorney general,General,Cascade PBS,2024-10-08 to 2024-10-12,2024-10-08,2024-10-12,401 (LV),5.0,Pete Serrano,R,29%,False,"October 8–12, 2024"
2024,Washington,WA,secretary of state,General,ActiVote,2024-10-03 to 2024-10-29,2024-10-03,2024-10-29,400 (LV),4.9,Steve Hobbs,D,64%,True,"October 3–29, 2024"
2024,Washington,WA,secretary of state,General,Public Policy Polling,2024-10-16 to 2024-10-17,2024-10-16,2024-10-17,571 (LV),4.1,Steve Hobbs,D,47%,True,"October 16–17, 2024"
2024,Washington,WA,secretary of state,General,ActiVote,2024-10-03 to 2024-10-29,2024-10-03,2024-10-29,400 (LV),4.9,Dale Whitaker,R,36%,False,"October 3–29, 2024"
2024,Washington,WA,secretary of state,General,Public Policy Polling,2024-10-16 to 2024-10-17,2024-10-16,2024-10-17,571 (LV),4.1,Dale Whitaker,R,34%,False,"October 16–17, 2024"
2024,Washington,WA,state treasurer,General,ActiVote,2024-10-03 to 2024-10-29,2024-10-03,2024-10-29,400 (LV),4.9,Mike Pellicciotti,D,59%,True,"October 3–29, 2024"
2024,Washington,WA,state treasurer,General,Public Policy Polling,2024-07-24 to 2024-07-25,2024-07-24,2024-07-25,581 (LV),4.0,Mike Pellicciotti,D,43%,True,"July 24–25, 2024"
2024,Washington,WA,state treasurer,General,ActiVote,2024-10-03 to 2024-10-29,2024-10-03,2024-10-29,400 (LV),4.9,Sharon Hanek,R,41%,False,"October 3–29, 2024"
2024,Washington,WA,state treasurer,General,Public Policy Polling,2024-07-24 to 2024-07-25,2024-07-24,2024-07-25,581 (LV),4.0,Sharon Hanek,R,33%,False,"July 24–25, 2024"
2024,Washington,WA,governor,General,270ToWin,2024-10-17 to 2024-11-04,2024-10-17,2024-11-04,,,Bob Ferguson,D,50.8%,False,"October 17 – November 4, 2024"
2024,Washington,WA,governor,General,Research Co.,2024-11-02 to 2024-11-03,2024-11-02,2024-11-03,450 (LV),4.6,Bob Ferguson,D,54%,False,"November 2–3, 2024"
2024,Washington,WA,governor,General,ActiVote,2024-10-03 to 2024-10-29,2024-10-03,2024-10-29,400 (LV),4.9,Bob Ferguson,D,59%,False,"October 3–29, 2024"
2024,Washington,WA,governor,General,ActiVote,2024-09-14 to 2024-10-20,2024-09-14,2024-10-20,400 (LV),4.9,Bob Ferguson,D,58%,False,"September 14 – October 20, 2024"
2024,Washington,WA,governor,General,Public Policy Polling,2024-10-16 to 2024-10-17,2024-10-16,2024-10-17,571 (LV),4.1,Bob Ferguson,D,48%,False,"October 16–17, 2024"
2024,Washington,WA,governor,General,Strategies 360,2024-10-11 to 2024-10-16,2024-10-11,2024-10-16,600 (RV),4.0,Bob Ferguson,D,51%,False,"October 11–16, 2024"
2024,Washington,WA,governor,General,SurveyUSA,2024-10-09 to 2024-10-14,2024-10-09,2024-10-14,703 (LV),4.9,Bob Ferguson,D,50%,False,"October 9–14, 2024"
2024,Washington,WA,governor,General,Cascade PBS,2024-10-08 to 2024-10-12,2024-10-08,2024-10-12,401 (LV),5.0,Bob Ferguson,D,51%,False,"October 8–12, 2024"
2024,Washington,WA,governor,General,RMG Research,2024-09-18 to 2024-09-20,2024-09-18,2024-09-20,800 (RV),3.5,Bob Ferguson,D,48%,False,"September 18–20, 2024"
2024,Washington,WA,governor,General,Cascade PBS,2024-09-03 to 2024-09-06,2024-09-03,2024-09-06,403 (RV),5.0,Bob Ferguson,D,50%,False,"September 3–6, 2024"
2024,Washington,WA,governor,General,Cygnal,2024-08-28 to 2024-08-30,2024-08-28,2024-08-30,500 (LV),4.4,Bob Ferguson,D,48%,False,"August 28–30, 2024"
2024,Washington,WA,governor,General,Public Policy Polling,2024-07-24 to 2024-07-25,2024-07-24,2024-07-25,581 (LV),4.0,Bob Ferguson,D,49%,False,"July 24–25, 2024"
2024,Washington,WA,governor,General,DHM Research,2024-07-12 to 2024-07-17,2024-07-12,2024-07-17,500 (RV),4.4,Bob Ferguson,D,45%,False,"July 12–17, 2024"
2024,Washington,WA,governor,General,Public Policy Polling,2024-05-15 to 2024-05-16,2024-05-15,2024-05-16,615 (LV),4.0,Bob Ferguson,D,48%,False,"May 15–16, 2024"
2024,Washington,WA,governor,General,Echelon Insights,2024-03-18 to 2024-03-21,2024-03-18,2024-03-21,600 (RV),4.7,Bob Ferguson,D,30%,False,"March 18–21, 2024"
2024,Washington,WA,governor,General,Public Policy Polling,2024-02-13 to 2024-02-14,2024-02-13,2024-02-14,789 (LV),3.5,Bob Ferguson,D,46%,False,"February 13–14, 2024"
2024,Washington,WA,governor,General,Echelon Insights,2023-12-09 to 2023-12-13,2023-12-09,2023-12-13,500 (LV),5.5,Bob Ferguson,D,35%,False,"December 9–13, 2023"
2024,Washington,WA,governor,General,Public Policy Polling,2023-11-14 to 2023-11-15,2023-11-14,2023-11-15,700 (LV),3.5,Bob Ferguson,D,44%,False,"November 14–15, 2023"
2024,Washington,WA,governor,General,Public Policy Polling,2024-07-24 to 2024-07-25,2024-07-24,2024-07-25,581 (LV),4.0,Bob Ferguson,D,52%,False,"July 24–25, 2024"
2024,Washington,WA,governor,General,270ToWin,2024-10-17 to 2024-11-04,2024-10-17,2024-11-04,,,Dave Reichert,R,38.0%,False,"October 17 – November 4, 2024"
2024,Washington,WA,governor,General,Research Co.,2024-11-02 to 2024-11-03,2024-11-02,2024-11-03,450 (LV),4.6,Dave Reichert,R,40%,False,"November 2–3, 2024"
2024,Washington,WA,governor,General,ActiVote,2024-10-03 to 2024-10-29,2024-10-03,2024-10-29,400 (LV),4.9,Dave Reichert,R,41%,False,"October 3–29, 2024"
2024,Washington,WA,governor,General,ActiVote,2024-09-14 to 2024-10-20,2024-09-14,2024-10-20,400 (LV),4.9,Dave Reichert,R,42%,False,"September 14 – October 20, 2024"
2024,Washington,WA,governor,General,Public Policy Polling,2024-10-16 to 2024-10-17,2024-10-16,2024-10-17,571 (LV),4.1,Dave Reichert,R,41%,False,"October 16–17, 2024"
2024,Washington,WA,governor,General,Strategies 360,2024-10-11 to 2024-10-16,2024-10-11,2024-10-16,600 (RV),4.0,Dave Reichert,R,41%,False,"October 11–16, 2024"
2024,Washington,WA,governor,General,SurveyUSA,2024-10-09 to 2024-10-14,2024-10-09,2024-10-14,703 (LV),4.9,Dave Reichert,R,34%,False,"October 9–14, 2024"
2024,Washington,WA,governor,General,Cascade PBS,2024-10-08 to 2024-10-12,2024-10-08,2024-10-12,401 (LV),5.0,Dave Reichert,R,37%,False,"October 8–12, 2024"
2024,Washington,WA,governor,General,RMG Research,2024-09-18 to 2024-09-20,2024-09-18,2024-09-20,800 (RV),3.5,Dave Reichert,R,40%,False,"September 18–20, 2024"
2024,Washington,WA,governor,General,Cascade PBS,2024-09-03 to 2024-09-06,2024-09-03,2024-09-06,403 (RV),5.0,Dave Reichert,R,39%,False,"September 3–6, 2024"
2024,Washington,WA,governor,General,Cygnal,2024-08-28 to 2024-08-30,2024-08-28,2024-08-30,500 (LV),4.4,Dave Reichert,R,45%,False,"August 28–30, 2024"
2024,Washington,WA,governor,General,Public Policy Polling,2024-07-24 to 2024-07-25,2024-07-24,2024-07-25,581 (LV),4.0,Dave Reichert,R,43%,False,"July 24–25, 2024"
2024,Washington,WA,governor,General,DHM Research,2024-07-12 to 2024-07-17,2024-07-12,2024-07-17,500 (RV),4.4,Dave Reichert,R,32%,False,"July 12–17, 2024"
2024,Washington,WA,governor,General,Public Policy Polling,2024-05-15 to 2024-05-16,2024-05-15,2024-05-16,615 (LV),4.0,Dave Reichert,R,42%,False,"May 15–16, 2024"
2024,Washington,WA,governor,General,Echelon Insights,2024-03-18 to 2024-03-21,2024-03-18,2024-03-21,600 (RV),4.7,Dave Reichert,R,39%,False,"March 18–21, 2024"
2024,Washington,WA,governor,General,Public Policy Polling,2024-02-13 to 2024-02-14,2024-02-13,2024-02-14,789 (LV),3.5,Dave Reichert,R,42%,False,"February 13–14, 2024"
2024,Washington,WA,governor,General,Echelon Insights,2023-12-09 to 2023-12-13,2023-12-09,2023-12-13,500 (LV),5.5,Dave Reichert,R,39%,False,"December 9–13, 2023"
2024,Washington,WA,governor,General,Public Policy Polling,2023-11-14 to 2023-11-15,2023-11-14,2023-11-15,700 (LV),3.5,Dave Reichert,R,46%,False,"November 14–15, 2023"
2024,Washington,WA,governor,General,Public Policy Polling,2024-07-24 to 2024-07-25,2024-07-24,2024-07-25,581 (LV),4.0,Semi Bird,R,38%,False,"July 24–25, 2024"
2024,West Virginia,WV,governor,General,Research America,2024-08-21 to 2024-08-27,2024-08-21,2024-08-27,400 (RV),4.9,Patrick Morrisey,R,49%,False,"August 21–27, 2024"
2024,West Virginia,WV,governor,General,Kaplan Strategies,2024-06-04,2024-06-04,2024-06-04,464 (LV),4.6,Patrick Morrisey,R,34%,False,"June 4, 2024"
2024,West Virginia,WV,governor,General,Research America,2024-08-21 to 2024-08-27,2024-08-21,2024-08-27,400 (RV),4.9,Steve Williams,D,35%,False,"August 21–27, 2024"
2024,West Virginia,WV,governor,General,Kaplan Strategies,2024-06-04,2024-06-04,2024-06-04,464 (LV),4.6,Steve Williams,D,21%,False,"June 4, 2024"
2024,West Virginia,WV,governor,General,Kaplan Strategies,2024-06-04,2024-06-04,2024-06-04,464 (LV),4.6,Joe Manchin,I,26%,False,"June 4, 2024"
