year,state,state_code,county,subdivision_type,candidate,party,votes,percentage,total_votes,winning_party
1960,Alabama,AL,Autauga,County,John F. Kennedy and unpledged,Democratic,1324,52.17,2538,Democratic
1960,Alabama,AL,Autauga,County,Richard Nixon,Republican,1149,45.27,2538,Democratic
1960,Alabama,AL,Autauga,County,Other,Other,65,2.56,2538,Democratic
1960,Alabama,AL,Baldwin,County,John F. Kennedy and unpledged,Democratic,5647,53.09,10636,Democratic
1960,Alabama,AL,Baldwin,County,Richard Nixon,Republican,4812,45.24,10636,Democratic
1960,Alabama,AL,Baldwin,County,Other,Other,177,1.67,10636,Democratic
1960,Alabama,AL,Barbour,County,John F. Kennedy and unpledged,Democratic,2148,64.47,3332,Democratic
1960,Alabama,AL,Barbour,County,Richard Nixon,Republican,1166,34.99,3332,Democratic
1960,Alabama,AL,Barbour,County,Other,Other,18,0.54,3332,Democratic
1960,Alabama,AL,Bibb,County,John F. Kennedy and unpledged,Democratic,1697,61.66,2752,Democratic
1960,Alabama,AL,Bibb,County,Richard Nixon,Republican,1052,38.23,2752,Democratic
1960,Alabama,AL,Bibb,County,Other,Other,3,0.11,2752,Democratic
1960,Alabama,AL,Blount,County,John F. Kennedy and unpledged,Democratic,3404,56.98,5974,Democratic
1960,Alabama,AL,Blount,County,Richard Nixon,Republican,2557,42.8,5974,Democratic
1960,Alabama,AL,Blount,County,Other,Other,13,0.22,5974,Democratic
1960,Alabama,AL,Bullock,County,John F. Kennedy and unpledged,Democratic,757,64.48,1174,Democratic
1960,Alabama,AL,Bullock,County,Richard Nixon,Republican,412,35.09,1174,Democratic
1960,Alabama,AL,Bullock,County,Other,Other,5,0.43,1174,Democratic
1960,Alabama,AL,Butler,County,John F. Kennedy and unpledged,Democratic,2873,69.69,4122,Democratic
1960,Alabama,AL,Butler,County,Richard Nixon,Republican,1231,29.87,4122,Democratic
1960,Alabama,AL,Butler,County,Other,Other,18,0.44,4122,Democratic
1960,Alabama,AL,Calhoun,County,John F. Kennedy and unpledged,Democratic,9590,65.97,14536,Democratic
1960,Alabama,AL,Calhoun,County,Richard Nixon,Republican,4821,33.17,14536,Democratic
1960,Alabama,AL,Calhoun,County,Other,Other,125,0.86,14536,Democratic
1960,Alabama,AL,Chambers,County,John F. Kennedy and unpledged,Democratic,5165,72.74,7101,Democratic
1960,Alabama,AL,Chambers,County,Richard Nixon,Republican,1865,26.26,7101,Democratic
1960,Alabama,AL,Chambers,County,Other,Other,71,1.0,7101,Democratic
1960,Alabama,AL,Cherokee,County,John F. Kennedy and unpledged,Democratic,3097,77.95,3973,Democratic
1960,Alabama,AL,Cherokee,County,Richard Nixon,Republican,872,21.95,3973,Democratic
1960,Alabama,AL,Cherokee,County,Other,Other,4,0.1,3973,Democratic
1960,Alabama,AL,Chilton,County,John F. Kennedy and unpledged,Democratic,1798,35.91,5007,Republican
1960,Alabama,AL,Chilton,County,Richard Nixon,Republican,3201,63.93,5007,Republican
1960,Alabama,AL,Chilton,County,Other,Other,8,0.16,5007,Republican
1960,Alabama,AL,Choctaw,County,John F. Kennedy and unpledged,Democratic,1094,60.85,1798,Democratic
1960,Alabama,AL,Choctaw,County,Richard Nixon,Republican,612,34.04,1798,Democratic
1960,Alabama,AL,Choctaw,County,Other,Other,92,5.11,1798,Democratic
1960,Alabama,AL,Clarke,County,John F. Kennedy and unpledged,Democratic,1878,47.34,3967,Republican
1960,Alabama,AL,Clarke,County,Richard Nixon,Republican,2016,50.82,3967,Republican
1960,Alabama,AL,Clarke,County,Other,Other,73,1.84,3967,Republican
1960,Alabama,AL,Clay,County,John F. Kennedy and unpledged,Democratic,1743,52.71,3307,Democratic
1960,Alabama,AL,Clay,County,Richard Nixon,Republican,1548,46.81,3307,Democratic
1960,Alabama,AL,Clay,County,Other,Other,16,0.48,3307,Democratic
1960,Alabama,AL,Cleburne,County,John F. Kennedy and unpledged,Democratic,1510,59.87,2522,Democratic
1960,Alabama,AL,Cleburne,County,Richard Nixon,Republican,1008,39.97,2522,Democratic
1960,Alabama,AL,Cleburne,County,Other,Other,4,0.16,2522,Democratic
1960,Alabama,AL,Coffee,County,John F. Kennedy and unpledged,Democratic,4470,76.19,5867,Democratic
1960,Alabama,AL,Coffee,County,Richard Nixon,Republican,1381,23.54,5867,Democratic
1960,Alabama,AL,Coffee,County,Other,Other,16,0.27,5867,Democratic
1960,Alabama,AL,Colbert,County,John F. Kennedy and unpledged,Democratic,7550,71.85,10508,Democratic
1960,Alabama,AL,Colbert,County,Richard Nixon,Republican,2815,26.79,10508,Democratic
1960,Alabama,AL,Colbert,County,Other,Other,143,1.36,10508,Democratic
1960,Alabama,AL,Conecuh,County,John F. Kennedy and unpledged,Democratic,1815,72.17,2515,Democratic
1960,Alabama,AL,Conecuh,County,Richard Nixon,Republican,650,25.84,2515,Democratic
1960,Alabama,AL,Conecuh,County,Other,Other,50,1.99,2515,Democratic
1960,Alabama,AL,Coosa,County,John F. Kennedy and unpledged,Democratic,1493,57.98,2575,Democratic
1960,Alabama,AL,Coosa,County,Richard Nixon,Republican,1073,41.67,2575,Democratic
1960,Alabama,AL,Coosa,County,Other,Other,9,0.35,2575,Democratic
1960,Alabama,AL,Covington,County,John F. Kennedy and unpledged,Democratic,5744,73.42,7824,Democratic
1960,Alabama,AL,Covington,County,Richard Nixon,Republican,2047,26.16,7824,Democratic
1960,Alabama,AL,Covington,County,Other,Other,33,0.42,7824,Democratic
1960,Alabama,AL,Crenshaw,County,John F. Kennedy and unpledged,Democratic,2923,83.49,3501,Democratic
1960,Alabama,AL,Crenshaw,County,Richard Nixon,Republican,573,16.37,3501,Democratic
1960,Alabama,AL,Crenshaw,County,Other,Other,5,0.14,3501,Democratic
1960,Alabama,AL,Cullman,County,John F. Kennedy and unpledged,Democratic,6346,59.87,10599,Democratic
1960,Alabama,AL,Cullman,County,Richard Nixon,Republican,4248,40.08,10599,Democratic
1960,Alabama,AL,Cullman,County,Other,Other,5,0.05,10599,Democratic
1960,Alabama,AL,Dale,County,John F. Kennedy and unpledged,Democratic,2563,60.76,4218,Democratic
1960,Alabama,AL,Dale,County,Richard Nixon,Republican,1634,38.74,4218,Democratic
1960,Alabama,AL,Dale,County,Other,Other,21,0.5,4218,Democratic
1960,Alabama,AL,Dallas,County,John F. Kennedy and unpledged,Democratic,2103,41.69,5044,Republican
1960,Alabama,AL,Dallas,County,Richard Nixon,Republican,2872,56.94,5044,Republican
1960,Alabama,AL,Dallas,County,Other,Other,69,1.37,5044,Republican
1960,Alabama,AL,DeKalb,County,John F. Kennedy and unpledged,Democratic,5844,51.08,11441,Democratic
1960,Alabama,AL,DeKalb,County,Richard Nixon,Republican,5585,48.82,11441,Democratic
1960,Alabama,AL,DeKalb,County,Other,Other,12,0.1,11441,Democratic
1960,Alabama,AL,Elmore,County,John F. Kennedy and unpledged,Democratic,3440,63.6,5409,Democratic
1960,Alabama,AL,Elmore,County,Richard Nixon,Republican,1919,35.48,5409,Democratic
1960,Alabama,AL,Elmore,County,Other,Other,50,0.92,5409,Democratic
1960,Alabama,AL,Escambia,County,John F. Kennedy and unpledged,Democratic,3990,67.57,5905,Democratic
1960,Alabama,AL,Escambia,County,Richard Nixon,Republican,1810,30.65,5905,Democratic
1960,Alabama,AL,Escambia,County,Other,Other,105,1.78,5905,Democratic
1960,Alabama,AL,Etowah,County,John F. Kennedy and unpledged,Democratic,14372,66.28,21685,Democratic
1960,Alabama,AL,Etowah,County,Richard Nixon,Republican,7128,32.87,21685,Democratic
1960,Alabama,AL,Etowah,County,Other,Other,185,0.85,21685,Democratic
1960,Alabama,AL,Fayette,County,John F. Kennedy and unpledged,Democratic,2274,54.08,4205,Democratic
1960,Alabama,AL,Fayette,County,Richard Nixon,Republican,1923,45.73,4205,Democratic
1960,Alabama,AL,Fayette,County,Other,Other,8,0.19,4205,Democratic
1960,Alabama,AL,Franklin,County,John F. Kennedy and unpledged,Democratic,3422,45.58,7507,Republican
1960,Alabama,AL,Franklin,County,Richard Nixon,Republican,4069,54.2,7507,Republican
1960,Alabama,AL,Franklin,County,Other,Other,16,0.22,7507,Republican
1960,Alabama,AL,Geneva,County,John F. Kennedy and unpledged,Democratic,3050,66.9,4559,Democratic
1960,Alabama,AL,Geneva,County,Richard Nixon,Republican,1502,32.95,4559,Democratic
1960,Alabama,AL,Geneva,County,Other,Other,7,0.15,4559,Democratic
1960,Alabama,AL,Greene,County,John F. Kennedy and unpledged,Democratic,723,64.38,1123,Democratic
1960,Alabama,AL,Greene,County,Richard Nixon,Republican,381,33.93,1123,Democratic
1960,Alabama,AL,Greene,County,Other,Other,19,1.69,1123,Democratic
1960,Alabama,AL,Hale,County,John F. Kennedy and unpledged,Democratic,1309,63.54,2060,Democratic
1960,Alabama,AL,Hale,County,Richard Nixon,Republican,741,35.97,2060,Democratic
1960,Alabama,AL,Hale,County,Other,Other,10,0.49,2060,Democratic
1960,Alabama,AL,Henry,County,John F. Kennedy and unpledged,Democratic,2115,77.93,2714,Democratic
1960,Alabama,AL,Henry,County,Richard Nixon,Republican,588,21.67,2714,Democratic
1960,Alabama,AL,Henry,County,Other,Other,11,0.4,2714,Democratic
1960,Alabama,AL,Houston,County,John F. Kennedy and unpledged,Democratic,3897,48.61,8017,Republican
1960,Alabama,AL,Houston,County,Richard Nixon,Republican,4055,50.58,8017,Republican
1960,Alabama,AL,Houston,County,Other,Other,65,0.81,8017,Republican
1960,Alabama,AL,Jackson,County,John F. Kennedy and unpledged,Democratic,4789,69.93,6848,Democratic
1960,Alabama,AL,Jackson,County,Richard Nixon,Republican,2036,29.73,6848,Democratic
1960,Alabama,AL,Jackson,County,Other,Other,23,0.34,6848,Democratic
1960,Alabama,AL,Jefferson,County,John F. Kennedy and unpledged,Democratic,44369,41.9,105898,Republican
1960,Alabama,AL,Jefferson,County,Richard Nixon,Republican,60004,56.66,105898,Republican
1960,Alabama,AL,Jefferson,County,Other,Other,1525,1.44,105898,Republican
1960,Alabama,AL,Lamar,County,John F. Kennedy and unpledged,Democratic,2386,70.36,3391,Democratic
1960,Alabama,AL,Lamar,County,Richard Nixon,Republican,964,28.43,3391,Democratic
1960,Alabama,AL,Lamar,County,Other,Other,41,1.21,3391,Democratic
1960,Alabama,AL,Lauderdale,County,John F. Kennedy and unpledged,Democratic,8565,70.1,12219,Democratic
1960,Alabama,AL,Lauderdale,County,Richard Nixon,Republican,3570,29.22,12219,Democratic
1960,Alabama,AL,Lauderdale,County,Other,Other,84,0.68,12219,Democratic
1960,Alabama,AL,Lawrence,County,John F. Kennedy and unpledged,Democratic,2929,68.1,4301,Democratic
1960,Alabama,AL,Lawrence,County,Richard Nixon,Republican,1365,31.74,4301,Democratic
1960,Alabama,AL,Lawrence,County,Other,Other,7,0.16,4301,Democratic
1960,Alabama,AL,Lee,County,John F. Kennedy and unpledged,Democratic,3759,61.63,6099,Democratic
1960,Alabama,AL,Lee,County,Richard Nixon,Republican,2301,37.73,6099,Democratic
1960,Alabama,AL,Lee,County,Other,Other,39,0.64,6099,Democratic
1960,Alabama,AL,Limestone,County,John F. Kennedy and unpledged,Democratic,4147,80.59,5146,Democratic
1960,Alabama,AL,Limestone,County,Richard Nixon,Republican,991,19.26,5146,Democratic
1960,Alabama,AL,Limestone,County,Other,Other,8,0.15,5146,Democratic
1960,Alabama,AL,Lowndes,County,John F. Kennedy and unpledged,Democratic,796,64.19,1240,Democratic
1960,Alabama,AL,Lowndes,County,Richard Nixon,Republican,432,34.84,1240,Democratic
1960,Alabama,AL,Lowndes,County,Other,Other,12,0.97,1240,Democratic
1960,Alabama,AL,Macon,County,John F. Kennedy and unpledged,Democratic,1327,59.53,2229,Democratic
1960,Alabama,AL,Macon,County,Richard Nixon,Republican,877,39.34,2229,Democratic
1960,Alabama,AL,Macon,County,Other,Other,25,1.13,2229,Democratic
1960,Alabama,AL,Madison,County,John F. Kennedy and unpledged,Democratic,10959,66.88,16386,Democratic
1960,Alabama,AL,Madison,County,Richard Nixon,Republican,5299,32.34,16386,Democratic
1960,Alabama,AL,Madison,County,Other,Other,128,0.78,16386,Democratic
1960,Alabama,AL,Marengo,County,John F. Kennedy and unpledged,Democratic,1436,51.45,2791,Democratic
1960,Alabama,AL,Marengo,County,Richard Nixon,Republican,1235,44.25,2791,Democratic
1960,Alabama,AL,Marengo,County,Other,Other,120,4.3,2791,Democratic
1960,Alabama,AL,Marion,County,John F. Kennedy and unpledged,Democratic,3099,51.19,6054,Democratic
1960,Alabama,AL,Marion,County,Richard Nixon,Republican,2938,48.53,6054,Democratic
1960,Alabama,AL,Marion,County,Other,Other,17,0.28,6054,Democratic
1960,Alabama,AL,Marshall,County,John F. Kennedy and unpledged,Democratic,6595,65.94,10001,Democratic
1960,Alabama,AL,Marshall,County,Richard Nixon,Republican,3398,33.98,10001,Democratic
1960,Alabama,AL,Marshall,County,Other,Other,8,0.08,10001,Democratic
1960,Alabama,AL,Mobile,County,John F. Kennedy and unpledged,Democratic,28626,52.48,54542,Democratic
1960,Alabama,AL,Mobile,County,Richard Nixon,Republican,24608,45.12,54542,Democratic
1960,Alabama,AL,Mobile,County,Other,Other,1308,2.4,54542,Democratic
1960,Alabama,AL,Monroe,County,John F. Kennedy and unpledged,Democratic,2130,67.55,3153,Democratic
1960,Alabama,AL,Monroe,County,Richard Nixon,Republican,989,31.37,3153,Democratic
1960,Alabama,AL,Monroe,County,Other,Other,34,1.08,3153,Democratic
1960,Alabama,AL,Montgomery,County,John F. Kennedy and unpledged,Democratic,9421,43.92,21448,Republican
1960,Alabama,AL,Montgomery,County,Richard Nixon,Republican,11778,54.91,21448,Republican
1960,Alabama,AL,Montgomery,County,Other,Other,249,1.17,21448,Republican
1960,Alabama,AL,Morgan,County,John F. Kennedy and unpledged,Democratic,7822,64.11,12200,Democratic
1960,Alabama,AL,Morgan,County,Richard Nixon,Republican,4357,35.71,12200,Democratic
1960,Alabama,AL,Morgan,County,Other,Other,21,0.18,12200,Democratic
1960,Alabama,AL,Perry,County,John F. Kennedy and unpledged,Democratic,973,54.3,1792,Democratic
1960,Alabama,AL,Perry,County,Richard Nixon,Republican,744,41.52,1792,Democratic
1960,Alabama,AL,Perry,County,Other,Other,75,4.18,1792,Democratic
1960,Alabama,AL,Pickens,County,John F. Kennedy and unpledged,Democratic,1836,58.17,3156,Democratic
1960,Alabama,AL,Pickens,County,Richard Nixon,Republican,1277,40.46,3156,Democratic
1960,Alabama,AL,Pickens,County,Other,Other,43,1.37,3156,Democratic
1960,Alabama,AL,Pike,County,John F. Kennedy and unpledged,Democratic,3421,76.91,4448,Democratic
1960,Alabama,AL,Pike,County,Richard Nixon,Republican,1006,22.62,4448,Democratic
1960,Alabama,AL,Pike,County,Other,Other,21,0.47,4448,Democratic
1960,Alabama,AL,Randolph,County,John F. Kennedy and unpledged,Democratic,3175,64.73,4905,Democratic
1960,Alabama,AL,Randolph,County,Richard Nixon,Republican,1697,34.6,4905,Democratic
1960,Alabama,AL,Randolph,County,Other,Other,33,0.67,4905,Democratic
1960,Alabama,AL,Russell,County,John F. Kennedy and unpledged,Democratic,3480,65.69,5298,Democratic
1960,Alabama,AL,Russell,County,Richard Nixon,Republican,1770,33.41,5298,Democratic
1960,Alabama,AL,Russell,County,Other,Other,48,0.9,5298,Democratic
1960,Alabama,AL,Shelby,County,John F. Kennedy and unpledged,Democratic,3225,50.17,6428,Democratic
1960,Alabama,AL,Shelby,County,Richard Nixon,Republican,3157,49.11,6428,Democratic
1960,Alabama,AL,Shelby,County,Other,Other,46,0.72,6428,Democratic
1960,Alabama,AL,St. Clair,County,John F. Kennedy and unpledged,Democratic,3039,53.88,5640,Democratic
1960,Alabama,AL,St. Clair,County,Richard Nixon,Republican,2589,45.9,5640,Democratic
1960,Alabama,AL,St. Clair,County,Other,Other,12,0.22,5640,Democratic
1960,Alabama,AL,Sumter,County,John F. Kennedy and unpledged,Democratic,765,52.33,1462,Democratic
1960,Alabama,AL,Sumter,County,Richard Nixon,Republican,623,42.61,1462,Democratic
1960,Alabama,AL,Sumter,County,Other,Other,74,5.06,1462,Democratic
1960,Alabama,AL,Talladega,County,John F. Kennedy and unpledged,Democratic,5729,54.41,10529,Democratic
1960,Alabama,AL,Talladega,County,Richard Nixon,Republican,4723,44.86,10529,Democratic
1960,Alabama,AL,Talladega,County,Other,Other,77,0.73,10529,Democratic
1960,Alabama,AL,Tallapoosa,County,John F. Kennedy and unpledged,Democratic,5460,71.39,7648,Democratic
1960,Alabama,AL,Tallapoosa,County,Richard Nixon,Republican,2150,28.11,7648,Democratic
1960,Alabama,AL,Tallapoosa,County,Other,Other,38,0.5,7648,Democratic
1960,Alabama,AL,Tuscaloosa,County,John F. Kennedy and unpledged,Democratic,8254,58.99,13992,Democratic
1960,Alabama,AL,Tuscaloosa,County,Richard Nixon,Republican,5598,40.01,13992,Democratic
1960,Alabama,AL,Tuscaloosa,County,Other,Other,140,1.0,13992,Democratic
1960,Alabama,AL,Walker,County,John F. Kennedy and unpledged,Democratic,8109,59.75,13572,Democratic
1960,Alabama,AL,Walker,County,Richard Nixon,Republican,5463,40.25,13572,Democratic
1960,Alabama,AL,Walker,County,Other,Other,0,0.0,13572,Democratic
1960,Alabama,AL,Washington,County,John F. Kennedy and unpledged,Democratic,1929,69.49,2776,Democratic
1960,Alabama,AL,Washington,County,Richard Nixon,Republican,792,28.53,2776,Democratic
1960,Alabama,AL,Washington,County,Other,Other,55,1.98,2776,Democratic
1960,Alabama,AL,Wilcox,County,John F. Kennedy and unpledged,Democratic,905,63.51,1425,Democratic
1960,Alabama,AL,Wilcox,County,Richard Nixon,Republican,513,36.0,1425,Democratic
1960,Alabama,AL,Wilcox,County,Other,Other,7,0.49,1425,Democratic
1960,Alabama,AL,Winston,County,John F. Kennedy and unpledged,Democratic,1681,32.93,5105,Republican
1960,Alabama,AL,Winston,County,Richard Nixon,Republican,3421,67.01,5105,Republican
1960,Alabama,AL,Winston,County,Other,Other,3,0.06,5105,Republican
1960,Arizona,AZ,Apache,County,Richard Nixon,Republican,1568,51.75,3030,Republican
1960,Arizona,AZ,Apache,County,John F. Kennedy,Democratic,1459,48.15,3030,Republican
1960,Arizona,AZ,Apache,County,Eric Hass,Socialist Labor,3,0.1,3030,Republican
1960,Arizona,AZ,Cochise,County,Richard Nixon,Republican,7572,50.46,15007,Republican
1960,Arizona,AZ,Cochise,County,John F. Kennedy,Democratic,7419,49.44,15007,Republican
1960,Arizona,AZ,Cochise,County,Eric Hass,Socialist Labor,16,0.1,15007,Republican
1960,Arizona,AZ,Coconino,County,Richard Nixon,Republican,4870,54.45,8944,Republican
1960,Arizona,AZ,Coconino,County,John F. Kennedy,Democratic,4065,45.45,8944,Republican
1960,Arizona,AZ,Coconino,County,Eric Hass,Socialist Labor,9,0.1,8944,Republican
1960,Arizona,AZ,Gila,County,Richard Nixon,Republican,3806,41.99,9065,Democratic
1960,Arizona,AZ,Gila,County,John F. Kennedy,Democratic,5251,57.93,9065,Democratic
1960,Arizona,AZ,Gila,County,Eric Hass,Socialist Labor,8,0.08,9065,Democratic
1960,Arizona,AZ,Graham,County,Richard Nixon,Republican,2491,54.35,4583,Republican
1960,Arizona,AZ,Graham,County,John F. Kennedy,Democratic,2091,45.63,4583,Republican
1960,Arizona,AZ,Graham,County,Eric Hass,Socialist Labor,1,0.02,4583,Republican
1960,Arizona,AZ,Greenlee,County,Richard Nixon,Republican,1313,29.94,4386,Democratic
1960,Arizona,AZ,Greenlee,County,John F. Kennedy,Democratic,3069,69.97,4386,Democratic
1960,Arizona,AZ,Greenlee,County,Eric Hass,Socialist Labor,4,0.09,4386,Democratic
1960,Arizona,AZ,Maricopa,County,Richard Nixon,Republican,127090,59.37,214059,Republican
1960,Arizona,AZ,Maricopa,County,John F. Kennedy,Democratic,86834,40.57,214059,Republican
1960,Arizona,AZ,Maricopa,County,Eric Hass,Socialist Labor,135,0.06,214059,Republican
1960,Arizona,AZ,Mohave,County,Richard Nixon,Republican,1641,55.59,2952,Republican
1960,Arizona,AZ,Mohave,County,John F. Kennedy,Democratic,1303,44.14,2952,Republican
1960,Arizona,AZ,Mohave,County,Eric Hass,Socialist Labor,8,0.27,2952,Republican
1960,Arizona,AZ,Navajo,County,Richard Nixon,Republican,4090,57.19,7151,Republican
1960,Arizona,AZ,Navajo,County,John F. Kennedy,Democratic,3052,42.68,7151,Republican
1960,Arizona,AZ,Navajo,County,Eric Hass,Socialist Labor,9,0.13,7151,Republican
1960,Arizona,AZ,Pima,County,Richard Nixon,Republican,46734,52.43,89144,Republican
1960,Arizona,AZ,Pima,County,John F. Kennedy,Democratic,42171,47.31,89144,Republican
1960,Arizona,AZ,Pima,County,Eric Hass,Socialist Labor,239,0.26,89144,Republican
1960,Arizona,AZ,Pinal,County,Richard Nixon,Republican,6441,47.07,13684,Democratic
1960,Arizona,AZ,Pinal,County,John F. Kennedy,Democratic,7232,52.85,13684,Democratic
1960,Arizona,AZ,Pinal,County,Eric Hass,Socialist Labor,11,0.08,13684,Democratic
1960,Arizona,AZ,Santa Cruz,County,Richard Nixon,Republican,1265,40.35,3135,Democratic
1960,Arizona,AZ,Santa Cruz,County,John F. Kennedy,Democratic,1868,59.59,3135,Democratic
1960,Arizona,AZ,Santa Cruz,County,Eric Hass,Socialist Labor,2,0.06,3135,Democratic
1960,Arizona,AZ,Yavapai,County,Richard Nixon,Republican,6813,61.12,11147,Republican
1960,Arizona,AZ,Yavapai,County,John F. Kennedy,Democratic,4325,38.8,11147,Republican
1960,Arizona,AZ,Yavapai,County,Eric Hass,Socialist Labor,9,0.08,11147,Republican
1960,Arizona,AZ,Yuma,County,Richard Nixon,Republican,5547,45.45,12204,Democratic
1960,Arizona,AZ,Yuma,County,John F. Kennedy,Democratic,6642,54.42,12204,Democratic
1960,Arizona,AZ,Yuma,County,Eric Hass,Socialist Labor,15,0.13,12204,Democratic
1960,Arkansas,AR,Arkansas,County,John F. Kennedy,Democratic,2789,52.44,5318,Democratic
1960,Arkansas,AR,Arkansas,County,Richard Nixon,Republican,2043,38.42,5318,Democratic
1960,Arkansas,AR,Arkansas,County,Orval Faubus,National States' Rights,486,9.14,5318,Democratic
1960,Arkansas,AR,Ashley,County,John F. Kennedy,Democratic,3118,62.04,5026,Democratic
1960,Arkansas,AR,Ashley,County,Richard Nixon,Republican,1288,25.63,5026,Democratic
1960,Arkansas,AR,Ashley,County,Orval Faubus,National States' Rights,620,12.34,5026,Democratic
1960,Arkansas,AR,Baxter,County,John F. Kennedy,Democratic,1694,43.67,3879,Republican
1960,Arkansas,AR,Baxter,County,Richard Nixon,Republican,2108,54.34,3879,Republican
1960,Arkansas,AR,Baxter,County,Orval Faubus,National States' Rights,77,1.99,3879,Republican
1960,Arkansas,AR,Benton,County,John F. Kennedy,Democratic,3619,31.23,11590,Republican
1960,Arkansas,AR,Benton,County,Richard Nixon,Republican,7832,67.58,11590,Republican
1960,Arkansas,AR,Benton,County,Orval Faubus,National States' Rights,139,1.2,11590,Republican
1960,Arkansas,AR,Boone,County,John F. Kennedy,Democratic,2774,44.51,6233,Republican
1960,Arkansas,AR,Boone,County,Richard Nixon,Republican,3388,54.36,6233,Republican
1960,Arkansas,AR,Boone,County,Orval Faubus,National States' Rights,71,1.14,6233,Republican
1960,Arkansas,AR,Bradley,County,John F. Kennedy,Democratic,2960,70.31,4210,Democratic
1960,Arkansas,AR,Bradley,County,Richard Nixon,Republican,873,20.74,4210,Democratic
1960,Arkansas,AR,Bradley,County,Orval Faubus,National States' Rights,377,8.95,4210,Democratic
1960,Arkansas,AR,Calhoun,County,John F. Kennedy,Democratic,1151,72.03,1598,Democratic
1960,Arkansas,AR,Calhoun,County,Richard Nixon,Republican,295,18.46,1598,Democratic
1960,Arkansas,AR,Calhoun,County,Orval Faubus,National States' Rights,152,9.51,1598,Democratic
1960,Arkansas,AR,Carroll,County,John F. Kennedy,Democratic,1301,32.81,3965,Republican
1960,Arkansas,AR,Carroll,County,Richard Nixon,Republican,2615,65.95,3965,Republican
1960,Arkansas,AR,Carroll,County,Orval Faubus,National States' Rights,49,1.24,3965,Republican
1960,Arkansas,AR,Chicot,County,John F. Kennedy,Democratic,1803,59.1,3051,Democratic
1960,Arkansas,AR,Chicot,County,Richard Nixon,Republican,979,32.09,3051,Democratic
1960,Arkansas,AR,Chicot,County,Orval Faubus,National States' Rights,269,8.82,3051,Democratic
1960,Arkansas,AR,Clark,County,John F. Kennedy,Democratic,3295,64.82,5083,Democratic
1960,Arkansas,AR,Clark,County,Richard Nixon,Republican,1357,26.7,5083,Democratic
1960,Arkansas,AR,Clark,County,Orval Faubus,National States' Rights,431,8.48,5083,Democratic
1960,Arkansas,AR,Clay,County,John F. Kennedy,Democratic,1908,41.77,4568,Republican
1960,Arkansas,AR,Clay,County,Richard Nixon,Republican,2543,55.67,4568,Republican
1960,Arkansas,AR,Clay,County,Orval Faubus,National States' Rights,117,2.56,4568,Republican
1960,Arkansas,AR,Cleburne,County,John F. Kennedy,Democratic,1144,50.13,2282,Democratic
1960,Arkansas,AR,Cleburne,County,Richard Nixon,Republican,1026,44.96,2282,Democratic
1960,Arkansas,AR,Cleburne,County,Orval Faubus,National States' Rights,112,4.91,2282,Democratic
1960,Arkansas,AR,Cleveland,County,John F. Kennedy,Democratic,1216,70.9,1715,Democratic
1960,Arkansas,AR,Cleveland,County,Richard Nixon,Republican,290,16.91,1715,Democratic
1960,Arkansas,AR,Cleveland,County,Orval Faubus,National States' Rights,209,12.19,1715,Democratic
1960,Arkansas,AR,Columbia,County,John F. Kennedy,Democratic,2427,43.3,5605,Democratic
1960,Arkansas,AR,Columbia,County,Richard Nixon,Republican,2372,42.32,5605,Democratic
1960,Arkansas,AR,Columbia,County,Orval Faubus,National States' Rights,806,14.38,5605,Democratic
1960,Arkansas,AR,Conway,County,John F. Kennedy,Democratic,2900,60.47,4796,Democratic
1960,Arkansas,AR,Conway,County,Richard Nixon,Republican,1685,35.13,4796,Democratic
1960,Arkansas,AR,Conway,County,Orval Faubus,National States' Rights,211,4.4,4796,Democratic
1960,Arkansas,AR,Craighead,County,John F. Kennedy,Democratic,4898,45.61,10738,Republican
1960,Arkansas,AR,Craighead,County,Richard Nixon,Republican,5258,48.97,10738,Republican
1960,Arkansas,AR,Craighead,County,Orval Faubus,National States' Rights,582,5.42,10738,Republican
1960,Arkansas,AR,Crawford,County,John F. Kennedy,Democratic,2430,41.14,5907,Republican
1960,Arkansas,AR,Crawford,County,Richard Nixon,Republican,3373,57.1,5907,Republican
1960,Arkansas,AR,Crawford,County,Orval Faubus,National States' Rights,104,1.76,5907,Republican
1960,Arkansas,AR,Crittenden,County,John F. Kennedy,Democratic,2679,52.24,5128,Democratic
1960,Arkansas,AR,Crittenden,County,Richard Nixon,Republican,2234,43.56,5128,Democratic
1960,Arkansas,AR,Crittenden,County,Orval Faubus,National States' Rights,215,4.19,5128,Democratic
1960,Arkansas,AR,Cross,County,John F. Kennedy,Democratic,2088,57.76,3615,Democratic
1960,Arkansas,AR,Cross,County,Richard Nixon,Republican,1287,35.6,3615,Democratic
1960,Arkansas,AR,Cross,County,Orval Faubus,National States' Rights,240,6.64,3615,Democratic
1960,Arkansas,AR,Dallas,County,John F. Kennedy,Democratic,1639,62.68,2615,Democratic
1960,Arkansas,AR,Dallas,County,Richard Nixon,Republican,659,25.2,2615,Democratic
1960,Arkansas,AR,Dallas,County,Orval Faubus,National States' Rights,317,12.12,2615,Democratic
1960,Arkansas,AR,Desha,County,John F. Kennedy,Democratic,2502,63.57,3936,Democratic
1960,Arkansas,AR,Desha,County,Richard Nixon,Republican,1063,27.01,3936,Democratic
1960,Arkansas,AR,Desha,County,Orval Faubus,National States' Rights,371,9.43,3936,Democratic
1960,Arkansas,AR,Drew,County,John F. Kennedy,Democratic,2107,62.49,3372,Democratic
1960,Arkansas,AR,Drew,County,Richard Nixon,Republican,889,26.36,3372,Democratic
1960,Arkansas,AR,Drew,County,Orval Faubus,National States' Rights,376,11.15,3372,Democratic
1960,Arkansas,AR,Faulkner,County,John F. Kennedy,Democratic,3820,57.8,6609,Democratic
1960,Arkansas,AR,Faulkner,County,Richard Nixon,Republican,2426,36.71,6609,Democratic
1960,Arkansas,AR,Faulkner,County,Orval Faubus,National States' Rights,363,5.49,6609,Democratic
1960,Arkansas,AR,Franklin,County,John F. Kennedy,Democratic,2025,53.99,3751,Democratic
1960,Arkansas,AR,Franklin,County,Richard Nixon,Republican,1631,43.48,3751,Democratic
1960,Arkansas,AR,Franklin,County,Orval Faubus,National States' Rights,95,2.53,3751,Democratic
1960,Arkansas,AR,Fulton,County,John F. Kennedy,Democratic,703,38.02,1849,Republican
1960,Arkansas,AR,Fulton,County,Richard Nixon,Republican,1127,60.95,1849,Republican
1960,Arkansas,AR,Fulton,County,Orval Faubus,National States' Rights,19,1.03,1849,Republican
1960,Arkansas,AR,Garland,County,John F. Kennedy,Democratic,6333,45.42,13944,Republican
1960,Arkansas,AR,Garland,County,Richard Nixon,Republican,7204,51.66,13944,Republican
1960,Arkansas,AR,Garland,County,Orval Faubus,National States' Rights,407,2.92,13944,Republican
1960,Arkansas,AR,Grant,County,John F. Kennedy,Democratic,1394,61.44,2269,Democratic
1960,Arkansas,AR,Grant,County,Richard Nixon,Republican,563,24.81,2269,Democratic
1960,Arkansas,AR,Grant,County,Orval Faubus,National States' Rights,312,13.75,2269,Democratic
1960,Arkansas,AR,Greene,County,John F. Kennedy,Democratic,2774,49.81,5569,Democratic
1960,Arkansas,AR,Greene,County,Richard Nixon,Republican,2658,47.73,5569,Democratic
1960,Arkansas,AR,Greene,County,Orval Faubus,National States' Rights,137,2.46,5569,Democratic
1960,Arkansas,AR,Hempstead,County,John F. Kennedy,Democratic,2596,54.55,4759,Democratic
1960,Arkansas,AR,Hempstead,County,Richard Nixon,Republican,1948,40.93,4759,Democratic
1960,Arkansas,AR,Hempstead,County,Orval Faubus,National States' Rights,215,4.52,4759,Democratic
1960,Arkansas,AR,Hot Spring,County,John F. Kennedy,Democratic,3454,59.0,5854,Democratic
1960,Arkansas,AR,Hot Spring,County,Richard Nixon,Republican,1732,29.59,5854,Democratic
1960,Arkansas,AR,Hot Spring,County,Orval Faubus,National States' Rights,668,11.41,5854,Democratic
1960,Arkansas,AR,Howard,County,John F. Kennedy,Democratic,1366,49.95,2735,Democratic
1960,Arkansas,AR,Howard,County,Richard Nixon,Republican,1225,44.79,2735,Democratic
1960,Arkansas,AR,Howard,County,Orval Faubus,National States' Rights,144,5.27,2735,Democratic
1960,Arkansas,AR,Independence,County,John F. Kennedy,Democratic,2487,47.02,5289,Republican
1960,Arkansas,AR,Independence,County,Richard Nixon,Republican,2639,49.9,5289,Republican
1960,Arkansas,AR,Independence,County,Orval Faubus,National States' Rights,163,3.08,5289,Republican
1960,Arkansas,AR,Izard,County,John F. Kennedy,Democratic,1340,59.61,2248,Democratic
1960,Arkansas,AR,Izard,County,Richard Nixon,Republican,808,35.94,2248,Democratic
1960,Arkansas,AR,Izard,County,Orval Faubus,National States' Rights,100,4.45,2248,Democratic
1960,Arkansas,AR,Jackson,County,John F. Kennedy,Democratic,2860,55.44,5159,Democratic
1960,Arkansas,AR,Jackson,County,Richard Nixon,Republican,1986,38.5,5159,Democratic
1960,Arkansas,AR,Jackson,County,Orval Faubus,National States' Rights,313,6.07,5159,Democratic
1960,Arkansas,AR,Jefferson,County,John F. Kennedy,Democratic,8442,55.41,15235,Democratic
1960,Arkansas,AR,Jefferson,County,Richard Nixon,Republican,4839,31.76,15235,Democratic
1960,Arkansas,AR,Jefferson,County,Orval Faubus,National States' Rights,1954,12.83,15235,Democratic
1960,Arkansas,AR,Johnson,County,John F. Kennedy,Democratic,1938,55.01,3523,Democratic
1960,Arkansas,AR,Johnson,County,Richard Nixon,Republican,1490,42.29,3523,Democratic
1960,Arkansas,AR,Johnson,County,Orval Faubus,National States' Rights,95,2.7,3523,Democratic
1960,Arkansas,AR,Lafayette,County,John F. Kennedy,Democratic,1286,55.31,2325,Democratic
1960,Arkansas,AR,Lafayette,County,Richard Nixon,Republican,713,30.67,2325,Democratic
1960,Arkansas,AR,Lafayette,County,Orval Faubus,National States' Rights,326,14.02,2325,Democratic
1960,Arkansas,AR,Lawrence,County,John F. Kennedy,Democratic,2074,51.02,4065,Democratic
1960,Arkansas,AR,Lawrence,County,Richard Nixon,Republican,1800,44.28,4065,Democratic
1960,Arkansas,AR,Lawrence,County,Orval Faubus,National States' Rights,191,4.7,4065,Democratic
1960,Arkansas,AR,Lee,County,John F. Kennedy,Democratic,1409,52.17,2701,Democratic
1960,Arkansas,AR,Lee,County,Richard Nixon,Republican,1034,38.28,2701,Democratic
1960,Arkansas,AR,Lee,County,Orval Faubus,National States' Rights,258,9.55,2701,Democratic
1960,Arkansas,AR,Lincoln,County,John F. Kennedy,Democratic,1780,67.27,2646,Democratic
1960,Arkansas,AR,Lincoln,County,Richard Nixon,Republican,626,23.66,2646,Democratic
1960,Arkansas,AR,Lincoln,County,Orval Faubus,National States' Rights,240,9.07,2646,Democratic
1960,Arkansas,AR,Little River,County,John F. Kennedy,Democratic,1514,65.17,2323,Democratic
1960,Arkansas,AR,Little River,County,Richard Nixon,Republican,692,29.79,2323,Democratic
1960,Arkansas,AR,Little River,County,Orval Faubus,National States' Rights,117,5.04,2323,Democratic
1960,Arkansas,AR,Logan,County,John F. Kennedy,Democratic,2636,55.33,4764,Democratic
1960,Arkansas,AR,Logan,County,Richard Nixon,Republican,2014,42.28,4764,Democratic
1960,Arkansas,AR,Logan,County,Orval Faubus,National States' Rights,114,2.39,4764,Democratic
1960,Arkansas,AR,Lonoke,County,John F. Kennedy,Democratic,2991,55.93,5348,Democratic
1960,Arkansas,AR,Lonoke,County,Richard Nixon,Republican,1560,29.17,5348,Democratic
1960,Arkansas,AR,Lonoke,County,Orval Faubus,National States' Rights,797,14.9,5348,Democratic
1960,Arkansas,AR,Madison,County,John F. Kennedy,Democratic,1702,40.51,4201,Republican
1960,Arkansas,AR,Madison,County,Richard Nixon,Republican,2445,58.2,4201,Republican
1960,Arkansas,AR,Madison,County,Orval Faubus,National States' Rights,54,1.29,4201,Republican
1960,Arkansas,AR,Marion,County,John F. Kennedy,Democratic,968,48.21,2008,Republican
1960,Arkansas,AR,Marion,County,Richard Nixon,Republican,1016,50.6,2008,Republican
1960,Arkansas,AR,Marion,County,Orval Faubus,National States' Rights,24,1.2,2008,Republican
1960,Arkansas,AR,Miller,County,John F. Kennedy,Democratic,4550,56.06,8117,Democratic
1960,Arkansas,AR,Miller,County,Richard Nixon,Republican,3113,38.35,8117,Democratic
1960,Arkansas,AR,Miller,County,Orval Faubus,National States' Rights,454,5.59,8117,Democratic
1960,Arkansas,AR,Mississippi,County,John F. Kennedy,Democratic,5138,48.54,10585,Democratic
1960,Arkansas,AR,Mississippi,County,Richard Nixon,Republican,4983,47.08,10585,Democratic
1960,Arkansas,AR,Mississippi,County,Orval Faubus,National States' Rights,464,4.38,10585,Democratic
1960,Arkansas,AR,Monroe,County,John F. Kennedy,Democratic,1856,60.5,3068,Democratic
1960,Arkansas,AR,Monroe,County,Richard Nixon,Republican,833,27.15,3068,Democratic
1960,Arkansas,AR,Monroe,County,Orval Faubus,National States' Rights,379,12.35,3068,Democratic
1960,Arkansas,AR,Montgomery,County,John F. Kennedy,Democratic,788,46.99,1677,Republican
1960,Arkansas,AR,Montgomery,County,Richard Nixon,Republican,836,49.85,1677,Republican
1960,Arkansas,AR,Montgomery,County,Orval Faubus,National States' Rights,53,3.16,1677,Republican
1960,Arkansas,AR,Nevada,County,John F. Kennedy,Democratic,1605,58.34,2751,Democratic
1960,Arkansas,AR,Nevada,County,Richard Nixon,Republican,937,34.06,2751,Democratic
1960,Arkansas,AR,Nevada,County,Orval Faubus,National States' Rights,209,7.6,2751,Democratic
1960,Arkansas,AR,Newton,County,John F. Kennedy,Democratic,844,31.41,2687,Republican
1960,Arkansas,AR,Newton,County,Richard Nixon,Republican,1814,67.51,2687,Republican
1960,Arkansas,AR,Newton,County,Orval Faubus,National States' Rights,29,1.08,2687,Republican
1960,Arkansas,AR,Ouachita,County,John F. Kennedy,Democratic,5169,63.1,8192,Democratic
1960,Arkansas,AR,Ouachita,County,Richard Nixon,Republican,2439,29.77,8192,Democratic
1960,Arkansas,AR,Ouachita,County,Orval Faubus,National States' Rights,584,7.13,8192,Democratic
1960,Arkansas,AR,Perry,County,John F. Kennedy,Democratic,789,56.97,1385,Democratic
1960,Arkansas,AR,Perry,County,Richard Nixon,Republican,501,36.17,1385,Democratic
1960,Arkansas,AR,Perry,County,Orval Faubus,National States' Rights,95,6.86,1385,Democratic
1960,Arkansas,AR,Phillips,County,John F. Kennedy,Democratic,4105,61.48,6677,Democratic
1960,Arkansas,AR,Phillips,County,Richard Nixon,Republican,2168,32.47,6677,Democratic
1960,Arkansas,AR,Phillips,County,Orval Faubus,National States' Rights,404,6.05,6677,Democratic
1960,Arkansas,AR,Pike,County,John F. Kennedy,Democratic,997,47.43,2102,Republican
1960,Arkansas,AR,Pike,County,Richard Nixon,Republican,1013,48.19,2102,Republican
1960,Arkansas,AR,Pike,County,Orval Faubus,National States' Rights,92,4.38,2102,Republican
1960,Arkansas,AR,Poinsett,County,John F. Kennedy,Democratic,2817,51.75,5444,Democratic
1960,Arkansas,AR,Poinsett,County,Richard Nixon,Republican,2430,44.64,5444,Democratic
1960,Arkansas,AR,Poinsett,County,Orval Faubus,National States' Rights,197,3.62,5444,Democratic
1960,Arkansas,AR,Polk,County,John F. Kennedy,Democratic,1635,45.02,3632,Republican
1960,Arkansas,AR,Polk,County,Richard Nixon,Republican,1882,51.82,3632,Republican
1960,Arkansas,AR,Polk,County,Orval Faubus,National States' Rights,115,3.17,3632,Republican
1960,Arkansas,AR,Pope,County,John F. Kennedy,Democratic,2760,49.38,5589,Democratic
1960,Arkansas,AR,Pope,County,Richard Nixon,Republican,2573,46.04,5589,Democratic
1960,Arkansas,AR,Pope,County,Orval Faubus,National States' Rights,256,4.58,5589,Democratic
1960,Arkansas,AR,Prairie,County,John F. Kennedy,Democratic,1680,63.73,2636,Democratic
1960,Arkansas,AR,Prairie,County,Richard Nixon,Republican,734,27.85,2636,Democratic
1960,Arkansas,AR,Prairie,County,Orval Faubus,National States' Rights,222,8.42,2636,Democratic
1960,Arkansas,AR,Pulaski,County,John F. Kennedy,Democratic,26034,46.67,55788,Democratic
1960,Arkansas,AR,Pulaski,County,Richard Nixon,Republican,22146,39.7,55788,Democratic
1960,Arkansas,AR,Pulaski,County,Orval Faubus,National States' Rights,7608,13.64,55788,Democratic
1960,Arkansas,AR,Randolph,County,John F. Kennedy,Democratic,1556,47.47,3278,Republican
1960,Arkansas,AR,Randolph,County,Richard Nixon,Republican,1620,49.42,3278,Republican
1960,Arkansas,AR,Randolph,County,Orval Faubus,National States' Rights,102,3.11,3278,Republican
1960,Arkansas,AR,St. Francis,County,John F. Kennedy,Democratic,2432,53.83,4518,Democratic
1960,Arkansas,AR,St. Francis,County,Richard Nixon,Republican,1786,39.53,4518,Democratic
1960,Arkansas,AR,St. Francis,County,Orval Faubus,National States' Rights,300,6.64,4518,Democratic
1960,Arkansas,AR,Saline,County,John F. Kennedy,Democratic,3898,57.4,6791,Democratic
1960,Arkansas,AR,Saline,County,Richard Nixon,Republican,2195,32.32,6791,Democratic
1960,Arkansas,AR,Saline,County,Orval Faubus,National States' Rights,698,10.28,6791,Democratic
1960,Arkansas,AR,Scott,County,John F. Kennedy,Democratic,1116,49.29,2264,Republican
1960,Arkansas,AR,Scott,County,Richard Nixon,Republican,1137,50.22,2264,Republican
1960,Arkansas,AR,Scott,County,Orval Faubus,National States' Rights,11,0.49,2264,Republican
1960,Arkansas,AR,Searcy,County,John F. Kennedy,Democratic,1022,30.5,3351,Republican
1960,Arkansas,AR,Searcy,County,Richard Nixon,Republican,2297,68.55,3351,Republican
1960,Arkansas,AR,Searcy,County,Orval Faubus,National States' Rights,32,0.95,3351,Republican
1960,Arkansas,AR,Sebastian,County,John F. Kennedy,Democratic,8726,42.16,20696,Republican
1960,Arkansas,AR,Sebastian,County,Richard Nixon,Republican,11744,56.75,20696,Republican
1960,Arkansas,AR,Sebastian,County,Orval Faubus,National States' Rights,226,1.09,20696,Republican
1960,Arkansas,AR,Sevier,County,John F. Kennedy,Democratic,1580,55.73,2835,Democratic
1960,Arkansas,AR,Sevier,County,Richard Nixon,Republican,1141,40.25,2835,Democratic
1960,Arkansas,AR,Sevier,County,Orval Faubus,National States' Rights,114,4.02,2835,Democratic
1960,Arkansas,AR,Sharp,County,John F. Kennedy,Democratic,807,45.18,1786,Republican
1960,Arkansas,AR,Sharp,County,Richard Nixon,Republican,911,51.01,1786,Republican
1960,Arkansas,AR,Sharp,County,Orval Faubus,National States' Rights,68,3.81,1786,Republican
1960,Arkansas,AR,Stone,County,John F. Kennedy,Democratic,897,46.17,1943,Republican
1960,Arkansas,AR,Stone,County,Richard Nixon,Republican,959,49.36,1943,Republican
1960,Arkansas,AR,Stone,County,Orval Faubus,National States' Rights,87,4.48,1943,Republican
1960,Arkansas,AR,Union,County,John F. Kennedy,Democratic,6500,47.92,13565,Democratic
1960,Arkansas,AR,Union,County,Richard Nixon,Republican,5631,41.51,13565,Democratic
1960,Arkansas,AR,Union,County,Orval Faubus,National States' Rights,1434,10.57,13565,Democratic
1960,Arkansas,AR,Van Buren,County,John F. Kennedy,Democratic,1158,51.08,2267,Democratic
1960,Arkansas,AR,Van Buren,County,Richard Nixon,Republican,1009,44.51,2267,Democratic
1960,Arkansas,AR,Van Buren,County,Orval Faubus,National States' Rights,100,4.41,2267,Democratic
1960,Arkansas,AR,Washington,County,John F. Kennedy,Democratic,5391,34.38,15679,Republican
1960,Arkansas,AR,Washington,County,Richard Nixon,Republican,10088,64.34,15679,Republican
1960,Arkansas,AR,Washington,County,Orval Faubus,National States' Rights,200,1.28,15679,Republican
1960,Arkansas,AR,White,County,John F. Kennedy,Democratic,5244,53.33,9834,Democratic
1960,Arkansas,AR,White,County,Richard Nixon,Republican,3985,40.52,9834,Democratic
1960,Arkansas,AR,White,County,Orval Faubus,National States' Rights,605,6.15,9834,Democratic
1960,Arkansas,AR,Woodruff,County,John F. Kennedy,Democratic,1613,63.63,2535,Democratic
1960,Arkansas,AR,Woodruff,County,Richard Nixon,Republican,667,26.31,2535,Democratic
1960,Arkansas,AR,Woodruff,County,Orval Faubus,National States' Rights,255,10.06,2535,Democratic
1960,Arkansas,AR,Yell,County,John F. Kennedy,Democratic,2008,58.49,3433,Democratic
1960,Arkansas,AR,Yell,County,Richard Nixon,Republican,1303,37.96,3433,Democratic
1960,Arkansas,AR,Yell,County,Orval Faubus,National States' Rights,122,3.55,3433,Democratic
1960,California,CA,Alameda,County,Richard Nixon,Republican,183354,45.61,402000,Democratic
1960,California,CA,Alameda,County,John F. Kennedy,Democratic,217172,54.02,402000,Democratic
1960,California,CA,Alameda,County,Other,Other,1474,0.37,402000,Democratic
1960,California,CA,Alpine,County,Richard Nixon,Republican,132,76.74,172,Republican
1960,California,CA,Alpine,County,John F. Kennedy,Democratic,40,23.26,172,Republican
1960,California,CA,Alpine,County,Other,Other,0,0.0,172,Republican
1960,California,CA,Amador,County,Richard Nixon,Republican,2175,44.51,4887,Democratic
1960,California,CA,Amador,County,John F. Kennedy,Democratic,2690,55.04,4887,Democratic
1960,California,CA,Amador,County,Other,Other,22,0.45,4887,Democratic
1960,California,CA,Butte,County,Richard Nixon,Republican,20838,57.6,36175,Republican
1960,California,CA,Butte,County,John F. Kennedy,Democratic,15163,41.92,36175,Republican
1960,California,CA,Butte,County,Other,Other,174,0.48,36175,Republican
1960,California,CA,Calaveras,County,Richard Nixon,Republican,2820,52.6,5361,Republican
1960,California,CA,Calaveras,County,John F. Kennedy,Democratic,2509,46.8,5361,Republican
1960,California,CA,Calaveras,County,Other,Other,32,0.6,5361,Republican
1960,California,CA,Colusa,County,Richard Nixon,Republican,2497,51.37,4861,Republican
1960,California,CA,Colusa,County,John F. Kennedy,Democratic,2348,48.3,4861,Republican
1960,California,CA,Colusa,County,Other,Other,16,0.33,4861,Republican
1960,California,CA,Contra Costa,County,Richard Nixon,Republican,82922,46.82,177123,Democratic
1960,California,CA,Contra Costa,County,John F. Kennedy,Democratic,93622,52.86,177123,Democratic
1960,California,CA,Contra Costa,County,Other,Other,579,0.32,177123,Democratic
1960,California,CA,Del Norte,County,Richard Nixon,Republican,3024,48.05,6294,Democratic
1960,California,CA,Del Norte,County,John F. Kennedy,Democratic,3225,51.24,6294,Democratic
1960,California,CA,Del Norte,County,Other,Other,45,0.71,6294,Democratic
1960,California,CA,El Dorado,County,Richard Nixon,Republican,6065,49.16,12337,Democratic
1960,California,CA,El Dorado,County,John F. Kennedy,Democratic,6175,50.05,12337,Democratic
1960,California,CA,El Dorado,County,Other,Other,97,0.79,12337,Democratic
1960,California,CA,Fresno,County,Richard Nixon,Republican,57930,44.32,130702,Democratic
1960,California,CA,Fresno,County,John F. Kennedy,Democratic,72164,55.21,130702,Democratic
1960,California,CA,Fresno,County,Other,Other,608,0.47,130702,Democratic
1960,California,CA,Glenn,County,Richard Nixon,Republican,3911,53.17,7356,Republican
1960,California,CA,Glenn,County,John F. Kennedy,Democratic,3410,46.36,7356,Republican
1960,California,CA,Glenn,County,Other,Other,35,0.47,7356,Republican
1960,California,CA,Humboldt,County,Richard Nixon,Republican,18074,46.71,38691,Democratic
1960,California,CA,Humboldt,County,John F. Kennedy,Democratic,20391,52.7,38691,Democratic
1960,California,CA,Humboldt,County,Other,Other,226,0.59,38691,Democratic
1960,California,CA,Imperial,County,Richard Nixon,Republican,10606,53.55,19806,Republican
1960,California,CA,Imperial,County,John F. Kennedy,Democratic,9119,46.04,19806,Republican
1960,California,CA,Imperial,County,Other,Other,81,0.41,19806,Republican
1960,California,CA,Inyo,County,Richard Nixon,Republican,2962,54.65,5420,Republican
1960,California,CA,Inyo,County,John F. Kennedy,Democratic,2443,45.07,5420,Republican
1960,California,CA,Inyo,County,Other,Other,15,0.28,5420,Republican
1960,California,CA,Kern,County,Richard Nixon,Republican,52800,50.43,104705,Republican
1960,California,CA,Kern,County,John F. Kennedy,Democratic,51440,49.13,104705,Republican
1960,California,CA,Kern,County,Other,Other,465,0.44,104705,Republican
1960,California,CA,Kings,County,Richard Nixon,Republican,6991,42.31,16522,Democratic
1960,California,CA,Kings,County,John F. Kennedy,Democratic,9439,57.13,16522,Democratic
1960,California,CA,Kings,County,Other,Other,92,0.56,16522,Democratic
1960,California,CA,Lake,County,Richard Nixon,Republican,4176,58.74,7109,Republican
1960,California,CA,Lake,County,John F. Kennedy,Democratic,2897,40.75,7109,Republican
1960,California,CA,Lake,County,Other,Other,36,0.51,7109,Republican
1960,California,CA,Lassen,County,Richard Nixon,Republican,2365,40.24,5877,Democratic
1960,California,CA,Lassen,County,John F. Kennedy,Democratic,3472,59.08,5877,Democratic
1960,California,CA,Lassen,County,Other,Other,40,0.68,5877,Democratic
1960,California,CA,Los Angeles,County,Richard Nixon,Republican,1302661,49.45,2634499,Democratic
1960,California,CA,Los Angeles,County,John F. Kennedy,Democratic,1323818,50.25,2634499,Democratic
1960,California,CA,Los Angeles,County,Other,Other,8020,0.3,2634499,Democratic
1960,California,CA,Madera,County,Richard Nixon,Republican,5869,41.75,14057,Democratic
1960,California,CA,Madera,County,John F. Kennedy,Democratic,8126,57.81,14057,Democratic
1960,California,CA,Madera,County,Other,Other,62,0.44,14057,Democratic
1960,California,CA,Marin,County,Richard Nixon,Republican,37620,57.29,65665,Republican
1960,California,CA,Marin,County,John F. Kennedy,Democratic,27888,42.47,65665,Republican
1960,California,CA,Marin,County,Other,Other,157,0.24,65665,Republican
1960,California,CA,Mariposa,County,Richard Nixon,Republican,1599,53.97,2963,Republican
1960,California,CA,Mariposa,County,John F. Kennedy,Democratic,1338,45.16,2963,Republican
1960,California,CA,Mariposa,County,Other,Other,26,0.87,2963,Republican
1960,California,CA,Mendocino,County,Richard Nixon,Republican,9301,49.29,18871,Democratic
1960,California,CA,Mendocino,County,John F. Kennedy,Democratic,9476,50.21,18871,Democratic
1960,California,CA,Mendocino,County,Other,Other,94,0.5,18871,Democratic
1960,California,CA,Merced,County,Richard Nixon,Republican,11990,43.37,27646,Democratic
1960,California,CA,Merced,County,John F. Kennedy,Democratic,15545,56.23,27646,Democratic
1960,California,CA,Merced,County,Other,Other,111,0.4,27646,Democratic
1960,California,CA,Modoc,County,Richard Nixon,Republican,1839,51.8,3550,Republican
1960,California,CA,Modoc,County,John F. Kennedy,Democratic,1691,47.63,3550,Republican
1960,California,CA,Modoc,County,Other,Other,20,0.57,3550,Republican
1960,California,CA,Mono,County,Richard Nixon,Republican,912,66.33,1375,Republican
1960,California,CA,Mono,County,John F. Kennedy,Democratic,457,33.24,1375,Republican
1960,California,CA,Mono,County,Other,Other,6,0.43,1375,Republican
1960,California,CA,Monterey,County,Richard Nixon,Republican,33428,56.26,59413,Republican
1960,California,CA,Monterey,County,John F. Kennedy,Democratic,25805,43.43,59413,Republican
1960,California,CA,Monterey,County,Other,Other,180,0.31,59413,Republican
1960,California,CA,Napa,County,Richard Nixon,Republican,15125,52.56,28778,Republican
1960,California,CA,Napa,County,John F. Kennedy,Democratic,13499,46.91,28778,Republican
1960,California,CA,Napa,County,Other,Other,154,0.53,28778,Republican
1960,California,CA,Nevada,County,Richard Nixon,Republican,5419,53.44,10141,Republican
1960,California,CA,Nevada,County,John F. Kennedy,Democratic,4633,45.69,10141,Republican
1960,California,CA,Nevada,County,Other,Other,89,0.87,10141,Republican
1960,California,CA,Orange,County,Richard Nixon,Republican,174891,60.81,287599,Republican
1960,California,CA,Orange,County,John F. Kennedy,Democratic,112007,38.95,287599,Republican
1960,California,CA,Orange,County,Other,Other,701,0.24,287599,Republican
1960,California,CA,Placer,County,Richard Nixon,Republican,10439,43.75,23863,Democratic
1960,California,CA,Placer,County,John F. Kennedy,Democratic,13304,55.75,23863,Democratic
1960,California,CA,Placer,County,Other,Other,120,0.5,23863,Democratic
1960,California,CA,Plumas,County,Richard Nixon,Republican,2015,37.47,5378,Democratic
1960,California,CA,Plumas,County,John F. Kennedy,Democratic,3333,61.97,5378,Democratic
1960,California,CA,Plumas,County,Other,Other,30,0.56,5378,Democratic
1960,California,CA,Riverside,County,Richard Nixon,Republican,65855,56.15,117276,Republican
1960,California,CA,Riverside,County,John F. Kennedy,Democratic,50877,43.38,117276,Republican
1960,California,CA,Riverside,County,Other,Other,544,0.47,117276,Republican
1960,California,CA,Sacramento,County,Richard Nixon,Republican,84252,43.26,194756,Democratic
1960,California,CA,Sacramento,County,John F. Kennedy,Democratic,109695,56.32,194756,Democratic
1960,California,CA,Sacramento,County,Other,Other,809,0.42,194756,Democratic
1960,California,CA,San Benito,County,Richard Nixon,Republican,3056,51.4,5945,Republican
1960,California,CA,San Benito,County,John F. Kennedy,Democratic,2876,48.38,5945,Republican
1960,California,CA,San Benito,County,Other,Other,13,0.22,5945,Republican
1960,California,CA,San Bernardino,County,Richard Nixon,Republican,99481,52.0,191313,Republican
1960,California,CA,San Bernardino,County,John F. Kennedy,Democratic,90888,47.51,191313,Republican
1960,California,CA,San Bernardino,County,Other,Other,944,0.49,191313,Republican
1960,California,CA,San Diego,County,Richard Nixon,Republican,223056,56.41,395421,Republican
1960,California,CA,San Diego,County,John F. Kennedy,Democratic,171259,43.31,395421,Republican
1960,California,CA,San Diego,County,Other,Other,1106,0.28,395421,Republican
1960,California,CA,San Francisco,County,Richard Nixon,Republican,143001,41.79,342219,Democratic
1960,California,CA,San Francisco,County,John F. Kennedy,Democratic,197734,57.78,342219,Democratic
1960,California,CA,San Francisco,County,Other,Other,1484,0.43,342219,Democratic
1960,California,CA,San Joaquin,County,Richard Nixon,Republican,48441,52.85,91657,Republican
1960,California,CA,San Joaquin,County,John F. Kennedy,Democratic,42855,46.76,91657,Republican
1960,California,CA,San Joaquin,County,Other,Other,361,0.39,91657,Republican
1960,California,CA,San Luis Obispo,County,Richard Nixon,Republican,17862,54.04,33055,Republican
1960,California,CA,San Luis Obispo,County,John F. Kennedy,Democratic,14975,45.3,33055,Republican
1960,California,CA,San Luis Obispo,County,Other,Other,218,0.66,33055,Republican
1960,California,CA,San Mateo,County,Richard Nixon,Republican,104570,51.7,202252,Republican
1960,California,CA,San Mateo,County,John F. Kennedy,Democratic,97154,48.04,202252,Republican
1960,California,CA,San Mateo,County,Other,Other,528,0.26,202252,Republican
1960,California,CA,Santa Barbara,County,Richard Nixon,Republican,38805,56.73,68402,Republican
1960,California,CA,Santa Barbara,County,John F. Kennedy,Democratic,29409,42.99,68402,Republican
1960,California,CA,Santa Barbara,County,Other,Other,188,0.28,68402,Republican
1960,California,CA,Santa Clara,County,Richard Nixon,Republican,131735,52.67,250092,Republican
1960,California,CA,Santa Clara,County,John F. Kennedy,Democratic,117667,47.05,250092,Republican
1960,California,CA,Santa Clara,County,Other,Other,690,0.28,250092,Republican
1960,California,CA,Santa Cruz,County,Richard Nixon,Republican,24858,59.61,41704,Republican
1960,California,CA,Santa Cruz,County,John F. Kennedy,Democratic,16659,39.95,41704,Republican
1960,California,CA,Santa Cruz,County,Other,Other,187,0.44,41704,Republican
1960,California,CA,Shasta,County,Richard Nixon,Republican,9462,38.94,24301,Democratic
1960,California,CA,Shasta,County,John F. Kennedy,Democratic,14691,60.45,24301,Democratic
1960,California,CA,Shasta,County,Other,Other,148,0.61,24301,Democratic
1960,California,CA,Sierra,County,Richard Nixon,Republican,576,46.79,1231,Democratic
1960,California,CA,Sierra,County,John F. Kennedy,Democratic,647,52.56,1231,Democratic
1960,California,CA,Sierra,County,Other,Other,8,0.65,1231,Democratic
1960,California,CA,Siskiyou,County,Richard Nixon,Republican,6279,42.95,14620,Democratic
1960,California,CA,Siskiyou,County,John F. Kennedy,Democratic,8245,56.4,14620,Democratic
1960,California,CA,Siskiyou,County,Other,Other,96,0.65,14620,Democratic
1960,California,CA,Solano,County,Richard Nixon,Republican,18751,40.88,45869,Democratic
1960,California,CA,Solano,County,John F. Kennedy,Democratic,26977,58.81,45869,Democratic
1960,California,CA,Solano,County,Other,Other,141,0.31,45869,Democratic
1960,California,CA,Sonoma,County,Richard Nixon,Republican,34641,54.1,64032,Republican
1960,California,CA,Sonoma,County,John F. Kennedy,Democratic,29147,45.52,64032,Republican
1960,California,CA,Sonoma,County,Other,Other,244,0.38,64032,Republican
1960,California,CA,Stanislaus,County,Richard Nixon,Republican,30213,49.62,60890,Democratic
1960,California,CA,Stanislaus,County,John F. Kennedy,Democratic,30302,49.77,60890,Democratic
1960,California,CA,Stanislaus,County,Other,Other,375,0.61,60890,Democratic
1960,California,CA,Sutter,County,Richard Nixon,Republican,7520,62.91,11954,Republican
1960,California,CA,Sutter,County,John F. Kennedy,Democratic,4379,36.63,11954,Republican
1960,California,CA,Sutter,County,Other,Other,55,0.46,11954,Republican
1960,California,CA,Tehama,County,Richard Nixon,Republican,5522,49.96,11052,Republican
1960,California,CA,Tehama,County,John F. Kennedy,Democratic,5483,49.61,11052,Republican
1960,California,CA,Tehama,County,Other,Other,47,0.43,11052,Republican
1960,California,CA,Trinity,County,Richard Nixon,Republican,1418,38.35,3698,Democratic
1960,California,CA,Trinity,County,John F. Kennedy,Democratic,2262,61.17,3698,Democratic
1960,California,CA,Trinity,County,Other,Other,18,0.48,3698,Democratic
1960,California,CA,Tulare,County,Richard Nixon,Republican,29456,53.97,54582,Republican
1960,California,CA,Tulare,County,John F. Kennedy,Democratic,24887,45.6,54582,Republican
1960,California,CA,Tulare,County,Other,Other,239,0.43,54582,Republican
1960,California,CA,Tuolumne,County,Richard Nixon,Republican,3691,49.11,7516,Democratic
1960,California,CA,Tuolumne,County,John F. Kennedy,Democratic,3781,50.31,7516,Democratic
1960,California,CA,Tuolumne,County,Other,Other,44,0.58,7516,Democratic
1960,California,CA,Ventura,County,Richard Nixon,Republican,35074,49.59,70723,Democratic
1960,California,CA,Ventura,County,John F. Kennedy,Democratic,35334,49.96,70723,Democratic
1960,California,CA,Ventura,County,Other,Other,315,0.45,70723,Democratic
1960,California,CA,Yolo,County,Richard Nixon,Republican,10104,44.73,22589,Democratic
1960,California,CA,Yolo,County,John F. Kennedy,Democratic,12395,54.87,22589,Democratic
1960,California,CA,Yolo,County,Other,Other,90,0.4,22589,Democratic
1960,California,CA,Yuba,County,Richard Nixon,Republican,5293,51.72,10233,Republican
1960,California,CA,Yuba,County,John F. Kennedy,Democratic,4882,47.71,10233,Republican
1960,California,CA,Yuba,County,Other,Other,58,0.57,10233,Republican
1960,Colorado,CO,Adams,County,Richard Nixon,Republican,18452,46.36,39798,Democratic
1960,Colorado,CO,Adams,County,John F. Kennedy,Democratic,21168,53.19,39798,Democratic
1960,Colorado,CO,Adams,County,Eric Hass,Socialist Labor,164,0.41,39798,Democratic
1960,Colorado,CO,Adams,County,Farrell Dobbs,Socialist Workers,14,0.04,39798,Democratic
1960,Colorado,CO,Alamosa,County,Richard Nixon,Republican,2271,55.58,4086,Republican
1960,Colorado,CO,Alamosa,County,John F. Kennedy,Democratic,1811,44.32,4086,Republican
1960,Colorado,CO,Alamosa,County,Eric Hass,Socialist Labor,3,0.07,4086,Republican
1960,Colorado,CO,Alamosa,County,Farrell Dobbs,Socialist Workers,1,0.02,4086,Republican
1960,Colorado,CO,Arapahoe,County,Richard Nixon,Republican,26379,60.07,43916,Republican
1960,Colorado,CO,Arapahoe,County,John F. Kennedy,Democratic,17400,39.62,43916,Republican
1960,Colorado,CO,Arapahoe,County,Eric Hass,Socialist Labor,109,0.25,43916,Republican
1960,Colorado,CO,Arapahoe,County,Farrell Dobbs,Socialist Workers,28,0.06,43916,Republican
1960,Colorado,CO,Archuleta,County,Richard Nixon,Republican,489,46.26,1057,Democratic
1960,Colorado,CO,Archuleta,County,John F. Kennedy,Democratic,567,53.64,1057,Democratic
1960,Colorado,CO,Archuleta,County,Eric Hass,Socialist Labor,1,0.09,1057,Democratic
1960,Colorado,CO,Archuleta,County,Farrell Dobbs,Socialist Workers,0,0.0,1057,Democratic
1960,Colorado,CO,Baca,County,Richard Nixon,Republican,1815,65.48,2772,Republican
1960,Colorado,CO,Baca,County,John F. Kennedy,Democratic,952,34.34,2772,Republican
1960,Colorado,CO,Baca,County,Eric Hass,Socialist Labor,2,0.07,2772,Republican
1960,Colorado,CO,Baca,County,Farrell Dobbs,Socialist Workers,3,0.11,2772,Republican
1960,Colorado,CO,Bent,County,Richard Nixon,Republican,1671,57.54,2904,Republican
1960,Colorado,CO,Bent,County,John F. Kennedy,Democratic,1228,42.29,2904,Republican
1960,Colorado,CO,Bent,County,Eric Hass,Socialist Labor,4,0.14,2904,Republican
1960,Colorado,CO,Bent,County,Farrell Dobbs,Socialist Workers,1,0.03,2904,Republican
1960,Colorado,CO,Boulder,County,Richard Nixon,Republican,19791,61.47,32197,Republican
1960,Colorado,CO,Boulder,County,John F. Kennedy,Democratic,12276,38.13,32197,Republican
1960,Colorado,CO,Boulder,County,Eric Hass,Socialist Labor,105,0.33,32197,Republican
1960,Colorado,CO,Boulder,County,Farrell Dobbs,Socialist Workers,25,0.08,32197,Republican
1960,Colorado,CO,Chaffee,County,Richard Nixon,Republican,2094,52.14,4016,Republican
1960,Colorado,CO,Chaffee,County,John F. Kennedy,Democratic,1918,47.76,4016,Republican
1960,Colorado,CO,Chaffee,County,Eric Hass,Socialist Labor,3,0.07,4016,Republican
1960,Colorado,CO,Chaffee,County,Farrell Dobbs,Socialist Workers,1,0.02,4016,Republican
1960,Colorado,CO,Cheyenne,County,Richard Nixon,Republican,806,65.69,1227,Republican
1960,Colorado,CO,Cheyenne,County,John F. Kennedy,Democratic,419,34.15,1227,Republican
1960,Colorado,CO,Cheyenne,County,Eric Hass,Socialist Labor,2,0.16,1227,Republican
1960,Colorado,CO,Cheyenne,County,Farrell Dobbs,Socialist Workers,0,0.0,1227,Republican
1960,Colorado,CO,Clear Creek,County,Richard Nixon,Republican,964,58.35,1652,Republican
1960,Colorado,CO,Clear Creek,County,John F. Kennedy,Democratic,688,41.65,1652,Republican
1960,Colorado,CO,Clear Creek,County,Eric Hass,Socialist Labor,0,0.0,1652,Republican
1960,Colorado,CO,Clear Creek,County,Farrell Dobbs,Socialist Workers,0,0.0,1652,Republican
1960,Colorado,CO,Conejos,County,Richard Nixon,Republican,1367,38.8,3523,Democratic
1960,Colorado,CO,Conejos,County,John F. Kennedy,Democratic,2069,58.73,3523,Democratic
1960,Colorado,CO,Conejos,County,Eric Hass,Socialist Labor,42,1.19,3523,Democratic
1960,Colorado,CO,Conejos,County,Farrell Dobbs,Socialist Workers,45,1.28,3523,Democratic
1960,Colorado,CO,Costilla,County,Richard Nixon,Republican,637,31.83,2001,Democratic
1960,Colorado,CO,Costilla,County,John F. Kennedy,Democratic,1351,67.52,2001,Democratic
1960,Colorado,CO,Costilla,County,Eric Hass,Socialist Labor,10,0.5,2001,Democratic
1960,Colorado,CO,Costilla,County,Farrell Dobbs,Socialist Workers,3,0.15,2001,Democratic
1960,Colorado,CO,Crowley,County,Richard Nixon,Republican,1099,60.89,1805,Republican
1960,Colorado,CO,Crowley,County,John F. Kennedy,Democratic,705,39.06,1805,Republican
1960,Colorado,CO,Crowley,County,Eric Hass,Socialist Labor,1,0.06,1805,Republican
1960,Colorado,CO,Crowley,County,Farrell Dobbs,Socialist Workers,0,0.0,1805,Republican
1960,Colorado,CO,Custer,County,Richard Nixon,Republican,509,61.85,823,Republican
1960,Colorado,CO,Custer,County,John F. Kennedy,Democratic,314,38.15,823,Republican
1960,Colorado,CO,Custer,County,Eric Hass,Socialist Labor,0,0.0,823,Republican
1960,Colorado,CO,Custer,County,Farrell Dobbs,Socialist Workers,0,0.0,823,Republican
1960,Colorado,CO,Delta,County,Richard Nixon,Republican,4644,63.24,7343,Republican
1960,Colorado,CO,Delta,County,John F. Kennedy,Democratic,2689,36.62,7343,Republican
1960,Colorado,CO,Delta,County,Eric Hass,Socialist Labor,6,0.08,7343,Republican
1960,Colorado,CO,Delta,County,Farrell Dobbs,Socialist Workers,4,0.05,7343,Republican
1960,Colorado,CO,Denver,County,Richard Nixon,Republican,109446,49.59,220701,Democratic
1960,Colorado,CO,Denver,County,John F. Kennedy,Democratic,109637,49.68,220701,Democratic
1960,Colorado,CO,Denver,County,Eric Hass,Socialist Labor,1429,0.65,220701,Democratic
1960,Colorado,CO,Denver,County,Farrell Dobbs,Socialist Workers,189,0.09,220701,Democratic
1960,Colorado,CO,Dolores,County,Richard Nixon,Republican,476,55.22,862,Republican
1960,Colorado,CO,Dolores,County,John F. Kennedy,Democratic,386,44.78,862,Republican
1960,Colorado,CO,Dolores,County,Eric Hass,Socialist Labor,0,0.0,862,Republican
1960,Colorado,CO,Dolores,County,Farrell Dobbs,Socialist Workers,0,0.0,862,Republican
1960,Colorado,CO,Douglas,County,Richard Nixon,Republican,1490,64.42,2313,Republican
1960,Colorado,CO,Douglas,County,John F. Kennedy,Democratic,823,35.58,2313,Republican
1960,Colorado,CO,Douglas,County,Eric Hass,Socialist Labor,0,0.0,2313,Republican
1960,Colorado,CO,Douglas,County,Farrell Dobbs,Socialist Workers,0,0.0,2313,Republican
1960,Colorado,CO,Eagle,County,Richard Nixon,Republican,989,52.86,1871,Republican
1960,Colorado,CO,Eagle,County,John F. Kennedy,Democratic,880,47.03,1871,Republican
1960,Colorado,CO,Eagle,County,Eric Hass,Socialist Labor,2,0.11,1871,Republican
1960,Colorado,CO,Eagle,County,Farrell Dobbs,Socialist Workers,0,0.0,1871,Republican
1960,Colorado,CO,El Paso,County,Richard Nixon,Republican,31625,64.93,48704,Republican
1960,Colorado,CO,El Paso,County,John F. Kennedy,Democratic,17018,34.94,48704,Republican
1960,Colorado,CO,El Paso,County,Eric Hass,Socialist Labor,40,0.08,48704,Republican
1960,Colorado,CO,El Paso,County,Farrell Dobbs,Socialist Workers,21,0.04,48704,Republican
1960,Colorado,CO,Elbert,County,Richard Nixon,Republican,1240,64.32,1928,Republican
1960,Colorado,CO,Elbert,County,John F. Kennedy,Democratic,686,35.58,1928,Republican
1960,Colorado,CO,Elbert,County,Eric Hass,Socialist Labor,2,0.1,1928,Republican
1960,Colorado,CO,Elbert,County,Farrell Dobbs,Socialist Workers,0,0.0,1928,Republican
1960,Colorado,CO,Fremont,County,Richard Nixon,Republican,5690,60.19,9454,Republican
1960,Colorado,CO,Fremont,County,John F. Kennedy,Democratic,3730,39.45,9454,Republican
1960,Colorado,CO,Fremont,County,Eric Hass,Socialist Labor,13,0.14,9454,Republican
1960,Colorado,CO,Fremont,County,Farrell Dobbs,Socialist Workers,21,0.22,9454,Republican
1960,Colorado,CO,Garfield,County,Richard Nixon,Republican,3215,58.04,5539,Republican
1960,Colorado,CO,Garfield,County,John F. Kennedy,Democratic,2313,41.76,5539,Republican
1960,Colorado,CO,Garfield,County,Eric Hass,Socialist Labor,9,0.16,5539,Republican
1960,Colorado,CO,Garfield,County,Farrell Dobbs,Socialist Workers,2,0.04,5539,Republican
1960,Colorado,CO,Gilpin,County,Richard Nixon,Republican,315,58.55,538,Republican
1960,Colorado,CO,Gilpin,County,John F. Kennedy,Democratic,223,41.45,538,Republican
1960,Colorado,CO,Gilpin,County,Eric Hass,Socialist Labor,0,0.0,538,Republican
1960,Colorado,CO,Gilpin,County,Farrell Dobbs,Socialist Workers,0,0.0,538,Republican
1960,Colorado,CO,Grand,County,Richard Nixon,Republican,1104,62.62,1763,Republican
1960,Colorado,CO,Grand,County,John F. Kennedy,Democratic,657,37.27,1763,Republican
1960,Colorado,CO,Grand,County,Eric Hass,Socialist Labor,1,0.06,1763,Republican
1960,Colorado,CO,Grand,County,Farrell Dobbs,Socialist Workers,1,0.06,1763,Republican
1960,Colorado,CO,Gunnison,County,Richard Nixon,Republican,1296,55.31,2343,Republican
1960,Colorado,CO,Gunnison,County,John F. Kennedy,Democratic,1044,44.56,2343,Republican
1960,Colorado,CO,Gunnison,County,Eric Hass,Socialist Labor,1,0.04,2343,Republican
1960,Colorado,CO,Gunnison,County,Farrell Dobbs,Socialist Workers,2,0.09,2343,Republican
1960,Colorado,CO,Hinsdale,County,Richard Nixon,Republican,138,62.73,220,Republican
1960,Colorado,CO,Hinsdale,County,John F. Kennedy,Democratic,82,37.27,220,Republican
1960,Colorado,CO,Hinsdale,County,Eric Hass,Socialist Labor,0,0.0,220,Republican
1960,Colorado,CO,Hinsdale,County,Farrell Dobbs,Socialist Workers,0,0.0,220,Republican
1960,Colorado,CO,Huerfano,County,Richard Nixon,Republican,1367,33.73,4053,Democratic
1960,Colorado,CO,Huerfano,County,John F. Kennedy,Democratic,2673,65.95,4053,Democratic
1960,Colorado,CO,Huerfano,County,Eric Hass,Socialist Labor,8,0.2,4053,Democratic
1960,Colorado,CO,Huerfano,County,Farrell Dobbs,Socialist Workers,5,0.12,4053,Democratic
1960,Colorado,CO,Jackson,County,Richard Nixon,Republican,504,58.27,865,Republican
1960,Colorado,CO,Jackson,County,John F. Kennedy,Democratic,360,41.62,865,Republican
1960,Colorado,CO,Jackson,County,Eric Hass,Socialist Labor,1,0.12,865,Republican
1960,Colorado,CO,Jackson,County,Farrell Dobbs,Socialist Workers,0,0.0,865,Republican
1960,Colorado,CO,Jefferson,County,Richard Nixon,Republican,34105,59.62,57204,Republican
1960,Colorado,CO,Jefferson,County,John F. Kennedy,Democratic,22962,40.14,57204,Republican
1960,Colorado,CO,Jefferson,County,Eric Hass,Socialist Labor,107,0.19,57204,Republican
1960,Colorado,CO,Jefferson,County,Farrell Dobbs,Socialist Workers,30,0.05,57204,Republican
1960,Colorado,CO,Kiowa,County,Richard Nixon,Republican,865,63.42,1364,Republican
1960,Colorado,CO,Kiowa,County,John F. Kennedy,Democratic,498,36.51,1364,Republican
1960,Colorado,CO,Kiowa,County,Eric Hass,Socialist Labor,1,0.07,1364,Republican
1960,Colorado,CO,Kiowa,County,Farrell Dobbs,Socialist Workers,0,0.0,1364,Republican
1960,Colorado,CO,Kit Carson,County,Richard Nixon,Republican,2248,66.88,3361,Republican
1960,Colorado,CO,Kit Carson,County,John F. Kennedy,Democratic,1103,32.82,3361,Republican
1960,Colorado,CO,Kit Carson,County,Eric Hass,Socialist Labor,2,0.06,3361,Republican
1960,Colorado,CO,Kit Carson,County,Farrell Dobbs,Socialist Workers,8,0.24,3361,Republican
1960,Colorado,CO,La Plata,County,Richard Nixon,Republican,4772,58.83,8111,Republican
1960,Colorado,CO,La Plata,County,John F. Kennedy,Democratic,3329,41.04,8111,Republican
1960,Colorado,CO,La Plata,County,Eric Hass,Socialist Labor,6,0.07,8111,Republican
1960,Colorado,CO,La Plata,County,Farrell Dobbs,Socialist Workers,4,0.05,8111,Republican
1960,Colorado,CO,Lake,County,Richard Nixon,Republican,954,34.03,2803,Democratic
1960,Colorado,CO,Lake,County,John F. Kennedy,Democratic,1842,65.72,2803,Democratic
1960,Colorado,CO,Lake,County,Eric Hass,Socialist Labor,2,0.07,2803,Democratic
1960,Colorado,CO,Lake,County,Farrell Dobbs,Socialist Workers,5,0.18,2803,Democratic
1960,Colorado,CO,Larimer,County,Richard Nixon,Republican,15671,67.39,23255,Republican
1960,Colorado,CO,Larimer,County,John F. Kennedy,Democratic,7550,32.47,23255,Republican
1960,Colorado,CO,Larimer,County,Eric Hass,Socialist Labor,23,0.1,23255,Republican
1960,Colorado,CO,Larimer,County,Farrell Dobbs,Socialist Workers,11,0.05,23255,Republican
1960,Colorado,CO,Las Animas,County,Richard Nixon,Republican,2989,30.74,9722,Democratic
1960,Colorado,CO,Las Animas,County,John F. Kennedy,Democratic,6704,68.96,9722,Democratic
1960,Colorado,CO,Las Animas,County,Eric Hass,Socialist Labor,15,0.15,9722,Democratic
1960,Colorado,CO,Las Animas,County,Farrell Dobbs,Socialist Workers,14,0.14,9722,Democratic
1960,Colorado,CO,Lincoln,County,Richard Nixon,Republican,1498,58.93,2542,Republican
1960,Colorado,CO,Lincoln,County,John F. Kennedy,Democratic,1041,40.95,2542,Republican
1960,Colorado,CO,Lincoln,County,Eric Hass,Socialist Labor,3,0.12,2542,Republican
1960,Colorado,CO,Lincoln,County,Farrell Dobbs,Socialist Workers,0,0.0,2542,Republican
1960,Colorado,CO,Logan,County,Richard Nixon,Republican,5002,59.97,8341,Republican
1960,Colorado,CO,Logan,County,John F. Kennedy,Democratic,3334,39.97,8341,Republican
1960,Colorado,CO,Logan,County,Eric Hass,Socialist Labor,1,0.01,8341,Republican
1960,Colorado,CO,Logan,County,Farrell Dobbs,Socialist Workers,4,0.05,8341,Republican
1960,Colorado,CO,Mesa,County,Richard Nixon,Republican,13015,58.81,22132,Republican
1960,Colorado,CO,Mesa,County,John F. Kennedy,Democratic,9072,40.99,22132,Republican
1960,Colorado,CO,Mesa,County,Eric Hass,Socialist Labor,32,0.14,22132,Republican
1960,Colorado,CO,Mesa,County,Farrell Dobbs,Socialist Workers,13,0.06,22132,Republican
1960,Colorado,CO,Mineral,County,Richard Nixon,Republican,146,47.87,305,Democratic
1960,Colorado,CO,Mineral,County,John F. Kennedy,Democratic,158,51.8,305,Democratic
1960,Colorado,CO,Mineral,County,Eric Hass,Socialist Labor,1,0.33,305,Democratic
1960,Colorado,CO,Mineral,County,Farrell Dobbs,Socialist Workers,0,0.0,305,Democratic
1960,Colorado,CO,Moffat,County,Richard Nixon,Republican,1754,59.32,2343,Republican
1960,Colorado,CO,Moffat,County,John F. Kennedy,Democratic,1200,40.58,2343,Republican
1960,Colorado,CO,Moffat,County,Eric Hass,Socialist Labor,2,0.07,2343,Republican
1960,Colorado,CO,Moffat,County,Farrell Dobbs,Socialist Workers,1,0.03,2343,Republican
1960,Colorado,CO,Montezuma,County,Richard Nixon,Republican,2778,56.69,4900,Republican
1960,Colorado,CO,Montezuma,County,John F. Kennedy,Democratic,2115,43.16,4900,Republican
1960,Colorado,CO,Montezuma,County,Eric Hass,Socialist Labor,5,0.1,4900,Republican
1960,Colorado,CO,Montezuma,County,Farrell Dobbs,Socialist Workers,2,0.04,4900,Republican
1960,Colorado,CO,Montrose,County,Richard Nixon,Republican,4040,58.34,6925,Republican
1960,Colorado,CO,Montrose,County,John F. Kennedy,Democratic,2861,41.31,6925,Republican
1960,Colorado,CO,Montrose,County,Eric Hass,Socialist Labor,17,0.25,6925,Republican
1960,Colorado,CO,Montrose,County,Farrell Dobbs,Socialist Workers,7,0.1,6925,Republican
1960,Colorado,CO,Morgan,County,Richard Nixon,Republican,5092,61.65,8259,Republican
1960,Colorado,CO,Morgan,County,John F. Kennedy,Democratic,3151,38.15,8259,Republican
1960,Colorado,CO,Morgan,County,Eric Hass,Socialist Labor,11,0.13,8259,Republican
1960,Colorado,CO,Morgan,County,Farrell Dobbs,Socialist Workers,5,0.06,8259,Republican
1960,Colorado,CO,Otero,County,Richard Nixon,Republican,6015,58.8,10229,Republican
1960,Colorado,CO,Otero,County,John F. Kennedy,Democratic,4199,41.05,10229,Republican
1960,Colorado,CO,Otero,County,Eric Hass,Socialist Labor,7,0.07,10229,Republican
1960,Colorado,CO,Otero,County,Farrell Dobbs,Socialist Workers,8,0.08,10229,Republican
1960,Colorado,CO,Ouray,County,Richard Nixon,Republican,508,54.04,940,Republican
1960,Colorado,CO,Ouray,County,John F. Kennedy,Democratic,432,45.96,940,Republican
1960,Colorado,CO,Ouray,County,Eric Hass,Socialist Labor,0,0.0,940,Republican
1960,Colorado,CO,Ouray,County,Farrell Dobbs,Socialist Workers,0,0.0,940,Republican
1960,Colorado,CO,Park,County,Richard Nixon,Republican,642,59.33,1082,Republican
1960,Colorado,CO,Park,County,John F. Kennedy,Democratic,438,40.48,1082,Republican
1960,Colorado,CO,Park,County,Eric Hass,Socialist Labor,2,0.18,1082,Republican
1960,Colorado,CO,Park,County,Farrell Dobbs,Socialist Workers,0,0.0,1082,Republican
1960,Colorado,CO,Phillips,County,Richard Nixon,Republican,1455,62.77,2318,Republican
1960,Colorado,CO,Phillips,County,John F. Kennedy,Democratic,862,37.19,2318,Republican
1960,Colorado,CO,Phillips,County,Eric Hass,Socialist Labor,1,0.04,2318,Republican
1960,Colorado,CO,Phillips,County,Farrell Dobbs,Socialist Workers,0,0.0,2318,Republican
1960,Colorado,CO,Pitkin,County,Richard Nixon,Republican,679,58.18,1167,Republican
1960,Colorado,CO,Pitkin,County,John F. Kennedy,Democratic,488,41.82,1167,Republican
1960,Colorado,CO,Pitkin,County,Eric Hass,Socialist Labor,0,0.0,1167,Republican
1960,Colorado,CO,Pitkin,County,Farrell Dobbs,Socialist Workers,0,0.0,1167,Republican
1960,Colorado,CO,Prowers,County,Richard Nixon,Republican,3567,59.15,6030,Republican
1960,Colorado,CO,Prowers,County,John F. Kennedy,Democratic,2457,40.75,6030,Republican
1960,Colorado,CO,Prowers,County,Eric Hass,Socialist Labor,3,0.05,6030,Republican
1960,Colorado,CO,Prowers,County,Farrell Dobbs,Socialist Workers,3,0.05,6030,Republican
1960,Colorado,CO,Pueblo,County,Richard Nixon,Republican,20579,42.36,48582,Democratic
1960,Colorado,CO,Pueblo,County,John F. Kennedy,Democratic,27421,56.44,48582,Democratic
1960,Colorado,CO,Pueblo,County,Eric Hass,Socialist Labor,541,1.11,48582,Democratic
1960,Colorado,CO,Pueblo,County,Farrell Dobbs,Socialist Workers,41,0.08,48582,Democratic
1960,Colorado,CO,Rio Blanco,County,Richard Nixon,Republican,1391,63.57,2188,Republican
1960,Colorado,CO,Rio Blanco,County,John F. Kennedy,Democratic,794,36.29,2188,Republican
1960,Colorado,CO,Rio Blanco,County,Eric Hass,Socialist Labor,2,0.09,2188,Republican
1960,Colorado,CO,Rio Blanco,County,Farrell Dobbs,Socialist Workers,1,0.05,2188,Republican
1960,Colorado,CO,Rio Grande,County,Richard Nixon,Republican,2524,58.53,4312,Republican
1960,Colorado,CO,Rio Grande,County,John F. Kennedy,Democratic,1782,41.33,4312,Republican
1960,Colorado,CO,Rio Grande,County,Eric Hass,Socialist Labor,5,0.12,4312,Republican
1960,Colorado,CO,Rio Grande,County,Farrell Dobbs,Socialist Workers,1,0.02,4312,Republican
1960,Colorado,CO,Routt,County,Richard Nixon,Republican,1651,53.83,3067,Republican
1960,Colorado,CO,Routt,County,John F. Kennedy,Democratic,1414,46.1,3067,Republican
1960,Colorado,CO,Routt,County,Eric Hass,Socialist Labor,1,0.03,3067,Republican
1960,Colorado,CO,Routt,County,Farrell Dobbs,Socialist Workers,1,0.03,3067,Republican
1960,Colorado,CO,Saguache,County,Richard Nixon,Republican,956,49.05,1949,Democratic
1960,Colorado,CO,Saguache,County,John F. Kennedy,Democratic,984,50.49,1949,Democratic
1960,Colorado,CO,Saguache,County,Eric Hass,Socialist Labor,6,0.31,1949,Democratic
1960,Colorado,CO,Saguache,County,Farrell Dobbs,Socialist Workers,3,0.15,1949,Democratic
1960,Colorado,CO,San Juan,County,Richard Nixon,Republican,218,45.23,482,Democratic
1960,Colorado,CO,San Juan,County,John F. Kennedy,Democratic,261,54.15,482,Democratic
1960,Colorado,CO,San Juan,County,Eric Hass,Socialist Labor,3,0.62,482,Democratic
1960,Colorado,CO,San Juan,County,Farrell Dobbs,Socialist Workers,0,0.0,482,Democratic
1960,Colorado,CO,San Miguel,County,Richard Nixon,Republican,525,46.09,1139,Democratic
1960,Colorado,CO,San Miguel,County,John F. Kennedy,Democratic,612,53.73,1139,Democratic
1960,Colorado,CO,San Miguel,County,Eric Hass,Socialist Labor,2,0.18,1139,Democratic
1960,Colorado,CO,San Miguel,County,Farrell Dobbs,Socialist Workers,0,0.0,1139,Democratic
1960,Colorado,CO,Sedgwick,County,Richard Nixon,Republican,1230,61.41,2003,Republican
1960,Colorado,CO,Sedgwick,County,John F. Kennedy,Democratic,769,38.39,2003,Republican
1960,Colorado,CO,Sedgwick,County,Eric Hass,Socialist Labor,3,0.15,2003,Republican
1960,Colorado,CO,Sedgwick,County,Farrell Dobbs,Socialist Workers,1,0.05,2003,Republican
1960,Colorado,CO,Summit,County,Richard Nixon,Republican,424,51.27,827,Republican
1960,Colorado,CO,Summit,County,John F. Kennedy,Democratic,400,48.37,827,Republican
1960,Colorado,CO,Summit,County,Eric Hass,Socialist Labor,3,0.36,827,Republican
1960,Colorado,CO,Summit,County,Farrell Dobbs,Socialist Workers,0,0.0,827,Republican
1960,Colorado,CO,Teller,County,Richard Nixon,Republican,723,53.6,1349,Republican
1960,Colorado,CO,Teller,County,John F. Kennedy,Democratic,622,46.11,1349,Republican
1960,Colorado,CO,Teller,County,Eric Hass,Socialist Labor,3,0.22,1349,Republican
1960,Colorado,CO,Teller,County,Farrell Dobbs,Socialist Workers,1,0.07,1349,Republican
1960,Colorado,CO,Washington,County,Richard Nixon,Republican,1979,65.49,3022,Republican
1960,Colorado,CO,Washington,County,John F. Kennedy,Democratic,1039,34.38,3022,Republican
1960,Colorado,CO,Washington,County,Eric Hass,Socialist Labor,3,0.01,3022,Republican
1960,Colorado,CO,Washington,County,Farrell Dobbs,Socialist Workers,1,0.03,3022,Republican
1960,Colorado,CO,Weld,County,Richard Nixon,Republican,17558,60.99,28790,Republican
1960,Colorado,CO,Weld,County,John F. Kennedy,Democratic,11179,38.83,28790,Republican
1960,Colorado,CO,Weld,County,Eric Hass,Socialist Labor,30,0.1,28790,Republican
1960,Colorado,CO,Weld,County,Farrell Dobbs,Socialist Workers,23,0.08,28790,Republican
1960,Colorado,CO,Yuma,County,Richard Nixon,Republican,2806,65.18,4305,Republican
1960,Colorado,CO,Yuma,County,John F. Kennedy,Democratic,1489,34.59,4305,Republican
1960,Colorado,CO,Yuma,County,Eric Hass,Socialist Labor,5,0.12,4305,Republican
1960,Colorado,CO,Yuma,County,Farrell Dobbs,Socialist Workers,5,0.12,4305,Republican
1960,Connecticut,CT,Fairfield,County,John F. Kennedy,Democratic,146442,46.6,314226,Republican
1960,Connecticut,CT,Fairfield,County,Richard Nixon,Republican,167778,53.39,314226,Republican
1960,Connecticut,CT,Fairfield,County,Other,Other,6,0.01,314226,Republican
1960,Connecticut,CT,Hartford,County,John F. Kennedy,Democratic,195403,58.88,331864,Democratic
1960,Connecticut,CT,Hartford,County,Richard Nixon,Republican,136459,41.12,331864,Democratic
1960,Connecticut,CT,Hartford,County,Other,Other,2,0.0,331864,Democratic
1960,Connecticut,CT,Litchfield,County,John F. Kennedy,Democratic,29062,46.05,63108,Republican
1960,Connecticut,CT,Litchfield,County,Richard Nixon,Republican,34043,53.94,63108,Republican
1960,Connecticut,CT,Litchfield,County,Other,Other,3,0.01,63108,Republican
1960,Connecticut,CT,Middlesex,County,John F. Kennedy,Democratic,22158,50.13,44204,Democratic
1960,Connecticut,CT,Middlesex,County,Richard Nixon,Republican,22045,49.87,44204,Democratic
1960,Connecticut,CT,Middlesex,County,Other,Other,1,0.0,44204,Democratic
1960,Connecticut,CT,New Haven,County,John F. Kennedy,Democratic,188685,57.96,325539,Democratic
1960,Connecticut,CT,New Haven,County,Richard Nixon,Republican,136852,42.04,325539,Democratic
1960,Connecticut,CT,New Haven,County,Other,Other,2,0.0,325539,Democratic
1960,Connecticut,CT,New London,County,John F. Kennedy,Democratic,40625,51.62,78696,Democratic
1960,Connecticut,CT,New London,County,Richard Nixon,Republican,38070,48.38,78696,Democratic
1960,Connecticut,CT,New London,County,Other,Other,1,0.0,78696,Democratic
1960,Connecticut,CT,Tolland,County,John F. Kennedy,Democratic,14575,48.65,29961,Republican
1960,Connecticut,CT,Tolland,County,Richard Nixon,Republican,15386,51.35,29961,Republican
1960,Connecticut,CT,Tolland,County,Other,Other,0,0.0,29961,Republican
1960,Connecticut,CT,Windham,County,John F. Kennedy,Democratic,20105,56.98,35285,Democratic
1960,Connecticut,CT,Windham,County,Richard Nixon,Republican,15180,43.02,35285,Democratic
1960,Connecticut,CT,Windham,County,Other,Other,0,0.0,35285,Democratic
1960,Delaware,DE,Kent,County,John F. Kennedy,Democratic,10754,49.75,21616,Democratic
1960,Delaware,DE,Kent,County,Richard Nixon,Republican,10697,49.49,21616,Democratic
1960,Delaware,DE,Kent,County,Other,Various,165,0.76,21616,Democratic
1960,Delaware,DE,New Castle,County,John F. Kennedy,Democratic,73364,51.31,142974,Democratic
1960,Delaware,DE,New Castle,County,Richard Nixon,Republican,69284,48.46,142974,Democratic
1960,Delaware,DE,New Castle,County,Other,Various,326,0.23,142974,Democratic
1960,Delaware,DE,Sussex,County,John F. Kennedy,Democratic,15472,48.21,32093,Republican
1960,Delaware,DE,Sussex,County,Richard Nixon,Republican,16392,51.08,32093,Republican
1960,Delaware,DE,Sussex,County,Other,Various,229,0.71,32093,Republican
1960,Florida,FL,Alachua,County,Richard Nixon,Republican,10072,52.05,19351,Republican
1960,Florida,FL,Alachua,County,John F. Kennedy,Democratic,9279,47.95,19351,Republican
1960,Florida,FL,Baker,County,Richard Nixon,Republican,398,21.32,1867,Democratic
1960,Florida,FL,Baker,County,John F. Kennedy,Democratic,1469,78.68,1867,Democratic
1960,Florida,FL,Bay,County,Richard Nixon,Republican,5435,33.94,16014,Democratic
1960,Florida,FL,Bay,County,John F. Kennedy,Democratic,10579,66.06,16014,Democratic
1960,Florida,FL,Bradford,County,Richard Nixon,Republican,1131,30.85,3666,Democratic
1960,Florida,FL,Bradford,County,John F. Kennedy,Democratic,2535,69.15,3666,Democratic
1960,Florida,FL,Brevard,County,Richard Nixon,Republican,17585,61.37,28654,Republican
1960,Florida,FL,Brevard,County,John F. Kennedy,Democratic,11069,38.63,28654,Republican
1960,Florida,FL,Broward,County,Richard Nixon,Republican,68294,58.82,116105,Republican
1960,Florida,FL,Broward,County,John F. Kennedy,Democratic,47811,41.18,116105,Republican
1960,Florida,FL,Calhoun,County,Richard Nixon,Republican,634,28.46,2228,Democratic
1960,Florida,FL,Calhoun,County,John F. Kennedy,Democratic,1594,71.54,2228,Democratic
1960,Florida,FL,Charlotte,County,Richard Nixon,Republican,3026,60.92,4967,Republican
1960,Florida,FL,Charlotte,County,John F. Kennedy,Democratic,1941,39.08,4967,Republican
1960,Florida,FL,Citrus,County,Richard Nixon,Republican,1861,51.82,3591,Republican
1960,Florida,FL,Citrus,County,John F. Kennedy,Democratic,1730,48.18,3591,Republican
1960,Florida,FL,Clay,County,Richard Nixon,Republican,2515,47.97,5243,Democratic
1960,Florida,FL,Clay,County,John F. Kennedy,Democratic,2728,52.03,5243,Democratic
1960,Florida,FL,Collier,County,Richard Nixon,Republican,2708,60.74,4458,Republican
1960,Florida,FL,Collier,County,John F. Kennedy,Democratic,1750,39.26,4458,Republican
1960,Florida,FL,Columbia,County,Richard Nixon,Republican,2094,36.17,5789,Democratic
1960,Florida,FL,Columbia,County,John F. Kennedy,Democratic,3695,63.83,5789,Democratic
1960,Florida,FL,DeSoto,County,Richard Nixon,Republican,1687,50.1,3367,Republican
1960,Florida,FL,DeSoto,County,John F. Kennedy,Democratic,1680,49.9,3367,Republican
1960,Florida,FL,Dixie,County,Richard Nixon,Republican,392,28.65,1368,Democratic
1960,Florida,FL,Dixie,County,John F. Kennedy,Democratic,976,71.35,1368,Democratic
1960,Florida,FL,Duval,County,Richard Nixon,Republican,59073,45.73,129164,Democratic
1960,Florida,FL,Duval,County,John F. Kennedy,Democratic,70091,54.27,129164,Democratic
1960,Florida,FL,Escambia,County,Richard Nixon,Republican,17925,38.79,46213,Democratic
1960,Florida,FL,Escambia,County,John F. Kennedy,Democratic,28288,61.21,46213,Democratic
1960,Florida,FL,Flagler,County,Richard Nixon,Republican,426,31.35,1359,Democratic
1960,Florida,FL,Flagler,County,John F. Kennedy,Democratic,933,68.65,1359,Democratic
1960,Florida,FL,Franklin,County,Richard Nixon,Republican,764,33.84,2258,Democratic
1960,Florida,FL,Franklin,County,John F. Kennedy,Democratic,1494,66.16,2258,Democratic
1960,Florida,FL,Gadsden,County,Richard Nixon,Republican,2010,46.18,4353,Democratic
1960,Florida,FL,Gadsden,County,John F. Kennedy,Democratic,2343,53.82,4353,Democratic
1960,Florida,FL,Gilchrist,County,Richard Nixon,Republican,277,24.93,1111,Democratic
1960,Florida,FL,Gilchrist,County,John F. Kennedy,Democratic,834,75.07,1111,Democratic
1960,Florida,FL,Glades,County,Richard Nixon,Republican,314,44.35,708,Democratic
1960,Florida,FL,Glades,County,John F. Kennedy,Democratic,394,55.65,708,Democratic
1960,Florida,FL,Gulf,County,Richard Nixon,Republican,657,21.86,3005,Democratic
1960,Florida,FL,Gulf,County,John F. Kennedy,Democratic,2348,78.14,3005,Democratic
1960,Florida,FL,Hamilton,County,Richard Nixon,Republican,656,33.01,1987,Democratic
1960,Florida,FL,Hamilton,County,John F. Kennedy,Democratic,1331,66.99,1987,Democratic
1960,Florida,FL,Hardee,County,Richard Nixon,Republican,1960,52.96,3701,Republican
1960,Florida,FL,Hardee,County,John F. Kennedy,Democratic,1741,47.04,3701,Republican
1960,Florida,FL,Hendry,County,Richard Nixon,Republican,1043,44.38,2350,Democratic
1960,Florida,FL,Hendry,County,John F. Kennedy,Democratic,1307,55.62,2350,Democratic
1960,Florida,FL,Hernando,County,Richard Nixon,Republican,1809,48.0,3769,Democratic
1960,Florida,FL,Hernando,County,John F. Kennedy,Democratic,1960,52.0,3769,Democratic
1960,Florida,FL,Highlands,County,Richard Nixon,Republican,4369,58.32,7491,Republican
1960,Florida,FL,Highlands,County,John F. Kennedy,Democratic,3122,41.68,7491,Republican
1960,Florida,FL,Hillsborough,County,Richard Nixon,Republican,48887,43.99,111127,Democratic
1960,Florida,FL,Hillsborough,County,John F. Kennedy,Democratic,62240,56.01,111127,Democratic
1960,Florida,FL,Holmes,County,Richard Nixon,Republican,1235,34.26,3605,Democratic
1960,Florida,FL,Holmes,County,John F. Kennedy,Democratic,2370,65.74,3605,Democratic
1960,Florida,FL,Indian River,County,Richard Nixon,Republican,4656,61.05,7626,Republican
1960,Florida,FL,Indian River,County,John F. Kennedy,Democratic,2970,38.95,7626,Republican
1960,Florida,FL,Jackson,County,Richard Nixon,Republican,2851,32.23,8845,Democratic
1960,Florida,FL,Jackson,County,John F. Kennedy,Democratic,5994,67.77,8845,Democratic
1960,Florida,FL,Jefferson,County,Richard Nixon,Republican,600,34.7,1729,Democratic
1960,Florida,FL,Jefferson,County,John F. Kennedy,Democratic,1129,65.3,1729,Democratic
1960,Florida,FL,Lafayette,County,Richard Nixon,Republican,297,27.25,1090,Democratic
1960,Florida,FL,Lafayette,County,John F. Kennedy,Democratic,793,72.75,1090,Democratic
1960,Florida,FL,Lake,County,Richard Nixon,Republican,12979,72.45,17915,Republican
1960,Florida,FL,Lake,County,John F. Kennedy,Democratic,4936,27.55,17915,Republican
1960,Florida,FL,Lee,County,Richard Nixon,Republican,10357,65.34,15851,Republican
1960,Florida,FL,Lee,County,John F. Kennedy,Democratic,5494,34.66,15851,Republican
1960,Florida,FL,Leon,County,Richard Nixon,Republican,9079,46.53,19512,Democratic
1960,Florida,FL,Leon,County,John F. Kennedy,Democratic,10433,53.47,19512,Democratic
1960,Florida,FL,Levy,County,Richard Nixon,Republican,996,33.21,2999,Democratic
1960,Florida,FL,Levy,County,John F. Kennedy,Democratic,2003,66.79,2999,Democratic
1960,Florida,FL,Liberty,County,Richard Nixon,Republican,243,21.99,1105,Democratic
1960,Florida,FL,Liberty,County,John F. Kennedy,Democratic,862,78.01,1105,Democratic
1960,Florida,FL,Madison,County,Richard Nixon,Republican,1152,35.6,3236,Democratic
1960,Florida,FL,Madison,County,John F. Kennedy,Democratic,2084,64.4,3236,Democratic
1960,Florida,FL,Manatee,County,Richard Nixon,Republican,16462,65.13,25276,Republican
1960,Florida,FL,Manatee,County,John F. Kennedy,Democratic,8814,34.87,25276,Republican
1960,Florida,FL,Marion,County,Richard Nixon,Republican,7043,49.43,14249,Democratic
1960,Florida,FL,Marion,County,John F. Kennedy,Democratic,7206,50.57,14249,Democratic
1960,Florida,FL,Martin,County,Richard Nixon,Republican,3701,58.15,6365,Republican
1960,Florida,FL,Martin,County,John F. Kennedy,Democratic,2664,41.85,6365,Republican
1960,Florida,FL,Miami-Dade,County,Richard Nixon,Republican,134506,42.35,317620,Democratic
1960,Florida,FL,Miami-Dade,County,John F. Kennedy,Democratic,183114,57.65,317620,Democratic
1960,Florida,FL,Monroe,County,Richard Nixon,Republican,3416,32.88,10388,Democratic
1960,Florida,FL,Monroe,County,John F. Kennedy,Democratic,6972,67.12,10388,Democratic
1960,Florida,FL,Nassau,County,Richard Nixon,Republican,1666,33.67,4948,Democratic
1960,Florida,FL,Nassau,County,John F. Kennedy,Democratic,3282,66.33,4948,Democratic
1960,Florida,FL,Okaloosa,County,Richard Nixon,Republican,4685,36.18,12948,Democratic
1960,Florida,FL,Okaloosa,County,John F. Kennedy,Democratic,8263,63.82,12948,Democratic
1960,Florida,FL,Okeechobee,County,Richard Nixon,Republican,631,35.93,1756,Democratic
1960,Florida,FL,Okeechobee,County,John F. Kennedy,Democratic,1125,64.07,1756,Democratic
1960,Florida,FL,Orange,County,Richard Nixon,Republican,48244,70.98,67973,Republican
1960,Florida,FL,Orange,County,John F. Kennedy,Democratic,19729,29.02,67973,Republican
1960,Florida,FL,Osceola,County,Richard Nixon,Republican,4691,68.29,6869,Republican
1960,Florida,FL,Osceola,County,John F. Kennedy,Democratic,2178,31.71,6869,Republican
1960,Florida,FL,Palm Beach,County,Richard Nixon,Republican,45337,60.28,75208,Republican
1960,Florida,FL,Palm Beach,County,John F. Kennedy,Democratic,29871,39.72,75208,Republican
1960,Florida,FL,Pasco,County,Richard Nixon,Republican,7188,55.21,13020,Republican
1960,Florida,FL,Pasco,County,John F. Kennedy,Democratic,5832,44.79,13020,Republican
1960,Florida,FL,Pinellas,County,Richard Nixon,Republican,101779,63.68,159833,Republican
1960,Florida,FL,Pinellas,County,John F. Kennedy,Democratic,58054,36.32,159833,Republican
1960,Florida,FL,Polk,County,Richard Nixon,Republican,31618,57.32,55164,Republican
1960,Florida,FL,Polk,County,John F. Kennedy,Democratic,23546,42.68,55164,Republican
1960,Florida,FL,Putnam,County,Richard Nixon,Republican,4236,48.72,8695,Democratic
1960,Florida,FL,Putnam,County,John F. Kennedy,Democratic,4459,51.28,8695,Democratic
1960,Florida,FL,St. Johns,County,Richard Nixon,Republican,4125,42.49,9708,Democratic
1960,Florida,FL,St. Johns,County,John F. Kennedy,Democratic,5583,57.51,9708,Democratic
1960,Florida,FL,St. Lucie,County,Richard Nixon,Republican,6354,54.24,11714,Republican
1960,Florida,FL,St. Lucie,County,John F. Kennedy,Democratic,5360,45.76,11714,Republican
1960,Florida,FL,Santa Rosa,County,Richard Nixon,Republican,2777,35.89,7737,Democratic
1960,Florida,FL,Santa Rosa,County,John F. Kennedy,Democratic,4960,64.11,7737,Democratic
1960,Florida,FL,Sarasota,County,Richard Nixon,Republican,19995,70.7,28282,Republican
1960,Florida,FL,Sarasota,County,John F. Kennedy,Democratic,8287,29.3,28282,Republican
1960,Florida,FL,Seminole,County,Richard Nixon,Republican,8936,64.63,13827,Republican
1960,Florida,FL,Seminole,County,John F. Kennedy,Democratic,4891,35.37,13827,Republican
1960,Florida,FL,Sumter,County,Richard Nixon,Republican,1120,32.95,3399,Democratic
1960,Florida,FL,Sumter,County,John F. Kennedy,Democratic,2279,67.05,3399,Democratic
1960,Florida,FL,Suwannee,County,Richard Nixon,Republican,1536,35.51,4325,Democratic
1960,Florida,FL,Suwannee,County,John F. Kennedy,Democratic,2789,64.49,4325,Democratic
1960,Florida,FL,Taylor,County,Richard Nixon,Republican,1212,38.85,3120,Democratic
1960,Florida,FL,Taylor,County,John F. Kennedy,Democratic,1908,61.15,3120,Democratic
1960,Florida,FL,Union,County,Richard Nixon,Republican,311,24.84,1252,Democratic
1960,Florida,FL,Union,County,John F. Kennedy,Democratic,941,75.16,1252,Democratic
1960,Florida,FL,Volusia,County,Richard Nixon,Republican,28367,54.82,51744,Republican
1960,Florida,FL,Volusia,County,John F. Kennedy,Democratic,23377,45.18,51744,Republican
1960,Florida,FL,Wakulla,County,Richard Nixon,Republican,379,24.85,1525,Democratic
1960,Florida,FL,Wakulla,County,John F. Kennedy,Democratic,1146,75.15,1525,Democratic
1960,Florida,FL,Walton,County,Richard Nixon,Republican,1484,28.95,5126,Democratic
1960,Florida,FL,Walton,County,John F. Kennedy,Democratic,3642,71.05,5126,Democratic
1960,Florida,FL,Washington,County,Richard Nixon,Republican,1230,36.96,3328,Democratic
1960,Florida,FL,Washington,County,John F. Kennedy,Democratic,2098,63.04,3328,Democratic
1960,Georgia,GA,Appling,County,John F. Kennedy,Democratic,1973,73.35,2690,Democratic
1960,Georgia,GA,Appling,County,Richard Nixon,Republican,717,26.65,2690,Democratic
1960,Georgia,GA,Atkinson,County,John F. Kennedy,Democratic,1298,84.45,1537,Democratic
1960,Georgia,GA,Atkinson,County,Richard Nixon,Republican,239,15.55,1537,Democratic
1960,Georgia,GA,Bacon,County,John F. Kennedy,Democratic,1168,66.86,1747,Democratic
1960,Georgia,GA,Bacon,County,Richard Nixon,Republican,579,33.14,1747,Democratic
1960,Georgia,GA,Baker,County,John F. Kennedy,Democratic,720,91.6,786,Democratic
1960,Georgia,GA,Baker,County,Richard Nixon,Republican,66,8.4,786,Democratic
1960,Georgia,GA,Baldwin,County,John F. Kennedy,Democratic,2262,64.15,3526,Democratic
1960,Georgia,GA,Baldwin,County,Richard Nixon,Republican,1264,35.85,3526,Democratic
1960,Georgia,GA,Banks,County,John F. Kennedy,Democratic,1170,84.11,1391,Democratic
1960,Georgia,GA,Banks,County,Richard Nixon,Republican,221,15.89,1391,Democratic
1960,Georgia,GA,Barrow,County,John F. Kennedy,Democratic,2759,82.7,3336,Democratic
1960,Georgia,GA,Barrow,County,Richard Nixon,Republican,577,17.3,3336,Democratic
1960,Georgia,GA,Bartow,County,John F. Kennedy,Democratic,3545,73.29,4837,Democratic
1960,Georgia,GA,Bartow,County,Richard Nixon,Republican,1292,26.71,4837,Democratic
1960,Georgia,GA,Ben Hill,County,John F. Kennedy,Democratic,1881,77.12,2439,Democratic
1960,Georgia,GA,Ben Hill,County,Richard Nixon,Republican,558,22.88,2439,Democratic
1960,Georgia,GA,Berrien,County,John F. Kennedy,Democratic,2787,88.34,3155,Democratic
1960,Georgia,GA,Berrien,County,Richard Nixon,Republican,368,11.66,3155,Democratic
1960,Georgia,GA,Bibb,County,John F. Kennedy,Democratic,14387,57.76,24910,Democratic
1960,Georgia,GA,Bibb,County,Richard Nixon,Republican,10523,42.24,24910,Democratic
1960,Georgia,GA,Bleckley,County,John F. Kennedy,Democratic,1751,73.45,2384,Democratic
1960,Georgia,GA,Bleckley,County,Richard Nixon,Republican,633,26.55,2384,Democratic
1960,Georgia,GA,Brantley,County,John F. Kennedy,Democratic,1333,79.49,1677,Democratic
1960,Georgia,GA,Brantley,County,Richard Nixon,Republican,344,20.51,1677,Democratic
1960,Georgia,GA,Brooks,County,John F. Kennedy,Democratic,1500,66.23,2265,Democratic
1960,Georgia,GA,Brooks,County,Richard Nixon,Republican,765,33.77,2265,Democratic
1960,Georgia,GA,Bryan,County,John F. Kennedy,Democratic,1323,75.56,1751,Democratic
1960,Georgia,GA,Bryan,County,Richard Nixon,Republican,428,24.44,1751,Democratic
1960,Georgia,GA,Bulloch,County,John F. Kennedy,Democratic,3373,69.13,4879,Democratic
1960,Georgia,GA,Bulloch,County,Richard Nixon,Republican,1506,30.87,4879,Democratic
1960,Georgia,GA,Burke,County,John F. Kennedy,Democratic,1162,53.08,2189,Democratic
1960,Georgia,GA,Burke,County,Richard Nixon,Republican,1027,46.92,2189,Democratic
1960,Georgia,GA,Butts,County,John F. Kennedy,Democratic,1673,81.41,2055,Democratic
1960,Georgia,GA,Butts,County,Richard Nixon,Republican,382,18.59,2055,Democratic
1960,Georgia,GA,Calhoun,County,John F. Kennedy,Democratic,803,85.97,934,Democratic
1960,Georgia,GA,Calhoun,County,Richard Nixon,Republican,131,14.03,934,Democratic
1960,Georgia,GA,Camden,County,John F. Kennedy,Democratic,1321,58.17,2271,Democratic
1960,Georgia,GA,Camden,County,Richard Nixon,Republican,950,41.83,2271,Democratic
1960,Georgia,GA,Candler,County,John F. Kennedy,Democratic,943,68.53,1376,Democratic
1960,Georgia,GA,Candler,County,Richard Nixon,Republican,433,31.47,1376,Democratic
1960,Georgia,GA,Carroll,County,John F. Kennedy,Democratic,4698,73.1,6427,Democratic
1960,Georgia,GA,Carroll,County,Richard Nixon,Republican,1729,26.9,6427,Democratic
1960,Georgia,GA,Catoosa,County,John F. Kennedy,Democratic,2114,50.48,4188,Democratic
1960,Georgia,GA,Catoosa,County,Richard Nixon,Republican,2074,49.52,4188,Democratic
1960,Georgia,GA,Charlton,County,John F. Kennedy,Democratic,733,71.72,1022,Democratic
1960,Georgia,GA,Charlton,County,Richard Nixon,Republican,289,28.28,1022,Democratic
1960,Georgia,GA,Chatham,County,John F. Kennedy,Democratic,16240,47.52,34175,Republican
1960,Georgia,GA,Chatham,County,Richard Nixon,Republican,17935,52.48,34175,Republican
1960,Georgia,GA,Chattahoochee,County,John F. Kennedy,Democratic,190,74.22,256,Democratic
1960,Georgia,GA,Chattahoochee,County,Richard Nixon,Republican,66,25.78,256,Democratic
1960,Georgia,GA,Chattooga,County,John F. Kennedy,Democratic,3686,69.78,5282,Democratic
1960,Georgia,GA,Chattooga,County,Richard Nixon,Republican,1596,30.22,5282,Democratic
1960,Georgia,GA,Cherokee,County,John F. Kennedy,Democratic,3077,56.79,5418,Democratic
1960,Georgia,GA,Cherokee,County,Richard Nixon,Republican,2341,43.21,5418,Democratic
1960,Georgia,GA,Clarke,County,John F. Kennedy,Democratic,4812,68.14,7062,Democratic
1960,Georgia,GA,Clarke,County,Richard Nixon,Republican,2250,31.86,7062,Democratic
1960,Georgia,GA,Clay,County,John F. Kennedy,Democratic,528,86.27,612,Democratic
1960,Georgia,GA,Clay,County,Richard Nixon,Republican,84,13.73,612,Democratic
1960,Georgia,GA,Clayton,County,John F. Kennedy,Democratic,5892,66.61,8845,Democratic
1960,Georgia,GA,Clayton,County,Richard Nixon,Republican,2953,33.39,8845,Democratic
1960,Georgia,GA,Clinch,County,John F. Kennedy,Democratic,898,69.34,1295,Democratic
1960,Georgia,GA,Clinch,County,Richard Nixon,Republican,397,30.66,1295,Democratic
1960,Georgia,GA,Cobb,County,John F. Kennedy,Democratic,12906,61.03,21146,Democratic
1960,Georgia,GA,Cobb,County,Richard Nixon,Republican,8240,38.97,21146,Democratic
1960,Georgia,GA,Coffee,County,John F. Kennedy,Democratic,3376,77.38,4363,Democratic
1960,Georgia,GA,Coffee,County,Richard Nixon,Republican,987,22.62,4363,Democratic
1960,Georgia,GA,Colquitt,County,John F. Kennedy,Democratic,4397,72.3,6082,Democratic
1960,Georgia,GA,Colquitt,County,Richard Nixon,Republican,1685,27.7,6082,Democratic
1960,Georgia,GA,Columbia,County,John F. Kennedy,Democratic,1190,50.75,2345,Democratic
1960,Georgia,GA,Columbia,County,Richard Nixon,Republican,1155,49.25,2345,Democratic
1960,Georgia,GA,Cook,County,John F. Kennedy,Democratic,1935,82.9,2334,Democratic
1960,Georgia,GA,Cook,County,Richard Nixon,Republican,399,17.1,2334,Democratic
1960,Georgia,GA,Coweta,County,John F. Kennedy,Democratic,3855,76.88,5014,Democratic
1960,Georgia,GA,Coweta,County,Richard Nixon,Republican,1159,23.12,5014,Democratic
1960,Georgia,GA,Crawford,County,John F. Kennedy,Democratic,797,79.7,1000,Democratic
1960,Georgia,GA,Crawford,County,Richard Nixon,Republican,203,20.3,1000,Democratic
1960,Georgia,GA,Crisp,County,John F. Kennedy,Democratic,2365,71.06,3328,Democratic
1960,Georgia,GA,Crisp,County,Richard Nixon,Republican,963,28.94,3328,Democratic
1960,Georgia,GA,Dade,County,John F. Kennedy,Democratic,943,50.92,1852,Democratic
1960,Georgia,GA,Dade,County,Richard Nixon,Republican,909,49.08,1852,Democratic
1960,Georgia,GA,Dawson,County,John F. Kennedy,Democratic,916,69.55,1317,Democratic
1960,Georgia,GA,Dawson,County,Richard Nixon,Republican,401,30.45,1317,Democratic
1960,Georgia,GA,Decatur,County,John F. Kennedy,Democratic,2780,75.18,3698,Democratic
1960,Georgia,GA,Decatur,County,Richard Nixon,Republican,918,24.82,3698,Democratic
1960,Georgia,GA,DeKalb,County,John F. Kennedy,Democratic,24116,50.07,48162,Democratic
1960,Georgia,GA,DeKalb,County,Richard Nixon,Republican,24046,49.93,48162,Democratic
1960,Georgia,GA,Dodge,County,John F. Kennedy,Democratic,3630,76.2,4764,Democratic
1960,Georgia,GA,Dodge,County,Richard Nixon,Republican,1134,23.8,4764,Democratic
1960,Georgia,GA,Dooly,County,John F. Kennedy,Democratic,1733,88.74,1953,Democratic
1960,Georgia,GA,Dooly,County,Richard Nixon,Republican,220,11.26,1953,Democratic
1960,Georgia,GA,Dougherty,County,John F. Kennedy,Democratic,4522,51.12,8845,Democratic
1960,Georgia,GA,Dougherty,County,Richard Nixon,Republican,4323,48.88,8845,Democratic
1960,Georgia,GA,Douglas,County,John F. Kennedy,Democratic,2576,69.4,3712,Democratic
1960,Georgia,GA,Douglas,County,Richard Nixon,Republican,1136,30.6,3712,Democratic
1960,Georgia,GA,Early,County,John F. Kennedy,Democratic,1904,88.23,2158,Democratic
1960,Georgia,GA,Early,County,Richard Nixon,Republican,254,11.77,2158,Democratic
1960,Georgia,GA,Echols,County,John F. Kennedy,Democratic,257,70.41,365,Democratic
1960,Georgia,GA,Echols,County,Richard Nixon,Republican,108,29.59,365,Democratic
1960,Georgia,GA,Effingham,County,John F. Kennedy,Democratic,880,49.86,1765,Republican
1960,Georgia,GA,Effingham,County,Richard Nixon,Republican,885,50.14,1765,Republican
1960,Georgia,GA,Elbert,County,John F. Kennedy,Democratic,3672,85.77,4281,Democratic
1960,Georgia,GA,Elbert,County,Richard Nixon,Republican,609,14.23,4281,Democratic
1960,Georgia,GA,Emanuel,County,John F. Kennedy,Democratic,2513,69.17,3633,Democratic
1960,Georgia,GA,Emanuel,County,Richard Nixon,Republican,1120,30.83,3633,Democratic
1960,Georgia,GA,Evans,County,John F. Kennedy,Democratic,1069,65.34,1636,Democratic
1960,Georgia,GA,Evans,County,Richard Nixon,Republican,567,34.66,1636,Democratic
1960,Georgia,GA,Fannin,County,John F. Kennedy,Democratic,1579,34.32,4601,Republican
1960,Georgia,GA,Fannin,County,Richard Nixon,Republican,3022,65.68,4601,Republican
1960,Georgia,GA,Fayette,County,John F. Kennedy,Democratic,1198,76.94,1557,Democratic
1960,Georgia,GA,Fayette,County,Richard Nixon,Republican,359,23.06,1557,Democratic
1960,Georgia,GA,Floyd,County,John F. Kennedy,Democratic,7350,54.61,13458,Democratic
1960,Georgia,GA,Floyd,County,Richard Nixon,Republican,6108,45.39,13458,Democratic
1960,Georgia,GA,Forsyth,County,John F. Kennedy,Democratic,2309,73.3,3150,Democratic
1960,Georgia,GA,Forsyth,County,Richard Nixon,Republican,841,26.7,3150,Democratic
1960,Georgia,GA,Franklin,County,John F. Kennedy,Democratic,3209,91.24,3517,Democratic
1960,Georgia,GA,Franklin,County,Richard Nixon,Republican,308,8.76,3517,Democratic
1960,Georgia,GA,Fulton,County,John F. Kennedy,Democratic,55803,50.85,109743,Democratic
1960,Georgia,GA,Fulton,County,Richard Nixon,Republican,53940,49.15,109743,Democratic
1960,Georgia,GA,Gilmer,County,John F. Kennedy,Democratic,1472,44.31,3322,Republican
1960,Georgia,GA,Gilmer,County,Richard Nixon,Republican,1850,55.69,3322,Republican
1960,Georgia,GA,Glascock,County,John F. Kennedy,Democratic,299,62.42,479,Democratic
1960,Georgia,GA,Glascock,County,Richard Nixon,Republican,180,37.58,479,Democratic
1960,Georgia,GA,Glynn,County,John F. Kennedy,Democratic,3584,55.05,6510,Democratic
1960,Georgia,GA,Glynn,County,Richard Nixon,Republican,2926,44.95,6510,Democratic
1960,Georgia,GA,Gordon,County,John F. Kennedy,Democratic,2153,65.22,3301,Democratic
1960,Georgia,GA,Gordon,County,Richard Nixon,Republican,1148,34.78,3301,Democratic
1960,Georgia,GA,Grady,County,John F. Kennedy,Democratic,2541,81.1,3133,Democratic
1960,Georgia,GA,Grady,County,Richard Nixon,Republican,592,18.9,3133,Democratic
1960,Georgia,GA,Greene,County,John F. Kennedy,Democratic,1979,85.78,2307,Democratic
1960,Georgia,GA,Greene,County,Richard Nixon,Republican,328,14.22,2307,Democratic
1960,Georgia,GA,Gwinnett,County,John F. Kennedy,Democratic,6479,73.5,8815,Democratic
1960,Georgia,GA,Gwinnett,County,Richard Nixon,Republican,2336,26.5,8815,Democratic
1960,Georgia,GA,Habersham,County,John F. Kennedy,Democratic,2530,73.87,3425,Democratic
1960,Georgia,GA,Habersham,County,Richard Nixon,Republican,895,26.13,3425,Democratic
1960,Georgia,GA,Hall,County,John F. Kennedy,Democratic,6303,68.47,9206,Democratic
1960,Georgia,GA,Hall,County,Richard Nixon,Republican,2903,31.53,9206,Democratic
1960,Georgia,GA,Hancock,County,John F. Kennedy,Democratic,780,73.17,1066,Democratic
1960,Georgia,GA,Hancock,County,Richard Nixon,Republican,286,26.83,1066,Democratic
1960,Georgia,GA,Haralson,County,John F. Kennedy,Democratic,2783,59.82,4652,Democratic
1960,Georgia,GA,Haralson,County,Richard Nixon,Republican,1869,40.18,4652,Democratic
1960,Georgia,GA,Harris,County,John F. Kennedy,Democratic,1362,64.95,2097,Democratic
1960,Georgia,GA,Harris,County,Richard Nixon,Republican,735,35.05,2097,Democratic
1960,Georgia,GA,Hart,County,John F. Kennedy,Democratic,3963,93.51,4238,Democratic
1960,Georgia,GA,Hart,County,Richard Nixon,Republican,275,6.49,4238,Democratic
1960,Georgia,GA,Heard,County,John F. Kennedy,Democratic,1224,87.12,1405,Democratic
1960,Georgia,GA,Heard,County,Richard Nixon,Republican,181,12.88,1405,Democratic
1960,Georgia,GA,Henry,County,John F. Kennedy,Democratic,2957,73.96,3998,Democratic
1960,Georgia,GA,Henry,County,Richard Nixon,Republican,1041,26.04,3998,Democratic
1960,Georgia,GA,Houston,County,John F. Kennedy,Democratic,4033,69.65,5790,Democratic
1960,Georgia,GA,Houston,County,Richard Nixon,Republican,1757,30.35,5790,Democratic
1960,Georgia,GA,Irwin,County,John F. Kennedy,Democratic,1625,82.2,1977,Democratic
1960,Georgia,GA,Irwin,County,Richard Nixon,Republican,352,17.8,1977,Democratic
1960,Georgia,GA,Jackson,County,John F. Kennedy,Democratic,3653,88.56,4125,Democratic
1960,Georgia,GA,Jackson,County,Richard Nixon,Republican,472,11.44,4125,Democratic
1960,Georgia,GA,Jasper,County,John F. Kennedy,Democratic,949,77.79,1220,Democratic
1960,Georgia,GA,Jasper,County,Richard Nixon,Republican,271,22.21,1220,Democratic
1960,Georgia,GA,Jeff Davis,County,John F. Kennedy,Democratic,825,67.24,1227,Democratic
1960,Georgia,GA,Jeff Davis,County,Richard Nixon,Republican,402,32.76,1227,Democratic
1960,Georgia,GA,Jefferson,County,John F. Kennedy,Democratic,1270,56.29,2256,Democratic
1960,Georgia,GA,Jefferson,County,Richard Nixon,Republican,986,43.71,2256,Democratic
1960,Georgia,GA,Jenkins,County,John F. Kennedy,Democratic,1354,81.22,1667,Democratic
1960,Georgia,GA,Jenkins,County,Richard Nixon,Republican,313,18.78,1667,Democratic
1960,Georgia,GA,Johnson,County,John F. Kennedy,Democratic,1298,72.68,1786,Democratic
1960,Georgia,GA,Johnson,County,Richard Nixon,Republican,488,27.32,1786,Democratic
1960,Georgia,GA,Jones,County,John F. Kennedy,Democratic,1415,74.32,1904,Democratic
1960,Georgia,GA,Jones,County,Richard Nixon,Republican,489,25.68,1904,Democratic
1960,Georgia,GA,Lamar,County,John F. Kennedy,Democratic,1363,74.0,1842,Democratic
1960,Georgia,GA,Lamar,County,Richard Nixon,Republican,479,26.0,1842,Democratic
1960,Georgia,GA,Lanier,County,John F. Kennedy,Democratic,1049,84.12,1247,Democratic
1960,Georgia,GA,Lanier,County,Richard Nixon,Republican,198,15.88,1247,Democratic
1960,Georgia,GA,Laurens,County,John F. Kennedy,Democratic,4648,71.16,6532,Democratic
1960,Georgia,GA,Laurens,County,Richard Nixon,Republican,1884,28.84,6532,Democratic
1960,Georgia,GA,Lee,County,John F. Kennedy,Democratic,404,67.9,595,Democratic
1960,Georgia,GA,Lee,County,Richard Nixon,Republican,191,32.1,595,Democratic
1960,Georgia,GA,Liberty,County,John F. Kennedy,Democratic,1590,63.12,2519,Democratic
1960,Georgia,GA,Liberty,County,Richard Nixon,Republican,929,36.88,2519,Democratic
1960,Georgia,GA,Lincoln,County,John F. Kennedy,Democratic,669,77.25,866,Democratic
1960,Georgia,GA,Lincoln,County,Richard Nixon,Republican,197,22.75,866,Democratic
1960,Georgia,GA,Long,County,John F. Kennedy,Democratic,278,23.64,1176,Republican
1960,Georgia,GA,Long,County,Richard Nixon,Republican,898,76.36,1176,Republican
1960,Georgia,GA,Lowndes,County,John F. Kennedy,Democratic,3605,55.35,6513,Democratic
1960,Georgia,GA,Lowndes,County,Richard Nixon,Republican,2908,44.65,6513,Democratic
1960,Georgia,GA,Lumpkin,County,John F. Kennedy,Democratic,875,63.87,1370,Democratic
1960,Georgia,GA,Lumpkin,County,Richard Nixon,Republican,495,36.13,1370,Democratic
1960,Georgia,GA,McDuffie,County,John F. Kennedy,Democratic,1079,50.94,2118,Democratic
1960,Georgia,GA,McDuffie,County,Richard Nixon,Republican,1039,49.06,2118,Democratic
1960,Georgia,GA,McIntosh,County,John F. Kennedy,Democratic,794,63.78,1245,Democratic
1960,Georgia,GA,McIntosh,County,Richard Nixon,Republican,451,36.22,1245,Democratic
1960,Georgia,GA,Macon,County,John F. Kennedy,Democratic,1488,77.26,1926,Democratic
1960,Georgia,GA,Macon,County,Richard Nixon,Republican,438,22.74,1926,Democratic
1960,Georgia,GA,Madison,County,John F. Kennedy,Democratic,2418,92.18,2623,Democratic
1960,Georgia,GA,Madison,County,Richard Nixon,Republican,205,7.82,2623,Democratic
1960,Georgia,GA,Marion,County,John F. Kennedy,Democratic,645,80.73,799,Democratic
1960,Georgia,GA,Marion,County,Richard Nixon,Republican,154,19.27,799,Democratic
1960,Georgia,GA,Meriwether,County,John F. Kennedy,Democratic,3100,81.45,3806,Democratic
1960,Georgia,GA,Meriwether,County,Richard Nixon,Republican,706,18.55,3806,Democratic
1960,Georgia,GA,Miller,County,John F. Kennedy,Democratic,1116,94.74,1178,Democratic
1960,Georgia,GA,Miller,County,Richard Nixon,Republican,62,5.26,1178,Democratic
1960,Georgia,GA,Mitchell,County,John F. Kennedy,Democratic,3264,88.36,3694,Democratic
1960,Georgia,GA,Mitchell,County,Richard Nixon,Republican,430,11.64,3694,Democratic
1960,Georgia,GA,Monroe,County,John F. Kennedy,Democratic,1642,73.86,2223,Democratic
1960,Georgia,GA,Monroe,County,Richard Nixon,Republican,581,26.14,2223,Democratic
1960,Georgia,GA,Montgomery,County,John F. Kennedy,Democratic,1451,79.2,1832,Democratic
1960,Georgia,GA,Montgomery,County,Richard Nixon,Republican,381,20.8,1832,Democratic
1960,Georgia,GA,Morgan,County,John F. Kennedy,Democratic,1488,79.96,1861,Democratic
1960,Georgia,GA,Morgan,County,Richard Nixon,Republican,373,20.04,1861,Democratic
1960,Georgia,GA,Murray,County,John F. Kennedy,Democratic,1876,66.98,2801,Democratic
1960,Georgia,GA,Murray,County,Richard Nixon,Republican,925,33.02,2801,Democratic
1960,Georgia,GA,Muscogee,County,John F. Kennedy,Democratic,8553,47.17,18131,Republican
1960,Georgia,GA,Muscogee,County,Richard Nixon,Republican,9578,52.83,18131,Republican
1960,Georgia,GA,Newton,County,John F. Kennedy,Democratic,3185,81.81,3893,Democratic
1960,Georgia,GA,Newton,County,Richard Nixon,Republican,708,18.19,3893,Democratic
1960,Georgia,GA,Oconee,County,John F. Kennedy,Democratic,1218,80.4,1515,Democratic
1960,Georgia,GA,Oconee,County,Richard Nixon,Republican,297,19.6,1515,Democratic
1960,Georgia,GA,Oglethorpe,County,John F. Kennedy,Democratic,1406,90.83,1548,Democratic
1960,Georgia,GA,Oglethorpe,County,Richard Nixon,Republican,142,9.17,1548,Democratic
1960,Georgia,GA,Paulding,County,John F. Kennedy,Democratic,2396,74.69,3208,Democratic
1960,Georgia,GA,Paulding,County,Richard Nixon,Republican,812,25.31,3208,Democratic
1960,Georgia,GA,Peach,County,John F. Kennedy,Democratic,1433,69.53,2061,Democratic
1960,Georgia,GA,Peach,County,Richard Nixon,Republican,628,30.47,2061,Democratic
1960,Georgia,GA,Pickens,County,John F. Kennedy,Democratic,1473,43.12,3416,Republican
1960,Georgia,GA,Pickens,County,Richard Nixon,Republican,1943,56.88,3416,Republican
1960,Georgia,GA,Pierce,County,John F. Kennedy,Democratic,1449,72.7,1993,Democratic
1960,Georgia,GA,Pierce,County,Richard Nixon,Republican,544,27.3,1993,Democratic
1960,Georgia,GA,Pike,County,John F. Kennedy,Democratic,1028,80.12,1283,Democratic
1960,Georgia,GA,Pike,County,Richard Nixon,Republican,255,19.88,1283,Democratic
1960,Georgia,GA,Polk,County,John F. Kennedy,Democratic,4351,71.36,6097,Democratic
1960,Georgia,GA,Polk,County,Richard Nixon,Republican,1746,28.64,6097,Democratic
1960,Georgia,GA,Pulaski,County,John F. Kennedy,Democratic,1156,77.58,1490,Democratic
1960,Georgia,GA,Pulaski,County,Richard Nixon,Republican,334,22.42,1490,Democratic
1960,Georgia,GA,Putnam,County,John F. Kennedy,Democratic,1104,78.35,1409,Democratic
1960,Georgia,GA,Putnam,County,Richard Nixon,Republican,305,21.65,1409,Democratic
1960,Georgia,GA,Quitman,County,John F. Kennedy,Democratic,388,85.27,455,Democratic
1960,Georgia,GA,Quitman,County,Richard Nixon,Republican,67,14.73,455,Democratic
1960,Georgia,GA,Rabun,County,John F. Kennedy,Democratic,1552,76.98,2016,Democratic
1960,Georgia,GA,Rabun,County,Richard Nixon,Republican,464,23.02,2016,Democratic
1960,Georgia,GA,Randolph,County,John F. Kennedy,Democratic,1436,75.86,1893,Democratic
1960,Georgia,GA,Randolph,County,Richard Nixon,Republican,457,24.14,1893,Democratic
1960,Georgia,GA,Richmond,County,John F. Kennedy,Democratic,9868,45.17,21846,Republican
1960,Georgia,GA,Richmond,County,Richard Nixon,Republican,11978,54.83,21846,Republican
1960,Georgia,GA,Rockdale,County,John F. Kennedy,Democratic,1765,78.06,2261,Democratic
1960,Georgia,GA,Rockdale,County,Richard Nixon,Republican,496,21.94,2261,Democratic
1960,Georgia,GA,Schley,County,John F. Kennedy,Democratic,467,77.19,605,Democratic
1960,Georgia,GA,Schley,County,Richard Nixon,Republican,138,22.81,605,Democratic
1960,Georgia,GA,Screven,County,John F. Kennedy,Democratic,1490,60.89,2447,Democratic
1960,Georgia,GA,Screven,County,Richard Nixon,Republican,957,39.11,2447,Democratic
1960,Georgia,GA,Seminole,County,John F. Kennedy,Democratic,1579,95.35,1656,Democratic
1960,Georgia,GA,Seminole,County,Richard Nixon,Republican,77,4.65,1656,Democratic
1960,Georgia,GA,Spalding,County,John F. Kennedy,Democratic,4426,71.63,6179,Democratic
1960,Georgia,GA,Spalding,County,Richard Nixon,Republican,1753,28.37,6179,Democratic
1960,Georgia,GA,Stephens,County,John F. Kennedy,Democratic,3087,79.11,3902,Democratic
1960,Georgia,GA,Stephens,County,Richard Nixon,Republican,815,20.89,3902,Democratic
1960,Georgia,GA,Stewart,County,John F. Kennedy,Democratic,646,68.14,948,Democratic
1960,Georgia,GA,Stewart,County,Richard Nixon,Republican,302,31.86,948,Democratic
1960,Georgia,GA,Sumter,County,John F. Kennedy,Democratic,2274,70.27,3236,Democratic
1960,Georgia,GA,Sumter,County,Richard Nixon,Republican,962,29.73,3236,Democratic
1960,Georgia,GA,Talbot,County,John F. Kennedy,Democratic,771,78.83,978,Democratic
1960,Georgia,GA,Talbot,County,Richard Nixon,Republican,207,21.17,978,Democratic
1960,Georgia,GA,Taliaferro,County,John F. Kennedy,Democratic,655,81.57,803,Democratic
1960,Georgia,GA,Taliaferro,County,Richard Nixon,Republican,148,18.43,803,Democratic
1960,Georgia,GA,Tattnall,County,John F. Kennedy,Democratic,1908,68.71,2777,Democratic
1960,Georgia,GA,Tattnall,County,Richard Nixon,Republican,869,31.29,2777,Democratic
1960,Georgia,GA,Taylor,County,John F. Kennedy,Democratic,1201,76.69,1566,Democratic
1960,Georgia,GA,Taylor,County,Richard Nixon,Republican,365,23.31,1566,Democratic
1960,Georgia,GA,Telfair,County,John F. Kennedy,Democratic,2922,78.7,3713,Democratic
1960,Georgia,GA,Telfair,County,Richard Nixon,Republican,791,21.3,3713,Democratic
1960,Georgia,GA,Terrell,County,John F. Kennedy,Democratic,1352,82.59,1637,Democratic
1960,Georgia,GA,Terrell,County,Richard Nixon,Republican,285,17.41,1637,Democratic
1960,Georgia,GA,Thomas,County,John F. Kennedy,Democratic,3226,58.54,5511,Democratic
1960,Georgia,GA,Thomas,County,Richard Nixon,Republican,2285,41.46,5511,Democratic
1960,Georgia,GA,Tift,County,John F. Kennedy,Democratic,2964,67.56,4387,Democratic
1960,Georgia,GA,Tift,County,Richard Nixon,Republican,1423,32.44,4387,Democratic
1960,Georgia,GA,Toombs,County,John F. Kennedy,Democratic,2209,68.03,3247,Democratic
1960,Georgia,GA,Toombs,County,Richard Nixon,Republican,1038,31.97,3247,Democratic
1960,Georgia,GA,Towns,County,John F. Kennedy,Democratic,1052,45.27,2324,Republican
1960,Georgia,GA,Towns,County,Richard Nixon,Republican,1272,54.73,2324,Republican
1960,Georgia,GA,Treutlen,County,John F. Kennedy,Democratic,927,81.1,1143,Democratic
1960,Georgia,GA,Treutlen,County,Richard Nixon,Republican,216,18.9,1143,Democratic
1960,Georgia,GA,Troup,County,John F. Kennedy,Democratic,5745,67.17,8553,Democratic
1960,Georgia,GA,Troup,County,Richard Nixon,Republican,2808,32.83,8553,Democratic
1960,Georgia,GA,Turner,County,John F. Kennedy,Democratic,1545,82.49,1873,Democratic
1960,Georgia,GA,Turner,County,Richard Nixon,Republican,328,17.51,1873,Democratic
1960,Georgia,GA,Twiggs,County,John F. Kennedy,Democratic,845,76.26,1108,Democratic
1960,Georgia,GA,Twiggs,County,Richard Nixon,Republican,263,23.74,1108,Democratic
1960,Georgia,GA,Union,County,John F. Kennedy,Democratic,1185,43.53,2722,Republican
1960,Georgia,GA,Union,County,Richard Nixon,Republican,1537,56.47,2722,Republican
1960,Georgia,GA,Upson,County,John F. Kennedy,Democratic,3262,76.52,4263,Democratic
1960,Georgia,GA,Upson,County,Richard Nixon,Republican,1001,23.48,4263,Democratic
1960,Georgia,GA,Walker,County,John F. Kennedy,Democratic,4566,53.14,8593,Democratic
1960,Georgia,GA,Walker,County,Richard Nixon,Republican,4027,46.86,8593,Democratic
1960,Georgia,GA,Walton,County,John F. Kennedy,Democratic,3095,88.48,3498,Democratic
1960,Georgia,GA,Walton,County,Richard Nixon,Republican,403,11.52,3498,Democratic
1960,Georgia,GA,Ware,County,John F. Kennedy,Democratic,5099,69.53,7334,Democratic
1960,Georgia,GA,Ware,County,Richard Nixon,Republican,2235,30.47,7334,Democratic
1960,Georgia,GA,Warren,County,John F. Kennedy,Democratic,471,55.67,846,Democratic
1960,Georgia,GA,Warren,County,Richard Nixon,Republican,375,44.33,846,Democratic
1960,Georgia,GA,Washington,County,John F. Kennedy,Democratic,2004,67.7,2960,Democratic
1960,Georgia,GA,Washington,County,Richard Nixon,Republican,956,32.3,2960,Democratic
1960,Georgia,GA,Wayne,County,John F. Kennedy,Democratic,2862,67.4,4246,Democratic
1960,Georgia,GA,Wayne,County,Richard Nixon,Republican,1384,32.6,4246,Democratic
1960,Georgia,GA,Webster,County,John F. Kennedy,Democratic,297,79.41,374,Democratic
1960,Georgia,GA,Webster,County,Richard Nixon,Republican,77,20.59,374,Democratic
1960,Georgia,GA,Wheeler,County,John F. Kennedy,Democratic,970,81.1,1196,Democratic
1960,Georgia,GA,Wheeler,County,Richard Nixon,Republican,226,18.9,1196,Democratic
1960,Georgia,GA,White,County,John F. Kennedy,Democratic,1784,72.94,2446,Democratic
1960,Georgia,GA,White,County,Richard Nixon,Republican,662,27.06,2446,Democratic
1960,Georgia,GA,Whitfield,County,John F. Kennedy,Democratic,3604,46.49,7752,Republican
1960,Georgia,GA,Whitfield,County,Richard Nixon,Republican,4148,53.51,7752,Republican
1960,Georgia,GA,Wilcox,County,John F. Kennedy,Democratic,1714,84.85,2020,Democratic
1960,Georgia,GA,Wilcox,County,Richard Nixon,Republican,306,15.15,2020,Democratic
1960,Georgia,GA,Wilkes,County,John F. Kennedy,Democratic,1786,81.89,2181,Democratic
1960,Georgia,GA,Wilkes,County,Richard Nixon,Republican,395,18.11,2181,Democratic
1960,Georgia,GA,Wilkinson,County,John F. Kennedy,Democratic,1324,67.72,1955,Democratic
1960,Georgia,GA,Wilkinson,County,Richard Nixon,Republican,631,32.28,1955,Democratic
1960,Georgia,GA,Worth,County,John F. Kennedy,Democratic,2110,86.19,2448,Democratic
1960,Georgia,GA,Worth,County,Richard Nixon,Republican,338,13.81,2448,Democratic
1960,Hawaii,HI,Hawaii,County,John F. Kennedy,Democratic,11557,48.54,23808,Republican
1960,Hawaii,HI,Hawaii,County,Richard Nixon,Republican,12251,51.46,23808,Republican
1960,Hawaii,HI,Honolulu,County,John F. Kennedy,Democratic,68915,51.25,134456,Democratic
1960,Hawaii,HI,Honolulu,County,Richard Nixon,Republican,65541,48.75,134456,Democratic
1960,Hawaii,HI,Kauaʻi,County,John F. Kennedy,Democratic,4636,45.05,10291,Republican
1960,Hawaii,HI,Kauaʻi,County,Richard Nixon,Republican,5655,54.95,10291,Republican
1960,Hawaii,HI,Maui,County,John F. Kennedy,Democratic,7302,45.21,16150,Republican
1960,Hawaii,HI,Maui,County,Richard Nixon,Republican,8848,54.79,16150,Republican
1960,Idaho,ID,Ada,County,Richard Nixon,Republican,27703,61.95,44720,Republican
1960,Idaho,ID,Ada,County,John F. Kennedy,Democratic,17017,38.05,44720,Republican
1960,Idaho,ID,Adams,County,Richard Nixon,Republican,799,52.46,1523,Republican
1960,Idaho,ID,Adams,County,John F. Kennedy,Democratic,724,47.54,1523,Republican
1960,Idaho,ID,Bannock,County,Richard Nixon,Republican,9157,42.11,21743,Democratic
1960,Idaho,ID,Bannock,County,John F. Kennedy,Democratic,12586,57.89,21743,Democratic
1960,Idaho,ID,Bear Lake,County,Richard Nixon,Republican,1963,55.67,3526,Republican
1960,Idaho,ID,Bear Lake,County,John F. Kennedy,Democratic,1563,44.33,3526,Republican
1960,Idaho,ID,Benewah,County,Richard Nixon,Republican,1274,42.05,3030,Democratic
1960,Idaho,ID,Benewah,County,John F. Kennedy,Democratic,1756,57.95,3030,Democratic
1960,Idaho,ID,Bingham,County,Richard Nixon,Republican,5934,55.06,10777,Republican
1960,Idaho,ID,Bingham,County,John F. Kennedy,Democratic,4843,44.94,10777,Republican
1960,Idaho,ID,Blaine,County,Richard Nixon,Republican,1216,49.27,2468,Democratic
1960,Idaho,ID,Blaine,County,John F. Kennedy,Democratic,1252,50.73,2468,Democratic
1960,Idaho,ID,Boise,County,Richard Nixon,Republican,456,51.35,888,Republican
1960,Idaho,ID,Boise,County,John F. Kennedy,Democratic,432,48.65,888,Republican
1960,Idaho,ID,Bonner,County,Richard Nixon,Republican,3575,46.8,7639,Democratic
1960,Idaho,ID,Bonner,County,John F. Kennedy,Democratic,4064,53.2,7639,Democratic
1960,Idaho,ID,Bonneville,County,Richard Nixon,Republican,11111,55.68,19956,Republican
1960,Idaho,ID,Bonneville,County,John F. Kennedy,Democratic,8845,44.32,19956,Republican
1960,Idaho,ID,Boundary,County,Richard Nixon,Republican,1237,45.18,2738,Democratic
1960,Idaho,ID,Boundary,County,John F. Kennedy,Democratic,1501,54.82,2738,Democratic
1960,Idaho,ID,Butte,County,Richard Nixon,Republican,680,40.45,1681,Democratic
1960,Idaho,ID,Butte,County,John F. Kennedy,Democratic,1001,59.55,1681,Democratic
1960,Idaho,ID,Camas,County,Richard Nixon,Republican,284,46.86,606,Democratic
1960,Idaho,ID,Camas,County,John F. Kennedy,Democratic,322,53.14,606,Democratic
1960,Idaho,ID,Canyon,County,Richard Nixon,Republican,15865,62.1,25546,Republican
1960,Idaho,ID,Canyon,County,John F. Kennedy,Democratic,9681,37.9,25546,Republican
1960,Idaho,ID,Caribou,County,Richard Nixon,Republican,1544,54.42,2837,Republican
1960,Idaho,ID,Caribou,County,John F. Kennedy,Democratic,1293,45.58,2837,Republican
1960,Idaho,ID,Cassia,County,Richard Nixon,Republican,4297,63.73,6742,Republican
1960,Idaho,ID,Cassia,County,John F. Kennedy,Democratic,2445,36.27,6742,Republican
1960,Idaho,ID,Clark,County,Richard Nixon,Republican,283,61.66,459,Republican
1960,Idaho,ID,Clark,County,John F. Kennedy,Democratic,176,38.34,459,Republican
1960,Idaho,ID,Clearwater,County,Richard Nixon,Republican,1193,33.14,3600,Democratic
1960,Idaho,ID,Clearwater,County,John F. Kennedy,Democratic,2407,66.86,3600,Democratic
1960,Idaho,ID,Custer,County,Richard Nixon,Republican,651,43.72,1489,Democratic
1960,Idaho,ID,Custer,County,John F. Kennedy,Democratic,838,56.28,1489,Democratic
1960,Idaho,ID,Elmore,County,Richard Nixon,Republican,2226,47.71,4666,Democratic
1960,Idaho,ID,Elmore,County,John F. Kennedy,Democratic,2440,52.29,4666,Democratic
1960,Idaho,ID,Franklin,County,Richard Nixon,Republican,2633,66.07,3985,Republican
1960,Idaho,ID,Franklin,County,John F. Kennedy,Democratic,1352,33.93,3985,Republican
1960,Idaho,ID,Fremont,County,Richard Nixon,Republican,2230,54.17,4117,Republican
1960,Idaho,ID,Fremont,County,John F. Kennedy,Democratic,1887,45.83,4117,Republican
1960,Idaho,ID,Gem,County,Richard Nixon,Republican,2428,55.13,4404,Republican
1960,Idaho,ID,Gem,County,John F. Kennedy,Democratic,1976,44.87,4404,Republican
1960,Idaho,ID,Gooding,County,Richard Nixon,Republican,2523,55.72,4528,Republican
1960,Idaho,ID,Gooding,County,John F. Kennedy,Democratic,2005,44.28,4528,Republican
1960,Idaho,ID,Idaho,County,Richard Nixon,Republican,2248,40.84,5504,Democratic
1960,Idaho,ID,Idaho,County,John F. Kennedy,Democratic,3256,59.16,5504,Democratic
1960,Idaho,ID,Jefferson,County,Richard Nixon,Republican,2625,52.51,4999,Republican
1960,Idaho,ID,Jefferson,County,John F. Kennedy,Democratic,2374,47.49,4999,Republican
1960,Idaho,ID,Jerome,County,Richard Nixon,Republican,3031,58.49,5182,Republican
1960,Idaho,ID,Jerome,County,John F. Kennedy,Democratic,2151,41.51,5182,Republican
1960,Idaho,ID,Kootenai,County,Richard Nixon,Republican,6704,46.4,14448,Democratic
1960,Idaho,ID,Kootenai,County,John F. Kennedy,Democratic,7744,53.6,14448,Democratic
1960,Idaho,ID,Latah,County,Richard Nixon,Republican,4789,50.81,9425,Republican
1960,Idaho,ID,Latah,County,John F. Kennedy,Democratic,4636,49.19,9425,Republican
1960,Idaho,ID,Lemhi,County,Richard Nixon,Republican,1355,51.36,2638,Republican
1960,Idaho,ID,Lemhi,County,John F. Kennedy,Democratic,1283,48.64,2638,Republican
1960,Idaho,ID,Lewis,County,Richard Nixon,Republican,781,35.29,2213,Democratic
1960,Idaho,ID,Lewis,County,John F. Kennedy,Democratic,1432,64.71,2213,Democratic
1960,Idaho,ID,Lincoln,County,Richard Nixon,Republican,970,55.33,1753,Republican
1960,Idaho,ID,Lincoln,County,John F. Kennedy,Democratic,783,44.67,1753,Republican
1960,Idaho,ID,Madison,County,Richard Nixon,Republican,2374,58.59,4052,Republican
1960,Idaho,ID,Madison,County,John F. Kennedy,Democratic,1678,41.41,4052,Republican
1960,Idaho,ID,Minidoka,County,Richard Nixon,Republican,3360,57.66,5827,Republican
1960,Idaho,ID,Minidoka,County,John F. Kennedy,Democratic,2467,42.34,5827,Republican
1960,Idaho,ID,Nez Perce,County,Richard Nixon,Republican,5203,39.58,13147,Democratic
1960,Idaho,ID,Nez Perce,County,John F. Kennedy,Democratic,7944,60.42,13147,Democratic
1960,Idaho,ID,Oneida,County,Richard Nixon,Republican,1111,58.17,1910,Republican
1960,Idaho,ID,Oneida,County,John F. Kennedy,Democratic,799,41.83,1910,Republican
1960,Idaho,ID,Owyhee,County,Richard Nixon,Republican,1500,57.06,2629,Republican
1960,Idaho,ID,Owyhee,County,John F. Kennedy,Democratic,1129,42.94,2629,Republican
1960,Idaho,ID,Payette,County,Richard Nixon,Republican,3472,61.94,5605,Republican
1960,Idaho,ID,Payette,County,John F. Kennedy,Democratic,2133,38.06,5605,Republican
1960,Idaho,ID,Power,County,Richard Nixon,Republican,1065,52.59,2025,Republican
1960,Idaho,ID,Power,County,John F. Kennedy,Democratic,960,47.41,2025,Republican
1960,Idaho,ID,Shoshone,County,Richard Nixon,Republican,3432,40.7,8433,Democratic
1960,Idaho,ID,Shoshone,County,John F. Kennedy,Democratic,5001,59.3,8433,Democratic
1960,Idaho,ID,Teton,County,Richard Nixon,Republican,714,55.65,1283,Republican
1960,Idaho,ID,Teton,County,John F. Kennedy,Democratic,569,44.35,1283,Republican
1960,Idaho,ID,Twin Falls,County,Richard Nixon,Republican,12171,62.15,19584,Republican
1960,Idaho,ID,Twin Falls,County,John F. Kennedy,Democratic,7413,37.85,19584,Republican
1960,Idaho,ID,Valley,County,Richard Nixon,Republican,1179,56.28,2095,Republican
1960,Idaho,ID,Valley,County,John F. Kennedy,Democratic,916,43.72,2095,Republican
1960,Idaho,ID,Washington,County,Richard Nixon,Republican,2251,55.86,4030,Republican
1960,Idaho,ID,Washington,County,John F. Kennedy,Democratic,1779,44.14,4030,Republican
1960,Illinois,IL,Adams,County,John F. Kennedy,Democratic,14827,44.22,33529,Republican
1960,Illinois,IL,Adams,County,Richard Nixon,Republican,18674,55.7,33529,Republican
1960,Illinois,IL,Adams,County,Other,Other,28,0.08,33529,Republican
1960,Illinois,IL,Alexander,County,John F. Kennedy,Democratic,4477,51.83,8638,Democratic
1960,Illinois,IL,Alexander,County,Richard Nixon,Republican,4143,47.96,8638,Democratic
1960,Illinois,IL,Alexander,County,Other,Other,18,0.21,8638,Democratic
1960,Illinois,IL,Bond,County,John F. Kennedy,Democratic,2856,39.88,7162,Republican
1960,Illinois,IL,Bond,County,Richard Nixon,Republican,4297,60.0,7162,Republican
1960,Illinois,IL,Bond,County,Other,Other,9,0.13,7162,Republican
1960,Illinois,IL,Boone,County,John F. Kennedy,Democratic,2605,28.43,9162,Republican
1960,Illinois,IL,Boone,County,Richard Nixon,Republican,6552,71.51,9162,Republican
1960,Illinois,IL,Boone,County,Other,Other,5,0.05,9162,Republican
1960,Illinois,IL,Brown,County,John F. Kennedy,Democratic,1849,49.44,3740,Republican
1960,Illinois,IL,Brown,County,Richard Nixon,Republican,1889,50.51,3740,Republican
1960,Illinois,IL,Brown,County,Other,Other,2,0.05,3740,Republican
1960,Illinois,IL,Bureau,County,John F. Kennedy,Democratic,7786,38.15,20407,Republican
1960,Illinois,IL,Bureau,County,Richard Nixon,Republican,12597,61.73,20407,Republican
1960,Illinois,IL,Bureau,County,Other,Other,24,0.12,20407,Republican
1960,Illinois,IL,Calhoun,County,John F. Kennedy,Democratic,1608,49.22,3267,Republican
1960,Illinois,IL,Calhoun,County,Richard Nixon,Republican,1654,50.63,3267,Republican
1960,Illinois,IL,Calhoun,County,Other,Other,5,0.15,3267,Republican
1960,Illinois,IL,Carroll,County,John F. Kennedy,Democratic,3097,32.88,9418,Republican
1960,Illinois,IL,Carroll,County,Richard Nixon,Republican,6282,66.7,9418,Republican
1960,Illinois,IL,Carroll,County,Other,Other,39,0.41,9418,Republican
1960,Illinois,IL,Cass,County,John F. Kennedy,Democratic,3692,47.85,7715,Republican
1960,Illinois,IL,Cass,County,Richard Nixon,Republican,4015,52.04,7715,Republican
1960,Illinois,IL,Cass,County,Other,Other,8,0.1,7715,Republican
1960,Illinois,IL,Champaign,County,John F. Kennedy,Democratic,17115,37.66,45441,Republican
1960,Illinois,IL,Champaign,County,Richard Nixon,Republican,27793,61.16,45441,Republican
1960,Illinois,IL,Champaign,County,Other,Other,533,1.17,45441,Republican
1960,Illinois,IL,Christian,County,John F. Kennedy,Democratic,10207,52.38,19485,Democratic
1960,Illinois,IL,Christian,County,Richard Nixon,Republican,9263,47.54,19485,Democratic
1960,Illinois,IL,Christian,County,Other,Other,15,0.08,19485,Democratic
1960,Illinois,IL,Clark,County,John F. Kennedy,Democratic,3949,42.59,9273,Republican
1960,Illinois,IL,Clark,County,Richard Nixon,Republican,5319,57.36,9273,Republican
1960,Illinois,IL,Clark,County,Other,Other,5,0.05,9273,Republican
1960,Illinois,IL,Clay,County,John F. Kennedy,Democratic,3394,39.75,8538,Republican
1960,Illinois,IL,Clay,County,Richard Nixon,Republican,5134,60.13,8538,Republican
1960,Illinois,IL,Clay,County,Other,Other,10,0.12,8538,Republican
1960,Illinois,IL,Clinton,County,John F. Kennedy,Democratic,6188,51.99,11903,Democratic
1960,Illinois,IL,Clinton,County,Richard Nixon,Republican,5709,47.96,11903,Democratic
1960,Illinois,IL,Clinton,County,Other,Other,6,0.05,11903,Democratic
1960,Illinois,IL,Coles,County,John F. Kennedy,Democratic,8629,41.46,20814,Republican
1960,Illinois,IL,Coles,County,Richard Nixon,Republican,12166,58.45,20814,Republican
1960,Illinois,IL,Coles,County,Other,Other,19,0.09,20814,Republican
1960,Illinois,IL,Cook,County,John F. Kennedy,Democratic,1378343,56.37,2445269,Democratic
1960,Illinois,IL,Cook,County,Richard Nixon,Republican,1059607,43.33,2445269,Democratic
1960,Illinois,IL,Cook,County,Other,Other,7319,0.3,2445269,Democratic
1960,Illinois,IL,Crawford,County,John F. Kennedy,Democratic,4245,38.39,11058,Republican
1960,Illinois,IL,Crawford,County,Richard Nixon,Republican,6809,61.58,11058,Republican
1960,Illinois,IL,Crawford,County,Other,Other,4,0.04,11058,Republican
1960,Illinois,IL,Cumberland,County,John F. Kennedy,Democratic,2475,45.0,5500,Republican
1960,Illinois,IL,Cumberland,County,Richard Nixon,Republican,3020,54.91,5500,Republican
1960,Illinois,IL,Cumberland,County,Other,Other,5,0.09,5500,Republican
1960,Illinois,IL,DeKalb,County,John F. Kennedy,Democratic,6783,30.3,22388,Republican
1960,Illinois,IL,DeKalb,County,Richard Nixon,Republican,15586,69.62,22388,Republican
1960,Illinois,IL,DeKalb,County,Other,Other,19,0.08,22388,Republican
1960,Illinois,IL,DeWitt,County,John F. Kennedy,Democratic,3607,41.51,8689,Republican
1960,Illinois,IL,DeWitt,County,Richard Nixon,Republican,5074,58.4,8689,Republican
1960,Illinois,IL,DeWitt,County,Other,Other,8,0.09,8689,Republican
1960,Illinois,IL,Douglas,County,John F. Kennedy,Democratic,3532,37.98,9299,Republican
1960,Illinois,IL,Douglas,County,Richard Nixon,Republican,5761,61.95,9299,Republican
1960,Illinois,IL,Douglas,County,Other,Other,6,0.06,9299,Republican
1960,Illinois,IL,DuPage,County,John F. Kennedy,Democratic,44263,30.43,145445,Republican
1960,Illinois,IL,DuPage,County,Richard Nixon,Republican,101014,69.45,145445,Republican
1960,Illinois,IL,DuPage,County,Other,Other,168,0.12,145445,Republican
1960,Illinois,IL,Edgar,County,John F. Kennedy,Democratic,5024,40.59,12376,Republican
1960,Illinois,IL,Edgar,County,Richard Nixon,Republican,7348,59.37,12376,Republican
1960,Illinois,IL,Edgar,County,Other,Other,4,0.03,12376,Republican
1960,Illinois,IL,Edwards,County,John F. Kennedy,Democratic,1446,30.47,4745,Republican
1960,Illinois,IL,Edwards,County,Richard Nixon,Republican,3291,69.36,4745,Republican
1960,Illinois,IL,Edwards,County,Other,Other,8,0.17,4745,Republican
1960,Illinois,IL,Effingham,County,John F. Kennedy,Democratic,5676,46.94,12092,Republican
1960,Illinois,IL,Effingham,County,Richard Nixon,Republican,6410,53.01,12092,Republican
1960,Illinois,IL,Effingham,County,Other,Other,6,0.05,12092,Republican
1960,Illinois,IL,Fayette,County,John F. Kennedy,Democratic,4907,42.65,11504,Republican
1960,Illinois,IL,Fayette,County,Richard Nixon,Republican,6586,57.25,11504,Republican
1960,Illinois,IL,Fayette,County,Other,Other,11,0.1,11504,Republican
1960,Illinois,IL,Ford,County,John F. Kennedy,Democratic,2698,31.82,8478,Republican
1960,Illinois,IL,Ford,County,Richard Nixon,Republican,5779,68.16,8478,Republican
1960,Illinois,IL,Ford,County,Other,Other,1,0.01,8478,Republican
1960,Illinois,IL,Franklin,County,John F. Kennedy,Democratic,11368,48.86,23266,Republican
1960,Illinois,IL,Franklin,County,Richard Nixon,Republican,11861,50.98,23266,Republican
1960,Illinois,IL,Franklin,County,Other,Other,37,0.16,23266,Republican
1960,Illinois,IL,Fulton,County,John F. Kennedy,Democratic,10194,45.81,22251,Republican
1960,Illinois,IL,Fulton,County,Richard Nixon,Republican,11999,53.93,22251,Republican
1960,Illinois,IL,Fulton,County,Other,Other,58,0.26,22251,Republican
1960,Illinois,IL,Gallatin,County,John F. Kennedy,Democratic,2386,52.21,4570,Democratic
1960,Illinois,IL,Gallatin,County,Richard Nixon,Republican,2179,47.68,4570,Democratic
1960,Illinois,IL,Gallatin,County,Other,Other,5,0.11,4570,Democratic
1960,Illinois,IL,Greene,County,John F. Kennedy,Democratic,3847,46.1,8344,Republican
1960,Illinois,IL,Greene,County,Richard Nixon,Republican,4487,53.78,8344,Republican
1960,Illinois,IL,Greene,County,Other,Other,10,0.12,8344,Republican
1960,Illinois,IL,Grundy,County,John F. Kennedy,Democratic,4276,38.08,11228,Republican
1960,Illinois,IL,Grundy,County,Richard Nixon,Republican,6948,61.88,11228,Republican
1960,Illinois,IL,Grundy,County,Other,Other,4,0.04,11228,Republican
1960,Illinois,IL,Hamilton,County,John F. Kennedy,Democratic,2639,40.89,6454,Republican
1960,Illinois,IL,Hamilton,County,Richard Nixon,Republican,3804,58.94,6454,Republican
1960,Illinois,IL,Hamilton,County,Other,Other,11,0.17,6454,Republican
1960,Illinois,IL,Hancock,County,John F. Kennedy,Democratic,4947,38.08,12990,Republican
1960,Illinois,IL,Hancock,County,Richard Nixon,Republican,8036,61.86,12990,Republican
1960,Illinois,IL,Hancock,County,Other,Other,7,0.05,12990,Republican
1960,Illinois,IL,Hardin,County,John F. Kennedy,Democratic,1465,42.92,3413,Republican
1960,Illinois,IL,Hardin,County,Richard Nixon,Republican,1944,56.96,3413,Republican
1960,Illinois,IL,Hardin,County,Other,Other,4,0.12,3413,Republican
1960,Illinois,IL,Henderson,County,John F. Kennedy,Democratic,1697,39.71,4273,Republican
1960,Illinois,IL,Henderson,County,Richard Nixon,Republican,2572,60.19,4273,Republican
1960,Illinois,IL,Henderson,County,Other,Other,4,0.09,4273,Republican
1960,Illinois,IL,Henry,County,John F. Kennedy,Democratic,10372,42.01,24690,Republican
1960,Illinois,IL,Henry,County,Richard Nixon,Republican,14297,57.91,24690,Republican
1960,Illinois,IL,Henry,County,Other,Other,21,0.09,24690,Republican
1960,Illinois,IL,Iroquois,County,John F. Kennedy,Democratic,5821,33.82,17213,Republican
1960,Illinois,IL,Iroquois,County,Richard Nixon,Republican,11376,66.09,17213,Republican
1960,Illinois,IL,Iroquois,County,Other,Other,16,0.09,17213,Republican
1960,Illinois,IL,Jackson,County,John F. Kennedy,Democratic,8527,44.62,19112,Republican
1960,Illinois,IL,Jackson,County,Richard Nixon,Republican,10568,55.3,19112,Republican
1960,Illinois,IL,Jackson,County,Other,Other,17,0.09,19112,Republican
1960,Illinois,IL,Jasper,County,John F. Kennedy,Democratic,3027,47.14,6421,Republican
1960,Illinois,IL,Jasper,County,Richard Nixon,Republican,3393,52.84,6421,Republican
1960,Illinois,IL,Jasper,County,Other,Other,1,0.02,6421,Republican
1960,Illinois,IL,Jefferson,County,John F. Kennedy,Democratic,7784,44.16,17625,Republican
1960,Illinois,IL,Jefferson,County,Richard Nixon,Republican,9841,55.84,17625,Republican
1960,Illinois,IL,Jefferson,County,Other,Other,0,0.0,17625,Republican
1960,Illinois,IL,Jersey,County,John F. Kennedy,Democratic,4087,48.99,8343,Republican
1960,Illinois,IL,Jersey,County,Richard Nixon,Republican,4247,50.9,8343,Republican
1960,Illinois,IL,Jersey,County,Other,Other,9,0.11,8343,Republican
1960,Illinois,IL,Jo Daviess,County,John F. Kennedy,Democratic,4293,41.21,10417,Republican
1960,Illinois,IL,Jo Daviess,County,Richard Nixon,Republican,6111,58.66,10417,Republican
1960,Illinois,IL,Jo Daviess,County,Other,Other,13,0.12,10417,Republican
1960,Illinois,IL,Johnson,County,John F. Kennedy,Democratic,1413,33.67,4197,Republican
1960,Illinois,IL,Johnson,County,Richard Nixon,Republican,2778,66.19,4197,Republican
1960,Illinois,IL,Johnson,County,Other,Other,6,0.14,4197,Republican
1960,Illinois,IL,Kane,County,John F. Kennedy,Democratic,31279,36.05,86761,Republican
1960,Illinois,IL,Kane,County,Richard Nixon,Republican,55389,63.84,86761,Republican
1960,Illinois,IL,Kane,County,Other,Other,93,0.11,86761,Republican
1960,Illinois,IL,Kankakee,County,John F. Kennedy,Democratic,17115,45.7,37452,Republican
1960,Illinois,IL,Kankakee,County,Richard Nixon,Republican,20311,54.23,37452,Republican
1960,Illinois,IL,Kankakee,County,Other,Other,26,0.07,37452,Republican
1960,Illinois,IL,Kendall,County,John F. Kennedy,Democratic,2242,27.25,8228,Republican
1960,Illinois,IL,Kendall,County,Richard Nixon,Republican,5975,72.62,8228,Republican
1960,Illinois,IL,Kendall,County,Other,Other,11,0.13,8228,Republican
1960,Illinois,IL,Knox,County,John F. Kennedy,Democratic,11889,39.83,29850,Republican
1960,Illinois,IL,Knox,County,Richard Nixon,Republican,17938,60.09,29850,Republican
1960,Illinois,IL,Knox,County,Other,Other,23,0.08,29850,Republican
1960,Illinois,IL,Lake,County,John F. Kennedy,Democratic,46941,40.85,114899,Republican
1960,Illinois,IL,Lake,County,Richard Nixon,Republican,67809,59.02,114899,Republican
1960,Illinois,IL,Lake,County,Other,Other,149,0.13,114899,Republican
1960,Illinois,IL,LaSalle,County,John F. Kennedy,Democratic,27532,49.94,55125,Republican
1960,Illinois,IL,LaSalle,County,Richard Nixon,Republican,27552,49.98,55125,Republican
1960,Illinois,IL,LaSalle,County,Other,Other,41,0.07,55125,Republican
1960,Illinois,IL,Lawrence,County,John F. Kennedy,Democratic,3667,37.42,9800,Republican
1960,Illinois,IL,Lawrence,County,Richard Nixon,Republican,6120,62.45,9800,Republican
1960,Illinois,IL,Lawrence,County,Other,Other,13,0.13,9800,Republican
1960,Illinois,IL,Lee,County,John F. Kennedy,Democratic,5896,35.22,16739,Republican
1960,Illinois,IL,Lee,County,Richard Nixon,Republican,10835,64.73,16739,Republican
1960,Illinois,IL,Lee,County,Other,Other,8,0.05,16739,Republican
1960,Illinois,IL,Livingston,County,John F. Kennedy,Democratic,6642,33.57,19783,Republican
1960,Illinois,IL,Livingston,County,Richard Nixon,Republican,13139,66.42,19783,Republican
1960,Illinois,IL,Livingston,County,Other,Other,2,0.01,19783,Republican
1960,Illinois,IL,Logan,County,John F. Kennedy,Democratic,5691,37.71,15090,Republican
1960,Illinois,IL,Logan,County,Richard Nixon,Republican,9383,62.18,15090,Republican
1960,Illinois,IL,Logan,County,Other,Other,16,0.11,15090,Republican
1960,Illinois,IL,Macon,County,John F. Kennedy,Democratic,26029,48.85,53288,Republican
1960,Illinois,IL,Macon,County,Richard Nixon,Republican,27151,50.95,53288,Republican
1960,Illinois,IL,Macon,County,Other,Other,108,0.2,53288,Republican
1960,Illinois,IL,Macoupin,County,John F. Kennedy,Democratic,13120,52.7,24896,Democratic
1960,Illinois,IL,Macoupin,County,Richard Nixon,Republican,11731,47.12,24896,Democratic
1960,Illinois,IL,Macoupin,County,Other,Other,45,0.18,24896,Democratic
1960,Illinois,IL,Madison,County,John F. Kennedy,Democratic,54787,55.96,97904,Democratic
1960,Illinois,IL,Madison,County,Richard Nixon,Republican,42984,43.9,97904,Democratic
1960,Illinois,IL,Madison,County,Other,Other,133,0.14,97904,Democratic
1960,Illinois,IL,Marion,County,John F. Kennedy,Democratic,9116,45.02,20250,Republican
1960,Illinois,IL,Marion,County,Richard Nixon,Republican,11121,54.92,20250,Republican
1960,Illinois,IL,Marion,County,Other,Other,13,0.06,20250,Republican
1960,Illinois,IL,Marshall,County,John F. Kennedy,Democratic,2981,41.76,7138,Republican
1960,Illinois,IL,Marshall,County,Richard Nixon,Republican,4150,58.14,7138,Republican
1960,Illinois,IL,Marshall,County,Other,Other,7,0.1,7138,Republican
1960,Illinois,IL,Mason,County,John F. Kennedy,Democratic,3824,46.75,8180,Republican
1960,Illinois,IL,Mason,County,Richard Nixon,Republican,4337,53.02,8180,Republican
1960,Illinois,IL,Mason,County,Other,Other,19,0.23,8180,Republican
1960,Illinois,IL,Massac,County,John F. Kennedy,Democratic,2644,36.87,7171,Republican
1960,Illinois,IL,Massac,County,Richard Nixon,Republican,4521,63.05,7171,Republican
1960,Illinois,IL,Massac,County,Other,Other,6,0.08,7171,Republican
1960,Illinois,IL,McDonough,County,John F. Kennedy,Democratic,4520,32.53,13893,Republican
1960,Illinois,IL,McDonough,County,Richard Nixon,Republican,9363,67.39,13893,Republican
1960,Illinois,IL,McDonough,County,Other,Other,10,0.07,13893,Republican
1960,Illinois,IL,McHenry,County,John F. Kennedy,Democratic,12659,32.87,38508,Republican
1960,Illinois,IL,McHenry,County,Richard Nixon,Republican,25787,66.97,38508,Republican
1960,Illinois,IL,McHenry,County,Other,Other,62,0.16,38508,Republican
1960,Illinois,IL,McLean,County,John F. Kennedy,Democratic,13971,36.04,38761,Republican
1960,Illinois,IL,McLean,County,Richard Nixon,Republican,24758,63.87,38761,Republican
1960,Illinois,IL,McLean,County,Other,Other,32,0.08,38761,Republican
1960,Illinois,IL,Menard,County,John F. Kennedy,Democratic,2068,39.82,5193,Republican
1960,Illinois,IL,Menard,County,Richard Nixon,Republican,3120,60.08,5193,Republican
1960,Illinois,IL,Menard,County,Other,Other,5,0.1,5193,Republican
1960,Illinois,IL,Mercer,County,John F. Kennedy,Democratic,3476,38.36,9061,Republican
1960,Illinois,IL,Mercer,County,Richard Nixon,Republican,5582,61.6,9061,Republican
1960,Illinois,IL,Mercer,County,Other,Other,3,0.03,9061,Republican
1960,Illinois,IL,Monroe,County,John F. Kennedy,Democratic,3398,41.78,8133,Republican
1960,Illinois,IL,Monroe,County,Richard Nixon,Republican,4731,58.17,8133,Republican
1960,Illinois,IL,Monroe,County,Other,Other,4,0.05,8133,Republican
1960,Illinois,IL,Montgomery,County,John F. Kennedy,Democratic,8815,48.95,18007,Republican
1960,Illinois,IL,Montgomery,County,Richard Nixon,Republican,9178,50.97,18007,Republican
1960,Illinois,IL,Montgomery,County,Other,Other,14,0.08,18007,Republican
1960,Illinois,IL,Morgan,County,John F. Kennedy,Democratic,7259,42.54,17062,Republican
1960,Illinois,IL,Morgan,County,Richard Nixon,Republican,9791,57.38,17062,Republican
1960,Illinois,IL,Morgan,County,Other,Other,12,0.07,17062,Republican
1960,Illinois,IL,Moultrie,County,John F. Kennedy,Democratic,3079,45.07,6831,Republican
1960,Illinois,IL,Moultrie,County,Richard Nixon,Republican,3752,54.93,6831,Republican
1960,Illinois,IL,Moultrie,County,Other,Other,0,0.0,6831,Republican
1960,Illinois,IL,Ogle,County,John F. Kennedy,Democratic,4792,26.59,18025,Republican
1960,Illinois,IL,Ogle,County,Richard Nixon,Republican,13226,73.38,18025,Republican
1960,Illinois,IL,Ogle,County,Other,Other,7,0.04,18025,Republican
1960,Illinois,IL,Peoria,County,John F. Kennedy,Democratic,39061,46.13,84676,Republican
1960,Illinois,IL,Peoria,County,Richard Nixon,Republican,45529,53.77,84676,Republican
1960,Illinois,IL,Peoria,County,Other,Other,86,0.1,84676,Republican
1960,Illinois,IL,Perry,County,John F. Kennedy,Democratic,4958,42.48,11672,Republican
1960,Illinois,IL,Perry,County,Richard Nixon,Republican,6708,57.47,11672,Republican
1960,Illinois,IL,Perry,County,Other,Other,6,0.05,11672,Republican
1960,Illinois,IL,Piatt,County,John F. Kennedy,Democratic,2889,39.05,7399,Republican
1960,Illinois,IL,Piatt,County,Richard Nixon,Republican,4506,60.9,7399,Republican
1960,Illinois,IL,Piatt,County,Other,Other,4,0.05,7399,Republican
1960,Illinois,IL,Pike,County,John F. Kennedy,Democratic,5461,47.75,11436,Republican
1960,Illinois,IL,Pike,County,Richard Nixon,Republican,5965,52.16,11436,Republican
1960,Illinois,IL,Pike,County,Other,Other,10,0.09,11436,Republican
1960,Illinois,IL,Pope,County,John F. Kennedy,Democratic,971,36.44,2665,Republican
1960,Illinois,IL,Pope,County,Richard Nixon,Republican,1689,63.38,2665,Republican
1960,Illinois,IL,Pope,County,Other,Other,5,0.19,2665,Republican
1960,Illinois,IL,Pulaski,County,John F. Kennedy,Democratic,2322,46.81,4961,Republican
1960,Illinois,IL,Pulaski,County,Richard Nixon,Republican,2621,52.83,4961,Republican
1960,Illinois,IL,Pulaski,County,Other,Other,18,0.36,4961,Republican
1960,Illinois,IL,Putnam,County,John F. Kennedy,Democratic,1160,44.29,2619,Republican
1960,Illinois,IL,Putnam,County,Richard Nixon,Republican,1457,55.63,2619,Republican
1960,Illinois,IL,Putnam,County,Other,Other,2,0.08,2619,Republican
1960,Illinois,IL,Randolph,County,John F. Kennedy,Democratic,7344,47.85,15347,Republican
1960,Illinois,IL,Randolph,County,Richard Nixon,Republican,7988,52.05,15347,Republican
1960,Illinois,IL,Randolph,County,Other,Other,15,0.1,15347,Republican
1960,Illinois,IL,Richland,County,John F. Kennedy,Democratic,3015,36.09,8353,Republican
1960,Illinois,IL,Richland,County,Richard Nixon,Republican,5329,63.8,8353,Republican
1960,Illinois,IL,Richland,County,Other,Other,9,0.11,8353,Republican
1960,Illinois,IL,Rock Island,County,John F. Kennedy,Democratic,33812,50.88,66454,Democratic
1960,Illinois,IL,Rock Island,County,Richard Nixon,Republican,32534,48.96,66454,Democratic
1960,Illinois,IL,Rock Island,County,Other,Other,108,0.16,66454,Democratic
1960,Illinois,IL,Saline,County,John F. Kennedy,Democratic,6835,43.52,15707,Republican
1960,Illinois,IL,Saline,County,Richard Nixon,Republican,8853,56.36,15707,Republican
1960,Illinois,IL,Saline,County,Other,Other,19,0.12,15707,Republican
1960,Illinois,IL,Sangamon,County,John F. Kennedy,Democratic,35793,46.28,77335,Republican
1960,Illinois,IL,Sangamon,County,Richard Nixon,Republican,41483,53.64,77335,Republican
1960,Illinois,IL,Sangamon,County,Other,Other,59,0.08,77335,Republican
1960,Illinois,IL,Schuyler,County,John F. Kennedy,Democratic,2115,40.96,5164,Republican
1960,Illinois,IL,Schuyler,County,Richard Nixon,Republican,3047,59.0,5164,Republican
1960,Illinois,IL,Schuyler,County,Other,Other,2,0.04,5164,Republican
1960,Illinois,IL,Scott,County,John F. Kennedy,Democratic,1543,40.46,3814,Republican
1960,Illinois,IL,Scott,County,Richard Nixon,Republican,2267,59.44,3814,Republican
1960,Illinois,IL,Scott,County,Other,Other,4,0.1,3814,Republican
1960,Illinois,IL,Shelby,County,John F. Kennedy,Democratic,5720,45.39,12603,Republican
1960,Illinois,IL,Shelby,County,Richard Nixon,Republican,6872,54.53,12603,Republican
1960,Illinois,IL,Shelby,County,Other,Other,11,0.09,12603,Republican
1960,Illinois,IL,St. Clair,County,John F. Kennedy,Democratic,67367,61.38,109751,Democratic
1960,Illinois,IL,St. Clair,County,Richard Nixon,Republican,42046,38.31,109751,Democratic
1960,Illinois,IL,St. Clair,County,Other,Other,338,0.31,109751,Democratic
1960,Illinois,IL,Stark,County,John F. Kennedy,Democratic,1383,32.06,4314,Republican
1960,Illinois,IL,Stark,County,Richard Nixon,Republican,2925,67.8,4314,Republican
1960,Illinois,IL,Stark,County,Other,Other,6,0.14,4314,Republican
1960,Illinois,IL,Stephenson,County,John F. Kennedy,Democratic,8055,36.62,21995,Republican
1960,Illinois,IL,Stephenson,County,Richard Nixon,Republican,13872,63.07,21995,Republican
1960,Illinois,IL,Stephenson,County,Other,Other,68,0.31,21995,Republican
1960,Illinois,IL,Tazewell,County,John F. Kennedy,Democratic,20521,46.09,44526,Republican
1960,Illinois,IL,Tazewell,County,Richard Nixon,Republican,23967,53.83,44526,Republican
1960,Illinois,IL,Tazewell,County,Other,Other,38,0.09,44526,Republican
1960,Illinois,IL,Union,County,John F. Kennedy,Democratic,4321,49.31,8763,Republican
1960,Illinois,IL,Union,County,Richard Nixon,Republican,4432,50.58,8763,Republican
1960,Illinois,IL,Union,County,Other,Other,10,0.11,8763,Republican
1960,Illinois,IL,Vermilion,County,John F. Kennedy,Democratic,19702,42.51,46342,Republican
1960,Illinois,IL,Vermilion,County,Richard Nixon,Republican,26571,57.34,46342,Republican
1960,Illinois,IL,Vermilion,County,Other,Other,69,0.15,46342,Republican
1960,Illinois,IL,Wabash,County,John F. Kennedy,Democratic,3013,41.4,7278,Republican
1960,Illinois,IL,Wabash,County,Richard Nixon,Republican,4261,58.55,7278,Republican
1960,Illinois,IL,Wabash,County,Other,Other,4,0.05,7278,Republican
1960,Illinois,IL,Warren,County,John F. Kennedy,Democratic,3835,34.66,11066,Republican
1960,Illinois,IL,Warren,County,Richard Nixon,Republican,7221,65.25,11066,Republican
1960,Illinois,IL,Warren,County,Other,Other,10,0.09,11066,Republican
1960,Illinois,IL,Washington,County,John F. Kennedy,Democratic,3093,37.92,8157,Republican
1960,Illinois,IL,Washington,County,Richard Nixon,Republican,5053,61.95,8157,Republican
1960,Illinois,IL,Washington,County,Other,Other,11,0.13,8157,Republican
1960,Illinois,IL,Wayne,County,John F. Kennedy,Democratic,3954,37.25,10615,Republican
1960,Illinois,IL,Wayne,County,Richard Nixon,Republican,6652,62.67,10615,Republican
1960,Illinois,IL,Wayne,County,Other,Other,9,0.08,10615,Republican
1960,Illinois,IL,White,County,John F. Kennedy,Democratic,4756,44.97,10577,Republican
1960,Illinois,IL,White,County,Richard Nixon,Republican,5810,54.93,10577,Republican
1960,Illinois,IL,White,County,Other,Other,11,0.1,10577,Republican
1960,Illinois,IL,Whiteside,County,John F. Kennedy,Democratic,9112,34.27,26592,Republican
1960,Illinois,IL,Whiteside,County,Richard Nixon,Republican,17434,65.56,26592,Republican
1960,Illinois,IL,Whiteside,County,Other,Other,46,0.17,26592,Republican
1960,Illinois,IL,Will,County,John F. Kennedy,Democratic,41056,49.04,83712,Republican
1960,Illinois,IL,Will,County,Richard Nixon,Republican,42575,50.86,83712,Republican
1960,Illinois,IL,Will,County,Other,Other,81,0.1,83712,Republican
1960,Illinois,IL,Williamson,County,John F. Kennedy,Democratic,11335,45.17,25096,Republican
1960,Illinois,IL,Williamson,County,Richard Nixon,Republican,13732,54.72,25096,Republican
1960,Illinois,IL,Williamson,County,Other,Other,29,0.12,25096,Republican
1960,Illinois,IL,Winnebago,County,John F. Kennedy,Democratic,40090,44.67,89741,Republican
1960,Illinois,IL,Winnebago,County,Richard Nixon,Republican,49541,55.2,89741,Republican
1960,Illinois,IL,Winnebago,County,Other,Other,110,0.12,89741,Republican
1960,Illinois,IL,Woodford,County,John F. Kennedy,Democratic,4401,35.18,12509,Republican
1960,Illinois,IL,Woodford,County,Richard Nixon,Republican,8101,64.76,12509,Republican
1960,Illinois,IL,Woodford,County,Other,Other,7,0.06,12509,Republican
1960,Indiana,IN,Adams,County,Richard Nixon,Republican,6972,61.11,11409,Republican
1960,Indiana,IN,Adams,County,John F. Kennedy,Democratic,4338,38.02,11409,Republican
1960,Indiana,IN,Adams,County,Other,,99,0.87,11409,Republican
1960,Indiana,IN,Allen,County,Richard Nixon,Republican,60103,60.33,99618,Republican
1960,Indiana,IN,Allen,County,John F. Kennedy,Democratic,39235,39.39,99618,Republican
1960,Indiana,IN,Allen,County,Other,,280,0.28,99618,Republican
1960,Indiana,IN,Bartholomew,County,Richard Nixon,Republican,13606,59.09,23026,Republican
1960,Indiana,IN,Bartholomew,County,John F. Kennedy,Democratic,9290,40.35,23026,Republican
1960,Indiana,IN,Bartholomew,County,Other,,130,0.56,23026,Republican
1960,Indiana,IN,Benton,County,Richard Nixon,Republican,3626,60.11,6032,Republican
1960,Indiana,IN,Benton,County,John F. Kennedy,Democratic,2399,39.77,6032,Republican
1960,Indiana,IN,Benton,County,Other,,7,0.12,6032,Republican
1960,Indiana,IN,Blackford,County,Richard Nixon,Republican,3738,53.33,7009,Republican
1960,Indiana,IN,Blackford,County,John F. Kennedy,Democratic,3228,46.06,7009,Republican
1960,Indiana,IN,Blackford,County,Other,,43,0.61,7009,Republican
1960,Indiana,IN,Boone,County,Richard Nixon,Republican,8979,62.28,14416,Republican
1960,Indiana,IN,Boone,County,John F. Kennedy,Democratic,5377,37.3,14416,Republican
1960,Indiana,IN,Boone,County,Other,,60,0.42,14416,Republican
1960,Indiana,IN,Brown,County,Richard Nixon,Republican,1679,51.76,3244,Republican
1960,Indiana,IN,Brown,County,John F. Kennedy,Democratic,1533,47.26,3244,Republican
1960,Indiana,IN,Brown,County,Other,,32,0.99,3244,Republican
1960,Indiana,IN,Carroll,County,Richard Nixon,Republican,5411,61.88,8744,Republican
1960,Indiana,IN,Carroll,County,John F. Kennedy,Democratic,3299,37.73,8744,Republican
1960,Indiana,IN,Carroll,County,Other,,34,0.39,8744,Republican
1960,Indiana,IN,Cass,County,Richard Nixon,Republican,11392,58.19,19577,Republican
1960,Indiana,IN,Cass,County,John F. Kennedy,Democratic,8091,41.33,19577,Republican
1960,Indiana,IN,Cass,County,Other,,94,0.48,19577,Republican
1960,Indiana,IN,Clark,County,Richard Nixon,Republican,12803,46.89,27304,Democratic
1960,Indiana,IN,Clark,County,John F. Kennedy,Democratic,14431,52.85,27304,Democratic
1960,Indiana,IN,Clark,County,Other,,70,0.26,27304,Democratic
1960,Indiana,IN,Clay,County,Richard Nixon,Republican,7434,57.92,12834,Republican
1960,Indiana,IN,Clay,County,John F. Kennedy,Democratic,5342,41.62,12834,Republican
1960,Indiana,IN,Clay,County,Other,,58,0.45,12834,Republican
1960,Indiana,IN,Clinton,County,Richard Nixon,Republican,9620,59.32,16217,Republican
1960,Indiana,IN,Clinton,County,John F. Kennedy,Democratic,6533,40.28,16217,Republican
1960,Indiana,IN,Clinton,County,Other,,64,0.39,16217,Republican
1960,Indiana,IN,Crawford,County,Richard Nixon,Republican,2915,55.47,5255,Republican
1960,Indiana,IN,Crawford,County,John F. Kennedy,Democratic,2305,43.86,5255,Republican
1960,Indiana,IN,Crawford,County,Other,,35,0.67,5255,Republican
1960,Indiana,IN,Daviess,County,Richard Nixon,Republican,8285,60.2,13763,Republican
1960,Indiana,IN,Daviess,County,John F. Kennedy,Democratic,5433,39.48,13763,Republican
1960,Indiana,IN,Daviess,County,Other,,45,0.33,13763,Republican
1960,Indiana,IN,Dearborn,County,Richard Nixon,Republican,7619,54.99,13854,Republican
1960,Indiana,IN,Dearborn,County,John F. Kennedy,Democratic,6216,44.87,13854,Republican
1960,Indiana,IN,Dearborn,County,Other,,19,0.14,13854,Republican
1960,Indiana,IN,Decatur,County,Richard Nixon,Republican,6240,60.17,10370,Republican
1960,Indiana,IN,Decatur,County,John F. Kennedy,Democratic,4080,39.34,10370,Republican
1960,Indiana,IN,Decatur,County,Other,,50,0.48,10370,Republican
1960,Indiana,IN,DeKalb,County,Richard Nixon,Republican,8957,62.66,14295,Republican
1960,Indiana,IN,DeKalb,County,John F. Kennedy,Democratic,5277,36.92,14295,Republican
1960,Indiana,IN,DeKalb,County,Other,,61,0.43,14295,Republican
1960,Indiana,IN,Delaware,County,Richard Nixon,Republican,26167,52.75,49610,Republican
1960,Indiana,IN,Delaware,County,John F. Kennedy,Democratic,23266,46.9,49610,Republican
1960,Indiana,IN,Delaware,County,Other,,177,0.36,49610,Republican
1960,Indiana,IN,Dubois,County,Richard Nixon,Republican,5117,38.32,13353,Democratic
1960,Indiana,IN,Dubois,County,John F. Kennedy,Democratic,8214,61.51,13353,Democratic
1960,Indiana,IN,Dubois,County,Other,,22,0.16,13353,Democratic
1960,Indiana,IN,Elkhart,County,Richard Nixon,Republican,28056,62.77,44693,Republican
1960,Indiana,IN,Elkhart,County,John F. Kennedy,Democratic,16264,36.39,44693,Republican
1960,Indiana,IN,Elkhart,County,Other,,373,0.83,44693,Republican
1960,Indiana,IN,Fayette,County,Richard Nixon,Republican,6729,55.97,12023,Republican
1960,Indiana,IN,Fayette,County,John F. Kennedy,Democratic,5246,43.63,12023,Republican
1960,Indiana,IN,Fayette,County,Other,,48,0.4,12023,Republican
1960,Indiana,IN,Floyd,County,Richard Nixon,Republican,11629,48.38,24037,Democratic
1960,Indiana,IN,Floyd,County,John F. Kennedy,Democratic,12346,51.36,24037,Democratic
1960,Indiana,IN,Floyd,County,Other,,62,0.26,24037,Democratic
1960,Indiana,IN,Fountain,County,Richard Nixon,Republican,6123,58.71,10429,Republican
1960,Indiana,IN,Fountain,County,John F. Kennedy,Democratic,4277,41.01,10429,Republican
1960,Indiana,IN,Fountain,County,Other,,29,0.28,10429,Republican
1960,Indiana,IN,Franklin,County,Richard Nixon,Republican,4108,53.73,7645,Republican
1960,Indiana,IN,Franklin,County,John F. Kennedy,Democratic,3523,46.08,7645,Republican
1960,Indiana,IN,Franklin,County,Other,,14,0.18,7645,Republican
1960,Indiana,IN,Fulton,County,Richard Nixon,Republican,6038,66.11,9133,Republican
1960,Indiana,IN,Fulton,County,John F. Kennedy,Democratic,3047,33.36,9133,Republican
1960,Indiana,IN,Fulton,County,Other,,48,0.53,9133,Republican
1960,Indiana,IN,Gibson,County,Richard Nixon,Republican,8838,53.89,16399,Republican
1960,Indiana,IN,Gibson,County,John F. Kennedy,Democratic,7479,45.61,16399,Republican
1960,Indiana,IN,Gibson,County,Other,,82,0.5,16399,Republican
1960,Indiana,IN,Grant,County,Richard Nixon,Republican,19021,57.92,32841,Republican
1960,Indiana,IN,Grant,County,John F. Kennedy,Democratic,13642,41.54,32841,Republican
1960,Indiana,IN,Grant,County,Other,,178,0.54,32841,Republican
1960,Indiana,IN,Greene,County,Richard Nixon,Republican,8810,57.81,15239,Republican
1960,Indiana,IN,Greene,County,John F. Kennedy,Democratic,6325,41.51,15239,Republican
1960,Indiana,IN,Greene,County,Other,,104,0.68,15239,Republican
1960,Indiana,IN,Hamilton,County,Richard Nixon,Republican,13409,70.63,18984,Republican
1960,Indiana,IN,Hamilton,County,John F. Kennedy,Democratic,5511,29.03,18984,Republican
1960,Indiana,IN,Hamilton,County,Other,,64,0.34,18984,Republican
1960,Indiana,IN,Hancock,County,Richard Nixon,Republican,7543,60.21,12528,Republican
1960,Indiana,IN,Hancock,County,John F. Kennedy,Democratic,4930,39.35,12528,Republican
1960,Indiana,IN,Hancock,County,Other,,55,0.44,12528,Republican
1960,Indiana,IN,Harrison,County,Richard Nixon,Republican,5374,53.8,9989,Republican
1960,Indiana,IN,Harrison,County,John F. Kennedy,Democratic,4566,45.71,9989,Republican
1960,Indiana,IN,Harrison,County,Other,,49,0.49,9989,Republican
1960,Indiana,IN,Hendricks,County,Richard Nixon,Republican,12490,65.51,19066,Republican
1960,Indiana,IN,Hendricks,County,John F. Kennedy,Democratic,6481,33.99,19066,Republican
1960,Indiana,IN,Hendricks,County,Other,,95,0.5,19066,Republican
1960,Indiana,IN,Henry,County,Richard Nixon,Republican,13752,58.44,23530,Republican
1960,Indiana,IN,Henry,County,John F. Kennedy,Democratic,9629,40.92,23530,Republican
1960,Indiana,IN,Henry,County,Other,,149,0.63,23530,Republican
1960,Indiana,IN,Howard,County,Richard Nixon,Republican,17938,56.94,31502,Republican
1960,Indiana,IN,Howard,County,John F. Kennedy,Democratic,13415,42.58,31502,Republican
1960,Indiana,IN,Howard,County,Other,,149,0.47,31502,Republican
1960,Indiana,IN,Huntington,County,Richard Nixon,Republican,10658,59.44,17930,Republican
1960,Indiana,IN,Huntington,County,John F. Kennedy,Democratic,7163,39.95,17930,Republican
1960,Indiana,IN,Huntington,County,Other,,109,0.61,17930,Republican
1960,Indiana,IN,Jackson,County,Richard Nixon,Republican,8213,55.27,14861,Republican
1960,Indiana,IN,Jackson,County,John F. Kennedy,Democratic,6582,44.29,14861,Republican
1960,Indiana,IN,Jackson,County,Other,,66,0.44,14861,Republican
1960,Indiana,IN,Jasper,County,Richard Nixon,Republican,5364,64.32,8339,Republican
1960,Indiana,IN,Jasper,County,John F. Kennedy,Democratic,2959,35.48,8339,Republican
1960,Indiana,IN,Jasper,County,Other,,16,0.19,8339,Republican
1960,Indiana,IN,Jay,County,Richard Nixon,Republican,6519,56.73,11492,Republican
1960,Indiana,IN,Jay,County,John F. Kennedy,Democratic,4899,42.63,11492,Republican
1960,Indiana,IN,Jay,County,Other,,74,0.64,11492,Republican
1960,Indiana,IN,Jefferson,County,Richard Nixon,Republican,6333,55.11,11492,Republican
1960,Indiana,IN,Jefferson,County,John F. Kennedy,Democratic,5119,44.54,11492,Republican
1960,Indiana,IN,Jefferson,County,Other,,40,0.35,11492,Republican
1960,Indiana,IN,Jennings,County,Richard Nixon,Republican,4478,56.63,7908,Republican
1960,Indiana,IN,Jennings,County,John F. Kennedy,Democratic,3403,43.03,7908,Republican
1960,Indiana,IN,Jennings,County,Other,,27,0.34,7908,Republican
1960,Indiana,IN,Johnson,County,Richard Nixon,Republican,12426,62.38,19919,Republican
1960,Indiana,IN,Johnson,County,John F. Kennedy,Democratic,7400,37.15,19919,Republican
1960,Indiana,IN,Johnson,County,Other,,93,0.47,19919,Republican
1960,Indiana,IN,Knox,County,Richard Nixon,Republican,11490,53.4,21516,Republican
1960,Indiana,IN,Knox,County,John F. Kennedy,Democratic,9918,46.1,21516,Republican
1960,Indiana,IN,Knox,County,Other,,108,0.5,21516,Republican
1960,Indiana,IN,Kosciusko,County,Richard Nixon,Republican,13539,69.11,19591,Republican
1960,Indiana,IN,Kosciusko,County,John F. Kennedy,Democratic,5839,29.8,19591,Republican
1960,Indiana,IN,Kosciusko,County,Other,,213,1.09,19591,Republican
1960,Indiana,IN,LaGrange,County,Richard Nixon,Republican,4433,69.03,6422,Republican
1960,Indiana,IN,LaGrange,County,John F. Kennedy,Democratic,1965,30.6,6422,Republican
1960,Indiana,IN,LaGrange,County,Other,,24,0.37,6422,Republican
1960,Indiana,IN,Lake,County,Richard Nixon,Republican,78278,37.04,211358,Democratic
1960,Indiana,IN,Lake,County,John F. Kennedy,Democratic,132554,62.72,211358,Democratic
1960,Indiana,IN,Lake,County,Other,,526,0.25,211358,Democratic
1960,Indiana,IN,LaPorte,County,Richard Nixon,Republican,22738,52.71,43140,Republican
1960,Indiana,IN,LaPorte,County,John F. Kennedy,Democratic,20317,47.1,43140,Republican
1960,Indiana,IN,LaPorte,County,Other,,85,0.2,43140,Republican
1960,Indiana,IN,Lawrence,County,Richard Nixon,Republican,11119,61.15,18182,Republican
1960,Indiana,IN,Lawrence,County,John F. Kennedy,Democratic,6977,38.37,18182,Republican
1960,Indiana,IN,Lawrence,County,Other,,86,0.47,18182,Republican
1960,Indiana,IN,Madison,County,Richard Nixon,Republican,31098,52.31,59445,Republican
1960,Indiana,IN,Madison,County,John F. Kennedy,Democratic,28154,47.36,59445,Republican
1960,Indiana,IN,Madison,County,Other,,193,0.32,59445,Republican
1960,Indiana,IN,Marion,County,Richard Nixon,Republican,166202,57.67,288206,Republican
1960,Indiana,IN,Marion,County,John F. Kennedy,Democratic,121336,42.1,288206,Republican
1960,Indiana,IN,Marion,County,Other,,668,0.23,288206,Republican
1960,Indiana,IN,Marshall,County,Richard Nixon,Republican,10460,62.47,16744,Republican
1960,Indiana,IN,Marshall,County,John F. Kennedy,Democratic,6210,37.09,16744,Republican
1960,Indiana,IN,Marshall,County,Other,,74,0.44,16744,Republican
1960,Indiana,IN,Martin,County,Richard Nixon,Republican,2756,51.55,5346,Republican
1960,Indiana,IN,Martin,County,John F. Kennedy,Democratic,2585,48.35,5346,Republican
1960,Indiana,IN,Martin,County,Other,,5,0.09,5346,Republican
1960,Indiana,IN,Miami,County,Richard Nixon,Republican,8844,58.45,15131,Republican
1960,Indiana,IN,Miami,County,John F. Kennedy,Democratic,6191,40.92,15131,Republican
1960,Indiana,IN,Miami,County,Other,,96,0.63,15131,Republican
1960,Indiana,IN,Monroe,County,Richard Nixon,Republican,14513,65.42,22184,Republican
1960,Indiana,IN,Monroe,County,John F. Kennedy,Democratic,7535,33.97,22184,Republican
1960,Indiana,IN,Monroe,County,Other,,136,0.61,22184,Republican
1960,Indiana,IN,Montgomery,County,Richard Nixon,Republican,10957,66.36,16511,Republican
1960,Indiana,IN,Montgomery,County,John F. Kennedy,Democratic,5477,33.17,16511,Republican
1960,Indiana,IN,Montgomery,County,Other,,77,0.47,16511,Republican
1960,Indiana,IN,Morgan,County,Richard Nixon,Republican,9416,63.36,14860,Republican
1960,Indiana,IN,Morgan,County,John F. Kennedy,Democratic,5375,36.17,14860,Republican
1960,Indiana,IN,Morgan,County,Other,,69,0.46,14860,Republican
1960,Indiana,IN,Newton,County,Richard Nixon,Republican,3517,65.12,5401,Republican
1960,Indiana,IN,Newton,County,John F. Kennedy,Democratic,1870,34.62,5401,Republican
1960,Indiana,IN,Newton,County,Other,,14,0.26,5401,Republican
1960,Indiana,IN,Noble,County,Richard Nixon,Republican,8069,60.27,13387,Republican
1960,Indiana,IN,Noble,County,John F. Kennedy,Democratic,5264,39.32,13387,Republican
1960,Indiana,IN,Noble,County,Other,,54,0.4,13387,Republican
1960,Indiana,IN,Ohio,County,Richard Nixon,Republican,1314,56.25,2336,Republican
1960,Indiana,IN,Ohio,County,John F. Kennedy,Democratic,1015,43.45,2336,Republican
1960,Indiana,IN,Ohio,County,Other,,7,0.3,2336,Republican
1960,Indiana,IN,Orange,County,Richard Nixon,Republican,5589,59.19,9442,Republican
1960,Indiana,IN,Orange,County,John F. Kennedy,Democratic,3818,40.44,9442,Republican
1960,Indiana,IN,Orange,County,Other,,35,0.37,9442,Republican
1960,Indiana,IN,Owen,County,Richard Nixon,Republican,3700,60.38,6128,Republican
1960,Indiana,IN,Owen,County,John F. Kennedy,Democratic,2379,38.82,6128,Republican
1960,Indiana,IN,Owen,County,Other,,49,0.8,6128,Republican
1960,Indiana,IN,Parke,County,Richard Nixon,Republican,4662,57.94,8046,Republican
1960,Indiana,IN,Parke,County,John F. Kennedy,Democratic,3361,41.77,8046,Republican
1960,Indiana,IN,Parke,County,Other,,23,0.29,8046,Republican
1960,Indiana,IN,Perry,County,Richard Nixon,Republican,4372,46.97,9308,Democratic
1960,Indiana,IN,Perry,County,John F. Kennedy,Democratic,4920,52.86,9308,Democratic
1960,Indiana,IN,Perry,County,Other,,16,0.17,9308,Democratic
1960,Indiana,IN,Pike,County,Richard Nixon,Republican,4606,59.69,7716,Republican
1960,Indiana,IN,Pike,County,John F. Kennedy,Democratic,3046,39.48,7716,Republican
1960,Indiana,IN,Pike,County,Other,,64,0.83,7716,Republican
1960,Indiana,IN,Porter,County,Richard Nixon,Republican,15666,59.18,26474,Republican
1960,Indiana,IN,Porter,County,John F. Kennedy,Democratic,10733,40.54,26474,Republican
1960,Indiana,IN,Porter,County,Other,,75,0.28,26474,Republican
1960,Indiana,IN,Posey,County,Richard Nixon,Republican,5369,54.47,9857,Republican
1960,Indiana,IN,Posey,County,John F. Kennedy,Democratic,4457,45.22,9857,Republican
1960,Indiana,IN,Posey,County,Other,,31,0.31,9857,Republican
1960,Indiana,IN,Pulaski,County,Richard Nixon,Republican,3905,57.67,6771,Republican
1960,Indiana,IN,Pulaski,County,John F. Kennedy,Democratic,2746,40.56,6771,Republican
1960,Indiana,IN,Pulaski,County,Other,,120,1.77,6771,Republican
1960,Indiana,IN,Putnam,County,Richard Nixon,Republican,6583,57.63,11423,Republican
1960,Indiana,IN,Putnam,County,John F. Kennedy,Democratic,4798,42.0,11423,Republican
1960,Indiana,IN,Putnam,County,Other,,42,0.37,11423,Republican
1960,Indiana,IN,Randolph,County,Richard Nixon,Republican,9528,64.92,14677,Republican
1960,Indiana,IN,Randolph,County,John F. Kennedy,Democratic,5035,34.31,14677,Republican
1960,Indiana,IN,Randolph,County,Other,,114,0.78,14677,Republican
1960,Indiana,IN,Ripley,County,Richard Nixon,Republican,6053,55.95,10818,Republican
1960,Indiana,IN,Ripley,County,John F. Kennedy,Democratic,4730,43.72,10818,Republican
1960,Indiana,IN,Ripley,County,Other,,35,0.32,10818,Republican
1960,Indiana,IN,Rush,County,Richard Nixon,Republican,6215,63.54,9782,Republican
1960,Indiana,IN,Rush,County,John F. Kennedy,Democratic,3516,35.94,9782,Republican
1960,Indiana,IN,Rush,County,Other,,51,0.52,9782,Republican
1960,Indiana,IN,St. Joseph,County,Richard Nixon,Republican,53621,45.64,117499,Democratic
1960,Indiana,IN,St. Joseph,County,John F. Kennedy,Democratic,63553,54.09,117499,Democratic
1960,Indiana,IN,St. Joseph,County,Other,,325,0.28,117499,Democratic
1960,Indiana,IN,Scott,County,Richard Nixon,Republican,3213,50.99,6301,Republican
1960,Indiana,IN,Scott,County,John F. Kennedy,Democratic,3064,48.63,6301,Republican
1960,Indiana,IN,Scott,County,Other,,24,0.38,6301,Republican
1960,Indiana,IN,Shelby,County,Richard Nixon,Republican,9421,56.75,16602,Republican
1960,Indiana,IN,Shelby,County,John F. Kennedy,Democratic,7111,42.83,16602,Republican
1960,Indiana,IN,Shelby,County,Other,,70,0.42,16602,Republican
1960,Indiana,IN,Spencer,County,Richard Nixon,Republican,5050,53.88,9373,Republican
1960,Indiana,IN,Spencer,County,John F. Kennedy,Democratic,4303,45.91,9373,Republican
1960,Indiana,IN,Spencer,County,Other,,20,0.21,9373,Republican
1960,Indiana,IN,Starke,County,Richard Nixon,Republican,4592,53.28,8619,Republican
1960,Indiana,IN,Starke,County,John F. Kennedy,Democratic,3995,46.35,8619,Republican
1960,Indiana,IN,Starke,County,Other,,32,0.37,8619,Republican
1960,Indiana,IN,Steuben,County,Richard Nixon,Republican,5464,67.63,8079,Republican
1960,Indiana,IN,Steuben,County,John F. Kennedy,Democratic,2588,32.03,8079,Republican
1960,Indiana,IN,Steuben,County,Other,,27,0.33,8079,Republican
1960,Indiana,IN,Sullivan,County,Richard Nixon,Republican,6012,49.85,12060,Republican
1960,Indiana,IN,Sullivan,County,John F. Kennedy,Democratic,5975,49.54,12060,Republican
1960,Indiana,IN,Sullivan,County,Other,,73,0.61,12060,Republican
1960,Indiana,IN,Switzerland,County,Richard Nixon,Republican,1929,49.4,3905,Democratic
1960,Indiana,IN,Switzerland,County,John F. Kennedy,Democratic,1955,50.06,3905,Democratic
1960,Indiana,IN,Switzerland,County,Other,,21,0.54,3905,Democratic
1960,Indiana,IN,Tippecanoe,County,Richard Nixon,Republican,24572,63.55,38668,Republican
1960,Indiana,IN,Tippecanoe,County,John F. Kennedy,Democratic,14041,36.31,38668,Republican
1960,Indiana,IN,Tippecanoe,County,Other,,55,0.14,38668,Republican
1960,Indiana,IN,Tipton,County,Richard Nixon,Republican,4924,59.88,8223,Republican
1960,Indiana,IN,Tipton,County,John F. Kennedy,Democratic,3299,40.12,8223,Republican
1960,Indiana,IN,Tipton,County,Other,,0,0.0,8223,Republican
1960,Indiana,IN,Union,County,Richard Nixon,Republican,2087,63.73,3275,Republican
1960,Indiana,IN,Union,County,John F. Kennedy,Democratic,1180,36.03,3275,Republican
1960,Indiana,IN,Union,County,Other,,8,0.24,3275,Republican
1960,Indiana,IN,Vanderburgh,County,Richard Nixon,Republican,41068,52.9,77635,Republican
1960,Indiana,IN,Vanderburgh,County,John F. Kennedy,Democratic,36330,46.8,77635,Republican
1960,Indiana,IN,Vanderburgh,County,Other,,237,0.31,77635,Republican
1960,Indiana,IN,Vermillion,County,Richard Nixon,Republican,4798,46.92,10227,Democratic
1960,Indiana,IN,Vermillion,County,John F. Kennedy,Democratic,5391,52.71,10227,Democratic
1960,Indiana,IN,Vermillion,County,Other,,38,0.37,10227,Democratic
1960,Indiana,IN,Vigo,County,Richard Nixon,Republican,24940,49.7,50178,Democratic
1960,Indiana,IN,Vigo,County,John F. Kennedy,Democratic,25105,50.03,50178,Democratic
1960,Indiana,IN,Vigo,County,Other,,133,0.27,50178,Democratic
1960,Indiana,IN,Wabash,County,Richard Nixon,Republican,10420,68.12,15297,Republican
1960,Indiana,IN,Wabash,County,John F. Kennedy,Democratic,4788,31.3,15297,Republican
1960,Indiana,IN,Wabash,County,Other,,89,0.58,15297,Republican
1960,Indiana,IN,Warren,County,Richard Nixon,Republican,2870,64.29,4464,Republican
1960,Indiana,IN,Warren,County,John F. Kennedy,Democratic,1574,35.26,4464,Republican
1960,Indiana,IN,Warren,County,Other,,20,0.45,4464,Republican
1960,Indiana,IN,Warrick,County,Richard Nixon,Republican,6482,56.1,11554,Republican
1960,Indiana,IN,Warrick,County,John F. Kennedy,Democratic,5042,43.64,11554,Republican
1960,Indiana,IN,Warrick,County,Other,,30,0.26,11554,Republican
1960,Indiana,IN,Washington,County,Richard Nixon,Republican,5057,56.74,8913,Republican
1960,Indiana,IN,Washington,County,John F. Kennedy,Democratic,3821,42.87,8913,Republican
1960,Indiana,IN,Washington,County,Other,,35,0.39,8913,Republican
1960,Indiana,IN,Wayne,County,Richard Nixon,Republican,19764,60.66,32580,Republican
1960,Indiana,IN,Wayne,County,John F. Kennedy,Democratic,12721,39.05,32580,Republican
1960,Indiana,IN,Wayne,County,Other,,95,0.29,32580,Republican
1960,Indiana,IN,Wells,County,Richard Nixon,Republican,6034,58.91,10242,Republican
1960,Indiana,IN,Wells,County,John F. Kennedy,Democratic,4128,40.3,10242,Republican
1960,Indiana,IN,Wells,County,Other,,80,0.78,10242,Republican
1960,Indiana,IN,White,County,Richard Nixon,Republican,6678,62.93,10612,Republican
1960,Indiana,IN,White,County,John F. Kennedy,Democratic,3914,36.88,10612,Republican
1960,Indiana,IN,White,County,Other,,20,0.19,10612,Republican
1960,Indiana,IN,Whitley,County,Richard Nixon,Republican,6621,60.5,10943,Republican
1960,Indiana,IN,Whitley,County,John F. Kennedy,Democratic,4266,38.98,10943,Republican
1960,Indiana,IN,Whitley,County,Other,,56,0.51,10943,Republican
1960,Iowa,IA,Adair,County,Richard Nixon,Republican,3383,60.09,5630,Republican
1960,Iowa,IA,Adair,County,John F. Kennedy,Democratic,2245,39.88,5630,Republican
1960,Iowa,IA,Adair,County,Farrell Dobbs,No Party Listed,1,0.02,5630,Republican
1960,Iowa,IA,Adair,County,Eric Hass,Socialist Labor,1,0.02,5630,Republican
1960,Iowa,IA,Adams,County,Richard Nixon,Republican,2185,57.08,3828,Republican
1960,Iowa,IA,Adams,County,John F. Kennedy,Democratic,1643,42.92,3828,Republican
1960,Iowa,IA,Adams,County,Farrell Dobbs,No Party Listed,0,0.0,3828,Republican
1960,Iowa,IA,Adams,County,Eric Hass,Socialist Labor,0,0.0,3828,Republican
1960,Iowa,IA,Allamakee,County,Richard Nixon,Republican,4970,62.78,7916,Republican
1960,Iowa,IA,Allamakee,County,John F. Kennedy,Democratic,2933,37.05,7916,Republican
1960,Iowa,IA,Allamakee,County,Farrell Dobbs,No Party Listed,7,0.09,7916,Republican
1960,Iowa,IA,Allamakee,County,Eric Hass,Socialist Labor,6,0.08,7916,Republican
1960,Iowa,IA,Appanoose,County,Richard Nixon,Republican,5040,59.43,8480,Republican
1960,Iowa,IA,Appanoose,County,John F. Kennedy,Democratic,3422,40.35,8480,Republican
1960,Iowa,IA,Appanoose,County,Farrell Dobbs,No Party Listed,15,0.18,8480,Republican
1960,Iowa,IA,Appanoose,County,Eric Hass,Socialist Labor,3,0.04,8480,Republican
1960,Iowa,IA,Audubon,County,Richard Nixon,Republican,2935,53.05,5532,Republican
1960,Iowa,IA,Audubon,County,John F. Kennedy,Democratic,2595,46.91,5532,Republican
1960,Iowa,IA,Audubon,County,Farrell Dobbs,No Party Listed,2,0.04,5532,Republican
1960,Iowa,IA,Audubon,County,Eric Hass,Socialist Labor,0,0.0,5532,Republican
1960,Iowa,IA,Benton,County,Richard Nixon,Republican,5972,56.33,10601,Republican
1960,Iowa,IA,Benton,County,John F. Kennedy,Democratic,4620,43.58,10601,Republican
1960,Iowa,IA,Benton,County,Farrell Dobbs,No Party Listed,6,0.06,10601,Republican
1960,Iowa,IA,Benton,County,Eric Hass,Socialist Labor,3,0.03,10601,Republican
1960,Iowa,IA,Black Hawk,County,Richard Nixon,Republican,28435,54.11,52551,Republican
1960,Iowa,IA,Black Hawk,County,John F. Kennedy,Democratic,24078,45.82,52551,Republican
1960,Iowa,IA,Black Hawk,County,Farrell Dobbs,No Party Listed,26,0.05,52551,Republican
1960,Iowa,IA,Black Hawk,County,Eric Hass,Socialist Labor,12,0.02,52551,Republican
1960,Iowa,IA,Boone,County,Richard Nixon,Republican,6761,53.97,12527,Republican
1960,Iowa,IA,Boone,County,John F. Kennedy,Democratic,5759,45.97,12527,Republican
1960,Iowa,IA,Boone,County,Farrell Dobbs,No Party Listed,6,0.05,12527,Republican
1960,Iowa,IA,Boone,County,Eric Hass,Socialist Labor,1,0.01,12527,Republican
1960,Iowa,IA,Bremer,County,Richard Nixon,Republican,6504,66.76,9742,Republican
1960,Iowa,IA,Bremer,County,John F. Kennedy,Democratic,3234,33.2,9742,Republican
1960,Iowa,IA,Bremer,County,Farrell Dobbs,No Party Listed,4,0.04,9742,Republican
1960,Iowa,IA,Bremer,County,Eric Hass,Socialist Labor,0,0.0,9742,Republican
1960,Iowa,IA,Buchanan,County,Richard Nixon,Republican,5179,54.9,9433,Republican
1960,Iowa,IA,Buchanan,County,John F. Kennedy,Democratic,4251,45.07,9433,Republican
1960,Iowa,IA,Buchanan,County,Farrell Dobbs,No Party Listed,3,0.03,9433,Republican
1960,Iowa,IA,Buchanan,County,Eric Hass,Socialist Labor,0,0.0,9433,Republican
1960,Iowa,IA,Buena Vista,County,Richard Nixon,Republican,6351,63.54,9996,Republican
1960,Iowa,IA,Buena Vista,County,John F. Kennedy,Democratic,3637,36.38,9996,Republican
1960,Iowa,IA,Buena Vista,County,Farrell Dobbs,No Party Listed,5,0.05,9996,Republican
1960,Iowa,IA,Buena Vista,County,Eric Hass,Socialist Labor,3,0.03,9996,Republican
1960,Iowa,IA,Butler,County,Richard Nixon,Republican,5345,70.18,7616,Republican
1960,Iowa,IA,Butler,County,John F. Kennedy,Democratic,2268,29.78,7616,Republican
1960,Iowa,IA,Butler,County,Farrell Dobbs,No Party Listed,1,0.01,7616,Republican
1960,Iowa,IA,Butler,County,Eric Hass,Socialist Labor,2,0.03,7616,Republican
1960,Iowa,IA,Calhoun,County,Richard Nixon,Republican,4485,58.9,7615,Republican
1960,Iowa,IA,Calhoun,County,John F. Kennedy,Democratic,3123,41.01,7615,Republican
1960,Iowa,IA,Calhoun,County,Farrell Dobbs,No Party Listed,4,0.05,7615,Republican
1960,Iowa,IA,Calhoun,County,Eric Hass,Socialist Labor,3,0.04,7615,Republican
1960,Iowa,IA,Carroll,County,Richard Nixon,Republican,4648,39.66,11721,Democratic
1960,Iowa,IA,Carroll,County,John F. Kennedy,Democratic,7064,60.27,11721,Democratic
1960,Iowa,IA,Carroll,County,Farrell Dobbs,No Party Listed,6,0.05,11721,Democratic
1960,Iowa,IA,Carroll,County,Eric Hass,Socialist Labor,3,0.03,11721,Democratic
1960,Iowa,IA,Cass,County,Richard Nixon,Republican,6290,67.24,9354,Republican
1960,Iowa,IA,Cass,County,John F. Kennedy,Democratic,3059,32.7,9354,Republican
1960,Iowa,IA,Cass,County,Farrell Dobbs,No Party Listed,5,0.05,9354,Republican
1960,Iowa,IA,Cass,County,Eric Hass,Socialist Labor,0,0.0,9354,Republican
1960,Iowa,IA,Cedar,County,Richard Nixon,Republican,5217,61.92,8425,Republican
1960,Iowa,IA,Cedar,County,John F. Kennedy,Democratic,3203,38.02,8425,Republican
1960,Iowa,IA,Cedar,County,Farrell Dobbs,No Party Listed,5,0.06,8425,Republican
1960,Iowa,IA,Cedar,County,Eric Hass,Socialist Labor,0,0.0,8425,Republican
1960,Iowa,IA,Cerro Gordo,County,Richard Nixon,Republican,12830,56.05,22889,Republican
1960,Iowa,IA,Cerro Gordo,County,John F. Kennedy,Democratic,10044,43.88,22889,Republican
1960,Iowa,IA,Cerro Gordo,County,Farrell Dobbs,No Party Listed,15,0.07,22889,Republican
1960,Iowa,IA,Cerro Gordo,County,Eric Hass,Socialist Labor,0,0.0,22889,Republican
1960,Iowa,IA,Cherokee,County,Richard Nixon,Republican,4791,59.1,8106,Republican
1960,Iowa,IA,Cherokee,County,John F. Kennedy,Democratic,3309,40.82,8106,Republican
1960,Iowa,IA,Cherokee,County,Farrell Dobbs,No Party Listed,5,0.06,8106,Republican
1960,Iowa,IA,Cherokee,County,Eric Hass,Socialist Labor,1,0.01,8106,Republican
1960,Iowa,IA,Chickasaw,County,Richard Nixon,Republican,3822,48.45,7889,Democratic
1960,Iowa,IA,Chickasaw,County,John F. Kennedy,Democratic,4063,51.5,7889,Democratic
1960,Iowa,IA,Chickasaw,County,Farrell Dobbs,No Party Listed,4,0.05,7889,Democratic
1960,Iowa,IA,Chickasaw,County,Eric Hass,Socialist Labor,0,0.0,7889,Democratic
1960,Iowa,IA,Clarke,County,Richard Nixon,Republican,2631,57.82,4550,Republican
1960,Iowa,IA,Clarke,County,John F. Kennedy,Democratic,1906,41.89,4550,Republican
1960,Iowa,IA,Clarke,County,Farrell Dobbs,No Party Listed,12,0.26,4550,Republican
1960,Iowa,IA,Clarke,County,Eric Hass,Socialist Labor,1,0.02,4550,Republican
1960,Iowa,IA,Clay,County,Richard Nixon,Republican,5165,60.03,8604,Republican
1960,Iowa,IA,Clay,County,John F. Kennedy,Democratic,3437,39.95,8604,Republican
1960,Iowa,IA,Clay,County,Farrell Dobbs,No Party Listed,2,0.02,8604,Republican
1960,Iowa,IA,Clay,County,Eric Hass,Socialist Labor,0,0.0,8604,Republican
1960,Iowa,IA,Clayton,County,Richard Nixon,Republican,6441,58.25,11057,Republican
1960,Iowa,IA,Clayton,County,John F. Kennedy,Democratic,4612,41.71,11057,Republican
1960,Iowa,IA,Clayton,County,Farrell Dobbs,No Party Listed,4,0.04,11057,Republican
1960,Iowa,IA,Clayton,County,Eric Hass,Socialist Labor,0,0.0,11057,Republican
1960,Iowa,IA,Clinton,County,Richard Nixon,Republican,13797,56.71,24330,Republican
1960,Iowa,IA,Clinton,County,John F. Kennedy,Democratic,10508,43.19,24330,Republican
1960,Iowa,IA,Clinton,County,Farrell Dobbs,No Party Listed,11,0.05,24330,Republican
1960,Iowa,IA,Clinton,County,Eric Hass,Socialist Labor,14,0.06,24330,Republican
1960,Iowa,IA,Crawford,County,Richard Nixon,Republican,4791,56.25,8518,Republican
1960,Iowa,IA,Crawford,County,John F. Kennedy,Democratic,3720,43.67,8518,Republican
1960,Iowa,IA,Crawford,County,Farrell Dobbs,No Party Listed,3,0.04,8518,Republican
1960,Iowa,IA,Crawford,County,Eric Hass,Socialist Labor,4,0.05,8518,Republican
1960,Iowa,IA,Dallas,County,Richard Nixon,Republican,6566,53.93,12176,Republican
1960,Iowa,IA,Dallas,County,John F. Kennedy,Democratic,5597,45.97,12176,Republican
1960,Iowa,IA,Dallas,County,Farrell Dobbs,No Party Listed,11,0.09,12176,Republican
1960,Iowa,IA,Dallas,County,Eric Hass,Socialist Labor,2,0.02,12176,Republican
1960,Iowa,IA,Davis,County,Richard Nixon,Republican,2641,53.36,4949,Republican
1960,Iowa,IA,Davis,County,John F. Kennedy,Democratic,2303,46.53,4949,Republican
1960,Iowa,IA,Davis,County,Farrell Dobbs,No Party Listed,4,0.08,4949,Republican
1960,Iowa,IA,Davis,County,Eric Hass,Socialist Labor,1,0.02,4949,Republican
1960,Iowa,IA,Decatur,County,Richard Nixon,Republican,3039,55.69,5457,Republican
1960,Iowa,IA,Decatur,County,John F. Kennedy,Democratic,2411,44.18,5457,Republican
1960,Iowa,IA,Decatur,County,Farrell Dobbs,No Party Listed,7,0.13,5457,Republican
1960,Iowa,IA,Decatur,County,Eric Hass,Socialist Labor,0,0.0,5457,Republican
1960,Iowa,IA,Delaware,County,Richard Nixon,Republican,5015,57.62,8703,Republican
1960,Iowa,IA,Delaware,County,John F. Kennedy,Democratic,3688,42.38,8703,Republican
1960,Iowa,IA,Delaware,County,Farrell Dobbs,No Party Listed,0,0.0,8703,Republican
1960,Iowa,IA,Delaware,County,Eric Hass,Socialist Labor,0,0.0,8703,Republican
1960,Iowa,IA,Des Moines,County,Richard Nixon,Republican,10678,51.86,20591,Republican
1960,Iowa,IA,Des Moines,County,John F. Kennedy,Democratic,9872,47.94,20591,Republican
1960,Iowa,IA,Des Moines,County,Farrell Dobbs,No Party Listed,36,0.17,20591,Republican
1960,Iowa,IA,Des Moines,County,Eric Hass,Socialist Labor,5,0.02,20591,Republican
1960,Iowa,IA,Dickinson,County,Richard Nixon,Republican,3575,56.99,6273,Republican
1960,Iowa,IA,Dickinson,County,John F. Kennedy,Democratic,2696,42.98,6273,Republican
1960,Iowa,IA,Dickinson,County,Farrell Dobbs,No Party Listed,2,0.03,6273,Republican
1960,Iowa,IA,Dickinson,County,Eric Hass,Socialist Labor,0,0.0,6273,Republican
1960,Iowa,IA,Dubuque,County,Richard Nixon,Republican,12740,36.64,34766,Democratic
1960,Iowa,IA,Dubuque,County,John F. Kennedy,Democratic,22007,63.3,34766,Democratic
1960,Iowa,IA,Dubuque,County,Farrell Dobbs,No Party Listed,10,0.03,34766,Democratic
1960,Iowa,IA,Dubuque,County,Eric Hass,Socialist Labor,9,0.03,34766,Democratic
1960,Iowa,IA,Emmet,County,Richard Nixon,Republican,4284,62.51,6853,Republican
1960,Iowa,IA,Emmet,County,John F. Kennedy,Democratic,2563,37.4,6853,Republican
1960,Iowa,IA,Emmet,County,Farrell Dobbs,No Party Listed,3,0.04,6853,Republican
1960,Iowa,IA,Emmet,County,Eric Hass,Socialist Labor,3,0.04,6853,Republican
1960,Iowa,IA,Fayette,County,Richard Nixon,Republican,8330,61.2,13611,Republican
1960,Iowa,IA,Fayette,County,John F. Kennedy,Democratic,5256,38.62,13611,Republican
1960,Iowa,IA,Fayette,County,Farrell Dobbs,No Party Listed,21,0.15,13611,Republican
1960,Iowa,IA,Fayette,County,Eric Hass,Socialist Labor,4,0.03,13611,Republican
1960,Iowa,IA,Floyd,County,Richard Nixon,Republican,5774,59.24,9746,Republican
1960,Iowa,IA,Floyd,County,John F. Kennedy,Democratic,3970,40.73,9746,Republican
1960,Iowa,IA,Floyd,County,Farrell Dobbs,No Party Listed,1,0.01,9746,Republican
1960,Iowa,IA,Floyd,County,Eric Hass,Socialist Labor,1,0.01,9746,Republican
1960,Iowa,IA,Franklin,County,Richard Nixon,Republican,4514,64.52,6996,Republican
1960,Iowa,IA,Franklin,County,John F. Kennedy,Democratic,2476,35.39,6996,Republican
1960,Iowa,IA,Franklin,County,Farrell Dobbs,No Party Listed,3,0.04,6996,Republican
1960,Iowa,IA,Franklin,County,Eric Hass,Socialist Labor,3,0.04,6996,Republican
1960,Iowa,IA,Fremont,County,Richard Nixon,Republican,3027,56.73,5336,Republican
1960,Iowa,IA,Fremont,County,John F. Kennedy,Democratic,2307,43.23,5336,Republican
1960,Iowa,IA,Fremont,County,Farrell Dobbs,No Party Listed,2,0.04,5336,Republican
1960,Iowa,IA,Fremont,County,Eric Hass,Socialist Labor,0,0.0,5336,Republican
1960,Iowa,IA,Greene,County,Richard Nixon,Republican,4063,58.43,6954,Republican
1960,Iowa,IA,Greene,County,John F. Kennedy,Democratic,2879,41.4,6954,Republican
1960,Iowa,IA,Greene,County,Farrell Dobbs,No Party Listed,7,0.1,6954,Republican
1960,Iowa,IA,Greene,County,Eric Hass,Socialist Labor,5,0.07,6954,Republican
1960,Iowa,IA,Grundy,County,Richard Nixon,Republican,4989,69.62,7166,Republican
1960,Iowa,IA,Grundy,County,John F. Kennedy,Democratic,2174,30.34,7166,Republican
1960,Iowa,IA,Grundy,County,Farrell Dobbs,No Party Listed,3,0.04,7166,Republican
1960,Iowa,IA,Grundy,County,Eric Hass,Socialist Labor,0,0.0,7166,Republican
1960,Iowa,IA,Guthrie,County,Richard Nixon,Republican,4046,58.22,6949,Republican
1960,Iowa,IA,Guthrie,County,John F. Kennedy,Democratic,2896,41.68,6949,Republican
1960,Iowa,IA,Guthrie,County,Farrell Dobbs,No Party Listed,6,0.09,6949,Republican
1960,Iowa,IA,Guthrie,County,Eric Hass,Socialist Labor,1,0.01,6949,Republican
1960,Iowa,IA,Hamilton,County,Richard Nixon,Republican,5265,57.39,9174,Republican
1960,Iowa,IA,Hamilton,County,John F. Kennedy,Democratic,3905,42.57,9174,Republican
1960,Iowa,IA,Hamilton,County,Farrell Dobbs,No Party Listed,4,0.04,9174,Republican
1960,Iowa,IA,Hamilton,County,Eric Hass,Socialist Labor,0,0.0,9174,Republican
1960,Iowa,IA,Hancock,County,Richard Nixon,Republican,4179,60.24,6937,Republican
1960,Iowa,IA,Hancock,County,John F. Kennedy,Democratic,2757,39.74,6937,Republican
1960,Iowa,IA,Hancock,County,Farrell Dobbs,No Party Listed,1,0.01,6937,Republican
1960,Iowa,IA,Hancock,County,Eric Hass,Socialist Labor,0,0.0,6937,Republican
1960,Iowa,IA,Hardin,County,Richard Nixon,Republican,6438,62.32,10330,Republican
1960,Iowa,IA,Hardin,County,John F. Kennedy,Democratic,3888,37.64,10330,Republican
1960,Iowa,IA,Hardin,County,Farrell Dobbs,No Party Listed,2,0.02,10330,Republican
1960,Iowa,IA,Hardin,County,Eric Hass,Socialist Labor,2,0.02,10330,Republican
1960,Iowa,IA,Harrison,County,Richard Nixon,Republican,4940,57.7,8562,Republican
1960,Iowa,IA,Harrison,County,John F. Kennedy,Democratic,3613,42.2,8562,Republican
1960,Iowa,IA,Harrison,County,Farrell Dobbs,No Party Listed,8,0.09,8562,Republican
1960,Iowa,IA,Harrison,County,Eric Hass,Socialist Labor,1,0.01,8562,Republican
1960,Iowa,IA,Henry,County,Richard Nixon,Republican,5531,66.03,8377,Republican
1960,Iowa,IA,Henry,County,John F. Kennedy,Democratic,2839,33.89,8377,Republican
1960,Iowa,IA,Henry,County,Farrell Dobbs,No Party Listed,7,0.08,8377,Republican
1960,Iowa,IA,Henry,County,Eric Hass,Socialist Labor,0,0.0,8377,Republican
1960,Iowa,IA,Howard,County,Richard Nixon,Republican,3378,49.79,6784,Democratic
1960,Iowa,IA,Howard,County,John F. Kennedy,Democratic,3406,50.21,6784,Democratic
1960,Iowa,IA,Howard,County,Farrell Dobbs,No Party Listed,0,0.0,6784,Democratic
1960,Iowa,IA,Howard,County,Eric Hass,Socialist Labor,0,0.0,6784,Democratic
1960,Iowa,IA,Humboldt,County,Richard Nixon,Republican,3537,56.66,6243,Republican
1960,Iowa,IA,Humboldt,County,John F. Kennedy,Democratic,2706,43.34,6243,Republican
1960,Iowa,IA,Humboldt,County,Farrell Dobbs,No Party Listed,0,0.0,6243,Republican
1960,Iowa,IA,Humboldt,County,Eric Hass,Socialist Labor,0,0.0,6243,Republican
1960,Iowa,IA,Ida,County,Richard Nixon,Republican,3290,62.77,5241,Republican
1960,Iowa,IA,Ida,County,John F. Kennedy,Democratic,1949,37.19,5241,Republican
1960,Iowa,IA,Ida,County,Farrell Dobbs,No Party Listed,2,0.04,5241,Republican
1960,Iowa,IA,Ida,County,Eric Hass,Socialist Labor,0,0.0,5241,Republican
1960,Iowa,IA,Iowa,County,Richard Nixon,Republican,4944,63.47,7790,Republican
1960,Iowa,IA,Iowa,County,John F. Kennedy,Democratic,2828,36.3,7790,Republican
1960,Iowa,IA,Iowa,County,Farrell Dobbs,No Party Listed,12,0.15,7790,Republican
1960,Iowa,IA,Iowa,County,Eric Hass,Socialist Labor,6,0.08,7790,Republican
1960,Iowa,IA,Jackson,County,Richard Nixon,Republican,5084,53.89,9434,Republican
1960,Iowa,IA,Jackson,County,John F. Kennedy,Democratic,4345,46.06,9434,Republican
1960,Iowa,IA,Jackson,County,Farrell Dobbs,No Party Listed,4,0.04,9434,Republican
1960,Iowa,IA,Jackson,County,Eric Hass,Socialist Labor,1,0.01,9434,Republican
1960,Iowa,IA,Jasper,County,Richard Nixon,Republican,9332,56.27,16585,Republican
1960,Iowa,IA,Jasper,County,John F. Kennedy,Democratic,7242,43.67,16585,Republican
1960,Iowa,IA,Jasper,County,Farrell Dobbs,No Party Listed,8,0.05,16585,Republican
1960,Iowa,IA,Jasper,County,Eric Hass,Socialist Labor,3,0.02,16585,Republican
1960,Iowa,IA,Jefferson,County,Richard Nixon,Republican,4942,64.0,7722,Republican
1960,Iowa,IA,Jefferson,County,John F. Kennedy,Democratic,2780,36.0,7722,Republican
1960,Iowa,IA,Jefferson,County,Farrell Dobbs,No Party Listed,0,0.0,7722,Republican
1960,Iowa,IA,Jefferson,County,Eric Hass,Socialist Labor,0,0.0,7722,Republican
1960,Iowa,IA,Johnson,County,Richard Nixon,Republican,10927,50.8,21508,Republican
1960,Iowa,IA,Johnson,County,John F. Kennedy,Democratic,10563,49.11,21508,Republican
1960,Iowa,IA,Johnson,County,Farrell Dobbs,No Party Listed,15,0.07,21508,Republican
1960,Iowa,IA,Johnson,County,Eric Hass,Socialist Labor,3,0.01,21508,Republican
1960,Iowa,IA,Jones,County,Richard Nixon,Republican,5541,58.52,9469,Republican
1960,Iowa,IA,Jones,County,John F. Kennedy,Democratic,3924,41.44,9469,Republican
1960,Iowa,IA,Jones,County,Farrell Dobbs,No Party Listed,3,0.03,9469,Republican
1960,Iowa,IA,Jones,County,Eric Hass,Socialist Labor,1,0.01,9469,Republican
1960,Iowa,IA,Keokuk,County,Richard Nixon,Republican,4697,57.88,8115,Republican
1960,Iowa,IA,Keokuk,County,John F. Kennedy,Democratic,3408,42.0,8115,Republican
1960,Iowa,IA,Keokuk,County,Farrell Dobbs,No Party Listed,10,0.12,8115,Republican
1960,Iowa,IA,Keokuk,County,Eric Hass,Socialist Labor,0,0.0,8115,Republican
1960,Iowa,IA,Kossuth,County,Richard Nixon,Republican,6278,51.95,12084,Republican
1960,Iowa,IA,Kossuth,County,John F. Kennedy,Democratic,5806,48.05,12084,Republican
1960,Iowa,IA,Kossuth,County,Farrell Dobbs,No Party Listed,0,0.0,12084,Republican
1960,Iowa,IA,Kossuth,County,Eric Hass,Socialist Labor,0,0.0,12084,Republican
1960,Iowa,IA,Lee,County,Richard Nixon,Republican,10765,52.0,20701,Republican
1960,Iowa,IA,Lee,County,John F. Kennedy,Democratic,9936,48.0,20701,Republican
1960,Iowa,IA,Lee,County,Farrell Dobbs,No Party Listed,0,0.0,20701,Republican
1960,Iowa,IA,Lee,County,Eric Hass,Socialist Labor,0,0.0,20701,Republican
1960,Iowa,IA,Linn,County,Richard Nixon,Republican,34200,55.3,61839,Republican
1960,Iowa,IA,Linn,County,John F. Kennedy,Democratic,27614,44.65,61839,Republican
1960,Iowa,IA,Linn,County,Farrell Dobbs,No Party Listed,17,0.03,61839,Republican
1960,Iowa,IA,Linn,County,Eric Hass,Socialist Labor,8,0.01,61839,Republican
1960,Iowa,IA,Louisa,County,Richard Nixon,Republican,3036,60.67,5004,Republican
1960,Iowa,IA,Louisa,County,John F. Kennedy,Democratic,1966,39.29,5004,Republican
1960,Iowa,IA,Louisa,County,Farrell Dobbs,No Party Listed,2,0.04,5004,Republican
1960,Iowa,IA,Louisa,County,Eric Hass,Socialist Labor,0,0.0,5004,Republican
1960,Iowa,IA,Lucas,County,Richard Nixon,Republican,3512,59.88,5865,Republican
1960,Iowa,IA,Lucas,County,John F. Kennedy,Democratic,2344,39.97,5865,Republican
1960,Iowa,IA,Lucas,County,Farrell Dobbs,No Party Listed,9,0.15,5865,Republican
1960,Iowa,IA,Lucas,County,Eric Hass,Socialist Labor,0,0.0,5865,Republican
1960,Iowa,IA,Lyon,County,Richard Nixon,Republican,4917,73.65,6676,Republican
1960,Iowa,IA,Lyon,County,John F. Kennedy,Democratic,1752,26.24,6676,Republican
1960,Iowa,IA,Lyon,County,Farrell Dobbs,No Party Listed,4,0.06,6676,Republican
1960,Iowa,IA,Lyon,County,Eric Hass,Socialist Labor,3,0.04,6676,Republican
1960,Iowa,IA,Madison,County,Richard Nixon,Republican,3804,58.26,6529,Republican
1960,Iowa,IA,Madison,County,John F. Kennedy,Democratic,2722,41.69,6529,Republican
1960,Iowa,IA,Madison,County,Farrell Dobbs,No Party Listed,2,0.03,6529,Republican
1960,Iowa,IA,Madison,County,Eric Hass,Socialist Labor,1,0.02,6529,Republican
1960,Iowa,IA,Mahaska,County,Richard Nixon,Republican,7129,65.4,10901,Republican
1960,Iowa,IA,Mahaska,County,John F. Kennedy,Democratic,3746,34.36,10901,Republican
1960,Iowa,IA,Mahaska,County,Farrell Dobbs,No Party Listed,18,0.17,10901,Republican
1960,Iowa,IA,Mahaska,County,Eric Hass,Socialist Labor,8,0.07,10901,Republican
1960,Iowa,IA,Marion,County,Richard Nixon,Republican,7444,61.99,12008,Republican
1960,Iowa,IA,Marion,County,John F. Kennedy,Democratic,4547,37.87,12008,Republican
1960,Iowa,IA,Marion,County,Farrell Dobbs,No Party Listed,15,0.12,12008,Republican
1960,Iowa,IA,Marion,County,Eric Hass,Socialist Labor,2,0.02,12008,Republican
1960,Iowa,IA,Marshall,County,Richard Nixon,Republican,10265,60.23,17042,Republican
1960,Iowa,IA,Marshall,County,John F. Kennedy,Democratic,6761,39.67,17042,Republican
1960,Iowa,IA,Marshall,County,Farrell Dobbs,No Party Listed,13,0.08,17042,Republican
1960,Iowa,IA,Marshall,County,Eric Hass,Socialist Labor,3,0.02,17042,Republican
1960,Iowa,IA,Mills,County,Richard Nixon,Republican,3436,65.37,5256,Republican
1960,Iowa,IA,Mills,County,John F. Kennedy,Democratic,1820,34.63,5256,Republican
1960,Iowa,IA,Mills,County,Farrell Dobbs,No Party Listed,0,0.0,5256,Republican
1960,Iowa,IA,Mills,County,Eric Hass,Socialist Labor,0,0.0,5256,Republican
1960,Iowa,IA,Mitchell,County,Richard Nixon,Republican,3915,57.59,6798,Republican
1960,Iowa,IA,Mitchell,County,John F. Kennedy,Democratic,2873,42.26,6798,Republican
1960,Iowa,IA,Mitchell,County,Farrell Dobbs,No Party Listed,9,0.13,6798,Republican
1960,Iowa,IA,Mitchell,County,Eric Hass,Socialist Labor,1,0.01,6798,Republican
1960,Iowa,IA,Monona,County,Richard Nixon,Republican,3863,54.64,7070,Republican
1960,Iowa,IA,Monona,County,John F. Kennedy,Democratic,3207,45.36,7070,Republican
1960,Iowa,IA,Monona,County,Farrell Dobbs,No Party Listed,0,0.0,7070,Republican
1960,Iowa,IA,Monona,County,Eric Hass,Socialist Labor,0,0.0,7070,Republican
1960,Iowa,IA,Monroe,County,Richard Nixon,Republican,2922,54.2,5391,Republican
1960,Iowa,IA,Monroe,County,John F. Kennedy,Democratic,2459,45.61,5391,Republican
1960,Iowa,IA,Monroe,County,Farrell Dobbs,No Party Listed,8,0.15,5391,Republican
1960,Iowa,IA,Monroe,County,Eric Hass,Socialist Labor,2,0.04,5391,Republican
1960,Iowa,IA,Montgomery,County,Richard Nixon,Republican,4974,65.19,7630,Republican
1960,Iowa,IA,Montgomery,County,John F. Kennedy,Democratic,2655,34.8,7630,Republican
1960,Iowa,IA,Montgomery,County,Farrell Dobbs,No Party Listed,1,0.01,7630,Republican
1960,Iowa,IA,Montgomery,County,Eric Hass,Socialist Labor,0,0.0,7630,Republican
1960,Iowa,IA,Muscatine,County,Richard Nixon,Republican,8555,58.21,14698,Republican
1960,Iowa,IA,Muscatine,County,John F. Kennedy,Democratic,6135,41.74,14698,Republican
1960,Iowa,IA,Muscatine,County,Farrell Dobbs,No Party Listed,3,0.02,14698,Republican
1960,Iowa,IA,Muscatine,County,Eric Hass,Socialist Labor,5,0.03,14698,Republican
1960,Iowa,IA,O'Brien,County,Richard Nixon,Republican,6509,68.66,9480,Republican
1960,Iowa,IA,O'Brien,County,John F. Kennedy,Democratic,2967,31.3,9480,Republican
1960,Iowa,IA,O'Brien,County,Farrell Dobbs,No Party Listed,4,0.04,9480,Republican
1960,Iowa,IA,O'Brien,County,Eric Hass,Socialist Labor,0,0.0,9480,Republican
1960,Iowa,IA,Osceola,County,Richard Nixon,Republican,2965,62.0,4782,Republican
1960,Iowa,IA,Osceola,County,John F. Kennedy,Democratic,1814,37.93,4782,Republican
1960,Iowa,IA,Osceola,County,Farrell Dobbs,No Party Listed,3,0.06,4782,Republican
1960,Iowa,IA,Osceola,County,Eric Hass,Socialist Labor,0,0.0,4782,Republican
1960,Iowa,IA,Page,County,Richard Nixon,Republican,7089,69.69,10172,Republican
1960,Iowa,IA,Page,County,John F. Kennedy,Democratic,3075,30.23,10172,Republican
1960,Iowa,IA,Page,County,Farrell Dobbs,No Party Listed,6,0.06,10172,Republican
1960,Iowa,IA,Page,County,Eric Hass,Socialist Labor,2,0.02,10172,Republican
1960,Iowa,IA,Palo Alto,County,Richard Nixon,Republican,3551,48.99,7249,Democratic
1960,Iowa,IA,Palo Alto,County,John F. Kennedy,Democratic,3695,50.97,7249,Democratic
1960,Iowa,IA,Palo Alto,County,Farrell Dobbs,No Party Listed,1,0.01,7249,Democratic
1960,Iowa,IA,Palo Alto,County,Eric Hass,Socialist Labor,2,0.03,7249,Democratic
1960,Iowa,IA,Plymouth,County,Richard Nixon,Republican,6432,57.93,11103,Republican
1960,Iowa,IA,Plymouth,County,John F. Kennedy,Democratic,4671,42.07,11103,Republican
1960,Iowa,IA,Plymouth,County,Farrell Dobbs,No Party Listed,0,0.0,11103,Republican
1960,Iowa,IA,Plymouth,County,Eric Hass,Socialist Labor,0,0.0,11103,Republican
1960,Iowa,IA,Pocahontas,County,Richard Nixon,Republican,3445,50.23,6859,Republican
1960,Iowa,IA,Pocahontas,County,John F. Kennedy,Democratic,3408,49.69,6859,Republican
1960,Iowa,IA,Pocahontas,County,Farrell Dobbs,No Party Listed,5,0.07,6859,Republican
1960,Iowa,IA,Pocahontas,County,Eric Hass,Socialist Labor,1,0.01,6859,Republican
1960,Iowa,IA,Polk,County,Richard Nixon,Republican,64077,53.74,119234,Republican
1960,Iowa,IA,Polk,County,John F. Kennedy,Democratic,55091,46.2,119234,Republican
1960,Iowa,IA,Polk,County,Farrell Dobbs,No Party Listed,37,0.03,119234,Republican
1960,Iowa,IA,Polk,County,Eric Hass,Socialist Labor,29,0.02,119234,Republican
1960,Iowa,IA,Pottawattamie,County,Richard Nixon,Republican,19223,57.79,33261,Republican
1960,Iowa,IA,Pottawattamie,County,John F. Kennedy,Democratic,14025,42.17,33261,Republican
1960,Iowa,IA,Pottawattamie,County,Farrell Dobbs,No Party Listed,8,0.02,33261,Republican
1960,Iowa,IA,Pottawattamie,County,Eric Hass,Socialist Labor,5,0.02,33261,Republican
1960,Iowa,IA,Poweshiek,County,Richard Nixon,Republican,5232,58.76,8904,Republican
1960,Iowa,IA,Poweshiek,County,John F. Kennedy,Democratic,3671,41.23,8904,Republican
1960,Iowa,IA,Poweshiek,County,Farrell Dobbs,No Party Listed,1,0.01,8904,Republican
1960,Iowa,IA,Poweshiek,County,Eric Hass,Socialist Labor,0,0.0,8904,Republican
1960,Iowa,IA,Ringgold,County,Richard Nixon,Republican,2538,58.74,4321,Republican
1960,Iowa,IA,Ringgold,County,John F. Kennedy,Democratic,1781,41.22,4321,Republican
1960,Iowa,IA,Ringgold,County,Farrell Dobbs,No Party Listed,1,0.02,4321,Republican
1960,Iowa,IA,Ringgold,County,Eric Hass,Socialist Labor,1,0.02,4321,Republican
1960,Iowa,IA,Sac,County,Richard Nixon,Republican,4850,61.36,7904,Republican
1960,Iowa,IA,Sac,County,John F. Kennedy,Democratic,3054,38.64,7904,Republican
1960,Iowa,IA,Sac,County,Farrell Dobbs,No Party Listed,0,0.0,7904,Republican
1960,Iowa,IA,Sac,County,Eric Hass,Socialist Labor,0,0.0,7904,Republican
1960,Iowa,IA,Scott,County,Richard Nixon,Republican,27617,54.5,50671,Republican
1960,Iowa,IA,Scott,County,John F. Kennedy,Democratic,23004,45.4,50671,Republican
1960,Iowa,IA,Scott,County,Farrell Dobbs,No Party Listed,34,0.07,50671,Republican
1960,Iowa,IA,Scott,County,Eric Hass,Socialist Labor,16,0.03,50671,Republican
1960,Iowa,IA,Shelby,County,Richard Nixon,Republican,4210,55.08,7644,Republican
1960,Iowa,IA,Shelby,County,John F. Kennedy,Democratic,3427,44.83,7644,Republican
1960,Iowa,IA,Shelby,County,Farrell Dobbs,No Party Listed,5,0.07,7644,Republican
1960,Iowa,IA,Shelby,County,Eric Hass,Socialist Labor,2,0.03,7644,Republican
1960,Iowa,IA,Sioux,County,Richard Nixon,Republican,10284,79.51,12934,Republican
1960,Iowa,IA,Sioux,County,John F. Kennedy,Democratic,2643,20.43,12934,Republican
1960,Iowa,IA,Sioux,County,Farrell Dobbs,No Party Listed,5,0.04,12934,Republican
1960,Iowa,IA,Sioux,County,Eric Hass,Socialist Labor,2,0.02,12934,Republican
1960,Iowa,IA,Story,County,Richard Nixon,Republican,13708,65.26,21004,Republican
1960,Iowa,IA,Story,County,John F. Kennedy,Democratic,7281,34.66,21004,Republican
1960,Iowa,IA,Story,County,Farrell Dobbs,No Party Listed,10,0.05,21004,Republican
1960,Iowa,IA,Story,County,Eric Hass,Socialist Labor,5,0.02,21004,Republican
1960,Iowa,IA,Tama,County,Richard Nixon,Republican,5535,52.78,10486,Republican
1960,Iowa,IA,Tama,County,John F. Kennedy,Democratic,4950,47.21,10486,Republican
1960,Iowa,IA,Tama,County,Farrell Dobbs,No Party Listed,1,0.01,10486,Republican
1960,Iowa,IA,Tama,County,Eric Hass,Socialist Labor,0,0.0,10486,Republican
1960,Iowa,IA,Taylor,County,Richard Nixon,Republican,3452,61.85,5581,Republican
1960,Iowa,IA,Taylor,County,John F. Kennedy,Democratic,2126,38.09,5581,Republican
1960,Iowa,IA,Taylor,County,Farrell Dobbs,No Party Listed,3,0.05,5581,Republican
1960,Iowa,IA,Taylor,County,Eric Hass,Socialist Labor,0,0.0,5581,Republican
1960,Iowa,IA,Union,County,Richard Nixon,Republican,4417,61.85,7142,Republican
1960,Iowa,IA,Union,County,John F. Kennedy,Democratic,2720,38.08,7142,Republican
1960,Iowa,IA,Union,County,Farrell Dobbs,No Party Listed,3,0.04,7142,Republican
1960,Iowa,IA,Union,County,Eric Hass,Socialist Labor,2,0.03,7142,Republican
1960,Iowa,IA,Van Buren,County,Richard Nixon,Republican,3129,63.94,4894,Republican
1960,Iowa,IA,Van Buren,County,John F. Kennedy,Democratic,1760,35.96,4894,Republican
1960,Iowa,IA,Van Buren,County,Farrell Dobbs,No Party Listed,3,0.06,4894,Republican
1960,Iowa,IA,Van Buren,County,Eric Hass,Socialist Labor,2,0.04,4894,Republican
1960,Iowa,IA,Wapello,County,Richard Nixon,Republican,11036,49.79,22167,Democratic
1960,Iowa,IA,Wapello,County,John F. Kennedy,Democratic,11116,50.15,22167,Democratic
1960,Iowa,IA,Wapello,County,Farrell Dobbs,No Party Listed,8,0.04,22167,Democratic
1960,Iowa,IA,Wapello,County,Eric Hass,Socialist Labor,7,0.03,22167,Democratic
1960,Iowa,IA,Warren,County,Richard Nixon,Republican,6013,59.25,10149,Republican
1960,Iowa,IA,Warren,County,John F. Kennedy,Democratic,4136,40.75,10149,Republican
1960,Iowa,IA,Warren,County,Farrell Dobbs,No Party Listed,0,0.0,10149,Republican
1960,Iowa,IA,Warren,County,Eric Hass,Socialist Labor,0,0.0,10149,Republican
1960,Iowa,IA,Washington,County,Richard Nixon,Republican,5861,64.48,9089,Republican
1960,Iowa,IA,Washington,County,John F. Kennedy,Democratic,3222,35.45,9089,Republican
1960,Iowa,IA,Washington,County,Farrell Dobbs,No Party Listed,5,0.06,9089,Republican
1960,Iowa,IA,Washington,County,Eric Hass,Socialist Labor,1,0.01,9089,Republican
1960,Iowa,IA,Wayne,County,Richard Nixon,Republican,3401,59.51,5715,Republican
1960,Iowa,IA,Wayne,County,John F. Kennedy,Democratic,2307,40.37,5715,Republican
1960,Iowa,IA,Wayne,County,Farrell Dobbs,No Party Listed,5,0.09,5715,Republican
1960,Iowa,IA,Wayne,County,Eric Hass,Socialist Labor,2,0.03,5715,Republican
1960,Iowa,IA,Webster,County,Richard Nixon,Republican,10741,50.11,21435,Republican
1960,Iowa,IA,Webster,County,John F. Kennedy,Democratic,10680,49.83,21435,Republican
1960,Iowa,IA,Webster,County,Farrell Dobbs,No Party Listed,12,0.06,21435,Republican
1960,Iowa,IA,Webster,County,Eric Hass,Socialist Labor,2,0.01,21435,Republican
1960,Iowa,IA,Winnebago,County,Richard Nixon,Republican,4082,62.33,6549,Republican
1960,Iowa,IA,Winnebago,County,John F. Kennedy,Democratic,2463,37.61,6549,Republican
1960,Iowa,IA,Winnebago,County,Farrell Dobbs,No Party Listed,4,0.06,6549,Republican
1960,Iowa,IA,Winnebago,County,Eric Hass,Socialist Labor,0,0.0,6549,Republican
1960,Iowa,IA,Winneshiek,County,Richard Nixon,Republican,5737,54.48,10530,Republican
1960,Iowa,IA,Winneshiek,County,John F. Kennedy,Democratic,4786,45.45,10530,Republican
1960,Iowa,IA,Winneshiek,County,Farrell Dobbs,No Party Listed,5,0.05,10530,Republican
1960,Iowa,IA,Winneshiek,County,Eric Hass,Socialist Labor,2,0.02,10530,Republican
1960,Iowa,IA,Woodbury,County,Richard Nixon,Republican,26832,55.05,48744,Republican
1960,Iowa,IA,Woodbury,County,John F. Kennedy,Democratic,21906,44.94,48744,Republican
1960,Iowa,IA,Woodbury,County,Farrell Dobbs,No Party Listed,4,0.01,48744,Republican
1960,Iowa,IA,Woodbury,County,Eric Hass,Socialist Labor,2,0.0,48744,Republican
1960,Iowa,IA,Worth,County,Richard Nixon,Republican,2740,54.28,5048,Republican
1960,Iowa,IA,Worth,County,John F. Kennedy,Democratic,2303,45.62,5048,Republican
1960,Iowa,IA,Worth,County,Farrell Dobbs,No Party Listed,5,0.1,5048,Republican
1960,Iowa,IA,Worth,County,Eric Hass,Socialist Labor,0,0.0,5048,Republican
1960,Iowa,IA,Wright,County,Richard Nixon,Republican,5386,56.34,9560,Republican
1960,Iowa,IA,Wright,County,John F. Kennedy,Democratic,4159,43.5,9560,Republican
1960,Iowa,IA,Wright,County,Farrell Dobbs,No Party Listed,15,0.16,9560,Republican
1960,Iowa,IA,Wright,County,Eric Hass,Socialist Labor,0,0.0,9560,Republican
1960,Kansas,KS,Allen,County,Richard Nixon,Republican,4947,65.89,7508,Republican
1960,Kansas,KS,Allen,County,John F. Kennedy,Democratic,2540,33.83,7508,Republican
1960,Kansas,KS,Allen,County,Rutherford Decker,Prohibition,21,0.28,7508,Republican
1960,Kansas,KS,Anderson,County,Richard Nixon,Republican,2665,62.35,4274,Republican
1960,Kansas,KS,Anderson,County,John F. Kennedy,Democratic,1589,37.18,4274,Republican
1960,Kansas,KS,Anderson,County,Rutherford Decker,Prohibition,20,0.47,4274,Republican
1960,Kansas,KS,Atchison,County,Richard Nixon,Republican,4793,52.33,9160,Republican
1960,Kansas,KS,Atchison,County,John F. Kennedy,Democratic,4336,47.34,9160,Republican
1960,Kansas,KS,Atchison,County,Rutherford Decker,Prohibition,31,0.34,9160,Republican
1960,Kansas,KS,Barber,County,Richard Nixon,Republican,2703,66.48,4066,Republican
1960,Kansas,KS,Barber,County,John F. Kennedy,Democratic,1347,33.13,4066,Republican
1960,Kansas,KS,Barber,County,Rutherford Decker,Prohibition,16,0.39,4066,Republican
1960,Kansas,KS,Barton,County,Richard Nixon,Republican,7599,55.61,13665,Republican
1960,Kansas,KS,Barton,County,John F. Kennedy,Democratic,6036,44.17,13665,Republican
1960,Kansas,KS,Barton,County,Rutherford Decker,Prohibition,30,0.22,13665,Republican
1960,Kansas,KS,Bourbon,County,Richard Nixon,Republican,5062,63.03,8031,Republican
1960,Kansas,KS,Bourbon,County,John F. Kennedy,Democratic,2928,36.46,8031,Republican
1960,Kansas,KS,Bourbon,County,Rutherford Decker,Prohibition,41,0.51,8031,Republican
1960,Kansas,KS,Brown,County,Richard Nixon,Republican,4707,72.25,6515,Republican
1960,Kansas,KS,Brown,County,John F. Kennedy,Democratic,1773,27.21,6515,Republican
1960,Kansas,KS,Brown,County,Rutherford Decker,Prohibition,35,0.54,6515,Republican
1960,Kansas,KS,Butler,County,Richard Nixon,Republican,10059,58.37,17232,Republican
1960,Kansas,KS,Butler,County,John F. Kennedy,Democratic,7112,41.27,17232,Republican
1960,Kansas,KS,Butler,County,Rutherford Decker,Prohibition,61,0.35,17232,Republican
1960,Kansas,KS,Chase,County,Richard Nixon,Republican,1276,64.06,1992,Republican
1960,Kansas,KS,Chase,County,John F. Kennedy,Democratic,708,35.54,1992,Republican
1960,Kansas,KS,Chase,County,Rutherford Decker,Prohibition,8,0.4,1992,Republican
1960,Kansas,KS,Chautauqua,County,Richard Nixon,Republican,2160,70.54,3062,Republican
1960,Kansas,KS,Chautauqua,County,John F. Kennedy,Democratic,885,28.9,3062,Republican
1960,Kansas,KS,Chautauqua,County,Rutherford Decker,Prohibition,17,0.56,3062,Republican
1960,Kansas,KS,Cherokee,County,Richard Nixon,Republican,5753,56.45,10192,Republican
1960,Kansas,KS,Cherokee,County,John F. Kennedy,Democratic,4366,42.84,10192,Republican
1960,Kansas,KS,Cherokee,County,Rutherford Decker,Prohibition,73,0.72,10192,Republican
1960,Kansas,KS,Cheyenne,County,Richard Nixon,Republican,1622,71.42,2271,Republican
1960,Kansas,KS,Cheyenne,County,John F. Kennedy,Democratic,636,28.01,2271,Republican
1960,Kansas,KS,Cheyenne,County,Rutherford Decker,Prohibition,13,0.57,2271,Republican
1960,Kansas,KS,Clark,County,Richard Nixon,Republican,1286,70.27,1830,Republican
1960,Kansas,KS,Clark,County,John F. Kennedy,Democratic,538,29.4,1830,Republican
1960,Kansas,KS,Clark,County,Rutherford Decker,Prohibition,6,0.33,1830,Republican
1960,Kansas,KS,Clay,County,Richard Nixon,Republican,3937,75.33,5226,Republican
1960,Kansas,KS,Clay,County,John F. Kennedy,Democratic,1246,23.84,5226,Republican
1960,Kansas,KS,Clay,County,Rutherford Decker,Prohibition,43,0.82,5226,Republican
1960,Kansas,KS,Cloud,County,Richard Nixon,Republican,4045,60.58,6677,Republican
1960,Kansas,KS,Cloud,County,John F. Kennedy,Democratic,2607,39.04,6677,Republican
1960,Kansas,KS,Cloud,County,Rutherford Decker,Prohibition,25,0.37,6677,Republican
1960,Kansas,KS,Coffey,County,Richard Nixon,Republican,2925,69.69,4197,Republican
1960,Kansas,KS,Coffey,County,John F. Kennedy,Democratic,1263,30.09,4197,Republican
1960,Kansas,KS,Coffey,County,Rutherford Decker,Prohibition,9,0.21,4197,Republican
1960,Kansas,KS,Comanche,County,Richard Nixon,Republican,1187,71.85,1652,Republican
1960,Kansas,KS,Comanche,County,John F. Kennedy,Democratic,460,27.85,1652,Republican
1960,Kansas,KS,Comanche,County,Rutherford Decker,Prohibition,5,0.3,1652,Republican
1960,Kansas,KS,Cowley,County,Richard Nixon,Republican,10276,61.98,16580,Republican
1960,Kansas,KS,Cowley,County,John F. Kennedy,Democratic,6205,37.42,16580,Republican
1960,Kansas,KS,Cowley,County,Rutherford Decker,Prohibition,99,0.6,16580,Republican
1960,Kansas,KS,Crawford,County,Richard Nixon,Republican,9383,52.78,17777,Republican
1960,Kansas,KS,Crawford,County,John F. Kennedy,Democratic,8325,46.83,17777,Republican
1960,Kansas,KS,Crawford,County,Rutherford Decker,Prohibition,69,0.39,17777,Republican
1960,Kansas,KS,Decatur,County,Richard Nixon,Republican,1846,63.83,2892,Republican
1960,Kansas,KS,Decatur,County,John F. Kennedy,Democratic,1038,35.89,2892,Republican
1960,Kansas,KS,Decatur,County,Rutherford Decker,Prohibition,8,0.28,2892,Republican
1960,Kansas,KS,Dickinson,County,Richard Nixon,Republican,6956,69.18,10055,Republican
1960,Kansas,KS,Dickinson,County,John F. Kennedy,Democratic,3054,30.37,10055,Republican
1960,Kansas,KS,Dickinson,County,Rutherford Decker,Prohibition,45,0.45,10055,Republican
1960,Kansas,KS,Doniphan,County,Richard Nixon,Republican,2882,67.38,4277,Republican
1960,Kansas,KS,Doniphan,County,John F. Kennedy,Democratic,1383,32.34,4277,Republican
1960,Kansas,KS,Doniphan,County,Rutherford Decker,Prohibition,12,0.28,4277,Republican
1960,Kansas,KS,Douglas,County,Richard Nixon,Republican,11337,66.43,17065,Republican
1960,Kansas,KS,Douglas,County,John F. Kennedy,Democratic,5690,33.34,17065,Republican
1960,Kansas,KS,Douglas,County,Rutherford Decker,Prohibition,38,0.22,17065,Republican
1960,Kansas,KS,Edwards,County,Richard Nixon,Republican,1588,61.46,2584,Republican
1960,Kansas,KS,Edwards,County,John F. Kennedy,Democratic,986,38.16,2584,Republican
1960,Kansas,KS,Edwards,County,Rutherford Decker,Prohibition,10,0.39,2584,Republican
1960,Kansas,KS,Elk,County,Richard Nixon,Republican,1830,68.46,2673,Republican
1960,Kansas,KS,Elk,County,John F. Kennedy,Democratic,823,30.79,2673,Republican
1960,Kansas,KS,Elk,County,Rutherford Decker,Prohibition,20,0.75,2673,Republican
1960,Kansas,KS,Ellis,County,Richard Nixon,Republican,3156,35.16,8977,Democratic
1960,Kansas,KS,Ellis,County,John F. Kennedy,Democratic,5815,64.78,8977,Democratic
1960,Kansas,KS,Ellis,County,Rutherford Decker,Prohibition,6,0.07,8977,Democratic
1960,Kansas,KS,Ellsworth,County,Richard Nixon,Republican,2189,59.37,3687,Republican
1960,Kansas,KS,Ellsworth,County,John F. Kennedy,Democratic,1488,40.36,3687,Republican
1960,Kansas,KS,Ellsworth,County,Rutherford Decker,Prohibition,10,0.27,3687,Republican
1960,Kansas,KS,Finney,County,Richard Nixon,Republican,3720,59.62,6240,Republican
1960,Kansas,KS,Finney,County,John F. Kennedy,Democratic,2490,39.9,6240,Republican
1960,Kansas,KS,Finney,County,Rutherford Decker,Prohibition,30,0.48,6240,Republican
1960,Kansas,KS,Ford,County,Richard Nixon,Republican,5200,57.67,9017,Republican
1960,Kansas,KS,Ford,County,John F. Kennedy,Democratic,3792,42.05,9017,Republican
1960,Kansas,KS,Ford,County,Rutherford Decker,Prohibition,25,0.28,9017,Republican
1960,Kansas,KS,Franklin,County,Richard Nixon,Republican,6158,68.2,9029,Republican
1960,Kansas,KS,Franklin,County,John F. Kennedy,Democratic,2824,31.28,9029,Republican
1960,Kansas,KS,Franklin,County,Rutherford Decker,Prohibition,47,0.52,9029,Republican
1960,Kansas,KS,Geary,County,Richard Nixon,Republican,3789,61.28,6183,Republican
1960,Kansas,KS,Geary,County,John F. Kennedy,Democratic,2365,38.25,6183,Republican
1960,Kansas,KS,Geary,County,Rutherford Decker,Prohibition,29,0.47,6183,Republican
1960,Kansas,KS,Gove,County,Richard Nixon,Republican,1065,55.85,1907,Republican
1960,Kansas,KS,Gove,County,John F. Kennedy,Democratic,828,43.42,1907,Republican
1960,Kansas,KS,Gove,County,Rutherford Decker,Prohibition,14,0.73,1907,Republican
1960,Kansas,KS,Graham,County,Richard Nixon,Republican,1572,62.96,2497,Republican
1960,Kansas,KS,Graham,County,John F. Kennedy,Democratic,918,36.76,2497,Republican
1960,Kansas,KS,Graham,County,Rutherford Decker,Prohibition,7,0.28,2497,Republican
1960,Kansas,KS,Grant,County,Richard Nixon,Republican,1235,63.59,1942,Republican
1960,Kansas,KS,Grant,County,John F. Kennedy,Democratic,702,36.15,1942,Republican
1960,Kansas,KS,Grant,County,Rutherford Decker,Prohibition,5,0.26,1942,Republican
1960,Kansas,KS,Gray,County,Richard Nixon,Republican,1150,60.56,1899,Republican
1960,Kansas,KS,Gray,County,John F. Kennedy,Democratic,744,39.18,1899,Republican
1960,Kansas,KS,Gray,County,Rutherford Decker,Prohibition,5,0.26,1899,Republican
1960,Kansas,KS,Greeley,County,Richard Nixon,Republican,645,70.57,914,Republican
1960,Kansas,KS,Greeley,County,John F. Kennedy,Democratic,262,28.67,914,Republican
1960,Kansas,KS,Greeley,County,Rutherford Decker,Prohibition,7,0.77,914,Republican
1960,Kansas,KS,Greenwood,County,Richard Nixon,Republican,3758,67.46,5571,Republican
1960,Kansas,KS,Greenwood,County,John F. Kennedy,Democratic,1804,32.38,5571,Republican
1960,Kansas,KS,Greenwood,County,Rutherford Decker,Prohibition,9,0.16,5571,Republican
1960,Kansas,KS,Hamilton,County,Richard Nixon,Republican,885,59.76,1481,Republican
1960,Kansas,KS,Hamilton,County,John F. Kennedy,Democratic,591,39.91,1481,Republican
1960,Kansas,KS,Hamilton,County,Rutherford Decker,Prohibition,5,0.34,1481,Republican
1960,Kansas,KS,Harper,County,Richard Nixon,Republican,3158,68.33,4622,Republican
1960,Kansas,KS,Harper,County,John F. Kennedy,Democratic,1439,31.13,4622,Republican
1960,Kansas,KS,Harper,County,Rutherford Decker,Prohibition,25,0.54,4622,Republican
1960,Kansas,KS,Harvey,County,Richard Nixon,Republican,7798,68.38,11404,Republican
1960,Kansas,KS,Harvey,County,John F. Kennedy,Democratic,3537,31.02,11404,Republican
1960,Kansas,KS,Harvey,County,Rutherford Decker,Prohibition,69,0.61,11404,Republican
1960,Kansas,KS,Haskell,County,Richard Nixon,Republican,853,64.23,1328,Republican
1960,Kansas,KS,Haskell,County,John F. Kennedy,Democratic,471,35.47,1328,Republican
1960,Kansas,KS,Haskell,County,Rutherford Decker,Prohibition,4,0.3,1328,Republican
1960,Kansas,KS,Hodgeman,County,Richard Nixon,Republican,926,61.45,1507,Republican
1960,Kansas,KS,Hodgeman,County,John F. Kennedy,Democratic,570,37.82,1507,Republican
1960,Kansas,KS,Hodgeman,County,Rutherford Decker,Prohibition,11,0.73,1507,Republican
1960,Kansas,KS,Jackson,County,Richard Nixon,Republican,3279,67.46,4861,Republican
1960,Kansas,KS,Jackson,County,John F. Kennedy,Democratic,1567,32.24,4861,Republican
1960,Kansas,KS,Jackson,County,Rutherford Decker,Prohibition,15,0.31,4861,Republican
1960,Kansas,KS,Jefferson,County,Richard Nixon,Republican,3353,65.73,5101,Republican
1960,Kansas,KS,Jefferson,County,John F. Kennedy,Democratic,1739,34.09,5101,Republican
1960,Kansas,KS,Jefferson,County,Rutherford Decker,Prohibition,9,0.18,5101,Republican
1960,Kansas,KS,Jewell,County,Richard Nixon,Republican,2914,72.25,4033,Republican
1960,Kansas,KS,Jewell,County,John F. Kennedy,Democratic,1095,27.15,4033,Republican
1960,Kansas,KS,Jewell,County,Rutherford Decker,Prohibition,24,0.6,4033,Republican
1960,Kansas,KS,Johnson,County,Richard Nixon,Republican,43026,66.16,65033,Republican
1960,Kansas,KS,Johnson,County,John F. Kennedy,Democratic,21914,33.7,65033,Republican
1960,Kansas,KS,Johnson,County,Rutherford Decker,Prohibition,93,0.14,65033,Republican
1960,Kansas,KS,Kearny,County,Richard Nixon,Republican,846,62.11,1362,Republican
1960,Kansas,KS,Kearny,County,John F. Kennedy,Democratic,513,37.67,1362,Republican
1960,Kansas,KS,Kearny,County,Rutherford Decker,Prohibition,3,0.22,1362,Republican
1960,Kansas,KS,Kingman,County,Richard Nixon,Republican,2904,62.29,4662,Republican
1960,Kansas,KS,Kingman,County,John F. Kennedy,Democratic,1735,37.22,4662,Republican
1960,Kansas,KS,Kingman,County,Rutherford Decker,Prohibition,23,0.49,4662,Republican
1960,Kansas,KS,Kiowa,County,Richard Nixon,Republican,1662,74.56,2229,Republican
1960,Kansas,KS,Kiowa,County,John F. Kennedy,Democratic,555,24.9,2229,Republican
1960,Kansas,KS,Kiowa,County,Rutherford Decker,Prohibition,12,0.54,2229,Republican
1960,Kansas,KS,Labette,County,Richard Nixon,Republican,7491,58.49,12807,Republican
1960,Kansas,KS,Labette,County,John F. Kennedy,Democratic,5248,40.98,12807,Republican
1960,Kansas,KS,Labette,County,Rutherford Decker,Prohibition,68,0.53,12807,Republican
1960,Kansas,KS,Lane,County,Richard Nixon,Republican,902,65.41,1379,Republican
1960,Kansas,KS,Lane,County,John F. Kennedy,Democratic,462,33.5,1379,Republican
1960,Kansas,KS,Lane,County,Rutherford Decker,Prohibition,15,1.09,1379,Republican
1960,Kansas,KS,Leavenworth,County,Richard Nixon,Republican,7870,53.06,14832,Republican
1960,Kansas,KS,Leavenworth,County,John F. Kennedy,Democratic,6926,46.7,14832,Republican
1960,Kansas,KS,Leavenworth,County,Rutherford Decker,Prohibition,36,0.24,14832,Republican
1960,Kansas,KS,Lincoln,County,Richard Nixon,Republican,2052,71.15,2884,Republican
1960,Kansas,KS,Lincoln,County,John F. Kennedy,Democratic,822,28.5,2884,Republican
1960,Kansas,KS,Lincoln,County,Rutherford Decker,Prohibition,10,0.35,2884,Republican
1960,Kansas,KS,Linn,County,Richard Nixon,Republican,2824,70.18,4024,Republican
1960,Kansas,KS,Linn,County,John F. Kennedy,Democratic,1176,29.22,4024,Republican
1960,Kansas,KS,Linn,County,Rutherford Decker,Prohibition,24,0.6,4024,Republican
1960,Kansas,KS,Logan,County,Richard Nixon,Republican,1243,65.22,1906,Republican
1960,Kansas,KS,Logan,County,John F. Kennedy,Democratic,651,34.16,1906,Republican
1960,Kansas,KS,Logan,County,Rutherford Decker,Prohibition,12,0.63,1906,Republican
1960,Kansas,KS,Lyon,County,Richard Nixon,Republican,7470,60.9,12266,Republican
1960,Kansas,KS,Lyon,County,John F. Kennedy,Democratic,4755,38.77,12266,Republican
1960,Kansas,KS,Lyon,County,Rutherford Decker,Prohibition,41,0.33,12266,Republican
1960,Kansas,KS,McPherson,County,Richard Nixon,Republican,7920,73.61,10759,Republican
1960,Kansas,KS,McPherson,County,John F. Kennedy,Democratic,2774,25.78,10759,Republican
1960,Kansas,KS,McPherson,County,Rutherford Decker,Prohibition,65,0.6,10759,Republican
1960,Kansas,KS,Marion,County,Richard Nixon,Republican,5250,73.2,7172,Republican
1960,Kansas,KS,Marion,County,John F. Kennedy,Democratic,1904,26.55,7172,Republican
1960,Kansas,KS,Marion,County,Rutherford Decker,Prohibition,18,0.25,7172,Republican
1960,Kansas,KS,Marshall,County,Richard Nixon,Republican,4932,62.5,7891,Republican
1960,Kansas,KS,Marshall,County,John F. Kennedy,Democratic,2931,37.14,7891,Republican
1960,Kansas,KS,Marshall,County,Rutherford Decker,Prohibition,28,0.35,7891,Republican
1960,Kansas,KS,Meade,County,Richard Nixon,Republican,1826,70.47,2591,Republican
1960,Kansas,KS,Meade,County,John F. Kennedy,Democratic,754,29.1,2591,Republican
1960,Kansas,KS,Meade,County,Rutherford Decker,Prohibition,11,0.42,2591,Republican
1960,Kansas,KS,Miami,County,Richard Nixon,Republican,4857,57.85,8396,Republican
1960,Kansas,KS,Miami,County,John F. Kennedy,Democratic,3505,41.75,8396,Republican
1960,Kansas,KS,Miami,County,Rutherford Decker,Prohibition,34,0.4,8396,Republican
1960,Kansas,KS,Mitchell,County,Richard Nixon,Republican,2779,61.8,4497,Republican
1960,Kansas,KS,Mitchell,County,John F. Kennedy,Democratic,1692,37.63,4497,Republican
1960,Kansas,KS,Mitchell,County,Rutherford Decker,Prohibition,26,0.58,4497,Republican
1960,Kansas,KS,Montgomery,County,Richard Nixon,Republican,12536,60.74,20638,Republican
1960,Kansas,KS,Montgomery,County,John F. Kennedy,Democratic,7938,38.46,20638,Republican
1960,Kansas,KS,Montgomery,County,Rutherford Decker,Prohibition,164,0.79,20638,Republican
1960,Kansas,KS,Morris,County,Richard Nixon,Republican,2413,67.4,3580,Republican
1960,Kansas,KS,Morris,County,John F. Kennedy,Democratic,1148,32.07,3580,Republican
1960,Kansas,KS,Morris,County,Rutherford Decker,Prohibition,19,0.53,3580,Republican
1960,Kansas,KS,Morton,County,Richard Nixon,Republican,918,60.67,1513,Republican
1960,Kansas,KS,Morton,County,John F. Kennedy,Democratic,586,38.73,1513,Republican
1960,Kansas,KS,Morton,County,Rutherford Decker,Prohibition,9,0.59,1513,Republican
1960,Kansas,KS,Nemaha,County,Richard Nixon,Republican,3360,53.61,6267,Republican
1960,Kansas,KS,Nemaha,County,John F. Kennedy,Democratic,2884,46.02,6267,Republican
1960,Kansas,KS,Nemaha,County,Rutherford Decker,Prohibition,23,0.37,6267,Republican
1960,Kansas,KS,Neosho,County,Richard Nixon,Republican,5877,62.71,9371,Republican
1960,Kansas,KS,Neosho,County,John F. Kennedy,Democratic,3451,36.83,9371,Republican
1960,Kansas,KS,Neosho,County,Rutherford Decker,Prohibition,43,0.46,9371,Republican
1960,Kansas,KS,Ness,County,Richard Nixon,Republican,1683,63.39,2655,Republican
1960,Kansas,KS,Ness,County,John F. Kennedy,Democratic,960,36.16,2655,Republican
1960,Kansas,KS,Ness,County,Rutherford Decker,Prohibition,12,0.45,2655,Republican
1960,Kansas,KS,Norton,County,Richard Nixon,Republican,2781,68.01,4089,Republican
1960,Kansas,KS,Norton,County,John F. Kennedy,Democratic,1300,31.79,4089,Republican
1960,Kansas,KS,Norton,County,Rutherford Decker,Prohibition,8,0.2,4089,Republican
1960,Kansas,KS,Osage,County,Richard Nixon,Republican,3880,64.02,6061,Republican
1960,Kansas,KS,Osage,County,John F. Kennedy,Democratic,2150,35.47,6061,Republican
1960,Kansas,KS,Osage,County,Rutherford Decker,Prohibition,31,0.51,6061,Republican
1960,Kansas,KS,Osborne,County,Richard Nixon,Republican,2731,69.97,3903,Republican
1960,Kansas,KS,Osborne,County,John F. Kennedy,Democratic,1152,29.52,3903,Republican
1960,Kansas,KS,Osborne,County,Rutherford Decker,Prohibition,20,0.51,3903,Republican
1960,Kansas,KS,Ottawa,County,Richard Nixon,Republican,2190,66.81,3278,Republican
1960,Kansas,KS,Ottawa,County,John F. Kennedy,Democratic,1072,32.7,3278,Republican
1960,Kansas,KS,Ottawa,County,Rutherford Decker,Prohibition,16,0.49,3278,Republican
1960,Kansas,KS,Pawnee,County,Richard Nixon,Republican,2618,58.32,4489,Republican
1960,Kansas,KS,Pawnee,County,John F. Kennedy,Democratic,1853,41.28,4489,Republican
1960,Kansas,KS,Pawnee,County,Rutherford Decker,Prohibition,18,0.4,4489,Republican
1960,Kansas,KS,Phillips,County,Richard Nixon,Republican,3123,75.34,4145,Republican
1960,Kansas,KS,Phillips,County,John F. Kennedy,Democratic,1004,24.22,4145,Republican
1960,Kansas,KS,Phillips,County,Rutherford Decker,Prohibition,18,0.43,4145,Republican
1960,Kansas,KS,Pottawatomie,County,Richard Nixon,Republican,3666,63.16,5804,Republican
1960,Kansas,KS,Pottawatomie,County,John F. Kennedy,Democratic,2125,36.61,5804,Republican
1960,Kansas,KS,Pottawatomie,County,Rutherford Decker,Prohibition,13,0.22,5804,Republican
1960,Kansas,KS,Pratt,County,Richard Nixon,Republican,3501,63.59,5506,Republican
1960,Kansas,KS,Pratt,County,John F. Kennedy,Democratic,1968,35.74,5506,Republican
1960,Kansas,KS,Pratt,County,Rutherford Decker,Prohibition,37,0.67,5506,Republican
1960,Kansas,KS,Rawlins,County,Richard Nixon,Republican,1560,61.73,2527,Republican
1960,Kansas,KS,Rawlins,County,John F. Kennedy,Democratic,951,37.63,2527,Republican
1960,Kansas,KS,Rawlins,County,Rutherford Decker,Prohibition,16,0.63,2527,Republican
1960,Kansas,KS,Reno,County,Richard Nixon,Republican,14655,60.21,24339,Republican
1960,Kansas,KS,Reno,County,John F. Kennedy,Democratic,9557,39.27,24339,Republican
1960,Kansas,KS,Reno,County,Rutherford Decker,Prohibition,127,0.52,24339,Republican
1960,Kansas,KS,Republic,County,Richard Nixon,Republican,3358,65.62,5117,Republican
1960,Kansas,KS,Republic,County,John F. Kennedy,Democratic,1724,33.69,5117,Republican
1960,Kansas,KS,Republic,County,Rutherford Decker,Prohibition,35,0.68,5117,Republican
1960,Kansas,KS,Rice,County,Richard Nixon,Republican,4329,64.81,6680,Republican
1960,Kansas,KS,Rice,County,John F. Kennedy,Democratic,2328,34.85,6680,Republican
1960,Kansas,KS,Rice,County,Rutherford Decker,Prohibition,23,0.34,6680,Republican
1960,Kansas,KS,Riley,County,Richard Nixon,Republican,9068,71.97,12600,Republican
1960,Kansas,KS,Riley,County,John F. Kennedy,Democratic,3482,27.63,12600,Republican
1960,Kansas,KS,Riley,County,Rutherford Decker,Prohibition,50,0.4,12600,Republican
1960,Kansas,KS,Rooks,County,Richard Nixon,Republican,2840,63.25,4490,Republican
1960,Kansas,KS,Rooks,County,John F. Kennedy,Democratic,1639,36.5,4490,Republican
1960,Kansas,KS,Rooks,County,Rutherford Decker,Prohibition,11,0.24,4490,Republican
1960,Kansas,KS,Rush,County,Richard Nixon,Republican,1668,53.86,3097,Republican
1960,Kansas,KS,Rush,County,John F. Kennedy,Democratic,1418,45.79,3097,Republican
1960,Kansas,KS,Rush,County,Rutherford Decker,Prohibition,11,0.36,3097,Republican
1960,Kansas,KS,Russell,County,Richard Nixon,Republican,3607,65.57,5501,Republican
1960,Kansas,KS,Russell,County,John F. Kennedy,Democratic,1870,33.99,5501,Republican
1960,Kansas,KS,Russell,County,Rutherford Decker,Prohibition,24,0.44,5501,Republican
1960,Kansas,KS,Saline,County,Richard Nixon,Republican,11023,62.74,17568,Republican
1960,Kansas,KS,Saline,County,John F. Kennedy,Democratic,6495,36.97,17568,Republican
1960,Kansas,KS,Saline,County,Rutherford Decker,Prohibition,50,0.28,17568,Republican
1960,Kansas,KS,Scott,County,Richard Nixon,Republican,1514,71.28,2124,Republican
1960,Kansas,KS,Scott,County,John F. Kennedy,Democratic,598,28.15,2124,Republican
1960,Kansas,KS,Scott,County,Rutherford Decker,Prohibition,12,0.56,2124,Republican
1960,Kansas,KS,Sedgwick,County,Richard Nixon,Republican,73501,55.23,133084,Republican
1960,Kansas,KS,Sedgwick,County,John F. Kennedy,Democratic,58887,44.25,133084,Republican
1960,Kansas,KS,Sedgwick,County,Rutherford Decker,Prohibition,696,0.52,133084,Republican
1960,Kansas,KS,Seward,County,Richard Nixon,Republican,3974,70.44,5642,Republican
1960,Kansas,KS,Seward,County,John F. Kennedy,Democratic,1654,29.32,5642,Republican
1960,Kansas,KS,Seward,County,Rutherford Decker,Prohibition,14,0.25,5642,Republican
1960,Kansas,KS,Shawnee,County,Richard Nixon,Republican,33803,60.63,55749,Republican
1960,Kansas,KS,Shawnee,County,John F. Kennedy,Democratic,21799,39.1,55749,Republican
1960,Kansas,KS,Shawnee,County,Rutherford Decker,Prohibition,147,0.26,55749,Republican
1960,Kansas,KS,Sheridan,County,Richard Nixon,Republican,1047,51.93,2016,Republican
1960,Kansas,KS,Sheridan,County,John F. Kennedy,Democratic,954,47.32,2016,Republican
1960,Kansas,KS,Sheridan,County,Rutherford Decker,Prohibition,15,0.74,2016,Republican
1960,Kansas,KS,Sherman,County,Richard Nixon,Republican,2030,65.08,3119,Republican
1960,Kansas,KS,Sherman,County,John F. Kennedy,Democratic,1074,34.43,3119,Republican
1960,Kansas,KS,Sherman,County,Rutherford Decker,Prohibition,15,0.48,3119,Republican
1960,Kansas,KS,Smith,County,Richard Nixon,Republican,3013,71.88,4192,Republican
1960,Kansas,KS,Smith,County,John F. Kennedy,Democratic,1157,27.6,4192,Republican
1960,Kansas,KS,Smith,County,Rutherford Decker,Prohibition,22,0.52,4192,Republican
1960,Kansas,KS,Stafford,County,Richard Nixon,Republican,2531,65.54,3862,Republican
1960,Kansas,KS,Stafford,County,John F. Kennedy,Democratic,1305,33.79,3862,Republican
1960,Kansas,KS,Stafford,County,Rutherford Decker,Prohibition,26,0.67,3862,Republican
1960,Kansas,KS,Stanton,County,Richard Nixon,Republican,627,65.72,954,Republican
1960,Kansas,KS,Stanton,County,John F. Kennedy,Democratic,323,33.86,954,Republican
1960,Kansas,KS,Stanton,County,Rutherford Decker,Prohibition,4,0.42,954,Republican
1960,Kansas,KS,Stevens,County,Richard Nixon,Republican,1405,68.74,2044,Republican
1960,Kansas,KS,Stevens,County,John F. Kennedy,Democratic,630,30.82,2044,Republican
1960,Kansas,KS,Stevens,County,Rutherford Decker,Prohibition,9,0.44,2044,Republican
1960,Kansas,KS,Sumner,County,Richard Nixon,Republican,7219,61.51,11736,Republican
1960,Kansas,KS,Sumner,County,John F. Kennedy,Democratic,4462,38.02,11736,Republican
1960,Kansas,KS,Sumner,County,Rutherford Decker,Prohibition,55,0.47,11736,Republican
1960,Kansas,KS,Thomas,County,Richard Nixon,Republican,2081,61.5,3384,Republican
1960,Kansas,KS,Thomas,County,John F. Kennedy,Democratic,1285,37.97,3384,Republican
1960,Kansas,KS,Thomas,County,Rutherford Decker,Prohibition,18,0.53,3384,Republican
1960,Kansas,KS,Trego,County,Richard Nixon,Republican,1426,61.76,2309,Republican
1960,Kansas,KS,Trego,County,John F. Kennedy,Democratic,875,37.9,2309,Republican
1960,Kansas,KS,Trego,County,Rutherford Decker,Prohibition,8,0.35,2309,Republican
1960,Kansas,KS,Wabaunsee,County,Richard Nixon,Republican,2351,70.58,3331,Republican
1960,Kansas,KS,Wabaunsee,County,John F. Kennedy,Democratic,969,29.09,3331,Republican
1960,Kansas,KS,Wabaunsee,County,Rutherford Decker,Prohibition,11,0.33,3331,Republican
1960,Kansas,KS,Wallace,County,Richard Nixon,Republican,727,68.2,1066,Republican
1960,Kansas,KS,Wallace,County,John F. Kennedy,Democratic,339,31.8,1066,Republican
1960,Kansas,KS,Wallace,County,Rutherford Decker,Prohibition,0,0.0,1066,Republican
1960,Kansas,KS,Washington,County,Richard Nixon,Republican,3707,68.09,5444,Republican
1960,Kansas,KS,Washington,County,John F. Kennedy,Democratic,1706,31.34,5444,Republican
1960,Kansas,KS,Washington,County,Rutherford Decker,Prohibition,31,0.57,5444,Republican
1960,Kansas,KS,Wichita,County,Richard Nixon,Republican,702,55.63,1262,Republican
1960,Kansas,KS,Wichita,County,John F. Kennedy,Democratic,554,43.9,1262,Republican
1960,Kansas,KS,Wichita,County,Rutherford Decker,Prohibition,6,0.48,1262,Republican
1960,Kansas,KS,Wilson,County,Richard Nixon,Republican,4333,67.77,6394,Republican
1960,Kansas,KS,Wilson,County,John F. Kennedy,Democratic,2034,31.81,6394,Republican
1960,Kansas,KS,Wilson,County,Rutherford Decker,Prohibition,27,0.42,6394,Republican
1960,Kansas,KS,Woodson,County,Richard Nixon,Republican,1853,67.36,2751,Republican
1960,Kansas,KS,Woodson,County,John F. Kennedy,Democratic,888,32.28,2751,Republican
1960,Kansas,KS,Woodson,County,Rutherford Decker,Prohibition,10,0.36,2751,Republican
1960,Kansas,KS,Wyandotte,County,Richard Nixon,Republican,34764,45.27,76801,Democratic
1960,Kansas,KS,Wyandotte,County,John F. Kennedy,Democratic,41433,53.95,76801,Democratic
1960,Kansas,KS,Wyandotte,County,Rutherford Decker,Prohibition,604,0.79,76801,Democratic
1960,Kentucky,KY,Adair,County,Richard Nixon,Republican,4621,67.07,6890,Republican
1960,Kentucky,KY,Adair,County,John F. Kennedy,Democratic,2269,32.93,6890,Republican
1960,Kentucky,KY,Allen,County,Richard Nixon,Republican,3410,67.22,5073,Republican
1960,Kentucky,KY,Allen,County,John F. Kennedy,Democratic,1663,32.78,5073,Republican
1960,Kentucky,KY,Anderson,County,Richard Nixon,Republican,2033,49.94,4071,Democratic
1960,Kentucky,KY,Anderson,County,John F. Kennedy,Democratic,2038,50.06,4071,Democratic
1960,Kentucky,KY,Ballard,County,Richard Nixon,Republican,1121,28.99,3867,Democratic
1960,Kentucky,KY,Ballard,County,John F. Kennedy,Democratic,2746,71.01,3867,Democratic
1960,Kentucky,KY,Barren,County,Richard Nixon,Republican,5187,51.19,10133,Republican
1960,Kentucky,KY,Barren,County,John F. Kennedy,Democratic,4946,48.81,10133,Republican
1960,Kentucky,KY,Bath,County,Richard Nixon,Republican,1888,47.75,3954,Democratic
1960,Kentucky,KY,Bath,County,John F. Kennedy,Democratic,2066,52.25,3954,Democratic
1960,Kentucky,KY,Bell,County,Richard Nixon,Republican,6805,56.77,11986,Republican
1960,Kentucky,KY,Bell,County,John F. Kennedy,Democratic,5181,43.23,11986,Republican
1960,Kentucky,KY,Boone,County,Richard Nixon,Republican,4835,61.99,7800,Republican
1960,Kentucky,KY,Boone,County,John F. Kennedy,Democratic,2965,38.01,7800,Republican
1960,Kentucky,KY,Bourbon,County,Richard Nixon,Republican,2379,42.98,5535,Democratic
1960,Kentucky,KY,Bourbon,County,John F. Kennedy,Democratic,3156,57.02,5535,Democratic
1960,Kentucky,KY,Boyd,County,Richard Nixon,Republican,11305,55.42,20399,Republican
1960,Kentucky,KY,Boyd,County,John F. Kennedy,Democratic,9094,44.58,20399,Republican
1960,Kentucky,KY,Boyle,County,Richard Nixon,Republican,3624,52.28,6932,Republican
1960,Kentucky,KY,Boyle,County,John F. Kennedy,Democratic,3308,47.72,6932,Republican
1960,Kentucky,KY,Bracken,County,Richard Nixon,Republican,2002,60.16,3328,Republican
1960,Kentucky,KY,Bracken,County,John F. Kennedy,Democratic,1326,39.84,3328,Republican
1960,Kentucky,KY,Breathitt,County,Richard Nixon,Republican,1996,37.64,5303,Democratic
1960,Kentucky,KY,Breathitt,County,John F. Kennedy,Democratic,3307,62.36,5303,Democratic
1960,Kentucky,KY,Breckinridge,County,Richard Nixon,Republican,3979,55.92,7115,Republican
1960,Kentucky,KY,Breckinridge,County,John F. Kennedy,Democratic,3136,44.08,7115,Republican
1960,Kentucky,KY,Bullitt,County,Richard Nixon,Republican,2683,52.4,5120,Republican
1960,Kentucky,KY,Bullitt,County,John F. Kennedy,Democratic,2437,47.6,5120,Republican
1960,Kentucky,KY,Butler,County,Richard Nixon,Republican,3656,78.66,4648,Republican
1960,Kentucky,KY,Butler,County,John F. Kennedy,Democratic,992,21.34,4648,Republican
1960,Kentucky,KY,Caldwell,County,Richard Nixon,Republican,3442,61.7,5579,Republican
1960,Kentucky,KY,Caldwell,County,John F. Kennedy,Democratic,2137,38.3,5579,Republican
1960,Kentucky,KY,Calloway,County,Richard Nixon,Republican,3356,41.69,8049,Democratic
1960,Kentucky,KY,Calloway,County,John F. Kennedy,Democratic,4693,58.31,8049,Democratic
1960,Kentucky,KY,Campbell,County,Richard Nixon,Republican,17388,54.21,32078,Republican
1960,Kentucky,KY,Campbell,County,John F. Kennedy,Democratic,14690,45.79,32078,Republican
1960,Kentucky,KY,Carlisle,County,Richard Nixon,Republican,978,35.59,2748,Democratic
1960,Kentucky,KY,Carlisle,County,John F. Kennedy,Democratic,1770,64.41,2748,Democratic
1960,Kentucky,KY,Carroll,County,Richard Nixon,Republican,1135,33.78,3360,Democratic
1960,Kentucky,KY,Carroll,County,John F. Kennedy,Democratic,2225,66.22,3360,Democratic
1960,Kentucky,KY,Carter,County,Richard Nixon,Republican,4956,58.76,8435,Republican
1960,Kentucky,KY,Carter,County,John F. Kennedy,Democratic,3479,41.24,8435,Republican
1960,Kentucky,KY,Casey,County,Richard Nixon,Republican,4811,77.3,6224,Republican
1960,Kentucky,KY,Casey,County,John F. Kennedy,Democratic,1413,22.7,6224,Republican
1960,Kentucky,KY,Christian,County,Richard Nixon,Republican,5251,43.31,12125,Democratic
1960,Kentucky,KY,Christian,County,John F. Kennedy,Democratic,6874,56.69,12125,Democratic
1960,Kentucky,KY,Clark,County,Richard Nixon,Republican,3317,52.31,6341,Republican
1960,Kentucky,KY,Clark,County,John F. Kennedy,Democratic,3024,47.69,6341,Republican
1960,Kentucky,KY,Clay,County,Richard Nixon,Republican,4922,78.09,6303,Republican
1960,Kentucky,KY,Clay,County,John F. Kennedy,Democratic,1381,21.91,6303,Republican
1960,Kentucky,KY,Clinton,County,Richard Nixon,Republican,3524,84.11,4190,Republican
1960,Kentucky,KY,Clinton,County,John F. Kennedy,Democratic,666,15.89,4190,Republican
1960,Kentucky,KY,Crittenden,County,Richard Nixon,Republican,2770,67.74,4089,Republican
1960,Kentucky,KY,Crittenden,County,John F. Kennedy,Democratic,1319,32.26,4089,Republican
1960,Kentucky,KY,Cumberland,County,Richard Nixon,Republican,2697,76.25,3537,Republican
1960,Kentucky,KY,Cumberland,County,John F. Kennedy,Democratic,840,23.75,3537,Republican
1960,Kentucky,KY,Daviess,County,Richard Nixon,Republican,13385,57.62,23231,Republican
1960,Kentucky,KY,Daviess,County,John F. Kennedy,Democratic,9846,42.38,23231,Republican
1960,Kentucky,KY,Edmonson,County,Richard Nixon,Republican,2884,72.83,3960,Republican
1960,Kentucky,KY,Edmonson,County,John F. Kennedy,Democratic,1076,27.17,3960,Republican
1960,Kentucky,KY,Elliott,County,Richard Nixon,Republican,789,31.27,2523,Democratic
1960,Kentucky,KY,Elliott,County,John F. Kennedy,Democratic,1734,68.73,2523,Democratic
1960,Kentucky,KY,Estill,County,Richard Nixon,Republican,3238,64.85,4993,Republican
1960,Kentucky,KY,Estill,County,John F. Kennedy,Democratic,1755,35.15,4993,Republican
1960,Kentucky,KY,Fayette,County,Richard Nixon,Republican,25169,60.43,41647,Republican
1960,Kentucky,KY,Fayette,County,John F. Kennedy,Democratic,16478,39.57,41647,Republican
1960,Kentucky,KY,Fleming,County,Richard Nixon,Republican,2777,55.62,4993,Republican
1960,Kentucky,KY,Fleming,County,John F. Kennedy,Democratic,2216,44.38,4993,Republican
1960,Kentucky,KY,Floyd,County,Richard Nixon,Republican,5010,33.66,14886,Democratic
1960,Kentucky,KY,Floyd,County,John F. Kennedy,Democratic,9876,66.34,14886,Democratic
1960,Kentucky,KY,Franklin,County,Richard Nixon,Republican,4742,40.21,11794,Democratic
1960,Kentucky,KY,Franklin,County,John F. Kennedy,Democratic,7052,59.79,11794,Democratic
1960,Kentucky,KY,Fulton,County,Richard Nixon,Republican,1567,36.65,4275,Democratic
1960,Kentucky,KY,Fulton,County,John F. Kennedy,Democratic,2708,63.35,4275,Democratic
1960,Kentucky,KY,Gallatin,County,Richard Nixon,Republican,756,42.38,1784,Democratic
1960,Kentucky,KY,Gallatin,County,John F. Kennedy,Democratic,1028,57.62,1784,Democratic
1960,Kentucky,KY,Garrard,County,Richard Nixon,Republican,2759,60.78,4539,Republican
1960,Kentucky,KY,Garrard,County,John F. Kennedy,Democratic,1780,39.22,4539,Republican
1960,Kentucky,KY,Grant,County,Richard Nixon,Republican,2163,53.25,4062,Republican
1960,Kentucky,KY,Grant,County,John F. Kennedy,Democratic,1899,46.75,4062,Republican
1960,Kentucky,KY,Graves,County,Richard Nixon,Republican,4854,38.7,12543,Democratic
1960,Kentucky,KY,Graves,County,John F. Kennedy,Democratic,7689,61.3,12543,Democratic
1960,Kentucky,KY,Grayson,County,Richard Nixon,Republican,4807,67.12,7162,Republican
1960,Kentucky,KY,Grayson,County,John F. Kennedy,Democratic,2355,32.88,7162,Republican
1960,Kentucky,KY,Green,County,Richard Nixon,Republican,3606,69.53,5186,Republican
1960,Kentucky,KY,Green,County,John F. Kennedy,Democratic,1580,30.47,5186,Republican
1960,Kentucky,KY,Greenup,County,Richard Nixon,Republican,6101,53.77,11346,Republican
1960,Kentucky,KY,Greenup,County,John F. Kennedy,Democratic,5245,46.23,11346,Republican
1960,Kentucky,KY,Hancock,County,Richard Nixon,Republican,1488,59.38,2506,Republican
1960,Kentucky,KY,Hancock,County,John F. Kennedy,Democratic,1018,40.62,2506,Republican
1960,Kentucky,KY,Hardin,County,Richard Nixon,Republican,6191,54.63,11332,Republican
1960,Kentucky,KY,Hardin,County,John F. Kennedy,Democratic,5141,45.37,11332,Republican
1960,Kentucky,KY,Harlan,County,Richard Nixon,Republican,7485,44.83,16696,Democratic
1960,Kentucky,KY,Harlan,County,John F. Kennedy,Democratic,9211,55.17,16696,Democratic
1960,Kentucky,KY,Harrison,County,Richard Nixon,Republican,2306,39.85,5787,Democratic
1960,Kentucky,KY,Harrison,County,John F. Kennedy,Democratic,3481,60.15,5787,Democratic
1960,Kentucky,KY,Hart,County,Richard Nixon,Republican,3610,53.57,6739,Republican
1960,Kentucky,KY,Hart,County,John F. Kennedy,Democratic,3129,46.43,6739,Republican
1960,Kentucky,KY,Henderson,County,Richard Nixon,Republican,5302,48.79,10867,Democratic
1960,Kentucky,KY,Henderson,County,John F. Kennedy,Democratic,5565,51.21,10867,Democratic
1960,Kentucky,KY,Henry,County,Richard Nixon,Republican,1714,36.6,4683,Democratic
1960,Kentucky,KY,Henry,County,John F. Kennedy,Democratic,2969,63.4,4683,Democratic
1960,Kentucky,KY,Hickman,County,Richard Nixon,Republican,968,30.79,3144,Democratic
1960,Kentucky,KY,Hickman,County,John F. Kennedy,Democratic,2176,69.21,3144,Democratic
1960,Kentucky,KY,Hopkins,County,Richard Nixon,Republican,5574,46.41,12010,Democratic
1960,Kentucky,KY,Hopkins,County,John F. Kennedy,Democratic,6436,53.59,12010,Democratic
1960,Kentucky,KY,Jackson,County,Richard Nixon,Republican,3923,90.35,4342,Republican
1960,Kentucky,KY,Jackson,County,John F. Kennedy,Democratic,419,9.65,4342,Republican
1960,Kentucky,KY,Jefferson,County,Richard Nixon,Republican,118575,50.3,235755,Republican
1960,Kentucky,KY,Jefferson,County,John F. Kennedy,Democratic,117180,49.7,235755,Republican
1960,Kentucky,KY,Jessamine,County,Richard Nixon,Republican,2787,57.95,4809,Republican
1960,Kentucky,KY,Jessamine,County,John F. Kennedy,Democratic,2022,42.05,4809,Republican
1960,Kentucky,KY,Johnson,County,Richard Nixon,Republican,5317,66.97,7939,Republican
1960,Kentucky,KY,Johnson,County,John F. Kennedy,Democratic,2622,33.03,7939,Republican
1960,Kentucky,KY,Kenton,County,Richard Nixon,Republican,21857,52.89,41323,Republican
1960,Kentucky,KY,Kenton,County,John F. Kennedy,Democratic,19466,47.11,41323,Republican
1960,Kentucky,KY,Knott,County,Richard Nixon,Republican,1412,26.3,5369,Democratic
1960,Kentucky,KY,Knott,County,John F. Kennedy,Democratic,3957,73.7,5369,Democratic
1960,Kentucky,KY,Knox,County,Richard Nixon,Republican,5814,66.29,8770,Republican
1960,Kentucky,KY,Knox,County,John F. Kennedy,Democratic,2956,33.71,8770,Republican
1960,Kentucky,KY,LaRue,County,Richard Nixon,Republican,2668,60.9,4381,Republican
1960,Kentucky,KY,LaRue,County,John F. Kennedy,Democratic,1713,39.1,4381,Republican
1960,Kentucky,KY,Laurel,County,Richard Nixon,Republican,7485,76.42,9794,Republican
1960,Kentucky,KY,Laurel,County,John F. Kennedy,Democratic,2309,23.58,9794,Republican
1960,Kentucky,KY,Lawrence,County,Richard Nixon,Republican,3030,54.69,5540,Republican
1960,Kentucky,KY,Lawrence,County,John F. Kennedy,Democratic,2510,45.31,5540,Republican
1960,Kentucky,KY,Lee,County,Richard Nixon,Republican,2012,67.74,2970,Republican
1960,Kentucky,KY,Lee,County,John F. Kennedy,Democratic,958,32.26,2970,Republican
1960,Kentucky,KY,Leslie,County,Richard Nixon,Republican,3894,83.05,4689,Republican
1960,Kentucky,KY,Leslie,County,John F. Kennedy,Democratic,795,16.95,4689,Republican
1960,Kentucky,KY,Letcher,County,Richard Nixon,Republican,4408,50.87,8666,Republican
1960,Kentucky,KY,Letcher,County,John F. Kennedy,Democratic,4258,49.13,8666,Republican
1960,Kentucky,KY,Lewis,County,Richard Nixon,Republican,3816,69.41,5498,Republican
1960,Kentucky,KY,Lewis,County,John F. Kennedy,Democratic,1682,30.59,5498,Republican
1960,Kentucky,KY,Lincoln,County,Richard Nixon,Republican,3747,61.15,6128,Republican
1960,Kentucky,KY,Lincoln,County,John F. Kennedy,Democratic,2381,38.85,6128,Republican
1960,Kentucky,KY,Livingston,County,Richard Nixon,Republican,1639,51.92,3157,Republican
1960,Kentucky,KY,Livingston,County,John F. Kennedy,Democratic,1518,48.08,3157,Republican
1960,Kentucky,KY,Logan,County,Richard Nixon,Republican,4117,46.59,8836,Democratic
1960,Kentucky,KY,Logan,County,John F. Kennedy,Democratic,4719,53.41,8836,Democratic
1960,Kentucky,KY,Lyon,County,Richard Nixon,Republican,1024,42.61,2403,Democratic
1960,Kentucky,KY,Lyon,County,John F. Kennedy,Democratic,1379,57.39,2403,Democratic
1960,Kentucky,KY,Madison,County,Richard Nixon,Republican,6692,54.35,12313,Republican
1960,Kentucky,KY,Madison,County,John F. Kennedy,Democratic,5621,45.65,12313,Republican
1960,Kentucky,KY,Magoffin,County,Richard Nixon,Republican,2736,52.54,5207,Republican
1960,Kentucky,KY,Magoffin,County,John F. Kennedy,Democratic,2471,47.46,5207,Republican
1960,Kentucky,KY,Marion,County,Richard Nixon,Republican,2203,33.92,6495,Democratic
1960,Kentucky,KY,Marion,County,John F. Kennedy,Democratic,4292,66.08,6495,Democratic
1960,Kentucky,KY,Marshall,County,Richard Nixon,Republican,3388,49.3,6872,Democratic
1960,Kentucky,KY,Marshall,County,John F. Kennedy,Democratic,3484,50.7,6872,Democratic
1960,Kentucky,KY,Martin,County,Richard Nixon,Republican,2809,71.57,3925,Republican
1960,Kentucky,KY,Martin,County,John F. Kennedy,Democratic,1116,28.43,3925,Republican
1960,Kentucky,KY,Mason,County,Richard Nixon,Republican,4334,57.89,7487,Republican
1960,Kentucky,KY,Mason,County,John F. Kennedy,Democratic,3153,42.11,7487,Republican
1960,Kentucky,KY,McCracken,County,Richard Nixon,Republican,9689,43.59,22228,Democratic
1960,Kentucky,KY,McCracken,County,John F. Kennedy,Democratic,12539,56.41,22228,Democratic
1960,Kentucky,KY,McCreary,County,Richard Nixon,Republican,3671,79.89,4595,Republican
1960,Kentucky,KY,McCreary,County,John F. Kennedy,Democratic,924,20.11,4595,Republican
1960,Kentucky,KY,McLean,County,Richard Nixon,Republican,2269,56.94,3985,Republican
1960,Kentucky,KY,McLean,County,John F. Kennedy,Democratic,1716,43.06,3985,Republican
1960,Kentucky,KY,Meade,County,Richard Nixon,Republican,1826,43.36,4211,Democratic
1960,Kentucky,KY,Meade,County,John F. Kennedy,Democratic,2385,56.64,4211,Democratic
1960,Kentucky,KY,Menifee,County,Richard Nixon,Republican,817,45.24,1806,Democratic
1960,Kentucky,KY,Menifee,County,John F. Kennedy,Democratic,989,54.76,1806,Democratic
1960,Kentucky,KY,Mercer,County,Richard Nixon,Republican,3569,56.81,6282,Republican
1960,Kentucky,KY,Mercer,County,John F. Kennedy,Democratic,2713,43.19,6282,Republican
1960,Kentucky,KY,Metcalfe,County,Richard Nixon,Republican,2146,58.02,3699,Republican
1960,Kentucky,KY,Metcalfe,County,John F. Kennedy,Democratic,1553,41.98,3699,Republican
1960,Kentucky,KY,Monroe,County,Richard Nixon,Republican,4337,81.72,5307,Republican
1960,Kentucky,KY,Monroe,County,John F. Kennedy,Democratic,970,18.28,5307,Republican
1960,Kentucky,KY,Montgomery,County,Richard Nixon,Republican,2451,48.25,5080,Democratic
1960,Kentucky,KY,Montgomery,County,John F. Kennedy,Democratic,2629,51.75,5080,Democratic
1960,Kentucky,KY,Morgan,County,Richard Nixon,Republican,1718,37.12,4628,Democratic
1960,Kentucky,KY,Morgan,County,John F. Kennedy,Democratic,2910,62.88,4628,Democratic
1960,Kentucky,KY,Muhlenberg,County,Richard Nixon,Republican,5968,57.41,10395,Republican
1960,Kentucky,KY,Muhlenberg,County,John F. Kennedy,Democratic,4427,42.59,10395,Republican
1960,Kentucky,KY,Nelson,County,Richard Nixon,Republican,3021,39.06,7734,Democratic
1960,Kentucky,KY,Nelson,County,John F. Kennedy,Democratic,4713,60.94,7734,Democratic
1960,Kentucky,KY,Nicholas,County,Richard Nixon,Republican,1058,42.1,2513,Democratic
1960,Kentucky,KY,Nicholas,County,John F. Kennedy,Democratic,1455,57.9,2513,Democratic
1960,Kentucky,KY,Ohio,County,Richard Nixon,Republican,5230,68.37,7650,Republican
1960,Kentucky,KY,Ohio,County,John F. Kennedy,Democratic,2420,31.63,7650,Republican
1960,Kentucky,KY,Oldham,County,Richard Nixon,Republican,2221,53.12,4181,Republican
1960,Kentucky,KY,Oldham,County,John F. Kennedy,Democratic,1960,46.88,4181,Republican
1960,Kentucky,KY,Owen,County,Richard Nixon,Republican,1212,33.13,3658,Democratic
1960,Kentucky,KY,Owen,County,John F. Kennedy,Democratic,2446,66.87,3658,Democratic
1960,Kentucky,KY,Owsley,County,Richard Nixon,Republican,2169,86.24,2515,Republican
1960,Kentucky,KY,Owsley,County,John F. Kennedy,Democratic,346,13.76,2515,Republican
1960,Kentucky,KY,Pendleton,County,Richard Nixon,Republican,2387,61.46,3884,Republican
1960,Kentucky,KY,Pendleton,County,John F. Kennedy,Democratic,1497,38.54,3884,Republican
1960,Kentucky,KY,Perry,County,Richard Nixon,Republican,5754,53.65,10725,Republican
1960,Kentucky,KY,Perry,County,John F. Kennedy,Democratic,4971,46.35,10725,Republican
1960,Kentucky,KY,Pike,County,Richard Nixon,Republican,9956,43.3,22995,Democratic
1960,Kentucky,KY,Pike,County,John F. Kennedy,Democratic,13039,56.7,22995,Democratic
1960,Kentucky,KY,Powell,County,Richard Nixon,Republican,1508,57.34,2630,Republican
1960,Kentucky,KY,Powell,County,John F. Kennedy,Democratic,1122,42.66,2630,Republican
1960,Kentucky,KY,Pulaski,County,Richard Nixon,Republican,11899,79.35,14996,Republican
1960,Kentucky,KY,Pulaski,County,John F. Kennedy,Democratic,3097,20.65,14996,Republican
1960,Kentucky,KY,Robertson,County,Richard Nixon,Republican,594,47.67,1246,Democratic
1960,Kentucky,KY,Robertson,County,John F. Kennedy,Democratic,652,52.33,1246,Democratic
1960,Kentucky,KY,Rockcastle,County,Richard Nixon,Republican,3982,77.73,5123,Republican
1960,Kentucky,KY,Rockcastle,County,John F. Kennedy,Democratic,1141,22.27,5123,Republican
1960,Kentucky,KY,Rowan,County,Richard Nixon,Republican,2558,51.47,4970,Republican
1960,Kentucky,KY,Rowan,County,John F. Kennedy,Democratic,2412,48.53,4970,Republican
1960,Kentucky,KY,Russell,County,Richard Nixon,Republican,3636,74.72,4866,Republican
1960,Kentucky,KY,Russell,County,John F. Kennedy,Democratic,1230,25.28,4866,Republican
1960,Kentucky,KY,Scott,County,Richard Nixon,Republican,2200,45.85,4798,Democratic
1960,Kentucky,KY,Scott,County,John F. Kennedy,Democratic,2598,54.15,4798,Democratic
1960,Kentucky,KY,Shelby,County,Richard Nixon,Republican,2934,43.43,6756,Democratic
1960,Kentucky,KY,Shelby,County,John F. Kennedy,Democratic,3822,56.57,6756,Democratic
1960,Kentucky,KY,Simpson,County,Richard Nixon,Republican,1927,42.18,4569,Democratic
1960,Kentucky,KY,Simpson,County,John F. Kennedy,Democratic,2642,57.82,4569,Democratic
1960,Kentucky,KY,Spencer,County,Richard Nixon,Republican,1134,51.97,2182,Republican
1960,Kentucky,KY,Spencer,County,John F. Kennedy,Democratic,1048,48.03,2182,Republican
1960,Kentucky,KY,Taylor,County,Richard Nixon,Republican,4669,68.11,6855,Republican
1960,Kentucky,KY,Taylor,County,John F. Kennedy,Democratic,2186,31.89,6855,Republican
1960,Kentucky,KY,Todd,County,Richard Nixon,Republican,1846,39.5,4673,Democratic
1960,Kentucky,KY,Todd,County,John F. Kennedy,Democratic,2827,60.5,4673,Democratic
1960,Kentucky,KY,Trigg,County,Richard Nixon,Republican,1500,38.35,3911,Democratic
1960,Kentucky,KY,Trigg,County,John F. Kennedy,Democratic,2411,61.65,3911,Democratic
1960,Kentucky,KY,Trimble,County,Richard Nixon,Republican,743,31.89,2330,Democratic
1960,Kentucky,KY,Trimble,County,John F. Kennedy,Democratic,1587,68.11,2330,Democratic
1960,Kentucky,KY,Union,County,Richard Nixon,Republican,1789,34.1,5246,Democratic
1960,Kentucky,KY,Union,County,John F. Kennedy,Democratic,3457,65.9,5246,Democratic
1960,Kentucky,KY,Warren,County,Richard Nixon,Republican,9074,54.89,16531,Republican
1960,Kentucky,KY,Warren,County,John F. Kennedy,Democratic,7457,45.11,16531,Republican
1960,Kentucky,KY,Washington,County,Richard Nixon,Republican,2632,52.4,5023,Republican
1960,Kentucky,KY,Washington,County,John F. Kennedy,Democratic,2391,47.6,5023,Republican
1960,Kentucky,KY,Wayne,County,Richard Nixon,Republican,3973,66.92,5937,Republican
1960,Kentucky,KY,Wayne,County,John F. Kennedy,Democratic,1964,33.08,5937,Republican
1960,Kentucky,KY,Webster,County,Richard Nixon,Republican,2498,44.0,5677,Democratic
1960,Kentucky,KY,Webster,County,John F. Kennedy,Democratic,3179,56.0,5677,Democratic
1960,Kentucky,KY,Whitley,County,Richard Nixon,Republican,7553,71.84,10514,Republican
1960,Kentucky,KY,Whitley,County,John F. Kennedy,Democratic,2961,28.16,10514,Republican
1960,Kentucky,KY,Wolfe,County,Richard Nixon,Republican,1259,44.76,2813,Democratic
1960,Kentucky,KY,Wolfe,County,John F. Kennedy,Democratic,1554,55.24,2813,Democratic
1960,Kentucky,KY,Woodford,County,Richard Nixon,Republican,2227,53.32,4177,Republican
1960,Kentucky,KY,Woodford,County,John F. Kennedy,Democratic,1950,46.68,4177,Republican
1960,Louisiana,LA,Acadia,Parish,John F. Kennedy,Democratic,11440,75.84,15084,Democratic
1960,Louisiana,LA,Acadia,Parish,Richard Nixon,Republican,2616,17.34,15084,Democratic
1960,Louisiana,LA,Acadia,Parish,Unpledged electors,States’ Rights,1028,6.82,15084,Democratic
1960,Louisiana,LA,Allen,Parish,John F. Kennedy,Democratic,3719,59.84,6215,Democratic
1960,Louisiana,LA,Allen,Parish,Richard Nixon,Republican,1676,26.97,6215,Democratic
1960,Louisiana,LA,Allen,Parish,Unpledged electors,States’ Rights,820,13.19,6215,Democratic
1960,Louisiana,LA,Ascension,Parish,John F. Kennedy,Democratic,5689,74.76,7610,Democratic
1960,Louisiana,LA,Ascension,Parish,Richard Nixon,Republican,1012,13.3,7610,Democratic
1960,Louisiana,LA,Ascension,Parish,Unpledged electors,States’ Rights,909,11.94,7610,Democratic
1960,Louisiana,LA,Assumption,Parish,John F. Kennedy,Democratic,3019,71.69,4211,Democratic
1960,Louisiana,LA,Assumption,Parish,Richard Nixon,Republican,766,18.19,4211,Democratic
1960,Louisiana,LA,Assumption,Parish,Unpledged electors,States’ Rights,426,10.12,4211,Democratic
1960,Louisiana,LA,Avoyelles,Parish,John F. Kennedy,Democratic,7625,75.98,10035,Democratic
1960,Louisiana,LA,Avoyelles,Parish,Richard Nixon,Republican,1270,12.66,10035,Democratic
1960,Louisiana,LA,Avoyelles,Parish,Unpledged electors,States’ Rights,1140,11.36,10035,Democratic
1960,Louisiana,LA,Beauregard,Parish,John F. Kennedy,Democratic,2903,48.67,5965,Democratic
1960,Louisiana,LA,Beauregard,Parish,Richard Nixon,Republican,2432,40.77,5965,Democratic
1960,Louisiana,LA,Beauregard,Parish,Unpledged electors,States’ Rights,630,10.56,5965,Democratic
1960,Louisiana,LA,Bienville,Parish,John F. Kennedy,Democratic,625,17.62,3548,States’ Rights
1960,Louisiana,LA,Bienville,Parish,Richard Nixon,Republican,1230,34.67,3548,States’ Rights
1960,Louisiana,LA,Bienville,Parish,Unpledged electors,States’ Rights,1693,47.72,3548,States’ Rights
1960,Louisiana,LA,Bossier,Parish,John F. Kennedy,Democratic,2198,25.21,8720,Republican
1960,Louisiana,LA,Bossier,Parish,Richard Nixon,Republican,3429,39.32,8720,Republican
1960,Louisiana,LA,Bossier,Parish,Unpledged electors,States’ Rights,3093,35.47,8720,Republican
1960,Louisiana,LA,Caddo,Parish,John F. Kennedy,Democratic,11481,24.8,46301,Republican
1960,Louisiana,LA,Caddo,Parish,Richard Nixon,Republican,25139,54.29,46301,Republican
1960,Louisiana,LA,Caddo,Parish,Unpledged electors,States’ Rights,9681,20.91,46301,Republican
1960,Louisiana,LA,Calcasieu,Parish,John F. Kennedy,Democratic,24233,64.4,37627,Democratic
1960,Louisiana,LA,Calcasieu,Parish,Richard Nixon,Republican,10243,27.22,37627,Democratic
1960,Louisiana,LA,Calcasieu,Parish,Unpledged electors,States’ Rights,3151,8.37,37627,Democratic
1960,Louisiana,LA,Caldwell,Parish,John F. Kennedy,Democratic,694,34.0,2041,Republican
1960,Louisiana,LA,Caldwell,Parish,Richard Nixon,Republican,716,35.08,2041,Republican
1960,Louisiana,LA,Caldwell,Parish,Unpledged electors,States’ Rights,631,30.92,2041,Republican
1960,Louisiana,LA,Cameron,Parish,John F. Kennedy,Democratic,1944,83.08,2340,Democratic
1960,Louisiana,LA,Cameron,Parish,Richard Nixon,Republican,322,13.76,2340,Democratic
1960,Louisiana,LA,Cameron,Parish,Unpledged electors,States’ Rights,74,3.16,2340,Democratic
1960,Louisiana,LA,Catahoula,Parish,John F. Kennedy,Democratic,558,26.17,2132,Republican
1960,Louisiana,LA,Catahoula,Parish,Richard Nixon,Republican,971,45.54,2132,Republican
1960,Louisiana,LA,Catahoula,Parish,Unpledged electors,States’ Rights,603,28.28,2132,Republican
1960,Louisiana,LA,Claiborne,Parish,John F. Kennedy,Democratic,489,12.69,3854,States’ Rights
1960,Louisiana,LA,Claiborne,Parish,Richard Nixon,Republican,1336,34.67,3854,States’ Rights
1960,Louisiana,LA,Claiborne,Parish,Unpledged electors,States’ Rights,2029,52.65,3854,States’ Rights
1960,Louisiana,LA,Concordia,Parish,John F. Kennedy,Democratic,768,23.06,3331,States’ Rights
1960,Louisiana,LA,Concordia,Parish,Richard Nixon,Republican,1009,30.29,3331,States’ Rights
1960,Louisiana,LA,Concordia,Parish,Unpledged electors,States’ Rights,1554,46.65,3331,States’ Rights
1960,Louisiana,LA,DeSoto,Parish,John F. Kennedy,Democratic,1183,26.65,4439,States’ Rights
1960,Louisiana,LA,DeSoto,Parish,Richard Nixon,Republican,1603,36.11,4439,States’ Rights
1960,Louisiana,LA,DeSoto,Parish,Unpledged electors,States’ Rights,1653,37.24,4439,States’ Rights
1960,Louisiana,LA,East Baton Rouge,Parish,John F. Kennedy,Democratic,26326,46.65,56435,Democratic
1960,Louisiana,LA,East Baton Rouge,Parish,Richard Nixon,Republican,17749,31.45,56435,Democratic
1960,Louisiana,LA,East Baton Rouge,Parish,Unpledged electors,States’ Rights,12360,21.9,56435,Democratic
1960,Louisiana,LA,East Carroll,Parish,John F. Kennedy,Democratic,364,23.88,1524,States’ Rights
1960,Louisiana,LA,East Carroll,Parish,Richard Nixon,Republican,448,29.4,1524,States’ Rights
1960,Louisiana,LA,East Carroll,Parish,Unpledged electors,States’ Rights,712,46.72,1524,States’ Rights
1960,Louisiana,LA,East Feliciana,Parish,John F. Kennedy,Democratic,475,24.65,1927,States’ Rights
1960,Louisiana,LA,East Feliciana,Parish,Richard Nixon,Republican,313,16.24,1927,States’ Rights
1960,Louisiana,LA,East Feliciana,Parish,Unpledged electors,States’ Rights,1139,59.11,1927,States’ Rights
1960,Louisiana,LA,Evangeline,Parish,John F. Kennedy,Democratic,7865,80.55,9764,Democratic
1960,Louisiana,LA,Evangeline,Parish,Richard Nixon,Republican,1105,11.32,9764,Democratic
1960,Louisiana,LA,Evangeline,Parish,Unpledged electors,States’ Rights,794,8.13,9764,Democratic
1960,Louisiana,LA,Franklin,Parish,John F. Kennedy,Democratic,1213,30.03,4039,States’ Rights
1960,Louisiana,LA,Franklin,Parish,Richard Nixon,Republican,1336,33.08,4039,States’ Rights
1960,Louisiana,LA,Franklin,Parish,Unpledged electors,States’ Rights,1490,36.89,4039,States’ Rights
1960,Louisiana,LA,Grant,Parish,John F. Kennedy,Democratic,1219,31.4,3882,States’ Rights
1960,Louisiana,LA,Grant,Parish,Richard Nixon,Republican,1254,32.3,3882,States’ Rights
1960,Louisiana,LA,Grant,Parish,Unpledged electors,States’ Rights,1409,36.3,3882,States’ Rights
1960,Louisiana,LA,Iberia,Parish,John F. Kennedy,Democratic,9235,59.7,15470,Democratic
1960,Louisiana,LA,Iberia,Parish,Richard Nixon,Republican,3551,22.95,15470,Democratic
1960,Louisiana,LA,Iberia,Parish,Unpledged electors,States’ Rights,2684,17.35,15470,Democratic
1960,Louisiana,LA,Iberville,Parish,John F. Kennedy,Democratic,4558,72.25,6309,Democratic
1960,Louisiana,LA,Iberville,Parish,Richard Nixon,Republican,1000,15.85,6309,Democratic
1960,Louisiana,LA,Iberville,Parish,Unpledged electors,States’ Rights,751,11.9,6309,Democratic
1960,Louisiana,LA,Jackson,Parish,John F. Kennedy,Democratic,1398,34.1,4100,Republican
1960,Louisiana,LA,Jackson,Parish,Richard Nixon,Republican,1799,43.88,4100,Republican
1960,Louisiana,LA,Jackson,Parish,Unpledged electors,States’ Rights,903,22.02,4100,Republican
1960,Louisiana,LA,Jefferson,Parish,John F. Kennedy,Democratic,32119,51.28,62638,Democratic
1960,Louisiana,LA,Jefferson,Parish,Richard Nixon,Republican,17215,27.48,62638,Democratic
1960,Louisiana,LA,Jefferson,Parish,Unpledged electors,States’ Rights,13304,21.24,62638,Democratic
1960,Louisiana,LA,Jefferson Davis,Parish,John F. Kennedy,Democratic,5904,67.77,8712,Democratic
1960,Louisiana,LA,Jefferson Davis,Parish,Richard Nixon,Republican,2251,25.84,8712,Democratic
1960,Louisiana,LA,Jefferson Davis,Parish,Unpledged electors,States’ Rights,557,6.39,8712,Democratic
1960,Louisiana,LA,Lafayette,Parish,John F. Kennedy,Democratic,14132,62.3,22684,Democratic
1960,Louisiana,LA,Lafayette,Parish,Richard Nixon,Republican,6047,26.66,22684,Democratic
1960,Louisiana,LA,Lafayette,Parish,Unpledged electors,States’ Rights,2505,11.04,22684,Democratic
1960,Louisiana,LA,Lafourche,Parish,John F. Kennedy,Democratic,12244,76.26,16055,Democratic
1960,Louisiana,LA,Lafourche,Parish,Richard Nixon,Republican,2930,18.25,16055,Democratic
1960,Louisiana,LA,Lafourche,Parish,Unpledged electors,States’ Rights,881,5.49,16055,Democratic
1960,Louisiana,LA,LaSalle,Parish,John F. Kennedy,Democratic,843,21.94,3842,Republican
1960,Louisiana,LA,LaSalle,Parish,Richard Nixon,Republican,2123,55.26,3842,Republican
1960,Louisiana,LA,LaSalle,Parish,Unpledged electors,States’ Rights,876,22.8,3842,Republican
1960,Louisiana,LA,Lincoln,Parish,John F. Kennedy,Democratic,1051,20.57,5109,Republican
1960,Louisiana,LA,Lincoln,Parish,Richard Nixon,Republican,2766,54.14,5109,Republican
1960,Louisiana,LA,Lincoln,Parish,Unpledged electors,States’ Rights,1292,25.29,5109,Republican
1960,Louisiana,LA,Livingston,Parish,John F. Kennedy,Democratic,2881,43.47,6628,Democratic
1960,Louisiana,LA,Livingston,Parish,Richard Nixon,Republican,954,14.39,6628,Democratic
1960,Louisiana,LA,Livingston,Parish,Unpledged electors,States’ Rights,2793,42.14,6628,Democratic
1960,Louisiana,LA,Madison,Parish,John F. Kennedy,Democratic,235,12.45,1888,States’ Rights
1960,Louisiana,LA,Madison,Parish,Richard Nixon,Republican,629,33.32,1888,States’ Rights
1960,Louisiana,LA,Madison,Parish,Unpledged electors,States’ Rights,1024,54.24,1888,States’ Rights
1960,Louisiana,LA,Morehouse,Parish,John F. Kennedy,Democratic,1085,22.7,4780,Republican
1960,Louisiana,LA,Morehouse,Parish,Richard Nixon,Republican,2551,53.37,4780,Republican
1960,Louisiana,LA,Morehouse,Parish,Unpledged electors,States’ Rights,1144,23.93,4780,Republican
1960,Louisiana,LA,Natchitoches,Parish,John F. Kennedy,Democratic,2781,39.39,7060,Democratic
1960,Louisiana,LA,Natchitoches,Parish,Richard Nixon,Republican,2562,36.29,7060,Democratic
1960,Louisiana,LA,Natchitoches,Parish,Unpledged electors,States’ Rights,1717,24.32,7060,Democratic
1960,Louisiana,LA,Orleans,Parish,John F. Kennedy,Democratic,87242,49.64,175767,Democratic
1960,Louisiana,LA,Orleans,Parish,Richard Nixon,Republican,47111,26.8,175767,Democratic
1960,Louisiana,LA,Orleans,Parish,Unpledged electors,States’ Rights,41414,23.56,175767,Democratic
1960,Louisiana,LA,Ouachita,Parish,John F. Kennedy,Democratic,5202,26.97,19291,Republican
1960,Louisiana,LA,Ouachita,Parish,Richard Nixon,Republican,10525,54.56,19291,Republican
1960,Louisiana,LA,Ouachita,Parish,Unpledged electors,States’ Rights,3564,18.47,19291,Republican
1960,Louisiana,LA,Plaquemines,Parish,John F. Kennedy,Democratic,1087,21.12,5146,States’ Rights
1960,Louisiana,LA,Plaquemines,Parish,Richard Nixon,Republican,712,13.84,5146,States’ Rights
1960,Louisiana,LA,Plaquemines,Parish,Unpledged electors,States’ Rights,3347,65.04,5146,States’ Rights
1960,Louisiana,LA,Pointe Coupee,Parish,John F. Kennedy,Democratic,2953,71.81,4112,Democratic
1960,Louisiana,LA,Pointe Coupee,Parish,Richard Nixon,Republican,674,16.39,4112,Democratic
1960,Louisiana,LA,Pointe Coupee,Parish,Unpledged electors,States’ Rights,485,11.79,4112,Democratic
1960,Louisiana,LA,Rapides,Parish,John F. Kennedy,Democratic,9651,40.58,23782,Democratic
1960,Louisiana,LA,Rapides,Parish,Richard Nixon,Republican,8155,34.29,23782,Democratic
1960,Louisiana,LA,Rapides,Parish,Unpledged electors,States’ Rights,5976,25.13,23782,Democratic
1960,Louisiana,LA,Red River,Parish,John F. Kennedy,Democratic,377,19.67,1917,States’ Rights
1960,Louisiana,LA,Red River,Parish,Richard Nixon,Republican,406,21.18,1917,States’ Rights
1960,Louisiana,LA,Red River,Parish,Unpledged electors,States’ Rights,1134,59.15,1917,States’ Rights
1960,Louisiana,LA,Richland,Parish,John F. Kennedy,Democratic,996,25.74,3869,States’ Rights
1960,Louisiana,LA,Richland,Parish,Richard Nixon,Republican,1378,35.62,3869,States’ Rights
1960,Louisiana,LA,Richland,Parish,Unpledged electors,States’ Rights,1495,38.64,3869,States’ Rights
1960,Louisiana,LA,Sabine,Parish,John F. Kennedy,Democratic,2412,40.96,5889,Republican
1960,Louisiana,LA,Sabine,Parish,Richard Nixon,Republican,2419,41.08,5889,Republican
1960,Louisiana,LA,Sabine,Parish,Unpledged electors,States’ Rights,1058,17.97,5889,Republican
1960,Louisiana,LA,St. Bernard,Parish,John F. Kennedy,Democratic,4660,42.56,10949,States’ Rights
1960,Louisiana,LA,St. Bernard,Parish,Richard Nixon,Republican,1431,13.07,10949,States’ Rights
1960,Louisiana,LA,St. Bernard,Parish,Unpledged electors,States’ Rights,4858,44.37,10949,States’ Rights
1960,Louisiana,LA,St. Charles,Parish,John F. Kennedy,Democratic,4708,71.31,6602,Democratic
1960,Louisiana,LA,St. Charles,Parish,Richard Nixon,Republican,1377,20.86,6602,Democratic
1960,Louisiana,LA,St. Charles,Parish,Unpledged electors,States’ Rights,517,7.83,6602,Democratic
1960,Louisiana,LA,St. Helena,Parish,John F. Kennedy,Democratic,678,37.48,1809,States’ Rights
1960,Louisiana,LA,St. Helena,Parish,Richard Nixon,Republican,296,16.36,1809,States’ Rights
1960,Louisiana,LA,St. Helena,Parish,Unpledged electors,States’ Rights,835,46.16,1809,States’ Rights
1960,Louisiana,LA,St. James,Parish,John F. Kennedy,Democratic,4362,82.09,5314,Democratic
1960,Louisiana,LA,St. James,Parish,Richard Nixon,Republican,620,11.67,5314,Democratic
1960,Louisiana,LA,St. James,Parish,Unpledged electors,States’ Rights,332,6.25,5314,Democratic
1960,Louisiana,LA,St. John the Baptist,Parish,John F. Kennedy,Democratic,3782,80.13,4720,Democratic
1960,Louisiana,LA,St. John the Baptist,Parish,Richard Nixon,Republican,488,10.34,4720,Democratic
1960,Louisiana,LA,St. John the Baptist,Parish,Unpledged electors,States’ Rights,450,9.53,4720,Democratic
1960,Louisiana,LA,St. Landry,Parish,John F. Kennedy,Democratic,14625,72.18,20262,Democratic
1960,Louisiana,LA,St. Landry,Parish,Richard Nixon,Republican,3083,15.22,20262,Democratic
1960,Louisiana,LA,St. Landry,Parish,Unpledged electors,States’ Rights,2554,12.6,20262,Democratic
1960,Louisiana,LA,St. Martin,Parish,John F. Kennedy,Democratic,5506,77.96,7063,Democratic
1960,Louisiana,LA,St. Martin,Parish,Richard Nixon,Republican,858,12.15,7063,Democratic
1960,Louisiana,LA,St. Martin,Parish,Unpledged electors,States’ Rights,699,9.9,7063,Democratic
1960,Louisiana,LA,St. Mary,Parish,John F. Kennedy,Democratic,6671,61.59,10832,Democratic
1960,Louisiana,LA,St. Mary,Parish,Richard Nixon,Republican,2992,27.62,10832,Democratic
1960,Louisiana,LA,St. Mary,Parish,Unpledged electors,States’ Rights,1169,10.79,10832,Democratic
1960,Louisiana,LA,St. Tammany,Parish,John F. Kennedy,Democratic,5179,46.81,11063,Democratic
1960,Louisiana,LA,St. Tammany,Parish,Richard Nixon,Republican,2850,25.76,11063,Democratic
1960,Louisiana,LA,St. Tammany,Parish,Unpledged electors,States’ Rights,3034,27.42,11063,Democratic
1960,Louisiana,LA,Tangipahoa,Parish,John F. Kennedy,Democratic,6648,46.32,14351,Democratic
1960,Louisiana,LA,Tangipahoa,Parish,Richard Nixon,Republican,3285,22.89,14351,Democratic
1960,Louisiana,LA,Tangipahoa,Parish,Unpledged electors,States’ Rights,4418,30.79,14351,Democratic
1960,Louisiana,LA,Tensas,Parish,John F. Kennedy,Democratic,247,20.45,1208,Republican
1960,Louisiana,LA,Tensas,Parish,Richard Nixon,Republican,510,42.22,1208,Republican
1960,Louisiana,LA,Tensas,Parish,Unpledged electors,States’ Rights,451,37.33,1208,Republican
1960,Louisiana,LA,Terrebonne,Parish,John F. Kennedy,Democratic,8992,68.07,13210,Democratic
1960,Louisiana,LA,Terrebonne,Parish,Richard Nixon,Republican,3126,23.66,13210,Democratic
1960,Louisiana,LA,Terrebonne,Parish,Unpledged electors,States’ Rights,1092,8.27,13210,Democratic
1960,Louisiana,LA,Union,Parish,John F. Kennedy,Democratic,1034,25.45,4063,Republican
1960,Louisiana,LA,Union,Parish,Richard Nixon,Republican,2017,49.64,4063,Republican
1960,Louisiana,LA,Union,Parish,Unpledged electors,States’ Rights,1012,24.91,4063,Republican
1960,Louisiana,LA,Vermilion,Parish,John F. Kennedy,Democratic,11257,77.13,14595,Democratic
1960,Louisiana,LA,Vermilion,Parish,Richard Nixon,Republican,2170,14.87,14595,Democratic
1960,Louisiana,LA,Vermilion,Parish,Unpledged electors,States’ Rights,1168,8.0,14595,Democratic
1960,Louisiana,LA,Vernon,Parish,John F. Kennedy,Democratic,3145,51.06,6160,Democratic
1960,Louisiana,LA,Vernon,Parish,Richard Nixon,Republican,1991,32.32,6160,Democratic
1960,Louisiana,LA,Vernon,Parish,Unpledged electors,States’ Rights,1024,16.62,6160,Democratic
1960,Louisiana,LA,Washington,Parish,John F. Kennedy,Democratic,5678,49.81,11400,Democratic
1960,Louisiana,LA,Washington,Parish,Richard Nixon,Republican,1847,16.2,11400,Democratic
1960,Louisiana,LA,Washington,Parish,Unpledged electors,States’ Rights,3875,33.99,11400,Democratic
1960,Louisiana,LA,Webster,Parish,John F. Kennedy,Democratic,1273,16.6,7667,States’ Rights
1960,Louisiana,LA,Webster,Parish,Richard Nixon,Republican,3139,40.94,7667,States’ Rights
1960,Louisiana,LA,Webster,Parish,Unpledged electors,States’ Rights,3255,42.45,7667,States’ Rights
1960,Louisiana,LA,West Baton Rouge,Parish,John F. Kennedy,Democratic,2315,73.7,3141,Democratic
1960,Louisiana,LA,West Baton Rouge,Parish,Richard Nixon,Republican,390,12.42,3141,Democratic
1960,Louisiana,LA,West Baton Rouge,Parish,Unpledged electors,States’ Rights,436,13.88,3141,Democratic
1960,Louisiana,LA,West Carroll,Parish,John F. Kennedy,Democratic,784,32.36,2423,States’ Rights
1960,Louisiana,LA,West Carroll,Parish,Richard Nixon,Republican,742,30.62,2423,States’ Rights
1960,Louisiana,LA,West Carroll,Parish,Unpledged electors,States’ Rights,897,37.02,2423,States’ Rights
1960,Louisiana,LA,West Feliciana,Parish,John F. Kennedy,Democratic,271,30.42,891,States’ Rights
1960,Louisiana,LA,West Feliciana,Parish,Richard Nixon,Republican,196,22.0,891,States’ Rights
1960,Louisiana,LA,West Feliciana,Parish,Unpledged electors,States’ Rights,424,47.59,891,States’ Rights
1960,Louisiana,LA,Winn,Parish,John F. Kennedy,Democratic,1108,27.05,4096,Republican
1960,Louisiana,LA,Winn,Parish,Richard Nixon,Republican,1839,44.9,4096,Republican
1960,Louisiana,LA,Winn,Parish,Unpledged electors,States’ Rights,1149,28.05,4096,Republican
1960,Maine,ME,Androscoggin,County,Richard Nixon,Republican,14654,35.96,40751,Democratic
1960,Maine,ME,Androscoggin,County,John F. Kennedy,Democratic,26097,64.04,40751,Democratic
1960,Maine,ME,Aroostook,County,Richard Nixon,Republican,18698,55.82,33497,Republican
1960,Maine,ME,Aroostook,County,John F. Kennedy,Democratic,14799,44.18,33497,Republican
1960,Maine,ME,Cumberland,County,Richard Nixon,Republican,47271,58.49,80825,Republican
1960,Maine,ME,Cumberland,County,John F. Kennedy,Democratic,33553,41.51,80825,Republican
1960,Maine,ME,Cumberland,County,Other,Write-Ins,1,0.0,80825,Republican
1960,Maine,ME,Franklin,County,Richard Nixon,Republican,6136,65.0,9440,Republican
1960,Maine,ME,Franklin,County,John F. Kennedy,Democratic,3304,35.0,9440,Republican
1960,Maine,ME,Hancock,County,Richard Nixon,Republican,12119,78.27,15483,Republican
1960,Maine,ME,Hancock,County,John F. Kennedy,Democratic,3363,21.72,15483,Republican
1960,Maine,ME,Hancock,County,Other,Write-Ins,1,0.01,15483,Republican
1960,Maine,ME,Kennebec,County,Richard Nixon,Republican,21699,54.31,39951,Republican
1960,Maine,ME,Kennebec,County,John F. Kennedy,Democratic,18252,45.69,39951,Republican
1960,Maine,ME,Knox,County,Richard Nixon,Republican,9083,70.41,12900,Republican
1960,Maine,ME,Knox,County,John F. Kennedy,Democratic,3816,29.58,12900,Republican
1960,Maine,ME,Knox,County,Other,Write-Ins,1,0.01,12900,Republican
1960,Maine,ME,Lincoln,County,Richard Nixon,Republican,7562,76.39,9899,Republican
1960,Maine,ME,Lincoln,County,John F. Kennedy,Democratic,2337,23.61,9899,Republican
1960,Maine,ME,Oxford,County,Richard Nixon,Republican,11715,56.69,20666,Republican
1960,Maine,ME,Oxford,County,John F. Kennedy,Democratic,8951,43.31,20666,Republican
1960,Maine,ME,Penobscot,County,Richard Nixon,Republican,28459,59.75,47634,Republican
1960,Maine,ME,Penobscot,County,John F. Kennedy,Democratic,19175,40.25,47634,Republican
1960,Maine,ME,Piscataquis,County,Richard Nixon,Republican,4959,63.43,7818,Republican
1960,Maine,ME,Piscataquis,County,John F. Kennedy,Democratic,2859,36.57,7818,Republican
1960,Maine,ME,Sagadahoc,County,Richard Nixon,Republican,6386,61.69,10351,Republican
1960,Maine,ME,Sagadahoc,County,John F. Kennedy,Democratic,3965,38.31,10351,Republican
1960,Maine,ME,Somerset,County,Richard Nixon,Republican,10142,59.32,17098,Republican
1960,Maine,ME,Somerset,County,John F. Kennedy,Democratic,6956,40.68,17098,Republican
1960,Maine,ME,Waldo,County,Richard Nixon,Republican,6844,70.64,9689,Republican
1960,Maine,ME,Waldo,County,John F. Kennedy,Democratic,2845,29.36,9689,Republican
1960,Maine,ME,Washington,County,Richard Nixon,Republican,9118,65.91,13834,Republican
1960,Maine,ME,Washington,County,John F. Kennedy,Democratic,4716,34.09,13834,Republican
1960,Maine,ME,York,County,Richard Nixon,Republican,25763,49.6,51937,Democratic
1960,Maine,ME,York,County,John F. Kennedy,Democratic,26171,50.39,51937,Democratic
1960,Maine,ME,York,County,Other,Write-Ins,3,0.01,51937,Democratic
1960,Maryland,MD,Allegany,County,John F. Kennedy,Democratic,13701,40.07,34190,Republican
1960,Maryland,MD,Allegany,County,Richard Nixon,Republican,20489,59.93,34190,Republican
1960,Maryland,MD,Anne Arundel,County,John F. Kennedy,Democratic,26063,46.0,56658,Republican
1960,Maryland,MD,Anne Arundel,County,Richard Nixon,Republican,30595,54.0,56658,Republican
1960,Maryland,MD,Baltimore,County,John F. Kennedy,Democratic,94396,49.57,190423,Republican
1960,Maryland,MD,Baltimore,County,Richard Nixon,Republican,96027,50.43,190423,Republican
1960,Maryland,MD,Baltimore City,County,John F. Kennedy,Democratic,202752,63.87,317457,Democratic
1960,Maryland,MD,Baltimore City,County,Richard Nixon,Republican,114705,36.13,317457,Democratic
1960,Maryland,MD,Calvert,County,John F. Kennedy,Democratic,2535,53.84,4708,Democratic
1960,Maryland,MD,Calvert,County,Richard Nixon,Republican,2173,46.16,4708,Democratic
1960,Maryland,MD,Caroline,County,John F. Kennedy,Democratic,3381,47.76,7079,Republican
1960,Maryland,MD,Caroline,County,Richard Nixon,Republican,3698,52.24,7079,Republican
1960,Maryland,MD,Carroll,County,John F. Kennedy,Democratic,5763,33.49,17208,Republican
1960,Maryland,MD,Carroll,County,Richard Nixon,Republican,11445,66.51,17208,Republican
1960,Maryland,MD,Cecil,County,John F. Kennedy,Democratic,6065,45.15,13433,Republican
1960,Maryland,MD,Cecil,County,Richard Nixon,Republican,7368,54.85,13433,Republican
1960,Maryland,MD,Charles,County,John F. Kennedy,Democratic,5482,54.59,10042,Democratic
1960,Maryland,MD,Charles,County,Richard Nixon,Republican,4560,45.41,10042,Democratic
1960,Maryland,MD,Dorchester,County,John F. Kennedy,Democratic,4964,51.76,9590,Democratic
1960,Maryland,MD,Dorchester,County,Richard Nixon,Republican,4626,48.24,9590,Democratic
1960,Maryland,MD,Frederick,County,John F. Kennedy,Democratic,9910,42.5,23319,Republican
1960,Maryland,MD,Frederick,County,Richard Nixon,Republican,13408,57.5,23319,Republican
1960,Maryland,MD,Garrett,County,John F. Kennedy,Democratic,2357,31.79,7414,Republican
1960,Maryland,MD,Garrett,County,Richard Nixon,Republican,5057,68.21,7414,Republican
1960,Maryland,MD,Harford,County,John F. Kennedy,Democratic,9293,43.46,21383,Republican
1960,Maryland,MD,Harford,County,Richard Nixon,Republican,12090,56.54,21383,Republican
1960,Maryland,MD,Howard,County,John F. Kennedy,Democratic,5412,43.42,12465,Republican
1960,Maryland,MD,Howard,County,Richard Nixon,Republican,7051,56.57,12465,Republican
1960,Maryland,MD,Kent,County,John F. Kennedy,Democratic,3079,48.54,6343,Republican
1960,Maryland,MD,Kent,County,Richard Nixon,Republican,3264,51.46,6343,Republican
1960,Maryland,MD,Montgomery,County,John F. Kennedy,Democratic,66025,51.3,128704,Democratic
1960,Maryland,MD,Montgomery,County,Richard Nixon,Republican,62679,48.7,128704,Democratic
1960,Maryland,MD,Prince George's,County,John F. Kennedy,Democratic,62013,58.05,106830,Democratic
1960,Maryland,MD,Prince George's,County,Richard Nixon,Republican,44817,41.95,106830,Democratic
1960,Maryland,MD,Queen Anne's,County,John F. Kennedy,Democratic,3126,51.82,6032,Democratic
1960,Maryland,MD,Queen Anne's,County,Richard Nixon,Republican,2906,48.18,6032,Democratic
1960,Maryland,MD,Somerset,County,John F. Kennedy,Democratic,3948,49.49,7978,Republican
1960,Maryland,MD,Somerset,County,Richard Nixon,Republican,4030,50.51,7978,Republican
1960,Maryland,MD,St. Mary's,County,John F. Kennedy,Democratic,5752,65.13,8832,Democratic
1960,Maryland,MD,St. Mary's,County,Richard Nixon,Republican,3080,34.87,8832,Democratic
1960,Maryland,MD,Talbot,County,John F. Kennedy,Democratic,3462,40.94,8457,Republican
1960,Maryland,MD,Talbot,County,Richard Nixon,Republican,4995,59.06,8457,Republican
1960,Maryland,MD,Washington,County,John F. Kennedy,Democratic,15632,46.72,33460,Republican
1960,Maryland,MD,Washington,County,Richard Nixon,Republican,17828,53.28,33460,Republican
1960,Maryland,MD,Wicomico,County,John F. Kennedy,Democratic,7350,45.88,16021,Republican
1960,Maryland,MD,Wicomico,County,Richard Nixon,Republican,8671,54.12,16021,Republican
1960,Maryland,MD,Worcester,County,John F. Kennedy,Democratic,3347,45.71,7323,Republican
1960,Maryland,MD,Worcester,County,Richard Nixon,Republican,3976,54.29,7323,Republican
1960,Massachusetts,MA,Barnstable,County,John F. Kennedy,Democratic,12423,37.23,33372,Republican
1960,Massachusetts,MA,Barnstable,County,Richard Nixon,Republican,20900,62.63,33372,Republican
1960,Massachusetts,MA,Barnstable,County,Other,Other,49,0.15,33372,Republican
1960,Massachusetts,MA,Berkshire,County,John F. Kennedy,Democratic,41132,59.93,68629,Democratic
1960,Massachusetts,MA,Berkshire,County,Richard Nixon,Republican,27335,39.83,68629,Democratic
1960,Massachusetts,MA,Berkshire,County,Other,Other,162,0.24,68629,Democratic
1960,Massachusetts,MA,Bristol,County,John F. Kennedy,Democratic,130049,66.79,194722,Democratic
1960,Massachusetts,MA,Bristol,County,Richard Nixon,Republican,64290,33.02,194722,Democratic
1960,Massachusetts,MA,Bristol,County,Other,Other,383,0.2,194722,Democratic
1960,Massachusetts,MA,Dukes,County,John F. Kennedy,Democratic,1282,39.01,3286,Republican
1960,Massachusetts,MA,Dukes,County,Richard Nixon,Republican,1998,60.8,3286,Republican
1960,Massachusetts,MA,Dukes,County,Other,Other,6,0.18,3286,Republican
1960,Massachusetts,MA,Essex,County,John F. Kennedy,Democratic,167875,56.89,295081,Democratic
1960,Massachusetts,MA,Essex,County,Richard Nixon,Republican,126599,42.9,295081,Democratic
1960,Massachusetts,MA,Essex,County,Other,Other,607,0.21,295081,Democratic
1960,Massachusetts,MA,Franklin,County,John F. Kennedy,Democratic,12282,43.85,28011,Republican
1960,Massachusetts,MA,Franklin,County,Richard Nixon,Republican,15682,55.99,28011,Republican
1960,Massachusetts,MA,Franklin,County,Other,Other,47,0.17,28011,Republican
1960,Massachusetts,MA,Hampden,County,John F. Kennedy,Democratic,121061,62.46,193828,Democratic
1960,Massachusetts,MA,Hampden,County,Richard Nixon,Republican,72054,37.17,193828,Democratic
1960,Massachusetts,MA,Hampden,County,Other,Other,713,0.37,193828,Democratic
1960,Massachusetts,MA,Hampshire,County,John F. Kennedy,Democratic,25667,56.92,45096,Democratic
1960,Massachusetts,MA,Hampshire,County,Richard Nixon,Republican,19346,42.9,45096,Democratic
1960,Massachusetts,MA,Hampshire,County,Other,Other,83,0.18,45096,Democratic
1960,Massachusetts,MA,Middlesex,County,John F. Kennedy,Democratic,356130,59.01,603516,Democratic
1960,Massachusetts,MA,Middlesex,County,Richard Nixon,Republican,246126,40.78,603516,Democratic
1960,Massachusetts,MA,Middlesex,County,Other,Other,1260,0.21,603516,Democratic
1960,Massachusetts,MA,Nantucket,County,John F. Kennedy,Democratic,698,36.37,1919,Republican
1960,Massachusetts,MA,Nantucket,County,Richard Nixon,Republican,1219,63.52,1919,Republican
1960,Massachusetts,MA,Nantucket,County,Other,Other,2,0.1,1919,Republican
1960,Massachusetts,MA,Norfolk,County,John F. Kennedy,Democratic,135474,52.57,257721,Democratic
1960,Massachusetts,MA,Norfolk,County,Richard Nixon,Republican,121744,47.24,257721,Democratic
1960,Massachusetts,MA,Norfolk,County,Other,Other,503,0.2,257721,Democratic
1960,Massachusetts,MA,Plymouth,County,John F. Kennedy,Democratic,57175,48.31,118349,Republican
1960,Massachusetts,MA,Plymouth,County,Richard Nixon,Republican,60977,51.52,118349,Republican
1960,Massachusetts,MA,Plymouth,County,Other,Other,197,0.17,118349,Republican
1960,Massachusetts,MA,Suffolk,County,John F. Kennedy,Democratic,252823,74.44,339617,Democratic
1960,Massachusetts,MA,Suffolk,County,Richard Nixon,Republican,85750,25.25,339617,Democratic
1960,Massachusetts,MA,Suffolk,County,Other,Other,1044,0.31,339617,Democratic
1960,Massachusetts,MA,Worcester,County,John F. Kennedy,Democratic,173103,60.46,286333,Democratic
1960,Massachusetts,MA,Worcester,County,Richard Nixon,Republican,112730,39.37,286333,Democratic
1960,Massachusetts,MA,Worcester,County,Other,Other,500,0.17,286333,Democratic
1960,Michigan,MI,Alcona,County,John F. Kennedy,Democratic,1038,33.49,3099,Republican
1960,Michigan,MI,Alcona,County,Richard Nixon,Republican,2053,66.25,3099,Republican
1960,Michigan,MI,Alcona,County,Farrell Dobbs,Socialist Workers,2,0.06,3099,Republican
1960,Michigan,MI,Alcona,County,Rutherford Decker,Prohibition,3,0.1,3099,Republican
1960,Michigan,MI,Alcona,County,Other,Various,3,0.1,3099,Republican
1960,Michigan,MI,Alger,County,John F. Kennedy,Democratic,2321,58.17,3990,Democratic
1960,Michigan,MI,Alger,County,Richard Nixon,Republican,1663,41.68,3990,Democratic
1960,Michigan,MI,Alger,County,Farrell Dobbs,Socialist Workers,4,0.1,3990,Democratic
1960,Michigan,MI,Alger,County,Rutherford Decker,Prohibition,2,0.05,3990,Democratic
1960,Michigan,MI,Alger,County,Other,Various,0,0.0,3990,Democratic
1960,Michigan,MI,Allegan,County,John F. Kennedy,Democratic,6752,28.77,23472,Republican
1960,Michigan,MI,Allegan,County,Richard Nixon,Republican,16660,70.98,23472,Republican
1960,Michigan,MI,Allegan,County,Farrell Dobbs,Socialist Workers,17,0.07,23472,Republican
1960,Michigan,MI,Allegan,County,Rutherford Decker,Prohibition,24,0.1,23472,Republican
1960,Michigan,MI,Allegan,County,Other,Various,19,0.08,23472,Republican
1960,Michigan,MI,Alpena,County,John F. Kennedy,Democratic,5071,43.52,11653,Republican
1960,Michigan,MI,Alpena,County,Richard Nixon,Republican,6573,56.41,11653,Republican
1960,Michigan,MI,Alpena,County,Farrell Dobbs,Socialist Workers,4,0.03,11653,Republican
1960,Michigan,MI,Alpena,County,Rutherford Decker,Prohibition,1,0.01,11653,Republican
1960,Michigan,MI,Alpena,County,Other,Various,4,0.03,11653,Republican
1960,Michigan,MI,Antrim,County,John F. Kennedy,Democratic,1647,32.6,5052,Republican
1960,Michigan,MI,Antrim,County,Richard Nixon,Republican,3398,67.26,5052,Republican
1960,Michigan,MI,Antrim,County,Farrell Dobbs,Socialist Workers,2,0.04,5052,Republican
1960,Michigan,MI,Antrim,County,Rutherford Decker,Prohibition,3,0.06,5052,Republican
1960,Michigan,MI,Antrim,County,Other,Various,2,0.04,5052,Republican
1960,Michigan,MI,Arenac,County,John F. Kennedy,Democratic,1888,44.42,4250,Republican
1960,Michigan,MI,Arenac,County,Richard Nixon,Republican,2352,55.34,4250,Republican
1960,Michigan,MI,Arenac,County,Farrell Dobbs,Socialist Workers,5,0.12,4250,Republican
1960,Michigan,MI,Arenac,County,Rutherford Decker,Prohibition,3,0.07,4250,Republican
1960,Michigan,MI,Arenac,County,Other,Various,2,0.05,4250,Republican
1960,Michigan,MI,Baraga,County,John F. Kennedy,Democratic,1964,51.2,3836,Democratic
1960,Michigan,MI,Baraga,County,Richard Nixon,Republican,1861,48.51,3836,Democratic
1960,Michigan,MI,Baraga,County,Farrell Dobbs,Socialist Workers,8,0.21,3836,Democratic
1960,Michigan,MI,Baraga,County,Rutherford Decker,Prohibition,1,0.03,3836,Democratic
1960,Michigan,MI,Baraga,County,Other,Various,2,0.05,3836,Democratic
1960,Michigan,MI,Barry,County,John F. Kennedy,Democratic,4406,32.0,13767,Republican
1960,Michigan,MI,Barry,County,Richard Nixon,Republican,9298,67.54,13767,Republican
1960,Michigan,MI,Barry,County,Farrell Dobbs,Socialist Workers,11,0.08,13767,Republican
1960,Michigan,MI,Barry,County,Rutherford Decker,Prohibition,39,0.28,13767,Republican
1960,Michigan,MI,Barry,County,Other,Various,13,0.09,13767,Republican
1960,Michigan,MI,Bay,County,John F. Kennedy,Democratic,22998,52.26,44011,Democratic
1960,Michigan,MI,Bay,County,Richard Nixon,Republican,20909,47.51,44011,Democratic
1960,Michigan,MI,Bay,County,Farrell Dobbs,Socialist Workers,49,0.11,44011,Democratic
1960,Michigan,MI,Bay,County,Rutherford Decker,Prohibition,21,0.05,44011,Democratic
1960,Michigan,MI,Bay,County,Other,Various,34,0.08,44011,Democratic
1960,Michigan,MI,Benzie,County,John F. Kennedy,Democratic,1306,34.41,3795,Republican
1960,Michigan,MI,Benzie,County,Richard Nixon,Republican,2484,65.45,3795,Republican
1960,Michigan,MI,Benzie,County,Farrell Dobbs,Socialist Workers,1,0.03,3795,Republican
1960,Michigan,MI,Benzie,County,Rutherford Decker,Prohibition,4,0.11,3795,Republican
1960,Michigan,MI,Benzie,County,Other,Various,0,0.0,3795,Republican
1960,Michigan,MI,Berrien,County,John F. Kennedy,Democratic,23837,38.76,61506,Republican
1960,Michigan,MI,Berrien,County,Richard Nixon,Republican,37425,60.85,61506,Republican
1960,Michigan,MI,Berrien,County,Farrell Dobbs,Socialist Workers,84,0.14,61506,Republican
1960,Michigan,MI,Berrien,County,Rutherford Decker,Prohibition,71,0.12,61506,Republican
1960,Michigan,MI,Berrien,County,Other,Various,89,0.14,61506,Republican
1960,Michigan,MI,Branch,County,John F. Kennedy,Democratic,4759,35.03,13587,Republican
1960,Michigan,MI,Branch,County,Richard Nixon,Republican,8752,64.41,13587,Republican
1960,Michigan,MI,Branch,County,Farrell Dobbs,Socialist Workers,22,0.16,13587,Republican
1960,Michigan,MI,Branch,County,Rutherford Decker,Prohibition,42,0.31,13587,Republican
1960,Michigan,MI,Branch,County,Other,Various,12,0.09,13587,Republican
1960,Michigan,MI,Calhoun,County,John F. Kennedy,Democratic,23511,42.14,55793,Republican
1960,Michigan,MI,Calhoun,County,Richard Nixon,Republican,32080,57.5,55793,Republican
1960,Michigan,MI,Calhoun,County,Farrell Dobbs,Socialist Workers,97,0.17,55793,Republican
1960,Michigan,MI,Calhoun,County,Rutherford Decker,Prohibition,57,0.1,55793,Republican
1960,Michigan,MI,Calhoun,County,Other,Various,48,0.09,55793,Republican
1960,Michigan,MI,Cass,County,John F. Kennedy,Democratic,6468,42.79,15117,Republican
1960,Michigan,MI,Cass,County,Richard Nixon,Republican,8585,56.79,15117,Republican
1960,Michigan,MI,Cass,County,Farrell Dobbs,Socialist Workers,24,0.16,15117,Republican
1960,Michigan,MI,Cass,County,Rutherford Decker,Prohibition,24,0.16,15117,Republican
1960,Michigan,MI,Cass,County,Other,Various,16,0.11,15117,Republican
1960,Michigan,MI,Charlevoix,County,John F. Kennedy,Democratic,2422,37.73,6419,Republican
1960,Michigan,MI,Charlevoix,County,Richard Nixon,Republican,3987,62.11,6419,Republican
1960,Michigan,MI,Charlevoix,County,Farrell Dobbs,Socialist Workers,1,0.02,6419,Republican
1960,Michigan,MI,Charlevoix,County,Rutherford Decker,Prohibition,5,0.08,6419,Republican
1960,Michigan,MI,Charlevoix,County,Other,Various,4,0.06,6419,Republican
1960,Michigan,MI,Cheboygan,County,John F. Kennedy,Democratic,2977,43.81,6796,Republican
1960,Michigan,MI,Cheboygan,County,Richard Nixon,Republican,3817,56.17,6796,Republican
1960,Michigan,MI,Cheboygan,County,Farrell Dobbs,Socialist Workers,2,0.03,6796,Republican
1960,Michigan,MI,Cheboygan,County,Rutherford Decker,Prohibition,0,0.0,6796,Republican
1960,Michigan,MI,Cheboygan,County,Other,Various,0,0.0,6796,Republican
1960,Michigan,MI,Chippewa,County,John F. Kennedy,Democratic,5239,44.58,11751,Republican
1960,Michigan,MI,Chippewa,County,Richard Nixon,Republican,6490,55.23,11751,Republican
1960,Michigan,MI,Chippewa,County,Farrell Dobbs,Socialist Workers,12,0.1,11751,Republican
1960,Michigan,MI,Chippewa,County,Rutherford Decker,Prohibition,5,0.04,11751,Republican
1960,Michigan,MI,Chippewa,County,Other,Various,5,0.04,11751,Republican
1960,Michigan,MI,Clare,County,John F. Kennedy,Democratic,1507,29.38,5130,Republican
1960,Michigan,MI,Clare,County,Richard Nixon,Republican,3616,70.49,5130,Republican
1960,Michigan,MI,Clare,County,Farrell Dobbs,Socialist Workers,2,0.04,5130,Republican
1960,Michigan,MI,Clare,County,Rutherford Decker,Prohibition,2,0.04,5130,Republican
1960,Michigan,MI,Clare,County,Other,Various,3,0.06,5130,Republican
1960,Michigan,MI,Clinton,County,John F. Kennedy,Democratic,4822,31.99,15072,Republican
1960,Michigan,MI,Clinton,County,Richard Nixon,Republican,10227,67.85,15072,Republican
1960,Michigan,MI,Clinton,County,Farrell Dobbs,Socialist Workers,5,0.03,15072,Republican
1960,Michigan,MI,Clinton,County,Rutherford Decker,Prohibition,10,0.07,15072,Republican
1960,Michigan,MI,Clinton,County,Other,Various,8,0.05,15072,Republican
1960,Michigan,MI,Crawford,County,John F. Kennedy,Democratic,783,34.78,2251,Republican
1960,Michigan,MI,Crawford,County,Richard Nixon,Republican,1464,65.04,2251,Republican
1960,Michigan,MI,Crawford,County,Farrell Dobbs,Socialist Workers,4,0.18,2251,Republican
1960,Michigan,MI,Crawford,County,Rutherford Decker,Prohibition,0,0.0,2251,Republican
1960,Michigan,MI,Crawford,County,Other,Various,0,0.0,2251,Republican
1960,Michigan,MI,Delta,County,John F. Kennedy,Democratic,7924,54.98,14413,Democratic
1960,Michigan,MI,Delta,County,Richard Nixon,Republican,6460,44.82,14413,Democratic
1960,Michigan,MI,Delta,County,Farrell Dobbs,Socialist Workers,15,0.1,14413,Democratic
1960,Michigan,MI,Delta,County,Rutherford Decker,Prohibition,4,0.03,14413,Democratic
1960,Michigan,MI,Delta,County,Other,Various,10,0.07,14413,Democratic
1960,Michigan,MI,Dickinson,County,John F. Kennedy,Democratic,6645,55.4,11995,Democratic
1960,Michigan,MI,Dickinson,County,Richard Nixon,Republican,5336,44.49,11995,Democratic
1960,Michigan,MI,Dickinson,County,Farrell Dobbs,Socialist Workers,9,0.08,11995,Democratic
1960,Michigan,MI,Dickinson,County,Rutherford Decker,Prohibition,3,0.03,11995,Democratic
1960,Michigan,MI,Dickinson,County,Other,Various,5,0.04,11995,Democratic
1960,Michigan,MI,Eaton,County,John F. Kennedy,Democratic,6912,32.68,21149,Republican
1960,Michigan,MI,Eaton,County,Richard Nixon,Republican,14163,66.97,21149,Republican
1960,Michigan,MI,Eaton,County,Farrell Dobbs,Socialist Workers,19,0.09,21149,Republican
1960,Michigan,MI,Eaton,County,Rutherford Decker,Prohibition,47,0.22,21149,Republican
1960,Michigan,MI,Eaton,County,Other,Various,8,0.04,21149,Republican
1960,Michigan,MI,Emmet,County,John F. Kennedy,Democratic,2602,36.15,7198,Republican
1960,Michigan,MI,Emmet,County,Richard Nixon,Republican,4574,63.55,7198,Republican
1960,Michigan,MI,Emmet,County,Farrell Dobbs,Socialist Workers,11,0.15,7198,Republican
1960,Michigan,MI,Emmet,County,Rutherford Decker,Prohibition,7,0.1,7198,Republican
1960,Michigan,MI,Emmet,County,Other,Various,4,0.06,7198,Republican
1960,Michigan,MI,Genesee,County,John F. Kennedy,Democratic,72059,48.87,147457,Republican
1960,Michigan,MI,Genesee,County,Richard Nixon,Republican,74940,50.82,147457,Republican
1960,Michigan,MI,Genesee,County,Farrell Dobbs,Socialist Workers,212,0.14,147457,Republican
1960,Michigan,MI,Genesee,County,Rutherford Decker,Prohibition,138,0.09,147457,Republican
1960,Michigan,MI,Genesee,County,Other,Various,108,0.07,147457,Republican
1960,Michigan,MI,Gladwin,County,John F. Kennedy,Democratic,1424,30.22,4712,Republican
1960,Michigan,MI,Gladwin,County,Richard Nixon,Republican,3282,69.65,4712,Republican
1960,Michigan,MI,Gladwin,County,Farrell Dobbs,Socialist Workers,2,0.04,4712,Republican
1960,Michigan,MI,Gladwin,County,Rutherford Decker,Prohibition,4,0.08,4712,Republican
1960,Michigan,MI,Gladwin,County,Other,Various,0,0.0,4712,Republican
1960,Michigan,MI,Gogebic,County,John F. Kennedy,Democratic,7200,56.88,12659,Democratic
1960,Michigan,MI,Gogebic,County,Richard Nixon,Republican,5429,42.89,12659,Democratic
1960,Michigan,MI,Gogebic,County,Farrell Dobbs,Socialist Workers,15,0.12,12659,Democratic
1960,Michigan,MI,Gogebic,County,Rutherford Decker,Prohibition,6,0.05,12659,Democratic
1960,Michigan,MI,Gogebic,County,Other,Various,9,0.07,12659,Democratic
1960,Michigan,MI,Grand Traverse,County,John F. Kennedy,Democratic,4886,36.09,13540,Republican
1960,Michigan,MI,Grand Traverse,County,Richard Nixon,Republican,8618,63.65,13540,Republican
1960,Michigan,MI,Grand Traverse,County,Farrell Dobbs,Socialist Workers,16,0.12,13540,Republican
1960,Michigan,MI,Grand Traverse,County,Rutherford Decker,Prohibition,9,0.07,13540,Republican
1960,Michigan,MI,Grand Traverse,County,Other,Various,11,0.08,13540,Republican
1960,Michigan,MI,Gratiot,County,John F. Kennedy,Democratic,3859,28.1,13734,Republican
1960,Michigan,MI,Gratiot,County,Richard Nixon,Republican,9854,71.75,13734,Republican
1960,Michigan,MI,Gratiot,County,Farrell Dobbs,Socialist Workers,6,0.04,13734,Republican
1960,Michigan,MI,Gratiot,County,Rutherford Decker,Prohibition,12,0.09,13734,Republican
1960,Michigan,MI,Gratiot,County,Other,Various,3,0.02,13734,Republican
1960,Michigan,MI,Hillsdale,County,John F. Kennedy,Democratic,4069,28.38,14340,Republican
1960,Michigan,MI,Hillsdale,County,Richard Nixon,Republican,10208,71.19,14340,Republican
1960,Michigan,MI,Hillsdale,County,Farrell Dobbs,Socialist Workers,9,0.06,14340,Republican
1960,Michigan,MI,Hillsdale,County,Rutherford Decker,Prohibition,44,0.31,14340,Republican
1960,Michigan,MI,Hillsdale,County,Other,Various,10,0.07,14340,Republican
1960,Michigan,MI,Houghton,County,John F. Kennedy,Democratic,8021,50.7,15822,Democratic
1960,Michigan,MI,Houghton,County,Richard Nixon,Republican,7767,49.09,15822,Democratic
1960,Michigan,MI,Houghton,County,Farrell Dobbs,Socialist Workers,22,0.14,15822,Democratic
1960,Michigan,MI,Houghton,County,Rutherford Decker,Prohibition,2,0.01,15822,Democratic
1960,Michigan,MI,Houghton,County,Other,Various,10,0.05,15822,Democratic
1960,Michigan,MI,Huron,County,John F. Kennedy,Democratic,5775,37.53,15386,Republican
1960,Michigan,MI,Huron,County,Richard Nixon,Republican,9592,62.34,15386,Republican
1960,Michigan,MI,Huron,County,Farrell Dobbs,Socialist Workers,12,0.08,15386,Republican
1960,Michigan,MI,Huron,County,Rutherford Decker,Prohibition,2,0.01,15386,Republican
1960,Michigan,MI,Huron,County,Other,Various,5,0.03,15386,Republican
1960,Michigan,MI,Ingham,County,John F. Kennedy,Democratic,32043,36.87,86907,Republican
1960,Michigan,MI,Ingham,County,Richard Nixon,Republican,54655,62.89,86907,Republican
1960,Michigan,MI,Ingham,County,Farrell Dobbs,Socialist Workers,79,0.09,86907,Republican
1960,Michigan,MI,Ingham,County,Rutherford Decker,Prohibition,65,0.07,86907,Republican
1960,Michigan,MI,Ingham,County,Other,Various,65,0.07,86907,Republican
1960,Michigan,MI,Ionia,County,John F. Kennedy,Democratic,6377,37.88,16834,Republican
1960,Michigan,MI,Ionia,County,Richard Nixon,Republican,10405,61.81,16834,Republican
1960,Michigan,MI,Ionia,County,Farrell Dobbs,Socialist Workers,4,0.02,16834,Republican
1960,Michigan,MI,Ionia,County,Rutherford Decker,Prohibition,40,0.24,16834,Republican
1960,Michigan,MI,Ionia,County,Other,Various,8,0.05,16834,Republican
1960,Michigan,MI,Iosco,County,John F. Kennedy,Democratic,2549,37.12,6866,Republican
1960,Michigan,MI,Iosco,County,Richard Nixon,Republican,4308,62.74,6866,Republican
1960,Michigan,MI,Iosco,County,Farrell Dobbs,Socialist Workers,3,0.04,6866,Republican
1960,Michigan,MI,Iosco,County,Rutherford Decker,Prohibition,5,0.07,6866,Republican
1960,Michigan,MI,Iosco,County,Other,Various,1,0.01,6866,Republican
1960,Michigan,MI,Iron,County,John F. Kennedy,Democratic,5232,57.09,9165,Democratic
1960,Michigan,MI,Iron,County,Richard Nixon,Republican,3919,42.76,9165,Democratic
1960,Michigan,MI,Iron,County,Farrell Dobbs,Socialist Workers,7,0.08,9165,Democratic
1960,Michigan,MI,Iron,County,Rutherford Decker,Prohibition,3,0.03,9165,Democratic
1960,Michigan,MI,Iron,County,Other,Various,4,0.04,9165,Democratic
1960,Michigan,MI,Isabella,County,John F. Kennedy,Democratic,4431,35.92,12335,Republican
1960,Michigan,MI,Isabella,County,Richard Nixon,Republican,7880,63.88,12335,Republican
1960,Michigan,MI,Isabella,County,Farrell Dobbs,Socialist Workers,5,0.04,12335,Republican
1960,Michigan,MI,Isabella,County,Rutherford Decker,Prohibition,14,0.11,12335,Republican
1960,Michigan,MI,Isabella,County,Other,Various,5,0.04,12335,Republican
1960,Michigan,MI,Jackson,County,John F. Kennedy,Democratic,20995,37.64,55779,Republican
1960,Michigan,MI,Jackson,County,Richard Nixon,Republican,34660,62.14,55779,Republican
1960,Michigan,MI,Jackson,County,Farrell Dobbs,Socialist Workers,48,0.09,55779,Republican
1960,Michigan,MI,Jackson,County,Rutherford Decker,Prohibition,41,0.07,55779,Republican
1960,Michigan,MI,Jackson,County,Other,Various,35,0.06,55779,Republican
1960,Michigan,MI,Kalamazoo,County,John F. Kennedy,Democratic,24286,36.01,67434,Republican
1960,Michigan,MI,Kalamazoo,County,Richard Nixon,Republican,42800,63.47,67434,Republican
1960,Michigan,MI,Kalamazoo,County,Farrell Dobbs,Socialist Workers,122,0.18,67434,Republican
1960,Michigan,MI,Kalamazoo,County,Rutherford Decker,Prohibition,130,0.19,67434,Republican
1960,Michigan,MI,Kalamazoo,County,Other,Various,96,0.14,67434,Republican
1960,Michigan,MI,Kalkaska,County,John F. Kennedy,Democratic,693,33.99,2039,Republican
1960,Michigan,MI,Kalkaska,County,Richard Nixon,Republican,1341,65.77,2039,Republican
1960,Michigan,MI,Kalkaska,County,Farrell Dobbs,Socialist Workers,1,0.05,2039,Republican
1960,Michigan,MI,Kalkaska,County,Rutherford Decker,Prohibition,3,0.15,2039,Republican
1960,Michigan,MI,Kalkaska,County,Other,Various,1,0.05,2039,Republican
1960,Michigan,MI,Kent,County,John F. Kennedy,Democratic,61313,38.98,157296,Republican
1960,Michigan,MI,Kent,County,Richard Nixon,Republican,95477,60.7,157296,Republican
1960,Michigan,MI,Kent,County,Farrell Dobbs,Socialist Workers,298,0.19,157296,Republican
1960,Michigan,MI,Kent,County,Rutherford Decker,Prohibition,97,0.06,157296,Republican
1960,Michigan,MI,Kent,County,Other,Various,111,0.07,157296,Republican
1960,Michigan,MI,Keweenaw,County,John F. Kennedy,Democratic,655,48.77,1343,Republican
1960,Michigan,MI,Keweenaw,County,Richard Nixon,Republican,684,50.93,1343,Republican
1960,Michigan,MI,Keweenaw,County,Farrell Dobbs,Socialist Workers,2,0.15,1343,Republican
1960,Michigan,MI,Keweenaw,County,Rutherford Decker,Prohibition,1,0.07,1343,Republican
1960,Michigan,MI,Keweenaw,County,Other,Various,1,0.07,1343,Republican
1960,Michigan,MI,Lake,County,John F. Kennedy,Democratic,1313,47.62,2757,Republican
1960,Michigan,MI,Lake,County,Richard Nixon,Republican,1441,52.27,2757,Republican
1960,Michigan,MI,Lake,County,Farrell Dobbs,Socialist Workers,1,0.04,2757,Republican
1960,Michigan,MI,Lake,County,Rutherford Decker,Prohibition,1,0.04,2757,Republican
1960,Michigan,MI,Lake,County,Other,Various,2,0.07,2757,Republican
1960,Michigan,MI,Lapeer,County,John F. Kennedy,Democratic,5099,32.76,15567,Republican
1960,Michigan,MI,Lapeer,County,Richard Nixon,Republican,10450,67.13,15567,Republican
1960,Michigan,MI,Lapeer,County,Farrell Dobbs,Socialist Workers,5,0.03,15567,Republican
1960,Michigan,MI,Lapeer,County,Rutherford Decker,Prohibition,5,0.03,15567,Republican
1960,Michigan,MI,Lapeer,County,Other,Various,8,0.05,15567,Republican
1960,Michigan,MI,Leelanau,County,John F. Kennedy,Democratic,1810,39.82,4546,Republican
1960,Michigan,MI,Leelanau,County,Richard Nixon,Republican,2730,60.05,4546,Republican
1960,Michigan,MI,Leelanau,County,Farrell Dobbs,Socialist Workers,4,0.09,4546,Republican
1960,Michigan,MI,Leelanau,County,Rutherford Decker,Prohibition,1,0.02,4546,Republican
1960,Michigan,MI,Leelanau,County,Other,Various,2,0.04,4546,Republican
1960,Michigan,MI,Lenawee,County,John F. Kennedy,Democratic,10785,35.11,30719,Republican
1960,Michigan,MI,Lenawee,County,Richard Nixon,Republican,19859,64.65,30719,Republican
1960,Michigan,MI,Lenawee,County,Farrell Dobbs,Socialist Workers,41,0.13,30719,Republican
1960,Michigan,MI,Lenawee,County,Rutherford Decker,Prohibition,13,0.04,30719,Republican
1960,Michigan,MI,Lenawee,County,Other,Various,21,0.07,30719,Republican
1960,Michigan,MI,Livingston,County,John F. Kennedy,Democratic,5608,35.08,15987,Republican
1960,Michigan,MI,Livingston,County,Richard Nixon,Republican,10340,64.68,15987,Republican
1960,Michigan,MI,Livingston,County,Farrell Dobbs,Socialist Workers,13,0.08,15987,Republican
1960,Michigan,MI,Livingston,County,Rutherford Decker,Prohibition,13,0.08,15987,Republican
1960,Michigan,MI,Livingston,County,Other,Various,13,0.08,15987,Republican
1960,Michigan,MI,Luce,County,John F. Kennedy,Democratic,828,35.06,2362,Republican
1960,Michigan,MI,Luce,County,Richard Nixon,Republican,1534,64.94,2362,Republican
1960,Michigan,MI,Luce,County,Farrell Dobbs,Socialist Workers,0,0.0,2362,Republican
1960,Michigan,MI,Luce,County,Rutherford Decker,Prohibition,0,0.0,2362,Republican
1960,Michigan,MI,Luce,County,Other,Various,0,0.0,2362,Republican
1960,Michigan,MI,Mackinac,County,John F. Kennedy,Democratic,2042,39.91,5117,Republican
1960,Michigan,MI,Mackinac,County,Richard Nixon,Republican,3064,59.88,5117,Republican
1960,Michigan,MI,Mackinac,County,Farrell Dobbs,Socialist Workers,7,0.14,5117,Republican
1960,Michigan,MI,Mackinac,County,Rutherford Decker,Prohibition,1,0.02,5117,Republican
1960,Michigan,MI,Mackinac,County,Other,Various,3,0.06,5117,Republican
1960,Michigan,MI,Macomb,County,John F. Kennedy,Democratic,105681,62.83,168195,Democratic
1960,Michigan,MI,Macomb,County,Richard Nixon,Republican,61989,36.86,168195,Democratic
1960,Michigan,MI,Macomb,County,Farrell Dobbs,Socialist Workers,208,0.12,168195,Democratic
1960,Michigan,MI,Macomb,County,Rutherford Decker,Prohibition,58,0.03,168195,Democratic
1960,Michigan,MI,Macomb,County,Other,Various,259,0.15,168195,Democratic
1960,Michigan,MI,Manistee,County,John F. Kennedy,Democratic,4122,45.81,8999,Republican
1960,Michigan,MI,Manistee,County,Richard Nixon,Republican,4867,54.08,8999,Republican
1960,Michigan,MI,Manistee,County,Farrell Dobbs,Socialist Workers,5,0.06,8999,Republican
1960,Michigan,MI,Manistee,County,Rutherford Decker,Prohibition,3,0.03,8999,Republican
1960,Michigan,MI,Manistee,County,Other,Various,2,0.02,8999,Republican
1960,Michigan,MI,Marquette,County,John F. Kennedy,Democratic,11177,51.0,21917,Democratic
1960,Michigan,MI,Marquette,County,Richard Nixon,Republican,10690,48.77,21917,Democratic
1960,Michigan,MI,Marquette,County,Farrell Dobbs,Socialist Workers,29,0.13,21917,Democratic
1960,Michigan,MI,Marquette,County,Rutherford Decker,Prohibition,5,0.02,21917,Democratic
1960,Michigan,MI,Marquette,County,Other,Various,16,0.07,21917,Democratic
1960,Michigan,MI,Mason,County,John F. Kennedy,Democratic,4305,41.69,10326,Republican
1960,Michigan,MI,Mason,County,Richard Nixon,Republican,6011,58.21,10326,Republican
1960,Michigan,MI,Mason,County,Farrell Dobbs,Socialist Workers,5,0.05,10326,Republican
1960,Michigan,MI,Mason,County,Rutherford Decker,Prohibition,1,0.01,10326,Republican
1960,Michigan,MI,Mason,County,Other,Various,5,0.05,10326,Republican
1960,Michigan,MI,Mecosta,County,John F. Kennedy,Democratic,2380,30.9,7703,Republican
1960,Michigan,MI,Mecosta,County,Richard Nixon,Republican,5306,68.88,7703,Republican
1960,Michigan,MI,Mecosta,County,Farrell Dobbs,Socialist Workers,2,0.03,7703,Republican
1960,Michigan,MI,Mecosta,County,Rutherford Decker,Prohibition,15,0.19,7703,Republican
1960,Michigan,MI,Mecosta,County,Other,Various,0,0.0,7703,Republican
1960,Michigan,MI,Menominee,County,John F. Kennedy,Democratic,5857,53.55,10938,Democratic
1960,Michigan,MI,Menominee,County,Richard Nixon,Republican,5064,46.3,10938,Democratic
1960,Michigan,MI,Menominee,County,Farrell Dobbs,Socialist Workers,5,0.05,10938,Democratic
1960,Michigan,MI,Menominee,County,Rutherford Decker,Prohibition,6,0.05,10938,Democratic
1960,Michigan,MI,Menominee,County,Other,Various,6,0.05,10938,Democratic
1960,Michigan,MI,Midland,County,John F. Kennedy,Democratic,6815,32.34,21071,Republican
1960,Michigan,MI,Midland,County,Richard Nixon,Republican,14235,67.56,21071,Republican
1960,Michigan,MI,Midland,County,Farrell Dobbs,Socialist Workers,11,0.05,21071,Republican
1960,Michigan,MI,Midland,County,Rutherford Decker,Prohibition,5,0.02,21071,Republican
1960,Michigan,MI,Midland,County,Other,Various,5,0.02,21071,Republican
1960,Michigan,MI,Missaukee,County,John F. Kennedy,Democratic,627,19.77,3171,Republican
1960,Michigan,MI,Missaukee,County,Richard Nixon,Republican,2531,79.82,3171,Republican
1960,Michigan,MI,Missaukee,County,Farrell Dobbs,Socialist Workers,1,0.03,3171,Republican
1960,Michigan,MI,Missaukee,County,Rutherford Decker,Prohibition,8,0.25,3171,Republican
1960,Michigan,MI,Missaukee,County,Other,Various,4,0.13,3171,Republican
1960,Michigan,MI,Monroe,County,John F. Kennedy,Democratic,19684,51.23,38423,Democratic
1960,Michigan,MI,Monroe,County,Richard Nixon,Republican,18607,48.43,38423,Democratic
1960,Michigan,MI,Monroe,County,Farrell Dobbs,Socialist Workers,60,0.16,38423,Democratic
1960,Michigan,MI,Monroe,County,Rutherford Decker,Prohibition,25,0.07,38423,Democratic
1960,Michigan,MI,Monroe,County,Other,Various,47,0.12,38423,Democratic
1960,Michigan,MI,Montcalm,County,John F. Kennedy,Democratic,4767,32.01,14892,Republican
1960,Michigan,MI,Montcalm,County,Richard Nixon,Republican,10085,67.72,14892,Republican
1960,Michigan,MI,Montcalm,County,Farrell Dobbs,Socialist Workers,12,0.08,14892,Republican
1960,Michigan,MI,Montcalm,County,Rutherford Decker,Prohibition,17,0.11,14892,Republican
1960,Michigan,MI,Montcalm,County,Other,Various,11,0.07,14892,Republican
1960,Michigan,MI,Montmorency,County,John F. Kennedy,Democratic,866,35.59,2433,Republican
1960,Michigan,MI,Montmorency,County,Richard Nixon,Republican,1565,64.32,2433,Republican
1960,Michigan,MI,Montmorency,County,Farrell Dobbs,Socialist Workers,1,0.04,2433,Republican
1960,Michigan,MI,Montmorency,County,Rutherford Decker,Prohibition,1,0.04,2433,Republican
1960,Michigan,MI,Montmorency,County,Other,Various,0,0.0,2433,Republican
1960,Michigan,MI,Muskegon,County,John F. Kennedy,Democratic,28755,46.63,61661,Republican
1960,Michigan,MI,Muskegon,County,Richard Nixon,Republican,32667,52.98,61661,Republican
1960,Michigan,MI,Muskegon,County,Farrell Dobbs,Socialist Workers,92,0.15,61661,Republican
1960,Michigan,MI,Muskegon,County,Rutherford Decker,Prohibition,50,0.08,61661,Republican
1960,Michigan,MI,Muskegon,County,Other,Various,97,0.16,61661,Republican
1960,Michigan,MI,Newaygo,County,John F. Kennedy,Democratic,3404,31.31,10872,Republican
1960,Michigan,MI,Newaygo,County,Richard Nixon,Republican,7453,68.55,10872,Republican
1960,Michigan,MI,Newaygo,County,Farrell Dobbs,Socialist Workers,7,0.06,10872,Republican
1960,Michigan,MI,Newaygo,County,Rutherford Decker,Prohibition,2,0.02,10872,Republican
1960,Michigan,MI,Newaygo,County,Other,Various,6,0.06,10872,Republican
1960,Michigan,MI,Oakland,County,John F. Kennedy,Democratic,135531,45.39,298562,Republican
1960,Michigan,MI,Oakland,County,Richard Nixon,Republican,162026,54.27,298562,Republican
1960,Michigan,MI,Oakland,County,Farrell Dobbs,Socialist Workers,512,0.17,298562,Republican
1960,Michigan,MI,Oakland,County,Rutherford Decker,Prohibition,110,0.04,298562,Republican
1960,Michigan,MI,Oakland,County,Other,Various,383,0.13,298562,Republican
1960,Michigan,MI,Oceana,County,John F. Kennedy,Democratic,2651,37.43,7082,Republican
1960,Michigan,MI,Oceana,County,Richard Nixon,Republican,4418,62.38,7082,Republican
1960,Michigan,MI,Oceana,County,Farrell Dobbs,Socialist Workers,8,0.11,7082,Republican
1960,Michigan,MI,Oceana,County,Rutherford Decker,Prohibition,4,0.06,7082,Republican
1960,Michigan,MI,Oceana,County,Other,Various,1,0.01,7082,Republican
1960,Michigan,MI,Ogemaw,County,John F. Kennedy,Democratic,1867,41.11,4542,Republican
1960,Michigan,MI,Ogemaw,County,Richard Nixon,Republican,2664,58.65,4542,Republican
1960,Michigan,MI,Ogemaw,County,Farrell Dobbs,Socialist Workers,9,0.2,4542,Republican
1960,Michigan,MI,Ogemaw,County,Rutherford Decker,Prohibition,2,0.04,4542,Republican
1960,Michigan,MI,Ogemaw,County,Other,Various,0,0.0,4542,Republican
1960,Michigan,MI,Ontonagon,County,John F. Kennedy,Democratic,2553,49.33,5175,Republican
1960,Michigan,MI,Ontonagon,County,Richard Nixon,Republican,2620,50.63,5175,Republican
1960,Michigan,MI,Ontonagon,County,Farrell Dobbs,Socialist Workers,2,0.04,5175,Republican
1960,Michigan,MI,Ontonagon,County,Rutherford Decker,Prohibition,0,0.0,5175,Republican
1960,Michigan,MI,Ontonagon,County,Other,Various,2,0.04,5175,Republican
1960,Michigan,MI,Osceola,County,John F. Kennedy,Democratic,1378,23.5,5865,Republican
1960,Michigan,MI,Osceola,County,Richard Nixon,Republican,4477,76.33,5865,Republican
1960,Michigan,MI,Osceola,County,Farrell Dobbs,Socialist Workers,1,0.02,5865,Republican
1960,Michigan,MI,Osceola,County,Rutherford Decker,Prohibition,9,0.15,5865,Republican
1960,Michigan,MI,Osceola,County,Other,Various,0,0.0,5865,Republican
1960,Michigan,MI,Oscoda,County,John F. Kennedy,Democratic,458,28.03,1634,Republican
1960,Michigan,MI,Oscoda,County,Richard Nixon,Republican,1174,71.85,1634,Republican
1960,Michigan,MI,Oscoda,County,Farrell Dobbs,Socialist Workers,1,0.06,1634,Republican
1960,Michigan,MI,Oscoda,County,Rutherford Decker,Prohibition,1,0.06,1634,Republican
1960,Michigan,MI,Oscoda,County,Other,Various,1,0.06,1634,Republican
1960,Michigan,MI,Otsego,County,John F. Kennedy,Democratic,1521,43.85,3469,Republican
1960,Michigan,MI,Otsego,County,Richard Nixon,Republican,1944,56.04,3469,Republican
1960,Michigan,MI,Otsego,County,Farrell Dobbs,Socialist Workers,1,0.03,3469,Republican
1960,Michigan,MI,Otsego,County,Rutherford Decker,Prohibition,1,0.03,3469,Republican
1960,Michigan,MI,Otsego,County,Other,Various,2,0.06,3469,Republican
1960,Michigan,MI,Ottawa,County,John F. Kennedy,Democratic,10617,24.45,43421,Republican
1960,Michigan,MI,Ottawa,County,Richard Nixon,Republican,32678,75.26,43421,Republican
1960,Michigan,MI,Ottawa,County,Farrell Dobbs,Socialist Workers,66,0.15,43421,Republican
1960,Michigan,MI,Ottawa,County,Rutherford Decker,Prohibition,32,0.07,43421,Republican
1960,Michigan,MI,Ottawa,County,Other,Various,28,0.06,43421,Republican
1960,Michigan,MI,Presque Isle,County,John F. Kennedy,Democratic,2649,47.29,5602,Republican
1960,Michigan,MI,Presque Isle,County,Richard Nixon,Republican,2950,52.66,5602,Republican
1960,Michigan,MI,Presque Isle,County,Farrell Dobbs,Socialist Workers,2,0.04,5602,Republican
1960,Michigan,MI,Presque Isle,County,Rutherford Decker,Prohibition,1,0.02,5602,Republican
1960,Michigan,MI,Presque Isle,County,Other,Various,1,0.02,5602,Republican
1960,Michigan,MI,Roscommon,County,John F. Kennedy,Democratic,1226,30.94,3962,Republican
1960,Michigan,MI,Roscommon,County,Richard Nixon,Republican,2731,68.93,3962,Republican
1960,Michigan,MI,Roscommon,County,Farrell Dobbs,Socialist Workers,4,0.1,3962,Republican
1960,Michigan,MI,Roscommon,County,Rutherford Decker,Prohibition,1,0.03,3962,Republican
1960,Michigan,MI,Roscommon,County,Other,Various,1,0.03,3962,Republican
1960,Michigan,MI,Saginaw,County,John F. Kennedy,Democratic,32715,44.05,74272,Republican
1960,Michigan,MI,Saginaw,County,Richard Nixon,Republican,41351,55.68,74272,Republican
1960,Michigan,MI,Saginaw,County,Farrell Dobbs,Socialist Workers,82,0.11,74272,Republican
1960,Michigan,MI,Saginaw,County,Rutherford Decker,Prohibition,56,0.08,74272,Republican
1960,Michigan,MI,Saginaw,County,Other,Various,68,0.09,74272,Republican
1960,Michigan,MI,Sanilac,County,John F. Kennedy,Democratic,4153,27.35,15185,Republican
1960,Michigan,MI,Sanilac,County,Richard Nixon,Republican,11005,72.47,15185,Republican
1960,Michigan,MI,Sanilac,County,Farrell Dobbs,Socialist Workers,4,0.03,15185,Republican
1960,Michigan,MI,Sanilac,County,Rutherford Decker,Prohibition,15,0.1,15185,Republican
1960,Michigan,MI,Sanilac,County,Other,Various,8,0.05,15185,Republican
1960,Michigan,MI,Schoolcraft,County,John F. Kennedy,Democratic,2107,49.02,4298,Republican
1960,Michigan,MI,Schoolcraft,County,Richard Nixon,Republican,2183,50.79,4298,Republican
1960,Michigan,MI,Schoolcraft,County,Farrell Dobbs,Socialist Workers,6,0.14,4298,Republican
1960,Michigan,MI,Schoolcraft,County,Rutherford Decker,Prohibition,1,0.02,4298,Republican
1960,Michigan,MI,Schoolcraft,County,Other,Various,1,0.02,4298,Republican
1960,Michigan,MI,Shiawassee,County,John F. Kennedy,Democratic,8773,38.81,22604,Republican
1960,Michigan,MI,Shiawassee,County,Richard Nixon,Republican,13757,60.86,22604,Republican
1960,Michigan,MI,Shiawassee,County,Farrell Dobbs,Socialist Workers,31,0.14,22604,Republican
1960,Michigan,MI,Shiawassee,County,Rutherford Decker,Prohibition,25,0.11,22604,Republican
1960,Michigan,MI,Shiawassee,County,Other,Various,18,0.08,22604,Republican
1960,Michigan,MI,St. Clair,County,John F. Kennedy,Democratic,18332,40.05,45774,Republican
1960,Michigan,MI,St. Clair,County,Richard Nixon,Republican,27366,59.79,45774,Republican
1960,Michigan,MI,St. Clair,County,Farrell Dobbs,Socialist Workers,40,0.09,45774,Republican
1960,Michigan,MI,St. Clair,County,Rutherford Decker,Prohibition,14,0.03,45774,Republican
1960,Michigan,MI,St. Clair,County,Other,Various,22,0.05,45774,Republican
1960,Michigan,MI,St. Joseph,County,John F. Kennedy,Democratic,5445,30.51,17847,Republican
1960,Michigan,MI,St. Joseph,County,Richard Nixon,Republican,12337,69.13,17847,Republican
1960,Michigan,MI,St. Joseph,County,Farrell Dobbs,Socialist Workers,12,0.07,17847,Republican
1960,Michigan,MI,St. Joseph,County,Rutherford Decker,Prohibition,38,0.21,17847,Republican
1960,Michigan,MI,St. Joseph,County,Other,Various,15,0.08,17847,Republican
1960,Michigan,MI,Tuscola,County,John F. Kennedy,Democratic,5357,30.95,17308,Republican
1960,Michigan,MI,Tuscola,County,Richard Nixon,Republican,11931,68.93,17308,Republican
1960,Michigan,MI,Tuscola,County,Farrell Dobbs,Socialist Workers,2,0.01,17308,Republican
1960,Michigan,MI,Tuscola,County,Rutherford Decker,Prohibition,10,0.06,17308,Republican
1960,Michigan,MI,Tuscola,County,Other,Various,8,0.05,17308,Republican
1960,Michigan,MI,Van Buren,County,John F. Kennedy,Democratic,7082,35.24,20096,Republican
1960,Michigan,MI,Van Buren,County,Richard Nixon,Republican,12903,64.21,20096,Republican
1960,Michigan,MI,Van Buren,County,Farrell Dobbs,Socialist Workers,42,0.21,20096,Republican
1960,Michigan,MI,Van Buren,County,Rutherford Decker,Prohibition,26,0.13,20096,Republican
1960,Michigan,MI,Van Buren,County,Other,Various,43,0.21,20096,Republican
1960,Michigan,MI,Washtenaw,County,John F. Kennedy,Democratic,25129,38.67,64986,Republican
1960,Michigan,MI,Washtenaw,County,Richard Nixon,Republican,39632,60.99,64986,Republican
1960,Michigan,MI,Washtenaw,County,Farrell Dobbs,Socialist Workers,85,0.13,64986,Republican
1960,Michigan,MI,Washtenaw,County,Rutherford Decker,Prohibition,40,0.06,64986,Republican
1960,Michigan,MI,Washtenaw,County,Other,Various,100,0.15,64986,Republican
1960,Michigan,MI,Wayne,County,John F. Kennedy,Democratic,773327,65.99,1171909,Democratic
1960,Michigan,MI,Wayne,County,Richard Nixon,Republican,394485,33.66,1171909,Democratic
1960,Michigan,MI,Wayne,County,Farrell Dobbs,Socialist Workers,1665,0.14,1171909,Democratic
1960,Michigan,MI,Wayne,County,Rutherford Decker,Prohibition,396,0.03,1171909,Democratic
1960,Michigan,MI,Wayne,County,Other,Various,2036,0.17,1171909,Democratic
1960,Michigan,MI,Wexford,County,John F. Kennedy,Democratic,2807,34.67,8096,Republican
1960,Michigan,MI,Wexford,County,Richard Nixon,Republican,5262,65.0,8096,Republican
1960,Michigan,MI,Wexford,County,Farrell Dobbs,Socialist Workers,3,0.04,8096,Republican
1960,Michigan,MI,Wexford,County,Rutherford Decker,Prohibition,19,0.23,8096,Republican
1960,Michigan,MI,Wexford,County,Other,Various,5,0.06,8096,Republican
1960,Minnesota,MN,Aitkin,County,John F. Kennedy,Democratic-Farmer-Labor,2980,48.75,6113,Republican
1960,Minnesota,MN,Aitkin,County,Richard Nixon,Republican,3097,50.66,6113,Republican
1960,Minnesota,MN,Aitkin,County,Farrell Dobbs,Socialist Workers,25,0.41,6113,Republican
1960,Minnesota,MN,Aitkin,County,Eric Hass,Industrial Government,11,0.18,6113,Republican
1960,Minnesota,MN,Anoka,County,John F. Kennedy,Democratic-Farmer-Labor,20324,58.89,34511,Democratic-Farmer-Labor
1960,Minnesota,MN,Anoka,County,Richard Nixon,Republican,14114,40.9,34511,Democratic-Farmer-Labor
1960,Minnesota,MN,Anoka,County,Farrell Dobbs,Socialist Workers,55,0.16,34511,Democratic-Farmer-Labor
1960,Minnesota,MN,Anoka,County,Eric Hass,Industrial Government,18,0.05,34511,Democratic-Farmer-Labor
1960,Minnesota,MN,Becker,County,John F. Kennedy,Democratic-Farmer-Labor,5257,50.6,10389,Democratic-Farmer-Labor
1960,Minnesota,MN,Becker,County,Richard Nixon,Republican,5090,48.99,10389,Democratic-Farmer-Labor
1960,Minnesota,MN,Becker,County,Farrell Dobbs,Socialist Workers,33,0.32,10389,Democratic-Farmer-Labor
1960,Minnesota,MN,Becker,County,Eric Hass,Industrial Government,9,0.09,10389,Democratic-Farmer-Labor
1960,Minnesota,MN,Beltrami,County,John F. Kennedy,Democratic-Farmer-Labor,4653,50.81,9157,Democratic-Farmer-Labor
1960,Minnesota,MN,Beltrami,County,Richard Nixon,Republican,4482,48.95,9157,Democratic-Farmer-Labor
1960,Minnesota,MN,Beltrami,County,Farrell Dobbs,Socialist Workers,16,0.17,9157,Democratic-Farmer-Labor
1960,Minnesota,MN,Beltrami,County,Eric Hass,Industrial Government,6,0.07,9157,Democratic-Farmer-Labor
1960,Minnesota,MN,Benton,County,John F. Kennedy,Democratic-Farmer-Labor,4175,55.56,7515,Democratic-Farmer-Labor
1960,Minnesota,MN,Benton,County,Richard Nixon,Republican,3324,44.23,7515,Democratic-Farmer-Labor
1960,Minnesota,MN,Benton,County,Farrell Dobbs,Socialist Workers,14,0.19,7515,Democratic-Farmer-Labor
1960,Minnesota,MN,Benton,County,Eric Hass,Industrial Government,2,0.03,7515,Democratic-Farmer-Labor
1960,Minnesota,MN,Big Stone,County,John F. Kennedy,Democratic-Farmer-Labor,2437,56.91,4282,Democratic-Farmer-Labor
1960,Minnesota,MN,Big Stone,County,Richard Nixon,Republican,1834,42.83,4282,Democratic-Farmer-Labor
1960,Minnesota,MN,Big Stone,County,Farrell Dobbs,Socialist Workers,9,0.21,4282,Democratic-Farmer-Labor
1960,Minnesota,MN,Big Stone,County,Eric Hass,Industrial Government,2,0.05,4282,Democratic-Farmer-Labor
1960,Minnesota,MN,Blue Earth,County,John F. Kennedy,Democratic-Farmer-Labor,8052,41.48,19413,Republican
1960,Minnesota,MN,Blue Earth,County,Richard Nixon,Republican,11328,58.35,19413,Republican
1960,Minnesota,MN,Blue Earth,County,Farrell Dobbs,Socialist Workers,25,0.13,19413,Republican
1960,Minnesota,MN,Blue Earth,County,Eric Hass,Industrial Government,8,0.04,19413,Republican
1960,Minnesota,MN,Brown,County,John F. Kennedy,Democratic-Farmer-Labor,5353,42.99,12453,Republican
1960,Minnesota,MN,Brown,County,Richard Nixon,Republican,7084,56.89,12453,Republican
1960,Minnesota,MN,Brown,County,Farrell Dobbs,Socialist Workers,13,0.1,12453,Republican
1960,Minnesota,MN,Brown,County,Eric Hass,Industrial Government,3,0.02,12453,Republican
1960,Minnesota,MN,Carlton,County,John F. Kennedy,Democratic-Farmer-Labor,7576,61.98,12224,Democratic-Farmer-Labor
1960,Minnesota,MN,Carlton,County,Richard Nixon,Republican,4613,37.74,12224,Democratic-Farmer-Labor
1960,Minnesota,MN,Carlton,County,Farrell Dobbs,Socialist Workers,30,0.25,12224,Democratic-Farmer-Labor
1960,Minnesota,MN,Carlton,County,Eric Hass,Industrial Government,5,0.04,12224,Democratic-Farmer-Labor
1960,Minnesota,MN,Carver,County,John F. Kennedy,Democratic-Farmer-Labor,3982,38.94,10227,Republican
1960,Minnesota,MN,Carver,County,Richard Nixon,Republican,6231,60.93,10227,Republican
1960,Minnesota,MN,Carver,County,Farrell Dobbs,Socialist Workers,8,0.08,10227,Republican
1960,Minnesota,MN,Carver,County,Eric Hass,Industrial Government,6,0.06,10227,Republican
1960,Minnesota,MN,Cass,County,John F. Kennedy,Democratic-Farmer-Labor,3578,44.78,7991,Republican
1960,Minnesota,MN,Cass,County,Richard Nixon,Republican,4399,55.05,7991,Republican
1960,Minnesota,MN,Cass,County,Farrell Dobbs,Socialist Workers,12,0.15,7991,Republican
1960,Minnesota,MN,Cass,County,Eric Hass,Industrial Government,2,0.03,7991,Republican
1960,Minnesota,MN,Chippewa,County,John F. Kennedy,Democratic-Farmer-Labor,3643,48.1,7574,Republican
1960,Minnesota,MN,Chippewa,County,Richard Nixon,Republican,3915,51.69,7574,Republican
1960,Minnesota,MN,Chippewa,County,Farrell Dobbs,Socialist Workers,13,0.17,7574,Republican
1960,Minnesota,MN,Chippewa,County,Eric Hass,Industrial Government,3,0.04,7574,Republican
1960,Minnesota,MN,Chisago,County,John F. Kennedy,Democratic-Farmer-Labor,2907,43.04,6754,Republican
1960,Minnesota,MN,Chisago,County,Richard Nixon,Republican,3822,56.59,6754,Republican
1960,Minnesota,MN,Chisago,County,Farrell Dobbs,Socialist Workers,18,0.27,6754,Republican
1960,Minnesota,MN,Chisago,County,Eric Hass,Industrial Government,7,0.1,6754,Republican
1960,Minnesota,MN,Clay,County,John F. Kennedy,Democratic-Farmer-Labor,7241,46.58,15544,Republican
1960,Minnesota,MN,Clay,County,Richard Nixon,Republican,8278,53.26,15544,Republican
1960,Minnesota,MN,Clay,County,Farrell Dobbs,Socialist Workers,19,0.12,15544,Republican
1960,Minnesota,MN,Clay,County,Eric Hass,Industrial Government,6,0.04,15544,Republican
1960,Minnesota,MN,Clearwater,County,John F. Kennedy,Democratic-Farmer-Labor,2466,59.64,4135,Democratic-Farmer-Labor
1960,Minnesota,MN,Clearwater,County,Richard Nixon,Republican,1651,39.93,4135,Democratic-Farmer-Labor
1960,Minnesota,MN,Clearwater,County,Farrell Dobbs,Socialist Workers,15,0.36,4135,Democratic-Farmer-Labor
1960,Minnesota,MN,Clearwater,County,Eric Hass,Industrial Government,3,0.07,4135,Democratic-Farmer-Labor
1960,Minnesota,MN,Cook,County,John F. Kennedy,Democratic-Farmer-Labor,650,39.61,1641,Republican
1960,Minnesota,MN,Cook,County,Richard Nixon,Republican,987,60.15,1641,Republican
1960,Minnesota,MN,Cook,County,Farrell Dobbs,Socialist Workers,4,0.24,1641,Republican
1960,Minnesota,MN,Cook,County,Eric Hass,Industrial Government,0,0.0,1641,Republican
1960,Minnesota,MN,Cottonwood,County,John F. Kennedy,Democratic-Farmer-Labor,2768,35.16,7872,Republican
1960,Minnesota,MN,Cottonwood,County,Richard Nixon,Republican,5087,64.62,7872,Republican
1960,Minnesota,MN,Cottonwood,County,Farrell Dobbs,Socialist Workers,11,0.14,7872,Republican
1960,Minnesota,MN,Cottonwood,County,Eric Hass,Industrial Government,6,0.08,7872,Republican
1960,Minnesota,MN,Crow Wing,County,John F. Kennedy,Democratic-Farmer-Labor,6835,46.77,14614,Republican
1960,Minnesota,MN,Crow Wing,County,Richard Nixon,Republican,7727,52.87,14614,Republican
1960,Minnesota,MN,Crow Wing,County,Farrell Dobbs,Socialist Workers,41,0.28,14614,Republican
1960,Minnesota,MN,Crow Wing,County,Eric Hass,Industrial Government,11,0.08,14614,Republican
1960,Minnesota,MN,Dakota,County,John F. Kennedy,Democratic-Farmer-Labor,20150,57.13,35273,Democratic-Farmer-Labor
1960,Minnesota,MN,Dakota,County,Richard Nixon,Republican,15032,42.62,35273,Democratic-Farmer-Labor
1960,Minnesota,MN,Dakota,County,Farrell Dobbs,Socialist Workers,72,0.2,35273,Democratic-Farmer-Labor
1960,Minnesota,MN,Dakota,County,Eric Hass,Industrial Government,19,0.05,35273,Democratic-Farmer-Labor
1960,Minnesota,MN,Dodge,County,John F. Kennedy,Democratic-Farmer-Labor,2170,36.51,5943,Republican
1960,Minnesota,MN,Dodge,County,Richard Nixon,Republican,3769,63.42,5943,Republican
1960,Minnesota,MN,Dodge,County,Farrell Dobbs,Socialist Workers,3,0.05,5943,Republican
1960,Minnesota,MN,Dodge,County,Eric Hass,Industrial Government,1,0.02,5943,Republican
1960,Minnesota,MN,Douglas,County,John F. Kennedy,Democratic-Farmer-Labor,4871,46.36,10506,Republican
1960,Minnesota,MN,Douglas,County,Richard Nixon,Republican,5594,53.25,10506,Republican
1960,Minnesota,MN,Douglas,County,Farrell Dobbs,Socialist Workers,32,0.3,10506,Republican
1960,Minnesota,MN,Douglas,County,Eric Hass,Industrial Government,9,0.09,10506,Republican
1960,Minnesota,MN,Faribault,County,John F. Kennedy,Democratic-Farmer-Labor,4301,38.11,11287,Republican
1960,Minnesota,MN,Faribault,County,Richard Nixon,Republican,6975,61.8,11287,Republican
1960,Minnesota,MN,Faribault,County,Farrell Dobbs,Socialist Workers,8,0.07,11287,Republican
1960,Minnesota,MN,Faribault,County,Eric Hass,Industrial Government,3,0.03,11287,Republican
1960,Minnesota,MN,Fillmore,County,John F. Kennedy,Democratic-Farmer-Labor,3926,34.31,11444,Republican
1960,Minnesota,MN,Fillmore,County,Richard Nixon,Republican,7507,65.6,11444,Republican
1960,Minnesota,MN,Fillmore,County,Farrell Dobbs,Socialist Workers,7,0.06,11444,Republican
1960,Minnesota,MN,Fillmore,County,Eric Hass,Industrial Government,4,0.03,11444,Republican
1960,Minnesota,MN,Freeborn,County,John F. Kennedy,Democratic-Farmer-Labor,8018,47.14,17010,Republican
1960,Minnesota,MN,Freeborn,County,Richard Nixon,Republican,8970,52.73,17010,Republican
1960,Minnesota,MN,Freeborn,County,Farrell Dobbs,Socialist Workers,13,0.08,17010,Republican
1960,Minnesota,MN,Freeborn,County,Eric Hass,Industrial Government,9,0.05,17010,Republican
1960,Minnesota,MN,Goodhue,County,John F. Kennedy,Democratic-Farmer-Labor,5562,34.6,16073,Republican
1960,Minnesota,MN,Goodhue,County,Richard Nixon,Republican,10473,65.16,16073,Republican
1960,Minnesota,MN,Goodhue,County,Farrell Dobbs,Socialist Workers,26,0.16,16073,Republican
1960,Minnesota,MN,Goodhue,County,Eric Hass,Industrial Government,12,0.07,16073,Republican
1960,Minnesota,MN,Grant,County,John F. Kennedy,Democratic-Farmer-Labor,2333,50.98,4576,Democratic-Farmer-Labor
1960,Minnesota,MN,Grant,County,Richard Nixon,Republican,2239,48.93,4576,Democratic-Farmer-Labor
1960,Minnesota,MN,Grant,County,Farrell Dobbs,Socialist Workers,4,0.09,4576,Democratic-Farmer-Labor
1960,Minnesota,MN,Grant,County,Eric Hass,Industrial Government,0,0.0,4576,Democratic-Farmer-Labor
1960,Minnesota,MN,Hennepin,County,John F. Kennedy,Democratic-Farmer-Labor,188250,48.5,388181,Republican
1960,Minnesota,MN,Hennepin,County,Richard Nixon,Republican,198992,51.26,388181,Republican
1960,Minnesota,MN,Hennepin,County,Farrell Dobbs,Socialist Workers,645,0.17,388181,Republican
1960,Minnesota,MN,Hennepin,County,Eric Hass,Industrial Government,294,0.08,388181,Republican
1960,Minnesota,MN,Houston,County,John F. Kennedy,Democratic-Farmer-Labor,3080,39.04,7890,Republican
1960,Minnesota,MN,Houston,County,Richard Nixon,Republican,4807,60.93,7890,Republican
1960,Minnesota,MN,Houston,County,Farrell Dobbs,Socialist Workers,3,0.04,7890,Republican
1960,Minnesota,MN,Houston,County,Eric Hass,Industrial Government,0,0.0,7890,Republican
1960,Minnesota,MN,Hubbard,County,John F. Kennedy,Democratic-Farmer-Labor,2029,42.39,4787,Republican
1960,Minnesota,MN,Hubbard,County,Richard Nixon,Republican,2749,57.43,4787,Republican
1960,Minnesota,MN,Hubbard,County,Farrell Dobbs,Socialist Workers,8,0.17,4787,Republican
1960,Minnesota,MN,Hubbard,County,Eric Hass,Industrial Government,1,0.02,4787,Republican
1960,Minnesota,MN,Isanti,County,John F. Kennedy,Democratic-Farmer-Labor,2599,45.64,5694,Republican
1960,Minnesota,MN,Isanti,County,Richard Nixon,Republican,3067,53.86,5694,Republican
1960,Minnesota,MN,Isanti,County,Farrell Dobbs,Socialist Workers,17,0.3,5694,Republican
1960,Minnesota,MN,Isanti,County,Eric Hass,Industrial Government,11,0.19,5694,Republican
1960,Minnesota,MN,Itasca,County,John F. Kennedy,Democratic-Farmer-Labor,10761,61.82,17408,Democratic-Farmer-Labor
1960,Minnesota,MN,Itasca,County,Richard Nixon,Republican,6615,38.0,17408,Democratic-Farmer-Labor
1960,Minnesota,MN,Itasca,County,Farrell Dobbs,Socialist Workers,23,0.13,17408,Democratic-Farmer-Labor
1960,Minnesota,MN,Itasca,County,Eric Hass,Industrial Government,9,0.05,17408,Democratic-Farmer-Labor
1960,Minnesota,MN,Jackson,County,John F. Kennedy,Democratic-Farmer-Labor,3898,51.96,7502,Democratic-Farmer-Labor
1960,Minnesota,MN,Jackson,County,Richard Nixon,Republican,3591,47.87,7502,Democratic-Farmer-Labor
1960,Minnesota,MN,Jackson,County,Farrell Dobbs,Socialist Workers,5,0.07,7502,Democratic-Farmer-Labor
1960,Minnesota,MN,Jackson,County,Eric Hass,Industrial Government,8,0.11,7502,Democratic-Farmer-Labor
1960,Minnesota,MN,Kanabec,County,John F. Kennedy,Democratic-Farmer-Labor,1890,45.08,4193,Republican
1960,Minnesota,MN,Kanabec,County,Richard Nixon,Republican,2278,54.33,4193,Republican
1960,Minnesota,MN,Kanabec,County,Farrell Dobbs,Socialist Workers,20,0.48,4193,Republican
1960,Minnesota,MN,Kanabec,County,Eric Hass,Industrial Government,5,0.12,4193,Republican
1960,Minnesota,MN,Kandiyohi,County,John F. Kennedy,Democratic-Farmer-Labor,6738,49.66,13567,Republican
1960,Minnesota,MN,Kandiyohi,County,Richard Nixon,Republican,6786,50.02,13567,Republican
1960,Minnesota,MN,Kandiyohi,County,Farrell Dobbs,Socialist Workers,35,0.26,13567,Republican
1960,Minnesota,MN,Kandiyohi,County,Eric Hass,Industrial Government,8,0.06,13567,Republican
1960,Minnesota,MN,Kittson,County,John F. Kennedy,Democratic-Farmer-Labor,2218,53.25,4165,Democratic-Farmer-Labor
1960,Minnesota,MN,Kittson,County,Richard Nixon,Republican,1937,46.51,4165,Democratic-Farmer-Labor
1960,Minnesota,MN,Kittson,County,Farrell Dobbs,Socialist Workers,8,0.19,4165,Democratic-Farmer-Labor
1960,Minnesota,MN,Kittson,County,Eric Hass,Industrial Government,2,0.05,4165,Democratic-Farmer-Labor
1960,Minnesota,MN,Koochiching,County,John F. Kennedy,Democratic-Farmer-Labor,4578,59.8,7656,Democratic-Farmer-Labor
1960,Minnesota,MN,Koochiching,County,Richard Nixon,Republican,3055,39.9,7656,Democratic-Farmer-Labor
1960,Minnesota,MN,Koochiching,County,Farrell Dobbs,Socialist Workers,22,0.29,7656,Democratic-Farmer-Labor
1960,Minnesota,MN,Koochiching,County,Eric Hass,Industrial Government,1,0.01,7656,Democratic-Farmer-Labor
1960,Minnesota,MN,Lac qui Parle,County,John F. Kennedy,Democratic-Farmer-Labor,3253,50.44,6449,Democratic-Farmer-Labor
1960,Minnesota,MN,Lac qui Parle,County,Richard Nixon,Republican,3185,49.39,6449,Democratic-Farmer-Labor
1960,Minnesota,MN,Lac qui Parle,County,Farrell Dobbs,Socialist Workers,9,0.14,6449,Democratic-Farmer-Labor
1960,Minnesota,MN,Lac qui Parle,County,Eric Hass,Industrial Government,2,0.03,6449,Democratic-Farmer-Labor
1960,Minnesota,MN,Lake,County,John F. Kennedy,Democratic-Farmer-Labor,3888,62.91,6180,Democratic-Farmer-Labor
1960,Minnesota,MN,Lake,County,Richard Nixon,Republican,2276,36.83,6180,Democratic-Farmer-Labor
1960,Minnesota,MN,Lake,County,Farrell Dobbs,Socialist Workers,13,0.21,6180,Democratic-Farmer-Labor
1960,Minnesota,MN,Lake,County,Eric Hass,Industrial Government,3,0.05,6180,Democratic-Farmer-Labor
1960,Minnesota,MN,Lake of the Woods,County,John F. Kennedy,Democratic-Farmer-Labor,1053,55.3,1904,Democratic-Farmer-Labor
1960,Minnesota,MN,Lake of the Woods,County,Richard Nixon,Republican,835,43.86,1904,Democratic-Farmer-Labor
1960,Minnesota,MN,Lake of the Woods,County,Farrell Dobbs,Socialist Workers,15,0.79,1904,Democratic-Farmer-Labor
1960,Minnesota,MN,Lake of the Woods,County,Eric Hass,Industrial Government,1,0.05,1904,Democratic-Farmer-Labor
1960,Minnesota,MN,Le Sueur,County,John F. Kennedy,Democratic-Farmer-Labor,5234,54.13,9670,Democratic-Farmer-Labor
1960,Minnesota,MN,Le Sueur,County,Richard Nixon,Republican,4426,45.77,9670,Democratic-Farmer-Labor
1960,Minnesota,MN,Le Sueur,County,Farrell Dobbs,Socialist Workers,9,0.09,9670,Democratic-Farmer-Labor
1960,Minnesota,MN,Le Sueur,County,Eric Hass,Industrial Government,1,0.01,9670,Democratic-Farmer-Labor
1960,Minnesota,MN,Lincoln,County,John F. Kennedy,Democratic-Farmer-Labor,2500,53.68,4657,Democratic-Farmer-Labor
1960,Minnesota,MN,Lincoln,County,Richard Nixon,Republican,2147,46.1,4657,Democratic-Farmer-Labor
1960,Minnesota,MN,Lincoln,County,Farrell Dobbs,Socialist Workers,7,0.15,4657,Democratic-Farmer-Labor
1960,Minnesota,MN,Lincoln,County,Eric Hass,Industrial Government,3,0.06,4657,Democratic-Farmer-Labor
1960,Minnesota,MN,Lyon,County,John F. Kennedy,Democratic-Farmer-Labor,5550,53.86,10305,Democratic-Farmer-Labor
1960,Minnesota,MN,Lyon,County,Richard Nixon,Republican,4740,46.0,10305,Democratic-Farmer-Labor
1960,Minnesota,MN,Lyon,County,Farrell Dobbs,Socialist Workers,13,0.13,10305,Democratic-Farmer-Labor
1960,Minnesota,MN,Lyon,County,Eric Hass,Industrial Government,2,0.02,10305,Democratic-Farmer-Labor
1960,Minnesota,MN,Mahnomen,County,John F. Kennedy,Democratic-Farmer-Labor,1864,67.81,2749,Democratic-Farmer-Labor
1960,Minnesota,MN,Mahnomen,County,Richard Nixon,Republican,880,32.01,2749,Democratic-Farmer-Labor
1960,Minnesota,MN,Mahnomen,County,Farrell Dobbs,Socialist Workers,4,0.15,2749,Democratic-Farmer-Labor
1960,Minnesota,MN,Mahnomen,County,Eric Hass,Industrial Government,1,0.04,2749,Democratic-Farmer-Labor
1960,Minnesota,MN,Marshall,County,John F. Kennedy,Democratic-Farmer-Labor,3759,55.47,6777,Democratic-Farmer-Labor
1960,Minnesota,MN,Marshall,County,Richard Nixon,Republican,3006,44.36,6777,Democratic-Farmer-Labor
1960,Minnesota,MN,Marshall,County,Farrell Dobbs,Socialist Workers,6,0.09,6777,Democratic-Farmer-Labor
1960,Minnesota,MN,Marshall,County,Eric Hass,Industrial Government,6,0.09,6777,Democratic-Farmer-Labor
1960,Minnesota,MN,Martin,County,John F. Kennedy,Democratic-Farmer-Labor,4194,33.04,12692,Republican
1960,Minnesota,MN,Martin,County,Richard Nixon,Republican,8479,66.81,12692,Republican
1960,Minnesota,MN,Martin,County,Farrell Dobbs,Socialist Workers,13,0.1,12692,Republican
1960,Minnesota,MN,Martin,County,Eric Hass,Industrial Government,6,0.05,12692,Republican
1960,Minnesota,MN,McLeod,County,John F. Kennedy,Democratic-Farmer-Labor,4276,37.15,11511,Republican
1960,Minnesota,MN,McLeod,County,Richard Nixon,Republican,7214,62.67,11511,Republican
1960,Minnesota,MN,McLeod,County,Farrell Dobbs,Socialist Workers,16,0.14,11511,Republican
1960,Minnesota,MN,McLeod,County,Eric Hass,Industrial Government,5,0.04,11511,Republican
1960,Minnesota,MN,Meeker,County,John F. Kennedy,Democratic-Farmer-Labor,3678,42.97,8560,Republican
1960,Minnesota,MN,Meeker,County,Richard Nixon,Republican,4857,56.74,8560,Republican
1960,Minnesota,MN,Meeker,County,Farrell Dobbs,Socialist Workers,21,0.25,8560,Republican
1960,Minnesota,MN,Meeker,County,Eric Hass,Industrial Government,4,0.05,8560,Republican
1960,Minnesota,MN,Mille Lacs,County,John F. Kennedy,Democratic-Farmer-Labor,2886,42.25,6830,Republican
1960,Minnesota,MN,Mille Lacs,County,Richard Nixon,Republican,3913,57.29,6830,Republican
1960,Minnesota,MN,Mille Lacs,County,Farrell Dobbs,Socialist Workers,22,0.32,6830,Republican
1960,Minnesota,MN,Mille Lacs,County,Eric Hass,Industrial Government,9,0.13,6830,Republican
1960,Minnesota,MN,Morrison,County,John F. Kennedy,Democratic-Farmer-Labor,7337,62.37,11764,Democratic-Farmer-Labor
1960,Minnesota,MN,Morrison,County,Richard Nixon,Republican,4403,37.43,11764,Democratic-Farmer-Labor
1960,Minnesota,MN,Morrison,County,Farrell Dobbs,Socialist Workers,17,0.14,11764,Democratic-Farmer-Labor
1960,Minnesota,MN,Morrison,County,Eric Hass,Industrial Government,7,0.06,11764,Democratic-Farmer-Labor
1960,Minnesota,MN,Mower,County,John F. Kennedy,Democratic-Farmer-Labor,9961,47.28,21068,Republican
1960,Minnesota,MN,Mower,County,Richard Nixon,Republican,11040,52.4,21068,Republican
1960,Minnesota,MN,Mower,County,Farrell Dobbs,Socialist Workers,57,0.27,21068,Republican
1960,Minnesota,MN,Mower,County,Eric Hass,Industrial Government,10,0.05,21068,Republican
1960,Minnesota,MN,Murray,County,John F. Kennedy,Democratic-Farmer-Labor,3009,47.19,6377,Republican
1960,Minnesota,MN,Murray,County,Richard Nixon,Republican,3357,52.64,6377,Republican
1960,Minnesota,MN,Murray,County,Farrell Dobbs,Socialist Workers,6,0.09,6377,Republican
1960,Minnesota,MN,Murray,County,Eric Hass,Industrial Government,5,0.08,6377,Republican
1960,Minnesota,MN,Nicollet,County,John F. Kennedy,Democratic-Farmer-Labor,3961,42.8,9255,Republican
1960,Minnesota,MN,Nicollet,County,Richard Nixon,Republican,5283,57.08,9255,Republican
1960,Minnesota,MN,Nicollet,County,Farrell Dobbs,Socialist Workers,4,0.04,9255,Republican
1960,Minnesota,MN,Nicollet,County,Eric Hass,Industrial Government,7,0.08,9255,Republican
1960,Minnesota,MN,Nobles,County,John F. Kennedy,Democratic-Farmer-Labor,4947,46.7,10594,Republican
1960,Minnesota,MN,Nobles,County,Richard Nixon,Republican,5636,53.2,10594,Republican
1960,Minnesota,MN,Nobles,County,Farrell Dobbs,Socialist Workers,9,0.08,10594,Republican
1960,Minnesota,MN,Nobles,County,Eric Hass,Industrial Government,2,0.02,10594,Republican
1960,Minnesota,MN,Norman,County,John F. Kennedy,Democratic-Farmer-Labor,2932,52.49,5586,Democratic-Farmer-Labor
1960,Minnesota,MN,Norman,County,Richard Nixon,Republican,2642,47.3,5586,Democratic-Farmer-Labor
1960,Minnesota,MN,Norman,County,Farrell Dobbs,Socialist Workers,5,0.09,5586,Democratic-Farmer-Labor
1960,Minnesota,MN,Norman,County,Eric Hass,Industrial Government,7,0.13,5586,Democratic-Farmer-Labor
1960,Minnesota,MN,Olmsted,County,John F. Kennedy,Democratic-Farmer-Labor,10918,40.34,27065,Republican
1960,Minnesota,MN,Olmsted,County,Richard Nixon,Republican,16080,59.41,27065,Republican
1960,Minnesota,MN,Olmsted,County,Farrell Dobbs,Socialist Workers,59,0.22,27065,Republican
1960,Minnesota,MN,Olmsted,County,Eric Hass,Industrial Government,8,0.03,27065,Republican
1960,Minnesota,MN,Otter Tail,County,John F. Kennedy,Democratic-Farmer-Labor,8054,36.87,21843,Republican
1960,Minnesota,MN,Otter Tail,County,Richard Nixon,Republican,13747,62.94,21843,Republican
1960,Minnesota,MN,Otter Tail,County,Farrell Dobbs,Socialist Workers,30,0.14,21843,Republican
1960,Minnesota,MN,Otter Tail,County,Eric Hass,Industrial Government,12,0.05,21843,Republican
1960,Minnesota,MN,Pennington,County,John F. Kennedy,Democratic-Farmer-Labor,3204,55.63,5759,Democratic-Farmer-Labor
1960,Minnesota,MN,Pennington,County,Richard Nixon,Republican,2537,44.05,5759,Democratic-Farmer-Labor
1960,Minnesota,MN,Pennington,County,Farrell Dobbs,Socialist Workers,11,0.19,5759,Democratic-Farmer-Labor
1960,Minnesota,MN,Pennington,County,Eric Hass,Industrial Government,7,0.12,5759,Democratic-Farmer-Labor
1960,Minnesota,MN,Pine,County,John F. Kennedy,Democratic-Farmer-Labor,4211,54.78,7687,Democratic-Farmer-Labor
1960,Minnesota,MN,Pine,County,Richard Nixon,Republican,3450,44.88,7687,Democratic-Farmer-Labor
1960,Minnesota,MN,Pine,County,Farrell Dobbs,Socialist Workers,18,0.23,7687,Democratic-Farmer-Labor
1960,Minnesota,MN,Pine,County,Eric Hass,Industrial Government,8,0.1,7687,Democratic-Farmer-Labor
1960,Minnesota,MN,Pipestone,County,John F. Kennedy,Democratic-Farmer-Labor,2443,39.85,6131,Republican
1960,Minnesota,MN,Pipestone,County,Richard Nixon,Republican,3677,59.97,6131,Republican
1960,Minnesota,MN,Pipestone,County,Farrell Dobbs,Socialist Workers,8,0.13,6131,Republican
1960,Minnesota,MN,Pipestone,County,Eric Hass,Industrial Government,3,0.05,6131,Republican
1960,Minnesota,MN,Polk,County,John F. Kennedy,Democratic-Farmer-Labor,9346,55.27,16909,Democratic-Farmer-Labor
1960,Minnesota,MN,Polk,County,Richard Nixon,Republican,7528,44.52,16909,Democratic-Farmer-Labor
1960,Minnesota,MN,Polk,County,Farrell Dobbs,Socialist Workers,26,0.15,16909,Democratic-Farmer-Labor
1960,Minnesota,MN,Polk,County,Eric Hass,Industrial Government,9,0.05,16909,Democratic-Farmer-Labor
1960,Minnesota,MN,Pope,County,John F. Kennedy,Democratic-Farmer-Labor,2883,48.39,5958,Republican
1960,Minnesota,MN,Pope,County,Richard Nixon,Republican,3062,51.39,5958,Republican
1960,Minnesota,MN,Pope,County,Farrell Dobbs,Socialist Workers,9,0.15,5958,Republican
1960,Minnesota,MN,Pope,County,Eric Hass,Industrial Government,4,0.07,5958,Republican
1960,Minnesota,MN,Ramsey,County,John F. Kennedy,Democratic-Farmer-Labor,108464,58.15,186527,Democratic-Farmer-Labor
1960,Minnesota,MN,Ramsey,County,Richard Nixon,Republican,77408,41.5,186527,Democratic-Farmer-Labor
1960,Minnesota,MN,Ramsey,County,Farrell Dobbs,Socialist Workers,557,0.3,186527,Democratic-Farmer-Labor
1960,Minnesota,MN,Ramsey,County,Eric Hass,Industrial Government,98,0.05,186527,Democratic-Farmer-Labor
1960,Minnesota,MN,Red Lake,County,John F. Kennedy,Democratic-Farmer-Labor,1865,73.17,2549,Democratic-Farmer-Labor
1960,Minnesota,MN,Red Lake,County,Richard Nixon,Republican,679,26.64,2549,Democratic-Farmer-Labor
1960,Minnesota,MN,Red Lake,County,Farrell Dobbs,Socialist Workers,2,0.08,2549,Democratic-Farmer-Labor
1960,Minnesota,MN,Red Lake,County,Eric Hass,Industrial Government,3,0.12,2549,Democratic-Farmer-Labor
1960,Minnesota,MN,Redwood,County,John F. Kennedy,Democratic-Farmer-Labor,3839,39.39,9746,Republican
1960,Minnesota,MN,Redwood,County,Richard Nixon,Republican,5893,60.47,9746,Republican
1960,Minnesota,MN,Redwood,County,Farrell Dobbs,Socialist Workers,8,0.08,9746,Republican
1960,Minnesota,MN,Redwood,County,Eric Hass,Industrial Government,6,0.06,9746,Republican
1960,Minnesota,MN,Renville,County,John F. Kennedy,Democratic-Farmer-Labor,4958,45.67,10857,Republican
1960,Minnesota,MN,Renville,County,Richard Nixon,Republican,5885,54.2,10857,Republican
1960,Minnesota,MN,Renville,County,Farrell Dobbs,Socialist Workers,11,0.1,10857,Republican
1960,Minnesota,MN,Renville,County,Eric Hass,Industrial Government,3,0.03,10857,Republican
1960,Minnesota,MN,Rice,County,John F. Kennedy,Democratic-Farmer-Labor,6752,44.92,15031,Republican
1960,Minnesota,MN,Rice,County,Richard Nixon,Republican,8248,54.87,15031,Republican
1960,Minnesota,MN,Rice,County,Farrell Dobbs,Socialist Workers,22,0.15,15031,Republican
1960,Minnesota,MN,Rice,County,Eric Hass,Industrial Government,9,0.06,15031,Republican
1960,Minnesota,MN,Rock,County,John F. Kennedy,Democratic-Farmer-Labor,1823,34.42,5297,Republican
1960,Minnesota,MN,Rock,County,Richard Nixon,Republican,3469,65.49,5297,Republican
1960,Minnesota,MN,Rock,County,Farrell Dobbs,Socialist Workers,2,0.04,5297,Republican
1960,Minnesota,MN,Rock,County,Eric Hass,Industrial Government,3,0.06,5297,Republican
1960,Minnesota,MN,Roseau,County,John F. Kennedy,Democratic-Farmer-Labor,3198,58.34,5482,Democratic-Farmer-Labor
1960,Minnesota,MN,Roseau,County,Richard Nixon,Republican,2274,41.48,5482,Democratic-Farmer-Labor
1960,Minnesota,MN,Roseau,County,Farrell Dobbs,Socialist Workers,8,0.15,5482,Democratic-Farmer-Labor
1960,Minnesota,MN,Roseau,County,Eric Hass,Industrial Government,2,0.04,5482,Democratic-Farmer-Labor
1960,Minnesota,MN,St. Louis,County,John F. Kennedy,Democratic-Farmer-Labor,69270,63.23,109545,Democratic-Farmer-Labor
1960,Minnesota,MN,St. Louis,County,Richard Nixon,Republican,39620,36.17,109545,Democratic-Farmer-Labor
1960,Minnesota,MN,St. Louis,County,Farrell Dobbs,Socialist Workers,557,0.51,109545,Democratic-Farmer-Labor
1960,Minnesota,MN,St. Louis,County,Eric Hass,Industrial Government,98,0.09,109545,Democratic-Farmer-Labor
1960,Minnesota,MN,Scott,County,John F. Kennedy,Democratic-Farmer-Labor,6061,62.21,9743,Democratic-Farmer-Labor
1960,Minnesota,MN,Scott,County,Richard Nixon,Republican,3671,37.68,9743,Democratic-Farmer-Labor
1960,Minnesota,MN,Scott,County,Farrell Dobbs,Socialist Workers,7,0.07,9743,Democratic-Farmer-Labor
1960,Minnesota,MN,Scott,County,Eric Hass,Industrial Government,4,0.04,9743,Democratic-Farmer-Labor
1960,Minnesota,MN,Sherburne,County,John F. Kennedy,Democratic-Farmer-Labor,2568,47.41,5417,Republican
1960,Minnesota,MN,Sherburne,County,Richard Nixon,Republican,2837,52.37,5417,Republican
1960,Minnesota,MN,Sherburne,County,Farrell Dobbs,Socialist Workers,10,0.18,5417,Republican
1960,Minnesota,MN,Sherburne,County,Eric Hass,Industrial Government,2,0.04,5417,Republican
1960,Minnesota,MN,Sibley,County,John F. Kennedy,Democratic-Farmer-Labor,2541,33.69,7542,Republican
1960,Minnesota,MN,Sibley,County,Richard Nixon,Republican,4987,66.12,7542,Republican
1960,Minnesota,MN,Sibley,County,Farrell Dobbs,Socialist Workers,12,0.16,7542,Republican
1960,Minnesota,MN,Sibley,County,Eric Hass,Industrial Government,2,0.03,7542,Republican
1960,Minnesota,MN,Stearns,County,John F. Kennedy,Democratic-Farmer-Labor,19026,58.4,32581,Democratic-Farmer-Labor
1960,Minnesota,MN,Stearns,County,Richard Nixon,Republican,13522,41.5,32581,Democratic-Farmer-Labor
1960,Minnesota,MN,Stearns,County,Farrell Dobbs,Socialist Workers,22,0.07,32581,Democratic-Farmer-Labor
1960,Minnesota,MN,Stearns,County,Eric Hass,Industrial Government,11,0.03,32581,Democratic-Farmer-Labor
1960,Minnesota,MN,Steele,County,John F. Kennedy,Democratic-Farmer-Labor,4491,39.74,11301,Republican
1960,Minnesota,MN,Steele,County,Richard Nixon,Republican,6795,60.13,11301,Republican
1960,Minnesota,MN,Steele,County,Farrell Dobbs,Socialist Workers,14,0.12,11301,Republican
1960,Minnesota,MN,Steele,County,Eric Hass,Industrial Government,1,0.01,11301,Republican
1960,Minnesota,MN,Stevens,County,John F. Kennedy,Democratic-Farmer-Labor,2405,46.92,5126,Republican
1960,Minnesota,MN,Stevens,County,Richard Nixon,Republican,2710,52.87,5126,Republican
1960,Minnesota,MN,Stevens,County,Farrell Dobbs,Socialist Workers,6,0.12,5126,Republican
1960,Minnesota,MN,Stevens,County,Eric Hass,Industrial Government,5,0.1,5126,Republican
1960,Minnesota,MN,Swift,County,John F. Kennedy,Democratic-Farmer-Labor,4062,58.63,6928,Democratic-Farmer-Labor
1960,Minnesota,MN,Swift,County,Richard Nixon,Republican,2848,41.11,6928,Democratic-Farmer-Labor
1960,Minnesota,MN,Swift,County,Farrell Dobbs,Socialist Workers,15,0.22,6928,Democratic-Farmer-Labor
1960,Minnesota,MN,Swift,County,Eric Hass,Industrial Government,3,0.04,6928,Democratic-Farmer-Labor
1960,Minnesota,MN,Todd,County,John F. Kennedy,Democratic-Farmer-Labor,5051,48.88,10334,Republican
1960,Minnesota,MN,Todd,County,Richard Nixon,Republican,5255,50.85,10334,Republican
1960,Minnesota,MN,Todd,County,Farrell Dobbs,Socialist Workers,21,0.2,10334,Republican
1960,Minnesota,MN,Todd,County,Eric Hass,Industrial Government,7,0.07,10334,Republican
1960,Minnesota,MN,Traverse,County,John F. Kennedy,Democratic-Farmer-Labor,2122,59.11,3590,Democratic-Farmer-Labor
1960,Minnesota,MN,Traverse,County,Richard Nixon,Republican,1463,40.75,3590,Democratic-Farmer-Labor
1960,Minnesota,MN,Traverse,County,Farrell Dobbs,Socialist Workers,4,0.11,3590,Democratic-Farmer-Labor
1960,Minnesota,MN,Traverse,County,Eric Hass,Industrial Government,1,0.03,3590,Democratic-Farmer-Labor
1960,Minnesota,MN,Wabasha,County,John F. Kennedy,Democratic-Farmer-Labor,3628,44.26,8197,Republican
1960,Minnesota,MN,Wabasha,County,Richard Nixon,Republican,4566,55.7,8197,Republican
1960,Minnesota,MN,Wabasha,County,Farrell Dobbs,Socialist Workers,3,0.04,8197,Republican
1960,Minnesota,MN,Wabasha,County,Eric Hass,Industrial Government,0,0.0,8197,Republican
1960,Minnesota,MN,Wadena,County,John F. Kennedy,Democratic-Farmer-Labor,2240,42.03,5329,Republican
1960,Minnesota,MN,Wadena,County,Richard Nixon,Republican,3082,57.83,5329,Republican
1960,Minnesota,MN,Wadena,County,Farrell Dobbs,Socialist Workers,6,0.11,5329,Republican
1960,Minnesota,MN,Wadena,County,Eric Hass,Industrial Government,1,0.02,5329,Republican
1960,Minnesota,MN,Waseca,County,John F. Kennedy,Democratic-Farmer-Labor,2793,36.58,7636,Republican
1960,Minnesota,MN,Waseca,County,Richard Nixon,Republican,4838,63.36,7636,Republican
1960,Minnesota,MN,Waseca,County,Farrell Dobbs,Socialist Workers,3,0.04,7636,Republican
1960,Minnesota,MN,Waseca,County,Eric Hass,Industrial Government,2,0.03,7636,Republican
1960,Minnesota,MN,Washington,County,John F. Kennedy,Democratic-Farmer-Labor,11870,51.31,23133,Democratic-Farmer-Labor
1960,Minnesota,MN,Washington,County,Richard Nixon,Republican,11202,48.42,23133,Democratic-Farmer-Labor
1960,Minnesota,MN,Washington,County,Farrell Dobbs,Socialist Workers,46,0.2,23133,Democratic-Farmer-Labor
1960,Minnesota,MN,Washington,County,Eric Hass,Industrial Government,15,0.06,23133,Democratic-Farmer-Labor
1960,Minnesota,MN,Watonwan,County,John F. Kennedy,Democratic-Farmer-Labor,2412,36.57,6595,Republican
1960,Minnesota,MN,Watonwan,County,Richard Nixon,Republican,4173,63.28,6595,Republican
1960,Minnesota,MN,Watonwan,County,Farrell Dobbs,Socialist Workers,10,0.15,6595,Republican
1960,Minnesota,MN,Watonwan,County,Eric Hass,Industrial Government,0,0.0,6595,Republican
1960,Minnesota,MN,Wilkin,County,John F. Kennedy,Democratic-Farmer-Labor,2319,49.69,4667,Republican
1960,Minnesota,MN,Wilkin,County,Richard Nixon,Republican,2340,50.14,4667,Republican
1960,Minnesota,MN,Wilkin,County,Farrell Dobbs,Socialist Workers,7,0.15,4667,Republican
1960,Minnesota,MN,Wilkin,County,Eric Hass,Industrial Government,1,0.02,4667,Republican
1960,Minnesota,MN,Winona,County,John F. Kennedy,Democratic-Farmer-Labor,8484,47.72,17780,Republican
1960,Minnesota,MN,Winona,County,Richard Nixon,Republican,9271,52.14,17780,Republican
1960,Minnesota,MN,Winona,County,Farrell Dobbs,Socialist Workers,14,0.08,17780,Republican
1960,Minnesota,MN,Winona,County,Eric Hass,Industrial Government,11,0.06,17780,Republican
1960,Minnesota,MN,Wright,County,John F. Kennedy,Democratic-Farmer-Labor,6452,47.24,13658,Republican
1960,Minnesota,MN,Wright,County,Richard Nixon,Republican,7180,52.57,13658,Republican
1960,Minnesota,MN,Wright,County,Farrell Dobbs,Socialist Workers,19,0.14,13658,Republican
1960,Minnesota,MN,Wright,County,Eric Hass,Industrial Government,7,0.05,13658,Republican
1960,Minnesota,MN,Yellow Medicine,County,John F. Kennedy,Democratic-Farmer-Labor,3649,48.82,7475,Republican
1960,Minnesota,MN,Yellow Medicine,County,Richard Nixon,Republican,3800,50.84,7475,Republican
1960,Minnesota,MN,Yellow Medicine,County,Farrell Dobbs,Socialist Workers,22,0.29,7475,Republican
1960,Minnesota,MN,Yellow Medicine,County,Eric Hass,Industrial Government,4,0.05,7475,Republican
1960,Mississippi,MS,Adams,County,Unpledged Electors,Democratic,2526,48.53,5205,Democratic
1960,Mississippi,MS,Adams,County,John F. Kennedy,Democratic,1452,27.9,5205,Democratic
1960,Mississippi,MS,Adams,County,Richard Nixon,Republican,1227,23.57,5205,Democratic
1960,Mississippi,MS,Alcorn,County,Unpledged Electors,Democratic,601,13.43,4475,Democratic
1960,Mississippi,MS,Alcorn,County,John F. Kennedy,Democratic,3054,68.25,4475,Democratic
1960,Mississippi,MS,Alcorn,County,Richard Nixon,Republican,820,18.32,4475,Democratic
1960,Mississippi,MS,Amite,County,Unpledged Electors,Democratic,1655,72.72,2276,Democratic
1960,Mississippi,MS,Amite,County,John F. Kennedy,Democratic,338,14.85,2276,Democratic
1960,Mississippi,MS,Amite,County,Richard Nixon,Republican,283,12.43,2276,Democratic
1960,Mississippi,MS,Attala,County,Unpledged Electors,Democratic,1281,39.2,3268,Democratic
1960,Mississippi,MS,Attala,County,John F. Kennedy,Democratic,1337,40.91,3268,Democratic
1960,Mississippi,MS,Attala,County,Richard Nixon,Republican,650,19.89,3268,Democratic
1960,Mississippi,MS,Benton,County,Unpledged Electors,Democratic,348,31.9,1091,Democratic
1960,Mississippi,MS,Benton,County,John F. Kennedy,Democratic,568,52.06,1091,Democratic
1960,Mississippi,MS,Benton,County,Richard Nixon,Republican,175,16.04,1091,Democratic
1960,Mississippi,MS,Bolivar,County,Unpledged Electors,Democratic,1638,43.46,3769,Democratic
1960,Mississippi,MS,Bolivar,County,John F. Kennedy,Democratic,1119,29.69,3769,Democratic
1960,Mississippi,MS,Bolivar,County,Richard Nixon,Republican,1012,26.85,3769,Democratic
1960,Mississippi,MS,Calhoun,County,Unpledged Electors,Democratic,1299,53.09,2447,Democratic
1960,Mississippi,MS,Calhoun,County,John F. Kennedy,Democratic,765,31.26,2447,Democratic
1960,Mississippi,MS,Calhoun,County,Richard Nixon,Republican,383,15.65,2447,Democratic
1960,Mississippi,MS,Carroll,County,Unpledged Electors,Democratic,840,57.07,1472,Democratic
1960,Mississippi,MS,Carroll,County,John F. Kennedy,Democratic,425,28.87,1472,Democratic
1960,Mississippi,MS,Carroll,County,Richard Nixon,Republican,207,14.06,1472,Democratic
1960,Mississippi,MS,Chickasaw,County,Unpledged Electors,Democratic,1362,53.66,2538,Democratic
1960,Mississippi,MS,Chickasaw,County,John F. Kennedy,Democratic,791,31.17,2538,Democratic
1960,Mississippi,MS,Chickasaw,County,Richard Nixon,Republican,385,15.17,2538,Democratic
1960,Mississippi,MS,Choctaw,County,Unpledged Electors,Democratic,584,35.48,1646,Democratic
1960,Mississippi,MS,Choctaw,County,John F. Kennedy,Democratic,817,49.64,1646,Democratic
1960,Mississippi,MS,Choctaw,County,Richard Nixon,Republican,245,14.88,1646,Democratic
1960,Mississippi,MS,Claiborne,County,Unpledged Electors,Democratic,651,62.84,1036,Democratic
1960,Mississippi,MS,Claiborne,County,John F. Kennedy,Democratic,205,19.79,1036,Democratic
1960,Mississippi,MS,Claiborne,County,Richard Nixon,Republican,180,17.37,1036,Democratic
1960,Mississippi,MS,Clarke,County,Unpledged Electors,Democratic,1478,44.68,3308,Democratic
1960,Mississippi,MS,Clarke,County,John F. Kennedy,Democratic,1244,37.61,3308,Democratic
1960,Mississippi,MS,Clarke,County,Richard Nixon,Republican,586,17.71,3308,Democratic
1960,Mississippi,MS,Clay,County,Unpledged Electors,Democratic,1295,54.6,2372,Democratic
1960,Mississippi,MS,Clay,County,John F. Kennedy,Democratic,626,26.39,2372,Democratic
1960,Mississippi,MS,Clay,County,Richard Nixon,Republican,451,19.01,2372,Democratic
1960,Mississippi,MS,Coahoma,County,Unpledged Electors,Democratic,1385,35.82,3867,Democratic
1960,Mississippi,MS,Coahoma,County,John F. Kennedy,Democratic,1386,35.84,3867,Democratic
1960,Mississippi,MS,Coahoma,County,Richard Nixon,Republican,1096,28.34,3867,Democratic
1960,Mississippi,MS,Copiah,County,Unpledged Electors,Democratic,1957,54.15,3614,Democratic
1960,Mississippi,MS,Copiah,County,John F. Kennedy,Democratic,896,24.79,3614,Democratic
1960,Mississippi,MS,Copiah,County,Richard Nixon,Republican,761,21.06,3614,Democratic
1960,Mississippi,MS,Covington,County,Unpledged Electors,Democratic,985,44.81,2198,Democratic
1960,Mississippi,MS,Covington,County,John F. Kennedy,Democratic,842,38.31,2198,Democratic
1960,Mississippi,MS,Covington,County,Richard Nixon,Republican,371,16.88,2198,Democratic
1960,Mississippi,MS,DeSoto,County,Unpledged Electors,Democratic,734,35.25,2082,Democratic
1960,Mississippi,MS,DeSoto,County,John F. Kennedy,Democratic,795,38.18,2082,Democratic
1960,Mississippi,MS,DeSoto,County,Richard Nixon,Republican,553,26.56,2082,Democratic
1960,Mississippi,MS,Forrest,County,Unpledged Electors,Democratic,3152,36.52,8632,Republican
1960,Mississippi,MS,Forrest,County,John F. Kennedy,Democratic,2068,23.96,8632,Republican
1960,Mississippi,MS,Forrest,County,Richard Nixon,Republican,3412,39.53,8632,Republican
1960,Mississippi,MS,Franklin,County,Unpledged Electors,Democratic,1115,66.37,1680,Democratic
1960,Mississippi,MS,Franklin,County,John F. Kennedy,Democratic,441,26.25,1680,Democratic
1960,Mississippi,MS,Franklin,County,Richard Nixon,Republican,124,7.38,1680,Democratic
1960,Mississippi,MS,George,County,Unpledged Electors,Democratic,917,44.28,2071,Democratic
1960,Mississippi,MS,George,County,John F. Kennedy,Democratic,844,40.75,2071,Democratic
1960,Mississippi,MS,George,County,Richard Nixon,Republican,310,14.97,2071,Democratic
1960,Mississippi,MS,Greene,County,Unpledged Electors,Democratic,781,49.49,1578,Democratic
1960,Mississippi,MS,Greene,County,John F. Kennedy,Democratic,550,34.85,1578,Democratic
1960,Mississippi,MS,Greene,County,Richard Nixon,Republican,247,15.65,1578,Democratic
1960,Mississippi,MS,Grenada,County,Unpledged Electors,Democratic,1132,48.31,2343,Democratic
1960,Mississippi,MS,Grenada,County,John F. Kennedy,Democratic,529,22.58,2343,Democratic
1960,Mississippi,MS,Grenada,County,Richard Nixon,Republican,682,29.11,2343,Democratic
1960,Mississippi,MS,Hancock,County,Unpledged Electors,Democratic,502,14.97,3353,Democratic
1960,Mississippi,MS,Hancock,County,John F. Kennedy,Democratic,2132,63.58,3353,Democratic
1960,Mississippi,MS,Hancock,County,Richard Nixon,Republican,719,21.44,3353,Democratic
1960,Mississippi,MS,Harrison,County,Unpledged Electors,Democratic,2621,15.64,16759,Democratic
1960,Mississippi,MS,Harrison,County,John F. Kennedy,Democratic,8961,53.47,16759,Democratic
1960,Mississippi,MS,Harrison,County,Richard Nixon,Republican,5177,30.89,16759,Democratic
1960,Mississippi,MS,Hinds,County,Unpledged Electors,Democratic,12094,41.72,28988,Democratic
1960,Mississippi,MS,Hinds,County,John F. Kennedy,Democratic,5811,20.05,28988,Democratic
1960,Mississippi,MS,Hinds,County,Richard Nixon,Republican,11083,38.23,28988,Democratic
1960,Mississippi,MS,Holmes,County,Unpledged Electors,Democratic,1484,57.81,2567,Democratic
1960,Mississippi,MS,Holmes,County,John F. Kennedy,Democratic,628,24.46,2567,Democratic
1960,Mississippi,MS,Holmes,County,Richard Nixon,Republican,455,17.72,2567,Democratic
1960,Mississippi,MS,Humphreys,County,Unpledged Electors,Democratic,732,51.48,1422,Democratic
1960,Mississippi,MS,Humphreys,County,John F. Kennedy,Democratic,459,32.28,1422,Democratic
1960,Mississippi,MS,Humphreys,County,Richard Nixon,Republican,231,16.24,1422,Democratic
1960,Mississippi,MS,Issaquena,County,Unpledged Electors,Democratic,181,42.79,423,Democratic
1960,Mississippi,MS,Issaquena,County,John F. Kennedy,Democratic,178,42.08,423,Democratic
1960,Mississippi,MS,Issaquena,County,Richard Nixon,Republican,64,15.13,423,Democratic
1960,Mississippi,MS,Itawamba,County,Unpledged Electors,Democratic,653,23.57,2771,Democratic
1960,Mississippi,MS,Itawamba,County,John F. Kennedy,Democratic,1752,63.23,2771,Democratic
1960,Mississippi,MS,Itawamba,County,Richard Nixon,Republican,366,13.21,2771,Democratic
1960,Mississippi,MS,Jackson,County,Unpledged Electors,Democratic,1908,20.8,9174,Democratic
1960,Mississippi,MS,Jackson,County,John F. Kennedy,Democratic,5000,54.5,9174,Democratic
1960,Mississippi,MS,Jackson,County,Richard Nixon,Republican,2266,24.7,9174,Democratic
1960,Mississippi,MS,Jasper,County,Unpledged Electors,Democratic,926,38.03,2435,Democratic
1960,Mississippi,MS,Jasper,County,John F. Kennedy,Democratic,1147,47.1,2435,Democratic
1960,Mississippi,MS,Jasper,County,Richard Nixon,Republican,362,14.87,2435,Democratic
1960,Mississippi,MS,Jefferson,County,Unpledged Electors,Democratic,728,66.54,1094,Democratic
1960,Mississippi,MS,Jefferson,County,John F. Kennedy,Democratic,229,20.93,1094,Democratic
1960,Mississippi,MS,Jefferson,County,Richard Nixon,Republican,137,12.52,1094,Democratic
1960,Mississippi,MS,Jefferson Davis,County,Unpledged Electors,Democratic,988,57.34,1723,Democratic
1960,Mississippi,MS,Jefferson Davis,County,John F. Kennedy,Democratic,510,29.6,1723,Democratic
1960,Mississippi,MS,Jefferson Davis,County,Richard Nixon,Republican,225,13.06,1723,Democratic
1960,Mississippi,MS,Jones,County,Unpledged Electors,Democratic,2928,27.81,10528,Democratic
1960,Mississippi,MS,Jones,County,John F. Kennedy,Democratic,4871,46.27,10528,Democratic
1960,Mississippi,MS,Jones,County,Richard Nixon,Republican,2729,25.92,10528,Democratic
1960,Mississippi,MS,Kemper,County,Unpledged Electors,Democratic,587,34.31,1711,Democratic
1960,Mississippi,MS,Kemper,County,John F. Kennedy,Democratic,931,54.41,1711,Democratic
1960,Mississippi,MS,Kemper,County,Richard Nixon,Republican,193,11.28,1711,Democratic
1960,Mississippi,MS,Lafayette,County,Unpledged Electors,Democratic,909,31.11,2922,Democratic
1960,Mississippi,MS,Lafayette,County,John F. Kennedy,Democratic,1308,44.76,2922,Democratic
1960,Mississippi,MS,Lafayette,County,Richard Nixon,Republican,705,24.13,2922,Democratic
1960,Mississippi,MS,Lamar,County,Unpledged Electors,Democratic,1046,44.83,2333,Democratic
1960,Mississippi,MS,Lamar,County,John F. Kennedy,Democratic,651,27.9,2333,Democratic
1960,Mississippi,MS,Lamar,County,Richard Nixon,Republican,636,27.26,2333,Democratic
1960,Mississippi,MS,Lauderdale,County,Unpledged Electors,Democratic,4154,38.66,10745,Democratic
1960,Mississippi,MS,Lauderdale,County,John F. Kennedy,Democratic,3755,34.95,10745,Democratic
1960,Mississippi,MS,Lauderdale,County,Richard Nixon,Republican,2836,26.39,10745,Democratic
1960,Mississippi,MS,Lawrence,County,Unpledged Electors,Democratic,923,55.91,1651,Democratic
1960,Mississippi,MS,Lawrence,County,John F. Kennedy,Democratic,469,28.41,1651,Democratic
1960,Mississippi,MS,Lawrence,County,Richard Nixon,Republican,259,15.69,1651,Democratic
1960,Mississippi,MS,Leake,County,Unpledged Electors,Democratic,2011,61.88,3250,Democratic
1960,Mississippi,MS,Leake,County,John F. Kennedy,Democratic,953,29.32,3250,Democratic
1960,Mississippi,MS,Leake,County,Richard Nixon,Republican,286,8.8,3250,Democratic
1960,Mississippi,MS,Lee,County,Unpledged Electors,Democratic,1438,21.65,6641,Democratic
1960,Mississippi,MS,Lee,County,John F. Kennedy,Democratic,3653,55.01,6641,Democratic
1960,Mississippi,MS,Lee,County,Richard Nixon,Republican,1550,23.34,6641,Democratic
1960,Mississippi,MS,Leflore,County,Unpledged Electors,Democratic,2112,45.51,4641,Democratic
1960,Mississippi,MS,Leflore,County,John F. Kennedy,Democratic,1212,26.12,4641,Democratic
1960,Mississippi,MS,Leflore,County,Richard Nixon,Republican,1317,28.38,4641,Democratic
1960,Mississippi,MS,Lincoln,County,Unpledged Electors,Democratic,2185,44.73,4885,Democratic
1960,Mississippi,MS,Lincoln,County,John F. Kennedy,Democratic,1449,29.66,4885,Democratic
1960,Mississippi,MS,Lincoln,County,Richard Nixon,Republican,1251,25.61,4885,Democratic
1960,Mississippi,MS,Lowndes,County,Unpledged Electors,Democratic,1430,30.56,4680,Republican
1960,Mississippi,MS,Lowndes,County,John F. Kennedy,Democratic,1240,26.5,4680,Republican
1960,Mississippi,MS,Lowndes,County,Richard Nixon,Republican,2010,42.95,4680,Republican
1960,Mississippi,MS,Madison,County,Unpledged Electors,Democratic,1583,55.33,2861,Democratic
1960,Mississippi,MS,Madison,County,John F. Kennedy,Democratic,753,26.32,2861,Democratic
1960,Mississippi,MS,Madison,County,Richard Nixon,Republican,525,18.35,2861,Democratic
1960,Mississippi,MS,Marion,County,Unpledged Electors,Democratic,1265,41.54,3045,Democratic
1960,Mississippi,MS,Marion,County,John F. Kennedy,Democratic,1082,35.53,3045,Democratic
1960,Mississippi,MS,Marion,County,Richard Nixon,Republican,698,22.92,3045,Democratic
1960,Mississippi,MS,Marshall,County,Unpledged Electors,Democratic,700,39.22,1785,Democratic
1960,Mississippi,MS,Marshall,County,John F. Kennedy,Democratic,681,38.15,1785,Democratic
1960,Mississippi,MS,Marshall,County,Richard Nixon,Republican,404,22.63,1785,Democratic
1960,Mississippi,MS,Monroe,County,Unpledged Electors,Democratic,1559,32.08,4860,Democratic
1960,Mississippi,MS,Monroe,County,John F. Kennedy,Democratic,1901,39.12,4860,Democratic
1960,Mississippi,MS,Monroe,County,Richard Nixon,Republican,1400,28.81,4860,Democratic
1960,Mississippi,MS,Montgomery,County,Unpledged Electors,Democratic,761,38.65,1969,Democratic
1960,Mississippi,MS,Montgomery,County,John F. Kennedy,Democratic,623,31.64,1969,Democratic
1960,Mississippi,MS,Montgomery,County,Richard Nixon,Republican,585,29.71,1969,Democratic
1960,Mississippi,MS,Neshoba,County,Unpledged Electors,Democratic,1716,41.49,4136,Democratic
1960,Mississippi,MS,Neshoba,County,John F. Kennedy,Democratic,1840,44.49,4136,Democratic
1960,Mississippi,MS,Neshoba,County,Richard Nixon,Republican,580,14.02,4136,Democratic
1960,Mississippi,MS,Newton,County,Unpledged Electors,Democratic,1956,57.94,3376,Democratic
1960,Mississippi,MS,Newton,County,John F. Kennedy,Democratic,912,27.01,3376,Democratic
1960,Mississippi,MS,Newton,County,Richard Nixon,Republican,508,15.05,3376,Democratic
1960,Mississippi,MS,Noxubee,County,Unpledged Electors,Democratic,870,58.43,1489,Democratic
1960,Mississippi,MS,Noxubee,County,John F. Kennedy,Democratic,277,18.6,1489,Democratic
1960,Mississippi,MS,Noxubee,County,Richard Nixon,Republican,342,22.97,1489,Democratic
1960,Mississippi,MS,Oktibbeha,County,Unpledged Electors,Democratic,1672,48.95,3416,Democratic
1960,Mississippi,MS,Oktibbeha,County,John F. Kennedy,Democratic,915,26.79,3416,Democratic
1960,Mississippi,MS,Oktibbeha,County,Richard Nixon,Republican,829,24.27,3416,Democratic
1960,Mississippi,MS,Panola,County,Unpledged Electors,Democratic,1404,48.61,2888,Democratic
1960,Mississippi,MS,Panola,County,John F. Kennedy,Democratic,841,29.12,2888,Democratic
1960,Mississippi,MS,Panola,County,Richard Nixon,Republican,643,22.26,2888,Democratic
1960,Mississippi,MS,Pearl River,County,Unpledged Electors,Democratic,1556,44.67,3483,Democratic
1960,Mississippi,MS,Pearl River,County,John F. Kennedy,Democratic,1276,36.64,3483,Democratic
1960,Mississippi,MS,Pearl River,County,Richard Nixon,Republican,651,18.69,3483,Democratic
1960,Mississippi,MS,Perry,County,Unpledged Electors,Democratic,556,41.37,1344,Democratic
1960,Mississippi,MS,Perry,County,John F. Kennedy,Democratic,514,38.24,1344,Democratic
1960,Mississippi,MS,Perry,County,Richard Nixon,Republican,274,20.39,1344,Democratic
1960,Mississippi,MS,Pike,County,Unpledged Electors,Democratic,2632,49.13,5357,Democratic
1960,Mississippi,MS,Pike,County,John F. Kennedy,Democratic,1258,23.48,5357,Democratic
1960,Mississippi,MS,Pike,County,Richard Nixon,Republican,1467,27.38,5357,Democratic
1960,Mississippi,MS,Pontotoc,County,Unpledged Electors,Democratic,792,29.29,2704,Democratic
1960,Mississippi,MS,Pontotoc,County,John F. Kennedy,Democratic,1584,58.58,2704,Democratic
1960,Mississippi,MS,Pontotoc,County,Richard Nixon,Republican,328,12.13,2704,Democratic
1960,Mississippi,MS,Prentiss,County,Unpledged Electors,Democratic,468,15.68,2985,Democratic
1960,Mississippi,MS,Prentiss,County,John F. Kennedy,Democratic,1777,59.53,2985,Democratic
1960,Mississippi,MS,Prentiss,County,Richard Nixon,Republican,740,24.79,2985,Democratic
1960,Mississippi,MS,Quitman,County,Unpledged Electors,Democratic,674,43.32,1556,Democratic
1960,Mississippi,MS,Quitman,County,John F. Kennedy,Democratic,583,37.47,1556,Democratic
1960,Mississippi,MS,Quitman,County,Richard Nixon,Republican,299,19.22,1556,Democratic
1960,Mississippi,MS,Rankin,County,Unpledged Electors,Democratic,3114,65.12,4782,Democratic
1960,Mississippi,MS,Rankin,County,John F. Kennedy,Democratic,850,17.77,4782,Democratic
1960,Mississippi,MS,Rankin,County,Richard Nixon,Republican,818,17.11,4782,Democratic
1960,Mississippi,MS,Scott,County,Unpledged Electors,Democratic,1841,53.02,3472,Democratic
1960,Mississippi,MS,Scott,County,John F. Kennedy,Democratic,1024,29.49,3472,Democratic
1960,Mississippi,MS,Scott,County,Richard Nixon,Republican,607,17.48,3472,Democratic
1960,Mississippi,MS,Sharkey,County,Unpledged Electors,Democratic,431,42.8,1007,Democratic
1960,Mississippi,MS,Sharkey,County,John F. Kennedy,Democratic,263,26.12,1007,Democratic
1960,Mississippi,MS,Sharkey,County,Richard Nixon,Republican,313,31.08,1007,Democratic
1960,Mississippi,MS,Simpson,County,Unpledged Electors,Democratic,1568,48.88,3208,Democratic
1960,Mississippi,MS,Simpson,County,John F. Kennedy,Democratic,1034,32.23,3208,Democratic
1960,Mississippi,MS,Simpson,County,Richard Nixon,Republican,606,18.89,3208,Democratic
1960,Mississippi,MS,Smith,County,Unpledged Electors,Democratic,1025,34.79,2946,Democratic
1960,Mississippi,MS,Smith,County,John F. Kennedy,Democratic,1568,53.22,2946,Democratic
1960,Mississippi,MS,Smith,County,Richard Nixon,Republican,353,11.98,2946,Democratic
1960,Mississippi,MS,Stone,County,Unpledged Electors,Democratic,818,56.96,1436,Democratic
1960,Mississippi,MS,Stone,County,John F. Kennedy,Democratic,343,23.89,1436,Democratic
1960,Mississippi,MS,Stone,County,Richard Nixon,Republican,275,19.15,1436,Democratic
1960,Mississippi,MS,Sunflower,County,Unpledged Electors,Democratic,1241,35.96,3451,Democratic
1960,Mississippi,MS,Sunflower,County,John F. Kennedy,Democratic,1033,29.93,3451,Democratic
1960,Mississippi,MS,Sunflower,County,Richard Nixon,Republican,1177,34.11,3451,Democratic
1960,Mississippi,MS,Tallahatchie,County,Unpledged Electors,Democratic,1421,54.72,2597,Democratic
1960,Mississippi,MS,Tallahatchie,County,John F. Kennedy,Democratic,830,31.96,2597,Democratic
1960,Mississippi,MS,Tallahatchie,County,Richard Nixon,Republican,346,13.32,2597,Democratic
1960,Mississippi,MS,Tate,County,Unpledged Electors,Democratic,845,47.69,1772,Democratic
1960,Mississippi,MS,Tate,County,John F. Kennedy,Democratic,686,38.71,1772,Democratic
1960,Mississippi,MS,Tate,County,Richard Nixon,Republican,241,13.6,1772,Democratic
1960,Mississippi,MS,Tippah,County,Unpledged Electors,Democratic,467,16.15,2892,Democratic
1960,Mississippi,MS,Tippah,County,John F. Kennedy,Democratic,1939,67.05,2892,Democratic
1960,Mississippi,MS,Tippah,County,Richard Nixon,Republican,486,16.8,2892,Democratic
1960,Mississippi,MS,Tishomingo,County,Unpledged Electors,Democratic,669,27.56,2427,Democratic
1960,Mississippi,MS,Tishomingo,County,John F. Kennedy,Democratic,1222,50.35,2427,Democratic
1960,Mississippi,MS,Tishomingo,County,Richard Nixon,Republican,536,22.08,2427,Democratic
1960,Mississippi,MS,Tunica,County,Unpledged Electors,Democratic,240,26.76,897,Republican
1960,Mississippi,MS,Tunica,County,John F. Kennedy,Democratic,323,36.01,897,Republican
1960,Mississippi,MS,Tunica,County,Richard Nixon,Republican,334,37.24,897,Republican
1960,Mississippi,MS,Union,County,Unpledged Electors,Democratic,689,20.91,3295,Democratic
1960,Mississippi,MS,Union,County,John F. Kennedy,Democratic,2001,60.73,3295,Democratic
1960,Mississippi,MS,Union,County,Richard Nixon,Republican,605,18.36,3295,Democratic
1960,Mississippi,MS,Walthall,County,Unpledged Electors,Democratic,1082,50.58,2139,Democratic
1960,Mississippi,MS,Walthall,County,John F. Kennedy,Democratic,747,34.92,2139,Democratic
1960,Mississippi,MS,Walthall,County,Richard Nixon,Republican,310,14.49,2139,Democratic
1960,Mississippi,MS,Warren,County,Unpledged Electors,Democratic,2021,30.68,6587,Democratic
1960,Mississippi,MS,Warren,County,John F. Kennedy,Democratic,2289,34.75,6587,Democratic
1960,Mississippi,MS,Warren,County,Richard Nixon,Republican,2277,34.57,6587,Democratic
1960,Mississippi,MS,Washington,County,Unpledged Electors,Democratic,1258,18.9,6655,Democratic
1960,Mississippi,MS,Washington,County,John F. Kennedy,Democratic,3105,46.66,6655,Democratic
1960,Mississippi,MS,Washington,County,Richard Nixon,Republican,2292,34.44,6655,Democratic
1960,Mississippi,MS,Wayne,County,Unpledged Electors,Democratic,1036,46.39,2233,Democratic
1960,Mississippi,MS,Wayne,County,John F. Kennedy,Democratic,707,31.66,2233,Democratic
1960,Mississippi,MS,Wayne,County,Richard Nixon,Republican,490,21.94,2233,Democratic
1960,Mississippi,MS,Webster,County,Unpledged Electors,Democratic,1174,57.95,2026,Democratic
1960,Mississippi,MS,Webster,County,John F. Kennedy,Democratic,553,27.3,2026,Democratic
1960,Mississippi,MS,Webster,County,Richard Nixon,Republican,299,14.76,2026,Democratic
1960,Mississippi,MS,Wilkinson,County,Unpledged Electors,Democratic,832,68.09,1222,Democratic
1960,Mississippi,MS,Wilkinson,County,John F. Kennedy,Democratic,216,17.68,1222,Democratic
1960,Mississippi,MS,Wilkinson,County,Richard Nixon,Republican,174,14.24,1222,Democratic
1960,Mississippi,MS,Winston,County,Unpledged Electors,Democratic,1505,50.74,2966,Democratic
1960,Mississippi,MS,Winston,County,John F. Kennedy,Democratic,1056,35.6,2966,Democratic
1960,Mississippi,MS,Winston,County,Richard Nixon,Republican,405,13.65,2966,Democratic
1960,Mississippi,MS,Yalobusha,County,Unpledged Electors,Democratic,704,36.99,1903,Democratic
1960,Mississippi,MS,Yalobusha,County,John F. Kennedy,Democratic,650,34.16,1903,Democratic
1960,Mississippi,MS,Yalobusha,County,Richard Nixon,Republican,549,28.85,1903,Democratic
1960,Mississippi,MS,Yazoo,County,Unpledged Electors,Democratic,1847,55.3,3340,Democratic
1960,Mississippi,MS,Yazoo,County,John F. Kennedy,Democratic,715,21.41,3340,Democratic
1960,Mississippi,MS,Yazoo,County,Richard Nixon,Republican,778,23.29,3340,Democratic
1960,Missouri,MO,Adair,County,John F. Kennedy,Democratic,3160,36.62,8629,Republican
1960,Missouri,MO,Adair,County,Richard Nixon,Republican,5469,63.38,8629,Republican
1960,Missouri,MO,Andrew,County,John F. Kennedy,Democratic,2170,36.87,5886,Republican
1960,Missouri,MO,Andrew,County,Richard Nixon,Republican,3716,63.13,5886,Republican
1960,Missouri,MO,Atchison,County,John F. Kennedy,Democratic,2167,44.9,4826,Republican
1960,Missouri,MO,Atchison,County,Richard Nixon,Republican,2659,55.1,4826,Republican
1960,Missouri,MO,Audrain,County,John F. Kennedy,Democratic,6410,56.4,11365,Democratic
1960,Missouri,MO,Audrain,County,Richard Nixon,Republican,4955,43.6,11365,Democratic
1960,Missouri,MO,Barry,County,John F. Kennedy,Democratic,3919,36.88,10625,Republican
1960,Missouri,MO,Barry,County,Richard Nixon,Republican,6706,63.12,10625,Republican
1960,Missouri,MO,Barton,County,John F. Kennedy,Democratic,2417,39.49,6120,Republican
1960,Missouri,MO,Barton,County,Richard Nixon,Republican,3703,60.51,6120,Republican
1960,Missouri,MO,Bates,County,John F. Kennedy,Democratic,3906,41.84,9335,Republican
1960,Missouri,MO,Bates,County,Richard Nixon,Republican,5429,58.16,9335,Republican
1960,Missouri,MO,Benton,County,John F. Kennedy,Democratic,1496,30.04,4980,Republican
1960,Missouri,MO,Benton,County,Richard Nixon,Republican,3484,69.96,4980,Republican
1960,Missouri,MO,Bollinger,County,John F. Kennedy,Democratic,1935,40.14,4821,Republican
1960,Missouri,MO,Bollinger,County,Richard Nixon,Republican,2886,59.86,4821,Republican
1960,Missouri,MO,Boone,County,John F. Kennedy,Democratic,11514,52.41,21967,Democratic
1960,Missouri,MO,Boone,County,Richard Nixon,Republican,10453,47.59,21967,Democratic
1960,Missouri,MO,Buchanan,County,John F. Kennedy,Democratic,19348,47.43,40796,Republican
1960,Missouri,MO,Buchanan,County,Richard Nixon,Republican,21448,52.57,40796,Republican
1960,Missouri,MO,Butler,County,John F. Kennedy,Democratic,5406,38.19,14157,Republican
1960,Missouri,MO,Butler,County,Richard Nixon,Republican,8751,61.81,14157,Republican
1960,Missouri,MO,Caldwell,County,John F. Kennedy,Democratic,1736,35.79,4851,Republican
1960,Missouri,MO,Caldwell,County,Richard Nixon,Republican,3115,64.21,4851,Republican
1960,Missouri,MO,Callaway,County,John F. Kennedy,Democratic,5344,56.86,9398,Democratic
1960,Missouri,MO,Callaway,County,Richard Nixon,Republican,4054,43.14,9398,Democratic
1960,Missouri,MO,Camden,County,John F. Kennedy,Democratic,1759,33.39,5268,Republican
1960,Missouri,MO,Camden,County,Richard Nixon,Republican,3509,66.61,5268,Republican
1960,Missouri,MO,Cape Girardeau,County,John F. Kennedy,Democratic,8172,41.9,19503,Republican
1960,Missouri,MO,Cape Girardeau,County,Richard Nixon,Republican,11331,58.1,19503,Republican
1960,Missouri,MO,Carroll,County,John F. Kennedy,Democratic,3296,41.98,7851,Republican
1960,Missouri,MO,Carroll,County,Richard Nixon,Republican,4555,58.02,7851,Republican
1960,Missouri,MO,Carter,County,John F. Kennedy,Democratic,683,39.43,1732,Republican
1960,Missouri,MO,Carter,County,Richard Nixon,Republican,1049,60.57,1732,Republican
1960,Missouri,MO,Cass,County,John F. Kennedy,Democratic,5718,46.71,12241,Republican
1960,Missouri,MO,Cass,County,Richard Nixon,Republican,6523,53.29,12241,Republican
1960,Missouri,MO,Cedar,County,John F. Kennedy,Democratic,1547,29.32,5277,Republican
1960,Missouri,MO,Cedar,County,Richard Nixon,Republican,3730,70.68,5277,Republican
1960,Missouri,MO,Chariton,County,John F. Kennedy,Democratic,3550,53.37,6652,Democratic
1960,Missouri,MO,Chariton,County,Richard Nixon,Republican,3102,46.63,6652,Democratic
1960,Missouri,MO,Christian,County,John F. Kennedy,Democratic,1622,25.96,6249,Republican
1960,Missouri,MO,Christian,County,Richard Nixon,Republican,4627,74.04,6249,Republican
1960,Missouri,MO,Clark,County,John F. Kennedy,Democratic,2039,43.56,4681,Republican
1960,Missouri,MO,Clark,County,Richard Nixon,Republican,2642,56.44,4681,Republican
1960,Missouri,MO,Clay,County,John F. Kennedy,Democratic,17318,47.74,36273,Republican
1960,Missouri,MO,Clay,County,Richard Nixon,Republican,18955,52.26,36273,Republican
1960,Missouri,MO,Clinton,County,John F. Kennedy,Democratic,3167,48.29,6558,Republican
1960,Missouri,MO,Clinton,County,Richard Nixon,Republican,3391,51.71,6558,Republican
1960,Missouri,MO,Cole,County,John F. Kennedy,Democratic,8532,46.64,18295,Republican
1960,Missouri,MO,Cole,County,Richard Nixon,Republican,9763,53.36,18295,Republican
1960,Missouri,MO,Cooper,County,John F. Kennedy,Democratic,3858,45.23,8530,Republican
1960,Missouri,MO,Cooper,County,Richard Nixon,Republican,4672,54.77,8530,Republican
1960,Missouri,MO,Crawford,County,John F. Kennedy,Democratic,2387,37.0,6452,Republican
1960,Missouri,MO,Crawford,County,Richard Nixon,Republican,4065,63.0,6452,Republican
1960,Missouri,MO,Dade,County,John F. Kennedy,Democratic,1217,28.95,4204,Republican
1960,Missouri,MO,Dade,County,Richard Nixon,Republican,2987,71.05,4204,Republican
1960,Missouri,MO,Dallas,County,John F. Kennedy,Democratic,1482,29.62,5004,Republican
1960,Missouri,MO,Dallas,County,Richard Nixon,Republican,3522,70.38,5004,Republican
1960,Missouri,MO,Daviess,County,John F. Kennedy,Democratic,2220,41.03,5411,Republican
1960,Missouri,MO,Daviess,County,Richard Nixon,Republican,3191,58.97,5411,Republican
1960,Missouri,MO,DeKalb,County,John F. Kennedy,Democratic,1697,40.59,4181,Republican
1960,Missouri,MO,DeKalb,County,Richard Nixon,Republican,2484,59.41,4181,Republican
1960,Missouri,MO,Dent,County,John F. Kennedy,Democratic,2593,44.67,5805,Republican
1960,Missouri,MO,Dent,County,Richard Nixon,Republican,3212,55.33,5805,Republican
1960,Missouri,MO,Douglas,County,John F. Kennedy,Democratic,1014,21.92,4625,Republican
1960,Missouri,MO,Douglas,County,Richard Nixon,Republican,3611,78.08,4625,Republican
1960,Missouri,MO,Dunklin,County,John F. Kennedy,Democratic,6568,49.47,13276,Republican
1960,Missouri,MO,Dunklin,County,Richard Nixon,Republican,6708,50.53,13276,Republican
1960,Missouri,MO,Franklin,County,John F. Kennedy,Democratic,10324,47.07,21934,Republican
1960,Missouri,MO,Franklin,County,Richard Nixon,Republican,11610,52.93,21934,Republican
1960,Missouri,MO,Gasconade,County,John F. Kennedy,Democratic,1651,25.38,6505,Republican
1960,Missouri,MO,Gasconade,County,Richard Nixon,Republican,4854,74.62,6505,Republican
1960,Missouri,MO,Gentry,County,John F. Kennedy,Democratic,2439,45.79,5327,Republican
1960,Missouri,MO,Gentry,County,Richard Nixon,Republican,2888,54.21,5327,Republican
1960,Missouri,MO,Greene,County,John F. Kennedy,Democratic,20457,35.64,57400,Republican
1960,Missouri,MO,Greene,County,Richard Nixon,Republican,36943,64.36,57400,Republican
1960,Missouri,MO,Grundy,County,John F. Kennedy,Democratic,2415,35.32,6837,Republican
1960,Missouri,MO,Grundy,County,Richard Nixon,Republican,4422,64.68,6837,Republican
1960,Missouri,MO,Harrison,County,John F. Kennedy,Democratic,2200,34.56,6366,Republican
1960,Missouri,MO,Harrison,County,Richard Nixon,Republican,4166,65.44,6366,Republican
1960,Missouri,MO,Henry,County,John F. Kennedy,Democratic,4601,43.35,10613,Republican
1960,Missouri,MO,Henry,County,Richard Nixon,Republican,6012,56.65,10613,Republican
1960,Missouri,MO,Hickory,County,John F. Kennedy,Democratic,615,24.6,2500,Republican
1960,Missouri,MO,Hickory,County,Richard Nixon,Republican,1885,75.4,2500,Republican
1960,Missouri,MO,Holt,County,John F. Kennedy,Democratic,1551,36.31,4271,Republican
1960,Missouri,MO,Holt,County,Richard Nixon,Republican,2720,63.69,4271,Republican
1960,Missouri,MO,Howard,County,John F. Kennedy,Democratic,3302,61.41,5377,Democratic
1960,Missouri,MO,Howard,County,Richard Nixon,Republican,2075,38.59,5377,Democratic
1960,Missouri,MO,Howell,County,John F. Kennedy,Democratic,2734,27.82,9829,Republican
1960,Missouri,MO,Howell,County,Richard Nixon,Republican,7095,72.18,9829,Republican
1960,Missouri,MO,Iron,County,John F. Kennedy,Democratic,1851,46.59,3973,Republican
1960,Missouri,MO,Iron,County,Richard Nixon,Republican,2122,53.41,3973,Republican
1960,Missouri,MO,Jackson,County,John F. Kennedy,Democratic,142869,53.62,266458,Democratic
1960,Missouri,MO,Jackson,County,Richard Nixon,Republican,123589,46.38,266458,Democratic
1960,Missouri,MO,Jasper,County,John F. Kennedy,Democratic,14962,40.7,36766,Republican
1960,Missouri,MO,Jasper,County,Richard Nixon,Republican,21804,59.3,36766,Republican
1960,Missouri,MO,Jefferson,County,John F. Kennedy,Democratic,17054,56.91,29964,Democratic
1960,Missouri,MO,Jefferson,County,Richard Nixon,Republican,12910,43.09,29964,Democratic
1960,Missouri,MO,Johnson,County,John F. Kennedy,Democratic,4712,40.34,11682,Republican
1960,Missouri,MO,Johnson,County,Richard Nixon,Republican,6970,59.66,11682,Republican
1960,Missouri,MO,Knox,County,John F. Kennedy,Democratic,1796,48.94,3670,Republican
1960,Missouri,MO,Knox,County,Richard Nixon,Republican,1874,51.06,3670,Republican
1960,Missouri,MO,Laclede,County,John F. Kennedy,Democratic,3156,35.22,8961,Republican
1960,Missouri,MO,Laclede,County,Richard Nixon,Republican,5805,64.78,8961,Republican
1960,Missouri,MO,Lafayette,County,John F. Kennedy,Democratic,5555,40.95,13566,Republican
1960,Missouri,MO,Lafayette,County,Richard Nixon,Republican,8011,59.05,13566,Republican
1960,Missouri,MO,Lawrence,County,John F. Kennedy,Democratic,4483,34.78,12889,Republican
1960,Missouri,MO,Lawrence,County,Richard Nixon,Republican,8406,65.22,12889,Republican
1960,Missouri,MO,Lewis,County,John F. Kennedy,Democratic,2726,51.57,5286,Democratic
1960,Missouri,MO,Lewis,County,Richard Nixon,Republican,2560,48.43,5286,Democratic
1960,Missouri,MO,Lincoln,County,John F. Kennedy,Democratic,3793,52.22,7264,Democratic
1960,Missouri,MO,Lincoln,County,Richard Nixon,Republican,3471,47.78,7264,Democratic
1960,Missouri,MO,Linn,County,John F. Kennedy,Democratic,4534,47.13,9620,Republican
1960,Missouri,MO,Linn,County,Richard Nixon,Republican,5086,52.87,9620,Republican
1960,Missouri,MO,Livingston,County,John F. Kennedy,Democratic,3795,42.93,8840,Republican
1960,Missouri,MO,Livingston,County,Richard Nixon,Republican,5045,57.07,8840,Republican
1960,Missouri,MO,Macon,County,John F. Kennedy,Democratic,4208,46.07,9133,Republican
1960,Missouri,MO,Macon,County,Richard Nixon,Republican,4925,53.93,9133,Republican
1960,Missouri,MO,Madison,County,John F. Kennedy,Democratic,1874,38.77,4834,Republican
1960,Missouri,MO,Madison,County,Richard Nixon,Republican,2960,61.23,4834,Republican
1960,Missouri,MO,Maries,County,John F. Kennedy,Democratic,1716,50.47,3400,Democratic
1960,Missouri,MO,Maries,County,Richard Nixon,Republican,1684,49.53,3400,Democratic
1960,Missouri,MO,Marion,County,John F. Kennedy,Democratic,6758,51.24,13189,Democratic
1960,Missouri,MO,Marion,County,Richard Nixon,Republican,6431,48.76,13189,Democratic
1960,Missouri,MO,McDonald,County,John F. Kennedy,Democratic,2496,38.69,6451,Republican
1960,Missouri,MO,McDonald,County,Richard Nixon,Republican,3955,61.31,6451,Republican
1960,Missouri,MO,Mercer,County,John F. Kennedy,Democratic,1146,32.74,3500,Republican
1960,Missouri,MO,Mercer,County,Richard Nixon,Republican,2354,67.26,3500,Republican
1960,Missouri,MO,Miller,County,John F. Kennedy,Democratic,2584,36.57,7066,Republican
1960,Missouri,MO,Miller,County,Richard Nixon,Republican,4482,63.43,7066,Republican
1960,Missouri,MO,Mississippi,County,John F. Kennedy,Democratic,3855,59.45,6484,Democratic
1960,Missouri,MO,Mississippi,County,Richard Nixon,Republican,2629,40.55,6484,Democratic
1960,Missouri,MO,Moniteau,County,John F. Kennedy,Democratic,2271,39.68,5724,Republican
1960,Missouri,MO,Moniteau,County,Richard Nixon,Republican,3453,60.32,5724,Republican
1960,Missouri,MO,Monroe,County,John F. Kennedy,Democratic,4011,72.53,5530,Democratic
1960,Missouri,MO,Monroe,County,Richard Nixon,Republican,1519,27.47,5530,Democratic
1960,Missouri,MO,Montgomery,County,John F. Kennedy,Democratic,2804,44.81,6258,Republican
1960,Missouri,MO,Montgomery,County,Richard Nixon,Republican,3454,55.19,6258,Republican
1960,Missouri,MO,Morgan,County,John F. Kennedy,Democratic,1979,37.93,5218,Republican
1960,Missouri,MO,Morgan,County,Richard Nixon,Republican,3239,62.07,5218,Republican
1960,Missouri,MO,New Madrid,County,John F. Kennedy,Democratic,7373,63.68,11578,Democratic
1960,Missouri,MO,New Madrid,County,Richard Nixon,Republican,4205,36.32,11578,Democratic
1960,Missouri,MO,Newton,County,John F. Kennedy,Democratic,5678,38.66,14688,Republican
1960,Missouri,MO,Newton,County,Richard Nixon,Republican,9010,61.34,14688,Republican
1960,Missouri,MO,Nodaway,County,John F. Kennedy,Democratic,5318,47.02,11311,Republican
1960,Missouri,MO,Nodaway,County,Richard Nixon,Republican,5993,52.98,11311,Republican
1960,Missouri,MO,Oregon,County,John F. Kennedy,Democratic,1934,49.49,3908,Republican
1960,Missouri,MO,Oregon,County,Richard Nixon,Republican,1974,50.51,3908,Republican
1960,Missouri,MO,Osage,County,John F. Kennedy,Democratic,2900,51.99,5578,Democratic
1960,Missouri,MO,Osage,County,Richard Nixon,Republican,2678,48.01,5578,Democratic
1960,Missouri,MO,Ozark,County,John F. Kennedy,Democratic,721,21.74,3316,Republican
1960,Missouri,MO,Ozark,County,Richard Nixon,Republican,2595,78.26,3316,Republican
1960,Missouri,MO,Pemiscot,County,John F. Kennedy,Democratic,7312,62.09,11776,Democratic
1960,Missouri,MO,Pemiscot,County,Richard Nixon,Republican,4464,37.91,11776,Democratic
1960,Missouri,MO,Perry,County,John F. Kennedy,Democratic,2991,43.49,6877,Republican
1960,Missouri,MO,Perry,County,Richard Nixon,Republican,3886,56.51,6877,Republican
1960,Missouri,MO,Pettis,County,John F. Kennedy,Democratic,6997,43.56,16063,Republican
1960,Missouri,MO,Pettis,County,Richard Nixon,Republican,9066,56.44,16063,Republican
1960,Missouri,MO,Phelps,County,John F. Kennedy,Democratic,4576,44.69,10239,Republican
1960,Missouri,MO,Phelps,County,Richard Nixon,Republican,5663,55.31,10239,Republican
1960,Missouri,MO,Pike,County,John F. Kennedy,Democratic,4096,51.23,7996,Democratic
1960,Missouri,MO,Pike,County,Richard Nixon,Republican,3900,48.77,7996,Democratic
1960,Missouri,MO,Platte,County,John F. Kennedy,Democratic,5860,55.12,10631,Democratic
1960,Missouri,MO,Platte,County,Richard Nixon,Republican,4771,44.88,10631,Democratic
1960,Missouri,MO,Polk,County,John F. Kennedy,Democratic,2440,33.48,7289,Republican
1960,Missouri,MO,Polk,County,Richard Nixon,Republican,4849,66.52,7289,Republican
1960,Missouri,MO,Pulaski,County,John F. Kennedy,Democratic,3096,48.52,6381,Republican
1960,Missouri,MO,Pulaski,County,Richard Nixon,Republican,3285,51.48,6381,Republican
1960,Missouri,MO,Putnam,County,John F. Kennedy,Democratic,1060,28.11,3771,Republican
1960,Missouri,MO,Putnam,County,Richard Nixon,Republican,2711,71.89,3771,Republican
1960,Missouri,MO,Ralls,County,John F. Kennedy,Democratic,2495,62.69,3980,Democratic
1960,Missouri,MO,Ralls,County,Richard Nixon,Republican,1485,37.31,3980,Democratic
1960,Missouri,MO,Randolph,County,John F. Kennedy,Democratic,6434,60.62,10614,Democratic
1960,Missouri,MO,Randolph,County,Richard Nixon,Republican,4180,39.38,10614,Democratic
1960,Missouri,MO,Ray,County,John F. Kennedy,Democratic,4565,56.31,8107,Democratic
1960,Missouri,MO,Ray,County,Richard Nixon,Republican,3542,43.69,8107,Democratic
1960,Missouri,MO,Reynolds,County,John F. Kennedy,Democratic,1044,47.82,2183,Republican
1960,Missouri,MO,Reynolds,County,Richard Nixon,Republican,1139,52.18,2183,Republican
1960,Missouri,MO,Ripley,County,John F. Kennedy,Democratic,1717,37.92,4528,Republican
1960,Missouri,MO,Ripley,County,Richard Nixon,Republican,2811,62.08,4528,Republican
1960,Missouri,MO,St. Charles,County,John F. Kennedy,Democratic,11890,52.2,22778,Democratic
1960,Missouri,MO,St. Charles,County,Richard Nixon,Republican,10888,47.8,22778,Democratic
1960,Missouri,MO,St. Clair,County,John F. Kennedy,Democratic,1865,36.85,5061,Republican
1960,Missouri,MO,St. Clair,County,Richard Nixon,Republican,3196,63.15,5061,Republican
1960,Missouri,MO,St. Francois,County,John F. Kennedy,Democratic,7205,41.56,17336,Republican
1960,Missouri,MO,St. Francois,County,Richard Nixon,Republican,10131,58.44,17336,Republican
1960,Missouri,MO,St. Louis,County,John F. Kennedy,Democratic,166508,51.31,324500,Democratic
1960,Missouri,MO,St. Louis,County,Richard Nixon,Republican,157992,48.69,324500,Democratic
1960,Missouri,MO,St. Louis City,County,John F. Kennedy,Democratic,202319,66.63,303650,Democratic
1960,Missouri,MO,St. Louis City,County,Richard Nixon,Republican,101331,33.37,303650,Democratic
1960,Missouri,MO,Ste. Genevieve,County,John F. Kennedy,Democratic,3211,62.14,5167,Democratic
1960,Missouri,MO,Ste. Genevieve,County,Richard Nixon,Republican,1956,37.86,5167,Democratic
1960,Missouri,MO,Saline,County,John F. Kennedy,Democratic,5969,49.52,12054,Republican
1960,Missouri,MO,Saline,County,Richard Nixon,Republican,6085,50.48,12054,Republican
1960,Missouri,MO,Schuyler,County,John F. Kennedy,Democratic,1361,44.96,3027,Republican
1960,Missouri,MO,Schuyler,County,Richard Nixon,Republican,1666,55.04,3027,Republican
1960,Missouri,MO,Scotland,County,John F. Kennedy,Democratic,1884,49.8,3783,Republican
1960,Missouri,MO,Scotland,County,Richard Nixon,Republican,1899,50.2,3783,Republican
1960,Missouri,MO,Scott,County,John F. Kennedy,Democratic,6349,52.23,12156,Democratic
1960,Missouri,MO,Scott,County,Richard Nixon,Republican,5807,47.77,12156,Democratic
1960,Missouri,MO,Shannon,County,John F. Kennedy,Democratic,1386,49.24,2815,Republican
1960,Missouri,MO,Shannon,County,Richard Nixon,Republican,1429,50.76,2815,Republican
1960,Missouri,MO,Shelby,County,John F. Kennedy,Democratic,2870,58.19,4932,Democratic
1960,Missouri,MO,Shelby,County,Richard Nixon,Republican,2062,41.81,4932,Democratic
1960,Missouri,MO,Stoddard,County,John F. Kennedy,Democratic,5317,45.51,11683,Republican
1960,Missouri,MO,Stoddard,County,Richard Nixon,Republican,6366,54.49,11683,Republican
1960,Missouri,MO,Stone,County,John F. Kennedy,Democratic,890,21.76,4091,Republican
1960,Missouri,MO,Stone,County,Richard Nixon,Republican,3201,78.24,4091,Republican
1960,Missouri,MO,Sullivan,County,John F. Kennedy,Democratic,2504,43.88,5706,Republican
1960,Missouri,MO,Sullivan,County,Richard Nixon,Republican,3202,56.12,5706,Republican
1960,Missouri,MO,Taney,County,John F. Kennedy,Democratic,1439,28.05,5131,Republican
1960,Missouri,MO,Taney,County,Richard Nixon,Republican,3692,71.95,5131,Republican
1960,Missouri,MO,Texas,County,John F. Kennedy,Democratic,3606,40.68,8864,Republican
1960,Missouri,MO,Texas,County,Richard Nixon,Republican,5258,59.32,8864,Republican
1960,Missouri,MO,Vernon,County,John F. Kennedy,Democratic,4186,43.73,9573,Republican
1960,Missouri,MO,Vernon,County,Richard Nixon,Republican,5387,56.27,9573,Republican
1960,Missouri,MO,Warren,County,John F. Kennedy,Democratic,1407,32.32,4353,Republican
1960,Missouri,MO,Warren,County,Richard Nixon,Republican,2946,67.68,4353,Republican
1960,Missouri,MO,Washington,County,John F. Kennedy,Democratic,2649,43.53,6086,Republican
1960,Missouri,MO,Washington,County,Richard Nixon,Republican,3437,56.47,6086,Republican
1960,Missouri,MO,Wayne,County,John F. Kennedy,Democratic,2152,41.22,5221,Republican
1960,Missouri,MO,Wayne,County,Richard Nixon,Republican,3069,58.78,5221,Republican
1960,Missouri,MO,Webster,County,John F. Kennedy,Democratic,2707,37.03,7310,Republican
1960,Missouri,MO,Webster,County,Richard Nixon,Republican,4603,62.97,7310,Republican
1960,Missouri,MO,Worth,County,John F. Kennedy,Democratic,1323,49.4,2678,Republican
1960,Missouri,MO,Worth,County,Richard Nixon,Republican,1355,50.6,2678,Republican
1960,Missouri,MO,Wright,County,John F. Kennedy,Democratic,1953,27.34,7144,Republican
1960,Missouri,MO,Wright,County,Richard Nixon,Republican,5191,72.66,7144,Republican
1960,Montana,MT,Beaverhead,County,Richard Nixon,Republican,1731,56.88,3043,Republican
1960,Montana,MT,Beaverhead,County,John F. Kennedy,Democratic,1307,42.95,3043,Republican
1960,Montana,MT,Beaverhead,County,Other,Other,5,0.16,3043,Republican
1960,Montana,MT,Big Horn,County,Richard Nixon,Republican,1724,53.47,3224,Republican
1960,Montana,MT,Big Horn,County,John F. Kennedy,Democratic,1497,46.43,3224,Republican
1960,Montana,MT,Big Horn,County,Other,Other,3,0.09,3224,Republican
1960,Montana,MT,Blaine,County,Richard Nixon,Republican,1290,44.85,2876,Democratic
1960,Montana,MT,Blaine,County,John F. Kennedy,Democratic,1569,54.55,2876,Democratic
1960,Montana,MT,Blaine,County,Other,Other,17,0.59,2876,Democratic
1960,Montana,MT,Broadwater,County,Richard Nixon,Republican,680,51.87,1311,Republican
1960,Montana,MT,Broadwater,County,John F. Kennedy,Democratic,631,48.13,1311,Republican
1960,Montana,MT,Broadwater,County,Other,Other,0,0.0,1311,Republican
1960,Montana,MT,Carbon,County,Richard Nixon,Republican,2050,51.75,3961,Republican
1960,Montana,MT,Carbon,County,John F. Kennedy,Democratic,1903,48.04,3961,Republican
1960,Montana,MT,Carbon,County,Other,Other,8,0.2,3961,Republican
1960,Montana,MT,Carter,County,Richard Nixon,Republican,688,64.0,1075,Republican
1960,Montana,MT,Carter,County,John F. Kennedy,Democratic,383,35.63,1075,Republican
1960,Montana,MT,Carter,County,Other,Other,4,0.37,1075,Republican
1960,Montana,MT,Cascade,County,Richard Nixon,Republican,11928,45.72,26090,Democratic
1960,Montana,MT,Cascade,County,John F. Kennedy,Democratic,14117,54.11,26090,Democratic
1960,Montana,MT,Cascade,County,Other,Other,45,0.17,26090,Democratic
1960,Montana,MT,Chouteau,County,Richard Nixon,Republican,1672,49.34,3389,Democratic
1960,Montana,MT,Chouteau,County,John F. Kennedy,Democratic,1708,50.4,3389,Democratic
1960,Montana,MT,Chouteau,County,Other,Other,9,0.27,3389,Democratic
1960,Montana,MT,Custer,County,Richard Nixon,Republican,2943,55.0,5351,Republican
1960,Montana,MT,Custer,County,John F. Kennedy,Democratic,2393,44.72,5351,Republican
1960,Montana,MT,Custer,County,Other,Other,15,0.28,5351,Republican
1960,Montana,MT,Daniels,County,Richard Nixon,Republican,763,44.26,1724,Democratic
1960,Montana,MT,Daniels,County,John F. Kennedy,Democratic,960,55.68,1724,Democratic
1960,Montana,MT,Daniels,County,Other,Other,1,0.06,1724,Democratic
1960,Montana,MT,Dawson,County,Richard Nixon,Republican,2460,53.69,4582,Republican
1960,Montana,MT,Dawson,County,John F. Kennedy,Democratic,2108,46.01,4582,Republican
1960,Montana,MT,Dawson,County,Other,Other,14,0.31,4582,Republican
1960,Montana,MT,Deer Lodge,County,Richard Nixon,Republican,2188,29.79,7344,Democratic
1960,Montana,MT,Deer Lodge,County,John F. Kennedy,Democratic,5149,70.11,7344,Democratic
1960,Montana,MT,Deer Lodge,County,Other,Other,7,0.1,7344,Democratic
1960,Montana,MT,Fallon,County,Richard Nixon,Republican,918,60.55,1516,Republican
1960,Montana,MT,Fallon,County,John F. Kennedy,Democratic,597,39.38,1516,Republican
1960,Montana,MT,Fallon,County,Other,Other,1,0.07,1516,Republican
1960,Montana,MT,Fergus,County,Richard Nixon,Republican,3294,52.24,6306,Republican
1960,Montana,MT,Fergus,County,John F. Kennedy,Democratic,2999,47.56,6306,Republican
1960,Montana,MT,Fergus,County,Other,Other,13,0.21,6306,Republican
1960,Montana,MT,Flathead,County,Richard Nixon,Republican,7554,52.95,14267,Republican
1960,Montana,MT,Flathead,County,John F. Kennedy,Democratic,6689,46.88,14267,Republican
1960,Montana,MT,Flathead,County,Other,Other,24,0.17,14267,Republican
1960,Montana,MT,Gallatin,County,Richard Nixon,Republican,6870,64.49,10652,Republican
1960,Montana,MT,Gallatin,County,John F. Kennedy,Democratic,3761,35.31,10652,Republican
1960,Montana,MT,Gallatin,County,Other,Other,21,0.2,10652,Republican
1960,Montana,MT,Garfield,County,Richard Nixon,Republican,515,58.52,880,Republican
1960,Montana,MT,Garfield,County,John F. Kennedy,Democratic,363,41.25,880,Republican
1960,Montana,MT,Garfield,County,Other,Other,2,0.23,880,Republican
1960,Montana,MT,Glacier,County,Richard Nixon,Republican,1775,43.95,4039,Democratic
1960,Montana,MT,Glacier,County,John F. Kennedy,Democratic,2260,55.95,4039,Democratic
1960,Montana,MT,Glacier,County,Other,Other,4,0.1,4039,Democratic
1960,Montana,MT,Golden Valley,County,Richard Nixon,Republican,362,56.65,639,Republican
1960,Montana,MT,Golden Valley,County,John F. Kennedy,Democratic,277,43.35,639,Republican
1960,Montana,MT,Golden Valley,County,Other,Other,0,0.0,639,Republican
1960,Montana,MT,Granite,County,Richard Nixon,Republican,722,54.57,1323,Republican
1960,Montana,MT,Granite,County,John F. Kennedy,Democratic,592,44.75,1323,Republican
1960,Montana,MT,Granite,County,Other,Other,9,0.68,1323,Republican
1960,Montana,MT,Hill,County,Richard Nixon,Republican,3163,45.73,6916,Democratic
1960,Montana,MT,Hill,County,John F. Kennedy,Democratic,3741,54.09,6916,Democratic
1960,Montana,MT,Hill,County,Other,Other,12,0.17,6916,Democratic
1960,Montana,MT,Jefferson,County,Richard Nixon,Republican,817,51.38,1590,Republican
1960,Montana,MT,Jefferson,County,John F. Kennedy,Democratic,769,48.36,1590,Republican
1960,Montana,MT,Jefferson,County,Other,Other,4,0.25,1590,Republican
1960,Montana,MT,Judith Basin,County,Richard Nixon,Republican,721,46.1,1564,Democratic
1960,Montana,MT,Judith Basin,County,John F. Kennedy,Democratic,842,53.84,1564,Democratic
1960,Montana,MT,Judith Basin,County,Other,Other,1,0.06,1564,Democratic
1960,Montana,MT,Lake,County,Richard Nixon,Republican,3240,56.75,5709,Republican
1960,Montana,MT,Lake,County,John F. Kennedy,Democratic,2462,43.12,5709,Republican
1960,Montana,MT,Lake,County,Other,Other,7,0.12,5709,Republican
1960,Montana,MT,Lewis and Clark,County,Richard Nixon,Republican,7260,54.65,13285,Republican
1960,Montana,MT,Lewis and Clark,County,John F. Kennedy,Democratic,6008,45.22,13285,Republican
1960,Montana,MT,Lewis and Clark,County,Other,Other,17,0.13,13285,Republican
1960,Montana,MT,Liberty,County,Richard Nixon,Republican,597,54.27,1100,Republican
1960,Montana,MT,Liberty,County,John F. Kennedy,Democratic,501,45.55,1100,Republican
1960,Montana,MT,Liberty,County,Other,Other,2,0.18,1100,Republican
1960,Montana,MT,Lincoln,County,Richard Nixon,Republican,1902,41.84,4546,Democratic
1960,Montana,MT,Lincoln,County,John F. Kennedy,Democratic,2623,57.7,4546,Democratic
1960,Montana,MT,Lincoln,County,Other,Other,21,0.46,4546,Democratic
1960,Montana,MT,McCone,County,Richard Nixon,Republican,743,49.04,1515,Democratic
1960,Montana,MT,McCone,County,John F. Kennedy,Democratic,764,50.43,1515,Democratic
1960,Montana,MT,McCone,County,Other,Other,8,0.53,1515,Democratic
1960,Montana,MT,Madison,County,Richard Nixon,Republican,1456,58.97,2469,Republican
1960,Montana,MT,Madison,County,John F. Kennedy,Democratic,1010,40.91,2469,Republican
1960,Montana,MT,Madison,County,Other,Other,3,0.12,2469,Republican
1960,Montana,MT,Meagher,County,Richard Nixon,Republican,613,58.49,1048,Republican
1960,Montana,MT,Meagher,County,John F. Kennedy,Democratic,431,41.13,1048,Republican
1960,Montana,MT,Meagher,County,Other,Other,4,0.38,1048,Republican
1960,Montana,MT,Mineral,County,Richard Nixon,Republican,549,44.27,1240,Democratic
1960,Montana,MT,Mineral,County,John F. Kennedy,Democratic,686,55.32,1240,Democratic
1960,Montana,MT,Mineral,County,Other,Other,5,0.4,1240,Democratic
1960,Montana,MT,Missoula,County,Richard Nixon,Republican,10396,53.76,19337,Republican
1960,Montana,MT,Missoula,County,John F. Kennedy,Democratic,8876,45.9,19337,Republican
1960,Montana,MT,Missoula,County,Other,Other,65,0.34,19337,Republican
1960,Montana,MT,Musselshell,County,Richard Nixon,Republican,1107,50.09,2210,Republican
1960,Montana,MT,Musselshell,County,John F. Kennedy,Democratic,1100,49.77,2210,Republican
1960,Montana,MT,Musselshell,County,Other,Other,3,0.14,2210,Republican
1960,Montana,MT,Park,County,Richard Nixon,Republican,3329,59.44,5601,Republican
1960,Montana,MT,Park,County,John F. Kennedy,Democratic,2249,40.15,5601,Republican
1960,Montana,MT,Park,County,Other,Other,23,0.41,5601,Republican
1960,Montana,MT,Petroleum,County,Richard Nixon,Republican,255,53.57,476,Republican
1960,Montana,MT,Petroleum,County,John F. Kennedy,Democratic,221,46.43,476,Republican
1960,Montana,MT,Petroleum,County,Other,Other,0,0.0,476,Republican
1960,Montana,MT,Phillips,County,Richard Nixon,Republican,1457,49.81,2925,Republican
1960,Montana,MT,Phillips,County,John F. Kennedy,Democratic,1455,49.74,2925,Republican
1960,Montana,MT,Phillips,County,Other,Other,13,0.44,2925,Republican
1960,Montana,MT,Pondera,County,Richard Nixon,Republican,1452,46.76,3105,Democratic
1960,Montana,MT,Pondera,County,John F. Kennedy,Democratic,1653,53.24,3105,Democratic
1960,Montana,MT,Pondera,County,Other,Other,0,0.0,3105,Democratic
1960,Montana,MT,Powder River,County,Richard Nixon,Republican,665,60.18,1105,Republican
1960,Montana,MT,Powder River,County,John F. Kennedy,Democratic,438,39.64,1105,Republican
1960,Montana,MT,Powder River,County,Other,Other,2,0.18,1105,Republican
1960,Montana,MT,Powell,County,Richard Nixon,Republican,1497,49.49,3025,Democratic
1960,Montana,MT,Powell,County,John F. Kennedy,Democratic,1522,50.31,3025,Democratic
1960,Montana,MT,Powell,County,Other,Other,6,0.2,3025,Democratic
1960,Montana,MT,Prairie,County,Richard Nixon,Republican,649,65.75,987,Republican
1960,Montana,MT,Prairie,County,John F. Kennedy,Democratic,338,34.25,987,Republican
1960,Montana,MT,Prairie,County,Other,Other,0,0.0,987,Republican
1960,Montana,MT,Ravalli,County,Richard Nixon,Republican,3121,56.46,5528,Republican
1960,Montana,MT,Ravalli,County,John F. Kennedy,Democratic,2381,43.07,5528,Republican
1960,Montana,MT,Ravalli,County,Other,Other,26,0.47,5528,Republican
1960,Montana,MT,Richland,County,Richard Nixon,Republican,2395,56.1,4269,Republican
1960,Montana,MT,Richland,County,John F. Kennedy,Democratic,1863,43.64,4269,Republican
1960,Montana,MT,Richland,County,Other,Other,11,0.26,4269,Republican
1960,Montana,MT,Roosevelt,County,Richard Nixon,Republican,1876,45.4,4132,Democratic
1960,Montana,MT,Roosevelt,County,John F. Kennedy,Democratic,2227,53.9,4132,Democratic
1960,Montana,MT,Roosevelt,County,Other,Other,29,0.7,4132,Democratic
1960,Montana,MT,Rosebud,County,Richard Nixon,Republican,1386,57.77,2399,Republican
1960,Montana,MT,Rosebud,County,John F. Kennedy,Democratic,1002,41.77,2399,Republican
1960,Montana,MT,Rosebud,County,Other,Other,11,0.46,2399,Republican
1960,Montana,MT,Sanders,County,Richard Nixon,Republican,1497,50.17,2984,Republican
1960,Montana,MT,Sanders,County,John F. Kennedy,Democratic,1469,49.23,2984,Republican
1960,Montana,MT,Sanders,County,Other,Other,18,0.6,2984,Republican
1960,Montana,MT,Sheridan,County,Richard Nixon,Republican,1196,43.43,2754,Democratic
1960,Montana,MT,Sheridan,County,John F. Kennedy,Democratic,1549,56.25,2754,Democratic
1960,Montana,MT,Sheridan,County,Other,Other,9,0.33,2754,Democratic
1960,Montana,MT,Silver Bow,County,Richard Nixon,Republican,7290,34.4,21190,Democratic
1960,Montana,MT,Silver Bow,County,John F. Kennedy,Democratic,13754,64.91,21190,Democratic
1960,Montana,MT,Silver Bow,County,Other,Other,146,0.69,21190,Democratic
1960,Montana,MT,Stillwater,County,Richard Nixon,Republican,1455,58.41,2491,Republican
1960,Montana,MT,Stillwater,County,John F. Kennedy,Democratic,1036,41.59,2491,Republican
1960,Montana,MT,Stillwater,County,Other,Other,0,0.0,2491,Republican
1960,Montana,MT,Sweet Grass,County,Richard Nixon,Republican,1096,67.78,1617,Republican
1960,Montana,MT,Sweet Grass,County,John F. Kennedy,Democratic,521,32.22,1617,Republican
1960,Montana,MT,Sweet Grass,County,Other,Other,0,0.0,1617,Republican
1960,Montana,MT,Teton,County,Richard Nixon,Republican,1623,49.54,3276,Democratic
1960,Montana,MT,Teton,County,John F. Kennedy,Democratic,1648,50.31,3276,Democratic
1960,Montana,MT,Teton,County,Other,Other,5,0.15,3276,Democratic
1960,Montana,MT,Toole,County,Richard Nixon,Republican,1577,47.1,3348,Democratic
1960,Montana,MT,Toole,County,John F. Kennedy,Democratic,1767,52.78,3348,Democratic
1960,Montana,MT,Toole,County,Other,Other,4,0.12,3348,Democratic
1960,Montana,MT,Treasure,County,Richard Nixon,Republican,300,52.63,570,Republican
1960,Montana,MT,Treasure,County,John F. Kennedy,Democratic,270,47.37,570,Republican
1960,Montana,MT,Treasure,County,Other,Other,0,0.0,570,Republican
1960,Montana,MT,Valley,County,Richard Nixon,Republican,2387,44.65,5346,Democratic
1960,Montana,MT,Valley,County,John F. Kennedy,Democratic,2953,55.24,5346,Democratic
1960,Montana,MT,Valley,County,Other,Other,6,0.11,5346,Democratic
1960,Montana,MT,Wheatland,County,Richard Nixon,Republican,793,52.24,1518,Republican
1960,Montana,MT,Wheatland,County,John F. Kennedy,Democratic,724,47.69,1518,Republican
1960,Montana,MT,Wheatland,County,Other,Other,1,0.07,1518,Republican
1960,Montana,MT,Wibaux,County,Richard Nixon,Republican,387,48.01,806,Democratic
1960,Montana,MT,Wibaux,County,John F. Kennedy,Democratic,419,51.99,806,Democratic
1960,Montana,MT,Wibaux,County,Other,Other,0,0.0,806,Democratic
1960,Montana,MT,Yellowstone,County,Richard Nixon,Republican,19467,60.82,32006,Republican
1960,Montana,MT,Yellowstone,County,John F. Kennedy,Democratic,12356,38.61,32006,Republican
1960,Montana,MT,Yellowstone,County,Other,Other,183,0.57,32006,Republican
1960,Nebraska,NE,Adams,County,Richard Nixon,Republican,7932,64.51,12296,Republican
1960,Nebraska,NE,Adams,County,John F. Kennedy,Democratic,4364,35.49,12296,Republican
1960,Nebraska,NE,Antelope,County,Richard Nixon,Republican,3617,71.1,5087,Republican
1960,Nebraska,NE,Antelope,County,John F. Kennedy,Democratic,1470,28.9,5087,Republican
1960,Nebraska,NE,Arthur,County,Richard Nixon,Republican,283,80.63,351,Republican
1960,Nebraska,NE,Arthur,County,John F. Kennedy,Democratic,68,19.37,351,Republican
1960,Nebraska,NE,Banner,County,Richard Nixon,Republican,424,66.77,635,Republican
1960,Nebraska,NE,Banner,County,John F. Kennedy,Democratic,211,33.23,635,Republican
1960,Nebraska,NE,Blaine,County,Richard Nixon,Republican,420,78.8,533,Republican
1960,Nebraska,NE,Blaine,County,John F. Kennedy,Democratic,113,21.2,533,Republican
1960,Nebraska,NE,Boone,County,Richard Nixon,Republican,2809,64.49,4356,Republican
1960,Nebraska,NE,Boone,County,John F. Kennedy,Democratic,1547,35.51,4356,Republican
1960,Nebraska,NE,Box Butte,County,Richard Nixon,Republican,3157,62.6,5043,Republican
1960,Nebraska,NE,Box Butte,County,John F. Kennedy,Democratic,1886,37.4,5043,Republican
1960,Nebraska,NE,Boyd,County,Richard Nixon,Republican,1393,64.46,2161,Republican
1960,Nebraska,NE,Boyd,County,John F. Kennedy,Democratic,768,35.54,2161,Republican
1960,Nebraska,NE,Brown,County,Richard Nixon,Republican,1735,77.15,2249,Republican
1960,Nebraska,NE,Brown,County,John F. Kennedy,Democratic,514,22.85,2249,Republican
1960,Nebraska,NE,Buffalo,County,Richard Nixon,Republican,7595,66.12,11486,Republican
1960,Nebraska,NE,Buffalo,County,John F. Kennedy,Democratic,3891,33.88,11486,Republican
1960,Nebraska,NE,Burt,County,Richard Nixon,Republican,3613,72.56,4979,Republican
1960,Nebraska,NE,Burt,County,John F. Kennedy,Democratic,1366,27.44,4979,Republican
1960,Nebraska,NE,Butler,County,Richard Nixon,Republican,2253,45.11,4995,Democratic
1960,Nebraska,NE,Butler,County,John F. Kennedy,Democratic,2742,54.89,4995,Democratic
1960,Nebraska,NE,Cass,County,Richard Nixon,Republican,4506,61.68,7305,Republican
1960,Nebraska,NE,Cass,County,John F. Kennedy,Democratic,2799,38.32,7305,Republican
1960,Nebraska,NE,Cedar,County,Richard Nixon,Republican,3060,51.01,5999,Republican
1960,Nebraska,NE,Cedar,County,John F. Kennedy,Democratic,2939,48.99,5999,Republican
1960,Nebraska,NE,Chase,County,Richard Nixon,Republican,1482,69.28,2139,Republican
1960,Nebraska,NE,Chase,County,John F. Kennedy,Democratic,657,30.72,2139,Republican
1960,Nebraska,NE,Cherry,County,Richard Nixon,Republican,2695,72.08,3739,Republican
1960,Nebraska,NE,Cherry,County,John F. Kennedy,Democratic,1044,27.92,3739,Republican
1960,Nebraska,NE,Cheyenne,County,Richard Nixon,Republican,2814,52.17,5394,Republican
1960,Nebraska,NE,Cheyenne,County,John F. Kennedy,Democratic,2580,47.83,5394,Republican
1960,Nebraska,NE,Clay,County,Richard Nixon,Republican,3005,69.3,4336,Republican
1960,Nebraska,NE,Clay,County,John F. Kennedy,Democratic,1331,30.7,4336,Republican
1960,Nebraska,NE,Colfax,County,Richard Nixon,Republican,2504,55.91,4479,Republican
1960,Nebraska,NE,Colfax,County,John F. Kennedy,Democratic,1975,44.09,4479,Republican
1960,Nebraska,NE,Cuming,County,Richard Nixon,Republican,3894,67.45,5773,Republican
1960,Nebraska,NE,Cuming,County,John F. Kennedy,Democratic,1879,32.55,5773,Republican
1960,Nebraska,NE,Custer,County,Richard Nixon,Republican,5716,70.87,8066,Republican
1960,Nebraska,NE,Custer,County,John F. Kennedy,Democratic,2350,29.13,8066,Republican
1960,Nebraska,NE,Dakota,County,Richard Nixon,Republican,2977,56.13,5304,Republican
1960,Nebraska,NE,Dakota,County,John F. Kennedy,Democratic,2327,43.87,5304,Republican
1960,Nebraska,NE,Dawes,County,Richard Nixon,Republican,3106,70.83,4385,Republican
1960,Nebraska,NE,Dawes,County,John F. Kennedy,Democratic,1279,29.17,4385,Republican
1960,Nebraska,NE,Dawson,County,Richard Nixon,Republican,6480,73.07,8868,Republican
1960,Nebraska,NE,Dawson,County,John F. Kennedy,Democratic,2388,26.93,8868,Republican
1960,Nebraska,NE,Deuel,County,Richard Nixon,Republican,1276,76.22,1674,Republican
1960,Nebraska,NE,Deuel,County,John F. Kennedy,Democratic,398,23.78,1674,Republican
1960,Nebraska,NE,Dixon,County,Richard Nixon,Republican,2713,66.22,4097,Republican
1960,Nebraska,NE,Dixon,County,John F. Kennedy,Democratic,1384,33.78,4097,Republican
1960,Nebraska,NE,Dodge,County,Richard Nixon,Republican,9638,67.21,14340,Republican
1960,Nebraska,NE,Dodge,County,John F. Kennedy,Democratic,4702,32.79,14340,Republican
1960,Nebraska,NE,Douglas,County,Richard Nixon,Republican,72005,52.92,136065,Republican
1960,Nebraska,NE,Douglas,County,John F. Kennedy,Democratic,64060,47.08,136065,Republican
1960,Nebraska,NE,Dundy,County,Richard Nixon,Republican,1245,71.92,1731,Republican
1960,Nebraska,NE,Dundy,County,John F. Kennedy,Democratic,486,28.08,1731,Republican
1960,Nebraska,NE,Fillmore,County,Richard Nixon,Republican,2842,61.09,4652,Republican
1960,Nebraska,NE,Fillmore,County,John F. Kennedy,Democratic,1810,38.91,4652,Republican
1960,Nebraska,NE,Franklin,County,Richard Nixon,Republican,1798,64.19,2801,Republican
1960,Nebraska,NE,Franklin,County,John F. Kennedy,Democratic,1003,35.81,2801,Republican
1960,Nebraska,NE,Frontier,County,Richard Nixon,Republican,1615,73.51,2197,Republican
1960,Nebraska,NE,Frontier,County,John F. Kennedy,Democratic,582,26.49,2197,Republican
1960,Nebraska,NE,Furnas,County,Richard Nixon,Republican,2854,72.34,3945,Republican
1960,Nebraska,NE,Furnas,County,John F. Kennedy,Democratic,1091,27.66,3945,Republican
1960,Nebraska,NE,Gage,County,Richard Nixon,Republican,7754,66.76,11615,Republican
1960,Nebraska,NE,Gage,County,John F. Kennedy,Democratic,3861,33.24,11615,Republican
1960,Nebraska,NE,Garden,County,Richard Nixon,Republican,1376,76.36,1802,Republican
1960,Nebraska,NE,Garden,County,John F. Kennedy,Democratic,426,23.64,1802,Republican
1960,Nebraska,NE,Garfield,County,Richard Nixon,Republican,1047,77.44,1352,Republican
1960,Nebraska,NE,Garfield,County,John F. Kennedy,Democratic,305,22.56,1352,Republican
1960,Nebraska,NE,Gosper,County,Richard Nixon,Republican,854,71.58,1193,Republican
1960,Nebraska,NE,Gosper,County,John F. Kennedy,Democratic,339,28.42,1193,Republican
1960,Nebraska,NE,Grant,County,Richard Nixon,Republican,410,76.35,537,Republican
1960,Nebraska,NE,Grant,County,John F. Kennedy,Democratic,127,23.65,537,Republican
1960,Nebraska,NE,Greeley,County,Richard Nixon,Republican,960,43.18,2223,Democratic
1960,Nebraska,NE,Greeley,County,John F. Kennedy,Democratic,1263,56.82,2223,Democratic
1960,Nebraska,NE,Hall,County,Richard Nixon,Republican,9763,63.98,15259,Republican
1960,Nebraska,NE,Hall,County,John F. Kennedy,Democratic,5496,36.02,15259,Republican
1960,Nebraska,NE,Hamilton,County,Richard Nixon,Republican,3249,72.65,4472,Republican
1960,Nebraska,NE,Hamilton,County,John F. Kennedy,Democratic,1223,27.35,4472,Republican
1960,Nebraska,NE,Harlan,County,Richard Nixon,Republican,1766,66.42,2659,Republican
1960,Nebraska,NE,Harlan,County,John F. Kennedy,Democratic,893,33.58,2659,Republican
1960,Nebraska,NE,Hayes,County,Richard Nixon,Republican,699,71.33,980,Republican
1960,Nebraska,NE,Hayes,County,John F. Kennedy,Democratic,281,28.67,980,Republican
1960,Nebraska,NE,Hitchcock,County,Richard Nixon,Republican,1634,70.67,2312,Republican
1960,Nebraska,NE,Hitchcock,County,John F. Kennedy,Democratic,678,29.33,2312,Republican
1960,Nebraska,NE,Holt,County,Richard Nixon,Republican,4150,62.99,6588,Republican
1960,Nebraska,NE,Holt,County,John F. Kennedy,Democratic,2438,37.01,6588,Republican
1960,Nebraska,NE,Hooker,County,Richard Nixon,Republican,443,86.19,514,Republican
1960,Nebraska,NE,Hooker,County,John F. Kennedy,Democratic,71,13.81,514,Republican
1960,Nebraska,NE,Howard,County,Richard Nixon,Republican,1676,52.47,3194,Republican
1960,Nebraska,NE,Howard,County,John F. Kennedy,Democratic,1518,47.53,3194,Republican
1960,Nebraska,NE,Jefferson,County,Richard Nixon,Republican,4047,68.11,5942,Republican
1960,Nebraska,NE,Jefferson,County,John F. Kennedy,Democratic,1895,31.89,5942,Republican
1960,Nebraska,NE,Johnson,County,Richard Nixon,Republican,2098,64.57,3249,Republican
1960,Nebraska,NE,Johnson,County,John F. Kennedy,Democratic,1151,35.43,3249,Republican
1960,Nebraska,NE,Kearney,County,Richard Nixon,Republican,2065,62.05,3328,Republican
1960,Nebraska,NE,Kearney,County,John F. Kennedy,Democratic,1263,37.95,3328,Republican
1960,Nebraska,NE,Keith,County,Richard Nixon,Republican,2680,68.88,3891,Republican
1960,Nebraska,NE,Keith,County,John F. Kennedy,Democratic,1211,31.12,3891,Republican
1960,Nebraska,NE,Keya Paha,County,Richard Nixon,Republican,646,72.83,887,Republican
1960,Nebraska,NE,Keya Paha,County,John F. Kennedy,Democratic,241,27.17,887,Republican
1960,Nebraska,NE,Kimball,County,Richard Nixon,Republican,2152,67.93,3168,Republican
1960,Nebraska,NE,Kimball,County,John F. Kennedy,Democratic,1016,32.07,3168,Republican
1960,Nebraska,NE,Knox,County,Richard Nixon,Republican,3847,64.45,5969,Republican
1960,Nebraska,NE,Knox,County,John F. Kennedy,Democratic,2122,35.55,5969,Republican
1960,Nebraska,NE,Lancaster,County,Richard Nixon,Republican,37725,62.57,60289,Republican
1960,Nebraska,NE,Lancaster,County,John F. Kennedy,Democratic,22564,37.43,60289,Republican
1960,Nebraska,NE,Lincoln,County,Richard Nixon,Republican,7685,61.49,12497,Republican
1960,Nebraska,NE,Lincoln,County,John F. Kennedy,Democratic,4812,38.51,12497,Republican
1960,Nebraska,NE,Logan,County,Richard Nixon,Republican,391,70.58,554,Republican
1960,Nebraska,NE,Logan,County,John F. Kennedy,Democratic,163,29.42,554,Republican
1960,Nebraska,NE,Loup,County,Richard Nixon,Republican,445,77.53,574,Republican
1960,Nebraska,NE,Loup,County,John F. Kennedy,Democratic,129,22.47,574,Republican
1960,Nebraska,NE,Madison,County,Richard Nixon,Republican,8350,73.25,11400,Republican
1960,Nebraska,NE,Madison,County,John F. Kennedy,Democratic,3050,26.75,11400,Republican
1960,Nebraska,NE,McPherson,County,Richard Nixon,Republican,303,81.89,370,Republican
1960,Nebraska,NE,McPherson,County,John F. Kennedy,Democratic,67,18.11,370,Republican
1960,Nebraska,NE,Merrick,County,Richard Nixon,Republican,2744,68.98,3978,Republican
1960,Nebraska,NE,Merrick,County,John F. Kennedy,Democratic,1234,31.02,3978,Republican
1960,Nebraska,NE,Morrill,County,Richard Nixon,Republican,2020,62.75,3219,Republican
1960,Nebraska,NE,Morrill,County,John F. Kennedy,Democratic,1199,37.25,3219,Republican
1960,Nebraska,NE,Nance,County,Richard Nixon,Republican,1699,62.67,2711,Republican
1960,Nebraska,NE,Nance,County,John F. Kennedy,Democratic,1012,37.33,2711,Republican
1960,Nebraska,NE,Nemaha,County,Richard Nixon,Republican,3031,68.76,4408,Republican
1960,Nebraska,NE,Nemaha,County,John F. Kennedy,Democratic,1377,31.24,4408,Republican
1960,Nebraska,NE,Nuckolls,County,Richard Nixon,Republican,2441,60.86,4011,Republican
1960,Nebraska,NE,Nuckolls,County,John F. Kennedy,Democratic,1570,39.14,4011,Republican
1960,Nebraska,NE,Otoe,County,Richard Nixon,Republican,5057,66.54,7600,Republican
1960,Nebraska,NE,Otoe,County,John F. Kennedy,Democratic,2543,33.46,7600,Republican
1960,Nebraska,NE,Pawnee,County,Richard Nixon,Republican,1728,63.13,2737,Republican
1960,Nebraska,NE,Pawnee,County,John F. Kennedy,Democratic,1009,36.87,2737,Republican
1960,Nebraska,NE,Perkins,County,Richard Nixon,Republican,1301,65.12,1998,Republican
1960,Nebraska,NE,Perkins,County,John F. Kennedy,Democratic,697,34.88,1998,Republican
1960,Nebraska,NE,Phelps,County,Richard Nixon,Republican,3795,75.19,5047,Republican
1960,Nebraska,NE,Phelps,County,John F. Kennedy,Democratic,1252,24.81,5047,Republican
1960,Nebraska,NE,Pierce,County,Richard Nixon,Republican,2963,72.8,4070,Republican
1960,Nebraska,NE,Pierce,County,John F. Kennedy,Democratic,1107,27.2,4070,Republican
1960,Nebraska,NE,Platte,County,Richard Nixon,Republican,6129,58.28,10516,Republican
1960,Nebraska,NE,Platte,County,John F. Kennedy,Democratic,4387,41.72,10516,Republican
1960,Nebraska,NE,Polk,County,Richard Nixon,Republican,2397,66.94,3581,Republican
1960,Nebraska,NE,Polk,County,John F. Kennedy,Democratic,1184,33.06,3581,Republican
1960,Nebraska,NE,Red Willow,County,Richard Nixon,Republican,3890,66.93,5812,Republican
1960,Nebraska,NE,Red Willow,County,John F. Kennedy,Democratic,1922,33.07,5812,Republican
1960,Nebraska,NE,Richardson,County,Richard Nixon,Republican,4481,62.66,7151,Republican
1960,Nebraska,NE,Richardson,County,John F. Kennedy,Democratic,2670,37.34,7151,Republican
1960,Nebraska,NE,Rock,County,Richard Nixon,Republican,1084,81.08,1337,Republican
1960,Nebraska,NE,Rock,County,John F. Kennedy,Democratic,253,18.92,1337,Republican
1960,Nebraska,NE,Saline,County,Richard Nixon,Republican,2881,44.99,6404,Democratic
1960,Nebraska,NE,Saline,County,John F. Kennedy,Democratic,3523,55.01,6404,Democratic
1960,Nebraska,NE,Sarpy,County,Richard Nixon,Republican,4672,55.3,8449,Republican
1960,Nebraska,NE,Sarpy,County,John F. Kennedy,Democratic,3777,44.7,8449,Republican
1960,Nebraska,NE,Saunders,County,Richard Nixon,Republican,4702,56.94,8258,Republican
1960,Nebraska,NE,Saunders,County,John F. Kennedy,Democratic,3556,43.06,8258,Republican
1960,Nebraska,NE,Scotts Bluff,County,Richard Nixon,Republican,8728,60.72,14374,Republican
1960,Nebraska,NE,Scotts Bluff,County,John F. Kennedy,Democratic,5646,39.28,14374,Republican
1960,Nebraska,NE,Seward,County,Richard Nixon,Republican,3588,63.14,5683,Republican
1960,Nebraska,NE,Seward,County,John F. Kennedy,Democratic,2095,36.86,5683,Republican
1960,Nebraska,NE,Sheridan,County,Richard Nixon,Republican,2870,71.5,4014,Republican
1960,Nebraska,NE,Sheridan,County,John F. Kennedy,Democratic,1144,28.5,4014,Republican
1960,Nebraska,NE,Sherman,County,Richard Nixon,Republican,1131,44.21,2558,Democratic
1960,Nebraska,NE,Sherman,County,John F. Kennedy,Democratic,1427,55.79,2558,Democratic
1960,Nebraska,NE,Sioux,County,Richard Nixon,Republican,745,64.22,1160,Republican
1960,Nebraska,NE,Sioux,County,John F. Kennedy,Democratic,415,35.78,1160,Republican
1960,Nebraska,NE,Stanton,County,Richard Nixon,Republican,1680,66.22,2537,Republican
1960,Nebraska,NE,Stanton,County,John F. Kennedy,Democratic,857,33.78,2537,Republican
1960,Nebraska,NE,Thayer,County,Richard Nixon,Republican,3202,67.38,4752,Republican
1960,Nebraska,NE,Thayer,County,John F. Kennedy,Democratic,1550,32.62,4752,Republican
1960,Nebraska,NE,Thomas,County,Richard Nixon,Republican,420,74.87,561,Republican
1960,Nebraska,NE,Thomas,County,John F. Kennedy,Democratic,141,25.13,561,Republican
1960,Nebraska,NE,Thurston,County,Richard Nixon,Republican,1757,57.19,3072,Republican
1960,Nebraska,NE,Thurston,County,John F. Kennedy,Democratic,1315,42.81,3072,Republican
1960,Nebraska,NE,Valley,County,Richard Nixon,Republican,2045,62.1,3293,Republican
1960,Nebraska,NE,Valley,County,John F. Kennedy,Democratic,1248,37.9,3293,Republican
1960,Nebraska,NE,Washington,County,Richard Nixon,Republican,3772,69.01,5466,Republican
1960,Nebraska,NE,Washington,County,John F. Kennedy,Democratic,1694,30.99,5466,Republican
1960,Nebraska,NE,Wayne,County,Richard Nixon,Republican,3274,76.16,4299,Republican
1960,Nebraska,NE,Wayne,County,John F. Kennedy,Democratic,1025,23.84,4299,Republican
1960,Nebraska,NE,Webster,County,Richard Nixon,Republican,2026,64.75,3129,Republican
1960,Nebraska,NE,Webster,County,John F. Kennedy,Democratic,1103,35.25,3129,Republican
1960,Nebraska,NE,Wheeler,County,Richard Nixon,Republican,424,63.95,663,Republican
1960,Nebraska,NE,Wheeler,County,John F. Kennedy,Democratic,239,36.05,663,Republican
1960,Nebraska,NE,York,County,Richard Nixon,Republican,5205,74.69,6969,Republican
1960,Nebraska,NE,York,County,John F. Kennedy,Democratic,1764,25.31,6969,Republican
1960,Nevada,NV,Churchill,County,John F. Kennedy,Democratic,1309,42.58,3074,Republican
1960,Nevada,NV,Churchill,County,Richard Nixon,Republican,1765,57.42,3074,Republican
1960,Nevada,NV,Clark,County,John F. Kennedy,Democratic,23949,56.82,42146,Democratic
1960,Nevada,NV,Clark,County,Richard Nixon,Republican,18197,43.18,42146,Democratic
1960,Nevada,NV,Douglas,County,John F. Kennedy,Democratic,587,33.52,1751,Republican
1960,Nevada,NV,Douglas,County,Richard Nixon,Republican,1164,66.48,1751,Republican
1960,Nevada,NV,Elko,County,John F. Kennedy,Democratic,2495,50.69,4922,Democratic
1960,Nevada,NV,Elko,County,Richard Nixon,Republican,2427,49.31,4922,Democratic
1960,Nevada,NV,Esmeralda,County,John F. Kennedy,Democratic,215,57.95,371,Democratic
1960,Nevada,NV,Esmeralda,County,Richard Nixon,Republican,156,42.05,371,Democratic
1960,Nevada,NV,Eureka,County,John F. Kennedy,Democratic,223,48.27,462,Republican
1960,Nevada,NV,Eureka,County,Richard Nixon,Republican,239,51.73,462,Republican
1960,Nevada,NV,Humboldt,County,John F. Kennedy,Democratic,1173,50.34,2330,Democratic
1960,Nevada,NV,Humboldt,County,Richard Nixon,Republican,1157,49.66,2330,Democratic
1960,Nevada,NV,Lander,County,John F. Kennedy,Democratic,391,50.52,774,Democratic
1960,Nevada,NV,Lander,County,Richard Nixon,Republican,383,49.48,774,Democratic
1960,Nevada,NV,Lincoln,County,John F. Kennedy,Democratic,771,59.26,1301,Democratic
1960,Nevada,NV,Lincoln,County,Richard Nixon,Republican,530,40.74,1301,Democratic
1960,Nevada,NV,Lyon,County,John F. Kennedy,Democratic,1009,40.31,2503,Republican
1960,Nevada,NV,Lyon,County,Richard Nixon,Republican,1494,59.69,2503,Republican
1960,Nevada,NV,Mineral,County,John F. Kennedy,Democratic,1606,63.33,2536,Democratic
1960,Nevada,NV,Mineral,County,Richard Nixon,Republican,930,36.67,2536,Democratic
1960,Nevada,NV,Nye,County,John F. Kennedy,Democratic,993,56.55,1756,Democratic
1960,Nevada,NV,Nye,County,Richard Nixon,Republican,763,43.45,1756,Democratic
1960,Nevada,NV,Ormsby,County,John F. Kennedy,Democratic,1283,39.73,3229,Republican
1960,Nevada,NV,Ormsby,County,Richard Nixon,Republican,1946,60.27,3229,Republican
1960,Nevada,NV,Pershing,County,John F. Kennedy,Democratic,716,52.49,1364,Democratic
1960,Nevada,NV,Pershing,County,Richard Nixon,Republican,648,47.51,1364,Democratic
1960,Nevada,NV,Storey,County,John F. Kennedy,Democratic,167,45.14,370,Republican
1960,Nevada,NV,Storey,County,Richard Nixon,Republican,203,54.86,370,Republican
1960,Nevada,NV,Washoe,County,John F. Kennedy,Democratic,15280,44.79,34113,Republican
1960,Nevada,NV,Washoe,County,Richard Nixon,Republican,18833,55.21,34113,Republican
1960,Nevada,NV,White Pine,County,John F. Kennedy,Democratic,2713,63.61,4265,Democratic
1960,Nevada,NV,White Pine,County,Richard Nixon,Republican,1552,36.39,4265,Democratic
1960,New Hampshire,NH,Belknap,County,Richard Nixon,Republican,9156,61.92,14786,Republican
1960,New Hampshire,NH,Belknap,County,John F. Kennedy,Democratic,5630,38.08,14786,Republican
1960,New Hampshire,NH,Carroll,County,Richard Nixon,Republican,7487,79.61,9405,Republican
1960,New Hampshire,NH,Carroll,County,John F. Kennedy,Democratic,1918,20.39,9405,Republican
1960,New Hampshire,NH,Cheshire,County,Richard Nixon,Republican,11594,57.22,20262,Republican
1960,New Hampshire,NH,Cheshire,County,John F. Kennedy,Democratic,8668,42.78,20262,Republican
1960,New Hampshire,NH,Coös,County,Richard Nixon,Republican,7797,42.72,18252,Democratic
1960,New Hampshire,NH,Coös,County,John F. Kennedy,Democratic,10455,57.28,18252,Democratic
1960,New Hampshire,NH,Grafton,County,Richard Nixon,Republican,14454,64.89,22275,Republican
1960,New Hampshire,NH,Grafton,County,John F. Kennedy,Democratic,7821,35.11,22275,Republican
1960,New Hampshire,NH,Hillsborough,County,Richard Nixon,Republican,38430,42.43,90565,Democratic
1960,New Hampshire,NH,Hillsborough,County,John F. Kennedy,Democratic,52135,57.57,90565,Democratic
1960,New Hampshire,NH,Merrimack,County,Richard Nixon,Republican,20395,60.57,33673,Republican
1960,New Hampshire,NH,Merrimack,County,John F. Kennedy,Democratic,13278,39.43,33673,Republican
1960,New Hampshire,NH,Rockingham,County,Richard Nixon,Republican,28032,62.16,45095,Republican
1960,New Hampshire,NH,Rockingham,County,John F. Kennedy,Democratic,17063,37.84,45095,Republican
1960,New Hampshire,NH,Strafford,County,Richard Nixon,Republican,13539,48.57,27874,Democratic
1960,New Hampshire,NH,Strafford,County,John F. Kennedy,Democratic,14335,51.43,27874,Democratic
1960,New Hampshire,NH,Sullivan,County,Richard Nixon,Republican,7105,52.34,13574,Republican
1960,New Hampshire,NH,Sullivan,County,John F. Kennedy,Democratic,6469,47.66,13574,Republican
1960,New Jersey,NJ,Atlantic,County,John F. Kennedy,Democratic,36129,46.94,76969,Republican
1960,New Jersey,NJ,Atlantic,County,Richard Nixon,Republican,39158,50.88,76969,Republican
1960,New Jersey,NJ,Atlantic,County,Other,Other,1682,2.19,76969,Republican
1960,New Jersey,NJ,Bergen,County,John F. Kennedy,Democratic,156165,40.9,381808,Republican
1960,New Jersey,NJ,Bergen,County,Richard Nixon,Republican,224969,58.92,381808,Republican
1960,New Jersey,NJ,Bergen,County,Other,Other,674,0.18,381808,Republican
1960,New Jersey,NJ,Burlington,County,John F. Kennedy,Democratic,39321,48.22,81539,Republican
1960,New Jersey,NJ,Burlington,County,Richard Nixon,Republican,42112,51.65,81539,Republican
1960,New Jersey,NJ,Burlington,County,Other,Other,106,0.13,81539,Republican
1960,New Jersey,NJ,Camden,County,John F. Kennedy,Democratic,102083,54.73,186515,Democratic
1960,New Jersey,NJ,Camden,County,Richard Nixon,Republican,84066,45.07,186515,Democratic
1960,New Jersey,NJ,Camden,County,Other,Other,366,0.2,186515,Democratic
1960,New Jersey,NJ,Cape May,County,John F. Kennedy,Democratic,10137,38.66,26222,Republican
1960,New Jersey,NJ,Cape May,County,Richard Nixon,Republican,16076,61.31,26222,Republican
1960,New Jersey,NJ,Cape May,County,Other,Other,9,0.03,26222,Republican
1960,New Jersey,NJ,Cumberland,County,John F. Kennedy,Democratic,23199,52.12,44512,Democratic
1960,New Jersey,NJ,Cumberland,County,Richard Nixon,Republican,21283,47.81,44512,Democratic
1960,New Jersey,NJ,Cumberland,County,Other,Other,30,0.07,44512,Democratic
1960,New Jersey,NJ,Essex,County,John F. Kennedy,Democratic,217878,55.35,393623,Democratic
1960,New Jersey,NJ,Essex,County,Richard Nixon,Republican,167848,42.64,393623,Democratic
1960,New Jersey,NJ,Essex,County,Other,Other,7897,2.01,393623,Democratic
1960,New Jersey,NJ,Gloucester,County,John F. Kennedy,Democratic,29752,47.79,62259,Republican
1960,New Jersey,NJ,Gloucester,County,Richard Nixon,Republican,32474,52.16,62259,Republican
1960,New Jersey,NJ,Gloucester,County,Other,Other,33,0.05,62259,Republican
1960,New Jersey,NJ,Hudson,County,John F. Kennedy,Democratic,174754,59.99,291292,Democratic
1960,New Jersey,NJ,Hudson,County,Richard Nixon,Republican,113972,39.13,291292,Democratic
1960,New Jersey,NJ,Hudson,County,Other,Other,2566,0.88,291292,Democratic
1960,New Jersey,NJ,Hunterdon,County,John F. Kennedy,Democratic,8863,35.84,24731,Republican
1960,New Jersey,NJ,Hunterdon,County,Richard Nixon,Republican,15842,64.06,24731,Republican
1960,New Jersey,NJ,Hunterdon,County,Other,Other,26,0.11,24731,Republican
1960,New Jersey,NJ,Mercer,County,John F. Kennedy,Democratic,74166,61.16,121269,Democratic
1960,New Jersey,NJ,Mercer,County,Richard Nixon,Republican,46924,38.69,121269,Democratic
1960,New Jersey,NJ,Mercer,County,Other,Other,179,0.15,121269,Democratic
1960,New Jersey,NJ,Middlesex,County,John F. Kennedy,Democratic,116095,58.18,199556,Democratic
1960,New Jersey,NJ,Middlesex,County,Richard Nixon,Republican,83025,41.6,199556,Democratic
1960,New Jersey,NJ,Middlesex,County,Other,Other,436,0.22,199556,Democratic
1960,New Jersey,NJ,Monmouth,County,John F. Kennedy,Democratic,62434,43.34,144060,Republican
1960,New Jersey,NJ,Monmouth,County,Richard Nixon,Republican,81382,56.49,144060,Republican
1960,New Jersey,NJ,Monmouth,County,Other,Other,244,0.17,144060,Republican
1960,New Jersey,NJ,Morris,County,John F. Kennedy,Democratic,42698,36.22,117883,Republican
1960,New Jersey,NJ,Morris,County,Richard Nixon,Republican,75039,63.66,117883,Republican
1960,New Jersey,NJ,Morris,County,Other,Other,146,0.12,117883,Republican
1960,New Jersey,NJ,Ocean,County,John F. Kennedy,Democratic,20113,38.75,51898,Republican
1960,New Jersey,NJ,Ocean,County,Richard Nixon,Republican,31430,60.56,51898,Republican
1960,New Jersey,NJ,Ocean,County,Other,Other,355,0.68,51898,Republican
1960,New Jersey,NJ,Passaic,County,John F. Kennedy,Democratic,90950,50.7,179402,Democratic
1960,New Jersey,NJ,Passaic,County,Richard Nixon,Republican,80853,45.07,179402,Democratic
1960,New Jersey,NJ,Passaic,County,Other,Other,7599,4.24,179402,Democratic
1960,New Jersey,NJ,Salem,County,John F. Kennedy,Democratic,12394,46.58,26607,Republican
1960,New Jersey,NJ,Salem,County,Richard Nixon,Republican,14192,53.34,26607,Republican
1960,New Jersey,NJ,Salem,County,Other,Other,21,0.08,26607,Republican
1960,New Jersey,NJ,Somerset,County,John F. Kennedy,Democratic,28489,43.92,64863,Republican
1960,New Jersey,NJ,Somerset,County,Richard Nixon,Republican,36200,55.81,64863,Republican
1960,New Jersey,NJ,Somerset,County,Other,Other,174,0.27,64863,Republican
1960,New Jersey,NJ,Sussex,County,John F. Kennedy,Democratic,7269,30.75,23642,Republican
1960,New Jersey,NJ,Sussex,County,Richard Nixon,Republican,16362,69.21,23642,Republican
1960,New Jersey,NJ,Sussex,County,Other,Other,11,0.05,23642,Republican
1960,New Jersey,NJ,Union,County,John F. Kennedy,Democratic,119986,48.97,245008,Republican
1960,New Jersey,NJ,Union,County,Richard Nixon,Republican,123224,50.29,245008,Republican
1960,New Jersey,NJ,Union,County,Other,Other,1798,0.73,245008,Republican
1960,New Jersey,NJ,Warren,County,John F. Kennedy,Democratic,12540,42.58,29453,Republican
1960,New Jersey,NJ,Warren,County,Richard Nixon,Republican,16893,57.36,29453,Republican
1960,New Jersey,NJ,Warren,County,Other,Other,20,0.07,29453,Republican
1960,New Mexico,NM,Bernalillo,County,John F. Kennedy,Democratic,40908,47.53,86061,Republican
1960,New Mexico,NM,Bernalillo,County,Richard Nixon,Republican,44805,52.06,86061,Republican
1960,New Mexico,NM,Bernalillo,County,Other,Other,348,0.41,86061,Republican
1960,New Mexico,NM,Catron,County,John F. Kennedy,Democratic,573,46.02,1245,Republican
1960,New Mexico,NM,Catron,County,Richard Nixon,Republican,671,53.9,1245,Republican
1960,New Mexico,NM,Catron,County,Other,Other,1,0.08,1245,Republican
1960,New Mexico,NM,Chaves,County,John F. Kennedy,Democratic,6212,40.36,15392,Republican
1960,New Mexico,NM,Chaves,County,Richard Nixon,Republican,9089,59.05,15392,Republican
1960,New Mexico,NM,Chaves,County,Other,Other,91,0.59,15392,Republican
1960,New Mexico,NM,Colfax,County,John F. Kennedy,Democratic,3187,57.65,5528,Democratic
1960,New Mexico,NM,Colfax,County,Richard Nixon,Republican,2316,41.9,5528,Democratic
1960,New Mexico,NM,Colfax,County,Other,Other,25,0.45,5528,Democratic
1960,New Mexico,NM,Curry,County,John F. Kennedy,Democratic,3421,35.49,9639,Republican
1960,New Mexico,NM,Curry,County,Richard Nixon,Republican,6153,63.83,9639,Republican
1960,New Mexico,NM,Curry,County,Other,Other,65,0.68,9639,Republican
1960,New Mexico,NM,De Baca,County,John F. Kennedy,Democratic,619,45.68,1355,Republican
1960,New Mexico,NM,De Baca,County,Richard Nixon,Republican,734,54.17,1355,Republican
1960,New Mexico,NM,De Baca,County,Other,Other,2,0.15,1355,Republican
1960,New Mexico,NM,Dona Ana,County,John F. Kennedy,Democratic,8905,53.15,16755,Democratic
1960,New Mexico,NM,Dona Ana,County,Richard Nixon,Republican,7789,46.49,16755,Democratic
1960,New Mexico,NM,Dona Ana,County,Other,Other,61,0.36,16755,Democratic
1960,New Mexico,NM,Eddy,County,John F. Kennedy,Democratic,8707,51.89,16780,Democratic
1960,New Mexico,NM,Eddy,County,Richard Nixon,Republican,7986,47.59,16780,Democratic
1960,New Mexico,NM,Eddy,County,Other,Other,87,0.52,16780,Democratic
1960,New Mexico,NM,Grant,County,John F. Kennedy,Democratic,4378,63.74,6868,Democratic
1960,New Mexico,NM,Grant,County,Richard Nixon,Republican,2468,35.93,6868,Democratic
1960,New Mexico,NM,Grant,County,Other,Other,22,0.33,6868,Democratic
1960,New Mexico,NM,Guadalupe,County,John F. Kennedy,Democratic,1589,56.07,2834,Democratic
1960,New Mexico,NM,Guadalupe,County,Richard Nixon,Republican,1242,43.82,2834,Democratic
1960,New Mexico,NM,Guadalupe,County,Other,Other,3,0.11,2834,Democratic
1960,New Mexico,NM,Harding,County,John F. Kennedy,Democratic,396,39.13,1012,Republican
1960,New Mexico,NM,Harding,County,Richard Nixon,Republican,616,60.87,1012,Republican
1960,New Mexico,NM,Harding,County,Other,Other,0,0.0,1012,Republican
1960,New Mexico,NM,Hidalgo,County,John F. Kennedy,Democratic,889,54.11,1643,Democratic
1960,New Mexico,NM,Hidalgo,County,Richard Nixon,Republican,750,45.65,1643,Democratic
1960,New Mexico,NM,Hidalgo,County,Other,Other,4,0.24,1643,Democratic
1960,New Mexico,NM,Lea,County,John F. Kennedy,Democratic,7806,50.45,15474,Democratic
1960,New Mexico,NM,Lea,County,Richard Nixon,Republican,7548,48.78,15474,Democratic
1960,New Mexico,NM,Lea,County,Other,Other,120,0.77,15474,Democratic
1960,New Mexico,NM,Lincoln,County,John F. Kennedy,Democratic,1459,41.65,3503,Republican
1960,New Mexico,NM,Lincoln,County,Richard Nixon,Republican,2042,58.29,3503,Republican
1960,New Mexico,NM,Lincoln,County,Other,Other,2,0.06,3503,Republican
1960,New Mexico,NM,Los Alamos,County,John F. Kennedy,Democratic,2692,50.96,5283,Democratic
1960,New Mexico,NM,Los Alamos,County,Richard Nixon,Republican,2574,48.72,5283,Democratic
1960,New Mexico,NM,Los Alamos,County,Other,Other,17,0.32,5283,Democratic
1960,New Mexico,NM,Luna,County,John F. Kennedy,Democratic,1708,51.66,3306,Democratic
1960,New Mexico,NM,Luna,County,Richard Nixon,Republican,1583,47.88,3306,Democratic
1960,New Mexico,NM,Luna,County,Other,Other,15,0.44,3306,Democratic
1960,New Mexico,NM,McKinley,County,John F. Kennedy,Democratic,5599,56.6,9893,Democratic
1960,New Mexico,NM,McKinley,County,Richard Nixon,Republican,4262,43.08,9893,Democratic
1960,New Mexico,NM,McKinley,County,Other,Other,32,0.32,9893,Democratic
1960,New Mexico,NM,Mora,County,John F. Kennedy,Democratic,1458,51.94,2807,Democratic
1960,New Mexico,NM,Mora,County,Richard Nixon,Republican,1349,48.06,2807,Democratic
1960,New Mexico,NM,Mora,County,Other,Other,0,0.0,2807,Democratic
1960,New Mexico,NM,Otero,County,John F. Kennedy,Democratic,4916,52.15,9426,Democratic
1960,New Mexico,NM,Otero,County,Richard Nixon,Republican,4507,47.81,9426,Democratic
1960,New Mexico,NM,Otero,County,Other,Other,3,0.04,9426,Democratic
1960,New Mexico,NM,Quay,County,John F. Kennedy,Democratic,2050,43.58,4704,Republican
1960,New Mexico,NM,Quay,County,Richard Nixon,Republican,2652,56.38,4704,Republican
1960,New Mexico,NM,Quay,County,Other,Other,2,0.04,4704,Republican
1960,New Mexico,NM,Rio Arriba,County,John F. Kennedy,Democratic,6250,62.69,9969,Democratic
1960,New Mexico,NM,Rio Arriba,County,Richard Nixon,Republican,3716,37.28,9969,Democratic
1960,New Mexico,NM,Rio Arriba,County,Other,Other,3,0.03,9969,Democratic
1960,New Mexico,NM,Roosevelt,County,John F. Kennedy,Democratic,1761,30.34,5804,Republican
1960,New Mexico,NM,Roosevelt,County,Richard Nixon,Republican,4039,69.59,5804,Republican
1960,New Mexico,NM,Roosevelt,County,Other,Other,4,0.07,5804,Republican
1960,New Mexico,NM,San Juan,County,John F. Kennedy,Democratic,5370,40.73,13185,Republican
1960,New Mexico,NM,San Juan,County,Richard Nixon,Republican,7521,57.04,13185,Republican
1960,New Mexico,NM,San Juan,County,Other,Other,294,2.23,13185,Republican
1960,New Mexico,NM,San Miguel,County,John F. Kennedy,Democratic,5520,58.02,9514,Democratic
1960,New Mexico,NM,San Miguel,County,Richard Nixon,Republican,3988,41.92,9514,Democratic
1960,New Mexico,NM,San Miguel,County,Other,Other,6,0.06,9514,Democratic
1960,New Mexico,NM,Sandoval,County,John F. Kennedy,Democratic,2672,64.87,4119,Democratic
1960,New Mexico,NM,Sandoval,County,Richard Nixon,Republican,1447,35.13,4119,Democratic
1960,New Mexico,NM,Sandoval,County,Other,Other,0,0.0,4119,Democratic
1960,New Mexico,NM,Santa Fe,County,John F. Kennedy,Democratic,10385,58.05,17890,Democratic
1960,New Mexico,NM,Santa Fe,County,Richard Nixon,Republican,7411,41.43,17890,Democratic
1960,New Mexico,NM,Santa Fe,County,Other,Other,94,0.52,17890,Democratic
1960,New Mexico,NM,Sierra,County,John F. Kennedy,Democratic,1220,39.14,3117,Republican
1960,New Mexico,NM,Sierra,County,Richard Nixon,Republican,1890,60.64,3117,Republican
1960,New Mexico,NM,Sierra,County,Other,Other,7,0.22,3117,Republican
1960,New Mexico,NM,Socorro,County,John F. Kennedy,Democratic,2327,56.37,4128,Democratic
1960,New Mexico,NM,Socorro,County,Richard Nixon,Republican,1796,43.51,4128,Democratic
1960,New Mexico,NM,Socorro,County,Other,Other,5,0.12,4128,Democratic
1960,New Mexico,NM,Taos,County,John F. Kennedy,Democratic,3631,58.03,6257,Democratic
1960,New Mexico,NM,Taos,County,Richard Nixon,Republican,2620,41.87,6257,Democratic
1960,New Mexico,NM,Taos,County,Other,Other,6,0.1,6257,Democratic
1960,New Mexico,NM,Torrance,County,John F. Kennedy,Democratic,1308,45.35,2884,Republican
1960,New Mexico,NM,Torrance,County,Richard Nixon,Republican,1554,53.88,2884,Republican
1960,New Mexico,NM,Torrance,County,Other,Other,22,0.77,2884,Republican
1960,New Mexico,NM,Union,County,John F. Kennedy,Democratic,1068,38.75,2756,Republican
1960,New Mexico,NM,Union,County,Richard Nixon,Republican,1686,61.18,2756,Republican
1960,New Mexico,NM,Union,County,Other,Other,2,0.07,2756,Republican
1960,New Mexico,NM,Valencia,County,John F. Kennedy,Democratic,7043,58.81,11976,Democratic
1960,New Mexico,NM,Valencia,County,Richard Nixon,Republican,4929,41.16,11976,Democratic
1960,New Mexico,NM,Valencia,County,Other,Other,4,0.03,11976,Democratic
1960,New York,NY,Albany,County,John F. Kennedy,Democratic/Liberal,91973,59.84,153692,Democratic/Liberal
1960,New York,NY,Albany,County,Richard Nixon,Republican,61600,40.08,153692,Democratic/Liberal
1960,New York,NY,Albany,County,Other,Other,119,0.08,153692,Democratic/Liberal
1960,New York,NY,Allegany,County,John F. Kennedy,Democratic/Liberal,5280,26.81,19695,Republican
1960,New York,NY,Allegany,County,Richard Nixon,Republican,14408,73.16,19695,Republican
1960,New York,NY,Allegany,County,Other,Other,7,0.04,19695,Republican
1960,New York,NY,Bronx,County,John F. Kennedy,Democratic/Liberal,389818,67.88,574282,Democratic/Liberal
1960,New York,NY,Bronx,County,Richard Nixon,Republican,182393,31.76,574282,Democratic/Liberal
1960,New York,NY,Bronx,County,Other,Other,2071,0.36,574282,Democratic/Liberal
1960,New York,NY,Broome,County,John F. Kennedy,Democratic/Liberal,38462,40.49,94991,Republican
1960,New York,NY,Broome,County,Richard Nixon,Republican,56467,59.44,94991,Republican
1960,New York,NY,Broome,County,Other,Other,62,0.07,94991,Republican
1960,New York,NY,Cattaraugus,County,John F. Kennedy,Democratic/Liberal,14797,40.46,36573,Republican
1960,New York,NY,Cattaraugus,County,Richard Nixon,Republican,21749,59.47,36573,Republican
1960,New York,NY,Cattaraugus,County,Other,Other,27,0.07,36573,Republican
1960,New York,NY,Cayuga,County,John F. Kennedy,Democratic/Liberal,17257,45.75,37722,Republican
1960,New York,NY,Cayuga,County,Richard Nixon,Republican,20437,54.18,37722,Republican
1960,New York,NY,Cayuga,County,Other,Other,28,0.07,37722,Republican
1960,New York,NY,Chautauqua,County,John F. Kennedy,Democratic/Liberal,28143,42.62,66031,Republican
1960,New York,NY,Chautauqua,County,Richard Nixon,Republican,37836,57.3,66031,Republican
1960,New York,NY,Chautauqua,County,Other,Other,52,0.08,66031,Republican
1960,New York,NY,Chemung,County,John F. Kennedy,Democratic/Liberal,17899,40.32,44396,Republican
1960,New York,NY,Chemung,County,Richard Nixon,Republican,26469,59.62,44396,Republican
1960,New York,NY,Chemung,County,Other,Other,28,0.06,44396,Republican
1960,New York,NY,Chenango,County,John F. Kennedy,Democratic/Liberal,5659,28.01,20204,Republican
1960,New York,NY,Chenango,County,Richard Nixon,Republican,14533,71.93,20204,Republican
1960,New York,NY,Chenango,County,Other,Other,12,0.06,20204,Republican
1960,New York,NY,Clinton,County,John F. Kennedy,Democratic/Liberal,13782,55.24,24951,Democratic/Liberal
1960,New York,NY,Clinton,County,Richard Nixon,Republican,11154,44.7,24951,Democratic/Liberal
1960,New York,NY,Clinton,County,Other,Other,15,0.06,24951,Democratic/Liberal
1960,New York,NY,Columbia,County,John F. Kennedy,Democratic/Liberal,8747,35.46,24664,Republican
1960,New York,NY,Columbia,County,Richard Nixon,Republican,15893,64.44,24664,Republican
1960,New York,NY,Columbia,County,Other,Other,24,0.1,24664,Republican
1960,New York,NY,Cortland,County,John F. Kennedy,Democratic/Liberal,5921,32.47,18235,Republican
1960,New York,NY,Cortland,County,Richard Nixon,Republican,12305,67.48,18235,Republican
1960,New York,NY,Cortland,County,Other,Other,9,0.05,18235,Republican
1960,New York,NY,Delaware,County,John F. Kennedy,Democratic/Liberal,5662,25.72,22013,Republican
1960,New York,NY,Delaware,County,Richard Nixon,Republican,16336,74.21,22013,Republican
1960,New York,NY,Delaware,County,Other,Other,15,0.07,22013,Republican
1960,New York,NY,Dutchess,County,John F. Kennedy,Democratic/Liberal,29842,39.26,76004,Republican
1960,New York,NY,Dutchess,County,Richard Nixon,Republican,46109,60.67,76004,Republican
1960,New York,NY,Dutchess,County,Other,Other,53,0.07,76004,Republican
1960,New York,NY,Erie,County,John F. Kennedy,Democratic/Liberal,277203,56.62,489564,Democratic/Liberal
1960,New York,NY,Erie,County,Richard Nixon,Republican,211957,43.3,489564,Democratic/Liberal
1960,New York,NY,Erie,County,Other,Other,404,0.08,489564,Democratic/Liberal
1960,New York,NY,Essex,County,John F. Kennedy,Democratic/Liberal,6334,35.38,17901,Republican
1960,New York,NY,Essex,County,Richard Nixon,Republican,11557,64.56,17901,Republican
1960,New York,NY,Essex,County,Other,Other,10,0.06,17901,Republican
1960,New York,NY,Franklin,County,John F. Kennedy,Democratic/Liberal,9946,51.38,19358,Democratic/Liberal
1960,New York,NY,Franklin,County,Richard Nixon,Republican,9385,48.48,19358,Democratic/Liberal
1960,New York,NY,Franklin,County,Other,Other,27,0.14,19358,Democratic/Liberal
1960,New York,NY,Fulton,County,John F. Kennedy,Democratic/Liberal,10409,41.83,24883,Republican
1960,New York,NY,Fulton,County,Richard Nixon,Republican,14455,58.09,24883,Republican
1960,New York,NY,Fulton,County,Other,Other,19,0.08,24883,Republican
1960,New York,NY,Genesee,County,John F. Kennedy,Democratic/Liberal,10343,41.23,25085,Republican
1960,New York,NY,Genesee,County,Richard Nixon,Republican,14724,58.7,25085,Republican
1960,New York,NY,Genesee,County,Other,Other,18,0.07,25085,Republican
1960,New York,NY,Greene,County,John F. Kennedy,Democratic/Liberal,6441,35.16,18320,Republican
1960,New York,NY,Greene,County,Richard Nixon,Republican,11878,64.84,18320,Republican
1960,New York,NY,Greene,County,Other,Other,1,0.01,18320,Republican
1960,New York,NY,Hamilton,County,John F. Kennedy,Democratic/Liberal,795,26.82,2964,Republican
1960,New York,NY,Hamilton,County,Richard Nixon,Republican,2168,73.14,2964,Republican
1960,New York,NY,Hamilton,County,Other,Other,1,0.03,2964,Republican
1960,New York,NY,Herkimer,County,John F. Kennedy,Democratic/Liberal,14977,45.71,32768,Republican
1960,New York,NY,Herkimer,County,Richard Nixon,Republican,17758,54.19,32768,Republican
1960,New York,NY,Herkimer,County,Other,Other,33,0.1,32768,Republican
1960,New York,NY,Jefferson,County,John F. Kennedy,Democratic/Liberal,15800,39.39,40115,Republican
1960,New York,NY,Jefferson,County,Richard Nixon,Republican,24290,60.55,40115,Republican
1960,New York,NY,Jefferson,County,Other,Other,25,0.06,40115,Republican
1960,New York,NY,Kings,County,John F. Kennedy,Democratic/Liberal,646582,66.16,977306,Democratic/Liberal
1960,New York,NY,Kings,County,Richard Nixon,Republican,327497,33.51,977306,Democratic/Liberal
1960,New York,NY,Kings,County,Other,Other,3227,0.33,977306,Democratic/Liberal
1960,New York,NY,Lewis,County,John F. Kennedy,Democratic/Liberal,4056,37.92,10697,Republican
1960,New York,NY,Lewis,County,Richard Nixon,Republican,6632,62.0,10697,Republican
1960,New York,NY,Lewis,County,Other,Other,9,0.08,10697,Republican
1960,New York,NY,Livingston,County,John F. Kennedy,Democratic/Liberal,7765,36.19,21454,Republican
1960,New York,NY,Livingston,County,Richard Nixon,Republican,13681,63.77,21454,Republican
1960,New York,NY,Livingston,County,Other,Other,8,0.04,21454,Republican
1960,New York,NY,Madison,County,John F. Kennedy,Democratic/Liberal,8433,34.15,24697,Republican
1960,New York,NY,Madison,County,Richard Nixon,Republican,16245,65.78,24697,Republican
1960,New York,NY,Madison,County,Other,Other,19,0.08,24697,Republican
1960,New York,NY,Monroe,County,John F. Kennedy,Democratic/Liberal,141378,48.76,289948,Republican
1960,New York,NY,Monroe,County,Richard Nixon,Republican,148423,51.19,289948,Republican
1960,New York,NY,Monroe,County,Other,Other,147,0.05,289948,Republican
1960,New York,NY,Montgomery,County,John F. Kennedy,Democratic/Liberal,15976,51.82,30827,Democratic/Liberal
1960,New York,NY,Montgomery,County,Richard Nixon,Republican,14837,48.13,30827,Democratic/Liberal
1960,New York,NY,Montgomery,County,Other,Other,14,0.05,30827,Democratic/Liberal
1960,New York,NY,Nassau,County,John F. Kennedy,Democratic/Liberal,263303,44.76,588319,Republican
1960,New York,NY,Nassau,County,Richard Nixon,Republican,324255,55.12,588319,Republican
1960,New York,NY,Nassau,County,Other,Other,761,0.13,588319,Republican
1960,New York,NY,New York,County,John F. Kennedy,Democratic/Liberal,414902,65.28,635567,Democratic/Liberal
1960,New York,NY,New York,County,Richard Nixon,Republican,217271,34.19,635567,Democratic/Liberal
1960,New York,NY,New York,County,Other,Other,3394,0.53,635567,Democratic/Liberal
1960,New York,NY,Niagara,County,John F. Kennedy,Democratic/Liberal,51680,50.78,101765,Democratic/Liberal
1960,New York,NY,Niagara,County,Richard Nixon,Republican,50001,49.13,101765,Democratic/Liberal
1960,New York,NY,Niagara,County,Other,Other,84,0.08,101765,Democratic/Liberal
1960,New York,NY,Oneida,County,John F. Kennedy,Democratic/Liberal,63368,51.53,122981,Democratic/Liberal
1960,New York,NY,Oneida,County,Richard Nixon,Republican,59513,48.39,122981,Democratic/Liberal
1960,New York,NY,Oneida,County,Other,Other,100,0.08,122981,Democratic/Liberal
1960,New York,NY,Onondaga,County,John F. Kennedy,Democratic/Liberal,90836,45.84,198156,Republican
1960,New York,NY,Onondaga,County,Richard Nixon,Republican,107170,54.08,198156,Republican
1960,New York,NY,Onondaga,County,Other,Other,150,0.08,198156,Republican
1960,New York,NY,Ontario,County,John F. Kennedy,Democratic/Liberal,12251,38.37,31931,Republican
1960,New York,NY,Ontario,County,Richard Nixon,Republican,19654,61.55,31931,Republican
1960,New York,NY,Ontario,County,Other,Other,26,0.08,31931,Republican
1960,New York,NY,Orange,County,John F. Kennedy,Democratic/Liberal,31471,39.25,80182,Republican
1960,New York,NY,Orange,County,Richard Nixon,Republican,48646,60.67,80182,Republican
1960,New York,NY,Orange,County,Other,Other,65,0.08,80182,Republican
1960,New York,NY,Orleans,County,John F. Kennedy,Democratic/Liberal,5515,34.76,15864,Republican
1960,New York,NY,Orleans,County,Richard Nixon,Republican,10344,65.2,15864,Republican
1960,New York,NY,Orleans,County,Other,Other,5,0.03,15864,Republican
1960,New York,NY,Oswego,County,John F. Kennedy,Democratic/Liberal,15544,39.28,39568,Republican
1960,New York,NY,Oswego,County,Richard Nixon,Republican,24013,60.69,39568,Republican
1960,New York,NY,Oswego,County,Other,Other,11,0.03,39568,Republican
1960,New York,NY,Otsego,County,John F. Kennedy,Democratic/Liberal,7899,31.16,25347,Republican
1960,New York,NY,Otsego,County,Richard Nixon,Republican,17422,68.73,25347,Republican
1960,New York,NY,Otsego,County,Other,Other,26,0.1,25347,Republican
1960,New York,NY,Putnam,County,John F. Kennedy,Democratic/Liberal,8013,40.09,19987,Republican
1960,New York,NY,Putnam,County,Richard Nixon,Republican,11946,59.77,19987,Republican
1960,New York,NY,Putnam,County,Other,Other,28,0.14,19987,Republican
1960,New York,NY,Queens,County,John F. Kennedy,Democratic/Liberal,446348,54.71,815899,Democratic/Liberal
1960,New York,NY,Queens,County,Richard Nixon,Republican,367688,45.07,815899,Democratic/Liberal
1960,New York,NY,Queens,County,Other,Other,1863,0.23,815899,Democratic/Liberal
1960,New York,NY,Rensselaer,County,John F. Kennedy,Democratic/Liberal,36109,47.33,76294,Republican
1960,New York,NY,Rensselaer,County,Richard Nixon,Republican,40124,52.59,76294,Republican
1960,New York,NY,Rensselaer,County,Other,Other,61,0.08,76294,Republican
1960,New York,NY,Richmond,County,John F. Kennedy,Democratic/Liberal,38673,43.39,89123,Republican
1960,New York,NY,Richmond,County,Richard Nixon,Republican,50356,56.5,89123,Republican
1960,New York,NY,Richmond,County,Other,Other,94,0.11,89123,Republican
1960,New York,NY,Rockland,County,John F. Kennedy,Democratic/Liberal,27178,45.0,60398,Republican
1960,New York,NY,Rockland,County,Richard Nixon,Republican,33107,54.81,60398,Republican
1960,New York,NY,Rockland,County,Other,Other,113,0.19,60398,Republican
1960,New York,NY,St. Lawrence,County,John F. Kennedy,Democratic/Liberal,19430,42.89,45302,Republican
1960,New York,NY,St. Lawrence,County,Richard Nixon,Republican,25848,57.06,45302,Republican
1960,New York,NY,St. Lawrence,County,Other,Other,24,0.05,45302,Republican
1960,New York,NY,Saratoga,County,John F. Kennedy,Democratic/Liberal,18179,42.03,43250,Republican
1960,New York,NY,Saratoga,County,Richard Nixon,Republican,25035,57.88,43250,Republican
1960,New York,NY,Saratoga,County,Other,Other,36,0.08,43250,Republican
1960,New York,NY,Schenectady,County,John F. Kennedy,Democratic/Liberal,37003,47.9,77253,Republican
1960,New York,NY,Schenectady,County,Richard Nixon,Republican,40180,52.01,77253,Republican
1960,New York,NY,Schenectady,County,Other,Other,70,0.09,77253,Republican
1960,New York,NY,Schoharie,County,John F. Kennedy,Democratic/Liberal,4342,36.18,12002,Republican
1960,New York,NY,Schoharie,County,Richard Nixon,Republican,7644,63.69,12002,Republican
1960,New York,NY,Schoharie,County,Other,Other,16,0.13,12002,Republican
1960,New York,NY,Schuyler,County,John F. Kennedy,Democratic/Liberal,2315,30.76,7527,Republican
1960,New York,NY,Schuyler,County,Richard Nixon,Republican,5201,69.1,7527,Republican
1960,New York,NY,Schuyler,County,Other,Other,11,0.15,7527,Republican
1960,New York,NY,Seneca,County,John F. Kennedy,Democratic/Liberal,5693,39.44,14435,Republican
1960,New York,NY,Seneca,County,Richard Nixon,Republican,8741,60.55,14435,Republican
1960,New York,NY,Seneca,County,Other,Other,1,0.01,14435,Republican
1960,New York,NY,Steuben,County,John F. Kennedy,Democratic/Liberal,13898,31.91,43549,Republican
1960,New York,NY,Steuben,County,Richard Nixon,Republican,29638,68.06,43549,Republican
1960,New York,NY,Steuben,County,Other,Other,13,0.03,43549,Republican
1960,New York,NY,Suffolk,County,John F. Kennedy,Democratic/Liberal,114033,40.59,280945,Republican
1960,New York,NY,Suffolk,County,Richard Nixon,Republican,166644,59.32,280945,Republican
1960,New York,NY,Suffolk,County,Other,Other,268,0.1,280945,Republican
1960,New York,NY,Sullivan,County,John F. Kennedy,Democratic/Liberal,11486,45.44,25279,Republican
1960,New York,NY,Sullivan,County,Richard Nixon,Republican,13744,54.37,25279,Republican
1960,New York,NY,Sullivan,County,Other,Other,49,0.19,25279,Republican
1960,New York,NY,Tioga,County,John F. Kennedy,Democratic/Liberal,4855,27.85,17431,Republican
1960,New York,NY,Tioga,County,Richard Nixon,Republican,12572,72.12,17431,Republican
1960,New York,NY,Tioga,County,Other,Other,4,0.02,17431,Republican
1960,New York,NY,Tompkins,County,John F. Kennedy,Democratic/Liberal,8659,33.65,25733,Republican
1960,New York,NY,Tompkins,County,Richard Nixon,Republican,17061,66.3,25733,Republican
1960,New York,NY,Tompkins,County,Other,Other,13,0.05,25733,Republican
1960,New York,NY,Ulster,County,John F. Kennedy,Democratic/Liberal,23017,38.68,59502,Republican
1960,New York,NY,Ulster,County,Richard Nixon,Republican,36418,61.2,59502,Republican
1960,New York,NY,Ulster,County,Other,Other,67,0.11,59502,Republican
1960,New York,NY,Warren,County,John F. Kennedy,Democratic/Liberal,7328,33.65,21778,Republican
1960,New York,NY,Warren,County,Richard Nixon,Republican,14433,66.27,21778,Republican
1960,New York,NY,Warren,County,Other,Other,17,0.08,21778,Republican
1960,New York,NY,Washington,County,John F. Kennedy,Democratic/Liberal,8274,35.48,23317,Republican
1960,New York,NY,Washington,County,Richard Nixon,Republican,15037,64.49,23317,Republican
1960,New York,NY,Washington,County,Other,Other,6,0.03,23317,Republican
1960,New York,NY,Wayne,County,John F. Kennedy,Democratic/Liberal,9476,30.79,30777,Republican
1960,New York,NY,Wayne,County,Richard Nixon,Republican,21290,69.18,30777,Republican
1960,New York,NY,Wayne,County,Other,Other,11,0.04,30777,Republican
1960,New York,NY,Westchester,County,John F. Kennedy,Democratic/Liberal,171410,43.21,396663,Republican
1960,New York,NY,Westchester,County,Richard Nixon,Republican,224562,56.61,396663,Republican
1960,New York,NY,Westchester,County,Other,Other,691,0.17,396663,Republican
1960,New York,NY,Wyoming,County,John F. Kennedy,Democratic/Liberal,5508,33.78,16307,Republican
1960,New York,NY,Wyoming,County,Richard Nixon,Republican,10793,66.19,16307,Republican
1960,New York,NY,Wyoming,County,Other,Other,6,0.04,16307,Republican
1960,New York,NY,Yates,County,John F. Kennedy,Democratic/Liberal,2409,25.88,9308,Republican
1960,New York,NY,Yates,County,Richard Nixon,Republican,6892,74.04,9308,Republican
1960,New York,NY,Yates,County,Other,Other,7,0.08,9308,Republican
1960,North Carolina,NC,Alamance,County,John F. Kennedy,Democratic,13599,47.86,28417,Republican
1960,North Carolina,NC,Alamance,County,Richard Nixon,Republican,14818,52.14,28417,Republican
1960,North Carolina,NC,Alexander,County,John F. Kennedy,Democratic,3956,48.65,8131,Republican
1960,North Carolina,NC,Alexander,County,Richard Nixon,Republican,4175,51.35,8131,Republican
1960,North Carolina,NC,Alleghany,County,John F. Kennedy,Democratic,2121,51.74,4099,Democratic
1960,North Carolina,NC,Alleghany,County,Richard Nixon,Republican,1978,48.26,4099,Democratic
1960,North Carolina,NC,Anson,County,John F. Kennedy,Democratic,4120,72.07,5717,Democratic
1960,North Carolina,NC,Anson,County,Richard Nixon,Republican,1597,27.93,5717,Democratic
1960,North Carolina,NC,Ashe,County,John F. Kennedy,Democratic,4477,48.14,9300,Republican
1960,North Carolina,NC,Ashe,County,Richard Nixon,Republican,4823,51.86,9300,Republican
1960,North Carolina,NC,Avery,County,John F. Kennedy,Democratic,1047,20.05,5223,Republican
1960,North Carolina,NC,Avery,County,Richard Nixon,Republican,4176,79.95,5223,Republican
1960,North Carolina,NC,Beaufort,County,John F. Kennedy,Democratic,6039,69.15,8733,Democratic
1960,North Carolina,NC,Beaufort,County,Richard Nixon,Republican,2694,30.85,8733,Democratic
1960,North Carolina,NC,Bertie,County,John F. Kennedy,Democratic,3682,86.45,4259,Democratic
1960,North Carolina,NC,Bertie,County,Richard Nixon,Republican,577,13.55,4259,Democratic
1960,North Carolina,NC,Bladen,County,John F. Kennedy,Democratic,4353,70.13,6207,Democratic
1960,North Carolina,NC,Bladen,County,Richard Nixon,Republican,1854,29.87,6207,Democratic
1960,North Carolina,NC,Brunswick,County,John F. Kennedy,Democratic,4305,59.63,7220,Democratic
1960,North Carolina,NC,Brunswick,County,Richard Nixon,Republican,2915,40.37,7220,Democratic
1960,North Carolina,NC,Buncombe,County,John F. Kennedy,Democratic,23303,45.39,51343,Republican
1960,North Carolina,NC,Buncombe,County,Richard Nixon,Republican,28040,54.61,51343,Republican
1960,North Carolina,NC,Burke,County,John F. Kennedy,Democratic,10015,43.66,22940,Republican
1960,North Carolina,NC,Burke,County,Richard Nixon,Republican,12925,56.34,22940,Republican
1960,North Carolina,NC,Cabarrus,County,John F. Kennedy,Democratic,8680,35.64,24358,Republican
1960,North Carolina,NC,Cabarrus,County,Richard Nixon,Republican,15678,64.36,24358,Republican
1960,North Carolina,NC,Caldwell,County,John F. Kennedy,Democratic,8722,43.02,20275,Republican
1960,North Carolina,NC,Caldwell,County,Richard Nixon,Republican,11553,56.98,20275,Republican
1960,North Carolina,NC,Camden,County,John F. Kennedy,Democratic,1014,75.0,1352,Democratic
1960,North Carolina,NC,Camden,County,Richard Nixon,Republican,338,25.0,1352,Democratic
1960,North Carolina,NC,Carteret,County,John F. Kennedy,Democratic,5264,53.95,9757,Democratic
1960,North Carolina,NC,Carteret,County,Richard Nixon,Republican,4493,46.05,9757,Democratic
1960,North Carolina,NC,Caswell,County,John F. Kennedy,Democratic,2832,69.01,4104,Democratic
1960,North Carolina,NC,Caswell,County,Richard Nixon,Republican,1272,30.99,4104,Democratic
1960,North Carolina,NC,Catawba,County,John F. Kennedy,Democratic,13491,41.35,32626,Republican
1960,North Carolina,NC,Catawba,County,Richard Nixon,Republican,19135,58.65,32626,Republican
1960,North Carolina,NC,Chatham,County,John F. Kennedy,Democratic,4683,52.09,8991,Democratic
1960,North Carolina,NC,Chatham,County,Richard Nixon,Republican,4308,47.91,8991,Democratic
1960,North Carolina,NC,Cherokee,County,John F. Kennedy,Democratic,3197,42.68,7491,Republican
1960,North Carolina,NC,Cherokee,County,Richard Nixon,Republican,4294,57.32,7491,Republican
1960,North Carolina,NC,Chowan,County,John F. Kennedy,Democratic,1920,78.27,2453,Democratic
1960,North Carolina,NC,Chowan,County,Richard Nixon,Republican,533,21.73,2453,Democratic
1960,North Carolina,NC,Clay,County,John F. Kennedy,Democratic,1264,43.27,2921,Republican
1960,North Carolina,NC,Clay,County,Richard Nixon,Republican,1657,56.73,2921,Republican
1960,North Carolina,NC,Cleveland,County,John F. Kennedy,Democratic,10545,56.08,18802,Democratic
1960,North Carolina,NC,Cleveland,County,Richard Nixon,Republican,8257,43.92,18802,Democratic
1960,North Carolina,NC,Columbus,County,John F. Kennedy,Democratic,10455,74.1,14110,Democratic
1960,North Carolina,NC,Columbus,County,Richard Nixon,Republican,3655,25.9,14110,Democratic
1960,North Carolina,NC,Craven,County,John F. Kennedy,Democratic,7158,66.05,10838,Democratic
1960,North Carolina,NC,Craven,County,Richard Nixon,Republican,3680,33.95,10838,Democratic
1960,North Carolina,NC,Cumberland,County,John F. Kennedy,Democratic,11601,58.97,19673,Democratic
1960,North Carolina,NC,Cumberland,County,Richard Nixon,Republican,8072,41.03,19673,Democratic
1960,North Carolina,NC,Currituck,County,John F. Kennedy,Democratic,1651,78.06,2115,Democratic
1960,North Carolina,NC,Currituck,County,Richard Nixon,Republican,464,21.94,2115,Democratic
1960,North Carolina,NC,Dare,County,John F. Kennedy,Democratic,1247,54.1,2305,Democratic
1960,North Carolina,NC,Dare,County,Richard Nixon,Republican,1058,45.9,2305,Democratic
1960,North Carolina,NC,Davidson,County,John F. Kennedy,Democratic,13118,41.1,31915,Republican
1960,North Carolina,NC,Davidson,County,Richard Nixon,Republican,18797,58.9,31915,Republican
1960,North Carolina,NC,Davie,County,John F. Kennedy,Democratic,2471,34.04,7259,Republican
1960,North Carolina,NC,Davie,County,Richard Nixon,Republican,4788,65.96,7259,Republican
1960,North Carolina,NC,Duplin,County,John F. Kennedy,Democratic,7269,71.11,10222,Democratic
1960,North Carolina,NC,Duplin,County,Richard Nixon,Republican,2953,28.89,10222,Democratic
1960,North Carolina,NC,Durham,County,John F. Kennedy,Democratic,19298,57.4,33620,Democratic
1960,North Carolina,NC,Durham,County,Richard Nixon,Republican,14322,42.6,33620,Democratic
1960,North Carolina,NC,Edgecombe,County,John F. Kennedy,Democratic,8046,77.93,10325,Democratic
1960,North Carolina,NC,Edgecombe,County,Richard Nixon,Republican,2279,22.07,10325,Democratic
1960,North Carolina,NC,Forsyth,County,John F. Kennedy,Democratic,24035,41.87,57409,Republican
1960,North Carolina,NC,Forsyth,County,Richard Nixon,Republican,33374,58.13,57409,Republican
1960,North Carolina,NC,Franklin,County,John F. Kennedy,Democratic,5081,82.1,6189,Democratic
1960,North Carolina,NC,Franklin,County,Richard Nixon,Republican,1108,17.9,6189,Democratic
1960,North Carolina,NC,Gaston,County,John F. Kennedy,Democratic,20104,48.61,41354,Republican
1960,North Carolina,NC,Gaston,County,Richard Nixon,Republican,21250,51.39,41354,Republican
1960,North Carolina,NC,Gates,County,John F. Kennedy,Democratic,1549,80.09,1934,Democratic
1960,North Carolina,NC,Gates,County,Richard Nixon,Republican,385,19.91,1934,Democratic
1960,North Carolina,NC,Graham,County,John F. Kennedy,Democratic,1335,43.68,3056,Republican
1960,North Carolina,NC,Graham,County,Richard Nixon,Republican,1721,56.32,3056,Republican
1960,North Carolina,NC,Granville,County,John F. Kennedy,Democratic,4945,73.34,6743,Democratic
1960,North Carolina,NC,Granville,County,Richard Nixon,Republican,1798,26.66,6743,Democratic
1960,North Carolina,NC,Greene,County,John F. Kennedy,Democratic,3092,87.27,3543,Democratic
1960,North Carolina,NC,Greene,County,Richard Nixon,Republican,451,12.73,3543,Democratic
1960,North Carolina,NC,Guilford,County,John F. Kennedy,Democratic,30486,42.43,71843,Republican
1960,North Carolina,NC,Guilford,County,Richard Nixon,Republican,41357,57.57,71843,Republican
1960,North Carolina,NC,Halifax,County,John F. Kennedy,Democratic,8872,79.11,11215,Democratic
1960,North Carolina,NC,Halifax,County,Richard Nixon,Republican,2343,20.89,11215,Democratic
1960,North Carolina,NC,Harnett,County,John F. Kennedy,Democratic,7892,59.82,13193,Democratic
1960,North Carolina,NC,Harnett,County,Richard Nixon,Republican,5301,40.18,13193,Democratic
1960,North Carolina,NC,Haywood,County,John F. Kennedy,Democratic,8044,48.38,16627,Republican
1960,North Carolina,NC,Haywood,County,Richard Nixon,Republican,8583,51.62,16627,Republican
1960,North Carolina,NC,Henderson,County,John F. Kennedy,Democratic,4611,29.85,15446,Republican
1960,North Carolina,NC,Henderson,County,Richard Nixon,Republican,10835,70.15,15446,Republican
1960,North Carolina,NC,Hertford,County,John F. Kennedy,Democratic,3105,79.9,3886,Democratic
1960,North Carolina,NC,Hertford,County,Richard Nixon,Republican,781,20.1,3886,Democratic
1960,North Carolina,NC,Hoke,County,John F. Kennedy,Democratic,2106,77.94,2702,Democratic
1960,North Carolina,NC,Hoke,County,Richard Nixon,Republican,596,22.06,2702,Democratic
1960,North Carolina,NC,Hyde,County,John F. Kennedy,Democratic,1147,70.45,1628,Democratic
1960,North Carolina,NC,Hyde,County,Richard Nixon,Republican,481,29.55,1628,Democratic
1960,North Carolina,NC,Iredell,County,John F. Kennedy,Democratic,8973,42.61,21058,Republican
1960,North Carolina,NC,Iredell,County,Richard Nixon,Republican,12085,57.39,21058,Republican
1960,North Carolina,NC,Jackson,County,John F. Kennedy,Democratic,3900,49.26,7917,Republican
1960,North Carolina,NC,Jackson,County,Richard Nixon,Republican,4017,50.74,7917,Republican
1960,North Carolina,NC,Johnston,County,John F. Kennedy,Democratic,9914,59.82,16574,Democratic
1960,North Carolina,NC,Johnston,County,Richard Nixon,Republican,6660,40.18,16574,Democratic
1960,North Carolina,NC,Jones,County,John F. Kennedy,Democratic,1920,76.65,2505,Democratic
1960,North Carolina,NC,Jones,County,Richard Nixon,Republican,585,23.35,2505,Democratic
1960,North Carolina,NC,Lee,County,John F. Kennedy,Democratic,4673,64.58,7236,Democratic
1960,North Carolina,NC,Lee,County,Richard Nixon,Republican,2563,35.42,7236,Democratic
1960,North Carolina,NC,Lenoir,County,John F. Kennedy,Democratic,8126,68.96,11784,Democratic
1960,North Carolina,NC,Lenoir,County,Richard Nixon,Republican,3658,31.04,11784,Democratic
1960,North Carolina,NC,Lincoln,County,John F. Kennedy,Democratic,6728,49.68,13544,Republican
1960,North Carolina,NC,Lincoln,County,Richard Nixon,Republican,6816,50.32,13544,Republican
1960,North Carolina,NC,Macon,County,John F. Kennedy,Democratic,3098,45.34,6833,Republican
1960,North Carolina,NC,Macon,County,Richard Nixon,Republican,3735,54.66,6833,Republican
1960,North Carolina,NC,Madison,County,John F. Kennedy,Democratic,4546,50.69,8968,Democratic
1960,North Carolina,NC,Madison,County,Richard Nixon,Republican,4422,49.31,8968,Democratic
1960,North Carolina,NC,Martin,County,John F. Kennedy,Democratic,5826,88.77,6563,Democratic
1960,North Carolina,NC,Martin,County,Richard Nixon,Republican,737,11.23,6563,Democratic
1960,North Carolina,NC,McDowell,County,John F. Kennedy,Democratic,4889,44.3,11037,Republican
1960,North Carolina,NC,McDowell,County,Richard Nixon,Republican,6148,55.7,11037,Republican
1960,North Carolina,NC,Mecklenburg,County,John F. Kennedy,Democratic,39362,44.93,87612,Republican
1960,North Carolina,NC,Mecklenburg,County,Richard Nixon,Republican,48250,55.07,87612,Republican
1960,North Carolina,NC,Mitchell,County,John F. Kennedy,Democratic,1174,19.55,6005,Republican
1960,North Carolina,NC,Mitchell,County,Richard Nixon,Republican,4831,80.45,6005,Republican
1960,North Carolina,NC,Montgomery,County,John F. Kennedy,Democratic,3297,47.47,6946,Republican
1960,North Carolina,NC,Montgomery,County,Richard Nixon,Republican,3649,52.53,6946,Republican
1960,North Carolina,NC,Moore,County,John F. Kennedy,Democratic,5548,48.83,11363,Republican
1960,North Carolina,NC,Moore,County,Richard Nixon,Republican,5815,51.17,11363,Republican
1960,North Carolina,NC,Nash,County,John F. Kennedy,Democratic,10086,72.14,13982,Democratic
1960,North Carolina,NC,Nash,County,Richard Nixon,Republican,3896,27.86,13982,Democratic
1960,North Carolina,NC,New Hanover,County,John F. Kennedy,Democratic,13182,57.42,22957,Democratic
1960,North Carolina,NC,New Hanover,County,Richard Nixon,Republican,9775,42.58,22957,Democratic
1960,North Carolina,NC,Northampton,County,John F. Kennedy,Democratic,4756,87.52,5434,Democratic
1960,North Carolina,NC,Northampton,County,Richard Nixon,Republican,678,12.48,5434,Democratic
1960,North Carolina,NC,Onslow,County,John F. Kennedy,Democratic,5564,66.43,8376,Democratic
1960,North Carolina,NC,Onslow,County,Richard Nixon,Republican,2812,33.57,8376,Democratic
1960,North Carolina,NC,Orange,County,John F. Kennedy,Democratic,7180,57.85,12411,Democratic
1960,North Carolina,NC,Orange,County,Richard Nixon,Republican,5231,42.15,12411,Democratic
1960,North Carolina,NC,Pamlico,County,John F. Kennedy,Democratic,1697,61.53,2758,Democratic
1960,North Carolina,NC,Pamlico,County,Richard Nixon,Republican,1061,38.47,2758,Democratic
1960,North Carolina,NC,Pasquotank,County,John F. Kennedy,Democratic,4530,71.26,6357,Democratic
1960,North Carolina,NC,Pasquotank,County,Richard Nixon,Republican,1827,28.74,6357,Democratic
1960,North Carolina,NC,Pender,County,John F. Kennedy,Democratic,2744,68.29,4018,Democratic
1960,North Carolina,NC,Pender,County,Richard Nixon,Republican,1274,31.71,4018,Democratic
1960,North Carolina,NC,Perquimans,County,John F. Kennedy,Democratic,1460,69.62,2097,Democratic
1960,North Carolina,NC,Perquimans,County,Richard Nixon,Republican,637,30.38,2097,Democratic
1960,North Carolina,NC,Person,County,John F. Kennedy,Democratic,4305,69.09,6231,Democratic
1960,North Carolina,NC,Person,County,Richard Nixon,Republican,1926,30.91,6231,Democratic
1960,North Carolina,NC,Pitt,County,John F. Kennedy,Democratic,12526,78.37,15984,Democratic
1960,North Carolina,NC,Pitt,County,Richard Nixon,Republican,3458,21.63,15984,Democratic
1960,North Carolina,NC,Polk,County,John F. Kennedy,Democratic,2762,49.16,5618,Republican
1960,North Carolina,NC,Polk,County,Richard Nixon,Republican,2856,50.84,5618,Republican
1960,North Carolina,NC,Randolph,County,John F. Kennedy,Democratic,9789,38.3,25561,Republican
1960,North Carolina,NC,Randolph,County,Richard Nixon,Republican,15772,61.7,25561,Republican
1960,North Carolina,NC,Richmond,County,John F. Kennedy,Democratic,8293,71.63,11578,Democratic
1960,North Carolina,NC,Richmond,County,Richard Nixon,Republican,3285,28.37,11578,Democratic
1960,North Carolina,NC,Robeson,County,John F. Kennedy,Democratic,11623,76.45,15203,Democratic
1960,North Carolina,NC,Robeson,County,Richard Nixon,Republican,3580,23.55,15203,Democratic
1960,North Carolina,NC,Rockingham,County,John F. Kennedy,Democratic,11207,54.24,20663,Democratic
1960,North Carolina,NC,Rockingham,County,Richard Nixon,Republican,9456,45.76,20663,Democratic
1960,North Carolina,NC,Rowan,County,John F. Kennedy,Democratic,12919,42.16,30645,Republican
1960,North Carolina,NC,Rowan,County,Richard Nixon,Republican,17726,57.84,30645,Republican
1960,North Carolina,NC,Rutherford,County,John F. Kennedy,Democratic,8554,48.75,17547,Republican
1960,North Carolina,NC,Rutherford,County,Richard Nixon,Republican,8993,51.25,17547,Republican
1960,North Carolina,NC,Sampson,County,John F. Kennedy,Democratic,7632,50.98,14970,Democratic
1960,North Carolina,NC,Sampson,County,Richard Nixon,Republican,7338,49.02,14970,Democratic
1960,North Carolina,NC,Scotland,County,John F. Kennedy,Democratic,3643,74.01,4922,Democratic
1960,North Carolina,NC,Scotland,County,Richard Nixon,Republican,1279,25.99,4922,Democratic
1960,North Carolina,NC,Stanly,County,John F. Kennedy,Democratic,8259,42.71,19339,Republican
1960,North Carolina,NC,Stanly,County,Richard Nixon,Republican,11080,57.29,19339,Republican
1960,North Carolina,NC,Stokes,County,John F. Kennedy,Democratic,4487,47.94,9359,Republican
1960,North Carolina,NC,Stokes,County,Richard Nixon,Republican,4872,52.06,9359,Republican
1960,North Carolina,NC,Surry,County,John F. Kennedy,Democratic,8185,44.92,18220,Republican
1960,North Carolina,NC,Surry,County,Richard Nixon,Republican,10035,55.08,18220,Republican
1960,North Carolina,NC,Swain,County,John F. Kennedy,Democratic,2171,50.69,4283,Democratic
1960,North Carolina,NC,Swain,County,Richard Nixon,Republican,2112,49.31,4283,Democratic
1960,North Carolina,NC,Transylvania,County,John F. Kennedy,Democratic,3388,44.53,7609,Republican
1960,North Carolina,NC,Transylvania,County,Richard Nixon,Republican,4221,55.47,7609,Republican
1960,North Carolina,NC,Tyrrell,County,John F. Kennedy,Democratic,926,72.63,1275,Democratic
1960,North Carolina,NC,Tyrrell,County,Richard Nixon,Republican,349,27.37,1275,Democratic
1960,North Carolina,NC,Union,County,John F. Kennedy,Democratic,7393,64.72,11423,Democratic
1960,North Carolina,NC,Union,County,Richard Nixon,Republican,4030,35.28,11423,Democratic
1960,North Carolina,NC,Vance,County,John F. Kennedy,Democratic,5694,73.89,7706,Democratic
1960,North Carolina,NC,Vance,County,Richard Nixon,Republican,2012,26.11,7706,Democratic
1960,North Carolina,NC,Wake,County,John F. Kennedy,Democratic,26050,58.56,44486,Democratic
1960,North Carolina,NC,Wake,County,Richard Nixon,Republican,18436,41.44,44486,Democratic
1960,North Carolina,NC,Warren,County,John F. Kennedy,Democratic,2997,80.69,3714,Democratic
1960,North Carolina,NC,Warren,County,Richard Nixon,Republican,717,19.31,3714,Democratic
1960,North Carolina,NC,Washington,County,John F. Kennedy,Democratic,2415,70.16,3442,Democratic
1960,North Carolina,NC,Washington,County,Richard Nixon,Republican,1027,29.84,3442,Democratic
1960,North Carolina,NC,Watauga,County,John F. Kennedy,Democratic,3440,40.66,8460,Republican
1960,North Carolina,NC,Watauga,County,Richard Nixon,Republican,5020,59.34,8460,Republican
1960,North Carolina,NC,Wayne,County,John F. Kennedy,Democratic,7856,58.93,13330,Democratic
1960,North Carolina,NC,Wayne,County,Richard Nixon,Republican,5474,41.07,13330,Democratic
1960,North Carolina,NC,Wilkes,County,John F. Kennedy,Democratic,7986,38.02,21002,Republican
1960,North Carolina,NC,Wilkes,County,Richard Nixon,Republican,13016,61.98,21002,Republican
1960,North Carolina,NC,Wilson,County,John F. Kennedy,Democratic,8021,72.03,11135,Democratic
1960,North Carolina,NC,Wilson,County,Richard Nixon,Republican,3114,27.97,11135,Democratic
1960,North Carolina,NC,Yadkin,County,John F. Kennedy,Democratic,2785,27.7,10053,Republican
1960,North Carolina,NC,Yadkin,County,Richard Nixon,Republican,7268,72.3,10053,Republican
1960,North Carolina,NC,Yancey,County,John F. Kennedy,Democratic,3310,50.2,6594,Democratic
1960,North Carolina,NC,Yancey,County,Richard Nixon,Republican,3284,49.8,6594,Democratic
1960,North Dakota,ND,Adams,County,Richard Nixon,Republican,1232,59.69,2064,Republican
1960,North Dakota,ND,Adams,County,John F. Kennedy,Democratic-NPL,832,40.31,2064,Republican
1960,North Dakota,ND,Adams,County,Farrell Dobbs,Socialist Workers,0,0.0,2064,Republican
1960,North Dakota,ND,Barnes,County,Richard Nixon,Republican,4403,57.71,7629,Republican
1960,North Dakota,ND,Barnes,County,John F. Kennedy,Democratic-NPL,3223,42.25,7629,Republican
1960,North Dakota,ND,Barnes,County,Farrell Dobbs,Socialist Workers,3,0.04,7629,Republican
1960,North Dakota,ND,Benson,County,Richard Nixon,Republican,2259,50.84,4443,Republican
1960,North Dakota,ND,Benson,County,John F. Kennedy,Democratic-NPL,2181,49.09,4443,Republican
1960,North Dakota,ND,Benson,County,Farrell Dobbs,Socialist Workers,3,0.07,4443,Republican
1960,North Dakota,ND,Billings,County,Richard Nixon,Republican,368,47.92,768,Democratic-NPL
1960,North Dakota,ND,Billings,County,John F. Kennedy,Democratic-NPL,400,52.08,768,Democratic-NPL
1960,North Dakota,ND,Billings,County,Farrell Dobbs,Socialist Workers,0,0.0,768,Democratic-NPL
1960,North Dakota,ND,Bottineau,County,Richard Nixon,Republican,3092,61.0,5069,Republican
1960,North Dakota,ND,Bottineau,County,John F. Kennedy,Democratic-NPL,1974,38.94,5069,Republican
1960,North Dakota,ND,Bottineau,County,Farrell Dobbs,Socialist Workers,3,0.06,5069,Republican
1960,North Dakota,ND,Bowman,County,Richard Nixon,Republican,1038,54.98,1888,Republican
1960,North Dakota,ND,Bowman,County,John F. Kennedy,Democratic-NPL,847,44.86,1888,Republican
1960,North Dakota,ND,Bowman,County,Farrell Dobbs,Socialist Workers,3,0.16,1888,Republican
1960,North Dakota,ND,Burke,County,Richard Nixon,Republican,1609,59.88,2687,Republican
1960,North Dakota,ND,Burke,County,John F. Kennedy,Democratic-NPL,1076,40.04,2687,Republican
1960,North Dakota,ND,Burke,County,Farrell Dobbs,Socialist Workers,2,0.07,2687,Republican
1960,North Dakota,ND,Burleigh,County,Richard Nixon,Republican,9492,62.13,15278,Republican
1960,North Dakota,ND,Burleigh,County,John F. Kennedy,Democratic-NPL,5761,37.71,15278,Republican
1960,North Dakota,ND,Burleigh,County,Farrell Dobbs,Socialist Workers,25,0.16,15278,Republican
1960,North Dakota,ND,Cass,County,Richard Nixon,Republican,17498,58.89,29711,Republican
1960,North Dakota,ND,Cass,County,John F. Kennedy,Democratic-NPL,12213,41.11,29711,Republican
1960,North Dakota,ND,Cass,County,Farrell Dobbs,Socialist Workers,0,0.0,29711,Republican
1960,North Dakota,ND,Cavalier,County,Richard Nixon,Republican,2430,51.23,4743,Republican
1960,North Dakota,ND,Cavalier,County,John F. Kennedy,Democratic-NPL,2312,48.75,4743,Republican
1960,North Dakota,ND,Cavalier,County,Farrell Dobbs,Socialist Workers,1,0.02,4743,Republican
1960,North Dakota,ND,Dickey,County,Richard Nixon,Republican,2420,62.76,3856,Republican
1960,North Dakota,ND,Dickey,County,John F. Kennedy,Democratic-NPL,1433,37.16,3856,Republican
1960,North Dakota,ND,Dickey,County,Farrell Dobbs,Socialist Workers,3,0.08,3856,Republican
1960,North Dakota,ND,Divide,County,Richard Nixon,Republican,1348,51.95,2595,Republican
1960,North Dakota,ND,Divide,County,John F. Kennedy,Democratic-NPL,1243,47.9,2595,Republican
1960,North Dakota,ND,Divide,County,Farrell Dobbs,Socialist Workers,4,0.15,2595,Republican
1960,North Dakota,ND,Dunn,County,Richard Nixon,Republican,1462,52.53,2783,Republican
1960,North Dakota,ND,Dunn,County,John F. Kennedy,Democratic-NPL,1321,47.47,2783,Republican
1960,North Dakota,ND,Dunn,County,Farrell Dobbs,Socialist Workers,0,0.0,2783,Republican
1960,North Dakota,ND,Eddy,County,Richard Nixon,Republican,1188,50.73,2342,Republican
1960,North Dakota,ND,Eddy,County,John F. Kennedy,Democratic-NPL,1152,49.19,2342,Republican
1960,North Dakota,ND,Eddy,County,Farrell Dobbs,Socialist Workers,2,0.09,2342,Republican
1960,North Dakota,ND,Emmons,County,Richard Nixon,Republican,1785,46.42,3845,Democratic-NPL
1960,North Dakota,ND,Emmons,County,John F. Kennedy,Democratic-NPL,2058,53.52,3845,Democratic-NPL
1960,North Dakota,ND,Emmons,County,Farrell Dobbs,Socialist Workers,2,0.05,3845,Democratic-NPL
1960,North Dakota,ND,Foster,County,Richard Nixon,Republican,1351,53.34,2533,Republican
1960,North Dakota,ND,Foster,County,John F. Kennedy,Democratic-NPL,1182,46.66,2533,Republican
1960,North Dakota,ND,Foster,County,Farrell Dobbs,Socialist Workers,0,0.0,2533,Republican
1960,North Dakota,ND,Golden Valley,County,Richard Nixon,Republican,825,55.04,1499,Republican
1960,North Dakota,ND,Golden Valley,County,John F. Kennedy,Democratic-NPL,672,44.83,1499,Republican
1960,North Dakota,ND,Golden Valley,County,Farrell Dobbs,Socialist Workers,2,0.13,1499,Republican
1960,North Dakota,ND,Grand Forks,County,Richard Nixon,Republican,10997,56.85,19343,Republican
1960,North Dakota,ND,Grand Forks,County,John F. Kennedy,Democratic-NPL,8341,43.12,19343,Republican
1960,North Dakota,ND,Grand Forks,County,Farrell Dobbs,Socialist Workers,5,0.03,19343,Republican
1960,North Dakota,ND,Grant,County,Richard Nixon,Republican,1794,65.21,2751,Republican
1960,North Dakota,ND,Grant,County,John F. Kennedy,Democratic-NPL,955,34.71,2751,Republican
1960,North Dakota,ND,Grant,County,Farrell Dobbs,Socialist Workers,2,0.07,2751,Republican
1960,North Dakota,ND,Griggs,County,Richard Nixon,Republican,1278,49.9,2561,Democratic-NPL
1960,North Dakota,ND,Griggs,County,John F. Kennedy,Democratic-NPL,1279,49.94,2561,Democratic-NPL
1960,North Dakota,ND,Griggs,County,Farrell Dobbs,Socialist Workers,4,0.16,2561,Democratic-NPL
1960,North Dakota,ND,Hettinger,County,Richard Nixon,Republican,1541,55.79,2762,Republican
1960,North Dakota,ND,Hettinger,County,John F. Kennedy,Democratic-NPL,1219,44.13,2762,Republican
1960,North Dakota,ND,Hettinger,County,Farrell Dobbs,Socialist Workers,2,0.07,2762,Republican
1960,North Dakota,ND,Kidder,County,Richard Nixon,Republican,1574,64.43,2443,Republican
1960,North Dakota,ND,Kidder,County,John F. Kennedy,Democratic-NPL,868,35.53,2443,Republican
1960,North Dakota,ND,Kidder,County,Farrell Dobbs,Socialist Workers,1,0.04,2443,Republican
1960,North Dakota,ND,LaMoure,County,Richard Nixon,Republican,2511,61.39,4090,Republican
1960,North Dakota,ND,LaMoure,County,John F. Kennedy,Democratic-NPL,1575,38.51,4090,Republican
1960,North Dakota,ND,LaMoure,County,Farrell Dobbs,Socialist Workers,4,0.1,4090,Republican
1960,North Dakota,ND,Logan,County,Richard Nixon,Republican,1601,64.07,2499,Republican
1960,North Dakota,ND,Logan,County,John F. Kennedy,Democratic-NPL,898,35.93,2499,Republican
1960,North Dakota,ND,Logan,County,Farrell Dobbs,Socialist Workers,0,0.0,2499,Republican
1960,North Dakota,ND,McHenry,County,Richard Nixon,Republican,2715,54.87,4948,Republican
1960,North Dakota,ND,McHenry,County,John F. Kennedy,Democratic-NPL,2231,45.09,4948,Republican
1960,North Dakota,ND,McHenry,County,Farrell Dobbs,Socialist Workers,2,0.04,4948,Republican
1960,North Dakota,ND,McIntosh,County,Richard Nixon,Republican,2694,81.1,3322,Republican
1960,North Dakota,ND,McIntosh,County,John F. Kennedy,Democratic-NPL,628,18.9,3322,Republican
1960,North Dakota,ND,McIntosh,County,Farrell Dobbs,Socialist Workers,0,0.0,3322,Republican
1960,North Dakota,ND,McKenzie,County,Richard Nixon,Republican,1715,53.08,3231,Republican
1960,North Dakota,ND,McKenzie,County,John F. Kennedy,Democratic-NPL,1514,46.86,3231,Republican
1960,North Dakota,ND,McKenzie,County,Farrell Dobbs,Socialist Workers,2,0.06,3231,Republican
1960,North Dakota,ND,McLean,County,Richard Nixon,Republican,3398,55.05,6173,Republican
1960,North Dakota,ND,McLean,County,John F. Kennedy,Democratic-NPL,2771,44.89,6173,Republican
1960,North Dakota,ND,McLean,County,Farrell Dobbs,Socialist Workers,4,0.06,6173,Republican
1960,North Dakota,ND,Mercer,County,Richard Nixon,Republican,2395,73.94,3239,Republican
1960,North Dakota,ND,Mercer,County,John F. Kennedy,Democratic-NPL,844,26.06,3239,Republican
1960,North Dakota,ND,Mercer,County,Farrell Dobbs,Socialist Workers,0,0.0,3239,Republican
1960,North Dakota,ND,Morton,County,Richard Nixon,Republican,4028,45.28,8895,Democratic-NPL
1960,North Dakota,ND,Morton,County,John F. Kennedy,Democratic-NPL,4866,54.7,8895,Democratic-NPL
1960,North Dakota,ND,Morton,County,Farrell Dobbs,Socialist Workers,1,0.01,8895,Democratic-NPL
1960,North Dakota,ND,Mountrail,County,Richard Nixon,Republican,1894,45.5,4163,Democratic-NPL
1960,North Dakota,ND,Mountrail,County,John F. Kennedy,Democratic-NPL,2264,54.38,4163,Democratic-NPL
1960,North Dakota,ND,Mountrail,County,Farrell Dobbs,Socialist Workers,5,0.12,4163,Democratic-NPL
1960,North Dakota,ND,Nelson,County,Richard Nixon,Republican,1934,52.0,3719,Republican
1960,North Dakota,ND,Nelson,County,John F. Kennedy,Democratic-NPL,1783,47.94,3719,Republican
1960,North Dakota,ND,Nelson,County,Farrell Dobbs,Socialist Workers,2,0.05,3719,Republican
1960,North Dakota,ND,Oliver,County,Richard Nixon,Republican,703,58.68,1198,Republican
1960,North Dakota,ND,Oliver,County,John F. Kennedy,Democratic-NPL,494,41.24,1198,Republican
1960,North Dakota,ND,Oliver,County,Farrell Dobbs,Socialist Workers,1,0.08,1198,Republican
1960,North Dakota,ND,Pembina,County,Richard Nixon,Republican,3348,57.62,5810,Republican
1960,North Dakota,ND,Pembina,County,John F. Kennedy,Democratic-NPL,2460,42.34,5810,Republican
1960,North Dakota,ND,Pembina,County,Farrell Dobbs,Socialist Workers,2,0.03,5810,Republican
1960,North Dakota,ND,Pierce,County,Richard Nixon,Republican,1464,44.19,3313,Democratic-NPL
1960,North Dakota,ND,Pierce,County,John F. Kennedy,Democratic-NPL,1848,55.78,3313,Democratic-NPL
1960,North Dakota,ND,Pierce,County,Farrell Dobbs,Socialist Workers,1,0.03,3313,Democratic-NPL
1960,North Dakota,ND,Ramsey,County,Richard Nixon,Republican,3599,56.12,6413,Republican
1960,North Dakota,ND,Ramsey,County,John F. Kennedy,Democratic-NPL,2813,43.86,6413,Republican
1960,North Dakota,ND,Ramsey,County,Farrell Dobbs,Socialist Workers,1,0.02,6413,Republican
1960,North Dakota,ND,Ransom,County,Richard Nixon,Republican,2324,56.26,4131,Republican
1960,North Dakota,ND,Ransom,County,John F. Kennedy,Democratic-NPL,1806,43.72,4131,Republican
1960,North Dakota,ND,Ransom,County,Farrell Dobbs,Socialist Workers,1,0.02,4131,Republican
1960,North Dakota,ND,Renville,County,Richard Nixon,Republican,1012,45.38,2230,Democratic-NPL
1960,North Dakota,ND,Renville,County,John F. Kennedy,Democratic-NPL,1217,54.57,2230,Democratic-NPL
1960,North Dakota,ND,Renville,County,Farrell Dobbs,Socialist Workers,1,0.04,2230,Democratic-NPL
1960,North Dakota,ND,Richland,County,Richard Nixon,Republican,4711,54.04,8718,Republican
1960,North Dakota,ND,Richland,County,John F. Kennedy,Democratic-NPL,4003,45.92,8718,Republican
1960,North Dakota,ND,Richland,County,Farrell Dobbs,Socialist Workers,4,0.05,8718,Republican
1960,North Dakota,ND,Rolette,County,Richard Nixon,Republican,1277,35.33,3615,Democratic-NPL
1960,North Dakota,ND,Rolette,County,John F. Kennedy,Democratic-NPL,2335,64.59,3615,Democratic-NPL
1960,North Dakota,ND,Rolette,County,Farrell Dobbs,Socialist Workers,3,0.08,3615,Democratic-NPL
1960,North Dakota,ND,Sargent,County,Richard Nixon,Republican,1591,48.98,3248,Democratic-NPL
1960,North Dakota,ND,Sargent,County,John F. Kennedy,Democratic-NPL,1655,50.95,3248,Democratic-NPL
1960,North Dakota,ND,Sargent,County,Farrell Dobbs,Socialist Workers,2,0.06,3248,Democratic-NPL
1960,North Dakota,ND,Sheridan,County,Richard Nixon,Republican,1552,73.98,2098,Republican
1960,North Dakota,ND,Sheridan,County,John F. Kennedy,Democratic-NPL,539,25.69,2098,Republican
1960,North Dakota,ND,Sheridan,County,Farrell Dobbs,Socialist Workers,7,0.33,2098,Republican
1960,North Dakota,ND,Sioux,County,Richard Nixon,Republican,571,45.35,1259,Democratic-NPL
1960,North Dakota,ND,Sioux,County,John F. Kennedy,Democratic-NPL,688,54.65,1259,Democratic-NPL
1960,North Dakota,ND,Sioux,County,Farrell Dobbs,Socialist Workers,0,0.0,1259,Democratic-NPL
1960,North Dakota,ND,Slope,County,Richard Nixon,Republican,475,52.43,906,Republican
1960,North Dakota,ND,Slope,County,John F. Kennedy,Democratic-NPL,431,47.57,906,Republican
1960,North Dakota,ND,Slope,County,Farrell Dobbs,Socialist Workers,0,0.0,906,Republican
1960,North Dakota,ND,Stark,County,Richard Nixon,Republican,3223,43.43,7421,Democratic-NPL
1960,North Dakota,ND,Stark,County,John F. Kennedy,Democratic-NPL,4197,56.56,7421,Democratic-NPL
1960,North Dakota,ND,Stark,County,Farrell Dobbs,Socialist Workers,1,0.01,7421,Democratic-NPL
1960,North Dakota,ND,Steele,County,Richard Nixon,Republican,1209,50.76,2382,Republican
1960,North Dakota,ND,Steele,County,John F. Kennedy,Democratic-NPL,1173,49.24,2382,Republican
1960,North Dakota,ND,Steele,County,Farrell Dobbs,Socialist Workers,0,0.0,2382,Republican
1960,North Dakota,ND,Stutsman,County,Richard Nixon,Republican,5905,56.78,10399,Republican
1960,North Dakota,ND,Stutsman,County,John F. Kennedy,Democratic-NPL,4481,43.09,10399,Republican
1960,North Dakota,ND,Stutsman,County,Farrell Dobbs,Socialist Workers,13,0.13,10399,Republican
1960,North Dakota,ND,Towner,County,Richard Nixon,Republican,1410,52.16,2703,Republican
1960,North Dakota,ND,Towner,County,John F. Kennedy,Democratic-NPL,1292,47.8,2703,Republican
1960,North Dakota,ND,Towner,County,Farrell Dobbs,Socialist Workers,1,0.04,2703,Republican
1960,North Dakota,ND,Traill,County,Richard Nixon,Republican,3218,60.68,5303,Republican
1960,North Dakota,ND,Traill,County,John F. Kennedy,Democratic-NPL,2084,39.3,5303,Republican
1960,North Dakota,ND,Traill,County,Farrell Dobbs,Socialist Workers,1,0.02,5303,Republican
1960,North Dakota,ND,Walsh,County,Richard Nixon,Republican,4036,50.16,8047,Republican
1960,North Dakota,ND,Walsh,County,John F. Kennedy,Democratic-NPL,4009,49.82,8047,Republican
1960,North Dakota,ND,Walsh,County,Farrell Dobbs,Socialist Workers,2,0.02,8047,Republican
1960,North Dakota,ND,Ward,County,Richard Nixon,Republican,9680,54.83,17653,Republican
1960,North Dakota,ND,Ward,County,John F. Kennedy,Democratic-NPL,7954,45.06,17653,Republican
1960,North Dakota,ND,Ward,County,Farrell Dobbs,Socialist Workers,19,0.11,17653,Republican
1960,North Dakota,ND,Wells,County,Richard Nixon,Republican,2641,58.24,4535,Republican
1960,North Dakota,ND,Wells,County,John F. Kennedy,Democratic-NPL,1885,41.57,4535,Republican
1960,North Dakota,ND,Wells,County,Farrell Dobbs,Socialist Workers,9,0.2,4535,Republican
1960,North Dakota,ND,Williams,County,Richard Nixon,Republican,4492,48.95,9177,Democratic-NPL
1960,North Dakota,ND,Williams,County,John F. Kennedy,Democratic-NPL,4683,51.03,9177,Democratic-NPL
1960,North Dakota,ND,Williams,County,Farrell Dobbs,Socialist Workers,2,0.02,9177,Democratic-NPL
1960,Ohio,OH,Adams,County,Richard Nixon,Republican,5996,60.59,9896,Republican
1960,Ohio,OH,Adams,County,John F. Kennedy,Democratic,3900,39.41,9896,Republican
1960,Ohio,OH,Allen,County,Richard Nixon,Republican,28007,65.54,42732,Republican
1960,Ohio,OH,Allen,County,John F. Kennedy,Democratic,14725,34.46,42732,Republican
1960,Ohio,OH,Ashland,County,Richard Nixon,Republican,13112,69.7,18812,Republican
1960,Ohio,OH,Ashland,County,John F. Kennedy,Democratic,5700,30.3,18812,Republican
1960,Ohio,OH,Ashtabula,County,Richard Nixon,Republican,22406,53.91,41561,Republican
1960,Ohio,OH,Ashtabula,County,John F. Kennedy,Democratic,19155,46.09,41561,Republican
1960,Ohio,OH,Athens,County,Richard Nixon,Republican,10747,58.76,18289,Republican
1960,Ohio,OH,Athens,County,John F. Kennedy,Democratic,7542,41.24,18289,Republican
1960,Ohio,OH,Auglaize,County,Richard Nixon,Republican,11183,64.03,17465,Republican
1960,Ohio,OH,Auglaize,County,John F. Kennedy,Democratic,6282,35.97,17465,Republican
1960,Ohio,OH,Belmont,County,Richard Nixon,Republican,18146,43.26,41951,Democratic
1960,Ohio,OH,Belmont,County,John F. Kennedy,Democratic,23805,56.74,41951,Democratic
1960,Ohio,OH,Brown,County,Richard Nixon,Republican,6461,55.73,11594,Republican
1960,Ohio,OH,Brown,County,John F. Kennedy,Democratic,5133,44.27,11594,Republican
1960,Ohio,OH,Butler,County,Richard Nixon,Republican,46518,58.66,79296,Republican
1960,Ohio,OH,Butler,County,John F. Kennedy,Democratic,32778,41.34,79296,Republican
1960,Ohio,OH,Carroll,County,Richard Nixon,Republican,6095,63.6,9583,Republican
1960,Ohio,OH,Carroll,County,John F. Kennedy,Democratic,3488,36.4,9583,Republican
1960,Ohio,OH,Champaign,County,Richard Nixon,Republican,9141,66.72,13701,Republican
1960,Ohio,OH,Champaign,County,John F. Kennedy,Democratic,4560,33.28,13701,Republican
1960,Ohio,OH,Clark,County,Richard Nixon,Republican,30588,57.67,53044,Republican
1960,Ohio,OH,Clark,County,John F. Kennedy,Democratic,22456,42.33,53044,Republican
1960,Ohio,OH,Clermont,County,Richard Nixon,Republican,18802,61.6,30525,Republican
1960,Ohio,OH,Clermont,County,John F. Kennedy,Democratic,11723,38.4,30525,Republican
1960,Ohio,OH,Clinton,County,Richard Nixon,Republican,8464,65.3,12962,Republican
1960,Ohio,OH,Clinton,County,John F. Kennedy,Democratic,4498,34.7,12962,Republican
1960,Ohio,OH,Columbiana,County,Richard Nixon,Republican,28414,58.64,48451,Republican
1960,Ohio,OH,Columbiana,County,John F. Kennedy,Democratic,20037,41.36,48451,Republican
1960,Ohio,OH,Coshocton,County,Richard Nixon,Republican,9913,64.75,15309,Republican
1960,Ohio,OH,Coshocton,County,John F. Kennedy,Democratic,5396,35.25,15309,Republican
1960,Ohio,OH,Crawford,County,Richard Nixon,Republican,14558,67.59,21539,Republican
1960,Ohio,OH,Crawford,County,John F. Kennedy,Democratic,6981,32.41,21539,Republican
1960,Ohio,OH,Cuyahoga,County,Richard Nixon,Republican,288056,40.17,717086,Democratic
1960,Ohio,OH,Cuyahoga,County,John F. Kennedy,Democratic,429030,59.83,717086,Democratic
1960,Ohio,OH,Darke,County,Richard Nixon,Republican,14048,64.55,21763,Republican
1960,Ohio,OH,Darke,County,John F. Kennedy,Democratic,7715,35.45,21763,Republican
1960,Ohio,OH,Defiance,County,Richard Nixon,Republican,8912,63.12,14119,Republican
1960,Ohio,OH,Defiance,County,John F. Kennedy,Democratic,5207,36.88,14119,Republican
1960,Ohio,OH,Delaware,County,Richard Nixon,Republican,11391,68.11,16725,Republican
1960,Ohio,OH,Delaware,County,John F. Kennedy,Democratic,5334,31.89,16725,Republican
1960,Ohio,OH,Erie,County,Richard Nixon,Republican,15092,57.94,26046,Republican
1960,Ohio,OH,Erie,County,John F. Kennedy,Democratic,10954,42.06,26046,Republican
1960,Ohio,OH,Fairfield,County,Richard Nixon,Republican,17743,66.03,26871,Republican
1960,Ohio,OH,Fairfield,County,John F. Kennedy,Democratic,9128,33.97,26871,Republican
1960,Ohio,OH,Fayette,County,Richard Nixon,Republican,7085,64.11,11051,Republican
1960,Ohio,OH,Fayette,County,John F. Kennedy,Democratic,3966,35.89,11051,Republican
1960,Ohio,OH,Franklin,County,Richard Nixon,Republican,161178,59.37,271461,Republican
1960,Ohio,OH,Franklin,County,John F. Kennedy,Democratic,110283,40.63,271461,Republican
1960,Ohio,OH,Fulton,County,Richard Nixon,Republican,9695,74.76,12969,Republican
1960,Ohio,OH,Fulton,County,John F. Kennedy,Democratic,3274,25.24,12969,Republican
1960,Ohio,OH,Gallia,County,Richard Nixon,Republican,7602,68.49,11100,Republican
1960,Ohio,OH,Gallia,County,John F. Kennedy,Democratic,3498,31.51,11100,Republican
1960,Ohio,OH,Geauga,County,Richard Nixon,Republican,12491,59.44,21013,Republican
1960,Ohio,OH,Geauga,County,John F. Kennedy,Democratic,8522,40.56,21013,Republican
1960,Ohio,OH,Greene,County,Richard Nixon,Republican,19642,58.12,33797,Republican
1960,Ohio,OH,Greene,County,John F. Kennedy,Democratic,14155,41.88,33797,Republican
1960,Ohio,OH,Guernsey,County,Richard Nixon,Republican,10396,61.41,16928,Republican
1960,Ohio,OH,Guernsey,County,John F. Kennedy,Democratic,6532,38.59,16928,Republican
1960,Ohio,OH,Hamilton,County,Richard Nixon,Republican,211068,54.5,387283,Republican
1960,Ohio,OH,Hamilton,County,John F. Kennedy,Democratic,176215,45.5,387283,Republican
1960,Ohio,OH,Hancock,County,Richard Nixon,Republican,17059,71.76,23771,Republican
1960,Ohio,OH,Hancock,County,John F. Kennedy,Democratic,6712,28.24,23771,Republican
1960,Ohio,OH,Hardin,County,Richard Nixon,Republican,9042,64.41,14038,Republican
1960,Ohio,OH,Hardin,County,John F. Kennedy,Democratic,4996,35.59,14038,Republican
1960,Ohio,OH,Harrison,County,Richard Nixon,Republican,5191,58.77,8832,Republican
1960,Ohio,OH,Harrison,County,John F. Kennedy,Democratic,3641,41.23,8832,Republican
1960,Ohio,OH,Henry,County,Richard Nixon,Republican,8251,70.73,11666,Republican
1960,Ohio,OH,Henry,County,John F. Kennedy,Democratic,3415,29.27,11666,Republican
1960,Ohio,OH,Highland,County,Richard Nixon,Republican,8948,62.26,14371,Republican
1960,Ohio,OH,Highland,County,John F. Kennedy,Democratic,5423,37.74,14371,Republican
1960,Ohio,OH,Hocking,County,Richard Nixon,Republican,5262,56.47,9319,Republican
1960,Ohio,OH,Hocking,County,John F. Kennedy,Democratic,4057,43.53,9319,Republican
1960,Ohio,OH,Holmes,County,Richard Nixon,Republican,4432,69.41,6385,Republican
1960,Ohio,OH,Holmes,County,John F. Kennedy,Democratic,1953,30.59,6385,Republican
1960,Ohio,OH,Huron,County,Richard Nixon,Republican,12261,61.94,19795,Republican
1960,Ohio,OH,Huron,County,John F. Kennedy,Democratic,7534,38.06,19795,Republican
1960,Ohio,OH,Jackson,County,Richard Nixon,Republican,7973,58.96,13522,Republican
1960,Ohio,OH,Jackson,County,John F. Kennedy,Democratic,5549,41.04,13522,Republican
1960,Ohio,OH,Jefferson,County,Richard Nixon,Republican,21186,44.01,48141,Democratic
1960,Ohio,OH,Jefferson,County,John F. Kennedy,Democratic,26955,55.99,48141,Democratic
1960,Ohio,OH,Knox,County,Richard Nixon,Republican,12711,65.94,19276,Republican
1960,Ohio,OH,Knox,County,John F. Kennedy,Democratic,6565,34.06,19276,Republican
1960,Ohio,OH,Lake,County,Richard Nixon,Republican,32038,48.94,65463,Democratic
1960,Ohio,OH,Lake,County,John F. Kennedy,Democratic,33425,51.06,65463,Democratic
1960,Ohio,OH,Lawrence,County,Richard Nixon,Republican,13159,60.32,21815,Republican
1960,Ohio,OH,Lawrence,County,John F. Kennedy,Democratic,8656,39.68,21815,Republican
1960,Ohio,OH,Licking,County,Richard Nixon,Republican,23653,63.95,36988,Republican
1960,Ohio,OH,Licking,County,John F. Kennedy,Democratic,13335,36.05,36988,Republican
1960,Ohio,OH,Logan,County,Richard Nixon,Republican,11311,68.18,16590,Republican
1960,Ohio,OH,Logan,County,John F. Kennedy,Democratic,5279,31.82,16590,Republican
1960,Ohio,OH,Lorain,County,Richard Nixon,Republican,39361,47.51,82848,Democratic
1960,Ohio,OH,Lorain,County,John F. Kennedy,Democratic,43487,52.49,82848,Democratic
1960,Ohio,OH,Lucas,County,Richard Nixon,Republican,94679,47.94,197504,Democratic
1960,Ohio,OH,Lucas,County,John F. Kennedy,Democratic,102825,52.06,197504,Democratic
1960,Ohio,OH,Madison,County,Richard Nixon,Republican,7256,66.37,10933,Republican
1960,Ohio,OH,Madison,County,John F. Kennedy,Democratic,3677,33.63,10933,Republican
1960,Ohio,OH,Mahoning,County,Richard Nixon,Republican,51927,38.73,134070,Democratic
1960,Ohio,OH,Mahoning,County,John F. Kennedy,Democratic,82143,61.27,134070,Democratic
1960,Ohio,OH,Marion,County,Richard Nixon,Republican,15210,61.31,24808,Republican
1960,Ohio,OH,Marion,County,John F. Kennedy,Democratic,9598,38.69,24808,Republican
1960,Ohio,OH,Medina,County,Richard Nixon,Republican,16123,62.21,25919,Republican
1960,Ohio,OH,Medina,County,John F. Kennedy,Democratic,9796,37.79,25919,Republican
1960,Ohio,OH,Meigs,County,Richard Nixon,Republican,6976,66.77,10448,Republican
1960,Ohio,OH,Meigs,County,John F. Kennedy,Democratic,3472,33.23,10448,Republican
1960,Ohio,OH,Mercer,County,Richard Nixon,Republican,7735,50.02,15465,Republican
1960,Ohio,OH,Mercer,County,John F. Kennedy,Democratic,7730,49.98,15465,Republican
1960,Ohio,OH,Miami,County,Richard Nixon,Republican,22151,65.3,33921,Republican
1960,Ohio,OH,Miami,County,John F. Kennedy,Democratic,11770,34.7,33921,Republican
1960,Ohio,OH,Monroe,County,Richard Nixon,Republican,4106,56.63,7250,Republican
1960,Ohio,OH,Monroe,County,John F. Kennedy,Democratic,3144,43.37,7250,Republican
1960,Ohio,OH,Montgomery,County,Richard Nixon,Republican,109602,52.71,207927,Republican
1960,Ohio,OH,Montgomery,County,John F. Kennedy,Democratic,98325,47.29,207927,Republican
1960,Ohio,OH,Morgan,County,Richard Nixon,Republican,4424,70.82,6247,Republican
1960,Ohio,OH,Morgan,County,John F. Kennedy,Democratic,1823,29.18,6247,Republican
1960,Ohio,OH,Morrow,County,Richard Nixon,Republican,6357,69.91,9093,Republican
1960,Ohio,OH,Morrow,County,John F. Kennedy,Democratic,2736,30.09,9093,Republican
1960,Ohio,OH,Muskingum,County,Richard Nixon,Republican,21518,61.88,34772,Republican
1960,Ohio,OH,Muskingum,County,John F. Kennedy,Democratic,13254,38.12,34772,Republican
1960,Ohio,OH,Noble,County,Richard Nixon,Republican,3951,65.99,5987,Republican
1960,Ohio,OH,Noble,County,John F. Kennedy,Democratic,2036,34.01,5987,Republican
1960,Ohio,OH,Ottawa,County,Richard Nixon,Republican,9260,58.34,15872,Republican
1960,Ohio,OH,Ottawa,County,John F. Kennedy,Democratic,6612,41.66,15872,Republican
1960,Ohio,OH,Paulding,County,Richard Nixon,Republican,4961,63.72,7786,Republican
1960,Ohio,OH,Paulding,County,John F. Kennedy,Democratic,2825,36.28,7786,Republican
1960,Ohio,OH,Perry,County,Richard Nixon,Republican,7658,59.6,12849,Republican
1960,Ohio,OH,Perry,County,John F. Kennedy,Democratic,5191,40.4,12849,Republican
1960,Ohio,OH,Pickaway,County,Richard Nixon,Republican,7821,61.63,12691,Republican
1960,Ohio,OH,Pickaway,County,John F. Kennedy,Democratic,4870,38.37,12691,Republican
1960,Ohio,OH,Pike,County,Richard Nixon,Republican,3684,45.92,8023,Democratic
1960,Ohio,OH,Pike,County,John F. Kennedy,Democratic,4339,54.08,8023,Democratic
1960,Ohio,OH,Portage,County,Richard Nixon,Republican,19634,51.45,38162,Republican
1960,Ohio,OH,Portage,County,John F. Kennedy,Democratic,18528,48.55,38162,Republican
1960,Ohio,OH,Preble,County,Richard Nixon,Republican,8802,61.69,14269,Republican
1960,Ohio,OH,Preble,County,John F. Kennedy,Democratic,5467,38.31,14269,Republican
1960,Ohio,OH,Putnam,County,Richard Nixon,Republican,6834,53.09,12873,Republican
1960,Ohio,OH,Putnam,County,John F. Kennedy,Democratic,6039,46.91,12873,Republican
1960,Ohio,OH,Richland,County,Richard Nixon,Republican,27317,58.17,46962,Republican
1960,Ohio,OH,Richland,County,John F. Kennedy,Democratic,19645,41.83,46962,Republican
1960,Ohio,OH,Ross,County,Richard Nixon,Republican,14075,60.9,23111,Republican
1960,Ohio,OH,Ross,County,John F. Kennedy,Democratic,9036,39.1,23111,Republican
1960,Ohio,OH,Sandusky,County,Richard Nixon,Republican,14566,64.06,22737,Republican
1960,Ohio,OH,Sandusky,County,John F. Kennedy,Democratic,8171,35.94,22737,Republican
1960,Ohio,OH,Scioto,County,Richard Nixon,Republican,21771,56.67,38418,Republican
1960,Ohio,OH,Scioto,County,John F. Kennedy,Democratic,16647,43.33,38418,Republican
1960,Ohio,OH,Seneca,County,Richard Nixon,Republican,15772,61.2,25773,Republican
1960,Ohio,OH,Seneca,County,John F. Kennedy,Democratic,10001,38.8,25773,Republican
1960,Ohio,OH,Shelby,County,Richard Nixon,Republican,8766,56.08,15632,Republican
1960,Ohio,OH,Shelby,County,John F. Kennedy,Democratic,6866,43.92,15632,Republican
1960,Ohio,OH,Stark,County,Richard Nixon,Republican,82881,55.22,150086,Republican
1960,Ohio,OH,Stark,County,John F. Kennedy,Democratic,67205,44.78,150086,Republican
1960,Ohio,OH,Summit,County,Richard Nixon,Republican,109066,49.59,219918,Democratic
1960,Ohio,OH,Summit,County,John F. Kennedy,Democratic,110852,50.41,219918,Democratic
1960,Ohio,OH,Trumbull,County,Richard Nixon,Republican,40724,46.46,87652,Democratic
1960,Ohio,OH,Trumbull,County,John F. Kennedy,Democratic,46928,53.54,87652,Democratic
1960,Ohio,OH,Tuscarawas,County,Richard Nixon,Republican,20637,56.2,36720,Republican
1960,Ohio,OH,Tuscarawas,County,John F. Kennedy,Democratic,16083,43.8,36720,Republican
1960,Ohio,OH,Union,County,Richard Nixon,Republican,7838,71.55,10954,Republican
1960,Ohio,OH,Union,County,John F. Kennedy,Democratic,3116,28.45,10954,Republican
1960,Ohio,OH,Van Wert,County,Richard Nixon,Republican,9666,65.68,14716,Republican
1960,Ohio,OH,Van Wert,County,John F. Kennedy,Democratic,5050,34.32,14716,Republican
1960,Ohio,OH,Vinton,County,Richard Nixon,Republican,3043,59.97,5074,Republican
1960,Ohio,OH,Vinton,County,John F. Kennedy,Democratic,2031,40.03,5074,Republican
1960,Ohio,OH,Warren,County,Richard Nixon,Republican,14505,64.61,22450,Republican
1960,Ohio,OH,Warren,County,John F. Kennedy,Democratic,7945,35.39,22450,Republican
1960,Ohio,OH,Washington,County,Richard Nixon,Republican,14197,64.38,22053,Republican
1960,Ohio,OH,Washington,County,John F. Kennedy,Democratic,7856,35.62,22053,Republican
1960,Ohio,OH,Wayne,County,Richard Nixon,Republican,21273,69.1,30784,Republican
1960,Ohio,OH,Wayne,County,John F. Kennedy,Democratic,9511,30.9,30784,Republican
1960,Ohio,OH,Williams,County,Richard Nixon,Republican,10319,71.84,14363,Republican
1960,Ohio,OH,Williams,County,John F. Kennedy,Democratic,4044,28.16,14363,Republican
1960,Ohio,OH,Wood,County,Richard Nixon,Republican,18952,64.17,29533,Republican
1960,Ohio,OH,Wood,County,John F. Kennedy,Democratic,10581,35.83,29533,Republican
1960,Ohio,OH,Wyandot,County,Richard Nixon,Republican,6786,65.81,10312,Republican
1960,Ohio,OH,Wyandot,County,John F. Kennedy,Democratic,3526,34.19,10312,Republican
1960,Oklahoma,OK,Adair,County,Richard Nixon,Republican,3655,65.76,5558,Republican
1960,Oklahoma,OK,Adair,County,John F. Kennedy,Democratic,1903,34.24,5558,Republican
1960,Oklahoma,OK,Alfalfa,County,Richard Nixon,Republican,3332,75.74,4399,Republican
1960,Oklahoma,OK,Alfalfa,County,John F. Kennedy,Democratic,1067,24.26,4399,Republican
1960,Oklahoma,OK,Atoka,County,Richard Nixon,Republican,1892,51.82,3651,Republican
1960,Oklahoma,OK,Atoka,County,John F. Kennedy,Democratic,1759,48.18,3651,Republican
1960,Oklahoma,OK,Beaver,County,Richard Nixon,Republican,2442,73.36,3329,Republican
1960,Oklahoma,OK,Beaver,County,John F. Kennedy,Democratic,887,26.64,3329,Republican
1960,Oklahoma,OK,Beckham,County,Richard Nixon,Republican,4258,61.01,6979,Republican
1960,Oklahoma,OK,Beckham,County,John F. Kennedy,Democratic,2721,38.99,6979,Republican
1960,Oklahoma,OK,Blaine,County,Richard Nixon,Republican,3646,67.88,5371,Republican
1960,Oklahoma,OK,Blaine,County,John F. Kennedy,Democratic,1725,32.12,5371,Republican
1960,Oklahoma,OK,Bryan,County,Richard Nixon,Republican,3845,46.48,8273,Democratic
1960,Oklahoma,OK,Bryan,County,John F. Kennedy,Democratic,4428,53.52,8273,Democratic
1960,Oklahoma,OK,Caddo,County,Richard Nixon,Republican,5920,53.65,11035,Republican
1960,Oklahoma,OK,Caddo,County,John F. Kennedy,Democratic,5115,46.35,11035,Republican
1960,Oklahoma,OK,Canadian,County,Richard Nixon,Republican,5697,57.37,9931,Republican
1960,Oklahoma,OK,Canadian,County,John F. Kennedy,Democratic,4234,42.63,9931,Republican
1960,Oklahoma,OK,Carter,County,Richard Nixon,Republican,6288,42.69,14729,Democratic
1960,Oklahoma,OK,Carter,County,John F. Kennedy,Democratic,8441,57.31,14729,Democratic
1960,Oklahoma,OK,Cherokee,County,Richard Nixon,Republican,3571,57.06,6258,Republican
1960,Oklahoma,OK,Cherokee,County,John F. Kennedy,Democratic,2687,42.94,6258,Republican
1960,Oklahoma,OK,Choctaw,County,Richard Nixon,Republican,2531,46.25,5472,Democratic
1960,Oklahoma,OK,Choctaw,County,John F. Kennedy,Democratic,2941,53.75,5472,Democratic
1960,Oklahoma,OK,Cimarron,County,Richard Nixon,Republican,1316,65.41,2012,Republican
1960,Oklahoma,OK,Cimarron,County,John F. Kennedy,Democratic,696,34.59,2012,Republican
1960,Oklahoma,OK,Cleveland,County,Richard Nixon,Republican,9292,59.23,15689,Republican
1960,Oklahoma,OK,Cleveland,County,John F. Kennedy,Democratic,6397,40.77,15689,Republican
1960,Oklahoma,OK,Coal,County,Richard Nixon,Republican,1019,44.54,2288,Democratic
1960,Oklahoma,OK,Coal,County,John F. Kennedy,Democratic,1269,55.46,2288,Democratic
1960,Oklahoma,OK,Comanche,County,Richard Nixon,Republican,10691,52.79,20253,Republican
1960,Oklahoma,OK,Comanche,County,John F. Kennedy,Democratic,9562,47.21,20253,Republican
1960,Oklahoma,OK,Cotton,County,Richard Nixon,Republican,1619,49.77,3253,Democratic
1960,Oklahoma,OK,Cotton,County,John F. Kennedy,Democratic,1634,50.23,3253,Democratic
1960,Oklahoma,OK,Craig,County,Richard Nixon,Republican,3770,57.45,6562,Republican
1960,Oklahoma,OK,Craig,County,John F. Kennedy,Democratic,2792,42.55,6562,Republican
1960,Oklahoma,OK,Creek,County,Richard Nixon,Republican,8785,58.61,14990,Republican
1960,Oklahoma,OK,Creek,County,John F. Kennedy,Democratic,6205,41.39,14990,Republican
1960,Oklahoma,OK,Custer,County,Richard Nixon,Republican,5050,64.8,7793,Republican
1960,Oklahoma,OK,Custer,County,John F. Kennedy,Democratic,2743,35.2,7793,Republican
1960,Oklahoma,OK,Delaware,County,Richard Nixon,Republican,3639,61.46,5921,Republican
1960,Oklahoma,OK,Delaware,County,John F. Kennedy,Democratic,2282,38.54,5921,Republican
1960,Oklahoma,OK,Dewey,County,Richard Nixon,Republican,2115,66.16,3197,Republican
1960,Oklahoma,OK,Dewey,County,John F. Kennedy,Democratic,1082,33.84,3197,Republican
1960,Oklahoma,OK,Ellis,County,Richard Nixon,Republican,2085,74.62,2794,Republican
1960,Oklahoma,OK,Ellis,County,John F. Kennedy,Democratic,709,25.38,2794,Republican
1960,Oklahoma,OK,Garfield,County,Richard Nixon,Republican,14860,69.3,21442,Republican
1960,Oklahoma,OK,Garfield,County,John F. Kennedy,Democratic,6582,30.7,21442,Republican
1960,Oklahoma,OK,Garvin,County,Richard Nixon,Republican,5125,51.66,9920,Republican
1960,Oklahoma,OK,Garvin,County,John F. Kennedy,Democratic,4795,48.34,9920,Republican
1960,Oklahoma,OK,Grady,County,Richard Nixon,Republican,5913,52.06,11359,Republican
1960,Oklahoma,OK,Grady,County,John F. Kennedy,Democratic,5446,47.94,11359,Republican
1960,Oklahoma,OK,Grant,County,Richard Nixon,Republican,2810,61.99,4533,Republican
1960,Oklahoma,OK,Grant,County,John F. Kennedy,Democratic,1723,38.01,4533,Republican
1960,Oklahoma,OK,Greer,County,Richard Nixon,Republican,2158,55.96,3856,Republican
1960,Oklahoma,OK,Greer,County,John F. Kennedy,Democratic,1698,44.04,3856,Republican
1960,Oklahoma,OK,Harmon,County,Richard Nixon,Republican,1142,47.44,2407,Democratic
1960,Oklahoma,OK,Harmon,County,John F. Kennedy,Democratic,1265,52.56,2407,Democratic
1960,Oklahoma,OK,Harper,County,Richard Nixon,Republican,2057,73.44,2801,Republican
1960,Oklahoma,OK,Harper,County,John F. Kennedy,Democratic,744,26.56,2801,Republican
1960,Oklahoma,OK,Haskell,County,Richard Nixon,Republican,1858,52.04,3570,Republican
1960,Oklahoma,OK,Haskell,County,John F. Kennedy,Democratic,1712,47.96,3570,Republican
1960,Oklahoma,OK,Hughes,County,Richard Nixon,Republican,3117,50.49,6174,Republican
1960,Oklahoma,OK,Hughes,County,John F. Kennedy,Democratic,3057,49.51,6174,Republican
1960,Oklahoma,OK,Jackson,County,Richard Nixon,Republican,3375,47.3,7136,Democratic
1960,Oklahoma,OK,Jackson,County,John F. Kennedy,Democratic,3761,52.7,7136,Democratic
1960,Oklahoma,OK,Jefferson,County,Richard Nixon,Republican,1343,40.85,3288,Democratic
1960,Oklahoma,OK,Jefferson,County,John F. Kennedy,Democratic,1945,59.15,3288,Democratic
1960,Oklahoma,OK,Johnston,County,Richard Nixon,Republican,1441,44.16,3263,Democratic
1960,Oklahoma,OK,Johnston,County,John F. Kennedy,Democratic,1822,55.84,3263,Democratic
1960,Oklahoma,OK,Kay,County,Richard Nixon,Republican,15156,64.76,23405,Republican
1960,Oklahoma,OK,Kay,County,John F. Kennedy,Democratic,8249,35.24,23405,Republican
1960,Oklahoma,OK,Kingfisher,County,Richard Nixon,Republican,3501,65.78,5322,Republican
1960,Oklahoma,OK,Kingfisher,County,John F. Kennedy,Democratic,1821,34.22,5322,Republican
1960,Oklahoma,OK,Kiowa,County,Richard Nixon,Republican,3515,57.13,6153,Republican
1960,Oklahoma,OK,Kiowa,County,John F. Kennedy,Democratic,2638,42.87,6153,Republican
1960,Oklahoma,OK,Latimer,County,Richard Nixon,Republican,1454,48.66,2988,Democratic
1960,Oklahoma,OK,Latimer,County,John F. Kennedy,Democratic,1534,51.34,2988,Democratic
1960,Oklahoma,OK,LeFlore,County,Richard Nixon,Republican,5302,52.26,10146,Republican
1960,Oklahoma,OK,LeFlore,County,John F. Kennedy,Democratic,4844,47.74,10146,Republican
1960,Oklahoma,OK,Lincoln,County,Richard Nixon,Republican,5528,62.94,8783,Republican
1960,Oklahoma,OK,Lincoln,County,John F. Kennedy,Democratic,3255,37.06,8783,Republican
1960,Oklahoma,OK,Logan,County,Richard Nixon,Republican,5121,64.49,7941,Republican
1960,Oklahoma,OK,Logan,County,John F. Kennedy,Democratic,2820,35.51,7941,Republican
1960,Oklahoma,OK,Love,County,Richard Nixon,Republican,932,39.24,2375,Democratic
1960,Oklahoma,OK,Love,County,John F. Kennedy,Democratic,1443,60.76,2375,Democratic
1960,Oklahoma,OK,McClain,County,Richard Nixon,Republican,2547,51.85,4912,Republican
1960,Oklahoma,OK,McClain,County,John F. Kennedy,Democratic,2365,48.15,4912,Republican
1960,Oklahoma,OK,McCurtain,County,Richard Nixon,Republican,3562,45.88,7764,Democratic
1960,Oklahoma,OK,McCurtain,County,John F. Kennedy,Democratic,4202,54.12,7764,Democratic
1960,Oklahoma,OK,McIntosh,County,Richard Nixon,Republican,2221,50.41,4406,Republican
1960,Oklahoma,OK,McIntosh,County,John F. Kennedy,Democratic,2185,49.59,4406,Republican
1960,Oklahoma,OK,Major,County,Richard Nixon,Republican,2892,80.16,3608,Republican
1960,Oklahoma,OK,Major,County,John F. Kennedy,Democratic,716,19.84,3608,Republican
1960,Oklahoma,OK,Marshall,County,Richard Nixon,Republican,1325,42.5,3118,Democratic
1960,Oklahoma,OK,Marshall,County,John F. Kennedy,Democratic,1793,57.5,3118,Democratic
1960,Oklahoma,OK,Mayes,County,Richard Nixon,Republican,5194,58.26,8915,Republican
1960,Oklahoma,OK,Mayes,County,John F. Kennedy,Democratic,3721,41.74,8915,Republican
1960,Oklahoma,OK,Murray,County,Richard Nixon,Republican,1993,48.35,4122,Democratic
1960,Oklahoma,OK,Murray,County,John F. Kennedy,Democratic,2129,51.65,4122,Democratic
1960,Oklahoma,OK,Muskogee,County,Richard Nixon,Republican,12403,52.81,23485,Republican
1960,Oklahoma,OK,Muskogee,County,John F. Kennedy,Democratic,11082,47.19,23485,Republican
1960,Oklahoma,OK,Noble,County,Richard Nixon,Republican,3198,62.61,5108,Republican
1960,Oklahoma,OK,Noble,County,John F. Kennedy,Democratic,1910,37.39,5108,Republican
1960,Oklahoma,OK,Nowata,County,Richard Nixon,Republican,3014,58.65,5139,Republican
1960,Oklahoma,OK,Nowata,County,John F. Kennedy,Democratic,2125,41.35,5139,Republican
1960,Oklahoma,OK,Okfuskee,County,Richard Nixon,Republican,2510,56.05,4478,Republican
1960,Oklahoma,OK,Okfuskee,County,John F. Kennedy,Democratic,1968,43.95,4478,Republican
1960,Oklahoma,OK,Oklahoma,County,Richard Nixon,Republican,102992,61.44,167640,Republican
1960,Oklahoma,OK,Oklahoma,County,John F. Kennedy,Democratic,64648,38.56,167640,Republican
1960,Oklahoma,OK,Okmulgee,County,Richard Nixon,Republican,7107,49.46,14369,Democratic
1960,Oklahoma,OK,Okmulgee,County,John F. Kennedy,Democratic,7262,50.54,14369,Democratic
1960,Oklahoma,OK,Osage,County,Richard Nixon,Republican,7508,56.41,13309,Republican
1960,Oklahoma,OK,Osage,County,John F. Kennedy,Democratic,5801,43.59,13309,Republican
1960,Oklahoma,OK,Ottawa,County,Richard Nixon,Republican,6520,53.33,12225,Republican
1960,Oklahoma,OK,Ottawa,County,John F. Kennedy,Democratic,5705,46.67,12225,Republican
1960,Oklahoma,OK,Pawnee,County,Richard Nixon,Republican,3153,65.8,4792,Republican
1960,Oklahoma,OK,Pawnee,County,John F. Kennedy,Democratic,1639,34.2,4792,Republican
1960,Oklahoma,OK,Payne,County,Richard Nixon,Republican,9943,63.59,15637,Republican
1960,Oklahoma,OK,Payne,County,John F. Kennedy,Democratic,5694,36.41,15637,Republican
1960,Oklahoma,OK,Pittsburg,County,Richard Nixon,Republican,5834,44.39,13144,Democratic
1960,Oklahoma,OK,Pittsburg,County,John F. Kennedy,Democratic,7310,55.61,13144,Democratic
1960,Oklahoma,OK,Pontotoc,County,Richard Nixon,Republican,5863,55.75,10517,Republican
1960,Oklahoma,OK,Pontotoc,County,John F. Kennedy,Democratic,4654,44.25,10517,Republican
1960,Oklahoma,OK,Pottawatomie,County,Richard Nixon,Republican,9421,53.87,17488,Republican
1960,Oklahoma,OK,Pottawatomie,County,John F. Kennedy,Democratic,8067,46.13,17488,Republican
1960,Oklahoma,OK,Pushmataha,County,Richard Nixon,Republican,1728,51.46,3358,Republican
1960,Oklahoma,OK,Pushmataha,County,John F. Kennedy,Democratic,1630,48.54,3358,Republican
1960,Oklahoma,OK,Roger Mills,County,Richard Nixon,Republican,1463,64.39,2272,Republican
1960,Oklahoma,OK,Roger Mills,County,John F. Kennedy,Democratic,809,35.61,2272,Republican
1960,Oklahoma,OK,Rogers,County,Richard Nixon,Republican,5412,63.08,8579,Republican
1960,Oklahoma,OK,Rogers,County,John F. Kennedy,Democratic,3167,36.92,8579,Republican
1960,Oklahoma,OK,Seminole,County,Richard Nixon,Republican,5505,56.4,9761,Republican
1960,Oklahoma,OK,Seminole,County,John F. Kennedy,Democratic,4256,43.6,9761,Republican
1960,Oklahoma,OK,Sequoyah,County,Richard Nixon,Republican,3862,56.76,6804,Republican
1960,Oklahoma,OK,Sequoyah,County,John F. Kennedy,Democratic,2942,43.24,6804,Republican
1960,Oklahoma,OK,Stephens,County,Richard Nixon,Republican,8084,53.95,14983,Republican
1960,Oklahoma,OK,Stephens,County,John F. Kennedy,Democratic,6899,46.05,14983,Republican
1960,Oklahoma,OK,Texas,County,Richard Nixon,Republican,4314,73.58,5863,Republican
1960,Oklahoma,OK,Texas,County,John F. Kennedy,Democratic,1549,26.42,5863,Republican
1960,Oklahoma,OK,Tillman,County,Richard Nixon,Republican,2678,49.46,5414,Democratic
1960,Oklahoma,OK,Tillman,County,John F. Kennedy,Democratic,2736,50.54,5414,Democratic
1960,Oklahoma,OK,Tulsa,County,Richard Nixon,Republican,89899,63.03,142624,Republican
1960,Oklahoma,OK,Tulsa,County,John F. Kennedy,Democratic,52725,36.97,142624,Republican
1960,Oklahoma,OK,Wagoner,County,Richard Nixon,Republican,3570,56.87,6277,Republican
1960,Oklahoma,OK,Wagoner,County,John F. Kennedy,Democratic,2707,43.13,6277,Republican
1960,Oklahoma,OK,Washington,County,Richard Nixon,Republican,13700,71.43,19179,Republican
1960,Oklahoma,OK,Washington,County,John F. Kennedy,Democratic,5479,28.57,19179,Republican
1960,Oklahoma,OK,Washita,County,Richard Nixon,Republican,3209,57.07,5623,Republican
1960,Oklahoma,OK,Washita,County,John F. Kennedy,Democratic,2414,42.93,5623,Republican
1960,Oklahoma,OK,Woods,County,Richard Nixon,Republican,4064,68.12,5966,Republican
1960,Oklahoma,OK,Woods,County,John F. Kennedy,Democratic,1902,31.88,5966,Republican
1960,Oklahoma,OK,Woodward,County,Richard Nixon,Republican,4185,73.78,5672,Republican
1960,Oklahoma,OK,Woodward,County,John F. Kennedy,Democratic,1487,26.22,5672,Republican
1960,Oregon,OR,Baker,County,Richard Nixon,Republican,3514,48.46,7251,Democratic
1960,Oregon,OR,Baker,County,John F. Kennedy,Democratic,3734,51.5,7251,Democratic
1960,Oregon,OR,Baker,County,Other,Write-Ins,3,0.04,7251,Democratic
1960,Oregon,OR,Benton,County,Richard Nixon,Republican,9734,64.36,15125,Republican
1960,Oregon,OR,Benton,County,John F. Kennedy,Democratic,5391,35.64,15125,Republican
1960,Oregon,OR,Clackamas,County,Richard Nixon,Republican,28531,54.53,52319,Republican
1960,Oregon,OR,Clackamas,County,John F. Kennedy,Democratic,23679,45.26,52319,Republican
1960,Oregon,OR,Clackamas,County,Other,Write-Ins,109,0.21,52319,Republican
1960,Oregon,OR,Clatsop,County,Richard Nixon,Republican,6286,48.86,12866,Democratic
1960,Oregon,OR,Clatsop,County,John F. Kennedy,Democratic,6530,50.75,12866,Democratic
1960,Oregon,OR,Clatsop,County,Other,Write-Ins,50,0.39,12866,Democratic
1960,Oregon,OR,Columbia,County,Richard Nixon,Republican,4356,43.96,9908,Democratic
1960,Oregon,OR,Columbia,County,John F. Kennedy,Democratic,5546,55.97,9908,Democratic
1960,Oregon,OR,Columbia,County,Other,Write-Ins,6,0.06,9908,Democratic
1960,Oregon,OR,Coos,County,Richard Nixon,Republican,8751,40.32,21705,Democratic
1960,Oregon,OR,Coos,County,John F. Kennedy,Democratic,12893,59.4,21705,Democratic
1960,Oregon,OR,Coos,County,Other,Write-Ins,61,0.28,21705,Democratic
1960,Oregon,OR,Crook,County,Richard Nixon,Republican,1732,46.35,3737,Democratic
1960,Oregon,OR,Crook,County,John F. Kennedy,Democratic,2005,53.65,3737,Democratic
1960,Oregon,OR,Curry,County,Richard Nixon,Republican,2382,46.23,5153,Democratic
1960,Oregon,OR,Curry,County,John F. Kennedy,Democratic,2767,53.7,5153,Democratic
1960,Oregon,OR,Curry,County,Other,Write-Ins,4,0.08,5153,Democratic
1960,Oregon,OR,Deschutes,County,Richard Nixon,Republican,5145,51.74,9944,Republican
1960,Oregon,OR,Deschutes,County,John F. Kennedy,Democratic,4776,48.03,9944,Republican
1960,Oregon,OR,Deschutes,County,Other,Write-Ins,23,0.23,9944,Republican
1960,Oregon,OR,Douglas,County,Richard Nixon,Republican,12493,48.39,25815,Democratic
1960,Oregon,OR,Douglas,County,John F. Kennedy,Democratic,13322,51.61,25815,Democratic
1960,Oregon,OR,Gilliam,County,Richard Nixon,Republican,712,54.02,1318,Republican
1960,Oregon,OR,Gilliam,County,John F. Kennedy,Democratic,606,45.98,1318,Republican
1960,Oregon,OR,Grant,County,Richard Nixon,Republican,1697,54.13,3135,Republican
1960,Oregon,OR,Grant,County,John F. Kennedy,Democratic,1438,45.87,3135,Republican
1960,Oregon,OR,Harney,County,Richard Nixon,Republican,1464,54.4,2691,Republican
1960,Oregon,OR,Harney,County,John F. Kennedy,Democratic,1220,45.34,2691,Republican
1960,Oregon,OR,Harney,County,Other,Write-Ins,7,0.26,2691,Republican
1960,Oregon,OR,Hood River,County,Richard Nixon,Republican,3103,55.86,5555,Republican
1960,Oregon,OR,Hood River,County,John F. Kennedy,Democratic,2450,44.1,5555,Republican
1960,Oregon,OR,Hood River,County,Other,Write-Ins,2,0.04,5555,Republican
1960,Oregon,OR,Jackson,County,Richard Nixon,Republican,17554,54.59,32157,Republican
1960,Oregon,OR,Jackson,County,John F. Kennedy,Democratic,14531,45.19,32157,Republican
1960,Oregon,OR,Jackson,County,Other,Write-Ins,72,0.22,32157,Republican
1960,Oregon,OR,Jefferson,County,Richard Nixon,Republican,1413,53.75,2629,Republican
1960,Oregon,OR,Jefferson,County,John F. Kennedy,Democratic,1214,46.18,2629,Republican
1960,Oregon,OR,Jefferson,County,Other,Write-Ins,2,0.08,2629,Republican
1960,Oregon,OR,Josephine,County,Richard Nixon,Republican,7387,57.57,12831,Republican
1960,Oregon,OR,Josephine,County,John F. Kennedy,Democratic,5419,42.23,12831,Republican
1960,Oregon,OR,Josephine,County,Other,Write-Ins,25,0.19,12831,Republican
1960,Oregon,OR,Klamath,County,Richard Nixon,Republican,9095,50.46,18023,Republican
1960,Oregon,OR,Klamath,County,John F. Kennedy,Democratic,8928,49.54,18023,Republican
1960,Oregon,OR,Lake,County,Richard Nixon,Republican,1555,51.9,2996,Republican
1960,Oregon,OR,Lake,County,John F. Kennedy,Democratic,1441,48.1,2996,Republican
1960,Oregon,OR,Lane,County,Richard Nixon,Republican,36148,52.49,68862,Republican
1960,Oregon,OR,Lane,County,John F. Kennedy,Democratic,32596,47.34,68862,Republican
1960,Oregon,OR,Lane,County,Other,Write-Ins,118,0.17,68862,Republican
1960,Oregon,OR,Lincoln,County,Richard Nixon,Republican,5231,49.9,10483,Democratic
1960,Oregon,OR,Lincoln,County,John F. Kennedy,Democratic,5243,50.01,10483,Democratic
1960,Oregon,OR,Lincoln,County,Other,Write-Ins,9,0.09,10483,Democratic
1960,Oregon,OR,Linn,County,Richard Nixon,Republican,12899,53.89,23934,Republican
1960,Oregon,OR,Linn,County,John F. Kennedy,Democratic,11035,46.11,23934,Republican
1960,Oregon,OR,Malheur,County,Richard Nixon,Republican,5043,59.86,8424,Republican
1960,Oregon,OR,Malheur,County,John F. Kennedy,Democratic,3381,40.14,8424,Republican
1960,Oregon,OR,Marion,County,Richard Nixon,Republican,29124,58.28,49970,Republican
1960,Oregon,OR,Marion,County,John F. Kennedy,Democratic,20791,41.61,49970,Republican
1960,Oregon,OR,Marion,County,Other,Write-Ins,55,0.11,49970,Republican
1960,Oregon,OR,Morrow,County,Richard Nixon,Republican,1003,49.12,2042,Democratic
1960,Oregon,OR,Morrow,County,John F. Kennedy,Democratic,1039,50.88,2042,Democratic
1960,Oregon,OR,Multnomah,County,Richard Nixon,Republican,127271,50.53,251882,Republican
1960,Oregon,OR,Multnomah,County,John F. Kennedy,Democratic,124273,49.34,251882,Republican
1960,Oregon,OR,Multnomah,County,Other,Write-Ins,338,0.13,251882,Republican
1960,Oregon,OR,Polk,County,Richard Nixon,Republican,6709,59.38,11298,Republican
1960,Oregon,OR,Polk,County,John F. Kennedy,Democratic,4578,40.52,11298,Republican
1960,Oregon,OR,Polk,County,Other,Write-Ins,11,0.1,11298,Republican
1960,Oregon,OR,Sherman,County,Richard Nixon,Republican,659,56.57,1165,Republican
1960,Oregon,OR,Sherman,County,John F. Kennedy,Democratic,506,43.43,1165,Republican
1960,Oregon,OR,Tillamook,County,Richard Nixon,Republican,3935,48.92,8044,Democratic
1960,Oregon,OR,Tillamook,County,John F. Kennedy,Democratic,4098,50.94,8044,Democratic
1960,Oregon,OR,Tillamook,County,Other,Write-Ins,11,0.14,8044,Democratic
1960,Oregon,OR,Umatilla,County,Richard Nixon,Republican,9374,53.77,17433,Republican
1960,Oregon,OR,Umatilla,County,John F. Kennedy,Democratic,8053,46.19,17433,Republican
1960,Oregon,OR,Umatilla,County,Other,Write-Ins,6,0.03,17433,Republican
1960,Oregon,OR,Union,County,Richard Nixon,Republican,3689,47.48,7770,Democratic
1960,Oregon,OR,Union,County,John F. Kennedy,Democratic,4081,52.52,7770,Democratic
1960,Oregon,OR,Wallowa,County,Richard Nixon,Republican,1440,46.08,3125,Democratic
1960,Oregon,OR,Wallowa,County,John F. Kennedy,Democratic,1682,53.82,3125,Democratic
1960,Oregon,OR,Wallowa,County,Other,Write-Ins,3,0.1,3125,Democratic
1960,Oregon,OR,Wasco,County,Richard Nixon,Republican,4355,49.58,8784,Democratic
1960,Oregon,OR,Wasco,County,John F. Kennedy,Democratic,4426,50.39,8784,Democratic
1960,Oregon,OR,Wasco,County,Other,Write-Ins,3,0.03,8784,Democratic
1960,Oregon,OR,Washington,County,Richard Nixon,Republican,25415,58.85,43186,Republican
1960,Oregon,OR,Washington,County,John F. Kennedy,Democratic,17736,41.07,43186,Republican
1960,Oregon,OR,Washington,County,Other,Write-Ins,35,0.08,43186,Republican
1960,Oregon,OR,Wheeler,County,Richard Nixon,Republican,566,54.84,1032,Republican
1960,Oregon,OR,Wheeler,County,John F. Kennedy,Democratic,466,45.16,1032,Republican
1960,Oregon,OR,Yamhill,County,Richard Nixon,Republican,8295,59.98,13829,Republican
1960,Oregon,OR,Yamhill,County,John F. Kennedy,Democratic,5528,39.97,13829,Republican
1960,Oregon,OR,Yamhill,County,Other,Write-Ins,6,0.04,13829,Republican
1960,Pennsylvania,PA,Adams,County,John F. Kennedy,Democratic,7895,37.86,20854,Republican
1960,Pennsylvania,PA,Adams,County,Richard Nixon,Republican,12933,62.02,20854,Republican
1960,Pennsylvania,PA,Adams,County,Other,Other,26,0.12,20854,Republican
1960,Pennsylvania,PA,Allegheny,County,John F. Kennedy,Democratic,428455,57.07,750718,Democratic
1960,Pennsylvania,PA,Allegheny,County,Richard Nixon,Republican,320970,42.76,750718,Democratic
1960,Pennsylvania,PA,Allegheny,County,Other,Other,1293,0.17,750718,Democratic
1960,Pennsylvania,PA,Armstrong,County,John F. Kennedy,Democratic,14799,42.59,34745,Republican
1960,Pennsylvania,PA,Armstrong,County,Richard Nixon,Republican,19883,57.23,34745,Republican
1960,Pennsylvania,PA,Armstrong,County,Other,Other,63,0.18,34745,Republican
1960,Pennsylvania,PA,Beaver,County,John F. Kennedy,Democratic,47182,56.04,84190,Democratic
1960,Pennsylvania,PA,Beaver,County,Richard Nixon,Republican,36796,43.71,84190,Democratic
1960,Pennsylvania,PA,Beaver,County,Other,Other,212,0.25,84190,Democratic
1960,Pennsylvania,PA,Bedford,County,John F. Kennedy,Democratic,6030,32.41,18604,Republican
1960,Pennsylvania,PA,Bedford,County,Richard Nixon,Republican,12542,67.42,18604,Republican
1960,Pennsylvania,PA,Bedford,County,Other,Other,32,0.17,18604,Republican
1960,Pennsylvania,PA,Berks,County,John F. Kennedy,Democratic,50572,44.87,112706,Republican
1960,Pennsylvania,PA,Berks,County,Richard Nixon,Republican,61743,54.78,112706,Republican
1960,Pennsylvania,PA,Berks,County,Other,Other,391,0.35,112706,Republican
1960,Pennsylvania,PA,Blair,County,John F. Kennedy,Democratic,19445,35.48,54809,Republican
1960,Pennsylvania,PA,Blair,County,Richard Nixon,Republican,35297,64.4,54809,Republican
1960,Pennsylvania,PA,Blair,County,Other,Other,67,0.12,54809,Republican
1960,Pennsylvania,PA,Bradford,County,John F. Kennedy,Democratic,6920,29.82,23205,Republican
1960,Pennsylvania,PA,Bradford,County,Richard Nixon,Republican,16252,70.04,23205,Republican
1960,Pennsylvania,PA,Bradford,County,Other,Other,33,0.14,23205,Republican
1960,Pennsylvania,PA,Bucks,County,John F. Kennedy,Democratic,57177,45.7,125116,Republican
1960,Pennsylvania,PA,Bucks,County,Richard Nixon,Republican,67501,53.95,125116,Republican
1960,Pennsylvania,PA,Bucks,County,Other,Other,438,0.35,125116,Republican
1960,Pennsylvania,PA,Butler,County,John F. Kennedy,Democratic,17805,38.45,46305,Republican
1960,Pennsylvania,PA,Butler,County,Richard Nixon,Republican,28348,61.22,46305,Republican
1960,Pennsylvania,PA,Butler,County,Other,Other,152,0.33,46305,Republican
1960,Pennsylvania,PA,Cambria,County,John F. Kennedy,Democratic,52409,58.48,89622,Democratic
1960,Pennsylvania,PA,Cambria,County,Richard Nixon,Republican,37062,41.35,89622,Democratic
1960,Pennsylvania,PA,Cambria,County,Other,Other,151,0.17,89622,Democratic
1960,Pennsylvania,PA,Cameron,County,John F. Kennedy,Democratic,1353,38.8,3487,Republican
1960,Pennsylvania,PA,Cameron,County,Richard Nixon,Republican,2129,61.06,3487,Republican
1960,Pennsylvania,PA,Cameron,County,Other,Other,5,0.14,3487,Republican
1960,Pennsylvania,PA,Carbon,County,John F. Kennedy,Democratic,12391,49.5,25032,Republican
1960,Pennsylvania,PA,Carbon,County,Richard Nixon,Republican,12586,50.28,25032,Republican
1960,Pennsylvania,PA,Carbon,County,Other,Other,55,0.22,25032,Republican
1960,Pennsylvania,PA,Centre,County,John F. Kennedy,Democratic,8601,31.85,27004,Republican
1960,Pennsylvania,PA,Centre,County,Richard Nixon,Republican,18357,67.98,27004,Republican
1960,Pennsylvania,PA,Centre,County,Other,Other,46,0.17,27004,Republican
1960,Pennsylvania,PA,Chester,County,John F. Kennedy,Democratic,30167,36.18,83373,Republican
1960,Pennsylvania,PA,Chester,County,Richard Nixon,Republican,53059,63.64,83373,Republican
1960,Pennsylvania,PA,Chester,County,Other,Other,147,0.18,83373,Republican
1960,Pennsylvania,PA,Clarion,County,John F. Kennedy,Democratic,5506,34.74,15847,Republican
1960,Pennsylvania,PA,Clarion,County,Richard Nixon,Republican,10307,65.04,15847,Republican
1960,Pennsylvania,PA,Clarion,County,Other,Other,34,0.21,15847,Republican
1960,Pennsylvania,PA,Clearfield,County,John F. Kennedy,Democratic,14212,42.81,33195,Republican
1960,Pennsylvania,PA,Clearfield,County,Richard Nixon,Republican,18911,56.97,33195,Republican
1960,Pennsylvania,PA,Clearfield,County,Other,Other,72,0.22,33195,Republican
1960,Pennsylvania,PA,Clinton,County,John F. Kennedy,Democratic,5965,39.34,15161,Republican
1960,Pennsylvania,PA,Clinton,County,Richard Nixon,Republican,9184,60.58,15161,Republican
1960,Pennsylvania,PA,Clinton,County,Other,Other,12,0.08,15161,Republican
1960,Pennsylvania,PA,Columbia,County,John F. Kennedy,Democratic,9322,37.82,24651,Republican
1960,Pennsylvania,PA,Columbia,County,Richard Nixon,Republican,15310,62.11,24651,Republican
1960,Pennsylvania,PA,Columbia,County,Other,Other,19,0.08,24651,Republican
1960,Pennsylvania,PA,Crawford,County,John F. Kennedy,Democratic,12050,38.99,30906,Republican
1960,Pennsylvania,PA,Crawford,County,Richard Nixon,Republican,18754,60.68,30906,Republican
1960,Pennsylvania,PA,Crawford,County,Other,Other,102,0.33,30906,Republican
1960,Pennsylvania,PA,Cumberland,County,John F. Kennedy,Democratic,15968,30.83,51801,Republican
1960,Pennsylvania,PA,Cumberland,County,Richard Nixon,Republican,35636,68.79,51801,Republican
1960,Pennsylvania,PA,Cumberland,County,Other,Other,197,0.38,51801,Republican
1960,Pennsylvania,PA,Dauphin,County,John F. Kennedy,Democratic,33962,35.33,96115,Republican
1960,Pennsylvania,PA,Dauphin,County,Richard Nixon,Republican,61726,64.22,96115,Republican
1960,Pennsylvania,PA,Dauphin,County,Other,Other,427,0.44,96115,Republican
1960,Pennsylvania,PA,Delaware,County,John F. Kennedy,Democratic,124629,47.79,260783,Republican
1960,Pennsylvania,PA,Delaware,County,Richard Nixon,Republican,135672,52.02,260783,Republican
1960,Pennsylvania,PA,Delaware,County,Other,Other,482,0.18,260783,Republican
1960,Pennsylvania,PA,Elk,County,John F. Kennedy,Democratic,8398,53.95,15567,Democratic
1960,Pennsylvania,PA,Elk,County,Richard Nixon,Republican,7155,45.96,15567,Democratic
1960,Pennsylvania,PA,Elk,County,Other,Other,14,0.09,15567,Democratic
1960,Pennsylvania,PA,Erie,County,John F. Kennedy,Democratic,53723,50.9,105543,Democratic
1960,Pennsylvania,PA,Erie,County,Richard Nixon,Republican,51525,48.82,105543,Democratic
1960,Pennsylvania,PA,Erie,County,Other,Other,295,0.28,105543,Democratic
1960,Pennsylvania,PA,Fayette,County,John F. Kennedy,Democratic,41560,60.35,68861,Democratic
1960,Pennsylvania,PA,Fayette,County,Richard Nixon,Republican,27120,39.38,68861,Democratic
1960,Pennsylvania,PA,Fayette,County,Other,Other,181,0.26,68861,Democratic
1960,Pennsylvania,PA,Forest,County,John F. Kennedy,Democratic,828,35.51,2332,Republican
1960,Pennsylvania,PA,Forest,County,Richard Nixon,Republican,1497,64.19,2332,Republican
1960,Pennsylvania,PA,Forest,County,Other,Other,7,0.3,2332,Republican
1960,Pennsylvania,PA,Franklin,County,John F. Kennedy,Democratic,12088,35.41,34134,Republican
1960,Pennsylvania,PA,Franklin,County,Richard Nixon,Republican,22010,64.48,34134,Republican
1960,Pennsylvania,PA,Franklin,County,Other,Other,36,0.11,34134,Republican
1960,Pennsylvania,PA,Fulton,County,John F. Kennedy,Democratic,1672,38.18,4379,Republican
1960,Pennsylvania,PA,Fulton,County,Richard Nixon,Republican,2698,61.61,4379,Republican
1960,Pennsylvania,PA,Fulton,County,Other,Other,9,0.21,4379,Republican
1960,Pennsylvania,PA,Greene,County,John F. Kennedy,Democratic,9645,56.21,17159,Democratic
1960,Pennsylvania,PA,Greene,County,Richard Nixon,Republican,7498,43.7,17159,Democratic
1960,Pennsylvania,PA,Greene,County,Other,Other,16,0.09,17159,Democratic
1960,Pennsylvania,PA,Huntingdon,County,John F. Kennedy,Democratic,4710,29.69,15864,Republican
1960,Pennsylvania,PA,Huntingdon,County,Richard Nixon,Republican,11116,70.07,15864,Republican
1960,Pennsylvania,PA,Huntingdon,County,Other,Other,38,0.24,15864,Republican
1960,Pennsylvania,PA,Indiana,County,John F. Kennedy,Democratic,13174,41.15,32013,Republican
1960,Pennsylvania,PA,Indiana,County,Richard Nixon,Republican,18756,58.59,32013,Republican
1960,Pennsylvania,PA,Indiana,County,Other,Other,83,0.26,32013,Republican
1960,Pennsylvania,PA,Jefferson,County,John F. Kennedy,Democratic,7811,36.01,21694,Republican
1960,Pennsylvania,PA,Jefferson,County,Richard Nixon,Republican,13845,63.82,21694,Republican
1960,Pennsylvania,PA,Jefferson,County,Other,Other,38,0.18,21694,Republican
1960,Pennsylvania,PA,Juniata,County,John F. Kennedy,Democratic,2615,35.19,7431,Republican
1960,Pennsylvania,PA,Juniata,County,Richard Nixon,Republican,4805,64.66,7431,Republican
1960,Pennsylvania,PA,Juniata,County,Other,Other,11,0.15,7431,Republican
1960,Pennsylvania,PA,Lackawanna,County,John F. Kennedy,Democratic,80098,61.72,129783,Democratic
1960,Pennsylvania,PA,Lackawanna,County,Richard Nixon,Republican,49636,38.25,129783,Democratic
1960,Pennsylvania,PA,Lackawanna,County,Other,Other,49,0.04,129783,Democratic
1960,Pennsylvania,PA,Lancaster,County,John F. Kennedy,Democratic,33233,29.7,111889,Republican
1960,Pennsylvania,PA,Lancaster,County,Richard Nixon,Republican,78390,70.06,111889,Republican
1960,Pennsylvania,PA,Lancaster,County,Other,Other,266,0.24,111889,Republican
1960,Pennsylvania,PA,Lawrence,County,John F. Kennedy,Democratic,24309,50.58,48064,Democratic
1960,Pennsylvania,PA,Lawrence,County,Richard Nixon,Republican,23646,49.2,48064,Democratic
1960,Pennsylvania,PA,Lawrence,County,Other,Other,109,0.23,48064,Democratic
1960,Pennsylvania,PA,Lebanon,County,John F. Kennedy,Democratic,11761,31.49,37353,Republican
1960,Pennsylvania,PA,Lebanon,County,Richard Nixon,Republican,25525,68.33,37353,Republican
1960,Pennsylvania,PA,Lebanon,County,Other,Other,67,0.18,37353,Republican
1960,Pennsylvania,PA,Lehigh,County,John F. Kennedy,Democratic,39640,42.1,94167,Republican
1960,Pennsylvania,PA,Lehigh,County,Richard Nixon,Republican,54278,57.64,94167,Republican
1960,Pennsylvania,PA,Lehigh,County,Other,Other,249,0.26,94167,Republican
1960,Pennsylvania,PA,Luzerne,County,John F. Kennedy,Democratic,102998,59.1,174271,Democratic
1960,Pennsylvania,PA,Luzerne,County,Richard Nixon,Republican,70711,40.58,174271,Democratic
1960,Pennsylvania,PA,Luzerne,County,Other,Other,562,0.32,174271,Democratic
1960,Pennsylvania,PA,Lycoming,County,John F. Kennedy,Democratic,18351,37.85,48482,Republican
1960,Pennsylvania,PA,Lycoming,County,Richard Nixon,Republican,30083,62.05,48482,Republican
1960,Pennsylvania,PA,Lycoming,County,Other,Other,48,0.1,48482,Republican
1960,Pennsylvania,PA,McKean,County,John F. Kennedy,Democratic,7767,36.07,21532,Republican
1960,Pennsylvania,PA,McKean,County,Richard Nixon,Republican,13699,63.62,21532,Republican
1960,Pennsylvania,PA,McKean,County,Other,Other,66,0.31,21532,Republican
1960,Pennsylvania,PA,Mercer,County,John F. Kennedy,Democratic,24243,45.33,53480,Republican
1960,Pennsylvania,PA,Mercer,County,Richard Nixon,Republican,29109,54.43,53480,Republican
1960,Pennsylvania,PA,Mercer,County,Other,Other,128,0.24,53480,Republican
1960,Pennsylvania,PA,Mifflin,County,John F. Kennedy,Democratic,4816,31.68,15203,Republican
1960,Pennsylvania,PA,Mifflin,County,Richard Nixon,Republican,10315,67.85,15203,Republican
1960,Pennsylvania,PA,Mifflin,County,Other,Other,72,0.47,15203,Republican
1960,Pennsylvania,PA,Monroe,County,John F. Kennedy,Democratic,6312,35.61,17726,Republican
1960,Pennsylvania,PA,Monroe,County,Richard Nixon,Republican,11299,63.74,17726,Republican
1960,Pennsylvania,PA,Monroe,County,Other,Other,115,0.65,17726,Republican
1960,Pennsylvania,PA,Montgomery,County,John F. Kennedy,Democratic,92212,39.18,235326,Republican
1960,Pennsylvania,PA,Montgomery,County,Richard Nixon,Republican,142796,60.68,235326,Republican
1960,Pennsylvania,PA,Montgomery,County,Other,Other,318,0.14,235326,Republican
1960,Pennsylvania,PA,Montour,County,John F. Kennedy,Democratic,2629,38.71,6791,Republican
1960,Pennsylvania,PA,Montour,County,Richard Nixon,Republican,4154,61.17,6791,Republican
1960,Pennsylvania,PA,Montour,County,Other,Other,8,0.12,6791,Republican
1960,Pennsylvania,PA,Northampton,County,John F. Kennedy,Democratic,41552,50.48,82306,Democratic
1960,Pennsylvania,PA,Northampton,County,Richard Nixon,Republican,40683,49.43,82306,Democratic
1960,Pennsylvania,PA,Northampton,County,Other,Other,71,0.09,82306,Democratic
1960,Pennsylvania,PA,Northumberland,County,John F. Kennedy,Democratic,22233,44.61,49841,Republican
1960,Pennsylvania,PA,Northumberland,County,Richard Nixon,Republican,27568,55.31,49841,Republican
1960,Pennsylvania,PA,Northumberland,County,Other,Other,40,0.08,49841,Republican
1960,Pennsylvania,PA,Perry,County,John F. Kennedy,Democratic,3413,29.5,11570,Republican
1960,Pennsylvania,PA,Perry,County,Richard Nixon,Republican,8134,70.3,11570,Republican
1960,Pennsylvania,PA,Perry,County,Other,Other,23,0.2,11570,Republican
1960,Pennsylvania,PA,Philadelphia,County,John F. Kennedy,Democratic,622544,68.02,915277,Democratic
1960,Pennsylvania,PA,Philadelphia,County,Richard Nixon,Republican,291000,31.79,915277,Democratic
1960,Pennsylvania,PA,Philadelphia,County,Other,Other,1733,0.19,915277,Democratic
1960,Pennsylvania,PA,Pike,County,John F. Kennedy,Democratic,1676,29.49,5683,Republican
1960,Pennsylvania,PA,Pike,County,Richard Nixon,Republican,4000,70.39,5683,Republican
1960,Pennsylvania,PA,Pike,County,Other,Other,7,0.12,5683,Republican
1960,Pennsylvania,PA,Potter,County,John F. Kennedy,Democratic,2715,34.67,7830,Republican
1960,Pennsylvania,PA,Potter,County,Richard Nixon,Republican,5099,65.12,7830,Republican
1960,Pennsylvania,PA,Potter,County,Other,Other,16,0.2,7830,Republican
1960,Pennsylvania,PA,Schuylkill,County,John F. Kennedy,Democratic,44430,50.1,88687,Democratic
1960,Pennsylvania,PA,Schuylkill,County,Richard Nixon,Republican,44187,49.82,88687,Democratic
1960,Pennsylvania,PA,Schuylkill,County,Other,Other,70,0.08,88687,Democratic
1960,Pennsylvania,PA,Snyder,County,John F. Kennedy,Democratic,1998,19.75,10117,Republican
1960,Pennsylvania,PA,Snyder,County,Richard Nixon,Republican,8103,80.09,10117,Republican
1960,Pennsylvania,PA,Snyder,County,Other,Other,16,0.16,10117,Republican
1960,Pennsylvania,PA,Somerset,County,John F. Kennedy,Democratic,14739,41.71,35335,Republican
1960,Pennsylvania,PA,Somerset,County,Richard Nixon,Republican,20554,58.17,35335,Republican
1960,Pennsylvania,PA,Somerset,County,Other,Other,42,0.12,35335,Republican
1960,Pennsylvania,PA,Sullivan,County,John F. Kennedy,Democratic,1471,44.79,3284,Republican
1960,Pennsylvania,PA,Sullivan,County,Richard Nixon,Republican,1808,55.05,3284,Republican
1960,Pennsylvania,PA,Sullivan,County,Other,Other,5,0.15,3284,Republican
1960,Pennsylvania,PA,Susquehanna,County,John F. Kennedy,Democratic,5760,36.07,15970,Republican
1960,Pennsylvania,PA,Susquehanna,County,Richard Nixon,Republican,10201,63.88,15970,Republican
1960,Pennsylvania,PA,Susquehanna,County,Other,Other,9,0.06,15970,Republican
1960,Pennsylvania,PA,Tioga,County,John F. Kennedy,Democratic,4076,26.86,15173,Republican
1960,Pennsylvania,PA,Tioga,County,Richard Nixon,Republican,11082,73.04,15173,Republican
1960,Pennsylvania,PA,Tioga,County,Other,Other,15,0.1,15173,Republican
1960,Pennsylvania,PA,Union,County,John F. Kennedy,Democratic,1993,21.04,9472,Republican
1960,Pennsylvania,PA,Union,County,Richard Nixon,Republican,7466,78.82,9472,Republican
1960,Pennsylvania,PA,Union,County,Other,Other,13,0.14,9472,Republican
1960,Pennsylvania,PA,Venango,County,John F. Kennedy,Democratic,8064,31.9,25280,Republican
1960,Pennsylvania,PA,Venango,County,Richard Nixon,Republican,17193,68.01,25280,Republican
1960,Pennsylvania,PA,Venango,County,Other,Other,23,0.09,25280,Republican
1960,Pennsylvania,PA,Warren,County,John F. Kennedy,Democratic,6525,35.86,18195,Republican
1960,Pennsylvania,PA,Warren,County,Richard Nixon,Republican,11611,63.81,18195,Republican
1960,Pennsylvania,PA,Warren,County,Other,Other,59,0.32,18195,Republican
1960,Pennsylvania,PA,Washington,County,John F. Kennedy,Democratic,53729,58.28,92197,Democratic
1960,Pennsylvania,PA,Washington,County,Richard Nixon,Republican,38348,41.59,92197,Democratic
1960,Pennsylvania,PA,Washington,County,Other,Other,120,0.13,92197,Democratic
1960,Pennsylvania,PA,Wayne,County,John F. Kennedy,Democratic,4425,32.04,13811,Republican
1960,Pennsylvania,PA,Wayne,County,Richard Nixon,Republican,9360,67.77,13811,Republican
1960,Pennsylvania,PA,Wayne,County,Other,Other,26,0.19,13811,Republican
1960,Pennsylvania,PA,Westmoreland,County,John F. Kennedy,Democratic,85641,55.31,154840,Democratic
1960,Pennsylvania,PA,Westmoreland,County,Richard Nixon,Republican,68825,44.45,154840,Democratic
1960,Pennsylvania,PA,Westmoreland,County,Other,Other,374,0.24,154840,Democratic
1960,Pennsylvania,PA,Wyoming,County,John F. Kennedy,Democratic,2726,30.56,8921,Republican
1960,Pennsylvania,PA,Wyoming,County,Richard Nixon,Republican,6188,69.36,8921,Republican
1960,Pennsylvania,PA,Wyoming,County,Other,Other,7,0.08,8921,Republican
1960,Pennsylvania,PA,York,County,John F. Kennedy,Democratic,39164,41.02,95479,Republican
1960,Pennsylvania,PA,York,County,Richard Nixon,Republican,55922,58.57,95479,Republican
1960,Pennsylvania,PA,York,County,Other,Other,393,0.41,95479,Republican
1960,Rhode Island,RI,Bristol,County,John F. Kennedy,Democratic,11099,59.56,18636,Democratic
1960,Rhode Island,RI,Bristol,County,Richard Nixon,Republican,7537,40.44,18636,Democratic
1960,Rhode Island,RI,Bristol,County,Other,Other,0,0.0,18636,Democratic
1960,Rhode Island,RI,Kent,County,John F. Kennedy,Democratic,30662,55.74,55006,Democratic
1960,Rhode Island,RI,Kent,County,Richard Nixon,Republican,24344,44.26,55006,Democratic
1960,Rhode Island,RI,Kent,County,Other,Other,0,0.0,55006,Democratic
1960,Rhode Island,RI,Newport,County,John F. Kennedy,Democratic,15677,56.76,27619,Democratic
1960,Rhode Island,RI,Newport,County,Richard Nixon,Republican,11942,43.24,27619,Democratic
1960,Rhode Island,RI,Newport,County,Other,Other,0,0.0,27619,Democratic
1960,Rhode Island,RI,Providence,County,John F. Kennedy,Democratic,189014,67.49,280043,Democratic
1960,Rhode Island,RI,Providence,County,Richard Nixon,Republican,91028,32.51,280043,Democratic
1960,Rhode Island,RI,Providence,County,Other,Other,1,0.0,280043,Democratic
1960,Rhode Island,RI,Washington,County,John F. Kennedy,Democratic,11580,47.79,24231,Republican
1960,Rhode Island,RI,Washington,County,Richard Nixon,Republican,12651,52.21,24231,Republican
1960,Rhode Island,RI,Washington,County,Other,Other,0,0.0,24231,Republican
1960,South Carolina,SC,Abbeville,County,John F. Kennedy,Democratic,3064,78.38,3909,Democratic
1960,South Carolina,SC,Abbeville,County,Richard Nixon,Republican,845,21.62,3909,Democratic
1960,South Carolina,SC,Aiken,County,John F. Kennedy,Democratic,6674,38.38,17389,Republican
1960,South Carolina,SC,Aiken,County,Richard Nixon,Republican,10715,61.62,17389,Republican
1960,South Carolina,SC,Allendale,County,John F. Kennedy,Democratic,583,39.63,1471,Republican
1960,South Carolina,SC,Allendale,County,Richard Nixon,Republican,888,60.37,1471,Republican
1960,South Carolina,SC,Anderson,County,John F. Kennedy,Democratic,13901,78.33,17746,Democratic
1960,South Carolina,SC,Anderson,County,Richard Nixon,Republican,3845,21.67,17746,Democratic
1960,South Carolina,SC,Bamberg,County,John F. Kennedy,Democratic,908,35.47,2560,Republican
1960,South Carolina,SC,Bamberg,County,Richard Nixon,Republican,1652,64.53,2560,Republican
1960,South Carolina,SC,Barnwell,County,John F. Kennedy,Democratic,1331,41.95,3173,Republican
1960,South Carolina,SC,Barnwell,County,Richard Nixon,Republican,1842,58.05,3173,Republican
1960,South Carolina,SC,Beaufort,County,John F. Kennedy,Democratic,1800,47.11,3821,Republican
1960,South Carolina,SC,Beaufort,County,Richard Nixon,Republican,2021,52.89,3821,Republican
1960,South Carolina,SC,Berkeley,County,John F. Kennedy,Democratic,2542,51.21,4964,Democratic
1960,South Carolina,SC,Berkeley,County,Richard Nixon,Republican,2422,48.79,4964,Democratic
1960,South Carolina,SC,Calhoun,County,John F. Kennedy,Democratic,536,38.62,1388,Republican
1960,South Carolina,SC,Calhoun,County,Richard Nixon,Republican,852,61.38,1388,Republican
1960,South Carolina,SC,Charleston,County,John F. Kennedy,Democratic,12010,36.14,33233,Republican
1960,South Carolina,SC,Charleston,County,Richard Nixon,Republican,21223,63.86,33233,Republican
1960,South Carolina,SC,Cherokee,County,John F. Kennedy,Democratic,5391,77.5,6956,Democratic
1960,South Carolina,SC,Cherokee,County,Richard Nixon,Republican,1565,22.5,6956,Democratic
1960,South Carolina,SC,Chester,County,John F. Kennedy,Democratic,4262,71.97,5922,Democratic
1960,South Carolina,SC,Chester,County,Richard Nixon,Republican,1660,28.03,5922,Democratic
1960,South Carolina,SC,Chesterfield,County,John F. Kennedy,Democratic,4450,76.43,5822,Democratic
1960,South Carolina,SC,Chesterfield,County,Richard Nixon,Republican,1372,23.57,5822,Democratic
1960,South Carolina,SC,Clarendon,County,John F. Kennedy,Democratic,1134,43.97,2579,Republican
1960,South Carolina,SC,Clarendon,County,Richard Nixon,Republican,1445,56.03,2579,Republican
1960,South Carolina,SC,Colleton,County,John F. Kennedy,Democratic,1962,43.77,4483,Republican
1960,South Carolina,SC,Colleton,County,Richard Nixon,Republican,2521,56.23,4483,Republican
1960,South Carolina,SC,Darlington,County,John F. Kennedy,Democratic,4668,57.19,8162,Democratic
1960,South Carolina,SC,Darlington,County,Richard Nixon,Republican,3494,42.81,8162,Democratic
1960,South Carolina,SC,Dillon,County,John F. Kennedy,Democratic,2652,64.83,4091,Democratic
1960,South Carolina,SC,Dillon,County,Richard Nixon,Republican,1439,35.17,4091,Democratic
1960,South Carolina,SC,Dorchester,County,John F. Kennedy,Democratic,2357,40.07,5882,Republican
1960,South Carolina,SC,Dorchester,County,Richard Nixon,Republican,3525,59.93,5882,Republican
1960,South Carolina,SC,Edgefield,County,John F. Kennedy,Democratic,846,36.88,2294,Republican
1960,South Carolina,SC,Edgefield,County,Richard Nixon,Republican,1448,63.12,2294,Republican
1960,South Carolina,SC,Fairfield,County,John F. Kennedy,Democratic,1633,51.32,3182,Democratic
1960,South Carolina,SC,Fairfield,County,Richard Nixon,Republican,1549,48.68,3182,Democratic
1960,South Carolina,SC,Florence,County,John F. Kennedy,Democratic,6090,51.15,11905,Democratic
1960,South Carolina,SC,Florence,County,Richard Nixon,Republican,5815,48.85,11905,Democratic
1960,South Carolina,SC,Georgetown,County,John F. Kennedy,Democratic,2811,51.88,5418,Democratic
1960,South Carolina,SC,Georgetown,County,Richard Nixon,Republican,2607,48.12,5418,Democratic
1960,South Carolina,SC,Greenville,County,John F. Kennedy,Democratic,13976,38.15,36633,Republican
1960,South Carolina,SC,Greenville,County,Richard Nixon,Republican,22657,61.85,36633,Republican
1960,South Carolina,SC,Greenwood,County,John F. Kennedy,Democratic,5283,64.03,8251,Democratic
1960,South Carolina,SC,Greenwood,County,Richard Nixon,Republican,2968,35.97,8251,Democratic
1960,South Carolina,SC,Hampton,County,John F. Kennedy,Democratic,790,37.41,2112,Republican
1960,South Carolina,SC,Hampton,County,Richard Nixon,Republican,1322,62.59,2112,Republican
1960,South Carolina,SC,Horry,County,John F. Kennedy,Democratic,6006,61.45,9774,Democratic
1960,South Carolina,SC,Horry,County,Richard Nixon,Republican,3768,38.55,9774,Democratic
1960,South Carolina,SC,Jasper,County,John F. Kennedy,Democratic,721,48.07,1500,Republican
1960,South Carolina,SC,Jasper,County,Richard Nixon,Republican,779,51.93,1500,Republican
1960,South Carolina,SC,Kershaw,County,John F. Kennedy,Democratic,3178,47.84,6643,Republican
1960,South Carolina,SC,Kershaw,County,Richard Nixon,Republican,3465,52.16,6643,Republican
1960,South Carolina,SC,Lancaster,County,John F. Kennedy,Democratic,5561,65.66,8470,Democratic
1960,South Carolina,SC,Lancaster,County,Richard Nixon,Republican,2909,34.34,8470,Democratic
1960,South Carolina,SC,Laurens,County,John F. Kennedy,Democratic,4547,57.95,7846,Democratic
1960,South Carolina,SC,Laurens,County,Richard Nixon,Republican,3299,42.05,7846,Democratic
1960,South Carolina,SC,Lee,County,John F. Kennedy,Democratic,1487,53.41,2784,Democratic
1960,South Carolina,SC,Lee,County,Richard Nixon,Republican,1297,46.59,2784,Democratic
1960,South Carolina,SC,Lexington,County,John F. Kennedy,Democratic,4159,38.98,10670,Republican
1960,South Carolina,SC,Lexington,County,Richard Nixon,Republican,6511,61.02,10670,Republican
1960,South Carolina,SC,McCormick,County,John F. Kennedy,Democratic,680,66.21,1027,Democratic
1960,South Carolina,SC,McCormick,County,Richard Nixon,Republican,347,33.79,1027,Democratic
1960,South Carolina,SC,Marion,County,John F. Kennedy,Democratic,2397,59.29,4043,Democratic
1960,South Carolina,SC,Marion,County,Richard Nixon,Republican,1646,40.71,4043,Democratic
1960,South Carolina,SC,Marlboro,County,John F. Kennedy,Democratic,2586,66.7,3877,Democratic
1960,South Carolina,SC,Marlboro,County,Richard Nixon,Republican,1291,33.3,3877,Democratic
1960,South Carolina,SC,Newberry,County,John F. Kennedy,Democratic,3143,52.52,5984,Democratic
1960,South Carolina,SC,Newberry,County,Richard Nixon,Republican,2841,47.48,5984,Democratic
1960,South Carolina,SC,Oconee,County,John F. Kennedy,Democratic,4328,69.65,6214,Democratic
1960,South Carolina,SC,Oconee,County,Richard Nixon,Republican,1886,30.35,6214,Democratic
1960,South Carolina,SC,Orangeburg,County,John F. Kennedy,Democratic,3890,42.64,9123,Republican
1960,South Carolina,SC,Orangeburg,County,Richard Nixon,Republican,5233,57.36,9123,Republican
1960,South Carolina,SC,Pickens,County,John F. Kennedy,Democratic,2546,37.74,6747,Republican
1960,South Carolina,SC,Pickens,County,Richard Nixon,Republican,4201,62.26,6747,Republican
1960,South Carolina,SC,Richland,County,John F. Kennedy,Democratic,11694,36.06,32430,Republican
1960,South Carolina,SC,Richland,County,Richard Nixon,Republican,20736,63.94,32430,Republican
1960,South Carolina,SC,Saluda,County,John F. Kennedy,Democratic,1353,51.62,2621,Democratic
1960,South Carolina,SC,Saluda,County,Richard Nixon,Republican,1268,48.38,2621,Democratic
1960,South Carolina,SC,Spartanburg,County,John F. Kennedy,Democratic,20134,64.79,31074,Democratic
1960,South Carolina,SC,Spartanburg,County,Richard Nixon,Republican,10940,35.21,31074,Democratic
1960,South Carolina,SC,Sumter,County,John F. Kennedy,Democratic,2616,36.09,7249,Republican
1960,South Carolina,SC,Sumter,County,Richard Nixon,Republican,4633,63.91,7249,Republican
1960,South Carolina,SC,Union,County,John F. Kennedy,Democratic,5229,72.53,7209,Democratic
1960,South Carolina,SC,Union,County,Richard Nixon,Republican,1980,27.47,7209,Democratic
1960,South Carolina,SC,Williamsburg,County,John F. Kennedy,Democratic,1513,39.43,3837,Republican
1960,South Carolina,SC,Williamsburg,County,Richard Nixon,Republican,2324,60.57,3837,Republican
1960,South Carolina,SC,York,County,John F. Kennedy,Democratic,8707,61.23,14219,Democratic
1960,South Carolina,SC,York,County,Richard Nixon,Republican,5512,38.77,14219,Democratic
1960,South Dakota,SD,Aurora,County,Richard Nixon,Republican,1267,49.94,2537,Democratic
1960,South Dakota,SD,Aurora,County,John F. Kennedy,Democratic,1270,50.06,2537,Democratic
1960,South Dakota,SD,Beadle,County,Richard Nixon,Republican,5911,59.17,9990,Republican
1960,South Dakota,SD,Beadle,County,John F. Kennedy,Democratic,4079,40.83,9990,Republican
1960,South Dakota,SD,Bennett,County,Richard Nixon,Republican,779,56.2,1386,Republican
1960,South Dakota,SD,Bennett,County,John F. Kennedy,Democratic,607,43.8,1386,Republican
1960,South Dakota,SD,Bon Homme,County,Richard Nixon,Republican,2730,57.09,4782,Republican
1960,South Dakota,SD,Bon Homme,County,John F. Kennedy,Democratic,2052,42.91,4782,Republican
1960,South Dakota,SD,Brookings,County,Richard Nixon,Republican,5710,65.75,8684,Republican
1960,South Dakota,SD,Brookings,County,John F. Kennedy,Democratic,2974,34.25,8684,Republican
1960,South Dakota,SD,Brown,County,Richard Nixon,Republican,8037,50.45,15930,Republican
1960,South Dakota,SD,Brown,County,John F. Kennedy,Democratic,7893,49.55,15930,Republican
1960,South Dakota,SD,Brule,County,Richard Nixon,Republican,1403,46.72,3003,Democratic
1960,South Dakota,SD,Brule,County,John F. Kennedy,Democratic,1600,53.28,3003,Democratic
1960,South Dakota,SD,Buffalo,County,Richard Nixon,Republican,294,46.82,628,Democratic
1960,South Dakota,SD,Buffalo,County,John F. Kennedy,Democratic,334,53.18,628,Democratic
1960,South Dakota,SD,Butte,County,Richard Nixon,Republican,2496,65.44,3814,Republican
1960,South Dakota,SD,Butte,County,John F. Kennedy,Democratic,1318,34.56,3814,Republican
1960,South Dakota,SD,Campbell,County,Richard Nixon,Republican,1330,78.61,1692,Republican
1960,South Dakota,SD,Campbell,County,John F. Kennedy,Democratic,362,21.39,1692,Republican
1960,South Dakota,SD,Charles Mix,County,Richard Nixon,Republican,2446,47.04,5200,Democratic
1960,South Dakota,SD,Charles Mix,County,John F. Kennedy,Democratic,2754,52.96,5200,Democratic
1960,South Dakota,SD,Clark,County,Richard Nixon,Republican,2204,61.05,3610,Republican
1960,South Dakota,SD,Clark,County,John F. Kennedy,Democratic,1406,38.95,3610,Republican
1960,South Dakota,SD,Clay,County,Richard Nixon,Republican,2772,59.61,4650,Republican
1960,South Dakota,SD,Clay,County,John F. Kennedy,Democratic,1878,40.39,4650,Republican
1960,South Dakota,SD,Codington,County,Richard Nixon,Republican,5309,55.23,9613,Republican
1960,South Dakota,SD,Codington,County,John F. Kennedy,Democratic,4304,44.77,9613,Republican
1960,South Dakota,SD,Corson,County,Richard Nixon,Republican,1290,54.13,2383,Republican
1960,South Dakota,SD,Corson,County,John F. Kennedy,Democratic,1093,45.87,2383,Republican
1960,South Dakota,SD,Custer,County,Richard Nixon,Republican,1533,63.58,2411,Republican
1960,South Dakota,SD,Custer,County,John F. Kennedy,Democratic,878,36.42,2411,Republican
1960,South Dakota,SD,Davison,County,Richard Nixon,Republican,4105,49.98,8213,Democratic
1960,South Dakota,SD,Davison,County,John F. Kennedy,Democratic,4108,50.02,8213,Democratic
1960,South Dakota,SD,Day,County,Richard Nixon,Republican,2626,48.09,5461,Democratic
1960,South Dakota,SD,Day,County,John F. Kennedy,Democratic,2835,51.91,5461,Democratic
1960,South Dakota,SD,Deuel,County,Richard Nixon,Republican,1907,61.92,3080,Republican
1960,South Dakota,SD,Deuel,County,John F. Kennedy,Democratic,1173,38.08,3080,Republican
1960,South Dakota,SD,Dewey,County,Richard Nixon,Republican,1168,52.8,2212,Republican
1960,South Dakota,SD,Dewey,County,John F. Kennedy,Democratic,1044,47.2,2212,Republican
1960,South Dakota,SD,Douglas,County,Richard Nixon,Republican,2002,78.73,2543,Republican
1960,South Dakota,SD,Douglas,County,John F. Kennedy,Democratic,541,21.27,2543,Republican
1960,South Dakota,SD,Edmunds,County,Richard Nixon,Republican,1728,51.78,3337,Republican
1960,South Dakota,SD,Edmunds,County,John F. Kennedy,Democratic,1609,48.22,3337,Republican
1960,South Dakota,SD,Fall River,County,Richard Nixon,Republican,2492,63.6,3918,Republican
1960,South Dakota,SD,Fall River,County,John F. Kennedy,Democratic,1426,36.4,3918,Republican
1960,South Dakota,SD,Faulk,County,Richard Nixon,Republican,1240,54.31,2283,Republican
1960,South Dakota,SD,Faulk,County,John F. Kennedy,Democratic,1043,45.69,2283,Republican
1960,South Dakota,SD,Grant,County,Richard Nixon,Republican,2611,55.26,4725,Republican
1960,South Dakota,SD,Grant,County,John F. Kennedy,Democratic,2114,44.74,4725,Republican
1960,South Dakota,SD,Gregory,County,Richard Nixon,Republican,2063,53.71,3841,Republican
1960,South Dakota,SD,Gregory,County,John F. Kennedy,Democratic,1778,46.29,3841,Republican
1960,South Dakota,SD,Haakon,County,Richard Nixon,Republican,980,62.22,1575,Republican
1960,South Dakota,SD,Haakon,County,John F. Kennedy,Democratic,595,37.78,1575,Republican
1960,South Dakota,SD,Hamlin,County,Richard Nixon,Republican,2139,63.49,3369,Republican
1960,South Dakota,SD,Hamlin,County,John F. Kennedy,Democratic,1230,36.51,3369,Republican
1960,South Dakota,SD,Hand,County,Richard Nixon,Republican,1872,57.27,3269,Republican
1960,South Dakota,SD,Hand,County,John F. Kennedy,Democratic,1397,42.73,3269,Republican
1960,South Dakota,SD,Hanson,County,Richard Nixon,Republican,1087,48.53,2240,Democratic
1960,South Dakota,SD,Hanson,County,John F. Kennedy,Democratic,1153,51.47,2240,Democratic
1960,South Dakota,SD,Harding,County,Richard Nixon,Republican,676,63.89,1058,Republican
1960,South Dakota,SD,Harding,County,John F. Kennedy,Democratic,382,36.11,1058,Republican
1960,South Dakota,SD,Hughes,County,Richard Nixon,Republican,3320,61.99,5356,Republican
1960,South Dakota,SD,Hughes,County,John F. Kennedy,Democratic,2036,38.01,5356,Republican
1960,South Dakota,SD,Hutchinson,County,Richard Nixon,Republican,3948,71.72,5505,Republican
1960,South Dakota,SD,Hutchinson,County,John F. Kennedy,Democratic,1557,28.28,5505,Republican
1960,South Dakota,SD,Hyde,County,Richard Nixon,Republican,773,53.94,1433,Republican
1960,South Dakota,SD,Hyde,County,John F. Kennedy,Democratic,660,46.06,1433,Republican
1960,South Dakota,SD,Jackson,County,Richard Nixon,Republican,581,61.35,947,Republican
1960,South Dakota,SD,Jackson,County,John F. Kennedy,Democratic,366,38.65,947,Republican
1960,South Dakota,SD,Jerauld,County,Richard Nixon,Republican,1165,57.45,2028,Republican
1960,South Dakota,SD,Jerauld,County,John F. Kennedy,Democratic,863,42.55,2028,Republican
1960,South Dakota,SD,Jones,County,Richard Nixon,Republican,644,60.36,1067,Republican
1960,South Dakota,SD,Jones,County,John F. Kennedy,Democratic,423,39.64,1067,Republican
1960,South Dakota,SD,Kingsbury,County,Richard Nixon,Republican,2887,63.26,4564,Republican
1960,South Dakota,SD,Kingsbury,County,John F. Kennedy,Democratic,1677,36.74,4564,Republican
1960,South Dakota,SD,Lake,County,Richard Nixon,Republican,3520,61.28,5744,Republican
1960,South Dakota,SD,Lake,County,John F. Kennedy,Democratic,2224,38.72,5744,Republican
1960,South Dakota,SD,Lawrence,County,Richard Nixon,Republican,5083,66.06,7695,Republican
1960,South Dakota,SD,Lawrence,County,John F. Kennedy,Democratic,2612,33.94,7695,Republican
1960,South Dakota,SD,Lincoln,County,Richard Nixon,Republican,3553,64.16,5538,Republican
1960,South Dakota,SD,Lincoln,County,John F. Kennedy,Democratic,1985,35.84,5538,Republican
1960,South Dakota,SD,Lyman,County,Richard Nixon,Republican,1166,57.78,2018,Republican
1960,South Dakota,SD,Lyman,County,John F. Kennedy,Democratic,852,42.22,2018,Republican
1960,South Dakota,SD,Marshall,County,Richard Nixon,Republican,1704,50.44,3378,Republican
1960,South Dakota,SD,Marshall,County,John F. Kennedy,Democratic,1674,49.56,3378,Republican
1960,South Dakota,SD,McCook,County,Richard Nixon,Republican,2375,56.93,4172,Republican
1960,South Dakota,SD,McCook,County,John F. Kennedy,Democratic,1797,43.07,4172,Republican
1960,South Dakota,SD,McPherson,County,Richard Nixon,Republican,2354,79.26,2970,Republican
1960,South Dakota,SD,McPherson,County,John F. Kennedy,Democratic,616,20.74,2970,Republican
1960,South Dakota,SD,Meade,County,Richard Nixon,Republican,2644,57.89,4567,Republican
1960,South Dakota,SD,Meade,County,John F. Kennedy,Democratic,1923,42.11,4567,Republican
1960,South Dakota,SD,Mellette,County,Richard Nixon,Republican,774,60.28,1284,Republican
1960,South Dakota,SD,Mellette,County,John F. Kennedy,Democratic,510,39.72,1284,Republican
1960,South Dakota,SD,Miner,County,Richard Nixon,Republican,1377,51.13,2693,Republican
1960,South Dakota,SD,Miner,County,John F. Kennedy,Democratic,1316,48.87,2693,Republican
1960,South Dakota,SD,Minnehaha,County,Richard Nixon,Republican,23238,60.53,38390,Republican
1960,South Dakota,SD,Minnehaha,County,John F. Kennedy,Democratic,15152,39.47,38390,Republican
1960,South Dakota,SD,Moody,County,Richard Nixon,Republican,2119,52.49,4037,Republican
1960,South Dakota,SD,Moody,County,John F. Kennedy,Democratic,1918,47.51,4037,Republican
1960,South Dakota,SD,Pennington,County,Richard Nixon,Republican,11364,60.31,18842,Republican
1960,South Dakota,SD,Pennington,County,John F. Kennedy,Democratic,7478,39.69,18842,Republican
1960,South Dakota,SD,Perkins,County,Richard Nixon,Republican,1767,60.29,2931,Republican
1960,South Dakota,SD,Perkins,County,John F. Kennedy,Democratic,1164,39.71,2931,Republican
1960,South Dakota,SD,Potter,County,Richard Nixon,Republican,1326,56.91,2330,Republican
1960,South Dakota,SD,Potter,County,John F. Kennedy,Democratic,1004,43.09,2330,Republican
1960,South Dakota,SD,Roberts,County,Richard Nixon,Republican,2857,48.05,5946,Democratic
1960,South Dakota,SD,Roberts,County,John F. Kennedy,Democratic,3089,51.95,5946,Democratic
1960,South Dakota,SD,Sanborn,County,Richard Nixon,Republican,1254,50.1,2503,Republican
1960,South Dakota,SD,Sanborn,County,John F. Kennedy,Democratic,1249,49.9,2503,Republican
1960,South Dakota,SD,Shannon,County,Richard Nixon,Republican,655,36.59,1790,Democratic
1960,South Dakota,SD,Shannon,County,John F. Kennedy,Democratic,1135,63.41,1790,Democratic
1960,South Dakota,SD,Spink,County,Richard Nixon,Republican,2738,51.65,5301,Republican
1960,South Dakota,SD,Spink,County,John F. Kennedy,Democratic,2563,48.35,5301,Republican
1960,South Dakota,SD,Stanley,County,Richard Nixon,Republican,678,48.15,1408,Democratic
1960,South Dakota,SD,Stanley,County,John F. Kennedy,Democratic,730,51.85,1408,Democratic
1960,South Dakota,SD,Sully,County,Richard Nixon,Republican,864,64.14,1347,Republican
1960,South Dakota,SD,Sully,County,John F. Kennedy,Democratic,483,35.86,1347,Republican
1960,South Dakota,SD,Todd,County,Richard Nixon,Republican,909,50.14,1813,Republican
1960,South Dakota,SD,Todd,County,John F. Kennedy,Democratic,904,49.86,1813,Republican
1960,South Dakota,SD,Tripp,County,Richard Nixon,Republican,2466,58.52,4214,Republican
1960,South Dakota,SD,Tripp,County,John F. Kennedy,Democratic,1748,41.48,4214,Republican
1960,South Dakota,SD,Turner,County,Richard Nixon,Republican,4120,72.7,5667,Republican
1960,South Dakota,SD,Turner,County,John F. Kennedy,Democratic,1547,27.3,5667,Republican
1960,South Dakota,SD,Union,County,Richard Nixon,Republican,2688,53.56,5019,Republican
1960,South Dakota,SD,Union,County,John F. Kennedy,Democratic,2331,46.44,5019,Republican
1960,South Dakota,SD,Walworth,County,Richard Nixon,Republican,2406,62.11,3874,Republican
1960,South Dakota,SD,Walworth,County,John F. Kennedy,Democratic,1468,37.89,3874,Republican
1960,South Dakota,SD,Washabaugh,County,Richard Nixon,Republican,260,54.97,473,Republican
1960,South Dakota,SD,Washabaugh,County,John F. Kennedy,Democratic,213,45.03,473,Republican
1960,South Dakota,SD,Yankton,County,Richard Nixon,Republican,4065,57.04,7126,Republican
1960,South Dakota,SD,Yankton,County,John F. Kennedy,Democratic,3061,42.96,7126,Republican
1960,South Dakota,SD,Ziebach,County,Richard Nixon,Republican,568,52.59,1080,Republican
1960,South Dakota,SD,Ziebach,County,John F. Kennedy,Democratic,512,47.41,1080,Republican
1960,Tennessee,TN,Anderson,County,Richard Nixon,Republican,11153,52.56,21221,Republican
1960,Tennessee,TN,Anderson,County,John F. Kennedy,Democratic,9878,46.55,21221,Republican
1960,Tennessee,TN,Anderson,County,Orval Faubus,National States’ Rights,152,0.72,21221,Republican
1960,Tennessee,TN,Anderson,County,Rutherford Decker,Prohibition,38,0.18,21221,Republican
1960,Tennessee,TN,Bedford,County,Richard Nixon,Republican,2633,36.81,7152,Democratic
1960,Tennessee,TN,Bedford,County,John F. Kennedy,Democratic,4457,62.32,7152,Democratic
1960,Tennessee,TN,Bedford,County,Orval Faubus,National States’ Rights,62,0.87,7152,Democratic
1960,Tennessee,TN,Bedford,County,Rutherford Decker,Prohibition,0,0.0,7152,Democratic
1960,Tennessee,TN,Benton,County,Richard Nixon,Republican,1773,45.2,3923,Democratic
1960,Tennessee,TN,Benton,County,John F. Kennedy,Democratic,2030,51.75,3923,Democratic
1960,Tennessee,TN,Benton,County,Orval Faubus,National States’ Rights,120,3.06,3923,Democratic
1960,Tennessee,TN,Benton,County,Rutherford Decker,Prohibition,0,0.0,3923,Democratic
1960,Tennessee,TN,Bledsoe,County,Richard Nixon,Republican,1439,58.69,2452,Republican
1960,Tennessee,TN,Bledsoe,County,John F. Kennedy,Democratic,981,40.01,2452,Republican
1960,Tennessee,TN,Bledsoe,County,Orval Faubus,National States’ Rights,24,0.98,2452,Republican
1960,Tennessee,TN,Bledsoe,County,Rutherford Decker,Prohibition,8,0.33,2452,Republican
1960,Tennessee,TN,Blount,County,Richard Nixon,Republican,13552,68.2,19872,Republican
1960,Tennessee,TN,Blount,County,John F. Kennedy,Democratic,6213,31.27,19872,Republican
1960,Tennessee,TN,Blount,County,Orval Faubus,National States’ Rights,67,0.34,19872,Republican
1960,Tennessee,TN,Blount,County,Rutherford Decker,Prohibition,40,0.2,19872,Republican
1960,Tennessee,TN,Bradley,County,Richard Nixon,Republican,7865,69.69,11285,Republican
1960,Tennessee,TN,Bradley,County,John F. Kennedy,Democratic,3307,29.3,11285,Republican
1960,Tennessee,TN,Bradley,County,Orval Faubus,National States’ Rights,91,0.81,11285,Republican
1960,Tennessee,TN,Bradley,County,Rutherford Decker,Prohibition,22,0.19,11285,Republican
1960,Tennessee,TN,Campbell,County,Richard Nixon,Republican,5079,61.21,8297,Republican
1960,Tennessee,TN,Campbell,County,John F. Kennedy,Democratic,3134,37.77,8297,Republican
1960,Tennessee,TN,Campbell,County,Orval Faubus,National States’ Rights,63,0.76,8297,Republican
1960,Tennessee,TN,Campbell,County,Rutherford Decker,Prohibition,21,0.25,8297,Republican
1960,Tennessee,TN,Cannon,County,Richard Nixon,Republican,1195,48.05,2487,Democratic
1960,Tennessee,TN,Cannon,County,John F. Kennedy,Democratic,1275,51.27,2487,Democratic
1960,Tennessee,TN,Cannon,County,Orval Faubus,National States’ Rights,14,0.56,2487,Democratic
1960,Tennessee,TN,Cannon,County,Rutherford Decker,Prohibition,3,0.12,2487,Democratic
1960,Tennessee,TN,Carroll,County,Richard Nixon,Republican,4517,59.36,7609,Republican
1960,Tennessee,TN,Carroll,County,John F. Kennedy,Democratic,2961,38.91,7609,Republican
1960,Tennessee,TN,Carroll,County,Orval Faubus,National States’ Rights,117,1.54,7609,Republican
1960,Tennessee,TN,Carroll,County,Rutherford Decker,Prohibition,14,0.18,7609,Republican
1960,Tennessee,TN,Carter,County,Richard Nixon,Republican,12214,77.31,15798,Republican
1960,Tennessee,TN,Carter,County,John F. Kennedy,Democratic,3412,21.6,15798,Republican
1960,Tennessee,TN,Carter,County,Orval Faubus,National States’ Rights,94,0.6,15798,Republican
1960,Tennessee,TN,Carter,County,Rutherford Decker,Prohibition,78,0.49,15798,Republican
1960,Tennessee,TN,Cheatham,County,Richard Nixon,Republican,683,26.2,2607,Democratic
1960,Tennessee,TN,Cheatham,County,John F. Kennedy,Democratic,1883,72.23,2607,Democratic
1960,Tennessee,TN,Cheatham,County,Orval Faubus,National States’ Rights,34,1.3,2607,Democratic
1960,Tennessee,TN,Cheatham,County,Rutherford Decker,Prohibition,7,0.27,2607,Democratic
1960,Tennessee,TN,Chester,County,Richard Nixon,Republican,1807,59.05,3060,Republican
1960,Tennessee,TN,Chester,County,John F. Kennedy,Democratic,1192,38.95,3060,Republican
1960,Tennessee,TN,Chester,County,Orval Faubus,National States’ Rights,54,1.76,3060,Republican
1960,Tennessee,TN,Chester,County,Rutherford Decker,Prohibition,7,0.23,3060,Republican
1960,Tennessee,TN,Claiborne,County,Richard Nixon,Republican,3888,64.2,6056,Republican
1960,Tennessee,TN,Claiborne,County,John F. Kennedy,Democratic,2142,35.37,6056,Republican
1960,Tennessee,TN,Claiborne,County,Orval Faubus,National States’ Rights,18,0.3,6056,Republican
1960,Tennessee,TN,Claiborne,County,Rutherford Decker,Prohibition,8,0.13,6056,Republican
1960,Tennessee,TN,Clay,County,Richard Nixon,Republican,1098,52.14,2106,Republican
1960,Tennessee,TN,Clay,County,John F. Kennedy,Democratic,976,46.34,2106,Republican
1960,Tennessee,TN,Clay,County,Orval Faubus,National States’ Rights,32,1.52,2106,Republican
1960,Tennessee,TN,Clay,County,Rutherford Decker,Prohibition,0,0.0,2106,Republican
1960,Tennessee,TN,Cocke,County,Richard Nixon,Republican,6581,81.3,8095,Republican
1960,Tennessee,TN,Cocke,County,John F. Kennedy,Democratic,1442,17.81,8095,Republican
1960,Tennessee,TN,Cocke,County,Orval Faubus,National States’ Rights,34,0.42,8095,Republican
1960,Tennessee,TN,Cocke,County,Rutherford Decker,Prohibition,38,0.47,8095,Republican
1960,Tennessee,TN,Coffee,County,Richard Nixon,Republican,3058,39.79,7686,Democratic
1960,Tennessee,TN,Coffee,County,John F. Kennedy,Democratic,4555,59.26,7686,Democratic
1960,Tennessee,TN,Coffee,County,Orval Faubus,National States’ Rights,66,0.86,7686,Democratic
1960,Tennessee,TN,Coffee,County,Rutherford Decker,Prohibition,7,0.09,7686,Democratic
1960,Tennessee,TN,Crockett,County,Richard Nixon,Republican,1467,48.69,3013,Republican
1960,Tennessee,TN,Crockett,County,John F. Kennedy,Democratic,1438,47.73,3013,Republican
1960,Tennessee,TN,Crockett,County,Orval Faubus,National States’ Rights,95,3.15,3013,Republican
1960,Tennessee,TN,Crockett,County,Rutherford Decker,Prohibition,13,0.43,3013,Republican
1960,Tennessee,TN,Cumberland,County,Richard Nixon,Republican,3523,60.7,5804,Republican
1960,Tennessee,TN,Cumberland,County,John F. Kennedy,Democratic,2189,37.72,5804,Republican
1960,Tennessee,TN,Cumberland,County,Orval Faubus,National States’ Rights,62,1.07,5804,Republican
1960,Tennessee,TN,Cumberland,County,Rutherford Decker,Prohibition,30,0.52,5804,Republican
1960,Tennessee,TN,Davidson,County,Richard Nixon,Republican,52077,46.25,112597,Democratic
1960,Tennessee,TN,Davidson,County,John F. Kennedy,Democratic,59649,52.98,112597,Democratic
1960,Tennessee,TN,Davidson,County,Orval Faubus,National States’ Rights,666,0.59,112597,Democratic
1960,Tennessee,TN,Davidson,County,Rutherford Decker,Prohibition,205,0.18,112597,Democratic
1960,Tennessee,TN,Decatur,County,Richard Nixon,Republican,1684,54.76,3075,Republican
1960,Tennessee,TN,Decatur,County,John F. Kennedy,Democratic,1321,42.96,3075,Republican
1960,Tennessee,TN,Decatur,County,Orval Faubus,National States’ Rights,51,1.66,3075,Republican
1960,Tennessee,TN,Decatur,County,Rutherford Decker,Prohibition,19,0.62,3075,Republican
1960,Tennessee,TN,DeKalb,County,Richard Nixon,Republican,1440,47.59,3026,Democratic
1960,Tennessee,TN,DeKalb,County,John F. Kennedy,Democratic,1547,51.12,3026,Democratic
1960,Tennessee,TN,DeKalb,County,Orval Faubus,National States’ Rights,29,0.96,3026,Democratic
1960,Tennessee,TN,DeKalb,County,Rutherford Decker,Prohibition,10,0.33,3026,Democratic
1960,Tennessee,TN,Dickson,County,Richard Nixon,Republican,1928,32.71,5894,Democratic
1960,Tennessee,TN,Dickson,County,John F. Kennedy,Democratic,3930,66.68,5894,Democratic
1960,Tennessee,TN,Dickson,County,Orval Faubus,National States’ Rights,33,0.56,5894,Democratic
1960,Tennessee,TN,Dickson,County,Rutherford Decker,Prohibition,3,0.05,5894,Democratic
1960,Tennessee,TN,Dyer,County,Richard Nixon,Republican,4097,49.95,8203,Republican
1960,Tennessee,TN,Dyer,County,John F. Kennedy,Democratic,3868,47.15,8203,Republican
1960,Tennessee,TN,Dyer,County,Orval Faubus,National States’ Rights,221,2.69,8203,Republican
1960,Tennessee,TN,Dyer,County,Rutherford Decker,Prohibition,17,0.21,8203,Republican
1960,Tennessee,TN,Fayette,County,Richard Nixon,Republican,1370,48.95,2799,Republican
1960,Tennessee,TN,Fayette,County,John F. Kennedy,Democratic,892,31.87,2799,Republican
1960,Tennessee,TN,Fayette,County,Orval Faubus,National States’ Rights,517,18.47,2799,Republican
1960,Tennessee,TN,Fayette,County,Rutherford Decker,Prohibition,20,0.71,2799,Republican
1960,Tennessee,TN,Fentress,County,Richard Nixon,Republican,2726,71.89,3792,Republican
1960,Tennessee,TN,Fentress,County,John F. Kennedy,Democratic,1014,26.74,3792,Republican
1960,Tennessee,TN,Fentress,County,Orval Faubus,National States’ Rights,37,0.98,3792,Republican
1960,Tennessee,TN,Fentress,County,Rutherford Decker,Prohibition,15,0.4,3792,Republican
1960,Tennessee,TN,Franklin,County,Richard Nixon,Republican,2041,28.59,7139,Democratic
1960,Tennessee,TN,Franklin,County,John F. Kennedy,Democratic,5041,70.61,7139,Democratic
1960,Tennessee,TN,Franklin,County,Orval Faubus,National States’ Rights,45,0.63,7139,Democratic
1960,Tennessee,TN,Franklin,County,Rutherford Decker,Prohibition,12,0.17,7139,Democratic
1960,Tennessee,TN,Gibson,County,Richard Nixon,Republican,5173,45.66,11329,Democratic
1960,Tennessee,TN,Gibson,County,John F. Kennedy,Democratic,5796,51.16,11329,Democratic
1960,Tennessee,TN,Gibson,County,Orval Faubus,National States’ Rights,330,2.91,11329,Democratic
1960,Tennessee,TN,Gibson,County,Rutherford Decker,Prohibition,30,0.26,11329,Democratic
1960,Tennessee,TN,Giles,County,Richard Nixon,Republican,1598,24.54,6513,Democratic
1960,Tennessee,TN,Giles,County,John F. Kennedy,Democratic,4879,74.91,6513,Democratic
1960,Tennessee,TN,Giles,County,Orval Faubus,National States’ Rights,24,0.37,6513,Democratic
1960,Tennessee,TN,Giles,County,Rutherford Decker,Prohibition,12,0.18,6513,Democratic
1960,Tennessee,TN,Grainger,County,Richard Nixon,Republican,3017,75.86,3977,Republican
1960,Tennessee,TN,Grainger,County,John F. Kennedy,Democratic,939,23.61,3977,Republican
1960,Tennessee,TN,Grainger,County,Orval Faubus,National States’ Rights,12,0.3,3977,Republican
1960,Tennessee,TN,Grainger,County,Rutherford Decker,Prohibition,9,0.23,3977,Republican
1960,Tennessee,TN,Greene,County,Richard Nixon,Republican,8835,66.55,13276,Republican
1960,Tennessee,TN,Greene,County,John F. Kennedy,Democratic,4406,33.19,13276,Republican
1960,Tennessee,TN,Greene,County,Orval Faubus,National States’ Rights,20,0.15,13276,Republican
1960,Tennessee,TN,Greene,County,Rutherford Decker,Prohibition,15,0.11,13276,Republican
1960,Tennessee,TN,Grundy,County,Richard Nixon,Republican,786,26.55,2960,Democratic
1960,Tennessee,TN,Grundy,County,John F. Kennedy,Democratic,2143,72.4,2960,Democratic
1960,Tennessee,TN,Grundy,County,Orval Faubus,National States’ Rights,19,0.64,2960,Democratic
1960,Tennessee,TN,Grundy,County,Rutherford Decker,Prohibition,12,0.41,2960,Democratic
1960,Tennessee,TN,Hamblen,County,Richard Nixon,Republican,7093,69.23,10245,Republican
1960,Tennessee,TN,Hamblen,County,John F. Kennedy,Democratic,3122,30.47,10245,Republican
1960,Tennessee,TN,Hamblen,County,Orval Faubus,National States’ Rights,30,0.29,10245,Republican
1960,Tennessee,TN,Hamblen,County,Rutherford Decker,Prohibition,0,0.0,10245,Republican
1960,Tennessee,TN,Hamilton,County,Richard Nixon,Republican,39703,55.7,71277,Republican
1960,Tennessee,TN,Hamilton,County,John F. Kennedy,Democratic,30482,42.77,71277,Republican
1960,Tennessee,TN,Hamilton,County,Orval Faubus,National States’ Rights,959,1.35,71277,Republican
1960,Tennessee,TN,Hamilton,County,Rutherford Decker,Prohibition,133,0.19,71277,Republican
1960,Tennessee,TN,Hancock,County,Richard Nixon,Republican,2107,82.56,2552,Republican
1960,Tennessee,TN,Hancock,County,John F. Kennedy,Democratic,438,17.16,2552,Republican
1960,Tennessee,TN,Hancock,County,Orval Faubus,National States’ Rights,7,0.27,2552,Republican
1960,Tennessee,TN,Hancock,County,Rutherford Decker,Prohibition,0,0.0,2552,Republican
1960,Tennessee,TN,Hardeman,County,Richard Nixon,Republican,1601,44.42,3604,Democratic
1960,Tennessee,TN,Hardeman,County,John F. Kennedy,Democratic,1711,47.48,3604,Democratic
1960,Tennessee,TN,Hardeman,County,Orval Faubus,National States’ Rights,288,7.99,3604,Democratic
1960,Tennessee,TN,Hardeman,County,Rutherford Decker,Prohibition,4,0.11,3604,Democratic
1960,Tennessee,TN,Hardin,County,Richard Nixon,Republican,3323,65.18,5098,Republican
1960,Tennessee,TN,Hardin,County,John F. Kennedy,Democratic,1690,33.15,5098,Republican
1960,Tennessee,TN,Hardin,County,Orval Faubus,National States’ Rights,73,1.43,5098,Republican
1960,Tennessee,TN,Hardin,County,Rutherford Decker,Prohibition,12,0.24,5098,Republican
1960,Tennessee,TN,Hawkins,County,Richard Nixon,Republican,7010,72.48,9672,Republican
1960,Tennessee,TN,Hawkins,County,John F. Kennedy,Democratic,2586,26.74,9672,Republican
1960,Tennessee,TN,Hawkins,County,Orval Faubus,National States’ Rights,65,0.67,9672,Republican
1960,Tennessee,TN,Hawkins,County,Rutherford Decker,Prohibition,11,0.11,9672,Republican
1960,Tennessee,TN,Haywood,County,Richard Nixon,Republican,1188,35.63,3334,Democratic
1960,Tennessee,TN,Haywood,County,John F. Kennedy,Democratic,1867,56.0,3334,Democratic
1960,Tennessee,TN,Haywood,County,Orval Faubus,National States’ Rights,258,7.74,3334,Democratic
1960,Tennessee,TN,Haywood,County,Rutherford Decker,Prohibition,21,0.63,3334,Democratic
1960,Tennessee,TN,Henderson,County,Richard Nixon,Republican,3597,70.14,5128,Republican
1960,Tennessee,TN,Henderson,County,John F. Kennedy,Democratic,1490,29.06,5128,Republican
1960,Tennessee,TN,Henderson,County,Orval Faubus,National States’ Rights,31,0.6,5128,Republican
1960,Tennessee,TN,Henderson,County,Rutherford Decker,Prohibition,10,0.2,5128,Republican
1960,Tennessee,TN,Henry,County,Richard Nixon,Republican,3033,36.93,8213,Democratic
1960,Tennessee,TN,Henry,County,John F. Kennedy,Democratic,5049,61.48,8213,Democratic
1960,Tennessee,TN,Henry,County,Orval Faubus,National States’ Rights,131,1.6,8213,Democratic
1960,Tennessee,TN,Henry,County,Rutherford Decker,Prohibition,0,0.0,8213,Democratic
1960,Tennessee,TN,Hickman,County,Richard Nixon,Republican,1224,33.2,3687,Democratic
1960,Tennessee,TN,Hickman,County,John F. Kennedy,Democratic,2401,65.12,3687,Democratic
1960,Tennessee,TN,Hickman,County,Orval Faubus,National States’ Rights,38,1.03,3687,Democratic
1960,Tennessee,TN,Hickman,County,Rutherford Decker,Prohibition,24,0.65,3687,Democratic
1960,Tennessee,TN,Houston,County,Richard Nixon,Republican,366,23.87,1533,Democratic
1960,Tennessee,TN,Houston,County,John F. Kennedy,Democratic,1150,75.02,1533,Democratic
1960,Tennessee,TN,Houston,County,Orval Faubus,National States’ Rights,13,0.85,1533,Democratic
1960,Tennessee,TN,Houston,County,Rutherford Decker,Prohibition,4,0.26,1533,Democratic
1960,Tennessee,TN,Humphreys,County,Richard Nixon,Republican,1126,29.9,3766,Democratic
1960,Tennessee,TN,Humphreys,County,John F. Kennedy,Democratic,2592,68.83,3766,Democratic
1960,Tennessee,TN,Humphreys,County,Orval Faubus,National States’ Rights,27,0.72,3766,Democratic
1960,Tennessee,TN,Humphreys,County,Rutherford Decker,Prohibition,21,0.56,3766,Democratic
1960,Tennessee,TN,Jackson,County,Richard Nixon,Republican,1049,39.8,2636,Democratic
1960,Tennessee,TN,Jackson,County,John F. Kennedy,Democratic,1539,58.38,2636,Democratic
1960,Tennessee,TN,Jackson,County,Orval Faubus,National States’ Rights,10,0.38,2636,Democratic
1960,Tennessee,TN,Jackson,County,Rutherford Decker,Prohibition,38,1.44,2636,Democratic
1960,Tennessee,TN,Jefferson,County,Richard Nixon,Republican,6141,78.79,7794,Republican
1960,Tennessee,TN,Jefferson,County,John F. Kennedy,Democratic,1620,20.79,7794,Republican
1960,Tennessee,TN,Jefferson,County,Orval Faubus,National States’ Rights,28,0.36,7794,Republican
1960,Tennessee,TN,Jefferson,County,Rutherford Decker,Prohibition,5,0.06,7794,Republican
1960,Tennessee,TN,Johnson,County,Richard Nixon,Republican,3854,86.74,4443,Republican
1960,Tennessee,TN,Johnson,County,John F. Kennedy,Democratic,571,12.85,4443,Republican
1960,Tennessee,TN,Johnson,County,Orval Faubus,National States’ Rights,13,0.29,4443,Republican
1960,Tennessee,TN,Johnson,County,Rutherford Decker,Prohibition,5,0.11,4443,Republican
1960,Tennessee,TN,Knox,County,Richard Nixon,Republican,50811,61.0,83300,Republican
1960,Tennessee,TN,Knox,County,John F. Kennedy,Democratic,31990,38.4,83300,Republican
1960,Tennessee,TN,Knox,County,Orval Faubus,National States’ Rights,413,0.5,83300,Republican
1960,Tennessee,TN,Knox,County,Rutherford Decker,Prohibition,86,0.1,83300,Republican
1960,Tennessee,TN,Lake,County,Richard Nixon,Republican,732,34.03,2151,Democratic
1960,Tennessee,TN,Lake,County,John F. Kennedy,Democratic,1346,62.58,2151,Democratic
1960,Tennessee,TN,Lake,County,Orval Faubus,National States’ Rights,62,2.88,2151,Democratic
1960,Tennessee,TN,Lake,County,Rutherford Decker,Prohibition,11,0.51,2151,Democratic
1960,Tennessee,TN,Lauderdale,County,Richard Nixon,Republican,1322,27.36,4832,Democratic
1960,Tennessee,TN,Lauderdale,County,John F. Kennedy,Democratic,3462,71.65,4832,Democratic
1960,Tennessee,TN,Lauderdale,County,Orval Faubus,National States’ Rights,48,0.99,4832,Democratic
1960,Tennessee,TN,Lauderdale,County,Rutherford Decker,Prohibition,0,0.0,4832,Democratic
1960,Tennessee,TN,Lawrence,County,Richard Nixon,Republican,5709,53.66,10639,Republican
1960,Tennessee,TN,Lawrence,County,John F. Kennedy,Democratic,4862,45.7,10639,Republican
1960,Tennessee,TN,Lawrence,County,Orval Faubus,National States’ Rights,47,0.44,10639,Republican
1960,Tennessee,TN,Lawrence,County,Rutherford Decker,Prohibition,21,0.2,10639,Republican
1960,Tennessee,TN,Lewis,County,Richard Nixon,Republican,580,25.09,2312,Democratic
1960,Tennessee,TN,Lewis,County,John F. Kennedy,Democratic,1723,74.52,2312,Democratic
1960,Tennessee,TN,Lewis,County,Orval Faubus,National States’ Rights,4,0.17,2312,Democratic
1960,Tennessee,TN,Lewis,County,Rutherford Decker,Prohibition,5,0.22,2312,Democratic
1960,Tennessee,TN,Lincoln,County,Richard Nixon,Republican,1428,22.53,6338,Democratic
1960,Tennessee,TN,Lincoln,County,John F. Kennedy,Democratic,4862,76.71,6338,Democratic
1960,Tennessee,TN,Lincoln,County,Orval Faubus,National States’ Rights,30,0.47,6338,Democratic
1960,Tennessee,TN,Lincoln,County,Rutherford Decker,Prohibition,18,0.28,6338,Democratic
1960,Tennessee,TN,Loudon,County,Richard Nixon,Republican,5356,65.47,8181,Republican
1960,Tennessee,TN,Loudon,County,John F. Kennedy,Democratic,2722,33.27,8181,Republican
1960,Tennessee,TN,Loudon,County,Orval Faubus,National States’ Rights,61,0.75,8181,Republican
1960,Tennessee,TN,Loudon,County,Rutherford Decker,Prohibition,42,0.51,8181,Republican
1960,Tennessee,TN,Macon,County,Richard Nixon,Republican,2829,74.8,3782,Republican
1960,Tennessee,TN,Macon,County,John F. Kennedy,Democratic,915,24.19,3782,Republican
1960,Tennessee,TN,Macon,County,Orval Faubus,National States’ Rights,38,1.0,3782,Republican
1960,Tennessee,TN,Macon,County,Rutherford Decker,Prohibition,0,0.0,3782,Republican
1960,Tennessee,TN,Madison,County,Richard Nixon,Republican,8863,50.09,17693,Republican
1960,Tennessee,TN,Madison,County,John F. Kennedy,Democratic,8083,45.68,17693,Republican
1960,Tennessee,TN,Madison,County,Orval Faubus,National States’ Rights,717,4.05,17693,Republican
1960,Tennessee,TN,Madison,County,Rutherford Decker,Prohibition,30,0.17,17693,Republican
1960,Tennessee,TN,Marion,County,Richard Nixon,Republican,2657,45.3,5865,Democratic
1960,Tennessee,TN,Marion,County,John F. Kennedy,Democratic,3124,53.27,5865,Democratic
1960,Tennessee,TN,Marion,County,Orval Faubus,National States’ Rights,76,1.3,5865,Democratic
1960,Tennessee,TN,Marion,County,Rutherford Decker,Prohibition,8,0.14,5865,Democratic
1960,Tennessee,TN,Marshall,County,Richard Nixon,Republican,1717,31.87,5387,Democratic
1960,Tennessee,TN,Marshall,County,John F. Kennedy,Democratic,3625,67.29,5387,Democratic
1960,Tennessee,TN,Marshall,County,Orval Faubus,National States’ Rights,38,0.71,5387,Democratic
1960,Tennessee,TN,Marshall,County,Rutherford Decker,Prohibition,7,0.13,5387,Democratic
1960,Tennessee,TN,Maury,County,Richard Nixon,Republican,4133,37.99,10879,Democratic
1960,Tennessee,TN,Maury,County,John F. Kennedy,Democratic,6615,60.81,10879,Democratic
1960,Tennessee,TN,Maury,County,Orval Faubus,National States’ Rights,113,1.04,10879,Democratic
1960,Tennessee,TN,Maury,County,Rutherford Decker,Prohibition,18,0.17,10879,Democratic
1960,Tennessee,TN,McMinn,County,Richard Nixon,Republican,6586,61.17,10767,Republican
1960,Tennessee,TN,McMinn,County,John F. Kennedy,Democratic,4111,38.18,10767,Republican
1960,Tennessee,TN,McMinn,County,Orval Faubus,National States’ Rights,70,0.65,10767,Republican
1960,Tennessee,TN,McMinn,County,Rutherford Decker,Prohibition,0,0.0,10767,Republican
1960,Tennessee,TN,McNairy,County,Richard Nixon,Republican,3310,59.15,5596,Republican
1960,Tennessee,TN,McNairy,County,John F. Kennedy,Democratic,2173,38.83,5596,Republican
1960,Tennessee,TN,McNairy,County,Orval Faubus,National States’ Rights,93,1.66,5596,Republican
1960,Tennessee,TN,McNairy,County,Rutherford Decker,Prohibition,20,0.36,5596,Republican
1960,Tennessee,TN,Meigs,County,Richard Nixon,Republican,901,56.14,1605,Republican
1960,Tennessee,TN,Meigs,County,John F. Kennedy,Democratic,691,43.05,1605,Republican
1960,Tennessee,TN,Meigs,County,Orval Faubus,National States’ Rights,7,0.44,1605,Republican
1960,Tennessee,TN,Meigs,County,Rutherford Decker,Prohibition,6,0.37,1605,Republican
1960,Tennessee,TN,Monroe,County,Richard Nixon,Republican,4991,59.05,8452,Republican
1960,Tennessee,TN,Monroe,County,John F. Kennedy,Democratic,3375,39.93,8452,Republican
1960,Tennessee,TN,Monroe,County,Orval Faubus,National States’ Rights,36,0.43,8452,Republican
1960,Tennessee,TN,Monroe,County,Rutherford Decker,Prohibition,50,0.59,8452,Republican
1960,Tennessee,TN,Montgomery,County,Richard Nixon,Republican,2550,24.83,10270,Democratic
1960,Tennessee,TN,Montgomery,County,John F. Kennedy,Democratic,7635,74.34,10270,Democratic
1960,Tennessee,TN,Montgomery,County,Orval Faubus,National States’ Rights,61,0.59,10270,Democratic
1960,Tennessee,TN,Montgomery,County,Rutherford Decker,Prohibition,24,0.23,10270,Democratic
1960,Tennessee,TN,Moore,County,Richard Nixon,Republican,313,26.37,1187,Democratic
1960,Tennessee,TN,Moore,County,John F. Kennedy,Democratic,863,72.7,1187,Democratic
1960,Tennessee,TN,Moore,County,Orval Faubus,National States’ Rights,9,0.76,1187,Democratic
1960,Tennessee,TN,Moore,County,Rutherford Decker,Prohibition,2,0.17,1187,Democratic
1960,Tennessee,TN,Morgan,County,Richard Nixon,Republican,2241,58.13,3855,Republican
1960,Tennessee,TN,Morgan,County,John F. Kennedy,Democratic,1576,40.88,3855,Republican
1960,Tennessee,TN,Morgan,County,Orval Faubus,National States’ Rights,38,0.99,3855,Republican
1960,Tennessee,TN,Morgan,County,Rutherford Decker,Prohibition,0,0.0,3855,Republican
1960,Tennessee,TN,Obion,County,Richard Nixon,Republican,3800,46.36,8196,Democratic
1960,Tennessee,TN,Obion,County,John F. Kennedy,Democratic,4244,51.78,8196,Democratic
1960,Tennessee,TN,Obion,County,Orval Faubus,National States’ Rights,122,1.49,8196,Democratic
1960,Tennessee,TN,Obion,County,Rutherford Decker,Prohibition,30,0.37,8196,Democratic
1960,Tennessee,TN,Overton,County,Richard Nixon,Republican,1831,43.06,4252,Democratic
1960,Tennessee,TN,Overton,County,John F. Kennedy,Democratic,2389,56.19,4252,Democratic
1960,Tennessee,TN,Overton,County,Orval Faubus,National States’ Rights,23,0.54,4252,Democratic
1960,Tennessee,TN,Overton,County,Rutherford Decker,Prohibition,9,0.21,4252,Democratic
1960,Tennessee,TN,Perry,County,Richard Nixon,Republican,645,37.13,1737,Democratic
1960,Tennessee,TN,Perry,County,John F. Kennedy,Democratic,1076,61.95,1737,Democratic
1960,Tennessee,TN,Perry,County,Orval Faubus,National States’ Rights,8,0.46,1737,Democratic
1960,Tennessee,TN,Perry,County,Rutherford Decker,Prohibition,8,0.46,1737,Democratic
1960,Tennessee,TN,Pickett,County,Richard Nixon,Republican,1154,67.05,1721,Republican
1960,Tennessee,TN,Pickett,County,John F. Kennedy,Democratic,567,32.95,1721,Republican
1960,Tennessee,TN,Pickett,County,Orval Faubus,National States’ Rights,0,0.0,1721,Republican
1960,Tennessee,TN,Pickett,County,Rutherford Decker,Prohibition,0,0.0,1721,Republican
1960,Tennessee,TN,Polk,County,Richard Nixon,Republican,2187,58.3,3751,Republican
1960,Tennessee,TN,Polk,County,John F. Kennedy,Democratic,1532,40.84,3751,Republican
1960,Tennessee,TN,Polk,County,Orval Faubus,National States’ Rights,23,0.61,3751,Republican
1960,Tennessee,TN,Polk,County,Rutherford Decker,Prohibition,9,0.24,3751,Republican
1960,Tennessee,TN,Putnam,County,Richard Nixon,Republican,4240,48.65,8715,Democratic
1960,Tennessee,TN,Putnam,County,John F. Kennedy,Democratic,4443,50.98,8715,Democratic
1960,Tennessee,TN,Putnam,County,Orval Faubus,National States’ Rights,32,0.37,8715,Democratic
1960,Tennessee,TN,Putnam,County,Rutherford Decker,Prohibition,0,0.0,8715,Democratic
1960,Tennessee,TN,Rhea,County,Richard Nixon,Republican,2721,59.78,4552,Republican
1960,Tennessee,TN,Rhea,County,John F. Kennedy,Democratic,1761,38.69,4552,Republican
1960,Tennessee,TN,Rhea,County,Orval Faubus,National States’ Rights,52,1.14,4552,Republican
1960,Tennessee,TN,Rhea,County,Rutherford Decker,Prohibition,18,0.4,4552,Republican
1960,Tennessee,TN,Roane,County,Richard Nixon,Republican,6540,56.25,11626,Republican
1960,Tennessee,TN,Roane,County,John F. Kennedy,Democratic,4953,42.6,11626,Republican
1960,Tennessee,TN,Roane,County,Orval Faubus,National States’ Rights,108,0.93,11626,Republican
1960,Tennessee,TN,Roane,County,Rutherford Decker,Prohibition,25,0.22,11626,Republican
1960,Tennessee,TN,Robertson,County,Richard Nixon,Republican,1776,30.15,5891,Democratic
1960,Tennessee,TN,Robertson,County,John F. Kennedy,Democratic,4053,68.8,5891,Democratic
1960,Tennessee,TN,Robertson,County,Orval Faubus,National States’ Rights,46,0.78,5891,Democratic
1960,Tennessee,TN,Robertson,County,Rutherford Decker,Prohibition,16,0.27,5891,Democratic
1960,Tennessee,TN,Rutherford,County,Richard Nixon,Republican,4526,40.95,11052,Democratic
1960,Tennessee,TN,Rutherford,County,John F. Kennedy,Democratic,6410,58.0,11052,Democratic
1960,Tennessee,TN,Rutherford,County,Orval Faubus,National States’ Rights,91,0.82,11052,Democratic
1960,Tennessee,TN,Rutherford,County,Rutherford Decker,Prohibition,25,0.23,11052,Democratic
1960,Tennessee,TN,Scott,County,Richard Nixon,Republican,3301,74.84,4411,Republican
1960,Tennessee,TN,Scott,County,John F. Kennedy,Democratic,1098,24.89,4411,Republican
1960,Tennessee,TN,Scott,County,Orval Faubus,National States’ Rights,3,0.07,4411,Republican
1960,Tennessee,TN,Scott,County,Rutherford Decker,Prohibition,9,0.2,4411,Republican
1960,Tennessee,TN,Sequatchie,County,Richard Nixon,Republican,703,42.48,1655,Democratic
1960,Tennessee,TN,Sequatchie,County,John F. Kennedy,Democratic,930,56.19,1655,Democratic
1960,Tennessee,TN,Sequatchie,County,Orval Faubus,National States’ Rights,18,1.09,1655,Democratic
1960,Tennessee,TN,Sequatchie,County,Rutherford Decker,Prohibition,4,0.24,1655,Democratic
1960,Tennessee,TN,Sevier,County,Richard Nixon,Republican,7818,85.05,9192,Republican
1960,Tennessee,TN,Sevier,County,John F. Kennedy,Democratic,1341,14.59,9192,Republican
1960,Tennessee,TN,Sevier,County,Orval Faubus,National States’ Rights,27,0.29,9192,Republican
1960,Tennessee,TN,Sevier,County,Rutherford Decker,Prohibition,6,0.07,9192,Republican
1960,Tennessee,TN,Shelby,County,Richard Nixon,Republican,87191,49.37,176607,Republican
1960,Tennessee,TN,Shelby,County,John F. Kennedy,Democratic,86270,48.85,176607,Republican
1960,Tennessee,TN,Shelby,County,Orval Faubus,National States’ Rights,2956,1.67,176607,Republican
1960,Tennessee,TN,Shelby,County,Rutherford Decker,Prohibition,190,0.11,176607,Republican
1960,Tennessee,TN,Smith,County,Richard Nixon,Republican,1601,39.43,4060,Democratic
1960,Tennessee,TN,Smith,County,John F. Kennedy,Democratic,2411,59.38,4060,Democratic
1960,Tennessee,TN,Smith,County,Orval Faubus,National States’ Rights,36,0.89,4060,Democratic
1960,Tennessee,TN,Smith,County,Rutherford Decker,Prohibition,12,0.3,4060,Democratic
1960,Tennessee,TN,Stewart,County,Richard Nixon,Republican,539,22.59,2386,Democratic
1960,Tennessee,TN,Stewart,County,John F. Kennedy,Democratic,1810,75.86,2386,Democratic
1960,Tennessee,TN,Stewart,County,Orval Faubus,National States’ Rights,31,1.3,2386,Democratic
1960,Tennessee,TN,Stewart,County,Rutherford Decker,Prohibition,6,0.25,2386,Democratic
1960,Tennessee,TN,Sullivan,County,Richard Nixon,Republican,22354,59.46,37598,Republican
1960,Tennessee,TN,Sullivan,County,John F. Kennedy,Democratic,14731,39.18,37598,Republican
1960,Tennessee,TN,Sullivan,County,Orval Faubus,National States’ Rights,139,0.37,37598,Republican
1960,Tennessee,TN,Sullivan,County,Rutherford Decker,Prohibition,374,0.99,37598,Republican
1960,Tennessee,TN,Sumner,County,Richard Nixon,Republican,3491,34.02,10261,Democratic
1960,Tennessee,TN,Sumner,County,John F. Kennedy,Democratic,6687,65.17,10261,Democratic
1960,Tennessee,TN,Sumner,County,Orval Faubus,National States’ Rights,58,0.57,10261,Democratic
1960,Tennessee,TN,Sumner,County,Rutherford Decker,Prohibition,25,0.24,10261,Democratic
1960,Tennessee,TN,Tipton,County,Richard Nixon,Republican,1829,30.91,5917,Democratic
1960,Tennessee,TN,Tipton,County,John F. Kennedy,Democratic,3853,65.12,5917,Democratic
1960,Tennessee,TN,Tipton,County,Orval Faubus,National States’ Rights,211,3.57,5917,Democratic
1960,Tennessee,TN,Tipton,County,Rutherford Decker,Prohibition,24,0.41,5917,Democratic
1960,Tennessee,TN,Trousdale,County,Richard Nixon,Republican,308,22.71,1356,Democratic
1960,Tennessee,TN,Trousdale,County,John F. Kennedy,Democratic,1036,76.4,1356,Democratic
1960,Tennessee,TN,Trousdale,County,Orval Faubus,National States’ Rights,9,0.66,1356,Democratic
1960,Tennessee,TN,Trousdale,County,Rutherford Decker,Prohibition,3,0.22,1356,Democratic
1960,Tennessee,TN,Unicoi,County,Richard Nixon,Republican,4004,75.04,5336,Republican
1960,Tennessee,TN,Unicoi,County,John F. Kennedy,Democratic,1322,24.78,5336,Republican
1960,Tennessee,TN,Unicoi,County,Orval Faubus,National States’ Rights,7,0.13,5336,Republican
1960,Tennessee,TN,Unicoi,County,Rutherford Decker,Prohibition,3,0.06,5336,Republican
1960,Tennessee,TN,Union,County,Richard Nixon,Republican,2082,75.63,2753,Republican
1960,Tennessee,TN,Union,County,John F. Kennedy,Democratic,652,23.68,2753,Republican
1960,Tennessee,TN,Union,County,Orval Faubus,National States’ Rights,11,0.4,2753,Republican
1960,Tennessee,TN,Union,County,Rutherford Decker,Prohibition,8,0.29,2753,Republican
1960,Tennessee,TN,Van Buren,County,Richard Nixon,Republican,401,40.3,995,Democratic
1960,Tennessee,TN,Van Buren,County,John F. Kennedy,Democratic,577,57.99,995,Democratic
1960,Tennessee,TN,Van Buren,County,Orval Faubus,National States’ Rights,7,0.7,995,Democratic
1960,Tennessee,TN,Van Buren,County,Rutherford Decker,Prohibition,10,1.01,995,Democratic
1960,Tennessee,TN,Warren,County,Richard Nixon,Republican,2682,45.92,5841,Democratic
1960,Tennessee,TN,Warren,County,John F. Kennedy,Democratic,3119,53.4,5841,Democratic
1960,Tennessee,TN,Warren,County,Orval Faubus,National States’ Rights,32,0.55,5841,Democratic
1960,Tennessee,TN,Warren,County,Rutherford Decker,Prohibition,8,0.14,5841,Democratic
1960,Tennessee,TN,Washington,County,Richard Nixon,Republican,14851,69.93,21236,Republican
1960,Tennessee,TN,Washington,County,John F. Kennedy,Democratic,6283,29.59,21236,Republican
1960,Tennessee,TN,Washington,County,Orval Faubus,National States’ Rights,63,0.3,21236,Republican
1960,Tennessee,TN,Washington,County,Rutherford Decker,Prohibition,39,0.18,21236,Republican
1960,Tennessee,TN,Wayne,County,Richard Nixon,Republican,2912,75.21,3872,Republican
1960,Tennessee,TN,Wayne,County,John F. Kennedy,Democratic,931,24.04,3872,Republican
1960,Tennessee,TN,Wayne,County,Orval Faubus,National States’ Rights,17,0.44,3872,Republican
1960,Tennessee,TN,Wayne,County,Rutherford Decker,Prohibition,12,0.31,3872,Republican
1960,Tennessee,TN,Weakley,County,Richard Nixon,Republican,3543,43.69,8109,Democratic
1960,Tennessee,TN,Weakley,County,John F. Kennedy,Democratic,4488,55.35,8109,Democratic
1960,Tennessee,TN,Weakley,County,Orval Faubus,National States’ Rights,78,0.96,8109,Democratic
1960,Tennessee,TN,Weakley,County,Rutherford Decker,Prohibition,0,0.0,8109,Democratic
1960,Tennessee,TN,White,County,Richard Nixon,Republican,1725,43.15,3998,Democratic
1960,Tennessee,TN,White,County,John F. Kennedy,Democratic,2207,55.2,3998,Democratic
1960,Tennessee,TN,White,County,Orval Faubus,National States’ Rights,35,0.88,3998,Democratic
1960,Tennessee,TN,White,County,Rutherford Decker,Prohibition,31,0.78,3998,Democratic
1960,Tennessee,TN,Williamson,County,Richard Nixon,Republican,2699,37.34,7228,Democratic
1960,Tennessee,TN,Williamson,County,John F. Kennedy,Democratic,4471,61.86,7228,Democratic
1960,Tennessee,TN,Williamson,County,Orval Faubus,National States’ Rights,49,0.68,7228,Democratic
1960,Tennessee,TN,Williamson,County,Rutherford Decker,Prohibition,9,0.12,7228,Democratic
1960,Tennessee,TN,Wilson,County,Richard Nixon,Republican,3383,40.77,8297,Democratic
1960,Tennessee,TN,Wilson,County,John F. Kennedy,Democratic,4857,58.54,8297,Democratic
1960,Tennessee,TN,Wilson,County,Orval Faubus,National States’ Rights,49,0.59,8297,Democratic
1960,Tennessee,TN,Wilson,County,Rutherford Decker,Prohibition,8,0.1,8297,Democratic
1960,Texas,TX,Anderson,County,John F. Kennedy,Democratic,3296,47.21,6982,Republican
1960,Texas,TX,Anderson,County,Richard Nixon,Republican,3642,52.16,6982,Republican
1960,Texas,TX,Anderson,County,Other,Other,44,0.63,6982,Republican
1960,Texas,TX,Andrews,County,John F. Kennedy,Democratic,1821,53.42,3409,Democratic
1960,Texas,TX,Andrews,County,Richard Nixon,Republican,1550,45.47,3409,Democratic
1960,Texas,TX,Andrews,County,Other,Other,38,1.11,3409,Democratic
1960,Texas,TX,Angelina,County,John F. Kennedy,Democratic,7046,56.32,12510,Democratic
1960,Texas,TX,Angelina,County,Richard Nixon,Republican,5169,41.32,12510,Democratic
1960,Texas,TX,Angelina,County,Other,Other,295,2.36,12510,Democratic
1960,Texas,TX,Aransas,County,John F. Kennedy,Democratic,948,54.23,1748,Democratic
1960,Texas,TX,Aransas,County,Richard Nixon,Republican,792,45.31,1748,Democratic
1960,Texas,TX,Aransas,County,Other,Other,8,0.46,1748,Democratic
1960,Texas,TX,Archer,County,John F. Kennedy,Democratic,1341,66.29,2023,Democratic
1960,Texas,TX,Archer,County,Richard Nixon,Republican,680,33.61,2023,Democratic
1960,Texas,TX,Archer,County,Other,Other,2,0.1,2023,Democratic
1960,Texas,TX,Armstrong,County,John F. Kennedy,Democratic,365,42.44,860,Republican
1960,Texas,TX,Armstrong,County,Richard Nixon,Republican,488,56.74,860,Republican
1960,Texas,TX,Armstrong,County,Other,Other,7,0.81,860,Republican
1960,Texas,TX,Atascosa,County,John F. Kennedy,Democratic,2544,58.34,4361,Democratic
1960,Texas,TX,Atascosa,County,Richard Nixon,Republican,1812,41.55,4361,Democratic
1960,Texas,TX,Atascosa,County,Other,Other,5,0.11,4361,Democratic
1960,Texas,TX,Austin,County,John F. Kennedy,Democratic,1725,46.15,3738,Republican
1960,Texas,TX,Austin,County,Richard Nixon,Republican,1978,52.92,3738,Republican
1960,Texas,TX,Austin,County,Other,Other,35,0.94,3738,Republican
1960,Texas,TX,Bailey,County,John F. Kennedy,Democratic,1064,46.85,2271,Republican
1960,Texas,TX,Bailey,County,Richard Nixon,Republican,1180,51.96,2271,Republican
1960,Texas,TX,Bailey,County,Other,Other,27,1.19,2271,Republican
1960,Texas,TX,Bandera,County,John F. Kennedy,Democratic,539,36.32,1484,Republican
1960,Texas,TX,Bandera,County,Richard Nixon,Republican,942,63.48,1484,Republican
1960,Texas,TX,Bandera,County,Other,Other,3,0.2,1484,Republican
1960,Texas,TX,Bastrop,County,John F. Kennedy,Democratic,2866,70.25,4080,Democratic
1960,Texas,TX,Bastrop,County,Richard Nixon,Republican,1208,29.61,4080,Democratic
1960,Texas,TX,Bastrop,County,Other,Other,6,0.15,4080,Democratic
1960,Texas,TX,Baylor,County,John F. Kennedy,Democratic,1199,62.68,1913,Democratic
1960,Texas,TX,Baylor,County,Richard Nixon,Republican,713,37.27,1913,Democratic
1960,Texas,TX,Baylor,County,Other,Other,1,0.05,1913,Democratic
1960,Texas,TX,Bee,County,John F. Kennedy,Democratic,2557,53.42,4787,Democratic
1960,Texas,TX,Bee,County,Richard Nixon,Republican,2220,46.38,4787,Democratic
1960,Texas,TX,Bee,County,Other,Other,10,0.21,4787,Democratic
1960,Texas,TX,Bell,County,John F. Kennedy,Democratic,10651,69.67,15288,Democratic
1960,Texas,TX,Bell,County,Richard Nixon,Republican,4606,30.13,15288,Democratic
1960,Texas,TX,Bell,County,Other,Other,31,0.2,15288,Democratic
1960,Texas,TX,Bexar,County,John F. Kennedy,Democratic,75373,53.74,140245,Democratic
1960,Texas,TX,Bexar,County,Richard Nixon,Republican,63934,45.59,140245,Democratic
1960,Texas,TX,Bexar,County,Other,Other,938,0.67,140245,Democratic
1960,Texas,TX,Blanco,County,John F. Kennedy,Democratic,830,59.54,1394,Democratic
1960,Texas,TX,Blanco,County,Richard Nixon,Republican,557,39.96,1394,Democratic
1960,Texas,TX,Blanco,County,Other,Other,7,0.5,1394,Democratic
1960,Texas,TX,Borden,County,John F. Kennedy,Democratic,230,55.96,411,Democratic
1960,Texas,TX,Borden,County,Richard Nixon,Republican,166,40.39,411,Democratic
1960,Texas,TX,Borden,County,Other,Other,15,3.65,411,Democratic
1960,Texas,TX,Bosque,County,John F. Kennedy,Democratic,1852,52.54,3525,Democratic
1960,Texas,TX,Bosque,County,Richard Nixon,Republican,1653,46.89,3525,Democratic
1960,Texas,TX,Bosque,County,Other,Other,20,0.57,3525,Democratic
1960,Texas,TX,Bowie,County,John F. Kennedy,Democratic,9198,60.54,15193,Democratic
1960,Texas,TX,Bowie,County,Richard Nixon,Republican,5927,39.01,15193,Democratic
1960,Texas,TX,Bowie,County,Other,Other,68,0.45,15193,Democratic
1960,Texas,TX,Brazoria,County,John F. Kennedy,Democratic,10561,48.66,21705,Republican
1960,Texas,TX,Brazoria,County,Richard Nixon,Republican,10880,50.13,21705,Republican
1960,Texas,TX,Brazoria,County,Other,Other,264,1.22,21705,Republican
1960,Texas,TX,Brazos,County,John F. Kennedy,Democratic,5907,56.38,10477,Democratic
1960,Texas,TX,Brazos,County,Richard Nixon,Republican,4553,43.46,10477,Democratic
1960,Texas,TX,Brazos,County,Other,Other,17,0.16,10477,Democratic
1960,Texas,TX,Brewster,County,John F. Kennedy,Democratic,716,49.14,1457,Republican
1960,Texas,TX,Brewster,County,Richard Nixon,Republican,736,50.51,1457,Republican
1960,Texas,TX,Brewster,County,Other,Other,5,0.34,1457,Republican
1960,Texas,TX,Briscoe,County,John F. Kennedy,Democratic,570,51.26,1112,Democratic
1960,Texas,TX,Briscoe,County,Richard Nixon,Republican,533,47.93,1112,Democratic
1960,Texas,TX,Briscoe,County,Other,Other,9,0.81,1112,Democratic
1960,Texas,TX,Brooks,County,John F. Kennedy,Democratic,1934,77.02,2511,Democratic
1960,Texas,TX,Brooks,County,Richard Nixon,Republican,567,22.58,2511,Democratic
1960,Texas,TX,Brooks,County,Other,Other,10,0.4,2511,Democratic
1960,Texas,TX,Brown,County,John F. Kennedy,Democratic,3720,51.11,7278,Democratic
1960,Texas,TX,Brown,County,Richard Nixon,Republican,3512,48.26,7278,Democratic
1960,Texas,TX,Brown,County,Other,Other,46,0.63,7278,Democratic
1960,Texas,TX,Burleson,County,John F. Kennedy,Democratic,2466,78.46,3143,Democratic
1960,Texas,TX,Burleson,County,Richard Nixon,Republican,672,21.38,3143,Democratic
1960,Texas,TX,Burleson,County,Other,Other,5,0.16,3143,Democratic
1960,Texas,TX,Burnet,County,John F. Kennedy,Democratic,1770,59.48,2976,Democratic
1960,Texas,TX,Burnet,County,Richard Nixon,Republican,1189,39.95,2976,Democratic
1960,Texas,TX,Burnet,County,Other,Other,17,0.57,2976,Democratic
1960,Texas,TX,Caldwell,County,John F. Kennedy,Democratic,2729,64.64,4222,Democratic
1960,Texas,TX,Caldwell,County,Richard Nixon,Republican,1482,35.1,4222,Democratic
1960,Texas,TX,Caldwell,County,Other,Other,11,0.26,4222,Democratic
1960,Texas,TX,Calhoun,County,John F. Kennedy,Democratic,1961,54.56,3594,Democratic
1960,Texas,TX,Calhoun,County,Richard Nixon,Republican,1599,44.49,3594,Democratic
1960,Texas,TX,Calhoun,County,Other,Other,34,0.95,3594,Democratic
1960,Texas,TX,Callahan,County,John F. Kennedy,Democratic,1559,54.93,2838,Democratic
1960,Texas,TX,Callahan,County,Richard Nixon,Republican,1261,44.43,2838,Democratic
1960,Texas,TX,Callahan,County,Other,Other,18,0.63,2838,Democratic
1960,Texas,TX,Cameron,County,John F. Kennedy,Democratic,12416,54.84,22640,Democratic
1960,Texas,TX,Cameron,County,Richard Nixon,Republican,10190,45.01,22640,Democratic
1960,Texas,TX,Cameron,County,Other,Other,34,0.15,22640,Democratic
1960,Texas,TX,Camp,County,John F. Kennedy,Democratic,1307,59.41,2200,Democratic
1960,Texas,TX,Camp,County,Richard Nixon,Republican,873,39.68,2200,Democratic
1960,Texas,TX,Camp,County,Other,Other,20,0.91,2200,Democratic
1960,Texas,TX,Carson,County,John F. Kennedy,Democratic,1009,41.92,2407,Republican
1960,Texas,TX,Carson,County,Richard Nixon,Republican,1387,57.62,2407,Republican
1960,Texas,TX,Carson,County,Other,Other,11,0.46,2407,Republican
1960,Texas,TX,Cass,County,John F. Kennedy,Democratic,2934,55.46,5290,Democratic
1960,Texas,TX,Cass,County,Richard Nixon,Republican,2322,43.89,5290,Democratic
1960,Texas,TX,Cass,County,Other,Other,34,0.64,5290,Democratic
1960,Texas,TX,Castro,County,John F. Kennedy,Democratic,1544,64.82,2382,Democratic
1960,Texas,TX,Castro,County,Richard Nixon,Republican,810,34.01,2382,Democratic
1960,Texas,TX,Castro,County,Other,Other,28,1.18,2382,Democratic
1960,Texas,TX,Chambers,County,John F. Kennedy,Democratic,1524,54.12,2816,Democratic
1960,Texas,TX,Chambers,County,Richard Nixon,Republican,1260,44.74,2816,Democratic
1960,Texas,TX,Chambers,County,Other,Other,32,1.14,2816,Democratic
1960,Texas,TX,Cherokee,County,John F. Kennedy,Democratic,4544,57.65,7882,Democratic
1960,Texas,TX,Cherokee,County,Richard Nixon,Republican,3233,41.02,7882,Democratic
1960,Texas,TX,Cherokee,County,Other,Other,105,1.33,7882,Democratic
1960,Texas,TX,Childress,County,John F. Kennedy,Democratic,1189,42.97,2767,Republican
1960,Texas,TX,Childress,County,Richard Nixon,Republican,1571,56.78,2767,Republican
1960,Texas,TX,Childress,County,Other,Other,7,0.25,2767,Republican
1960,Texas,TX,Clay,County,John F. Kennedy,Democratic,1692,62.25,2718,Democratic
1960,Texas,TX,Clay,County,Richard Nixon,Republican,1019,37.49,2718,Democratic
1960,Texas,TX,Clay,County,Other,Other,7,0.26,2718,Democratic
1960,Texas,TX,Cochran,County,John F. Kennedy,Democratic,1028,61.41,1674,Democratic
1960,Texas,TX,Cochran,County,Richard Nixon,Republican,646,38.59,1674,Democratic
1960,Texas,TX,Cochran,County,Other,Other,0,0.0,1674,Democratic
1960,Texas,TX,Coke,County,John F. Kennedy,Democratic,799,57.56,1388,Democratic
1960,Texas,TX,Coke,County,Richard Nixon,Republican,575,41.43,1388,Democratic
1960,Texas,TX,Coke,County,Other,Other,14,1.01,1388,Democratic
1960,Texas,TX,Coleman,County,John F. Kennedy,Democratic,1835,46.14,3977,Republican
1960,Texas,TX,Coleman,County,Richard Nixon,Republican,2127,53.48,3977,Republican
1960,Texas,TX,Coleman,County,Other,Other,15,0.38,3977,Republican
1960,Texas,TX,Collin,County,John F. Kennedy,Democratic,5229,57.1,9158,Democratic
1960,Texas,TX,Collin,County,Richard Nixon,Republican,3865,42.2,9158,Democratic
1960,Texas,TX,Collin,County,Other,Other,64,0.7,9158,Democratic
1960,Texas,TX,Collingsworth,County,John F. Kennedy,Democratic,691,38.78,1782,Republican
1960,Texas,TX,Collingsworth,County,Richard Nixon,Republican,1084,60.83,1782,Republican
1960,Texas,TX,Collingsworth,County,Other,Other,7,0.39,1782,Republican
1960,Texas,TX,Colorado,County,John F. Kennedy,Democratic,2299,54.13,4247,Democratic
1960,Texas,TX,Colorado,County,Richard Nixon,Republican,1909,44.95,4247,Democratic
1960,Texas,TX,Colorado,County,Other,Other,39,0.92,4247,Democratic
1960,Texas,TX,Comal,County,John F. Kennedy,Democratic,1845,37.34,4941,Republican
1960,Texas,TX,Comal,County,Richard Nixon,Republican,3082,62.38,4941,Republican
1960,Texas,TX,Comal,County,Other,Other,14,0.28,4941,Republican
1960,Texas,TX,Comanche,County,John F. Kennedy,Democratic,1979,51.67,3830,Democratic
1960,Texas,TX,Comanche,County,Richard Nixon,Republican,1828,47.73,3830,Democratic
1960,Texas,TX,Comanche,County,Other,Other,23,0.6,3830,Democratic
1960,Texas,TX,Concho,County,John F. Kennedy,Democratic,718,57.81,1242,Democratic
1960,Texas,TX,Concho,County,Richard Nixon,Republican,522,42.03,1242,Democratic
1960,Texas,TX,Concho,County,Other,Other,2,0.16,1242,Democratic
1960,Texas,TX,Cooke,County,John F. Kennedy,Democratic,3168,44.15,7176,Republican
1960,Texas,TX,Cooke,County,Richard Nixon,Republican,3983,55.5,7176,Republican
1960,Texas,TX,Cooke,County,Other,Other,25,0.35,7176,Republican
1960,Texas,TX,Coryell,County,John F. Kennedy,Democratic,2700,64.41,4192,Democratic
1960,Texas,TX,Coryell,County,Richard Nixon,Republican,1477,35.23,4192,Democratic
1960,Texas,TX,Coryell,County,Other,Other,15,0.36,4192,Democratic
1960,Texas,TX,Cottle,County,John F. Kennedy,Democratic,986,72.45,1361,Democratic
1960,Texas,TX,Cottle,County,Richard Nixon,Republican,370,27.19,1361,Democratic
1960,Texas,TX,Cottle,County,Other,Other,5,0.37,1361,Democratic
1960,Texas,TX,Crane,County,John F. Kennedy,Democratic,848,54.08,1568,Democratic
1960,Texas,TX,Crane,County,Richard Nixon,Republican,678,43.24,1568,Democratic
1960,Texas,TX,Crane,County,Other,Other,42,2.68,1568,Democratic
1960,Texas,TX,Crockett,County,John F. Kennedy,Democratic,517,44.72,1156,Republican
1960,Texas,TX,Crockett,County,Richard Nixon,Republican,635,54.93,1156,Republican
1960,Texas,TX,Crockett,County,Other,Other,4,0.35,1156,Republican
1960,Texas,TX,Crosby,County,John F. Kennedy,Democratic,1783,66.46,2683,Democratic
1960,Texas,TX,Crosby,County,Richard Nixon,Republican,889,33.13,2683,Democratic
1960,Texas,TX,Crosby,County,Other,Other,11,0.41,2683,Democratic
1960,Texas,TX,Culberson,County,John F. Kennedy,Democratic,343,52.77,650,Democratic
1960,Texas,TX,Culberson,County,Richard Nixon,Republican,300,46.15,650,Democratic
1960,Texas,TX,Culberson,County,Other,Other,7,1.08,650,Democratic
1960,Texas,TX,Dallam,County,John F. Kennedy,Democratic,835,46.18,1808,Republican
1960,Texas,TX,Dallam,County,Richard Nixon,Republican,961,53.15,1808,Republican
1960,Texas,TX,Dallam,County,Other,Other,12,0.66,1808,Republican
1960,Texas,TX,Dallas,County,John F. Kennedy,Democratic,88876,36.99,240299,Republican
1960,Texas,TX,Dallas,County,Richard Nixon,Republican,149369,62.16,240299,Republican
1960,Texas,TX,Dallas,County,Other,Other,2054,0.85,240299,Republican
1960,Texas,TX,Dawson,County,John F. Kennedy,Democratic,2063,48.59,4246,Republican
1960,Texas,TX,Dawson,County,Richard Nixon,Republican,2161,50.89,4246,Republican
1960,Texas,TX,Dawson,County,Other,Other,22,0.52,4246,Republican
1960,Texas,TX,Deaf Smith,County,John F. Kennedy,Democratic,1299,38.79,3349,Republican
1960,Texas,TX,Deaf Smith,County,Richard Nixon,Republican,2024,60.44,3349,Republican
1960,Texas,TX,Deaf Smith,County,Other,Other,26,0.78,3349,Republican
1960,Texas,TX,Delta,County,John F. Kennedy,Democratic,1360,74.24,1832,Democratic
1960,Texas,TX,Delta,County,Richard Nixon,Republican,460,25.11,1832,Democratic
1960,Texas,TX,Delta,County,Other,Other,12,0.66,1832,Democratic
1960,Texas,TX,Denton,County,John F. Kennedy,Democratic,5366,48.26,11119,Republican
1960,Texas,TX,Denton,County,Richard Nixon,Republican,5724,51.48,11119,Republican
1960,Texas,TX,Denton,County,Other,Other,29,0.26,11119,Republican
1960,Texas,TX,DeWitt,County,John F. Kennedy,Democratic,2253,44.8,5029,Republican
1960,Texas,TX,DeWitt,County,Richard Nixon,Republican,2763,54.94,5029,Republican
1960,Texas,TX,DeWitt,County,Other,Other,13,0.26,5029,Republican
1960,Texas,TX,Dickens,County,John F. Kennedy,Democratic,1075,66.89,1607,Democratic
1960,Texas,TX,Dickens,County,Richard Nixon,Republican,521,32.42,1607,Democratic
1960,Texas,TX,Dickens,County,Other,Other,11,0.68,1607,Democratic
1960,Texas,TX,Dimmit,County,John F. Kennedy,Democratic,886,57.64,1537,Democratic
1960,Texas,TX,Dimmit,County,Richard Nixon,Republican,648,42.16,1537,Democratic
1960,Texas,TX,Dimmit,County,Other,Other,3,0.2,1537,Democratic
1960,Texas,TX,Donley,County,John F. Kennedy,Democratic,764,44.42,1720,Republican
1960,Texas,TX,Donley,County,Richard Nixon,Republican,951,55.29,1720,Republican
1960,Texas,TX,Donley,County,Other,Other,5,0.29,1720,Republican
1960,Texas,TX,Duval,County,John F. Kennedy,Democratic,3803,82.42,4614,Democratic
1960,Texas,TX,Duval,County,Richard Nixon,Republican,809,17.53,4614,Democratic
1960,Texas,TX,Duval,County,Other,Other,2,0.04,4614,Democratic
1960,Texas,TX,Eastland,County,John F. Kennedy,Democratic,3058,47.42,6449,Republican
1960,Texas,TX,Eastland,County,Richard Nixon,Republican,3359,52.09,6449,Republican
1960,Texas,TX,Eastland,County,Other,Other,32,0.5,6449,Republican
1960,Texas,TX,Ector,County,John F. Kennedy,Democratic,8996,43.52,20672,Republican
1960,Texas,TX,Ector,County,Richard Nixon,Republican,11145,53.91,20672,Republican
1960,Texas,TX,Ector,County,Other,Other,531,2.57,20672,Republican
1960,Texas,TX,Edwards,County,John F. Kennedy,Democratic,168,26.29,639,Republican
1960,Texas,TX,Edwards,County,Richard Nixon,Republican,463,72.46,639,Republican
1960,Texas,TX,Edwards,County,Other,Other,8,1.25,639,Republican
1960,Texas,TX,Ellis,County,John F. Kennedy,Democratic,5841,61.21,9543,Democratic
1960,Texas,TX,Ellis,County,Richard Nixon,Republican,3666,38.42,9543,Democratic
1960,Texas,TX,Ellis,County,Other,Other,36,0.38,9543,Democratic
1960,Texas,TX,El Paso,County,John F. Kennedy,Democratic,26027,54.59,47677,Democratic
1960,Texas,TX,El Paso,County,Richard Nixon,Republican,21551,45.2,47677,Democratic
1960,Texas,TX,El Paso,County,Other,Other,99,0.21,47677,Democratic
1960,Texas,TX,Erath,County,John F. Kennedy,Democratic,2490,47.74,5216,Republican
1960,Texas,TX,Erath,County,Richard Nixon,Republican,2696,51.69,5216,Republican
1960,Texas,TX,Erath,County,Other,Other,30,0.58,5216,Republican
1960,Texas,TX,Falls,County,John F. Kennedy,Democratic,3399,68.46,4965,Democratic
1960,Texas,TX,Falls,County,Richard Nixon,Republican,1559,31.4,4965,Democratic
1960,Texas,TX,Falls,County,Other,Other,7,0.14,4965,Democratic
1960,Texas,TX,Fannin,County,John F. Kennedy,Democratic,4282,69.76,6138,Democratic
1960,Texas,TX,Fannin,County,Richard Nixon,Republican,1844,30.04,6138,Democratic
1960,Texas,TX,Fannin,County,Other,Other,12,0.2,6138,Democratic
1960,Texas,TX,Fayette,County,John F. Kennedy,Democratic,3462,60.75,5699,Democratic
1960,Texas,TX,Fayette,County,Richard Nixon,Republican,2213,38.83,5699,Democratic
1960,Texas,TX,Fayette,County,Other,Other,24,0.42,5699,Democratic
1960,Texas,TX,Fisher,County,John F. Kennedy,Democratic,1966,74.05,2655,Democratic
1960,Texas,TX,Fisher,County,Richard Nixon,Republican,679,25.57,2655,Democratic
1960,Texas,TX,Fisher,County,Other,Other,10,0.38,2655,Democratic
1960,Texas,TX,Floyd,County,John F. Kennedy,Democratic,1437,47.24,3042,Republican
1960,Texas,TX,Floyd,County,Richard Nixon,Republican,1580,51.94,3042,Republican
1960,Texas,TX,Floyd,County,Other,Other,25,0.82,3042,Republican
1960,Texas,TX,Foard,County,John F. Kennedy,Democratic,723,72.66,995,Democratic
1960,Texas,TX,Foard,County,Richard Nixon,Republican,270,27.14,995,Democratic
1960,Texas,TX,Foard,County,Other,Other,2,0.2,995,Democratic
1960,Texas,TX,Fort Bend,County,John F. Kennedy,Democratic,4339,56.27,7711,Democratic
1960,Texas,TX,Fort Bend,County,Richard Nixon,Republican,3301,42.81,7711,Democratic
1960,Texas,TX,Fort Bend,County,Other,Other,71,0.92,7711,Democratic
1960,Texas,TX,Franklin,County,John F. Kennedy,Democratic,1148,64.71,1774,Democratic
1960,Texas,TX,Franklin,County,Richard Nixon,Republican,620,34.95,1774,Democratic
1960,Texas,TX,Franklin,County,Other,Other,6,0.34,1774,Democratic
1960,Texas,TX,Freestone,County,John F. Kennedy,Democratic,1997,54.71,3650,Democratic
1960,Texas,TX,Freestone,County,Richard Nixon,Republican,1629,44.63,3650,Democratic
1960,Texas,TX,Freestone,County,Other,Other,24,0.66,3650,Democratic
1960,Texas,TX,Frio,County,John F. Kennedy,Democratic,1068,59.66,1790,Democratic
1960,Texas,TX,Frio,County,Richard Nixon,Republican,713,39.83,1790,Democratic
1960,Texas,TX,Frio,County,Other,Other,9,0.5,1790,Democratic
1960,Texas,TX,Gaines,County,John F. Kennedy,Democratic,1498,49.26,3041,Republican
1960,Texas,TX,Gaines,County,Richard Nixon,Republican,1520,49.98,3041,Republican
1960,Texas,TX,Gaines,County,Other,Other,23,0.76,3041,Republican
1960,Texas,TX,Galveston,County,John F. Kennedy,Democratic,23940,58.64,40828,Democratic
1960,Texas,TX,Galveston,County,Richard Nixon,Republican,16373,40.1,40828,Democratic
1960,Texas,TX,Galveston,County,Other,Other,515,1.26,40828,Democratic
1960,Texas,TX,Garza,County,John F. Kennedy,Democratic,829,52.6,1576,Democratic
1960,Texas,TX,Garza,County,Richard Nixon,Republican,737,46.76,1576,Democratic
1960,Texas,TX,Garza,County,Other,Other,10,0.63,1576,Democratic
1960,Texas,TX,Gillespie,County,John F. Kennedy,Democratic,816,23.27,3507,Republican
1960,Texas,TX,Gillespie,County,Richard Nixon,Republican,2687,76.62,3507,Republican
1960,Texas,TX,Gillespie,County,Other,Other,4,0.11,3507,Republican
1960,Texas,TX,Glasscock,County,John F. Kennedy,Democratic,207,56.56,366,Democratic
1960,Texas,TX,Glasscock,County,Richard Nixon,Republican,152,41.53,366,Democratic
1960,Texas,TX,Glasscock,County,Other,Other,7,1.91,366,Democratic
1960,Texas,TX,Goliad,County,John F. Kennedy,Democratic,711,48.87,1455,Republican
1960,Texas,TX,Goliad,County,Richard Nixon,Republican,741,50.93,1455,Republican
1960,Texas,TX,Goliad,County,Other,Other,3,0.21,1455,Republican
1960,Texas,TX,Gonzales,County,John F. Kennedy,Democratic,2730,63.62,4291,Democratic
1960,Texas,TX,Gonzales,County,Richard Nixon,Republican,1554,36.22,4291,Democratic
1960,Texas,TX,Gonzales,County,Other,Other,7,0.16,4291,Democratic
1960,Texas,TX,Gray,County,John F. Kennedy,Democratic,2802,31.09,9013,Republican
1960,Texas,TX,Gray,County,Richard Nixon,Republican,6197,68.76,9013,Republican
1960,Texas,TX,Gray,County,Other,Other,14,0.16,9013,Republican
1960,Texas,TX,Grayson,County,John F. Kennedy,Democratic,9866,57.26,17231,Democratic
1960,Texas,TX,Grayson,County,Richard Nixon,Republican,7312,42.44,17231,Democratic
1960,Texas,TX,Grayson,County,Other,Other,53,0.31,17231,Democratic
1960,Texas,TX,Gregg,County,John F. Kennedy,Democratic,7765,41.44,18737,Republican
1960,Texas,TX,Gregg,County,Richard Nixon,Republican,10679,56.99,18737,Republican
1960,Texas,TX,Gregg,County,Other,Other,293,1.56,18737,Republican
1960,Texas,TX,Grimes,County,John F. Kennedy,Democratic,1713,61.66,2778,Democratic
1960,Texas,TX,Grimes,County,Richard Nixon,Republican,1053,37.9,2778,Democratic
1960,Texas,TX,Grimes,County,Other,Other,12,0.43,2778,Democratic
1960,Texas,TX,Guadalupe,County,John F. Kennedy,Democratic,3116,45.91,6787,Republican
1960,Texas,TX,Guadalupe,County,Richard Nixon,Republican,3657,53.88,6787,Republican
1960,Texas,TX,Guadalupe,County,Other,Other,14,0.21,6787,Republican
1960,Texas,TX,Hale,County,John F. Kennedy,Democratic,3695,43.31,8532,Republican
1960,Texas,TX,Hale,County,Richard Nixon,Republican,4784,56.07,8532,Republican
1960,Texas,TX,Hale,County,Other,Other,53,0.62,8532,Republican
1960,Texas,TX,Hall,County,John F. Kennedy,Democratic,1192,55.88,2133,Democratic
1960,Texas,TX,Hall,County,Richard Nixon,Republican,939,44.02,2133,Democratic
1960,Texas,TX,Hall,County,Other,Other,2,0.09,2133,Democratic
1960,Texas,TX,Hamilton,County,John F. Kennedy,Democratic,1136,41.51,2737,Republican
1960,Texas,TX,Hamilton,County,Richard Nixon,Republican,1592,58.17,2737,Republican
1960,Texas,TX,Hamilton,County,Other,Other,9,0.33,2737,Republican
1960,Texas,TX,Hansford,County,John F. Kennedy,Democratic,512,27.84,1839,Republican
1960,Texas,TX,Hansford,County,Richard Nixon,Republican,1322,71.89,1839,Republican
1960,Texas,TX,Hansford,County,Other,Other,5,0.27,1839,Republican
1960,Texas,TX,Hardeman,County,John F. Kennedy,Democratic,1182,44.52,2655,Republican
1960,Texas,TX,Hardeman,County,Richard Nixon,Republican,1472,55.44,2655,Republican
1960,Texas,TX,Hardeman,County,Other,Other,1,0.04,2655,Republican
1960,Texas,TX,Hardin,County,John F. Kennedy,Democratic,4315,66.89,6451,Democratic
1960,Texas,TX,Hardin,County,Richard Nixon,Republican,2115,32.79,6451,Democratic
1960,Texas,TX,Hardin,County,Other,Other,21,0.33,6451,Democratic
1960,Texas,TX,Harris,County,John F. Kennedy,Democratic,148275,45.57,325399,Republican
1960,Texas,TX,Harris,County,Richard Nixon,Republican,168170,51.68,325399,Republican
1960,Texas,TX,Harris,County,Other,Other,8954,2.75,325399,Republican
1960,Texas,TX,Harrison,County,John F. Kennedy,Democratic,5108,51.36,9945,Democratic
1960,Texas,TX,Harrison,County,Richard Nixon,Republican,4613,46.39,9945,Democratic
1960,Texas,TX,Harrison,County,Other,Other,224,2.25,9945,Democratic
1960,Texas,TX,Hartley,County,John F. Kennedy,Democratic,397,48.71,815,Republican
1960,Texas,TX,Hartley,County,Richard Nixon,Republican,413,50.67,815,Republican
1960,Texas,TX,Hartley,County,Other,Other,5,0.61,815,Republican
1960,Texas,TX,Haskell,County,John F. Kennedy,Democratic,2776,76.05,3650,Democratic
1960,Texas,TX,Haskell,County,Richard Nixon,Republican,866,23.73,3650,Democratic
1960,Texas,TX,Haskell,County,Other,Other,8,0.22,3650,Democratic
1960,Texas,TX,Hays,County,John F. Kennedy,Democratic,2916,64.39,4529,Democratic
1960,Texas,TX,Hays,County,Richard Nixon,Republican,1606,35.46,4529,Democratic
1960,Texas,TX,Hays,County,Other,Other,7,0.15,4529,Democratic
1960,Texas,TX,Hemphill,County,John F. Kennedy,Democratic,333,28.2,1181,Republican
1960,Texas,TX,Hemphill,County,Richard Nixon,Republican,847,71.72,1181,Republican
1960,Texas,TX,Hemphill,County,Other,Other,1,0.08,1181,Republican
1960,Texas,TX,Henderson,County,John F. Kennedy,Democratic,3411,57.14,5970,Democratic
1960,Texas,TX,Henderson,County,Richard Nixon,Republican,2521,42.23,5970,Democratic
1960,Texas,TX,Henderson,County,Other,Other,38,0.64,5970,Democratic
1960,Texas,TX,Hidalgo,County,John F. Kennedy,Democratic,18663,57.59,32406,Democratic
1960,Texas,TX,Hidalgo,County,Richard Nixon,Republican,13628,42.05,32406,Democratic
1960,Texas,TX,Hidalgo,County,Other,Other,115,0.35,32406,Democratic
1960,Texas,TX,Hill,County,John F. Kennedy,Democratic,4340,65.83,6593,Democratic
1960,Texas,TX,Hill,County,Richard Nixon,Republican,2226,33.76,6593,Democratic
1960,Texas,TX,Hill,County,Other,Other,27,0.41,6593,Democratic
1960,Texas,TX,Hockley,County,John F. Kennedy,Democratic,3169,59.15,5358,Democratic
1960,Texas,TX,Hockley,County,Richard Nixon,Republican,2159,40.29,5358,Democratic
1960,Texas,TX,Hockley,County,Other,Other,30,0.56,5358,Democratic
1960,Texas,TX,Hood,County,John F. Kennedy,Democratic,1238,56.61,2187,Democratic
1960,Texas,TX,Hood,County,Richard Nixon,Republican,943,43.12,2187,Democratic
1960,Texas,TX,Hood,County,Other,Other,6,0.27,2187,Democratic
1960,Texas,TX,Hopkins,County,John F. Kennedy,Democratic,3228,60.26,5357,Democratic
1960,Texas,TX,Hopkins,County,Richard Nixon,Republican,2117,39.52,5357,Democratic
1960,Texas,TX,Hopkins,County,Other,Other,12,0.22,5357,Democratic
1960,Texas,TX,Houston,County,John F. Kennedy,Democratic,2703,61.67,4383,Democratic
1960,Texas,TX,Houston,County,Richard Nixon,Republican,1591,36.3,4383,Democratic
1960,Texas,TX,Houston,County,Other,Other,89,2.03,4383,Democratic
1960,Texas,TX,Howard,County,John F. Kennedy,Democratic,4844,58.12,8335,Democratic
1960,Texas,TX,Howard,County,Richard Nixon,Republican,3403,40.83,8335,Democratic
1960,Texas,TX,Howard,County,Other,Other,88,1.06,8335,Democratic
1960,Texas,TX,Hudspeth,County,John F. Kennedy,Democratic,409,59.71,685,Democratic
1960,Texas,TX,Hudspeth,County,Richard Nixon,Republican,267,38.98,685,Democratic
1960,Texas,TX,Hudspeth,County,Other,Other,9,1.31,685,Democratic
1960,Texas,TX,Hunt,County,John F. Kennedy,Democratic,4116,49.94,8242,Democratic
1960,Texas,TX,Hunt,County,Richard Nixon,Republican,4084,49.55,8242,Democratic
1960,Texas,TX,Hunt,County,Other,Other,42,0.51,8242,Democratic
1960,Texas,TX,Hutchinson,County,John F. Kennedy,Democratic,3295,33.81,9747,Republican
1960,Texas,TX,Hutchinson,County,Richard Nixon,Republican,6432,65.99,9747,Republican
1960,Texas,TX,Hutchinson,County,Other,Other,20,0.21,9747,Republican
1960,Texas,TX,Irion,County,John F. Kennedy,Democratic,246,50.51,487,Democratic
1960,Texas,TX,Irion,County,Richard Nixon,Republican,238,48.87,487,Democratic
1960,Texas,TX,Irion,County,Other,Other,3,0.62,487,Democratic
1960,Texas,TX,Jack,County,John F. Kennedy,Democratic,1079,44.37,2432,Republican
1960,Texas,TX,Jack,County,Richard Nixon,Republican,1342,55.18,2432,Republican
1960,Texas,TX,Jack,County,Other,Other,11,0.45,2432,Republican
1960,Texas,TX,Jackson,County,John F. Kennedy,Democratic,2268,57.1,3972,Democratic
1960,Texas,TX,Jackson,County,Richard Nixon,Republican,1670,42.04,3972,Democratic
1960,Texas,TX,Jackson,County,Other,Other,34,0.86,3972,Democratic
1960,Texas,TX,Jasper,County,John F. Kennedy,Democratic,3004,58.64,5123,Democratic
1960,Texas,TX,Jasper,County,Richard Nixon,Republican,2102,41.03,5123,Democratic
1960,Texas,TX,Jasper,County,Other,Other,17,0.33,5123,Democratic
1960,Texas,TX,Jeff Davis,County,John F. Kennedy,Democratic,195,51.18,381,Democratic
1960,Texas,TX,Jeff Davis,County,Richard Nixon,Republican,182,47.77,381,Democratic
1960,Texas,TX,Jeff Davis,County,Other,Other,4,1.05,381,Democratic
1960,Texas,TX,Jefferson,County,John F. Kennedy,Democratic,40533,57.63,70331,Democratic
1960,Texas,TX,Jefferson,County,Richard Nixon,Republican,29395,41.8,70331,Democratic
1960,Texas,TX,Jefferson,County,Other,Other,403,0.57,70331,Democratic
1960,Texas,TX,Jim Hogg,County,John F. Kennedy,Democratic,1255,84.85,1479,Democratic
1960,Texas,TX,Jim Hogg,County,Richard Nixon,Republican,224,15.15,1479,Democratic
1960,Texas,TX,Jim Hogg,County,Other,Other,0,0.0,1479,Democratic
1960,Texas,TX,Jim Wells,County,John F. Kennedy,Democratic,5330,65.71,8112,Democratic
1960,Texas,TX,Jim Wells,County,Richard Nixon,Republican,2773,34.18,8112,Democratic
1960,Texas,TX,Jim Wells,County,Other,Other,9,0.11,8112,Democratic
1960,Texas,TX,Johnson,County,John F. Kennedy,Democratic,3844,45.59,8431,Republican
1960,Texas,TX,Johnson,County,Richard Nixon,Republican,4510,53.49,8431,Republican
1960,Texas,TX,Johnson,County,Other,Other,77,0.91,8431,Republican
1960,Texas,TX,Jones,County,John F. Kennedy,Democratic,2772,55.6,4986,Democratic
1960,Texas,TX,Jones,County,Richard Nixon,Republican,2196,44.04,4986,Democratic
1960,Texas,TX,Jones,County,Other,Other,18,0.36,4986,Democratic
1960,Texas,TX,Karnes,County,John F. Kennedy,Democratic,2556,62.57,4085,Democratic
1960,Texas,TX,Karnes,County,Richard Nixon,Republican,1526,37.36,4085,Democratic
1960,Texas,TX,Karnes,County,Other,Other,3,0.07,4085,Democratic
1960,Texas,TX,Kaufman,County,John F. Kennedy,Democratic,3008,52.15,5768,Democratic
1960,Texas,TX,Kaufman,County,Richard Nixon,Republican,2717,47.1,5768,Democratic
1960,Texas,TX,Kaufman,County,Other,Other,43,0.75,5768,Democratic
1960,Texas,TX,Kendall,County,John F. Kennedy,Democratic,549,26.14,2100,Republican
1960,Texas,TX,Kendall,County,Richard Nixon,Republican,1544,73.52,2100,Republican
1960,Texas,TX,Kendall,County,Other,Other,7,0.33,2100,Republican
1960,Texas,TX,Kenedy,County,John F. Kennedy,Democratic,78,51.32,152,Democratic
1960,Texas,TX,Kenedy,County,Richard Nixon,Republican,74,48.68,152,Democratic
1960,Texas,TX,Kenedy,County,Other,Other,0,0.0,152,Democratic
1960,Texas,TX,Kent,County,John F. Kennedy,Democratic,491,70.34,698,Democratic
1960,Texas,TX,Kent,County,Richard Nixon,Republican,205,29.37,698,Democratic
1960,Texas,TX,Kent,County,Other,Other,2,0.29,698,Democratic
1960,Texas,TX,Kerr,County,John F. Kennedy,Democratic,1323,28.79,4596,Republican
1960,Texas,TX,Kerr,County,Richard Nixon,Republican,3252,70.76,4596,Republican
1960,Texas,TX,Kerr,County,Other,Other,21,0.46,4596,Republican
1960,Texas,TX,Kimble,County,John F. Kennedy,Democratic,550,43.89,1253,Republican
1960,Texas,TX,Kimble,County,Richard Nixon,Republican,699,55.79,1253,Republican
1960,Texas,TX,Kimble,County,Other,Other,4,0.32,1253,Republican
1960,Texas,TX,King,County,John F. Kennedy,Democratic,133,76.88,173,Democratic
1960,Texas,TX,King,County,Richard Nixon,Republican,39,22.54,173,Democratic
1960,Texas,TX,King,County,Other,Other,1,0.58,173,Democratic
1960,Texas,TX,Kinney,County,John F. Kennedy,Democratic,358,62.92,569,Democratic
1960,Texas,TX,Kinney,County,Richard Nixon,Republican,211,37.08,569,Democratic
1960,Texas,TX,Kinney,County,Other,Other,0,0.0,569,Democratic
1960,Texas,TX,Kleberg,County,John F. Kennedy,Democratic,3773,64.32,5866,Democratic
1960,Texas,TX,Kleberg,County,Richard Nixon,Republican,2092,35.66,5866,Democratic
1960,Texas,TX,Kleberg,County,Other,Other,1,0.02,5866,Democratic
1960,Texas,TX,Knox,County,John F. Kennedy,Democratic,1365,65.06,2098,Democratic
1960,Texas,TX,Knox,County,Richard Nixon,Republican,729,34.75,2098,Democratic
1960,Texas,TX,Knox,County,Other,Other,4,0.19,2098,Democratic
1960,Texas,TX,Lamar,County,John F. Kennedy,Democratic,5084,56.02,9076,Democratic
1960,Texas,TX,Lamar,County,Richard Nixon,Republican,3964,43.68,9076,Democratic
1960,Texas,TX,Lamar,County,Other,Other,28,0.31,9076,Democratic
1960,Texas,TX,Lamb,County,John F. Kennedy,Democratic,3089,51.42,6007,Democratic
1960,Texas,TX,Lamb,County,Richard Nixon,Republican,2764,46.01,6007,Democratic
1960,Texas,TX,Lamb,County,Other,Other,154,2.56,6007,Democratic
1960,Texas,TX,Lampasas,County,John F. Kennedy,Democratic,1372,52.59,2609,Democratic
1960,Texas,TX,Lampasas,County,Richard Nixon,Republican,1222,46.84,2609,Democratic
1960,Texas,TX,Lampasas,County,Other,Other,15,0.57,2609,Democratic
1960,Texas,TX,La Salle,County,John F. Kennedy,Democratic,718,68.64,1046,Democratic
1960,Texas,TX,La Salle,County,Richard Nixon,Republican,326,31.17,1046,Democratic
1960,Texas,TX,La Salle,County,Other,Other,2,0.19,1046,Democratic
1960,Texas,TX,Lavaca,County,John F. Kennedy,Democratic,4002,72.47,5522,Democratic
1960,Texas,TX,Lavaca,County,Richard Nixon,Republican,1507,27.29,5522,Democratic
1960,Texas,TX,Lavaca,County,Other,Other,13,0.24,5522,Democratic
1960,Texas,TX,Lee,County,John F. Kennedy,Democratic,1369,55.85,2451,Democratic
1960,Texas,TX,Lee,County,Richard Nixon,Republican,1048,42.76,2451,Democratic
1960,Texas,TX,Lee,County,Other,Other,34,1.39,2451,Democratic
1960,Texas,TX,Leon,County,John F. Kennedy,Democratic,1803,67.18,2684,Democratic
1960,Texas,TX,Leon,County,Richard Nixon,Republican,868,32.34,2684,Democratic
1960,Texas,TX,Leon,County,Other,Other,13,0.48,2684,Democratic
1960,Texas,TX,Liberty,County,John F. Kennedy,Democratic,3902,53.12,7345,Democratic
1960,Texas,TX,Liberty,County,Richard Nixon,Republican,3361,45.76,7345,Democratic
1960,Texas,TX,Liberty,County,Other,Other,82,1.12,7345,Democratic
1960,Texas,TX,Limestone,County,John F. Kennedy,Democratic,3472,63.0,5511,Democratic
1960,Texas,TX,Limestone,County,Richard Nixon,Republican,2023,36.71,5511,Democratic
1960,Texas,TX,Limestone,County,Other,Other,16,0.29,5511,Democratic
1960,Texas,TX,Lipscomb,County,John F. Kennedy,Democratic,267,22.08,1209,Republican
1960,Texas,TX,Lipscomb,County,Richard Nixon,Republican,939,77.67,1209,Republican
1960,Texas,TX,Lipscomb,County,Other,Other,3,0.25,1209,Republican
1960,Texas,TX,Live Oak,County,John F. Kennedy,Democratic,770,42.26,1822,Republican
1960,Texas,TX,Live Oak,County,Richard Nixon,Republican,1048,57.52,1822,Republican
1960,Texas,TX,Live Oak,County,Other,Other,4,0.22,1822,Republican
1960,Texas,TX,Llano,County,John F. Kennedy,Democratic,1131,61.47,1840,Democratic
1960,Texas,TX,Llano,County,Richard Nixon,Republican,704,38.26,1840,Democratic
1960,Texas,TX,Llano,County,Other,Other,5,0.27,1840,Democratic
1960,Texas,TX,Loving,County,John F. Kennedy,Democratic,46,48.42,95,Democratic
1960,Texas,TX,Loving,County,Richard Nixon,Republican,42,44.21,95,Democratic
1960,Texas,TX,Loving,County,Other,Other,7,7.37,95,Democratic
1960,Texas,TX,Lubbock,County,John F. Kennedy,Democratic,15340,43.08,35607,Republican
1960,Texas,TX,Lubbock,County,Richard Nixon,Republican,20065,56.35,35607,Republican
1960,Texas,TX,Lubbock,County,Other,Other,202,0.57,35607,Republican
1960,Texas,TX,Lynn,County,John F. Kennedy,Democratic,1872,65.85,2843,Democratic
1960,Texas,TX,Lynn,County,Richard Nixon,Republican,953,33.52,2843,Democratic
1960,Texas,TX,Lynn,County,Other,Other,18,0.63,2843,Democratic
1960,Texas,TX,McCulloch,County,John F. Kennedy,Democratic,1579,57.46,2748,Democratic
1960,Texas,TX,McCulloch,County,Richard Nixon,Republican,1165,42.39,2748,Democratic
1960,Texas,TX,McCulloch,County,Other,Other,4,0.15,2748,Democratic
1960,Texas,TX,McLennan,County,John F. Kennedy,Democratic,20100,57.17,35156,Democratic
1960,Texas,TX,McLennan,County,Richard Nixon,Republican,14926,42.46,35156,Democratic
1960,Texas,TX,McLennan,County,Other,Other,130,0.37,35156,Democratic
1960,Texas,TX,McMullen,County,John F. Kennedy,Democratic,240,49.9,481,Republican
1960,Texas,TX,McMullen,County,Richard Nixon,Republican,241,50.1,481,Republican
1960,Texas,TX,McMullen,County,Other,Other,0,0.0,481,Republican
1960,Texas,TX,Madison,County,John F. Kennedy,Democratic,909,58.57,1552,Democratic
1960,Texas,TX,Madison,County,Richard Nixon,Republican,607,39.11,1552,Democratic
1960,Texas,TX,Madison,County,Other,Other,36,2.32,1552,Democratic
1960,Texas,TX,Marion,County,John F. Kennedy,Democratic,904,53.46,1691,Democratic
1960,Texas,TX,Marion,County,Richard Nixon,Republican,742,43.88,1691,Democratic
1960,Texas,TX,Marion,County,Other,Other,45,2.66,1691,Democratic
1960,Texas,TX,Martin,County,John F. Kennedy,Democratic,831,69.08,1203,Democratic
1960,Texas,TX,Martin,County,Richard Nixon,Republican,350,29.09,1203,Democratic
1960,Texas,TX,Martin,County,Other,Other,22,1.83,1203,Democratic
1960,Texas,TX,Mason,County,John F. Kennedy,Democratic,575,40.58,1417,Republican
1960,Texas,TX,Mason,County,Richard Nixon,Republican,833,58.79,1417,Republican
1960,Texas,TX,Mason,County,Other,Other,9,0.64,1417,Republican
1960,Texas,TX,Matagorda,County,John F. Kennedy,Democratic,2971,49.53,5998,Republican
1960,Texas,TX,Matagorda,County,Richard Nixon,Republican,2975,49.6,5998,Republican
1960,Texas,TX,Matagorda,County,Other,Other,52,0.87,5998,Republican
1960,Texas,TX,Maverick,County,John F. Kennedy,Democratic,1498,70.03,2139,Democratic
1960,Texas,TX,Maverick,County,Richard Nixon,Republican,639,29.87,2139,Democratic
1960,Texas,TX,Maverick,County,Other,Other,2,0.09,2139,Democratic
1960,Texas,TX,Medina,County,John F. Kennedy,Democratic,2325,53.23,4368,Democratic
1960,Texas,TX,Medina,County,Richard Nixon,Republican,2028,46.43,4368,Democratic
1960,Texas,TX,Medina,County,Other,Other,15,0.34,4368,Democratic
1960,Texas,TX,Menard,County,John F. Kennedy,Democratic,491,44.68,1099,Republican
1960,Texas,TX,Menard,County,Richard Nixon,Republican,608,55.32,1099,Republican
1960,Texas,TX,Menard,County,Other,Other,0,0.0,1099,Republican
1960,Texas,TX,Midland,County,John F. Kennedy,Democratic,5842,33.11,17645,Republican
1960,Texas,TX,Midland,County,Richard Nixon,Republican,11343,64.28,17645,Republican
1960,Texas,TX,Midland,County,Other,Other,460,2.61,17645,Republican
1960,Texas,TX,Milam,County,John F. Kennedy,Democratic,3640,65.51,5556,Democratic
1960,Texas,TX,Milam,County,Richard Nixon,Republican,1898,34.16,5556,Democratic
1960,Texas,TX,Milam,County,Other,Other,18,0.32,5556,Democratic
1960,Texas,TX,Mills,County,John F. Kennedy,Democratic,869,46.05,1887,Republican
1960,Texas,TX,Mills,County,Richard Nixon,Republican,1012,53.63,1887,Republican
1960,Texas,TX,Mills,County,Other,Other,6,0.32,1887,Republican
1960,Texas,TX,Mitchell,County,John F. Kennedy,Democratic,2131,63.61,3350,Democratic
1960,Texas,TX,Mitchell,County,Richard Nixon,Republican,1208,36.06,3350,Democratic
1960,Texas,TX,Mitchell,County,Other,Other,11,0.33,3350,Democratic
1960,Texas,TX,Montague,County,John F. Kennedy,Democratic,2346,52.54,4465,Democratic
1960,Texas,TX,Montague,County,Richard Nixon,Republican,2101,47.05,4465,Democratic
1960,Texas,TX,Montague,County,Other,Other,18,0.4,4465,Democratic
1960,Texas,TX,Montgomery,County,John F. Kennedy,Democratic,3510,50.6,6937,Democratic
1960,Texas,TX,Montgomery,County,Richard Nixon,Republican,3309,47.7,6937,Democratic
1960,Texas,TX,Montgomery,County,Other,Other,118,1.7,6937,Democratic
1960,Texas,TX,Moore,County,John F. Kennedy,Democratic,1547,38.43,4025,Republican
1960,Texas,TX,Moore,County,Richard Nixon,Republican,2463,61.19,4025,Republican
1960,Texas,TX,Moore,County,Other,Other,15,0.37,4025,Republican
1960,Texas,TX,Morris,County,John F. Kennedy,Democratic,1952,55.08,3544,Democratic
1960,Texas,TX,Morris,County,Richard Nixon,Republican,1569,44.27,3544,Democratic
1960,Texas,TX,Morris,County,Other,Other,23,0.65,3544,Democratic
1960,Texas,TX,Motley,County,John F. Kennedy,Democratic,439,47.1,932,Republican
1960,Texas,TX,Motley,County,Richard Nixon,Republican,480,51.5,932,Republican
1960,Texas,TX,Motley,County,Other,Other,13,1.39,932,Republican
1960,Texas,TX,Nacogdoches,County,John F. Kennedy,Democratic,3522,52.32,6732,Democratic
1960,Texas,TX,Nacogdoches,County,Richard Nixon,Republican,3042,45.19,6732,Democratic
1960,Texas,TX,Nacogdoches,County,Other,Other,168,2.5,6732,Democratic
1960,Texas,TX,Navarro,County,John F. Kennedy,Democratic,5540,62.24,8901,Democratic
1960,Texas,TX,Navarro,County,Richard Nixon,Republican,3361,37.76,8901,Democratic
1960,Texas,TX,Navarro,County,Other,Other,0,0.0,8901,Democratic
1960,Texas,TX,Newton,County,John F. Kennedy,Democratic,1815,70.08,2590,Democratic
1960,Texas,TX,Newton,County,Richard Nixon,Republican,756,29.19,2590,Democratic
1960,Texas,TX,Newton,County,Other,Other,19,0.73,2590,Democratic
1960,Texas,TX,Nolan,County,John F. Kennedy,Democratic,3247,57.22,5675,Democratic
1960,Texas,TX,Nolan,County,Richard Nixon,Republican,2421,42.66,5675,Democratic
1960,Texas,TX,Nolan,County,Other,Other,7,0.12,5675,Democratic
1960,Texas,TX,Nueces,County,John F. Kennedy,Democratic,29361,60.7,48368,Democratic
1960,Texas,TX,Nueces,County,Richard Nixon,Republican,18907,39.09,48368,Democratic
1960,Texas,TX,Nueces,County,Other,Other,100,0.21,48368,Democratic
1960,Texas,TX,Ochiltree,County,John F. Kennedy,Democratic,521,21.76,2394,Republican
1960,Texas,TX,Ochiltree,County,Richard Nixon,Republican,1870,78.11,2394,Republican
1960,Texas,TX,Ochiltree,County,Other,Other,3,0.13,2394,Republican
1960,Texas,TX,Oldham,County,John F. Kennedy,Democratic,326,50.7,643,Democratic
1960,Texas,TX,Oldham,County,Richard Nixon,Republican,313,48.68,643,Democratic
1960,Texas,TX,Oldham,County,Other,Other,4,0.62,643,Democratic
1960,Texas,TX,Orange,County,John F. Kennedy,Democratic,9078,62.02,14637,Democratic
1960,Texas,TX,Orange,County,Richard Nixon,Republican,5483,37.46,14637,Democratic
1960,Texas,TX,Orange,County,Other,Other,76,0.52,14637,Democratic
1960,Texas,TX,Palo Pinto,County,John F. Kennedy,Democratic,3022,52.63,5742,Democratic
1960,Texas,TX,Palo Pinto,County,Richard Nixon,Republican,2695,46.93,5742,Democratic
1960,Texas,TX,Palo Pinto,County,Other,Other,25,0.44,5742,Democratic
1960,Texas,TX,Panola,County,John F. Kennedy,Democratic,2187,48.41,4518,Republican
1960,Texas,TX,Panola,County,Richard Nixon,Republican,2264,50.11,4518,Republican
1960,Texas,TX,Panola,County,Other,Other,67,1.48,4518,Republican
1960,Texas,TX,Parker,County,John F. Kennedy,Democratic,3629,50.77,7148,Democratic
1960,Texas,TX,Parker,County,Richard Nixon,Republican,3467,48.5,7148,Democratic
1960,Texas,TX,Parker,County,Other,Other,52,0.73,7148,Democratic
1960,Texas,TX,Parmer,County,John F. Kennedy,Democratic,1090,39.12,2786,Republican
1960,Texas,TX,Parmer,County,Richard Nixon,Republican,1674,60.09,2786,Republican
1960,Texas,TX,Parmer,County,Other,Other,22,0.79,2786,Republican
1960,Texas,TX,Pecos,County,John F. Kennedy,Democratic,1724,54.44,3167,Democratic
1960,Texas,TX,Pecos,County,Richard Nixon,Republican,1412,44.58,3167,Democratic
1960,Texas,TX,Pecos,County,Other,Other,31,0.98,3167,Democratic
1960,Texas,TX,Polk,County,John F. Kennedy,Democratic,2037,60.63,3360,Democratic
1960,Texas,TX,Polk,County,Richard Nixon,Republican,1268,37.74,3360,Democratic
1960,Texas,TX,Polk,County,Other,Other,55,1.64,3360,Democratic
1960,Texas,TX,Potter,County,John F. Kennedy,Democratic,8989,38.7,23229,Republican
1960,Texas,TX,Potter,County,Richard Nixon,Republican,14202,61.14,23229,Republican
1960,Texas,TX,Potter,County,Other,Other,38,0.16,23229,Republican
1960,Texas,TX,Presidio,County,John F. Kennedy,Democratic,866,69.39,1248,Democratic
1960,Texas,TX,Presidio,County,Richard Nixon,Republican,376,30.13,1248,Democratic
1960,Texas,TX,Presidio,County,Other,Other,6,0.48,1248,Democratic
1960,Texas,TX,Rains,County,John F. Kennedy,Democratic,680,62.9,1081,Democratic
1960,Texas,TX,Rains,County,Richard Nixon,Republican,401,37.1,1081,Democratic
1960,Texas,TX,Rains,County,Other,Other,0,0.0,1081,Democratic
1960,Texas,TX,Randall,County,John F. Kennedy,Democratic,3282,31.96,10269,Republican
1960,Texas,TX,Randall,County,Richard Nixon,Republican,6958,67.76,10269,Republican
1960,Texas,TX,Randall,County,Other,Other,29,0.28,10269,Republican
1960,Texas,TX,Reagan,County,John F. Kennedy,Democratic,621,54.91,1131,Democratic
1960,Texas,TX,Reagan,County,Richard Nixon,Republican,489,43.24,1131,Democratic
1960,Texas,TX,Reagan,County,Other,Other,21,1.86,1131,Democratic
1960,Texas,TX,Real,County,John F. Kennedy,Democratic,273,41.81,653,Republican
1960,Texas,TX,Real,County,Richard Nixon,Republican,377,57.73,653,Republican
1960,Texas,TX,Real,County,Other,Other,3,0.46,653,Republican
1960,Texas,TX,Red River,County,John F. Kennedy,Democratic,2850,64.94,4389,Democratic
1960,Texas,TX,Red River,County,Richard Nixon,Republican,1527,34.79,4389,Democratic
1960,Texas,TX,Red River,County,Other,Other,12,0.27,4389,Democratic
1960,Texas,TX,Reeves,County,John F. Kennedy,Democratic,2235,58.48,3822,Democratic
1960,Texas,TX,Reeves,County,Richard Nixon,Republican,1549,40.53,3822,Democratic
1960,Texas,TX,Reeves,County,Other,Other,38,0.99,3822,Democratic
1960,Texas,TX,Refugio,County,John F. Kennedy,Democratic,1777,62.53,2842,Democratic
1960,Texas,TX,Refugio,County,Richard Nixon,Republican,1062,37.37,2842,Democratic
1960,Texas,TX,Refugio,County,Other,Other,3,0.11,2842,Democratic
1960,Texas,TX,Roberts,County,John F. Kennedy,Democratic,104,23.37,445,Republican
1960,Texas,TX,Roberts,County,Richard Nixon,Republican,339,76.18,445,Republican
1960,Texas,TX,Roberts,County,Other,Other,2,0.45,445,Republican
1960,Texas,TX,Robertson,County,John F. Kennedy,Democratic,2669,73.81,3616,Democratic
1960,Texas,TX,Robertson,County,Richard Nixon,Republican,935,25.86,3616,Democratic
1960,Texas,TX,Robertson,County,Other,Other,12,0.33,3616,Democratic
1960,Texas,TX,Rockwall,County,John F. Kennedy,Democratic,917,57.93,1583,Democratic
1960,Texas,TX,Rockwall,County,Richard Nixon,Republican,652,41.19,1583,Democratic
1960,Texas,TX,Rockwall,County,Other,Other,14,0.88,1583,Democratic
1960,Texas,TX,Runnels,County,John F. Kennedy,Democratic,1938,47.56,4075,Republican
1960,Texas,TX,Runnels,County,Richard Nixon,Republican,2128,52.22,4075,Republican
1960,Texas,TX,Runnels,County,Other,Other,9,0.22,4075,Republican
1960,Texas,TX,Rusk,County,John F. Kennedy,Democratic,4390,40.5,10840,Republican
1960,Texas,TX,Rusk,County,Richard Nixon,Republican,6001,55.36,10840,Republican
1960,Texas,TX,Rusk,County,Other,Other,449,4.14,10840,Republican
1960,Texas,TX,Sabine,County,John F. Kennedy,Democratic,1208,65.55,1843,Democratic
1960,Texas,TX,Sabine,County,Richard Nixon,Republican,619,33.59,1843,Democratic
1960,Texas,TX,Sabine,County,Other,Other,16,0.87,1843,Democratic
1960,Texas,TX,San Augustine,County,John F. Kennedy,Democratic,1269,64.68,1962,Democratic
1960,Texas,TX,San Augustine,County,Richard Nixon,Republican,638,32.52,1962,Democratic
1960,Texas,TX,San Augustine,County,Other,Other,55,2.8,1962,Democratic
1960,Texas,TX,San Jacinto,County,John F. Kennedy,Democratic,1115,71.02,1570,Democratic
1960,Texas,TX,San Jacinto,County,Richard Nixon,Republican,448,28.54,1570,Democratic
1960,Texas,TX,San Jacinto,County,Other,Other,7,0.45,1570,Democratic
1960,Texas,TX,San Patricio,County,John F. Kennedy,Democratic,5246,62.52,8391,Democratic
1960,Texas,TX,San Patricio,County,Richard Nixon,Republican,3129,37.29,8391,Democratic
1960,Texas,TX,San Patricio,County,Other,Other,16,0.19,8391,Democratic
1960,Texas,TX,San Saba,County,John F. Kennedy,Democratic,1251,59.35,2108,Democratic
1960,Texas,TX,San Saba,County,Richard Nixon,Republican,849,40.28,2108,Democratic
1960,Texas,TX,San Saba,County,Other,Other,8,0.38,2108,Democratic
1960,Texas,TX,Schleicher,County,John F. Kennedy,Democratic,351,43.39,809,Republican
1960,Texas,TX,Schleicher,County,Richard Nixon,Republican,455,56.24,809,Republican
1960,Texas,TX,Schleicher,County,Other,Other,3,0.37,809,Republican
1960,Texas,TX,Scurry,County,John F. Kennedy,Democratic,3020,57.09,5290,Democratic
1960,Texas,TX,Scurry,County,Richard Nixon,Republican,2235,42.25,5290,Democratic
1960,Texas,TX,Scurry,County,Other,Other,35,0.66,5290,Democratic
1960,Texas,TX,Shackelford,County,John F. Kennedy,Democratic,713,51.04,1397,Democratic
1960,Texas,TX,Shackelford,County,Richard Nixon,Republican,684,48.96,1397,Democratic
1960,Texas,TX,Shackelford,County,Other,Other,0,0.0,1397,Democratic
1960,Texas,TX,Shelby,County,John F. Kennedy,Democratic,3266,65.41,4993,Democratic
1960,Texas,TX,Shelby,County,Richard Nixon,Republican,1679,33.63,4993,Democratic
1960,Texas,TX,Shelby,County,Other,Other,48,0.96,4993,Democratic
1960,Texas,TX,Sherman,County,John F. Kennedy,Democratic,305,30.72,993,Republican
1960,Texas,TX,Sherman,County,Richard Nixon,Republican,686,69.08,993,Republican
1960,Texas,TX,Sherman,County,Other,Other,2,0.2,993,Republican
1960,Texas,TX,Smith,County,John F. Kennedy,Democratic,8494,40.8,20821,Republican
1960,Texas,TX,Smith,County,Richard Nixon,Republican,12042,57.84,20821,Republican
1960,Texas,TX,Smith,County,Other,Other,285,1.37,20821,Republican
1960,Texas,TX,Somervell,County,John F. Kennedy,Democratic,345,43.13,800,Republican
1960,Texas,TX,Somervell,County,Richard Nixon,Republican,441,55.13,800,Republican
1960,Texas,TX,Somervell,County,Other,Other,14,1.75,800,Republican
1960,Texas,TX,Starr,County,John F. Kennedy,Democratic,4051,93.49,4333,Democratic
1960,Texas,TX,Starr,County,Richard Nixon,Republican,280,6.46,4333,Democratic
1960,Texas,TX,Starr,County,Other,Other,2,0.05,4333,Democratic
1960,Texas,TX,Stephens,County,John F. Kennedy,Democratic,1357,44.8,3029,Republican
1960,Texas,TX,Stephens,County,Richard Nixon,Republican,1664,54.94,3029,Republican
1960,Texas,TX,Stephens,County,Other,Other,8,0.26,3029,Republican
1960,Texas,TX,Sterling,County,John F. Kennedy,Democratic,193,51.47,375,Democratic
1960,Texas,TX,Sterling,County,Richard Nixon,Republican,182,48.53,375,Democratic
1960,Texas,TX,Sterling,County,Other,Other,0,0.0,375,Democratic
1960,Texas,TX,Stonewall,County,John F. Kennedy,Democratic,864,73.66,1173,Democratic
1960,Texas,TX,Stonewall,County,Richard Nixon,Republican,306,26.09,1173,Democratic
1960,Texas,TX,Stonewall,County,Other,Other,3,0.26,1173,Democratic
1960,Texas,TX,Sutton,County,John F. Kennedy,Democratic,474,52.03,911,Democratic
1960,Texas,TX,Sutton,County,Richard Nixon,Republican,437,47.97,911,Democratic
1960,Texas,TX,Sutton,County,Other,Other,0,0.0,911,Democratic
1960,Texas,TX,Swisher,County,John F. Kennedy,Democratic,1777,57.27,3103,Democratic
1960,Texas,TX,Swisher,County,Richard Nixon,Republican,1310,42.22,3103,Democratic
1960,Texas,TX,Swisher,County,Other,Other,16,0.52,3103,Democratic
1960,Texas,TX,Tarrant,County,John F. Kennedy,Democratic,59385,44.66,132986,Republican
1960,Texas,TX,Tarrant,County,Richard Nixon,Republican,72813,54.75,132986,Republican
1960,Texas,TX,Tarrant,County,Other,Other,788,0.59,132986,Republican
1960,Texas,TX,Taylor,County,John F. Kennedy,Democratic,9347,43.17,21650,Republican
1960,Texas,TX,Taylor,County,Richard Nixon,Republican,12258,56.62,21650,Republican
1960,Texas,TX,Taylor,County,Other,Other,45,0.21,21650,Republican
1960,Texas,TX,Terrell,County,John F. Kennedy,Democratic,352,54.49,646,Democratic
1960,Texas,TX,Terrell,County,Richard Nixon,Republican,291,45.05,646,Democratic
1960,Texas,TX,Terrell,County,Other,Other,3,0.46,646,Democratic
1960,Texas,TX,Terry,County,John F. Kennedy,Democratic,2237,53.75,4162,Democratic
1960,Texas,TX,Terry,County,Richard Nixon,Republican,1908,45.84,4162,Democratic
1960,Texas,TX,Terry,County,Other,Other,17,0.41,4162,Democratic
1960,Texas,TX,Throckmorton,County,John F. Kennedy,Democratic,689,60.76,1134,Democratic
1960,Texas,TX,Throckmorton,County,Richard Nixon,Republican,442,38.98,1134,Democratic
1960,Texas,TX,Throckmorton,County,Other,Other,3,0.26,1134,Democratic
1960,Texas,TX,Titus,County,John F. Kennedy,Democratic,2701,54.61,4946,Democratic
1960,Texas,TX,Titus,County,Richard Nixon,Republican,2216,44.8,4946,Democratic
1960,Texas,TX,Titus,County,Other,Other,29,0.59,4946,Democratic
1960,Texas,TX,Tom Green,County,John F. Kennedy,Democratic,7031,46.12,15246,Republican
1960,Texas,TX,Tom Green,County,Richard Nixon,Republican,8176,53.63,15246,Republican
1960,Texas,TX,Tom Green,County,Other,Other,39,0.26,15246,Republican
1960,Texas,TX,Travis,County,John F. Kennedy,Democratic,27022,54.85,49264,Democratic
1960,Texas,TX,Travis,County,Richard Nixon,Republican,22107,44.87,49264,Democratic
1960,Texas,TX,Travis,County,Other,Other,135,0.27,49264,Democratic
1960,Texas,TX,Trinity,County,John F. Kennedy,Democratic,1521,67.18,2264,Democratic
1960,Texas,TX,Trinity,County,Richard Nixon,Republican,707,31.23,2264,Democratic
1960,Texas,TX,Trinity,County,Other,Other,36,1.59,2264,Democratic
1960,Texas,TX,Tyler,County,John F. Kennedy,Democratic,1242,46.76,2656,Republican
1960,Texas,TX,Tyler,County,Richard Nixon,Republican,1401,52.75,2656,Republican
1960,Texas,TX,Tyler,County,Other,Other,13,0.49,2656,Republican
1960,Texas,TX,Upshur,County,John F. Kennedy,Democratic,3248,58.48,5554,Democratic
1960,Texas,TX,Upshur,County,Richard Nixon,Republican,2262,40.73,5554,Democratic
1960,Texas,TX,Upshur,County,Other,Other,44,0.79,5554,Democratic
1960,Texas,TX,Upton,County,John F. Kennedy,Democratic,930,52.84,1760,Democratic
1960,Texas,TX,Upton,County,Richard Nixon,Republican,798,45.34,1760,Democratic
1960,Texas,TX,Upton,County,Other,Other,32,1.82,1760,Democratic
1960,Texas,TX,Uvalde,County,John F. Kennedy,Democratic,1324,37.27,3552,Republican
1960,Texas,TX,Uvalde,County,Richard Nixon,Republican,2214,62.33,3552,Republican
1960,Texas,TX,Uvalde,County,Other,Other,14,0.39,3552,Republican
1960,Texas,TX,Val Verde,County,John F. Kennedy,Democratic,2049,56.87,3603,Democratic
1960,Texas,TX,Val Verde,County,Richard Nixon,Republican,1551,43.05,3603,Democratic
1960,Texas,TX,Val Verde,County,Other,Other,3,0.08,3603,Democratic
1960,Texas,TX,Van Zandt,County,John F. Kennedy,Democratic,2825,56.88,4967,Democratic
1960,Texas,TX,Van Zandt,County,Richard Nixon,Republican,2120,42.68,4967,Democratic
1960,Texas,TX,Van Zandt,County,Other,Other,22,0.44,4967,Democratic
1960,Texas,TX,Victoria,County,John F. Kennedy,Democratic,5779,55.58,10397,Democratic
1960,Texas,TX,Victoria,County,Richard Nixon,Republican,4591,44.16,10397,Democratic
1960,Texas,TX,Victoria,County,Other,Other,27,0.26,10397,Democratic
1960,Texas,TX,Walker,County,John F. Kennedy,Democratic,1832,50.85,3603,Democratic
1960,Texas,TX,Walker,County,Richard Nixon,Republican,1750,48.57,3603,Democratic
1960,Texas,TX,Walker,County,Other,Other,21,0.58,3603,Democratic
1960,Texas,TX,Waller,County,John F. Kennedy,Democratic,1101,48.57,2267,Republican
1960,Texas,TX,Waller,County,Richard Nixon,Republican,1115,49.18,2267,Republican
1960,Texas,TX,Waller,County,Other,Other,51,2.25,2267,Republican
1960,Texas,TX,Ward,County,John F. Kennedy,Democratic,2018,52.39,3852,Democratic
1960,Texas,TX,Ward,County,Richard Nixon,Republican,1763,45.77,3852,Democratic
1960,Texas,TX,Ward,County,Other,Other,71,1.84,3852,Democratic
1960,Texas,TX,Washington,County,John F. Kennedy,Democratic,1864,41.52,4489,Republican
1960,Texas,TX,Washington,County,Richard Nixon,Republican,2613,58.21,4489,Republican
1960,Texas,TX,Washington,County,Other,Other,12,0.27,4489,Republican
1960,Texas,TX,Webb,County,John F. Kennedy,Democratic,10059,84.78,11865,Democratic
1960,Texas,TX,Webb,County,Richard Nixon,Republican,1802,15.19,11865,Democratic
1960,Texas,TX,Webb,County,Other,Other,4,0.03,11865,Democratic
1960,Texas,TX,Wharton,County,John F. Kennedy,Democratic,5004,59.16,8458,Democratic
1960,Texas,TX,Wharton,County,Richard Nixon,Republican,3387,40.04,8458,Democratic
1960,Texas,TX,Wharton,County,Other,Other,67,0.79,8458,Democratic
1960,Texas,TX,Wheeler,County,John F. Kennedy,Democratic,1011,41.37,2444,Republican
1960,Texas,TX,Wheeler,County,Richard Nixon,Republican,1428,58.43,2444,Republican
1960,Texas,TX,Wheeler,County,Other,Other,5,0.2,2444,Republican
1960,Texas,TX,Wichita,County,John F. Kennedy,Democratic,14587,53.6,27213,Democratic
1960,Texas,TX,Wichita,County,Richard Nixon,Republican,12587,46.25,27213,Democratic
1960,Texas,TX,Wichita,County,Other,Other,39,0.14,27213,Democratic
1960,Texas,TX,Wilbarger,County,John F. Kennedy,Democratic,2319,45.21,5129,Republican
1960,Texas,TX,Wilbarger,County,Richard Nixon,Republican,2796,54.51,5129,Republican
1960,Texas,TX,Wilbarger,County,Other,Other,14,0.27,5129,Republican
1960,Texas,TX,Willacy,County,John F. Kennedy,Democratic,2109,60.48,3487,Democratic
1960,Texas,TX,Willacy,County,Richard Nixon,Republican,1367,39.2,3487,Democratic
1960,Texas,TX,Willacy,County,Other,Other,11,0.32,3487,Democratic
1960,Texas,TX,Williamson,County,John F. Kennedy,Democratic,5410,68.74,7870,Democratic
1960,Texas,TX,Williamson,County,Richard Nixon,Republican,2429,30.86,7870,Democratic
1960,Texas,TX,Williamson,County,Other,Other,31,0.39,7870,Democratic
1960,Texas,TX,Wilson,County,John F. Kennedy,Democratic,2905,69.88,4157,Democratic
1960,Texas,TX,Wilson,County,Richard Nixon,Republican,1248,30.02,4157,Democratic
1960,Texas,TX,Wilson,County,Other,Other,4,0.1,4157,Democratic
1960,Texas,TX,Winkler,County,John F. Kennedy,Democratic,1642,50.48,3253,Democratic
1960,Texas,TX,Winkler,County,Richard Nixon,Republican,1562,48.02,3253,Democratic
1960,Texas,TX,Winkler,County,Other,Other,49,1.51,3253,Democratic
1960,Texas,TX,Wise,County,John F. Kennedy,Democratic,2470,48.9,5051,Republican
1960,Texas,TX,Wise,County,Richard Nixon,Republican,2562,50.72,5051,Republican
1960,Texas,TX,Wise,County,Other,Other,19,0.38,5051,Republican
1960,Texas,TX,Wood,County,John F. Kennedy,Democratic,2633,51.51,5112,Democratic
1960,Texas,TX,Wood,County,Richard Nixon,Republican,2400,46.95,5112,Democratic
1960,Texas,TX,Wood,County,Other,Other,79,1.55,5112,Democratic
1960,Texas,TX,Yoakum,County,John F. Kennedy,Democratic,994,44.88,2215,Republican
1960,Texas,TX,Yoakum,County,Richard Nixon,Republican,1207,54.49,2215,Republican
1960,Texas,TX,Yoakum,County,Other,Other,14,0.63,2215,Republican
1960,Texas,TX,Young,County,John F. Kennedy,Democratic,2419,53.65,4509,Democratic
1960,Texas,TX,Young,County,Richard Nixon,Republican,2067,45.84,4509,Democratic
1960,Texas,TX,Young,County,Other,Other,23,0.51,4509,Democratic
1960,Texas,TX,Zapata,County,John F. Kennedy,Democratic,675,72.19,935,Democratic
1960,Texas,TX,Zapata,County,Richard Nixon,Republican,260,27.81,935,Democratic
1960,Texas,TX,Zapata,County,Other,Other,0,0.0,935,Democratic
1960,Texas,TX,Zavala,County,John F. Kennedy,Democratic,706,47.86,1475,Republican
1960,Texas,TX,Zavala,County,Richard Nixon,Republican,761,51.59,1475,Republican
1960,Texas,TX,Zavala,County,Other,Other,8,0.54,1475,Republican
1960,Utah,UT,Beaver,County,Richard Nixon,Republican,971,45.65,2127,Democratic
1960,Utah,UT,Beaver,County,John F. Kennedy,Democratic,1156,54.35,2127,Democratic
1960,Utah,UT,Beaver,County,Farrell Dobbs,Socialist Workers,0,0.0,2127,Democratic
1960,Utah,UT,Box Elder,County,Richard Nixon,Republican,6594,63.23,10428,Republican
1960,Utah,UT,Box Elder,County,John F. Kennedy,Democratic,3831,36.74,10428,Republican
1960,Utah,UT,Box Elder,County,Farrell Dobbs,Socialist Workers,3,0.03,10428,Republican
1960,Utah,UT,Cache,County,Richard Nixon,Republican,10281,67.65,15198,Republican
1960,Utah,UT,Cache,County,John F. Kennedy,Democratic,4917,32.35,15198,Republican
1960,Utah,UT,Cache,County,Farrell Dobbs,Socialist Workers,0,0.0,15198,Republican
1960,Utah,UT,Carbon,County,Richard Nixon,Republican,2953,32.79,9006,Democratic
1960,Utah,UT,Carbon,County,John F. Kennedy,Democratic,6039,67.06,9006,Democratic
1960,Utah,UT,Carbon,County,Farrell Dobbs,Socialist Workers,14,0.16,9006,Democratic
1960,Utah,UT,Daggett,County,Richard Nixon,Republican,196,44.95,436,Democratic
1960,Utah,UT,Daggett,County,John F. Kennedy,Democratic,239,54.82,436,Democratic
1960,Utah,UT,Daggett,County,Farrell Dobbs,Socialist Workers,1,0.23,436,Democratic
1960,Utah,UT,Davis,County,Richard Nixon,Republican,13782,57.34,24034,Republican
1960,Utah,UT,Davis,County,John F. Kennedy,Democratic,10244,42.62,24034,Republican
1960,Utah,UT,Davis,County,Farrell Dobbs,Socialist Workers,8,0.03,24034,Republican
1960,Utah,UT,Duchesne,County,Richard Nixon,Republican,1546,56.98,2713,Republican
1960,Utah,UT,Duchesne,County,John F. Kennedy,Democratic,1166,42.98,2713,Republican
1960,Utah,UT,Duchesne,County,Farrell Dobbs,Socialist Workers,1,0.04,2713,Republican
1960,Utah,UT,Emery,County,Richard Nixon,Republican,1283,50.89,2521,Republican
1960,Utah,UT,Emery,County,John F. Kennedy,Democratic,1238,49.11,2521,Republican
1960,Utah,UT,Emery,County,Farrell Dobbs,Socialist Workers,0,0.0,2521,Republican
1960,Utah,UT,Garfield,County,Richard Nixon,Republican,1083,69.69,1554,Republican
1960,Utah,UT,Garfield,County,John F. Kennedy,Democratic,471,30.31,1554,Republican
1960,Utah,UT,Garfield,County,Farrell Dobbs,Socialist Workers,0,0.0,1554,Republican
1960,Utah,UT,Grand,County,Richard Nixon,Republican,1130,58.4,1935,Republican
1960,Utah,UT,Grand,County,John F. Kennedy,Democratic,805,41.6,1935,Republican
1960,Utah,UT,Grand,County,Farrell Dobbs,Socialist Workers,0,0.0,1935,Republican
1960,Utah,UT,Iron,County,Richard Nixon,Republican,3079,63.91,4818,Republican
1960,Utah,UT,Iron,County,John F. Kennedy,Democratic,1738,36.07,4818,Republican
1960,Utah,UT,Iron,County,Farrell Dobbs,Socialist Workers,1,0.02,4818,Republican
1960,Utah,UT,Juab,County,Richard Nixon,Republican,1202,50.95,2360,Republican
1960,Utah,UT,Juab,County,John F. Kennedy,Democratic,1158,49.05,2360,Republican
1960,Utah,UT,Juab,County,Farrell Dobbs,Socialist Workers,0,0.0,2360,Republican
1960,Utah,UT,Kane,County,Richard Nixon,Republican,876,80.44,1089,Republican
1960,Utah,UT,Kane,County,John F. Kennedy,Democratic,213,19.56,1089,Republican
1960,Utah,UT,Kane,County,Farrell Dobbs,Socialist Workers,0,0.0,1089,Republican
1960,Utah,UT,Millard,County,Richard Nixon,Republican,2248,61.15,3676,Republican
1960,Utah,UT,Millard,County,John F. Kennedy,Democratic,1425,38.76,3676,Republican
1960,Utah,UT,Millard,County,Farrell Dobbs,Socialist Workers,3,0.08,3676,Republican
1960,Utah,UT,Morgan,County,Richard Nixon,Republican,775,55.44,1398,Republican
1960,Utah,UT,Morgan,County,John F. Kennedy,Democratic,622,44.49,1398,Republican
1960,Utah,UT,Morgan,County,Farrell Dobbs,Socialist Workers,1,0.07,1398,Republican
1960,Utah,UT,Piute,County,Richard Nixon,Republican,453,64.71,700,Republican
1960,Utah,UT,Piute,County,John F. Kennedy,Democratic,247,35.29,700,Republican
1960,Utah,UT,Piute,County,Farrell Dobbs,Socialist Workers,0,0.0,700,Republican
1960,Utah,UT,Rich,County,Richard Nixon,Republican,511,63.72,802,Republican
1960,Utah,UT,Rich,County,John F. Kennedy,Democratic,291,36.28,802,Republican
1960,Utah,UT,Rich,County,Farrell Dobbs,Socialist Workers,0,0.0,802,Republican
1960,Utah,UT,Salt Lake,County,Richard Nixon,Republican,90845,54.49,166713,Republican
1960,Utah,UT,Salt Lake,County,John F. Kennedy,Democratic,75868,45.51,166713,Republican
1960,Utah,UT,Salt Lake,County,Farrell Dobbs,Socialist Workers,0,0.0,166713,Republican
1960,Utah,UT,San Juan,County,Richard Nixon,Republican,1408,62.72,2245,Republican
1960,Utah,UT,San Juan,County,John F. Kennedy,Democratic,837,37.28,2245,Republican
1960,Utah,UT,San Juan,County,Farrell Dobbs,Socialist Workers,0,0.0,2245,Republican
1960,Utah,UT,Sanpete,County,Richard Nixon,Republican,3322,60.35,5505,Republican
1960,Utah,UT,Sanpete,County,John F. Kennedy,Democratic,2180,39.6,5505,Republican
1960,Utah,UT,Sanpete,County,Farrell Dobbs,Socialist Workers,3,0.05,5505,Republican
1960,Utah,UT,Sevier,County,Richard Nixon,Republican,3166,65.18,4857,Republican
1960,Utah,UT,Sevier,County,John F. Kennedy,Democratic,1690,34.8,4857,Republican
1960,Utah,UT,Sevier,County,Farrell Dobbs,Socialist Workers,1,0.02,4857,Republican
1960,Utah,UT,Summit,County,Richard Nixon,Republican,1607,56.91,2824,Republican
1960,Utah,UT,Summit,County,John F. Kennedy,Democratic,1217,43.09,2824,Republican
1960,Utah,UT,Summit,County,Farrell Dobbs,Socialist Workers,0,0.0,2824,Republican
1960,Utah,UT,Tooele,County,Richard Nixon,Republican,3016,45.1,6688,Democratic
1960,Utah,UT,Tooele,County,John F. Kennedy,Democratic,3665,54.8,6688,Democratic
1960,Utah,UT,Tooele,County,Farrell Dobbs,Socialist Workers,7,0.1,6688,Democratic
1960,Utah,UT,Uintah,County,Richard Nixon,Republican,2882,67.62,4262,Republican
1960,Utah,UT,Uintah,County,John F. Kennedy,Democratic,1380,32.38,4262,Republican
1960,Utah,UT,Uintah,County,Farrell Dobbs,Socialist Workers,0,0.0,4262,Republican
1960,Utah,UT,Utah,County,Richard Nixon,Republican,23057,53.99,42708,Republican
1960,Utah,UT,Utah,County,John F. Kennedy,Democratic,19626,45.95,42708,Republican
1960,Utah,UT,Utah,County,Farrell Dobbs,Socialist Workers,25,0.06,42708,Republican
1960,Utah,UT,Wasatch,County,Richard Nixon,Republican,1480,58.11,2547,Republican
1960,Utah,UT,Wasatch,County,John F. Kennedy,Democratic,1066,41.85,2547,Republican
1960,Utah,UT,Wasatch,County,Farrell Dobbs,Socialist Workers,1,0.04,2547,Republican
1960,Utah,UT,Washington,County,Richard Nixon,Republican,2876,68.9,4174,Republican
1960,Utah,UT,Washington,County,John F. Kennedy,Democratic,1298,31.1,4174,Republican
1960,Utah,UT,Washington,County,Farrell Dobbs,Socialist Workers,0,0.0,4174,Republican
1960,Utah,UT,Wayne,County,Richard Nixon,Republican,446,53.86,828,Republican
1960,Utah,UT,Wayne,County,John F. Kennedy,Democratic,382,46.14,828,Republican
1960,Utah,UT,Wayne,County,Farrell Dobbs,Socialist Workers,0,0.0,828,Republican
1960,Utah,UT,Weber,County,Richard Nixon,Republican,22293,47.88,46563,Democratic
1960,Utah,UT,Weber,County,John F. Kennedy,Democratic,24239,52.06,46563,Democratic
1960,Utah,UT,Weber,County,Farrell Dobbs,Socialist Workers,31,0.07,46563,Democratic
1960,Vermont,VT,Addison,County,Richard Nixon,Republican,5520,65.03,8489,Republican
1960,Vermont,VT,Addison,County,John F. Kennedy,Democratic,2969,34.97,8489,Republican
1960,Vermont,VT,Bennington,County,Richard Nixon,Republican,7099,61.19,11602,Republican
1960,Vermont,VT,Bennington,County,John F. Kennedy,Democratic,4502,38.8,11602,Republican
1960,Vermont,VT,Bennington,County,Other,Write-Ins,1,0.01,11602,Republican
1960,Vermont,VT,Caledonia,County,Richard Nixon,Republican,6688,69.69,9597,Republican
1960,Vermont,VT,Caledonia,County,John F. Kennedy,Democratic,2909,30.31,9597,Republican
1960,Vermont,VT,Chittenden,County,Richard Nixon,Republican,13072,43.53,30031,Democratic
1960,Vermont,VT,Chittenden,County,John F. Kennedy,Democratic,16959,56.47,30031,Democratic
1960,Vermont,VT,Essex,County,Richard Nixon,Republican,1439,57.51,2502,Republican
1960,Vermont,VT,Essex,County,John F. Kennedy,Democratic,1063,42.49,2502,Republican
1960,Vermont,VT,Franklin,County,Richard Nixon,Republican,5444,43.65,12472,Democratic
1960,Vermont,VT,Franklin,County,John F. Kennedy,Democratic,7028,56.35,12472,Democratic
1960,Vermont,VT,Grand Isle,County,Richard Nixon,Republican,798,49.35,1617,Democratic
1960,Vermont,VT,Grand Isle,County,John F. Kennedy,Democratic,819,50.65,1617,Democratic
1960,Vermont,VT,Lamoille,County,Richard Nixon,Republican,3272,76.02,4304,Republican
1960,Vermont,VT,Lamoille,County,John F. Kennedy,Democratic,1032,23.98,4304,Republican
1960,Vermont,VT,Orange,County,Richard Nixon,Republican,5363,77.23,6944,Republican
1960,Vermont,VT,Orange,County,John F. Kennedy,Democratic,1581,22.77,6944,Republican
1960,Vermont,VT,Orleans,County,Richard Nixon,Republican,5027,59.98,8381,Republican
1960,Vermont,VT,Orleans,County,John F. Kennedy,Democratic,3354,40.02,8381,Republican
1960,Vermont,VT,Rutland,County,Richard Nixon,Republican,12166,56.82,21412,Republican
1960,Vermont,VT,Rutland,County,John F. Kennedy,Democratic,9246,43.18,21412,Republican
1960,Vermont,VT,Washington,County,Richard Nixon,Republican,10458,59.49,17578,Republican
1960,Vermont,VT,Washington,County,John F. Kennedy,Democratic,7116,40.48,17578,Republican
1960,Vermont,VT,Washington,County,Other,Write-Ins,4,0.02,17578,Republican
1960,Vermont,VT,Windham,County,Richard Nixon,Republican,9128,67.69,13486,Republican
1960,Vermont,VT,Windham,County,John F. Kennedy,Democratic,4358,32.31,13486,Republican
1960,Vermont,VT,Windsor,County,Richard Nixon,Republican,12657,66.94,18909,Republican
1960,Vermont,VT,Windsor,County,John F. Kennedy,Democratic,6250,33.05,18909,Republican
1960,Vermont,VT,Windsor,County,Other,Write-Ins,2,0.01,18909,Republican
1960,Virginia,VA,Accomack,County,Richard Nixon,Republican,2676,47.95,5581,Democratic
1960,Virginia,VA,Accomack,County,John F. Kennedy,Democratic,2884,51.68,5581,Democratic
1960,Virginia,VA,Accomack,County,C. Benton Coiner,Virginia Conservative,20,0.36,5581,Democratic
1960,Virginia,VA,Accomack,County,Eric Hass,Socialist Labor,1,0.02,5581,Democratic
1960,Virginia,VA,Albemarle,County,Richard Nixon,Republican,3135,59.47,5272,Republican
1960,Virginia,VA,Albemarle,County,John F. Kennedy,Democratic,2102,39.87,5272,Republican
1960,Virginia,VA,Albemarle,County,C. Benton Coiner,Virginia Conservative,34,0.64,5272,Republican
1960,Virginia,VA,Albemarle,County,Eric Hass,Socialist Labor,1,0.02,5272,Republican
1960,Virginia,VA,Alexandria,County,Richard Nixon,Republican,8826,47.58,18608,Democratic
1960,Virginia,VA,Alexandria,County,John F. Kennedy,Democratic,9662,52.08,18608,Democratic
1960,Virginia,VA,Alexandria,County,C. Benton Coiner,Virginia Conservative,63,0.34,18608,Democratic
1960,Virginia,VA,Alexandria,County,Eric Hass,Socialist Labor,57,0.31,18608,Democratic
1960,Virginia,VA,Alleghany,County,Richard Nixon,Republican,1214,48.79,2488,Democratic
1960,Virginia,VA,Alleghany,County,John F. Kennedy,Democratic,1265,50.84,2488,Democratic
1960,Virginia,VA,Alleghany,County,C. Benton Coiner,Virginia Conservative,8,0.32,2488,Democratic
1960,Virginia,VA,Alleghany,County,Eric Hass,Socialist Labor,1,0.04,2488,Democratic
1960,Virginia,VA,Amelia,County,Richard Nixon,Republican,784,51.44,1524,Republican
1960,Virginia,VA,Amelia,County,John F. Kennedy,Democratic,708,46.46,1524,Republican
1960,Virginia,VA,Amelia,County,C. Benton Coiner,Virginia Conservative,31,2.03,1524,Republican
1960,Virginia,VA,Amelia,County,Eric Hass,Socialist Labor,1,0.07,1524,Republican
1960,Virginia,VA,Amherst,County,Richard Nixon,Republican,1455,38.83,3747,Democratic
1960,Virginia,VA,Amherst,County,John F. Kennedy,Democratic,2280,60.85,3747,Democratic
1960,Virginia,VA,Amherst,County,C. Benton Coiner,Virginia Conservative,10,0.27,3747,Democratic
1960,Virginia,VA,Amherst,County,Eric Hass,Socialist Labor,2,0.05,3747,Democratic
1960,Virginia,VA,Appomattox,County,Richard Nixon,Republican,951,43.07,2208,Democratic
1960,Virginia,VA,Appomattox,County,John F. Kennedy,Democratic,1240,56.16,2208,Democratic
1960,Virginia,VA,Appomattox,County,C. Benton Coiner,Virginia Conservative,14,0.63,2208,Democratic
1960,Virginia,VA,Appomattox,County,Eric Hass,Socialist Labor,3,0.14,2208,Democratic
1960,Virginia,VA,Arlington,County,Richard Nixon,Republican,23632,51.4,45977,Republican
1960,Virginia,VA,Arlington,County,John F. Kennedy,Democratic,22095,48.06,45977,Republican
1960,Virginia,VA,Arlington,County,C. Benton Coiner,Virginia Conservative,225,0.49,45977,Republican
1960,Virginia,VA,Arlington,County,Eric Hass,Socialist Labor,25,0.05,45977,Republican
1960,Virginia,VA,Augusta,County,Richard Nixon,Republican,4034,67.36,5989,Republican
1960,Virginia,VA,Augusta,County,John F. Kennedy,Democratic,1914,31.96,5989,Republican
1960,Virginia,VA,Augusta,County,C. Benton Coiner,Virginia Conservative,40,0.67,5989,Republican
1960,Virginia,VA,Augusta,County,Eric Hass,Socialist Labor,1,0.02,5989,Republican
1960,Virginia,VA,Bath,County,Richard Nixon,Republican,646,50.59,1277,Republican
1960,Virginia,VA,Bath,County,John F. Kennedy,Democratic,629,49.26,1277,Republican
1960,Virginia,VA,Bath,County,C. Benton Coiner,Virginia Conservative,1,0.08,1277,Republican
1960,Virginia,VA,Bath,County,Eric Hass,Socialist Labor,1,0.08,1277,Republican
1960,Virginia,VA,Bedford,County,Richard Nixon,Republican,2911,47.87,6081,Democratic
1960,Virginia,VA,Bedford,County,John F. Kennedy,Democratic,3150,51.8,6081,Democratic
1960,Virginia,VA,Bedford,County,C. Benton Coiner,Virginia Conservative,17,0.28,6081,Democratic
1960,Virginia,VA,Bedford,County,Eric Hass,Socialist Labor,3,0.05,6081,Democratic
1960,Virginia,VA,Bland,County,Richard Nixon,Republican,848,50.75,1671,Republican
1960,Virginia,VA,Bland,County,John F. Kennedy,Democratic,822,49.19,1671,Republican
1960,Virginia,VA,Bland,County,C. Benton Coiner,Virginia Conservative,1,0.06,1671,Republican
1960,Virginia,VA,Bland,County,Eric Hass,Socialist Labor,0,0.0,1671,Republican
1960,Virginia,VA,Botetourt,County,Richard Nixon,Republican,2159,56.79,3802,Republican
1960,Virginia,VA,Botetourt,County,John F. Kennedy,Democratic,1621,42.64,3802,Republican
1960,Virginia,VA,Botetourt,County,C. Benton Coiner,Virginia Conservative,22,0.58,3802,Republican
1960,Virginia,VA,Botetourt,County,Eric Hass,Socialist Labor,0,0.0,3802,Republican
1960,Virginia,VA,Bristol,County,Richard Nixon,Republican,1728,52.38,3299,Republican
1960,Virginia,VA,Bristol,County,John F. Kennedy,Democratic,1561,47.32,3299,Republican
1960,Virginia,VA,Bristol,County,C. Benton Coiner,Virginia Conservative,9,0.27,3299,Republican
1960,Virginia,VA,Bristol,County,Eric Hass,Socialist Labor,1,0.03,3299,Republican
1960,Virginia,VA,Brunswick,County,Richard Nixon,Republican,926,31.58,2932,Democratic
1960,Virginia,VA,Brunswick,County,John F. Kennedy,Democratic,1942,66.23,2932,Democratic
1960,Virginia,VA,Brunswick,County,C. Benton Coiner,Virginia Conservative,63,2.15,2932,Democratic
1960,Virginia,VA,Brunswick,County,Eric Hass,Socialist Labor,1,0.03,2932,Democratic
1960,Virginia,VA,Buchanan,County,Richard Nixon,Republican,2370,38.86,6099,Democratic
1960,Virginia,VA,Buchanan,County,John F. Kennedy,Democratic,3706,60.76,6099,Democratic
1960,Virginia,VA,Buchanan,County,C. Benton Coiner,Virginia Conservative,18,0.3,6099,Democratic
1960,Virginia,VA,Buchanan,County,Eric Hass,Socialist Labor,5,0.08,6099,Democratic
1960,Virginia,VA,Buckingham,County,Richard Nixon,Republican,765,44.37,1724,Democratic
1960,Virginia,VA,Buckingham,County,John F. Kennedy,Democratic,947,54.93,1724,Democratic
1960,Virginia,VA,Buckingham,County,C. Benton Coiner,Virginia Conservative,11,0.64,1724,Democratic
1960,Virginia,VA,Buckingham,County,Eric Hass,Socialist Labor,1,0.06,1724,Democratic
1960,Virginia,VA,Buena Vista,County,Richard Nixon,Republican,487,53.05,918,Republican
1960,Virginia,VA,Buena Vista,County,John F. Kennedy,Democratic,427,46.51,918,Republican
1960,Virginia,VA,Buena Vista,County,C. Benton Coiner,Virginia Conservative,4,0.44,918,Republican
1960,Virginia,VA,Buena Vista,County,Eric Hass,Socialist Labor,0,0.0,918,Republican
1960,Virginia,VA,Campbell,County,Richard Nixon,Republican,2903,48.63,5970,Democratic
1960,Virginia,VA,Campbell,County,John F. Kennedy,Democratic,3030,50.75,5970,Democratic
1960,Virginia,VA,Campbell,County,C. Benton Coiner,Virginia Conservative,37,0.62,5970,Democratic
1960,Virginia,VA,Campbell,County,Eric Hass,Socialist Labor,0,0.0,5970,Democratic
1960,Virginia,VA,Caroline,County,Richard Nixon,Republican,864,36.5,2367,Democratic
1960,Virginia,VA,Caroline,County,John F. Kennedy,Democratic,1483,62.65,2367,Democratic
1960,Virginia,VA,Caroline,County,C. Benton Coiner,Virginia Conservative,19,0.8,2367,Democratic
1960,Virginia,VA,Caroline,County,Eric Hass,Socialist Labor,1,0.04,2367,Democratic
1960,Virginia,VA,Carroll,County,Richard Nixon,Republican,3705,66.29,5589,Republican
1960,Virginia,VA,Carroll,County,John F. Kennedy,Democratic,1873,33.51,5589,Republican
1960,Virginia,VA,Carroll,County,C. Benton Coiner,Virginia Conservative,9,0.16,5589,Republican
1960,Virginia,VA,Carroll,County,Eric Hass,Socialist Labor,2,0.04,5589,Republican
1960,Virginia,VA,Charles City,County,Richard Nixon,Republican,337,34.96,964,Democratic
1960,Virginia,VA,Charles City,County,John F. Kennedy,Democratic,623,64.63,964,Democratic
1960,Virginia,VA,Charles City,County,C. Benton Coiner,Virginia Conservative,3,0.31,964,Democratic
1960,Virginia,VA,Charles City,County,Eric Hass,Socialist Labor,1,0.1,964,Democratic
1960,Virginia,VA,Charlotte,County,Richard Nixon,Republican,867,32.9,2635,Democratic
1960,Virginia,VA,Charlotte,County,John F. Kennedy,Democratic,1735,65.84,2635,Democratic
1960,Virginia,VA,Charlotte,County,C. Benton Coiner,Virginia Conservative,26,0.99,2635,Democratic
1960,Virginia,VA,Charlotte,County,Eric Hass,Socialist Labor,7,0.27,2635,Democratic
1960,Virginia,VA,Charlottesville,County,Richard Nixon,Republican,3651,55.08,6628,Republican
1960,Virginia,VA,Charlottesville,County,John F. Kennedy,Democratic,2894,43.66,6628,Republican
1960,Virginia,VA,Charlottesville,County,C. Benton Coiner,Virginia Conservative,72,1.09,6628,Republican
1960,Virginia,VA,Charlottesville,County,Eric Hass,Socialist Labor,11,0.17,6628,Republican
1960,Virginia,VA,Chesterfield,County,Richard Nixon,Republican,9787,61.71,15859,Republican
1960,Virginia,VA,Chesterfield,County,John F. Kennedy,Democratic,5982,37.72,15859,Republican
1960,Virginia,VA,Chesterfield,County,C. Benton Coiner,Virginia Conservative,87,0.55,15859,Republican
1960,Virginia,VA,Chesterfield,County,Eric Hass,Socialist Labor,3,0.02,15859,Republican
1960,Virginia,VA,Clarke,County,Richard Nixon,Republican,804,46.31,1736,Democratic
1960,Virginia,VA,Clarke,County,John F. Kennedy,Democratic,923,53.17,1736,Democratic
1960,Virginia,VA,Clarke,County,C. Benton Coiner,Virginia Conservative,9,0.52,1736,Democratic
1960,Virginia,VA,Clarke,County,Eric Hass,Socialist Labor,0,0.0,1736,Democratic
1960,Virginia,VA,Clifton Forge,County,Richard Nixon,Republican,885,53.22,1663,Republican
1960,Virginia,VA,Clifton Forge,County,John F. Kennedy,Democratic,771,46.36,1663,Republican
1960,Virginia,VA,Clifton Forge,County,C. Benton Coiner,Virginia Conservative,4,0.24,1663,Republican
1960,Virginia,VA,Clifton Forge,County,Eric Hass,Socialist Labor,3,0.18,1663,Republican
1960,Virginia,VA,Colonial Heights,County,Richard Nixon,Republican,1372,53.16,2581,Republican
1960,Virginia,VA,Colonial Heights,County,John F. Kennedy,Democratic,1198,46.42,2581,Republican
1960,Virginia,VA,Colonial Heights,County,C. Benton Coiner,Virginia Conservative,10,0.39,2581,Republican
1960,Virginia,VA,Colonial Heights,County,Eric Hass,Socialist Labor,1,0.04,2581,Republican
1960,Virginia,VA,Covington,County,Richard Nixon,Republican,1436,47.85,3001,Democratic
1960,Virginia,VA,Covington,County,John F. Kennedy,Democratic,1558,51.92,3001,Democratic
1960,Virginia,VA,Covington,County,C. Benton Coiner,Virginia Conservative,6,0.2,3001,Democratic
1960,Virginia,VA,Covington,County,Eric Hass,Socialist Labor,1,0.03,3001,Democratic
1960,Virginia,VA,Craig,County,Richard Nixon,Republican,433,44.78,967,Democratic
1960,Virginia,VA,Craig,County,John F. Kennedy,Democratic,534,55.22,967,Democratic
1960,Virginia,VA,Craig,County,C. Benton Coiner,Virginia Conservative,0,0.0,967,Democratic
1960,Virginia,VA,Craig,County,Eric Hass,Socialist Labor,0,0.0,967,Democratic
1960,Virginia,VA,Culpeper,County,Richard Nixon,Republican,1630,54.86,2971,Republican
1960,Virginia,VA,Culpeper,County,John F. Kennedy,Democratic,1332,44.83,2971,Republican
1960,Virginia,VA,Culpeper,County,C. Benton Coiner,Virginia Conservative,8,0.27,2971,Republican
1960,Virginia,VA,Culpeper,County,Eric Hass,Socialist Labor,1,0.03,2971,Republican
1960,Virginia,VA,Cumberland,County,Richard Nixon,Republican,691,54.75,1262,Republican
1960,Virginia,VA,Cumberland,County,John F. Kennedy,Democratic,559,44.29,1262,Republican
1960,Virginia,VA,Cumberland,County,C. Benton Coiner,Virginia Conservative,12,0.95,1262,Republican
1960,Virginia,VA,Cumberland,County,Eric Hass,Socialist Labor,0,0.0,1262,Republican
1960,Virginia,VA,Danville,County,Richard Nixon,Republican,4966,63.72,7794,Republican
1960,Virginia,VA,Danville,County,John F. Kennedy,Democratic,2611,33.5,7794,Republican
1960,Virginia,VA,Danville,County,C. Benton Coiner,Virginia Conservative,188,2.41,7794,Republican
1960,Virginia,VA,Danville,County,Eric Hass,Socialist Labor,29,0.37,7794,Republican
1960,Virginia,VA,Dickenson,County,Richard Nixon,Republican,2203,44.42,4960,Democratic
1960,Virginia,VA,Dickenson,County,John F. Kennedy,Democratic,2756,55.56,4960,Democratic
1960,Virginia,VA,Dickenson,County,C. Benton Coiner,Virginia Conservative,1,0.02,4960,Democratic
1960,Virginia,VA,Dickenson,County,Eric Hass,Socialist Labor,0,0.0,4960,Democratic
1960,Virginia,VA,Dinwiddie,County,Richard Nixon,Republican,935,34.81,2686,Democratic
1960,Virginia,VA,Dinwiddie,County,John F. Kennedy,Democratic,1714,63.81,2686,Democratic
1960,Virginia,VA,Dinwiddie,County,C. Benton Coiner,Virginia Conservative,36,1.34,2686,Democratic
1960,Virginia,VA,Dinwiddie,County,Eric Hass,Socialist Labor,1,0.04,2686,Democratic
1960,Virginia,VA,Essex,County,Richard Nixon,Republican,606,54.25,1117,Republican
1960,Virginia,VA,Essex,County,John F. Kennedy,Democratic,509,45.57,1117,Republican
1960,Virginia,VA,Essex,County,C. Benton Coiner,Virginia Conservative,1,0.09,1117,Republican
1960,Virginia,VA,Essex,County,Eric Hass,Socialist Labor,1,0.09,1117,Republican
1960,Virginia,VA,Fairfax,County,Richard Nixon,Republican,28006,51.65,54219,Republican
1960,Virginia,VA,Fairfax,County,John F. Kennedy,Democratic,26064,48.07,54219,Republican
1960,Virginia,VA,Fairfax,County,C. Benton Coiner,Virginia Conservative,124,0.23,54219,Republican
1960,Virginia,VA,Fairfax,County,Eric Hass,Socialist Labor,25,0.05,54219,Republican
1960,Virginia,VA,Falls Church,County,Richard Nixon,Republican,1525,48.18,3165,Democratic
1960,Virginia,VA,Falls Church,County,John F. Kennedy,Democratic,1629,51.47,3165,Democratic
1960,Virginia,VA,Falls Church,County,C. Benton Coiner,Virginia Conservative,7,0.22,3165,Democratic
1960,Virginia,VA,Falls Church,County,Eric Hass,Socialist Labor,4,0.13,3165,Democratic
1960,Virginia,VA,Fauquier,County,Richard Nixon,Republican,2123,51.86,4094,Republican
1960,Virginia,VA,Fauquier,County,John F. Kennedy,Democratic,1958,47.83,4094,Republican
1960,Virginia,VA,Fauquier,County,C. Benton Coiner,Virginia Conservative,13,0.32,4094,Republican
1960,Virginia,VA,Fauquier,County,Eric Hass,Socialist Labor,0,0.0,4094,Republican
1960,Virginia,VA,Floyd,County,Richard Nixon,Republican,1933,70.06,2759,Republican
1960,Virginia,VA,Floyd,County,John F. Kennedy,Democratic,817,29.61,2759,Republican
1960,Virginia,VA,Floyd,County,C. Benton Coiner,Virginia Conservative,4,0.14,2759,Republican
1960,Virginia,VA,Floyd,County,Eric Hass,Socialist Labor,5,0.18,2759,Republican
1960,Virginia,VA,Fluvanna,County,Richard Nixon,Republican,763,54.89,1390,Republican
1960,Virginia,VA,Fluvanna,County,John F. Kennedy,Democratic,614,44.17,1390,Republican
1960,Virginia,VA,Fluvanna,County,C. Benton Coiner,Virginia Conservative,13,0.94,1390,Republican
1960,Virginia,VA,Fluvanna,County,Eric Hass,Socialist Labor,0,0.0,1390,Republican
1960,Virginia,VA,Franklin,County,Richard Nixon,Republican,2080,41.47,5016,Democratic
1960,Virginia,VA,Franklin,County,John F. Kennedy,Democratic,2924,58.29,5016,Democratic
1960,Virginia,VA,Franklin,County,C. Benton Coiner,Virginia Conservative,9,0.18,5016,Democratic
1960,Virginia,VA,Franklin,County,Eric Hass,Socialist Labor,3,0.06,5016,Democratic
1960,Virginia,VA,Frederick,County,Richard Nixon,Republican,2061,53.74,3835,Republican
1960,Virginia,VA,Frederick,County,John F. Kennedy,Democratic,1757,45.81,3835,Republican
1960,Virginia,VA,Frederick,County,C. Benton Coiner,Virginia Conservative,14,0.37,3835,Republican
1960,Virginia,VA,Frederick,County,Eric Hass,Socialist Labor,3,0.08,3835,Republican
1960,Virginia,VA,Fredericksburg,County,Richard Nixon,Republican,1566,53.72,2915,Republican
1960,Virginia,VA,Fredericksburg,County,John F. Kennedy,Democratic,1326,45.49,2915,Republican
1960,Virginia,VA,Fredericksburg,County,C. Benton Coiner,Virginia Conservative,22,0.75,2915,Republican
1960,Virginia,VA,Fredericksburg,County,Eric Hass,Socialist Labor,1,0.03,2915,Republican
1960,Virginia,VA,Galax,County,Richard Nixon,Republican,867,62.96,1377,Republican
1960,Virginia,VA,Galax,County,John F. Kennedy,Democratic,508,36.89,1377,Republican
1960,Virginia,VA,Galax,County,C. Benton Coiner,Virginia Conservative,1,0.07,1377,Republican
1960,Virginia,VA,Galax,County,Eric Hass,Socialist Labor,1,0.07,1377,Republican
1960,Virginia,VA,Giles,County,Richard Nixon,Republican,2030,46.91,4327,Democratic
1960,Virginia,VA,Giles,County,John F. Kennedy,Democratic,2214,51.17,4327,Democratic
1960,Virginia,VA,Giles,County,C. Benton Coiner,Virginia Conservative,78,1.8,4327,Democratic
1960,Virginia,VA,Giles,County,Eric Hass,Socialist Labor,5,0.12,4327,Democratic
1960,Virginia,VA,Gloucester,County,Richard Nixon,Republican,1310,50.0,2620,Republican
1960,Virginia,VA,Gloucester,County,John F. Kennedy,Democratic,1297,49.5,2620,Republican
1960,Virginia,VA,Gloucester,County,C. Benton Coiner,Virginia Conservative,10,0.38,2620,Republican
1960,Virginia,VA,Gloucester,County,Eric Hass,Socialist Labor,3,0.11,2620,Republican
1960,Virginia,VA,Goochland,County,Richard Nixon,Republican,851,48.66,1749,Democratic
1960,Virginia,VA,Goochland,County,John F. Kennedy,Democratic,862,49.29,1749,Democratic
1960,Virginia,VA,Goochland,County,C. Benton Coiner,Virginia Conservative,33,1.89,1749,Democratic
1960,Virginia,VA,Goochland,County,Eric Hass,Socialist Labor,3,0.17,1749,Democratic
1960,Virginia,VA,Grayson,County,Richard Nixon,Republican,3893,58.65,6638,Republican
1960,Virginia,VA,Grayson,County,John F. Kennedy,Democratic,2738,41.25,6638,Republican
1960,Virginia,VA,Grayson,County,C. Benton Coiner,Virginia Conservative,4,0.06,6638,Republican
1960,Virginia,VA,Grayson,County,Eric Hass,Socialist Labor,3,0.05,6638,Republican
1960,Virginia,VA,Greene,County,Richard Nixon,Republican,573,64.24,892,Republican
1960,Virginia,VA,Greene,County,John F. Kennedy,Democratic,314,35.2,892,Republican
1960,Virginia,VA,Greene,County,C. Benton Coiner,Virginia Conservative,5,0.56,892,Republican
1960,Virginia,VA,Greene,County,Eric Hass,Socialist Labor,0,0.0,892,Republican
1960,Virginia,VA,Greensville,County,Richard Nixon,Republican,1057,38.21,2766,Democratic
1960,Virginia,VA,Greensville,County,John F. Kennedy,Democratic,1676,60.59,2766,Democratic
1960,Virginia,VA,Greensville,County,C. Benton Coiner,Virginia Conservative,31,1.12,2766,Democratic
1960,Virginia,VA,Greensville,County,Eric Hass,Socialist Labor,2,0.07,2766,Democratic
1960,Virginia,VA,Halifax,County,Richard Nixon,Republican,1784,39.57,4508,Democratic
1960,Virginia,VA,Halifax,County,John F. Kennedy,Democratic,2676,59.36,4508,Democratic
1960,Virginia,VA,Halifax,County,C. Benton Coiner,Virginia Conservative,44,0.98,4508,Democratic
1960,Virginia,VA,Halifax,County,Eric Hass,Socialist Labor,4,0.09,4508,Democratic
1960,Virginia,VA,Hampton,County,Richard Nixon,Republican,7623,51.48,14808,Republican
1960,Virginia,VA,Hampton,County,John F. Kennedy,Democratic,7133,48.17,14808,Republican
1960,Virginia,VA,Hampton,County,C. Benton Coiner,Virginia Conservative,43,0.29,14808,Republican
1960,Virginia,VA,Hampton,County,Eric Hass,Socialist Labor,9,0.06,14808,Republican
1960,Virginia,VA,Hanover,County,Richard Nixon,Republican,3020,59.39,5085,Republican
1960,Virginia,VA,Hanover,County,John F. Kennedy,Democratic,2023,39.78,5085,Republican
1960,Virginia,VA,Hanover,County,C. Benton Coiner,Virginia Conservative,39,0.77,5085,Republican
1960,Virginia,VA,Hanover,County,Eric Hass,Socialist Labor,3,0.06,5085,Republican
1960,Virginia,VA,Harrisonburg,County,Richard Nixon,Republican,2172,72.04,3015,Republican
1960,Virginia,VA,Harrisonburg,County,John F. Kennedy,Democratic,836,27.73,3015,Republican
1960,Virginia,VA,Harrisonburg,County,C. Benton Coiner,Virginia Conservative,7,0.23,3015,Republican
1960,Virginia,VA,Harrisonburg,County,Eric Hass,Socialist Labor,0,0.0,3015,Republican
1960,Virginia,VA,Henrico,County,Richard Nixon,Republican,19446,66.52,29235,Republican
1960,Virginia,VA,Henrico,County,John F. Kennedy,Democratic,9626,32.93,29235,Republican
1960,Virginia,VA,Henrico,County,C. Benton Coiner,Virginia Conservative,152,0.52,29235,Republican
1960,Virginia,VA,Henrico,County,Eric Hass,Socialist Labor,11,0.04,29235,Republican
1960,Virginia,VA,Henry,County,Richard Nixon,Republican,2323,41.17,5643,Democratic
1960,Virginia,VA,Henry,County,John F. Kennedy,Democratic,3306,58.59,5643,Democratic
1960,Virginia,VA,Henry,County,C. Benton Coiner,Virginia Conservative,12,0.21,5643,Democratic
1960,Virginia,VA,Henry,County,Eric Hass,Socialist Labor,2,0.04,5643,Democratic
1960,Virginia,VA,Highland,County,Richard Nixon,Republican,527,56.55,932,Republican
1960,Virginia,VA,Highland,County,John F. Kennedy,Democratic,401,43.03,932,Republican
1960,Virginia,VA,Highland,County,C. Benton Coiner,Virginia Conservative,3,0.32,932,Republican
1960,Virginia,VA,Highland,County,Eric Hass,Socialist Labor,1,0.11,932,Republican
1960,Virginia,VA,Hopewell,County,Richard Nixon,Republican,2169,54.24,3999,Republican
1960,Virginia,VA,Hopewell,County,John F. Kennedy,Democratic,1805,45.14,3999,Republican
1960,Virginia,VA,Hopewell,County,C. Benton Coiner,Virginia Conservative,21,0.53,3999,Republican
1960,Virginia,VA,Hopewell,County,Eric Hass,Socialist Labor,4,0.1,3999,Republican
1960,Virginia,VA,Isle of Wight,County,Richard Nixon,Republican,1141,35.91,3177,Democratic
1960,Virginia,VA,Isle of Wight,County,John F. Kennedy,Democratic,2020,63.58,3177,Democratic
1960,Virginia,VA,Isle of Wight,County,C. Benton Coiner,Virginia Conservative,13,0.41,3177,Democratic
1960,Virginia,VA,Isle of Wight,County,Eric Hass,Socialist Labor,3,0.09,3177,Democratic
1960,Virginia,VA,James City,County,Richard Nixon,Republican,873,50.49,1729,Republican
1960,Virginia,VA,James City,County,John F. Kennedy,Democratic,845,48.87,1729,Republican
1960,Virginia,VA,James City,County,C. Benton Coiner,Virginia Conservative,9,0.52,1729,Republican
1960,Virginia,VA,James City,County,Eric Hass,Socialist Labor,2,0.12,1729,Republican
1960,Virginia,VA,King and Queen,County,Richard Nixon,Republican,432,43.95,983,Democratic
1960,Virginia,VA,King and Queen,County,John F. Kennedy,Democratic,536,54.53,983,Democratic
1960,Virginia,VA,King and Queen,County,C. Benton Coiner,Virginia Conservative,14,1.42,983,Democratic
1960,Virginia,VA,King and Queen,County,Eric Hass,Socialist Labor,1,0.1,983,Democratic
1960,Virginia,VA,King George,County,Richard Nixon,Republican,685,48.58,1410,Democratic
1960,Virginia,VA,King George,County,John F. Kennedy,Democratic,717,50.85,1410,Democratic
1960,Virginia,VA,King George,County,C. Benton Coiner,Virginia Conservative,8,0.57,1410,Democratic
1960,Virginia,VA,King George,County,Eric Hass,Socialist Labor,0,0.0,1410,Democratic
1960,Virginia,VA,King William,County,Richard Nixon,Republican,793,51.19,1549,Republican
1960,Virginia,VA,King William,County,John F. Kennedy,Democratic,745,48.1,1549,Republican
1960,Virginia,VA,King William,County,C. Benton Coiner,Virginia Conservative,10,0.65,1549,Republican
1960,Virginia,VA,King William,County,Eric Hass,Socialist Labor,1,0.06,1549,Republican
1960,Virginia,VA,Lancaster,County,Richard Nixon,Republican,1340,59.56,2250,Republican
1960,Virginia,VA,Lancaster,County,John F. Kennedy,Democratic,895,39.78,2250,Republican
1960,Virginia,VA,Lancaster,County,C. Benton Coiner,Virginia Conservative,14,0.62,2250,Republican
1960,Virginia,VA,Lancaster,County,Eric Hass,Socialist Labor,1,0.04,2250,Republican
1960,Virginia,VA,Lee,County,Richard Nixon,Republican,3363,46.29,7265,Democratic
1960,Virginia,VA,Lee,County,John F. Kennedy,Democratic,3867,53.23,7265,Democratic
1960,Virginia,VA,Lee,County,C. Benton Coiner,Virginia Conservative,24,0.33,7265,Democratic
1960,Virginia,VA,Lee,County,Eric Hass,Socialist Labor,11,0.15,7265,Democratic
1960,Virginia,VA,Loudoun,County,Richard Nixon,Republican,2526,50.99,4954,Republican
1960,Virginia,VA,Loudoun,County,John F. Kennedy,Democratic,2399,48.43,4954,Republican
1960,Virginia,VA,Loudoun,County,C. Benton Coiner,Virginia Conservative,28,0.57,4954,Republican
1960,Virginia,VA,Loudoun,County,Eric Hass,Socialist Labor,1,0.02,4954,Republican
1960,Virginia,VA,Louisa,County,Richard Nixon,Republican,1170,47.6,2458,Democratic
1960,Virginia,VA,Louisa,County,John F. Kennedy,Democratic,1244,50.61,2458,Democratic
1960,Virginia,VA,Louisa,County,C. Benton Coiner,Virginia Conservative,39,1.59,2458,Democratic
1960,Virginia,VA,Louisa,County,Eric Hass,Socialist Labor,5,0.2,2458,Democratic
1960,Virginia,VA,Lunenburg,County,Richard Nixon,Republican,838,35.22,2379,Democratic
1960,Virginia,VA,Lunenburg,County,John F. Kennedy,Democratic,1451,60.99,2379,Democratic
1960,Virginia,VA,Lunenburg,County,C. Benton Coiner,Virginia Conservative,90,3.78,2379,Democratic
1960,Virginia,VA,Lunenburg,County,Eric Hass,Socialist Labor,0,0.0,2379,Democratic
1960,Virginia,VA,Lynchburg,County,Richard Nixon,Republican,7271,59.33,12256,Republican
1960,Virginia,VA,Lynchburg,County,John F. Kennedy,Democratic,4961,40.48,12256,Republican
1960,Virginia,VA,Lynchburg,County,C. Benton Coiner,Virginia Conservative,23,0.19,12256,Republican
1960,Virginia,VA,Lynchburg,County,Eric Hass,Socialist Labor,1,0.01,12256,Republican
1960,Virginia,VA,Madison,County,Richard Nixon,Republican,998,60.38,1653,Republican
1960,Virginia,VA,Madison,County,John F. Kennedy,Democratic,636,38.48,1653,Republican
1960,Virginia,VA,Madison,County,C. Benton Coiner,Virginia Conservative,19,1.15,1653,Republican
1960,Virginia,VA,Madison,County,Eric Hass,Socialist Labor,0,0.0,1653,Republican
1960,Virginia,VA,Martinsville,County,Richard Nixon,Republican,1729,49.16,3517,Republican
1960,Virginia,VA,Martinsville,County,John F. Kennedy,Democratic,1699,48.31,3517,Republican
1960,Virginia,VA,Martinsville,County,C. Benton Coiner,Virginia Conservative,84,2.39,3517,Republican
1960,Virginia,VA,Martinsville,County,Eric Hass,Socialist Labor,5,0.14,3517,Republican
1960,Virginia,VA,Mathews,County,Richard Nixon,Republican,1069,60.95,1754,Republican
1960,Virginia,VA,Mathews,County,John F. Kennedy,Democratic,682,38.88,1754,Republican
1960,Virginia,VA,Mathews,County,C. Benton Coiner,Virginia Conservative,3,0.17,1754,Republican
1960,Virginia,VA,Mathews,County,Eric Hass,Socialist Labor,0,0.0,1754,Republican
1960,Virginia,VA,Mecklenburg,County,Richard Nixon,Republican,1936,42.7,4534,Democratic
1960,Virginia,VA,Mecklenburg,County,John F. Kennedy,Democratic,2533,55.87,4534,Democratic
1960,Virginia,VA,Mecklenburg,County,C. Benton Coiner,Virginia Conservative,64,1.41,4534,Democratic
1960,Virginia,VA,Mecklenburg,County,Eric Hass,Socialist Labor,1,0.02,4534,Democratic
1960,Virginia,VA,Middlesex,County,Richard Nixon,Republican,823,58.7,1402,Republican
1960,Virginia,VA,Middlesex,County,John F. Kennedy,Democratic,574,40.94,1402,Republican
1960,Virginia,VA,Middlesex,County,C. Benton Coiner,Virginia Conservative,5,0.36,1402,Republican
1960,Virginia,VA,Middlesex,County,Eric Hass,Socialist Labor,0,0.0,1402,Republican
1960,Virginia,VA,Montgomery,County,Richard Nixon,Republican,4270,66.25,6445,Republican
1960,Virginia,VA,Montgomery,County,John F. Kennedy,Democratic,2157,33.47,6445,Republican
1960,Virginia,VA,Montgomery,County,C. Benton Coiner,Virginia Conservative,17,0.26,6445,Republican
1960,Virginia,VA,Montgomery,County,Eric Hass,Socialist Labor,1,0.02,6445,Republican
1960,Virginia,VA,Nansemond,County,Richard Nixon,Republican,1346,25.29,5323,Democratic
1960,Virginia,VA,Nansemond,County,John F. Kennedy,Democratic,3944,74.09,5323,Democratic
1960,Virginia,VA,Nansemond,County,C. Benton Coiner,Virginia Conservative,24,0.45,5323,Democratic
1960,Virginia,VA,Nansemond,County,Eric Hass,Socialist Labor,9,0.17,5323,Democratic
1960,Virginia,VA,Nelson,County,Richard Nixon,Republican,775,34.17,2268,Democratic
1960,Virginia,VA,Nelson,County,John F. Kennedy,Democratic,1480,65.26,2268,Democratic
1960,Virginia,VA,Nelson,County,C. Benton Coiner,Virginia Conservative,13,0.57,2268,Democratic
1960,Virginia,VA,Nelson,County,Eric Hass,Socialist Labor,0,0.0,2268,Democratic
1960,Virginia,VA,New Kent,County,Richard Nixon,Republican,526,51.67,1018,Republican
1960,Virginia,VA,New Kent,County,John F. Kennedy,Democratic,481,47.25,1018,Republican
1960,Virginia,VA,New Kent,County,C. Benton Coiner,Virginia Conservative,10,0.98,1018,Republican
1960,Virginia,VA,New Kent,County,Eric Hass,Socialist Labor,1,0.1,1018,Republican
1960,Virginia,VA,Newport News,County,Richard Nixon,Republican,10098,53.56,18855,Republican
1960,Virginia,VA,Newport News,County,John F. Kennedy,Democratic,8678,46.02,18855,Republican
1960,Virginia,VA,Newport News,County,C. Benton Coiner,Virginia Conservative,75,0.4,18855,Republican
1960,Virginia,VA,Newport News,County,Eric Hass,Socialist Labor,4,0.02,18855,Republican
1960,Virginia,VA,Norfolk,County,Richard Nixon,Republican,3769,42.18,8936,Democratic
1960,Virginia,VA,Norfolk,County,John F. Kennedy,Democratic,5101,57.08,8936,Democratic
1960,Virginia,VA,Norfolk,County,C. Benton Coiner,Virginia Conservative,65,0.73,8936,Democratic
1960,Virginia,VA,Norfolk,County,Eric Hass,Socialist Labor,1,0.01,8936,Democratic
1960,Virginia,VA,Norfolk City,County,Richard Nixon,Republican,17174,43.51,39473,Democratic
1960,Virginia,VA,Norfolk City,County,John F. Kennedy,Democratic,22037,55.83,39473,Democratic
1960,Virginia,VA,Norfolk City,County,C. Benton Coiner,Virginia Conservative,248,0.63,39473,Democratic
1960,Virginia,VA,Norfolk City,County,Eric Hass,Socialist Labor,14,0.04,39473,Democratic
1960,Virginia,VA,Northampton,County,Richard Nixon,Republican,995,41.6,2392,Democratic
1960,Virginia,VA,Northampton,County,John F. Kennedy,Democratic,1387,57.98,2392,Democratic
1960,Virginia,VA,Northampton,County,C. Benton Coiner,Virginia Conservative,9,0.38,2392,Democratic
1960,Virginia,VA,Northampton,County,Eric Hass,Socialist Labor,1,0.04,2392,Democratic
1960,Virginia,VA,Northumberland,County,Richard Nixon,Republican,1340,60.61,2211,Republican
1960,Virginia,VA,Northumberland,County,John F. Kennedy,Democratic,858,38.81,2211,Republican
1960,Virginia,VA,Northumberland,County,C. Benton Coiner,Virginia Conservative,11,0.5,2211,Republican
1960,Virginia,VA,Northumberland,County,Eric Hass,Socialist Labor,2,0.09,2211,Republican
1960,Virginia,VA,Norton,County,Richard Nixon,Republican,549,51.02,1076,Republican
1960,Virginia,VA,Norton,County,John F. Kennedy,Democratic,526,48.88,1076,Republican
1960,Virginia,VA,Norton,County,C. Benton Coiner,Virginia Conservative,1,0.09,1076,Republican
1960,Virginia,VA,Norton,County,Eric Hass,Socialist Labor,0,0.0,1076,Republican
1960,Virginia,VA,Nottoway,County,Richard Nixon,Republican,1319,40.14,3286,Democratic
1960,Virginia,VA,Nottoway,County,John F. Kennedy,Democratic,1882,57.27,3286,Democratic
1960,Virginia,VA,Nottoway,County,C. Benton Coiner,Virginia Conservative,84,2.56,3286,Democratic
1960,Virginia,VA,Nottoway,County,Eric Hass,Socialist Labor,1,0.03,3286,Democratic
1960,Virginia,VA,Orange,County,Richard Nixon,Republican,1413,54.28,2603,Republican
1960,Virginia,VA,Orange,County,John F. Kennedy,Democratic,1108,42.57,2603,Republican
1960,Virginia,VA,Orange,County,C. Benton Coiner,Virginia Conservative,78,3.0,2603,Republican
1960,Virginia,VA,Orange,County,Eric Hass,Socialist Labor,4,0.15,2603,Republican
1960,Virginia,VA,Page,County,Richard Nixon,Republican,2708,62.53,4331,Republican
1960,Virginia,VA,Page,County,John F. Kennedy,Democratic,1608,37.13,4331,Republican
1960,Virginia,VA,Page,County,C. Benton Coiner,Virginia Conservative,10,0.23,4331,Republican
1960,Virginia,VA,Page,County,Eric Hass,Socialist Labor,5,0.12,4331,Republican
1960,Virginia,VA,Patrick,County,Richard Nixon,Republican,1362,44.98,3028,Democratic
1960,Virginia,VA,Patrick,County,John F. Kennedy,Democratic,1655,54.66,3028,Democratic
1960,Virginia,VA,Patrick,County,C. Benton Coiner,Virginia Conservative,9,0.3,3028,Democratic
1960,Virginia,VA,Patrick,County,Eric Hass,Socialist Labor,2,0.07,3028,Democratic
1960,Virginia,VA,Petersburg,County,Richard Nixon,Republican,2820,48.6,5803,Democratic
1960,Virginia,VA,Petersburg,County,John F. Kennedy,Democratic,2950,50.84,5803,Democratic
1960,Virginia,VA,Petersburg,County,C. Benton Coiner,Virginia Conservative,32,0.55,5803,Democratic
1960,Virginia,VA,Petersburg,County,Eric Hass,Socialist Labor,1,0.02,5803,Democratic
1960,Virginia,VA,Pittsylvania,County,Richard Nixon,Republican,3788,47.62,7954,Democratic
1960,Virginia,VA,Pittsylvania,County,John F. Kennedy,Democratic,4089,51.41,7954,Democratic
1960,Virginia,VA,Pittsylvania,County,C. Benton Coiner,Virginia Conservative,67,0.84,7954,Democratic
1960,Virginia,VA,Pittsylvania,County,Eric Hass,Socialist Labor,10,0.13,7954,Democratic
1960,Virginia,VA,Portsmouth,County,Richard Nixon,Republican,6900,40.64,16980,Democratic
1960,Virginia,VA,Portsmouth,County,John F. Kennedy,Democratic,9902,58.32,16980,Democratic
1960,Virginia,VA,Portsmouth,County,C. Benton Coiner,Virginia Conservative,165,0.97,16980,Democratic
1960,Virginia,VA,Portsmouth,County,Eric Hass,Socialist Labor,13,0.08,16980,Democratic
1960,Virginia,VA,Powhatan,County,Richard Nixon,Republican,779,58.66,1328,Republican
1960,Virginia,VA,Powhatan,County,John F. Kennedy,Democratic,528,39.76,1328,Republican
1960,Virginia,VA,Powhatan,County,C. Benton Coiner,Virginia Conservative,19,1.43,1328,Republican
1960,Virginia,VA,Powhatan,County,Eric Hass,Socialist Labor,2,0.15,1328,Republican
1960,Virginia,VA,Prince Edward,County,Richard Nixon,Republican,1721,53.55,3214,Republican
1960,Virginia,VA,Prince Edward,County,John F. Kennedy,Democratic,1459,45.4,3214,Republican
1960,Virginia,VA,Prince Edward,County,C. Benton Coiner,Virginia Conservative,31,0.96,3214,Republican
1960,Virginia,VA,Prince Edward,County,Eric Hass,Socialist Labor,3,0.09,3214,Republican
1960,Virginia,VA,Prince George,County,Richard Nixon,Republican,727,42.14,1725,Democratic
1960,Virginia,VA,Prince George,County,John F. Kennedy,Democratic,983,56.99,1725,Democratic
1960,Virginia,VA,Prince George,County,C. Benton Coiner,Virginia Conservative,13,0.75,1725,Democratic
1960,Virginia,VA,Prince George,County,Eric Hass,Socialist Labor,2,0.12,1725,Democratic
1960,Virginia,VA,Princess Anne,County,Richard Nixon,Republican,4844,44.67,10843,Democratic
1960,Virginia,VA,Princess Anne,County,John F. Kennedy,Democratic,5954,54.91,10843,Democratic
1960,Virginia,VA,Princess Anne,County,C. Benton Coiner,Virginia Conservative,23,0.41,10843,Democratic
1960,Virginia,VA,Princess Anne,County,Eric Hass,Socialist Labor,5,0.09,10843,Democratic
1960,Virginia,VA,Prince William,County,Richard Nixon,Republican,2624,46.53,5639,Democratic
1960,Virginia,VA,Prince William,County,John F. Kennedy,Democratic,2987,52.97,5639,Democratic
1960,Virginia,VA,Prince William,County,C. Benton Coiner,Virginia Conservative,39,0.36,5639,Democratic
1960,Virginia,VA,Prince William,County,Eric Hass,Socialist Labor,6,0.06,5639,Democratic
1960,Virginia,VA,Pulaski,County,Richard Nixon,Republican,3059,58.75,5207,Republican
1960,Virginia,VA,Pulaski,County,John F. Kennedy,Democratic,2104,40.41,5207,Republican
1960,Virginia,VA,Pulaski,County,C. Benton Coiner,Virginia Conservative,44,0.85,5207,Republican
1960,Virginia,VA,Pulaski,County,Eric Hass,Socialist Labor,0,0.0,5207,Republican
1960,Virginia,VA,Radford,County,Richard Nixon,Republican,1663,57.11,2912,Republican
1960,Virginia,VA,Radford,County,John F. Kennedy,Democratic,1240,42.58,2912,Republican
1960,Virginia,VA,Radford,County,C. Benton Coiner,Virginia Conservative,9,0.31,2912,Republican
1960,Virginia,VA,Radford,County,Eric Hass,Socialist Labor,0,0.0,2912,Republican
1960,Virginia,VA,Rappahannock,County,Richard Nixon,Republican,426,43.69,975,Democratic
1960,Virginia,VA,Rappahannock,County,John F. Kennedy,Democratic,544,55.79,975,Democratic
1960,Virginia,VA,Rappahannock,County,C. Benton Coiner,Virginia Conservative,3,0.31,975,Democratic
1960,Virginia,VA,Rappahannock,County,Eric Hass,Socialist Labor,2,0.21,975,Democratic
1960,Virginia,VA,Richmond,County,Richard Nixon,Republican,801,64.96,1233,Republican
1960,Virginia,VA,Richmond,County,John F. Kennedy,Democratic,425,34.47,1233,Republican
1960,Virginia,VA,Richmond,County,C. Benton Coiner,Virginia Conservative,6,0.49,1233,Republican
1960,Virginia,VA,Richmond,County,Eric Hass,Socialist Labor,1,0.08,1233,Republican
1960,Virginia,VA,Richmond City,County,Richard Nixon,Republican,27307,60.41,45205,Republican
1960,Virginia,VA,Richmond City,County,John F. Kennedy,Democratic,17642,39.03,45205,Republican
1960,Virginia,VA,Richmond City,County,C. Benton Coiner,Virginia Conservative,245,0.54,45205,Republican
1960,Virginia,VA,Richmond City,County,Eric Hass,Socialist Labor,11,0.02,45205,Republican
1960,Virginia,VA,Roanoke,County,Richard Nixon,Republican,9109,67.31,13532,Republican
1960,Virginia,VA,Roanoke,County,John F. Kennedy,Democratic,4384,32.4,13532,Republican
1960,Virginia,VA,Roanoke,County,C. Benton Coiner,Virginia Conservative,36,0.27,13532,Republican
1960,Virginia,VA,Roanoke,County,Eric Hass,Socialist Labor,3,0.02,13532,Republican
1960,Virginia,VA,Roanoke City,County,Richard Nixon,Republican,15229,62.28,24453,Republican
1960,Virginia,VA,Roanoke City,County,John F. Kennedy,Democratic,9175,37.52,24453,Republican
1960,Virginia,VA,Roanoke City,County,C. Benton Coiner,Virginia Conservative,36,0.27,24453,Republican
1960,Virginia,VA,Roanoke City,County,Eric Hass,Socialist Labor,3,0.02,24453,Republican
1960,Virginia,VA,Rockbridge,County,Richard Nixon,Republican,2170,60.53,3585,Republican
1960,Virginia,VA,Rockbridge,County,John F. Kennedy,Democratic,1405,39.19,3585,Republican
1960,Virginia,VA,Rockbridge,County,C. Benton Coiner,Virginia Conservative,10,0.28,3585,Republican
1960,Virginia,VA,Rockbridge,County,Eric Hass,Socialist Labor,0,0.0,3585,Republican
1960,Virginia,VA,Rockingham,County,Richard Nixon,Republican,4829,70.27,6872,Republican
1960,Virginia,VA,Rockingham,County,John F. Kennedy,Democratic,2026,29.48,6872,Republican
1960,Virginia,VA,Rockingham,County,C. Benton Coiner,Virginia Conservative,16,0.23,6872,Republican
1960,Virginia,VA,Rockingham,County,Eric Hass,Socialist Labor,1,0.01,6872,Republican
1960,Virginia,VA,Russell,County,Richard Nixon,Republican,3044,46.44,6554,Democratic
1960,Virginia,VA,Russell,County,John F. Kennedy,Democratic,3496,53.34,6554,Democratic
1960,Virginia,VA,Russell,County,C. Benton Coiner,Virginia Conservative,12,0.18,6554,Democratic
1960,Virginia,VA,Russell,County,Eric Hass,Socialist Labor,2,0.03,6554,Democratic
1960,Virginia,VA,Scott,County,Richard Nixon,Republican,4936,56.45,8744,Republican
1960,Virginia,VA,Scott,County,John F. Kennedy,Democratic,3789,43.33,8744,Republican
1960,Virginia,VA,Scott,County,C. Benton Coiner,Virginia Conservative,15,0.17,8744,Republican
1960,Virginia,VA,Scott,County,Eric Hass,Socialist Labor,4,0.05,8744,Republican
1960,Virginia,VA,Shenandoah,County,Richard Nixon,Republican,4144,66.85,6199,Republican
1960,Virginia,VA,Shenandoah,County,John F. Kennedy,Democratic,2053,33.12,6199,Republican
1960,Virginia,VA,Shenandoah,County,C. Benton Coiner,Virginia Conservative,2,0.03,6199,Republican
1960,Virginia,VA,Shenandoah,County,Eric Hass,Socialist Labor,0,0.0,6199,Republican
1960,Virginia,VA,Smyth,County,Richard Nixon,Republican,4256,59.62,7138,Republican
1960,Virginia,VA,Smyth,County,John F. Kennedy,Democratic,2864,40.12,7138,Republican
1960,Virginia,VA,Smyth,County,C. Benton Coiner,Virginia Conservative,16,0.22,7138,Republican
1960,Virginia,VA,Smyth,County,Eric Hass,Socialist Labor,2,0.03,7138,Republican
1960,Virginia,VA,South Boston,County,Richard Nixon,Republican,807,62.7,1287,Republican
1960,Virginia,VA,South Boston,County,John F. Kennedy,Democratic,477,37.06,1287,Republican
1960,Virginia,VA,South Boston,County,C. Benton Coiner,Virginia Conservative,2,0.16,1287,Republican
1960,Virginia,VA,South Boston,County,Eric Hass,Socialist Labor,1,0.08,1287,Republican
1960,Virginia,VA,South Norfolk,County,Richard Nixon,Republican,1341,38.09,3521,Democratic
1960,Virginia,VA,South Norfolk,County,John F. Kennedy,Democratic,2155,61.2,3521,Democratic
1960,Virginia,VA,South Norfolk,County,C. Benton Coiner,Virginia Conservative,24,0.68,3521,Democratic
1960,Virginia,VA,South Norfolk,County,Eric Hass,Socialist Labor,1,0.03,3521,Democratic
1960,Virginia,VA,Southampton,County,Richard Nixon,Republican,1263,30.62,4125,Democratic
1960,Virginia,VA,Southampton,County,John F. Kennedy,Democratic,2804,67.98,4125,Democratic
1960,Virginia,VA,Southampton,County,C. Benton Coiner,Virginia Conservative,57,1.38,4125,Democratic
1960,Virginia,VA,Southampton,County,Eric Hass,Socialist Labor,1,0.02,4125,Democratic
1960,Virginia,VA,Spotsylvania,County,Richard Nixon,Republican,1288,46.02,2799,Democratic
1960,Virginia,VA,Spotsylvania,County,John F. Kennedy,Democratic,1482,52.95,2799,Democratic
1960,Virginia,VA,Spotsylvania,County,C. Benton Coiner,Virginia Conservative,23,0.82,2799,Democratic
1960,Virginia,VA,Spotsylvania,County,Eric Hass,Socialist Labor,6,0.21,2799,Democratic
1960,Virginia,VA,Stafford,County,Richard Nixon,Republican,1447,48.8,2965,Democratic
1960,Virginia,VA,Stafford,County,John F. Kennedy,Democratic,1494,50.39,2965,Democratic
1960,Virginia,VA,Stafford,County,C. Benton Coiner,Virginia Conservative,22,0.74,2965,Democratic
1960,Virginia,VA,Stafford,County,Eric Hass,Socialist Labor,2,0.07,2965,Democratic
1960,Virginia,VA,Staunton,County,Richard Nixon,Republican,2789,69.17,4032,Republican
1960,Virginia,VA,Staunton,County,John F. Kennedy,Democratic,1233,30.58,4032,Republican
1960,Virginia,VA,Staunton,County,C. Benton Coiner,Virginia Conservative,9,0.22,4032,Republican
1960,Virginia,VA,Staunton,County,Eric Hass,Socialist Labor,1,0.02,4032,Republican
1960,Virginia,VA,Suffolk,County,Richard Nixon,Republican,1406,49.61,2834,Democratic
1960,Virginia,VA,Suffolk,County,John F. Kennedy,Democratic,1419,50.07,2834,Democratic
1960,Virginia,VA,Suffolk,County,C. Benton Coiner,Virginia Conservative,9,0.32,2834,Democratic
1960,Virginia,VA,Suffolk,County,Eric Hass,Socialist Labor,0,0.0,2834,Democratic
1960,Virginia,VA,Surry,County,Richard Nixon,Republican,397,27.51,1443,Democratic
1960,Virginia,VA,Surry,County,John F. Kennedy,Democratic,1003,69.51,1443,Democratic
1960,Virginia,VA,Surry,County,C. Benton Coiner,Virginia Conservative,40,2.77,1443,Democratic
1960,Virginia,VA,Surry,County,Eric Hass,Socialist Labor,3,0.21,1443,Democratic
1960,Virginia,VA,Sussex,County,Richard Nixon,Republican,713,35.78,1993,Democratic
1960,Virginia,VA,Sussex,County,John F. Kennedy,Democratic,1253,62.87,1993,Democratic
1960,Virginia,VA,Sussex,County,C. Benton Coiner,Virginia Conservative,25,1.25,1993,Democratic
1960,Virginia,VA,Sussex,County,Eric Hass,Socialist Labor,2,0.1,1993,Democratic
1960,Virginia,VA,Tazewell,County,Richard Nixon,Republican,3139,41.44,7574,Democratic
1960,Virginia,VA,Tazewell,County,John F. Kennedy,Democratic,4416,58.3,7574,Democratic
1960,Virginia,VA,Tazewell,County,C. Benton Coiner,Virginia Conservative,19,0.25,7574,Democratic
1960,Virginia,VA,Tazewell,County,Eric Hass,Socialist Labor,0,0.0,7574,Democratic
1960,Virginia,VA,Virginia Beach,County,Richard Nixon,Republican,986,42.48,2321,Democratic
1960,Virginia,VA,Virginia Beach,County,John F. Kennedy,Democratic,1301,56.05,2321,Democratic
1960,Virginia,VA,Virginia Beach,County,C. Benton Coiner,Virginia Conservative,33,1.42,2321,Democratic
1960,Virginia,VA,Virginia Beach,County,Eric Hass,Socialist Labor,1,0.04,2321,Democratic
1960,Virginia,VA,Warren,County,Richard Nixon,Republican,1842,49.52,3720,Democratic
1960,Virginia,VA,Warren,County,John F. Kennedy,Democratic,1850,49.73,3720,Democratic
1960,Virginia,VA,Warren,County,C. Benton Coiner,Virginia Conservative,25,0.67,3720,Democratic
1960,Virginia,VA,Warren,County,Eric Hass,Socialist Labor,3,0.08,3720,Democratic
1960,Virginia,VA,Washington,County,Richard Nixon,Republican,4473,53.59,8347,Republican
1960,Virginia,VA,Washington,County,John F. Kennedy,Democratic,3833,45.92,8347,Republican
1960,Virginia,VA,Washington,County,C. Benton Coiner,Virginia Conservative,33,0.4,8347,Republican
1960,Virginia,VA,Washington,County,Eric Hass,Socialist Labor,8,0.1,8347,Republican
1960,Virginia,VA,Waynesboro,County,Richard Nixon,Republican,2444,69.57,3513,Republican
1960,Virginia,VA,Waynesboro,County,John F. Kennedy,Democratic,1047,29.8,3513,Republican
1960,Virginia,VA,Waynesboro,County,C. Benton Coiner,Virginia Conservative,22,0.63,3513,Republican
1960,Virginia,VA,Waynesboro,County,Eric Hass,Socialist Labor,0,0.0,3513,Republican
1960,Virginia,VA,Westmoreland,County,Richard Nixon,Republican,1176,53.0,2219,Republican
1960,Virginia,VA,Westmoreland,County,John F. Kennedy,Democratic,1034,46.6,2219,Republican
1960,Virginia,VA,Westmoreland,County,C. Benton Coiner,Virginia Conservative,8,0.36,2219,Republican
1960,Virginia,VA,Westmoreland,County,Eric Hass,Socialist Labor,1,0.05,2219,Republican
1960,Virginia,VA,Williamsburg,County,Richard Nixon,Republican,721,59.1,1220,Republican
1960,Virginia,VA,Williamsburg,County,John F. Kennedy,Democratic,486,39.84,1220,Republican
1960,Virginia,VA,Williamsburg,County,C. Benton Coiner,Virginia Conservative,12,0.98,1220,Republican
1960,Virginia,VA,Williamsburg,County,Eric Hass,Socialist Labor,1,0.08,1220,Republican
1960,Virginia,VA,Winchester,County,Richard Nixon,Republican,2326,65.61,3545,Republican
1960,Virginia,VA,Winchester,County,John F. Kennedy,Democratic,1203,33.94,3545,Republican
1960,Virginia,VA,Winchester,County,C. Benton Coiner,Virginia Conservative,16,0.45,3545,Republican
1960,Virginia,VA,Winchester,County,Eric Hass,Socialist Labor,0,0.0,3545,Republican
1960,Virginia,VA,Wise,County,Richard Nixon,Republican,3876,39.89,9716,Democratic
1960,Virginia,VA,Wise,County,John F. Kennedy,Democratic,5822,59.92,9716,Democratic
1960,Virginia,VA,Wise,County,C. Benton Coiner,Virginia Conservative,17,0.17,9716,Democratic
1960,Virginia,VA,Wise,County,Eric Hass,Socialist Labor,1,0.01,9716,Democratic
1960,Virginia,VA,Wythe,County,Richard Nixon,Republican,2871,57.5,4993,Republican
1960,Virginia,VA,Wythe,County,John F. Kennedy,Democratic,2075,41.56,4993,Republican
1960,Virginia,VA,Wythe,County,C. Benton Coiner,Virginia Conservative,39,0.78,4993,Republican
1960,Virginia,VA,Wythe,County,Eric Hass,Socialist Labor,8,0.16,4993,Republican
1960,Virginia,VA,York,County,Richard Nixon,Republican,2085,54.94,3795,Republican
1960,Virginia,VA,York,County,John F. Kennedy,Democratic,1691,44.56,3795,Republican
1960,Virginia,VA,York,County,C. Benton Coiner,Virginia Conservative,19,0.5,3795,Republican
1960,Virginia,VA,York,County,Eric Hass,Socialist Labor,0,0.0,3795,Republican
1960,Washington,WA,Adams,County,Richard Nixon,Republican,2479,58.8,4216,Republican
1960,Washington,WA,Adams,County,John F. Kennedy,Democratic,1732,41.08,4216,Republican
1960,Washington,WA,Adams,County,Other,Various Parties,5,0.12,4216,Republican
1960,Washington,WA,Asotin,County,Richard Nixon,Republican,2640,46.0,5739,Democratic
1960,Washington,WA,Asotin,County,John F. Kennedy,Democratic,3093,53.89,5739,Democratic
1960,Washington,WA,Asotin,County,Other,Various Parties,6,0.1,5739,Democratic
1960,Washington,WA,Benton,County,Richard Nixon,Republican,13797,52.37,26344,Republican
1960,Washington,WA,Benton,County,John F. Kennedy,Democratic,12518,47.52,26344,Republican
1960,Washington,WA,Benton,County,Other,Various Parties,29,0.11,26344,Republican
1960,Washington,WA,Chelan,County,Richard Nixon,Republican,9854,54.1,18214,Republican
1960,Washington,WA,Chelan,County,John F. Kennedy,Democratic,8177,44.89,18214,Republican
1960,Washington,WA,Chelan,County,Other,Various Parties,183,1.0,18214,Republican
1960,Washington,WA,Clallam,County,Richard Nixon,Republican,6227,47.61,13080,Democratic
1960,Washington,WA,Clallam,County,John F. Kennedy,Democratic,6801,52.0,13080,Democratic
1960,Washington,WA,Clallam,County,Other,Various Parties,52,0.4,13080,Democratic
1960,Washington,WA,Clark,County,Richard Nixon,Republican,20080,49.13,40868,Democratic
1960,Washington,WA,Clark,County,John F. Kennedy,Democratic,20771,50.82,40868,Democratic
1960,Washington,WA,Clark,County,Other,Various Parties,17,0.04,40868,Democratic
1960,Washington,WA,Columbia,County,Richard Nixon,Republican,1301,62.13,2094,Republican
1960,Washington,WA,Columbia,County,John F. Kennedy,Democratic,793,37.87,2094,Republican
1960,Washington,WA,Columbia,County,Other,Various Parties,0,0.0,2094,Republican
1960,Washington,WA,Cowlitz,County,Richard Nixon,Republican,12103,49.79,24310,Republican
1960,Washington,WA,Cowlitz,County,John F. Kennedy,Democratic,12054,49.58,24310,Republican
1960,Washington,WA,Cowlitz,County,Other,Various Parties,153,0.63,24310,Republican
1960,Washington,WA,Douglas,County,Richard Nixon,Republican,3241,51.07,6346,Republican
1960,Washington,WA,Douglas,County,John F. Kennedy,Democratic,3087,48.64,6346,Republican
1960,Washington,WA,Douglas,County,Other,Various Parties,18,0.28,6346,Republican
1960,Washington,WA,Ferry,County,Richard Nixon,Republican,623,40.3,1546,Democratic
1960,Washington,WA,Ferry,County,John F. Kennedy,Democratic,921,59.57,1546,Democratic
1960,Washington,WA,Ferry,County,Other,Various Parties,2,0.13,1546,Democratic
1960,Washington,WA,Franklin,County,Richard Nixon,Republican,4201,44.65,9409,Democratic
1960,Washington,WA,Franklin,County,John F. Kennedy,Democratic,5156,54.8,9409,Democratic
1960,Washington,WA,Franklin,County,Other,Various Parties,52,0.55,9409,Democratic
1960,Washington,WA,Garfield,County,Richard Nixon,Republican,914,56.88,1607,Republican
1960,Washington,WA,Garfield,County,John F. Kennedy,Democratic,690,42.94,1607,Republican
1960,Washington,WA,Garfield,County,Other,Various Parties,3,0.19,1607,Republican
1960,Washington,WA,Grant,County,Richard Nixon,Republican,7568,50.44,15005,Republican
1960,Washington,WA,Grant,County,John F. Kennedy,Democratic,7400,49.32,15005,Republican
1960,Washington,WA,Grant,County,Other,Various Parties,37,0.25,15005,Republican
1960,Washington,WA,Grays Harbor,County,Richard Nixon,Republican,10067,41.94,24006,Democratic
1960,Washington,WA,Grays Harbor,County,John F. Kennedy,Democratic,13773,57.37,24006,Democratic
1960,Washington,WA,Grays Harbor,County,Other,Various Parties,166,0.69,24006,Democratic
1960,Washington,WA,Island,County,Richard Nixon,Republican,3596,59.01,6094,Republican
1960,Washington,WA,Island,County,John F. Kennedy,Democratic,2470,40.53,6094,Republican
1960,Washington,WA,Island,County,Other,Various Parties,28,0.46,6094,Republican
1960,Washington,WA,Jefferson,County,Richard Nixon,Republican,2103,48.83,4307,Democratic
1960,Washington,WA,Jefferson,County,John F. Kennedy,Democratic,2197,51.01,4307,Democratic
1960,Washington,WA,Jefferson,County,Other,Various Parties,7,0.16,4307,Democratic
1960,Washington,WA,King,County,Richard Nixon,Republican,224150,50.85,440810,Republican
1960,Washington,WA,King,County,John F. Kennedy,Democratic,208756,47.36,440810,Republican
1960,Washington,WA,King,County,Other,Various Parties,7904,1.79,440810,Republican
1960,Washington,WA,Kitsap,County,Richard Nixon,Republican,17459,46.8,37302,Democratic
1960,Washington,WA,Kitsap,County,John F. Kennedy,Democratic,19662,52.71,37302,Democratic
1960,Washington,WA,Kitsap,County,Other,Various Parties,181,0.49,37302,Democratic
1960,Washington,WA,Kittitas,County,Richard Nixon,Republican,4640,51.83,8953,Republican
1960,Washington,WA,Kittitas,County,John F. Kennedy,Democratic,4303,48.06,8953,Republican
1960,Washington,WA,Kittitas,County,Other,Various Parties,10,0.11,8953,Republican
1960,Washington,WA,Klickitat,County,Richard Nixon,Republican,2836,50.69,5595,Republican
1960,Washington,WA,Klickitat,County,John F. Kennedy,Democratic,2744,49.04,5595,Republican
1960,Washington,WA,Klickitat,County,Other,Various Parties,15,0.27,5595,Republican
1960,Washington,WA,Lewis,County,Richard Nixon,Republican,11012,56.53,19480,Republican
1960,Washington,WA,Lewis,County,John F. Kennedy,Democratic,8411,43.18,19480,Republican
1960,Washington,WA,Lewis,County,Other,Various Parties,57,0.29,19480,Republican
1960,Washington,WA,Lincoln,County,Richard Nixon,Republican,3211,58.77,5464,Republican
1960,Washington,WA,Lincoln,County,John F. Kennedy,Democratic,2248,41.14,5464,Republican
1960,Washington,WA,Lincoln,County,Other,Various Parties,5,0.09,5464,Republican
1960,Washington,WA,Mason,County,Richard Nixon,Republican,3703,46.86,7902,Democratic
1960,Washington,WA,Mason,County,John F. Kennedy,Democratic,4183,52.94,7902,Democratic
1960,Washington,WA,Mason,County,Other,Various Parties,16,0.2,7902,Democratic
1960,Washington,WA,Okanogan,County,Richard Nixon,Republican,5169,48.32,10698,Democratic
1960,Washington,WA,Okanogan,County,John F. Kennedy,Democratic,5507,51.48,10698,Democratic
1960,Washington,WA,Okanogan,County,Other,Various Parties,22,0.21,10698,Democratic
1960,Washington,WA,Pacific,County,Richard Nixon,Republican,3224,45.47,7090,Democratic
1960,Washington,WA,Pacific,County,John F. Kennedy,Democratic,3837,54.12,7090,Democratic
1960,Washington,WA,Pacific,County,Other,Various Parties,29,0.41,7090,Democratic
1960,Washington,WA,Pend Oreille,County,Richard Nixon,Republican,1305,44.19,2953,Democratic
1960,Washington,WA,Pend Oreille,County,John F. Kennedy,Democratic,1641,55.57,2953,Democratic
1960,Washington,WA,Pend Oreille,County,Other,Various Parties,7,0.24,2953,Democratic
1960,Washington,WA,Pierce,County,Richard Nixon,Republican,57188,46.32,123475,Democratic
1960,Washington,WA,Pierce,County,John F. Kennedy,Democratic,64292,52.07,123475,Democratic
1960,Washington,WA,Pierce,County,Other,Various Parties,1995,1.62,123475,Democratic
1960,Washington,WA,San Juan,County,Richard Nixon,Republican,1112,63.91,1740,Republican
1960,Washington,WA,San Juan,County,John F. Kennedy,Democratic,624,35.86,1740,Republican
1960,Washington,WA,San Juan,County,Other,Various Parties,4,0.23,1740,Republican
1960,Washington,WA,Skagit,County,Richard Nixon,Republican,12168,52.4,23220,Republican
1960,Washington,WA,Skagit,County,John F. Kennedy,Democratic,11003,47.39,23220,Republican
1960,Washington,WA,Skagit,County,Other,Various Parties,49,0.21,23220,Republican
1960,Washington,WA,Skamania,County,Richard Nixon,Republican,1032,44.75,2306,Democratic
1960,Washington,WA,Skamania,County,John F. Kennedy,Democratic,1269,55.03,2306,Democratic
1960,Washington,WA,Skamania,County,Other,Various Parties,5,0.22,2306,Democratic
1960,Washington,WA,Snohomish,County,Richard Nixon,Republican,33731,46.1,73163,Democratic
1960,Washington,WA,Snohomish,County,John F. Kennedy,Democratic,38793,53.02,73163,Democratic
1960,Washington,WA,Snohomish,County,Other,Various Parties,639,0.87,73163,Democratic
1960,Washington,WA,Spokane,County,Richard Nixon,Republican,59557,51.62,115369,Republican
1960,Washington,WA,Spokane,County,John F. Kennedy,Democratic,55553,48.15,115369,Republican
1960,Washington,WA,Spokane,County,Other,Various Parties,259,0.22,115369,Republican
1960,Washington,WA,Stevens,County,Richard Nixon,Republican,4076,51.24,7955,Republican
1960,Washington,WA,Stevens,County,John F. Kennedy,Democratic,3861,48.54,7955,Republican
1960,Washington,WA,Stevens,County,Other,Various Parties,18,0.23,7955,Republican
1960,Washington,WA,Thurston,County,Richard Nixon,Republican,13921,54.37,25606,Republican
1960,Washington,WA,Thurston,County,John F. Kennedy,Democratic,11620,45.38,25606,Republican
1960,Washington,WA,Thurston,County,Other,Various Parties,65,0.25,25606,Republican
1960,Washington,WA,Wahkiakum,County,Richard Nixon,Republican,796,46.23,1722,Democratic
1960,Washington,WA,Wahkiakum,County,John F. Kennedy,Democratic,923,53.6,1722,Democratic
1960,Washington,WA,Wahkiakum,County,Other,Various Parties,3,0.17,1722,Democratic
1960,Washington,WA,Walla Walla,County,Richard Nixon,Republican,11786,63.64,18519,Republican
1960,Washington,WA,Walla Walla,County,John F. Kennedy,Democratic,6721,36.29,18519,Republican
1960,Washington,WA,Walla Walla,County,Other,Various Parties,12,0.06,18519,Republican
1960,Washington,WA,Whatcom,County,Richard Nixon,Republican,16651,52.82,31526,Republican
1960,Washington,WA,Whatcom,County,John F. Kennedy,Democratic,14298,45.35,31526,Republican
1960,Washington,WA,Whatcom,County,Other,Various Parties,577,1.83,31526,Republican
1960,Washington,WA,Whitman,County,Richard Nixon,Republican,8069,59.58,13544,Republican
1960,Washington,WA,Whitman,County,John F. Kennedy,Democratic,5458,40.3,13544,Republican
1960,Washington,WA,Whitman,County,Other,Various Parties,17,0.13,13544,Republican
1960,Washington,WA,Yakima,County,Richard Nixon,Republican,31683,58.68,53995,Republican
1960,Washington,WA,Yakima,County,John F. Kennedy,Democratic,21958,40.67,53995,Republican
1960,Washington,WA,Yakima,County,Other,Various Parties,354,0.66,53995,Republican
1960,West Virginia,WV,Barbour,County,John F. Kennedy,Democratic,3818,48.8,7824,Republican
1960,West Virginia,WV,Barbour,County,Richard Nixon,Republican,4006,51.2,7824,Republican
1960,West Virginia,WV,Berkeley,County,John F. Kennedy,Democratic,7072,45.8,15441,Republican
1960,West Virginia,WV,Berkeley,County,Richard Nixon,Republican,8369,54.2,15441,Republican
1960,West Virginia,WV,Boone,County,John F. Kennedy,Democratic,8058,66.26,12162,Democratic
1960,West Virginia,WV,Boone,County,Richard Nixon,Republican,4104,33.74,12162,Democratic
1960,West Virginia,WV,Braxton,County,John F. Kennedy,Democratic,4185,58.43,7162,Democratic
1960,West Virginia,WV,Braxton,County,Richard Nixon,Republican,2977,41.57,7162,Democratic
1960,West Virginia,WV,Brooke,County,John F. Kennedy,Democratic,7838,57.67,13592,Democratic
1960,West Virginia,WV,Brooke,County,Richard Nixon,Republican,5754,42.33,13592,Democratic
1960,West Virginia,WV,Cabell,County,John F. Kennedy,Democratic,20911,43.66,47899,Republican
1960,West Virginia,WV,Cabell,County,Richard Nixon,Republican,26988,56.34,47899,Republican
1960,West Virginia,WV,Calhoun,County,John F. Kennedy,Democratic,1975,50.37,3921,Democratic
1960,West Virginia,WV,Calhoun,County,Richard Nixon,Republican,1946,49.63,3921,Democratic
1960,West Virginia,WV,Clay,County,John F. Kennedy,Democratic,2859,54.3,5265,Democratic
1960,West Virginia,WV,Clay,County,Richard Nixon,Republican,2406,45.7,5265,Democratic
1960,West Virginia,WV,Doddridge,County,John F. Kennedy,Democratic,1053,30.48,3455,Republican
1960,West Virginia,WV,Doddridge,County,Richard Nixon,Republican,2402,69.52,3455,Republican
1960,West Virginia,WV,Fayette,County,John F. Kennedy,Democratic,18109,70.61,25646,Democratic
1960,West Virginia,WV,Fayette,County,Richard Nixon,Republican,7537,29.39,25646,Democratic
1960,West Virginia,WV,Gilmer,County,John F. Kennedy,Democratic,2075,58.93,3521,Democratic
1960,West Virginia,WV,Gilmer,County,Richard Nixon,Republican,1446,41.07,3521,Democratic
1960,West Virginia,WV,Grant,County,John F. Kennedy,Democratic,908,21.41,4241,Republican
1960,West Virginia,WV,Grant,County,Richard Nixon,Republican,3333,78.59,4241,Republican
1960,West Virginia,WV,Greenbrier,County,John F. Kennedy,Democratic,8343,55.71,14976,Democratic
1960,West Virginia,WV,Greenbrier,County,Richard Nixon,Republican,6633,44.29,14976,Democratic
1960,West Virginia,WV,Hampshire,County,John F. Kennedy,Democratic,2849,52.86,5390,Democratic
1960,West Virginia,WV,Hampshire,County,Richard Nixon,Republican,2541,47.14,5390,Democratic
1960,West Virginia,WV,Hancock,County,John F. Kennedy,Democratic,11176,58.19,19207,Democratic
1960,West Virginia,WV,Hancock,County,Richard Nixon,Republican,8031,41.81,19207,Democratic
1960,West Virginia,WV,Hardy,County,John F. Kennedy,Democratic,2465,54.69,4507,Democratic
1960,West Virginia,WV,Hardy,County,Richard Nixon,Republican,2042,45.31,4507,Democratic
1960,West Virginia,WV,Harrison,County,John F. Kennedy,Democratic,20727,53.0,39105,Democratic
1960,West Virginia,WV,Harrison,County,Richard Nixon,Republican,18378,47.0,39105,Democratic
1960,West Virginia,WV,Jackson,County,John F. Kennedy,Democratic,3615,39.51,9150,Republican
1960,West Virginia,WV,Jackson,County,Richard Nixon,Republican,5535,60.49,9150,Republican
1960,West Virginia,WV,Jefferson,County,John F. Kennedy,Democratic,4352,60.12,7239,Democratic
1960,West Virginia,WV,Jefferson,County,Richard Nixon,Republican,2887,39.88,7239,Democratic
1960,West Virginia,WV,Kanawha,County,John F. Kennedy,Democratic,54484,48.81,111614,Republican
1960,West Virginia,WV,Kanawha,County,Richard Nixon,Republican,57130,51.19,111614,Republican
1960,West Virginia,WV,Lewis,County,John F. Kennedy,Democratic,3649,41.44,8806,Republican
1960,West Virginia,WV,Lewis,County,Richard Nixon,Republican,5157,58.56,8806,Republican
1960,West Virginia,WV,Lincoln,County,John F. Kennedy,Democratic,5023,52.31,9602,Democratic
1960,West Virginia,WV,Lincoln,County,Richard Nixon,Republican,4579,47.69,9602,Democratic
1960,West Virginia,WV,Logan,County,John F. Kennedy,Democratic,16360,67.61,24196,Democratic
1960,West Virginia,WV,Logan,County,Richard Nixon,Republican,7836,32.39,24196,Democratic
1960,West Virginia,WV,Marion,County,John F. Kennedy,Democratic,17903,55.88,32041,Democratic
1960,West Virginia,WV,Marion,County,Richard Nixon,Republican,14138,44.12,32041,Democratic
1960,West Virginia,WV,Marshall,County,John F. Kennedy,Democratic,9197,50.14,18344,Democratic
1960,West Virginia,WV,Marshall,County,Richard Nixon,Republican,9147,49.86,18344,Democratic
1960,West Virginia,WV,Mason,County,John F. Kennedy,Democratic,4522,41.31,10946,Republican
1960,West Virginia,WV,Mason,County,Richard Nixon,Republican,6424,58.69,10946,Republican
1960,West Virginia,WV,McDowell,County,John F. Kennedy,Democratic,19501,74.84,26056,Democratic
1960,West Virginia,WV,McDowell,County,Richard Nixon,Republican,6555,25.16,26056,Democratic
1960,West Virginia,WV,Mercer,County,John F. Kennedy,Democratic,17289,59.6,29008,Democratic
1960,West Virginia,WV,Mercer,County,Richard Nixon,Republican,11719,40.4,29008,Democratic
1960,West Virginia,WV,Mineral,County,John F. Kennedy,Democratic,4164,39.8,10463,Republican
1960,West Virginia,WV,Mineral,County,Richard Nixon,Republican,6299,60.2,10463,Republican
1960,West Virginia,WV,Mingo,County,John F. Kennedy,Democratic,11259,69.66,16162,Democratic
1960,West Virginia,WV,Mingo,County,Richard Nixon,Republican,4903,30.34,16162,Democratic
1960,West Virginia,WV,Monongalia,County,John F. Kennedy,Democratic,13103,53.21,24626,Democratic
1960,West Virginia,WV,Monongalia,County,Richard Nixon,Republican,11523,46.79,24626,Democratic
1960,West Virginia,WV,Monroe,County,John F. Kennedy,Democratic,2910,48.11,6049,Republican
1960,West Virginia,WV,Monroe,County,Richard Nixon,Republican,3139,51.89,6049,Republican
1960,West Virginia,WV,Morgan,County,John F. Kennedy,Democratic,1369,33.22,4121,Republican
1960,West Virginia,WV,Morgan,County,Richard Nixon,Republican,2752,66.78,4121,Republican
1960,West Virginia,WV,Nicholas,County,John F. Kennedy,Democratic,5774,57.33,10071,Democratic
1960,West Virginia,WV,Nicholas,County,Richard Nixon,Republican,4297,42.67,10071,Democratic
1960,West Virginia,WV,Ohio,County,John F. Kennedy,Democratic,18423,51.48,35790,Democratic
1960,West Virginia,WV,Ohio,County,Richard Nixon,Republican,17367,48.52,35790,Democratic
1960,West Virginia,WV,Pendleton,County,John F. Kennedy,Democratic,2057,51.59,3987,Democratic
1960,West Virginia,WV,Pendleton,County,Richard Nixon,Republican,1930,48.41,3987,Democratic
1960,West Virginia,WV,Pleasants,County,John F. Kennedy,Democratic,1742,46.78,3724,Republican
1960,West Virginia,WV,Pleasants,County,Richard Nixon,Republican,1982,53.22,3724,Republican
1960,West Virginia,WV,Pocahontas,County,John F. Kennedy,Democratic,2822,53.34,5291,Democratic
1960,West Virginia,WV,Pocahontas,County,Richard Nixon,Republican,2469,46.66,5291,Democratic
1960,West Virginia,WV,Preston,County,John F. Kennedy,Democratic,4221,37.93,11129,Republican
1960,West Virginia,WV,Preston,County,Richard Nixon,Republican,6908,62.07,11129,Republican
1960,West Virginia,WV,Putnam,County,John F. Kennedy,Democratic,4968,46.56,10670,Republican
1960,West Virginia,WV,Putnam,County,Richard Nixon,Republican,5702,53.44,10670,Republican
1960,West Virginia,WV,Raleigh,County,John F. Kennedy,Democratic,20448,62.85,32536,Democratic
1960,West Virginia,WV,Raleigh,County,Richard Nixon,Republican,12088,37.15,32536,Democratic
1960,West Virginia,WV,Randolph,County,John F. Kennedy,Democratic,6989,58.21,12007,Democratic
1960,West Virginia,WV,Randolph,County,Richard Nixon,Republican,5018,41.79,12007,Democratic
1960,West Virginia,WV,Ritchie,County,John F. Kennedy,Democratic,1591,28.6,5563,Republican
1960,West Virginia,WV,Ritchie,County,Richard Nixon,Republican,3972,71.4,5563,Republican
1960,West Virginia,WV,Roane,County,John F. Kennedy,Democratic,3280,42.47,7723,Republican
1960,West Virginia,WV,Roane,County,Richard Nixon,Republican,4443,57.53,7723,Republican
1960,West Virginia,WV,Summers,County,John F. Kennedy,Democratic,4622,59.57,7759,Democratic
1960,West Virginia,WV,Summers,County,Richard Nixon,Republican,3137,40.43,7759,Democratic
1960,West Virginia,WV,Taylor,County,John F. Kennedy,Democratic,3489,46.64,7481,Republican
1960,West Virginia,WV,Taylor,County,Richard Nixon,Republican,3992,53.36,7481,Republican
1960,West Virginia,WV,Tucker,County,John F. Kennedy,Democratic,2090,52.55,3977,Democratic
1960,West Virginia,WV,Tucker,County,Richard Nixon,Republican,1887,47.45,3977,Democratic
1960,West Virginia,WV,Tyler,County,John F. Kennedy,Democratic,1558,30.58,5095,Republican
1960,West Virginia,WV,Tyler,County,Richard Nixon,Republican,3537,69.42,5095,Republican
1960,West Virginia,WV,Upshur,County,John F. Kennedy,Democratic,2590,33.58,7713,Republican
1960,West Virginia,WV,Upshur,County,Richard Nixon,Republican,5123,66.42,7713,Republican
1960,West Virginia,WV,Wayne,County,John F. Kennedy,Democratic,9140,52.93,17268,Democratic
1960,West Virginia,WV,Wayne,County,Richard Nixon,Republican,8128,47.07,17268,Democratic
1960,West Virginia,WV,Webster,County,John F. Kennedy,Democratic,3479,67.32,5168,Democratic
1960,West Virginia,WV,Webster,County,Richard Nixon,Republican,1689,32.68,5168,Democratic
1960,West Virginia,WV,Wetzel,County,John F. Kennedy,Democratic,4338,45.73,9487,Republican
1960,West Virginia,WV,Wetzel,County,Richard Nixon,Republican,5149,54.27,9487,Republican
1960,West Virginia,WV,Wirt,County,John F. Kennedy,Democratic,1045,43.69,2392,Republican
1960,West Virginia,WV,Wirt,County,Richard Nixon,Republican,1347,56.31,2392,Republican
1960,West Virginia,WV,Wood,County,John F. Kennedy,Democratic,15396,41.03,37527,Republican
1960,West Virginia,WV,Wood,County,Richard Nixon,Republican,22131,58.97,37527,Republican
1960,West Virginia,WV,Wyoming,County,John F. Kennedy,Democratic,8603,62.86,13686,Democratic
1960,West Virginia,WV,Wyoming,County,Richard Nixon,Republican,5083,37.14,13686,Democratic
1960,Wisconsin,WI,Adams,County,Richard Nixon,Republican,2109,57.4,3674,Republican
1960,Wisconsin,WI,Adams,County,John F. Kennedy,Democratic,1551,42.22,3674,Republican
1960,Wisconsin,WI,Adams,County,Other,Various Parties,14,0.38,3674,Republican
1960,Wisconsin,WI,Ashland,County,Richard Nixon,Republican,3470,42.7,8127,Democratic
1960,Wisconsin,WI,Ashland,County,John F. Kennedy,Democratic,4644,57.14,8127,Democratic
1960,Wisconsin,WI,Ashland,County,Other,Various Parties,13,0.16,8127,Democratic
1960,Wisconsin,WI,Barron,County,Richard Nixon,Republican,8640,57.05,15145,Republican
1960,Wisconsin,WI,Barron,County,John F. Kennedy,Democratic,6464,42.68,15145,Republican
1960,Wisconsin,WI,Barron,County,Other,Various Parties,41,0.27,15145,Republican
1960,Wisconsin,WI,Bayfield,County,Richard Nixon,Republican,2841,46.88,6060,Democratic
1960,Wisconsin,WI,Bayfield,County,John F. Kennedy,Democratic,3196,52.74,6060,Democratic
1960,Wisconsin,WI,Bayfield,County,Other,Various Parties,23,0.38,6060,Democratic
1960,Wisconsin,WI,Brown,County,Richard Nixon,Republican,26329,49.72,52952,Democratic
1960,Wisconsin,WI,Brown,County,John F. Kennedy,Democratic,26577,50.19,52952,Democratic
1960,Wisconsin,WI,Brown,County,Other,Various Parties,46,0.09,52952,Democratic
1960,Wisconsin,WI,Buffalo,County,Richard Nixon,Republican,3464,55.37,6256,Republican
1960,Wisconsin,WI,Buffalo,County,John F. Kennedy,Democratic,2790,44.6,6256,Republican
1960,Wisconsin,WI,Buffalo,County,Other,Various Parties,2,0.03,6256,Republican
1960,Wisconsin,WI,Burnett,County,Richard Nixon,Republican,2483,54.03,4596,Republican
1960,Wisconsin,WI,Burnett,County,John F. Kennedy,Democratic,2095,45.58,4596,Republican
1960,Wisconsin,WI,Burnett,County,Other,Various Parties,18,0.39,4596,Republican
1960,Wisconsin,WI,Calumet,County,Richard Nixon,Republican,5166,54.46,9486,Republican
1960,Wisconsin,WI,Calumet,County,John F. Kennedy,Democratic,4312,45.46,9486,Republican
1960,Wisconsin,WI,Calumet,County,Other,Various Parties,8,0.08,9486,Republican
1960,Wisconsin,WI,Chippewa,County,Richard Nixon,Republican,8690,46.95,18511,Democratic
1960,Wisconsin,WI,Chippewa,County,John F. Kennedy,Democratic,9793,52.9,18511,Democratic
1960,Wisconsin,WI,Chippewa,County,Other,Various Parties,28,0.15,18511,Democratic
1960,Wisconsin,WI,Clark,County,Richard Nixon,Republican,7368,55.22,13343,Republican
1960,Wisconsin,WI,Clark,County,John F. Kennedy,Democratic,5934,44.47,13343,Republican
1960,Wisconsin,WI,Clark,County,Other,Various Parties,41,0.31,13343,Republican
1960,Wisconsin,WI,Columbia,County,Richard Nixon,Republican,10282,60.94,16873,Republican
1960,Wisconsin,WI,Columbia,County,John F. Kennedy,Democratic,6576,38.97,16873,Republican
1960,Wisconsin,WI,Columbia,County,Other,Various Parties,15,0.09,16873,Republican
1960,Wisconsin,WI,Crawford,County,Richard Nixon,Republican,3719,52.6,7071,Republican
1960,Wisconsin,WI,Crawford,County,John F. Kennedy,Democratic,3342,47.26,7071,Republican
1960,Wisconsin,WI,Crawford,County,Other,Various Parties,10,0.14,7071,Republican
1960,Wisconsin,WI,Dane,County,Richard Nixon,Republican,43245,47.78,90502,Democratic
1960,Wisconsin,WI,Dane,County,John F. Kennedy,Democratic,47045,51.98,90502,Democratic
1960,Wisconsin,WI,Dane,County,Other,Various Parties,212,0.23,90502,Democratic
1960,Wisconsin,WI,Dodge,County,Richard Nixon,Republican,17152,62.84,27295,Republican
1960,Wisconsin,WI,Dodge,County,John F. Kennedy,Democratic,10113,37.05,27295,Republican
1960,Wisconsin,WI,Dodge,County,Other,Various Parties,30,0.11,27295,Republican
1960,Wisconsin,WI,Door,County,Richard Nixon,Republican,5790,61.5,9414,Republican
1960,Wisconsin,WI,Door,County,John F. Kennedy,Democratic,3610,38.35,9414,Republican
1960,Wisconsin,WI,Door,County,Other,Various Parties,14,0.15,9414,Republican
1960,Wisconsin,WI,Douglas,County,Richard Nixon,Republican,8307,39.06,21270,Democratic
1960,Wisconsin,WI,Douglas,County,John F. Kennedy,Democratic,12910,60.7,21270,Democratic
1960,Wisconsin,WI,Douglas,County,Other,Various Parties,53,0.25,21270,Democratic
1960,Wisconsin,WI,Dunn,County,Richard Nixon,Republican,6723,59.82,11239,Republican
1960,Wisconsin,WI,Dunn,County,John F. Kennedy,Democratic,4487,39.92,11239,Republican
1960,Wisconsin,WI,Dunn,County,Other,Various Parties,29,0.26,11239,Republican
1960,Wisconsin,WI,Eau Claire,County,Richard Nixon,Republican,14427,56.13,25704,Republican
1960,Wisconsin,WI,Eau Claire,County,John F. Kennedy,Democratic,11240,43.73,25704,Republican
1960,Wisconsin,WI,Eau Claire,County,Other,Various Parties,37,0.14,25704,Republican
1960,Wisconsin,WI,Florence,County,Richard Nixon,Republican,928,51.81,1791,Republican
1960,Wisconsin,WI,Florence,County,John F. Kennedy,Democratic,858,47.91,1791,Republican
1960,Wisconsin,WI,Florence,County,Other,Various Parties,5,0.28,1791,Republican
1960,Wisconsin,WI,Fond du Lac,County,Richard Nixon,Republican,19498,59.65,32688,Republican
1960,Wisconsin,WI,Fond du Lac,County,John F. Kennedy,Democratic,13132,40.17,32688,Republican
1960,Wisconsin,WI,Fond du Lac,County,Other,Various Parties,58,0.18,32688,Republican
1960,Wisconsin,WI,Forest,County,Richard Nixon,Republican,1653,47.04,3514,Democratic
1960,Wisconsin,WI,Forest,County,John F. Kennedy,Democratic,1851,52.68,3514,Democratic
1960,Wisconsin,WI,Forest,County,Other,Various Parties,10,0.28,3514,Democratic
1960,Wisconsin,WI,Grant,County,Richard Nixon,Republican,11564,60.05,19258,Republican
1960,Wisconsin,WI,Grant,County,John F. Kennedy,Democratic,7678,39.87,19258,Republican
1960,Wisconsin,WI,Grant,County,Other,Various Parties,16,0.08,19258,Republican
1960,Wisconsin,WI,Green,County,Richard Nixon,Republican,7939,67.79,11711,Republican
1960,Wisconsin,WI,Green,County,John F. Kennedy,Democratic,3766,32.16,11711,Republican
1960,Wisconsin,WI,Green,County,Other,Various Parties,6,0.05,11711,Republican
1960,Wisconsin,WI,Green Lake,County,Richard Nixon,Republican,5110,64.74,7893,Republican
1960,Wisconsin,WI,Green Lake,County,John F. Kennedy,Democratic,2776,35.17,7893,Republican
1960,Wisconsin,WI,Green Lake,County,Other,Various Parties,7,0.09,7893,Republican
1960,Wisconsin,WI,Iowa,County,Richard Nixon,Republican,5143,59.16,8694,Republican
1960,Wisconsin,WI,Iowa,County,John F. Kennedy,Democratic,3547,40.8,8694,Republican
1960,Wisconsin,WI,Iowa,County,Other,Various Parties,4,0.05,8694,Republican
1960,Wisconsin,WI,Iron,County,Richard Nixon,Republican,1290,30.94,4170,Democratic
1960,Wisconsin,WI,Iron,County,John F. Kennedy,Democratic,2873,68.9,4170,Democratic
1960,Wisconsin,WI,Iron,County,Other,Various Parties,7,0.17,4170,Democratic
1960,Wisconsin,WI,Jackson,County,Richard Nixon,Republican,3950,57.98,6813,Republican
1960,Wisconsin,WI,Jackson,County,John F. Kennedy,Democratic,2849,41.82,6813,Republican
1960,Wisconsin,WI,Jackson,County,Other,Various Parties,14,0.21,6813,Republican
1960,Wisconsin,WI,Jefferson,County,Richard Nixon,Republican,14133,61.64,22929,Republican
1960,Wisconsin,WI,Jefferson,County,John F. Kennedy,Democratic,8757,38.19,22929,Republican
1960,Wisconsin,WI,Jefferson,County,Other,Various Parties,39,0.17,22929,Republican
1960,Wisconsin,WI,Juneau,County,Richard Nixon,Republican,4997,60.6,8246,Republican
1960,Wisconsin,WI,Juneau,County,John F. Kennedy,Democratic,3238,39.27,8246,Republican
1960,Wisconsin,WI,Juneau,County,Other,Various Parties,11,0.13,8246,Republican
1960,Wisconsin,WI,Kenosha,County,Richard Nixon,Republican,19969,46.43,43011,Democratic
1960,Wisconsin,WI,Kenosha,County,John F. Kennedy,Democratic,22956,53.37,43011,Democratic
1960,Wisconsin,WI,Kenosha,County,Other,Various Parties,86,0.2,43011,Democratic
1960,Wisconsin,WI,Kewaunee,County,Richard Nixon,Republican,3950,48.09,8213,Democratic
1960,Wisconsin,WI,Kewaunee,County,John F. Kennedy,Democratic,4256,51.82,8213,Democratic
1960,Wisconsin,WI,Kewaunee,County,Other,Various Parties,7,0.09,8213,Democratic
1960,Wisconsin,WI,La Crosse,County,Richard Nixon,Republican,18319,56.08,32665,Republican
1960,Wisconsin,WI,La Crosse,County,John F. Kennedy,Democratic,14310,43.81,32665,Republican
1960,Wisconsin,WI,La Crosse,County,Other,Various Parties,36,0.11,32665,Republican
1960,Wisconsin,WI,Lafayette,County,Richard Nixon,Republican,4715,56.6,8330,Republican
1960,Wisconsin,WI,Lafayette,County,John F. Kennedy,Democratic,3607,43.3,8330,Republican
1960,Wisconsin,WI,Lafayette,County,Other,Various Parties,8,0.1,8330,Republican
1960,Wisconsin,WI,Langlade,County,Richard Nixon,Republican,4614,53.31,8655,Republican
1960,Wisconsin,WI,Langlade,County,John F. Kennedy,Democratic,4025,46.5,8655,Republican
1960,Wisconsin,WI,Langlade,County,Other,Various Parties,16,0.18,8655,Republican
1960,Wisconsin,WI,Lincoln,County,Richard Nixon,Republican,6147,60.93,10089,Republican
1960,Wisconsin,WI,Lincoln,County,John F. Kennedy,Democratic,3909,38.75,10089,Republican
1960,Wisconsin,WI,Lincoln,County,Other,Various Parties,33,0.33,10089,Republican
1960,Wisconsin,WI,Manitowoc,County,Richard Nixon,Republican,14622,45.58,32080,Democratic
1960,Wisconsin,WI,Manitowoc,County,John F. Kennedy,Democratic,17423,54.31,32080,Democratic
1960,Wisconsin,WI,Manitowoc,County,Other,Various Parties,35,0.11,32080,Democratic
1960,Wisconsin,WI,Marathon,County,Richard Nixon,Republican,21880,54.67,40025,Republican
1960,Wisconsin,WI,Marathon,County,John F. Kennedy,Democratic,18145,45.33,40025,Republican
1960,Wisconsin,WI,Marathon,County,Other,Various Parties,0,0.0,40025,Republican
1960,Wisconsin,WI,Marinette,County,Richard Nixon,Republican,8205,52.5,15630,Republican
1960,Wisconsin,WI,Marinette,County,John F. Kennedy,Democratic,7408,47.4,15630,Republican
1960,Wisconsin,WI,Marinette,County,Other,Various Parties,17,0.11,15630,Republican
1960,Wisconsin,WI,Marquette,County,Richard Nixon,Republican,2947,70.12,4203,Republican
1960,Wisconsin,WI,Marquette,County,John F. Kennedy,Democratic,1249,29.72,4203,Republican
1960,Wisconsin,WI,Marquette,County,Other,Various Parties,7,0.17,4203,Republican
1960,Wisconsin,WI,Milwaukee,County,Richard Nixon,Republican,187067,41.96,445807,Democratic
1960,Wisconsin,WI,Milwaukee,County,John F. Kennedy,Democratic,257707,57.81,445807,Democratic
1960,Wisconsin,WI,Milwaukee,County,Other,Various Parties,1033,0.23,445807,Democratic
1960,Wisconsin,WI,Monroe,County,Richard Nixon,Republican,7410,58.87,12587,Republican
1960,Wisconsin,WI,Monroe,County,John F. Kennedy,Democratic,5161,41.0,12587,Republican
1960,Wisconsin,WI,Monroe,County,Other,Various Parties,16,0.13,12587,Republican
1960,Wisconsin,WI,Oconto,County,Richard Nixon,Republican,6223,55.15,11283,Republican
1960,Wisconsin,WI,Oconto,County,John F. Kennedy,Democratic,5045,44.71,11283,Republican
1960,Wisconsin,WI,Oconto,County,Other,Various Parties,15,0.13,11283,Republican
1960,Wisconsin,WI,Oneida,County,Richard Nixon,Republican,5676,53.22,10666,Republican
1960,Wisconsin,WI,Oneida,County,John F. Kennedy,Democratic,4974,46.63,10666,Republican
1960,Wisconsin,WI,Oneida,County,Other,Various Parties,16,0.15,10666,Republican
1960,Wisconsin,WI,Outagamie,County,Richard Nixon,Republican,24146,58.15,41522,Republican
1960,Wisconsin,WI,Outagamie,County,John F. Kennedy,Democratic,17287,41.63,41522,Republican
1960,Wisconsin,WI,Outagamie,County,Other,Various Parties,89,0.21,41522,Republican
1960,Wisconsin,WI,Ozaukee,County,Richard Nixon,Republican,10401,58.91,17657,Republican
1960,Wisconsin,WI,Ozaukee,County,John F. Kennedy,Democratic,7228,40.94,17657,Republican
1960,Wisconsin,WI,Ozaukee,County,Other,Various Parties,28,0.16,17657,Republican
1960,Wisconsin,WI,Pepin,County,Richard Nixon,Republican,1612,47.69,3380,Democratic
1960,Wisconsin,WI,Pepin,County,John F. Kennedy,Democratic,1763,52.16,3380,Democratic
1960,Wisconsin,WI,Pepin,County,Other,Various Parties,5,0.15,3380,Democratic
1960,Wisconsin,WI,Pierce,County,Richard Nixon,Republican,5632,56.56,9958,Republican
1960,Wisconsin,WI,Pierce,County,John F. Kennedy,Democratic,4317,43.35,9958,Republican
1960,Wisconsin,WI,Pierce,County,Other,Various Parties,9,0.09,9958,Republican
1960,Wisconsin,WI,Polk,County,Richard Nixon,Republican,6387,55.23,11565,Republican
1960,Wisconsin,WI,Polk,County,John F. Kennedy,Democratic,5148,44.51,11565,Republican
1960,Wisconsin,WI,Polk,County,Other,Various Parties,30,0.26,11565,Republican
1960,Wisconsin,WI,Portage,County,Richard Nixon,Republican,6436,37.92,16972,Democratic
1960,Wisconsin,WI,Portage,County,John F. Kennedy,Democratic,10516,61.96,16972,Democratic
1960,Wisconsin,WI,Portage,County,Other,Various Parties,20,0.12,16972,Democratic
1960,Wisconsin,WI,Price,County,Richard Nixon,Republican,3555,51.1,6957,Republican
1960,Wisconsin,WI,Price,County,John F. Kennedy,Democratic,3382,48.61,6957,Republican
1960,Wisconsin,WI,Price,County,Other,Various Parties,20,0.29,6957,Republican
1960,Wisconsin,WI,Racine,County,Richard Nixon,Republican,29562,49.03,60294,Democratic
1960,Wisconsin,WI,Racine,County,John F. Kennedy,Democratic,30596,50.74,60294,Democratic
1960,Wisconsin,WI,Racine,County,Other,Various Parties,136,0.23,60294,Democratic
1960,Wisconsin,WI,Richland,County,Richard Nixon,Republican,5253,63.84,8229,Republican
1960,Wisconsin,WI,Richland,County,John F. Kennedy,Democratic,2965,36.03,8229,Republican
1960,Wisconsin,WI,Richland,County,Other,Various Parties,11,0.13,8229,Republican
1960,Wisconsin,WI,Rock,County,Richard Nixon,Republican,29675,60.63,48945,Republican
1960,Wisconsin,WI,Rock,County,John F. Kennedy,Democratic,19194,39.22,48945,Republican
1960,Wisconsin,WI,Rock,County,Other,Various Parties,76,0.16,48945,Republican
1960,Wisconsin,WI,Rusk,County,Richard Nixon,Republican,3094,45.48,6803,Democratic
1960,Wisconsin,WI,Rusk,County,John F. Kennedy,Democratic,3692,54.27,6803,Democratic
1960,Wisconsin,WI,Rusk,County,Other,Various Parties,17,0.25,6803,Democratic
1960,Wisconsin,WI,Sauk,County,Richard Nixon,Republican,10403,61.68,16867,Republican
1960,Wisconsin,WI,Sauk,County,John F. Kennedy,Democratic,6441,38.19,16867,Republican
1960,Wisconsin,WI,Sauk,County,Other,Various Parties,23,0.14,16867,Republican
1960,Wisconsin,WI,Sawyer,County,Richard Nixon,Republican,2699,53.59,5036,Republican
1960,Wisconsin,WI,Sawyer,County,John F. Kennedy,Democratic,2325,46.17,5036,Republican
1960,Wisconsin,WI,Sawyer,County,Other,Various Parties,12,0.24,5036,Republican
1960,Wisconsin,WI,Shawano,County,Richard Nixon,Republican,9734,67.18,14489,Republican
1960,Wisconsin,WI,Shawano,County,John F. Kennedy,Democratic,4734,32.67,14489,Republican
1960,Wisconsin,WI,Shawano,County,Other,Various Parties,21,0.14,14489,Republican
1960,Wisconsin,WI,Sheboygan,County,Richard Nixon,Republican,21676,53.89,40221,Republican
1960,Wisconsin,WI,Sheboygan,County,John F. Kennedy,Democratic,18425,45.81,40221,Republican
1960,Wisconsin,WI,Sheboygan,County,Other,Various Parties,120,0.3,40221,Republican
1960,Wisconsin,WI,St. Croix,County,Richard Nixon,Republican,7113,52.77,13478,Republican
1960,Wisconsin,WI,St. Croix,County,John F. Kennedy,Democratic,6341,47.05,13478,Republican
1960,Wisconsin,WI,St. Croix,County,Other,Various Parties,24,0.18,13478,Republican
1960,Wisconsin,WI,Taylor,County,Richard Nixon,Republican,3447,47.63,7237,Democratic
1960,Wisconsin,WI,Taylor,County,John F. Kennedy,Democratic,3768,52.07,7237,Democratic
1960,Wisconsin,WI,Taylor,County,Other,Various Parties,22,0.3,7237,Democratic
1960,Wisconsin,WI,Trempealeau,County,Richard Nixon,Republican,5539,51.38,10781,Republican
1960,Wisconsin,WI,Trempealeau,County,John F. Kennedy,Democratic,5223,48.45,10781,Republican
1960,Wisconsin,WI,Trempealeau,County,Other,Various Parties,19,0.18,10781,Republican
1960,Wisconsin,WI,Vernon,County,Richard Nixon,Republican,6909,58.75,11760,Republican
1960,Wisconsin,WI,Vernon,County,John F. Kennedy,Democratic,4836,41.12,11760,Republican
1960,Wisconsin,WI,Vernon,County,Other,Various Parties,15,0.13,11760,Republican
1960,Wisconsin,WI,Vilas,County,Richard Nixon,Republican,3508,64.25,5460,Republican
1960,Wisconsin,WI,Vilas,County,John F. Kennedy,Democratic,1942,35.57,5460,Republican
1960,Wisconsin,WI,Vilas,County,Other,Various Parties,10,0.18,5460,Republican
1960,Wisconsin,WI,Walworth,County,Richard Nixon,Republican,16395,67.19,24401,Republican
1960,Wisconsin,WI,Walworth,County,John F. Kennedy,Democratic,7986,32.73,24401,Republican
1960,Wisconsin,WI,Walworth,County,Other,Various Parties,20,0.08,24401,Republican
1960,Wisconsin,WI,Washburn,County,Richard Nixon,Republican,2848,54.13,5261,Republican
1960,Wisconsin,WI,Washburn,County,John F. Kennedy,Democratic,2398,45.58,5261,Republican
1960,Wisconsin,WI,Washburn,County,Other,Various Parties,15,0.29,5261,Republican
1960,Wisconsin,WI,Washington,County,Richard Nixon,Republican,11452,57.29,19991,Republican
1960,Wisconsin,WI,Washington,County,John F. Kennedy,Democratic,8523,42.63,19991,Republican
1960,Wisconsin,WI,Washington,County,Other,Various Parties,16,0.08,19991,Republican
1960,Wisconsin,WI,Waukesha,County,Richard Nixon,Republican,39380,57.56,68419,Republican
1960,Wisconsin,WI,Waukesha,County,John F. Kennedy,Democratic,28963,42.33,68419,Republican
1960,Wisconsin,WI,Waukesha,County,Other,Various Parties,76,0.11,68419,Republican
1960,Wisconsin,WI,Waupaca,County,Richard Nixon,Republican,12247,72.61,16867,Republican
1960,Wisconsin,WI,Waupaca,County,John F. Kennedy,Democratic,4606,27.31,16867,Republican
1960,Wisconsin,WI,Waupaca,County,Other,Various Parties,14,0.08,16867,Republican
1960,Wisconsin,WI,Waushara,County,Richard Nixon,Republican,4906,72.16,6799,Republican
1960,Wisconsin,WI,Waushara,County,John F. Kennedy,Democratic,1888,27.77,6799,Republican
1960,Wisconsin,WI,Waushara,County,Other,Various Parties,5,0.07,6799,Republican
1960,Wisconsin,WI,Winnebago,County,Richard Nixon,Republican,28598,61.72,46334,Republican
1960,Wisconsin,WI,Winnebago,County,John F. Kennedy,Democratic,17656,38.11,46334,Republican
1960,Wisconsin,WI,Winnebago,County,Other,Various Parties,80,0.17,46334,Republican
1960,Wisconsin,WI,Wood,County,Richard Nixon,Republican,14414,57.82,24930,Republican
1960,Wisconsin,WI,Wood,County,John F. Kennedy,Democratic,10483,42.05,24930,Republican
1960,Wisconsin,WI,Wood,County,Other,Various Parties,33,0.13,24930,Republican
1960,Wyoming,WY,Albany,County,Richard Nixon,Republican,4356,50.43,8638,Republican
1960,Wyoming,WY,Albany,County,John F. Kennedy,Democratic,4282,49.57,8638,Republican
1960,Wyoming,WY,Big Horn,County,Richard Nixon,Republican,3449,62.79,5493,Republican
1960,Wyoming,WY,Big Horn,County,John F. Kennedy,Democratic,2044,37.21,5493,Republican
1960,Wyoming,WY,Campbell,County,Richard Nixon,Republican,1575,64.66,2436,Republican
1960,Wyoming,WY,Campbell,County,John F. Kennedy,Democratic,861,35.34,2436,Republican
1960,Wyoming,WY,Carbon,County,Richard Nixon,Republican,3147,45.12,6975,Democratic
1960,Wyoming,WY,Carbon,County,John F. Kennedy,Democratic,3828,54.88,6975,Democratic
1960,Wyoming,WY,Converse,County,Richard Nixon,Republican,1933,67.61,2859,Republican
1960,Wyoming,WY,Converse,County,John F. Kennedy,Democratic,926,32.39,2859,Republican
1960,Wyoming,WY,Crook,County,Richard Nixon,Republican,1537,72.84,2110,Republican
1960,Wyoming,WY,Crook,County,John F. Kennedy,Democratic,573,27.16,2110,Republican
1960,Wyoming,WY,Fremont,County,Richard Nixon,Republican,5738,57.46,9986,Republican
1960,Wyoming,WY,Fremont,County,John F. Kennedy,Democratic,4248,42.54,9986,Republican
1960,Wyoming,WY,Goshen,County,Richard Nixon,Republican,3178,56.83,5592,Republican
1960,Wyoming,WY,Goshen,County,John F. Kennedy,Democratic,2414,43.17,5592,Republican
1960,Wyoming,WY,Hot Springs,County,Richard Nixon,Republican,1659,59.19,2803,Republican
1960,Wyoming,WY,Hot Springs,County,John F. Kennedy,Democratic,1144,40.81,2803,Republican
1960,Wyoming,WY,Johnson,County,Richard Nixon,Republican,1806,69.35,2604,Republican
1960,Wyoming,WY,Johnson,County,John F. Kennedy,Democratic,798,30.65,2604,Republican
1960,Wyoming,WY,Laramie,County,Richard Nixon,Republican,11637,49.05,23723,Democratic
1960,Wyoming,WY,Laramie,County,John F. Kennedy,Democratic,12086,50.95,23723,Democratic
1960,Wyoming,WY,Lincoln,County,Richard Nixon,Republican,2010,50.78,3958,Republican
1960,Wyoming,WY,Lincoln,County,John F. Kennedy,Democratic,1948,49.22,3958,Republican
1960,Wyoming,WY,Natrona,County,Richard Nixon,Republican,11809,56.74,20811,Republican
1960,Wyoming,WY,Natrona,County,John F. Kennedy,Democratic,9002,43.26,20811,Republican
1960,Wyoming,WY,Niobrara,County,Richard Nixon,Republican,1362,70.57,1930,Republican
1960,Wyoming,WY,Niobrara,County,John F. Kennedy,Democratic,568,29.43,1930,Republican
1960,Wyoming,WY,Park,County,Richard Nixon,Republican,4510,64.37,7006,Republican
1960,Wyoming,WY,Park,County,John F. Kennedy,Democratic,2496,35.63,7006,Republican
1960,Wyoming,WY,Platte,County,Richard Nixon,Republican,1771,53.2,3329,Republican
1960,Wyoming,WY,Platte,County,John F. Kennedy,Democratic,1558,46.8,3329,Republican
1960,Wyoming,WY,Sheridan,County,Richard Nixon,Republican,5690,60.05,9476,Republican
1960,Wyoming,WY,Sheridan,County,John F. Kennedy,Democratic,3786,39.95,9476,Republican
1960,Wyoming,WY,Sublette,County,Richard Nixon,Republican,978,60.22,1624,Republican
1960,Wyoming,WY,Sublette,County,John F. Kennedy,Democratic,646,39.78,1624,Republican
1960,Wyoming,WY,Sweetwater,County,Richard Nixon,Republican,2545,32.04,7943,Democratic
1960,Wyoming,WY,Sweetwater,County,John F. Kennedy,Democratic,5398,67.96,7943,Democratic
1960,Wyoming,WY,Teton,County,Richard Nixon,Republican,1158,66.51,1741,Republican
1960,Wyoming,WY,Teton,County,John F. Kennedy,Democratic,583,33.49,1741,Republican
1960,Wyoming,WY,Uinta,County,Richard Nixon,Republican,1606,50.09,3206,Republican
1960,Wyoming,WY,Uinta,County,John F. Kennedy,Democratic,1600,49.91,3206,Republican
1960,Wyoming,WY,Washakie,County,Richard Nixon,Republican,2254,62.7,3595,Republican
1960,Wyoming,WY,Washakie,County,John F. Kennedy,Democratic,1341,37.3,3595,Republican
1960,Wyoming,WY,Weston,County,Richard Nixon,Republican,1743,59.21,2944,Republican
1960,Wyoming,WY,Weston,County,John F. Kennedy,Democratic,1201,40.79,2944,Republican
