Year,Scope,State,State_Code,Matchup,Poll_Type,Poll_Source,Date,Date_Start,Date_End,Sample,MoE,Candidate,Party,Pct,Incumbent,Date_Original
2004,State,Alabama,AL,,General,Rasmussen Reports,2004-10-21 to 2004-10-30,2004-10-21,2004-10-30,Not reported,5.0,John Kerry,Unknown,42%,False,October 21–30
2004,State,Alabama,AL,,General,WKRG-TV Mobile,2004-10-25 to 2004-10-27,2004-10-25,2004-10-27,634 LV,4.0,John Kerry,Unknown,39%,False,October 25–27
2004,State,Alabama,AL,,General,Rasmussen Reports,2004-10-06 to 2004-10-20,2004-10-06,2004-10-20,Not reported,5.0,John Kerry,Unknown,41%,False,October 6–20
2004,State,Alabama,AL,,General,WKRG-TV Mobile,2004-10-01 to 2004-10-03,2004-10-01,2004-10-03,600 LV,4.0,John Kerry,Unknown,34%,False,October 1–3
2004,State,Alabama,AL,,General,Rasmussen Reports,2004-09-15 to 2004-09-28,2004-09-15,2004-09-28,Not reported,5.0,John Kerry,Unknown,40%,False,September 15–28
2004,State,Alabama,AL,,General,American Research Group,2004-09-13 to 2004-09-16,2004-09-13,2004-09-16,600 LV,4.0,John Kerry,Unknown,40%,False,September 13–16
2004,State,Alabama,AL,,General,Rasmussen Reports,2004-09-03 to 2004-09-14,2004-09-03,2004-09-14,416 LV,5.0,John Kerry,Unknown,42%,False,September 3–14
2004,State,Alabama,AL,,General,Alabama Education Association,2004-08-30 to 2004-08-31,2004-08-30,2004-08-31,482 LV,,John Kerry,Unknown,34%,False,August 30–31
2004,State,Alabama,AL,,General,Rasmussen Reports,2004-08-01 to 2004-08-26,2004-08-01,2004-08-26,500 LV,5.0,John Kerry,Unknown,42%,False,August 1–26
2004,State,Alabama,AL,,General,WKRG-TV Mobile,2004-08-21 to 2004-08-23,2004-08-21,2004-08-23,599 LV,4.1,John Kerry,Unknown,37%,False,August 21–23
2004,State,Alabama,AL,,General,Alabama Education Association,2004-07-22 to 2004-07-28,2004-07-22,2004-07-28,590 LV,,John Kerry,Unknown,34%,False,July 22–28
2004,State,Alabama,AL,,General,Rasmussen Reports,2004-06-01 to 2004-06-30,2004-06-01,2004-06-30,Not reported,5.0,John Kerry,Unknown,38%,False,June 1–30
2004,State,Alabama,AL,,General,Rasmussen Reports,2004-05-01 to 2004-05-31,2004-05-01,2004-05-31,Not reported,5.0,John Kerry,Unknown,36%,False,May 1–31
2004,State,Alabama,AL,,General,Alabama Education Association,2004-05-04 to 2004-05-20,2004-05-04,2004-05-20,785 RV,3.5,John Kerry,Unknown,37%,False,"May 4–6, 17–20"
2004,State,Alabama,AL,,General,Mobile Register,2004-05-10 to 2004-05-13,2004-05-10,2004-05-13,400 RV,5.0,John Kerry,Unknown,35%,False,May 10–13
2004,State,Alabama,AL,,General,WKRG-TV Mobile,2004-05-01 to 2004-05-03,2004-05-01,2004-05-03,743 LV,3.7,John Kerry,Unknown,36%,False,May 1–3
2004,State,Alabama,AL,,General,University of South Alabama,2004-03-15 to 2004-03-18,2004-03-15,2004-03-18,405 A,5.0,John Kerry,Unknown,27%,False,March 15–18
2004,State,Alabama,AL,,General,Rasmussen Reports,2004-10-21 to 2004-10-30,2004-10-21,2004-10-30,Not reported,5.0,George W. Bush,Unknown,53%,False,October 21–30
2004,State,Alabama,AL,,General,WKRG-TV Mobile,2004-10-25 to 2004-10-27,2004-10-25,2004-10-27,634 LV,4.0,George W. Bush,Unknown,57%,False,October 25–27
2004,State,Alabama,AL,,General,Rasmussen Reports,2004-10-06 to 2004-10-20,2004-10-06,2004-10-20,Not reported,5.0,George W. Bush,Unknown,53%,False,October 6–20
2004,State,Alabama,AL,,General,WKRG-TV Mobile,2004-10-01 to 2004-10-03,2004-10-01,2004-10-03,600 LV,4.0,George W. Bush,Unknown,62%,False,October 1–3
2004,State,Alabama,AL,,General,Rasmussen Reports,2004-09-15 to 2004-09-28,2004-09-15,2004-09-28,Not reported,5.0,George W. Bush,Unknown,56%,False,September 15–28
2004,State,Alabama,AL,,General,American Research Group,2004-09-13 to 2004-09-16,2004-09-13,2004-09-16,600 LV,4.0,George W. Bush,Unknown,54%,False,September 13–16
2004,State,Alabama,AL,,General,Rasmussen Reports,2004-09-03 to 2004-09-14,2004-09-03,2004-09-14,416 LV,5.0,George W. Bush,Unknown,53%,False,September 3–14
2004,State,Alabama,AL,,General,Alabama Education Association,2004-08-30 to 2004-08-31,2004-08-30,2004-08-31,482 LV,,George W. Bush,Unknown,54%,False,August 30–31
2004,State,Alabama,AL,,General,Rasmussen Reports,2004-08-01 to 2004-08-26,2004-08-01,2004-08-26,500 LV,5.0,George W. Bush,Unknown,53%,False,August 1–26
2004,State,Alabama,AL,,General,WKRG-TV Mobile,2004-08-21 to 2004-08-23,2004-08-21,2004-08-23,599 LV,4.1,George W. Bush,Unknown,58%,False,August 21–23
2004,State,Alabama,AL,,General,Alabama Education Association,2004-07-22 to 2004-07-28,2004-07-22,2004-07-28,590 LV,,George W. Bush,Unknown,56%,False,July 22–28
2004,State,Alabama,AL,,General,Rasmussen Reports,2004-06-01 to 2004-06-30,2004-06-01,2004-06-30,Not reported,5.0,George W. Bush,Unknown,52%,False,June 1–30
2004,State,Alabama,AL,,General,Rasmussen Reports,2004-05-01 to 2004-05-31,2004-05-01,2004-05-31,Not reported,5.0,George W. Bush,Unknown,57%,False,May 1–31
2004,State,Alabama,AL,,General,Alabama Education Association,2004-05-04 to 2004-05-20,2004-05-04,2004-05-20,785 RV,3.5,George W. Bush,Unknown,56%,False,"May 4–6, 17–20"
2004,State,Alabama,AL,,General,Mobile Register,2004-05-10 to 2004-05-13,2004-05-10,2004-05-13,400 RV,5.0,George W. Bush,Unknown,55%,False,May 10–13
2004,State,Alabama,AL,,General,WKRG-TV Mobile,2004-05-01 to 2004-05-03,2004-05-01,2004-05-03,743 LV,3.7,George W. Bush,Unknown,55%,False,May 1–3
2004,State,Alabama,AL,,General,University of South Alabama,2004-03-15 to 2004-03-18,2004-03-15,2004-03-18,405 A,5.0,George W. Bush,Unknown,59%,False,March 15–18
2004,State,Alabama,AL,,General,Alabama Education Association,2004-10-11 to 2004-10-13,2004-10-11,2004-10-13,546 LV,4.0,John Kerry,Unknown,32%,False,October 11–13
2004,State,Alabama,AL,,General,Mobile Register,2004-09-27 to 2004-09-30,2004-09-27,2004-09-30,519 LV,4.3,John Kerry,Unknown,22%,False,September 27–30
2004,State,Alabama,AL,,General,Alabama Education Association,2004-08-09 to 2004-08-12,2004-08-09,2004-08-12,Not reported,,John Kerry,Unknown,34%,False,August 9–12
2004,State,Alabama,AL,,General,Mobile Register,2004-05-10 to 2004-05-13,2004-05-10,2004-05-13,400 RV,5.0,John Kerry,Unknown,29%,False,May 10–13
2004,State,Alabama,AL,,General,Alabama Education Association,2004-10-11 to 2004-10-13,2004-10-11,2004-10-13,546 LV,4.0,George W. Bush,Unknown,56%,False,October 11–13
2004,State,Alabama,AL,,General,Mobile Register,2004-09-27 to 2004-09-30,2004-09-27,2004-09-30,519 LV,4.3,George W. Bush,Unknown,59%,False,September 27–30
2004,State,Alabama,AL,,General,Alabama Education Association,2004-08-09 to 2004-08-12,2004-08-09,2004-08-12,Not reported,,George W. Bush,Unknown,51%,False,August 9–12
2004,State,Alabama,AL,,General,Mobile Register,2004-05-10 to 2004-05-13,2004-05-10,2004-05-13,400 RV,5.0,George W. Bush,Unknown,54%,False,May 10–13
2004,State,Alabama,AL,,General,Alabama Education Association,2004-10-11 to 2004-10-13,2004-10-11,2004-10-13,546 LV,4.0,Ralph Nader,Unknown,1%,False,October 11–13
2004,State,Alabama,AL,,General,Mobile Register,2004-09-27 to 2004-09-30,2004-09-27,2004-09-30,519 LV,4.3,Ralph Nader,Unknown,1%,False,September 27–30
2004,State,Alabama,AL,,General,Alabama Education Association,2004-08-09 to 2004-08-12,2004-08-09,2004-08-12,Not reported,,Ralph Nader,Unknown,1%,False,August 9–12
2004,State,Alabama,AL,,General,Mobile Register,2004-05-10 to 2004-05-13,2004-05-10,2004-05-13,400 RV,5.0,Ralph Nader,Unknown,5%,False,May 10–13
2004,State,Alaska,AK,,General,American Research Group,2004-09-09 to 2004-09-11,2004-09-09,2004-09-11,600 LV,4.0,John Kerry,Unknown,30%,False,September 9–11
2004,State,Alaska,AK,,General,Dittman Research,2004-06-23 to 2004-06-30,2004-06-23,2004-06-30,511 RV,4.0,John Kerry,Unknown,33%,False,June 23–30
2004,State,Alaska,AK,,General,American Research Group,2004-09-09 to 2004-09-11,2004-09-09,2004-09-11,600 LV,4.0,George W. Bush,Unknown,57%,False,September 9–11
2004,State,Alaska,AK,,General,Dittman Research,2004-06-23 to 2004-06-30,2004-06-23,2004-06-30,511 RV,4.0,George W. Bush,Unknown,56%,False,June 23–30
2004,State,Alaska,AK,,General,American Research Group,2004-09-09 to 2004-09-11,2004-09-09,2004-09-11,600 LV,4.0,Ralph Nader,Unknown,5%,False,September 9–11
2004,State,Alaska,AK,,General,Dittman Research,2004-06-23 to 2004-06-30,2004-06-23,2004-06-30,511 RV,4.0,Ralph Nader,Unknown,5%,False,June 23–30
2004,State,Arizona,AZ,,General,KVOA-TV Tucson,2004-10-28 to 2004-10-30,2004-10-28,2004-10-30,599 LV,4.1,John Kerry,Unknown,41%,False,October 28–30
2004,State,Arizona,AZ,,General,Rasmussen Reports,2004-10-26,2004-10-26,2004-10-26,500 LV,4.5,John Kerry,Unknown,45%,False,October 26
2004,State,Arizona,AZ,,General,The Arizona Republic,2004-10-18 to 2004-10-19,2004-10-18,2004-10-19,600 LV,4.0,John Kerry,Unknown,40%,False,October 18–19
2004,State,Arizona,AZ,,General,KVOA-TV Tucson,2004-10-17 to 2004-10-19,2004-10-17,2004-10-19,616 LV,4.0,John Kerry,Unknown,43%,False,October 17–19
2004,State,Arizona,AZ,,General,Zogby Interactive,2004-10-15 to 2004-10-18,2004-10-15,2004-10-18,Not reported,,John Kerry,Unknown,47%,False,October 15–18
2004,State,Arizona,AZ,,General,Northern Arizona University,2004-10-07 to 2004-10-11,2004-10-07,2004-10-11,401 LV,5.0,John Kerry,Unknown,44%,False,October 7–11
2004,State,Arizona,AZ,,General,KVOA-TV Tucson,2004-10-05 to 2004-10-07,2004-10-05,2004-10-07,599 LV,4.1,John Kerry,Unknown,41%,False,October 5–7
2004,State,Arizona,AZ,,General,Zogby Interactive,2004-10-02 to 2004-10-05,2004-10-02,2004-10-05,Not reported,,John Kerry,Unknown,47%,False,October 2–5
2004,State,Arizona,AZ,,General,The Arizona Republic,2004-10-02 to 2004-10-04,2004-10-02,2004-10-04,601 LV,4.0,John Kerry,Unknown,38%,False,October 2–4
2004,State,Arizona,AZ,,General,SurveyUSA,2004-09-27 to 2004-09-29,2004-09-27,2004-09-29,Not reported,,John Kerry,Unknown,44%,False,September 27–29
2004,State,Arizona,AZ,,General,KVOA-TV Tucson,2004-09-21 to 2004-09-23,2004-09-21,2004-09-23,631 LV,4.0,John Kerry,Unknown,43%,False,September 21–23
2004,State,Arizona,AZ,,General,Bradenton.com,2004-09-13 to 2004-09-14,2004-09-13,2004-09-14,625 LV,4.0,John Kerry,Unknown,39%,False,September 13–14
2004,State,Arizona,AZ,,General,The Arizona Republic,2004-09-03 to 2004-09-05,2004-09-03,2004-09-05,600 LV,4.0,John Kerry,Unknown,38%,False,September 3–5
2004,State,Arizona,AZ,,General,KAET-TV-Phoenix,2004-08-19 to 2004-08-22,2004-08-19,2004-08-22,400 RV,4.9,John Kerry,Unknown,39%,False,August 19–22
2004,State,Arizona,AZ,,General,The Arizona Republic,2004-07-30 to 2004-08-01,2004-07-30,2004-08-01,601 LV,4.0,John Kerry,Unknown,45%,False,July 30–August 1
2004,State,Arizona,AZ,,General,KAET-TV-Phoenix,2004-07-15 to 2004-07-17,2004-07-15,2004-07-17,Not reported,5.0,John Kerry,Unknown,42%,False,July 15–17
2004,State,Arizona,AZ,,General,KVOA-TV Tucson,2004-07-12 to 2004-07-14,2004-07-12,2004-07-14,767 LV,3.6,John Kerry,Unknown,41%,False,July 12–14
2004,State,Arizona,AZ,,General,Behavior Research Center,2004-06-30 to 2004-07-07,2004-06-30,2004-07-07,Not reported,,John Kerry,Unknown,36%,False,June 30–July 7
2004,State,Arizona,AZ,,General,Republican National Committee,2004-06-01 to 2004-06-06,2004-06-01,2004-06-06,800 LV,3.46,John Kerry,Unknown,45.3%,False,June 1–6
2004,State,Arizona,AZ,,General,Behavior Research Center,2004-04-29 to 2004-05-04,2004-04-29,2004-05-04,555 RV,4.2,John Kerry,Unknown,42%,False,April 29–May 4
2004,State,Arizona,AZ,,General,KAET-TV-Phoenix,2004-04-23 to 2004-04-26,2004-04-23,2004-04-26,410 RV,4.8,John Kerry,Unknown,38%,False,April 23–26
2004,State,Arizona,AZ,,General,KVOA-TV Tucson,2004-03-17 to 2004-03-18,2004-03-17,2004-03-18,634 LV,4.0,John Kerry,Unknown,42%,False,March 17–18
2004,State,Arizona,AZ,,General,KAET-TV-Phoenix,2004-02-19 to 2004-02-22,2004-02-19,2004-02-22,430 RV,4.7,John Kerry,Unknown,46%,False,February 19–22
2004,State,Arizona,AZ,,General,KVOA-TV Tucson,2004-02-18 to 2004-02-19,2004-02-18,2004-02-19,534 RV,4.3,John Kerry,Unknown,44%,False,February 18–19
2004,State,Arizona,AZ,,General,Behavior Research Center,2004-01-06 to 2004-01-12,2004-01-06,2004-01-12,704 A,3.7,John Kerry,Unknown,38%,False,January 6–12
2004,State,Arizona,AZ,,General,KAET-TV-Phoenix,2003-11-14 to 2003-11-17,2003-11-14,2003-11-17,Not reported,,John Kerry,Unknown,33%,False,"November 14–17, 2003"
2004,State,Arizona,AZ,,General,KVOA-TV Tucson,2004-10-28 to 2004-10-30,2004-10-28,2004-10-30,599 LV,4.1,George W. Bush,Unknown,56%,False,October 28–30
2004,State,Arizona,AZ,,General,Rasmussen Reports,2004-10-26,2004-10-26,2004-10-26,500 LV,4.5,George W. Bush,Unknown,50%,False,October 26
2004,State,Arizona,AZ,,General,The Arizona Republic,2004-10-18 to 2004-10-19,2004-10-18,2004-10-19,600 LV,4.0,George W. Bush,Unknown,47%,False,October 18–19
2004,State,Arizona,AZ,,General,KVOA-TV Tucson,2004-10-17 to 2004-10-19,2004-10-17,2004-10-19,616 LV,4.0,George W. Bush,Unknown,54%,False,October 17–19
2004,State,Arizona,AZ,,General,Zogby Interactive,2004-10-15 to 2004-10-18,2004-10-15,2004-10-18,Not reported,,George W. Bush,Unknown,50%,False,October 15–18
2004,State,Arizona,AZ,,General,Northern Arizona University,2004-10-07 to 2004-10-11,2004-10-07,2004-10-11,401 LV,5.0,George W. Bush,Unknown,49%,False,October 7–11
2004,State,Arizona,AZ,,General,KVOA-TV Tucson,2004-10-05 to 2004-10-07,2004-10-05,2004-10-07,599 LV,4.1,George W. Bush,Unknown,55%,False,October 5–7
2004,State,Arizona,AZ,,General,Zogby Interactive,2004-10-02 to 2004-10-05,2004-10-02,2004-10-05,Not reported,,George W. Bush,Unknown,50%,False,October 2–5
2004,State,Arizona,AZ,,General,The Arizona Republic,2004-10-02 to 2004-10-04,2004-10-02,2004-10-04,601 LV,4.0,George W. Bush,Unknown,48%,False,October 2–4
2004,State,Arizona,AZ,,General,SurveyUSA,2004-09-27 to 2004-09-29,2004-09-27,2004-09-29,Not reported,,George W. Bush,Unknown,53%,False,September 27–29
2004,State,Arizona,AZ,,General,KVOA-TV Tucson,2004-09-21 to 2004-09-23,2004-09-21,2004-09-23,631 LV,4.0,George W. Bush,Unknown,54%,False,September 21–23
2004,State,Arizona,AZ,,General,Bradenton.com,2004-09-13 to 2004-09-14,2004-09-13,2004-09-14,625 LV,4.0,George W. Bush,Unknown,50%,False,September 13–14
2004,State,Arizona,AZ,,General,The Arizona Republic,2004-09-03 to 2004-09-05,2004-09-03,2004-09-05,600 LV,4.0,George W. Bush,Unknown,54%,False,September 3–5
2004,State,Arizona,AZ,,General,KAET-TV-Phoenix,2004-08-19 to 2004-08-22,2004-08-19,2004-08-22,400 RV,4.9,George W. Bush,Unknown,47%,False,August 19–22
2004,State,Arizona,AZ,,General,The Arizona Republic,2004-07-30 to 2004-08-01,2004-07-30,2004-08-01,601 LV,4.0,George W. Bush,Unknown,48%,False,July 30–August 1
2004,State,Arizona,AZ,,General,KAET-TV-Phoenix,2004-07-15 to 2004-07-17,2004-07-15,2004-07-17,Not reported,5.0,George W. Bush,Unknown,41%,False,July 15–17
2004,State,Arizona,AZ,,General,KVOA-TV Tucson,2004-07-12 to 2004-07-14,2004-07-12,2004-07-14,767 LV,3.6,George W. Bush,Unknown,53%,False,July 12–14
2004,State,Arizona,AZ,,General,Behavior Research Center,2004-06-30 to 2004-07-07,2004-06-30,2004-07-07,Not reported,,George W. Bush,Unknown,46%,False,June 30–July 7
2004,State,Arizona,AZ,,General,Republican National Committee,2004-06-01 to 2004-06-06,2004-06-01,2004-06-06,800 LV,3.46,George W. Bush,Unknown,48.3%,False,June 1–6
2004,State,Arizona,AZ,,General,Behavior Research Center,2004-04-29 to 2004-05-04,2004-04-29,2004-05-04,555 RV,4.2,George W. Bush,Unknown,46%,False,April 29–May 4
2004,State,Arizona,AZ,,General,KAET-TV-Phoenix,2004-04-23 to 2004-04-26,2004-04-23,2004-04-26,410 RV,4.8,George W. Bush,Unknown,41%,False,April 23–26
2004,State,Arizona,AZ,,General,KVOA-TV Tucson,2004-03-17 to 2004-03-18,2004-03-17,2004-03-18,634 LV,4.0,George W. Bush,Unknown,51%,False,March 17–18
2004,State,Arizona,AZ,,General,KAET-TV-Phoenix,2004-02-19 to 2004-02-22,2004-02-19,2004-02-22,430 RV,4.7,George W. Bush,Unknown,44%,False,February 19–22
2004,State,Arizona,AZ,,General,KVOA-TV Tucson,2004-02-18 to 2004-02-19,2004-02-18,2004-02-19,534 RV,4.3,George W. Bush,Unknown,52%,False,February 18–19
2004,State,Arizona,AZ,,General,Behavior Research Center,2004-01-06 to 2004-01-12,2004-01-06,2004-01-12,704 A,3.7,George W. Bush,Unknown,48%,False,January 6–12
2004,State,Arizona,AZ,,General,KAET-TV-Phoenix,2003-11-14 to 2003-11-17,2003-11-14,2003-11-17,Not reported,,George W. Bush,Unknown,51%,False,"November 14–17, 2003"
2004,State,Arizona,AZ,,General,KAET-TV-Phoenix,2004-10-19 to 2004-10-21,2004-10-19,2004-10-21,Not reported,,John Kerry,Unknown,42%,False,October 19–21
2004,State,Arizona,AZ,,General,KAET-TV-Phoenix,2004-09-23 to 2004-09-26,2004-09-23,2004-09-26,Not reported,,John Kerry,Unknown,38%,False,September 23–26
2004,State,Arizona,AZ,,General,Zogby Interactive,2004-09-13 to 2004-09-17,2004-09-13,2004-09-17,Not reported,,John Kerry,Unknown,48%,False,September 13–17
2004,State,Arizona,AZ,,General,American Research Group,2004-09-11 to 2004-09-14,2004-09-11,2004-09-14,600 LV,4.0,John Kerry,Unknown,43%,False,September 11–14
2004,State,Arizona,AZ,,General,KAET-TV-Phoenix,2004-06-24 to 2004-06-27,2004-06-24,2004-06-27,400 RV,4.9,John Kerry,Unknown,35%,False,June 24–27
2004,State,Arizona,AZ,,General,The Arizona Republic,2004-06-10 to 2004-06-13,2004-06-10,2004-06-13,600 RV,4.0,John Kerry,Unknown,41%,False,June 10–13
2004,State,Arizona,AZ,,General,KAET-TV-Phoenix,2004-05-20 to 2004-05-23,2004-05-20,2004-05-23,377 RV,5.1,John Kerry,Unknown,38%,False,May 20–23
2004,State,Arizona,AZ,,General,Behavior Research Center,2004-04-29 to 2004-05-04,2004-04-29,2004-05-04,555 RV,4.2,John Kerry,Unknown,37%,False,April 29–May 4
2004,State,Arizona,AZ,,General,KAET-TV-Phoenix,2004-10-19 to 2004-10-21,2004-10-19,2004-10-21,Not reported,,George W. Bush,Unknown,49%,False,October 19–21
2004,State,Arizona,AZ,,General,KAET-TV-Phoenix,2004-09-23 to 2004-09-26,2004-09-23,2004-09-26,Not reported,,George W. Bush,Unknown,53%,False,September 23–26
2004,State,Arizona,AZ,,General,Zogby Interactive,2004-09-13 to 2004-09-17,2004-09-13,2004-09-17,Not reported,,George W. Bush,Unknown,49%,False,September 13–17
2004,State,Arizona,AZ,,General,American Research Group,2004-09-11 to 2004-09-14,2004-09-11,2004-09-14,600 LV,4.0,George W. Bush,Unknown,49%,False,September 11–14
2004,State,Arizona,AZ,,General,KAET-TV-Phoenix,2004-06-24 to 2004-06-27,2004-06-24,2004-06-27,400 RV,4.9,George W. Bush,Unknown,47%,False,June 24–27
2004,State,Arizona,AZ,,General,The Arizona Republic,2004-06-10 to 2004-06-13,2004-06-10,2004-06-13,600 RV,4.0,George W. Bush,Unknown,44%,False,June 10–13
2004,State,Arizona,AZ,,General,KAET-TV-Phoenix,2004-05-20 to 2004-05-23,2004-05-20,2004-05-23,377 RV,5.1,George W. Bush,Unknown,43%,False,May 20–23
2004,State,Arizona,AZ,,General,Behavior Research Center,2004-04-29 to 2004-05-04,2004-04-29,2004-05-04,555 RV,4.2,George W. Bush,Unknown,45%,False,April 29–May 4
2004,State,Arizona,AZ,,General,Zogby Interactive,2004-09-13 to 2004-09-17,2004-09-13,2004-09-17,Not reported,,Ralph Nader,Unknown,3%,False,September 13–17
2004,State,Arizona,AZ,,General,American Research Group,2004-09-11 to 2004-09-14,2004-09-11,2004-09-14,600 LV,4.0,Ralph Nader,Unknown,1%,False,September 11–14
2004,State,Arizona,AZ,,General,KAET-TV-Phoenix,2004-06-24 to 2004-06-27,2004-06-24,2004-06-27,400 RV,4.9,Ralph Nader,Unknown,2%,False,June 24–27
2004,State,Arizona,AZ,,General,The Arizona Republic,2004-06-10 to 2004-06-13,2004-06-10,2004-06-13,600 RV,4.0,Ralph Nader,Unknown,2%,False,June 10–13
2004,State,Arizona,AZ,,General,KAET-TV-Phoenix,2004-05-20 to 2004-05-23,2004-05-20,2004-05-23,377 RV,5.1,Ralph Nader,Unknown,2%,False,May 20–23
2004,State,Arizona,AZ,,General,Behavior Research Center,2004-04-29 to 2004-05-04,2004-04-29,2004-05-04,555 RV,4.2,Ralph Nader,Unknown,7%,False,April 29–May 4
2004,State,Arizona,AZ,,General,KAET-TV-Phoenix,2004-10-19 to 2004-10-21,2004-10-19,2004-10-21,Not reported,,Michael Badnarik,Unknown,1%,False,October 19–21
2004,State,Arizona,AZ,,General,KAET-TV-Phoenix,2004-09-23 to 2004-09-26,2004-09-23,2004-09-26,Not reported,,Michael Badnarik,Unknown,1%,False,September 23–26
2004,State,Arkansas,AR,,General,KTHV-TV Little Rock,2004-10-30 to 2004-11-01,2004-10-30,2004-11-01,550 LV,4.3,John Kerry,Unknown,46%,False,October 30–November 1
2004,State,Arkansas,AR,,General,MSNBC,2004-10-27 to 2004-10-29,2004-10-27,2004-10-29,625 LV,4.0,John Kerry,Unknown,43%,False,October 27–29
2004,State,Arkansas,AR,,General,KTHV-TV Little Rock,2004-10-23 to 2004-10-25,2004-10-23,2004-10-25,649 LV,3.9,John Kerry,Unknown,45%,False,October 23–25
2004,State,Arkansas,AR,,General,KTHV-TV Little Rock,2004-10-15 to 2004-10-17,2004-10-15,2004-10-17,617 LV,4.0,John Kerry,Unknown,46%,False,October 15–17
2004,State,Arkansas,AR,,General,Rasmussen Reports,2004-10-11,2004-10-11,2004-10-11,Not reported,5.0,John Kerry,Unknown,45%,False,October 11
2004,State,Arkansas,AR,,General,SurveyUSA,2004-10-01 to 2004-10-03,2004-10-01,2004-10-03,Not reported,,John Kerry,Unknown,44%,False,October 1–3
2004,State,Arkansas,AR,,General,KTHV-TV Little Rock,2004-09-27 to 2004-09-29,2004-09-27,2004-09-29,579 LV,4.2,John Kerry,Unknown,44%,False,September 27–29
2004,State,Arkansas,AR,,General,Rasmussen Reports,2004-09-12 to 2004-09-25,2004-09-12,2004-09-25,500 LV,5.0,John Kerry,Unknown,44%,False,September 12–25
2004,State,Arkansas,AR,,General,Rasmussen Reports,2004-08-01 to 2004-08-26,2004-08-01,2004-08-26,Not reported,5.0,John Kerry,Unknown,43%,False,August 1–26
2004,State,Arkansas,AR,,General,KTHV-TV Little Rock,2004-08-20 to 2004-08-22,2004-08-20,2004-08-22,567 LV,4.2,John Kerry,Unknown,47%,False,August 20–22
2004,State,Arkansas,AR,,General,Rasmussen Reports,2004-07-01 to 2004-07-31,2004-07-01,2004-07-31,Not reported,5.0,John Kerry,Unknown,46%,False,July 1–31
2004,State,Arkansas,AR,,General,KTHV-TV Little Rock,2004-07-06 to 2004-07-08,2004-07-06,2004-07-08,546 LV,4.3,John Kerry,Unknown,47%,False,July 6–8
2004,State,Arkansas,AR,,General,Rasmussen Reports,2004-06-01 to 2004-06-30,2004-06-01,2004-06-30,Not reported,5.0,John Kerry,Unknown,46%,False,June 1–30
2004,State,Arkansas,AR,,General,Republican National Committee,2004-06-01 to 2004-06-06,2004-06-01,2004-06-06,800 LV,3.46,John Kerry,Unknown,43.8%,False,June 1–6
2004,State,Arkansas,AR,,General,Rasmussen Reports,2004-05-01 to 2004-05-31,2004-05-01,2004-05-31,Not reported,5.0,John Kerry,Unknown,43%,False,May 1–31
2004,State,Arkansas,AR,,General,Rasmussen Reports,2004-05-02,2004-05-02,2004-05-02,500 LV,4.5,John Kerry,Unknown,45%,False,May 2
2004,State,Arkansas,AR,,General,KTHV-TV Little Rock,2004-04-14 to 2004-04-15,2004-04-14,2004-04-15,565 LV,4.2,John Kerry,Unknown,45%,False,April 14–15
2004,State,Arkansas,AR,,General,Arkansas State University,2004-03-01 to 2004-04-08,2004-03-01,2004-04-08,418 A,5.0,John Kerry,Unknown,43%,False,March 1–April 8
2004,State,Arkansas,AR,,General,KTHV-TV Little Rock,2004-10-30 to 2004-11-01,2004-10-30,2004-11-01,550 LV,4.3,George W. Bush,Unknown,51%,False,October 30–November 1
2004,State,Arkansas,AR,,General,MSNBC,2004-10-27 to 2004-10-29,2004-10-27,2004-10-29,625 LV,4.0,George W. Bush,Unknown,51%,False,October 27–29
2004,State,Arkansas,AR,,General,KTHV-TV Little Rock,2004-10-23 to 2004-10-25,2004-10-23,2004-10-25,649 LV,3.9,George W. Bush,Unknown,51%,False,October 23–25
2004,State,Arkansas,AR,,General,KTHV-TV Little Rock,2004-10-15 to 2004-10-17,2004-10-15,2004-10-17,617 LV,4.0,George W. Bush,Unknown,51%,False,October 15–17
2004,State,Arkansas,AR,,General,Rasmussen Reports,2004-10-11,2004-10-11,2004-10-11,Not reported,5.0,George W. Bush,Unknown,51%,False,October 11
2004,State,Arkansas,AR,,General,SurveyUSA,2004-10-01 to 2004-10-03,2004-10-01,2004-10-03,Not reported,,George W. Bush,Unknown,53%,False,October 1–3
2004,State,Arkansas,AR,,General,KTHV-TV Little Rock,2004-09-27 to 2004-09-29,2004-09-27,2004-09-29,579 LV,4.2,George W. Bush,Unknown,53%,False,September 27–29
2004,State,Arkansas,AR,,General,Rasmussen Reports,2004-09-12 to 2004-09-25,2004-09-12,2004-09-25,500 LV,5.0,George W. Bush,Unknown,51%,False,September 12–25
2004,State,Arkansas,AR,,General,Rasmussen Reports,2004-08-01 to 2004-08-26,2004-08-01,2004-08-26,Not reported,5.0,George W. Bush,Unknown,49%,False,August 1–26
2004,State,Arkansas,AR,,General,KTHV-TV Little Rock,2004-08-20 to 2004-08-22,2004-08-20,2004-08-22,567 LV,4.2,George W. Bush,Unknown,48%,False,August 20–22
2004,State,Arkansas,AR,,General,Rasmussen Reports,2004-07-01 to 2004-07-31,2004-07-01,2004-07-31,Not reported,5.0,George W. Bush,Unknown,46%,False,July 1–31
2004,State,Arkansas,AR,,General,KTHV-TV Little Rock,2004-07-06 to 2004-07-08,2004-07-06,2004-07-08,546 LV,4.3,George W. Bush,Unknown,49%,False,July 6–8
2004,State,Arkansas,AR,,General,Rasmussen Reports,2004-06-01 to 2004-06-30,2004-06-01,2004-06-30,Not reported,5.0,George W. Bush,Unknown,45%,False,June 1–30
2004,State,Arkansas,AR,,General,Republican National Committee,2004-06-01 to 2004-06-06,2004-06-01,2004-06-06,800 LV,3.46,George W. Bush,Unknown,49.5%,False,June 1–6
2004,State,Arkansas,AR,,General,Rasmussen Reports,2004-05-01 to 2004-05-31,2004-05-01,2004-05-31,Not reported,5.0,George W. Bush,Unknown,48%,False,May 1–31
2004,State,Arkansas,AR,,General,Rasmussen Reports,2004-05-02,2004-05-02,2004-05-02,500 LV,4.5,George W. Bush,Unknown,45%,False,May 2
2004,State,Arkansas,AR,,General,KTHV-TV Little Rock,2004-04-14 to 2004-04-15,2004-04-14,2004-04-15,565 LV,4.2,George W. Bush,Unknown,47%,False,April 14–15
2004,State,Arkansas,AR,,General,Arkansas State University,2004-03-01 to 2004-04-08,2004-03-01,2004-04-08,418 A,5.0,George W. Bush,Unknown,51%,False,March 1–April 8
2004,State,Arkansas,AR,,General,Wall Street Journal,2004-10-25 to 2004-10-30,2004-10-25,2004-10-30,620 LV,3.9,John Kerry,Unknown,46.9%,False,October 25–30
2004,State,Arkansas,AR,,General,Arkansas News Bureau,2004-10-18 to 2004-10-20,2004-10-18,2004-10-20,500 LV,4.5,John Kerry,Unknown,48%,False,October 18–20
2004,State,Arkansas,AR,,General,University of Arkansas,2004-10-05 to 2004-10-20,2004-10-05,2004-10-20,618 LV,3.5,John Kerry,Unknown,44%,False,October 5–20
2004,State,Arkansas,AR,,General,Wall Street Journal,2004-10-13 to 2004-10-18,2004-10-13,2004-10-18,516 LV,4.3,John Kerry,Unknown,48.4%,False,October 13–18
2004,State,Arkansas,AR,,General,Arkansas Democrat-Gazette,2004-10-10 to 2004-10-11,2004-10-10,2004-10-11,503 LV,4.5,John Kerry,Unknown,44.6%,False,October 10–11
2004,State,Arkansas,AR,,General,Arkansas News Bureau,2004-10-04 to 2004-10-06,2004-10-04,2004-10-06,502 LV,4.5,John Kerry,Unknown,43%,False,October 4–6
2004,State,Arkansas,AR,,General,Wall Street Journal,2004-09-30 to 2004-10-05,2004-09-30,2004-10-05,545 LV,3.6,John Kerry,Unknown,46.9%,False,September 30–October 5
2004,State,Arkansas,AR,,General,American Research Group,2004-09-15 to 2004-09-17,2004-09-15,2004-09-17,600 LV,4.0,John Kerry,Unknown,45%,False,September 15–17
2004,State,Arkansas,AR,,General,Wall Street Journal,2004-09-13 to 2004-09-17,2004-09-13,2004-09-17,582 LV,4.1,John Kerry,Unknown,46.6%,False,September 13–17
2004,State,Arkansas,AR,,General,Wall Street Journal,2004-08-30 to 2004-09-03,2004-08-30,2004-09-03,574 LV,4.1,John Kerry,Unknown,45.9%,False,August 30–September 3
2004,State,Arkansas,AR,,General,Wall Street Journal,2004-08-16 to 2004-08-21,2004-08-16,2004-08-21,508 LV,4.4,John Kerry,Unknown,48.2%,False,August 16–21
2004,State,Arkansas,AR,,General,Wall Street Journal,2004-07-26 to 2004-07-30,2004-07-26,2004-07-30,503 LV,4.4,John Kerry,Unknown,46.4%,False,July 26–30
2004,State,Arkansas,AR,,General,Wall Street Journal,2004-07-19 to 2004-07-23,2004-07-19,2004-07-23,512 LV,4.3,John Kerry,Unknown,44.6%,False,July 19–23
2004,State,Arkansas,AR,,General,Wall Street Journal,2004-07-06 to 2004-07-10,2004-07-06,2004-07-10,508 LV,4.4,John Kerry,Unknown,44.5%,False,July 6–10
2004,State,Arkansas,AR,,General,Wall Street Journal,2004-06-15 to 2004-06-20,2004-06-15,2004-06-20,505 LV,4.4,John Kerry,Unknown,46.8%,False,June 15–20
2004,State,Arkansas,AR,,General,Wall Street Journal,2004-06-01 to 2004-06-06,2004-06-01,2004-06-06,699 LV,3.7,John Kerry,Unknown,43.5%,False,June 1–6
2004,State,Arkansas,AR,,General,Wall Street Journal,2004-05-18 to 2004-05-23,2004-05-18,2004-05-23,497 LV,4.5,John Kerry,Unknown,44.5%,False,May 18–23
2004,State,Arkansas,AR,,General,Wall Street Journal,2004-10-25 to 2004-10-30,2004-10-25,2004-10-30,620 LV,3.9,George W. Bush,Unknown,50.1%,False,October 25–30
2004,State,Arkansas,AR,,General,Arkansas News Bureau,2004-10-18 to 2004-10-20,2004-10-18,2004-10-20,500 LV,4.5,George W. Bush,Unknown,48%,False,October 18–20
2004,State,Arkansas,AR,,General,University of Arkansas,2004-10-05 to 2004-10-20,2004-10-05,2004-10-20,618 LV,3.5,George W. Bush,Unknown,53%,False,October 5–20
2004,State,Arkansas,AR,,General,Wall Street Journal,2004-10-13 to 2004-10-18,2004-10-13,2004-10-18,516 LV,4.3,George W. Bush,Unknown,49.7%,False,October 13–18
2004,State,Arkansas,AR,,General,Arkansas Democrat-Gazette,2004-10-10 to 2004-10-11,2004-10-10,2004-10-11,503 LV,4.5,George W. Bush,Unknown,46.2%,False,October 10–11
2004,State,Arkansas,AR,,General,Arkansas News Bureau,2004-10-04 to 2004-10-06,2004-10-04,2004-10-06,502 LV,4.5,George W. Bush,Unknown,52%,False,October 4–6
2004,State,Arkansas,AR,,General,Wall Street Journal,2004-09-30 to 2004-10-05,2004-09-30,2004-10-05,545 LV,3.6,George W. Bush,Unknown,46.7%,False,September 30–October 5
2004,State,Arkansas,AR,,General,American Research Group,2004-09-15 to 2004-09-17,2004-09-15,2004-09-17,600 LV,4.0,George W. Bush,Unknown,48%,False,September 15–17
2004,State,Arkansas,AR,,General,Wall Street Journal,2004-09-13 to 2004-09-17,2004-09-13,2004-09-17,582 LV,4.1,George W. Bush,Unknown,46.5%,False,September 13–17
2004,State,Arkansas,AR,,General,Wall Street Journal,2004-08-30 to 2004-09-03,2004-08-30,2004-09-03,574 LV,4.1,George W. Bush,Unknown,47.6%,False,August 30–September 3
2004,State,Arkansas,AR,,General,Wall Street Journal,2004-08-16 to 2004-08-21,2004-08-16,2004-08-21,508 LV,4.4,George W. Bush,Unknown,45.6%,False,August 16–21
2004,State,Arkansas,AR,,General,Wall Street Journal,2004-07-26 to 2004-07-30,2004-07-26,2004-07-30,503 LV,4.4,George W. Bush,Unknown,47.9%,False,July 26–30
2004,State,Arkansas,AR,,General,Wall Street Journal,2004-07-19 to 2004-07-23,2004-07-19,2004-07-23,512 LV,4.3,George W. Bush,Unknown,47.4%,False,July 19–23
2004,State,Arkansas,AR,,General,Wall Street Journal,2004-07-06 to 2004-07-10,2004-07-06,2004-07-10,508 LV,4.4,George W. Bush,Unknown,46.7%,False,July 6–10
2004,State,Arkansas,AR,,General,Wall Street Journal,2004-06-15 to 2004-06-20,2004-06-15,2004-06-20,505 LV,4.4,George W. Bush,Unknown,44.7%,False,June 15–20
2004,State,Arkansas,AR,,General,Wall Street Journal,2004-06-01 to 2004-06-06,2004-06-01,2004-06-06,699 LV,3.7,George W. Bush,Unknown,51.2%,False,June 1–6
2004,State,Arkansas,AR,,General,Wall Street Journal,2004-05-18 to 2004-05-23,2004-05-18,2004-05-23,497 LV,4.5,George W. Bush,Unknown,49.3%,False,May 18–23
2004,State,Arkansas,AR,,General,Wall Street Journal,2004-10-25 to 2004-10-30,2004-10-25,2004-10-30,620 LV,3.9,Ralph Nader,Unknown,0.5%,False,October 25–30
2004,State,Arkansas,AR,,General,Arkansas News Bureau,2004-10-18 to 2004-10-20,2004-10-18,2004-10-20,500 LV,4.5,Ralph Nader,Unknown,1%,False,October 18–20
2004,State,Arkansas,AR,,General,University of Arkansas,2004-10-05 to 2004-10-20,2004-10-05,2004-10-20,618 LV,3.5,Ralph Nader,Unknown,2%,False,October 5–20
2004,State,Arkansas,AR,,General,Wall Street Journal,2004-10-13 to 2004-10-18,2004-10-13,2004-10-18,516 LV,4.3,Ralph Nader,Unknown,0.2%,False,October 13–18
2004,State,Arkansas,AR,,General,Arkansas Democrat-Gazette,2004-10-10 to 2004-10-11,2004-10-10,2004-10-11,503 LV,4.5,Ralph Nader,Unknown,2%,False,October 10–11
2004,State,Arkansas,AR,,General,Arkansas News Bureau,2004-10-04 to 2004-10-06,2004-10-04,2004-10-06,502 LV,4.5,Ralph Nader,Unknown,1%,False,October 4–6
2004,State,Arkansas,AR,,General,Wall Street Journal,2004-09-30 to 2004-10-05,2004-09-30,2004-10-05,545 LV,3.6,Ralph Nader,Unknown,0.7%,False,September 30–October 5
2004,State,Arkansas,AR,,General,American Research Group,2004-09-15 to 2004-09-17,2004-09-15,2004-09-17,600 LV,4.0,Ralph Nader,Unknown,2%,False,September 15–17
2004,State,Arkansas,AR,,General,Wall Street Journal,2004-09-13 to 2004-09-17,2004-09-13,2004-09-17,582 LV,4.1,Ralph Nader,Unknown,2.2%,False,September 13–17
2004,State,Arkansas,AR,,General,Wall Street Journal,2004-08-30 to 2004-09-03,2004-08-30,2004-09-03,574 LV,4.1,Ralph Nader,Unknown,0.6%,False,August 30–September 3
2004,State,Arkansas,AR,,General,Wall Street Journal,2004-08-16 to 2004-08-21,2004-08-16,2004-08-21,508 LV,4.4,Ralph Nader,Unknown,0.8%,False,August 16–21
2004,State,Arkansas,AR,,General,Wall Street Journal,2004-07-26 to 2004-07-30,2004-07-26,2004-07-30,503 LV,4.4,Ralph Nader,Unknown,0.5%,False,July 26–30
2004,State,Arkansas,AR,,General,Wall Street Journal,2004-07-19 to 2004-07-23,2004-07-19,2004-07-23,512 LV,4.3,Ralph Nader,Unknown,2%,False,July 19–23
2004,State,Arkansas,AR,,General,Wall Street Journal,2004-07-06 to 2004-07-10,2004-07-06,2004-07-10,508 LV,4.4,Ralph Nader,Unknown,4.4%,False,July 6–10
2004,State,Arkansas,AR,,General,Wall Street Journal,2004-06-15 to 2004-06-20,2004-06-15,2004-06-20,505 LV,4.4,Ralph Nader,Unknown,2.1%,False,June 15–20
2004,State,Arkansas,AR,,General,Wall Street Journal,2004-06-01 to 2004-06-06,2004-06-01,2004-06-06,699 LV,3.7,Ralph Nader,Unknown,1.6%,False,June 1–6
2004,State,Arkansas,AR,,General,Wall Street Journal,2004-05-18 to 2004-05-23,2004-05-18,2004-05-23,497 LV,4.5,Ralph Nader,Unknown,1.2%,False,May 18–23
2004,State,Arkansas,AR,,General,Rasmussen Reports,2004-05-02,2004-05-02,2004-05-02,500 LV,4.5,Ralph Nader,Unknown,0%,False,May 2
2004,State,California,CA,,General,KABC-TV Los Angeles,2004-10-29 to 2004-10-31,2004-10-29,2004-10-31,767 LV,3.6,John Kerry,Unknown,54%,False,October 29–31
2004,State,California,CA,,General,Rasmussen Reports,2004-10-17 to 2004-10-30,2004-10-17,2004-10-30,Not reported,3.0,John Kerry,Unknown,53%,False,October 17–30
2004,State,California,CA,,General,Field Research Corporation (Field Poll),2004-10-21 to 2004-10-27,2004-10-21,2004-10-27,"1,086 LV",3.2,John Kerry,Unknown,49%,False,October 21–27
2004,State,California,CA,,General,KABC-TV Los Angeles,2004-10-23 to 2004-10-25,2004-10-23,2004-10-25,743 LV,3.7,John Kerry,Unknown,53%,False,October 23–25
2004,State,California,CA,,General,Los Angeles Times,2004-10-14 to 2004-10-18,2004-10-14,2004-10-18,925 LV,3.0,John Kerry,Unknown,58%,False,October 14–18
2004,State,California,CA,,General,KABC-TV Los Angeles,2004-10-15 to 2004-10-17,2004-10-15,2004-10-17,703 LV,3.8,John Kerry,Unknown,53%,False,October 15–17
2004,State,California,CA,,General,Rasmussen Reports,2004-10-05 to 2004-10-11,2004-10-05,2004-10-11,Not reported,3.0,John Kerry,Unknown,51%,False,October 5–11
2004,State,California,CA,,General,Rasmussen Reports,2004-09-29 to 2004-10-05,2004-09-29,2004-10-05,864 LV,4.0,John Kerry,Unknown,53%,False,September 29–October 5
2004,State,California,CA,,General,KABC-TV Los Angeles,2004-10-02 to 2004-10-04,2004-10-02,2004-10-04,748 LV,3.7,John Kerry,Unknown,51%,False,October 2–4
2004,State,California,CA,,General,Field Research Corporation (Field Poll),2004-09-30 to 2004-10-03,2004-09-30,2004-10-03,586 LV,4.3,John Kerry,Unknown,49%,False,September 30–October 3
2004,State,California,CA,,General,San José State University,2004-09-27 to 2004-10-01,2004-09-27,2004-10-01,600 LV,4.0,John Kerry,Unknown,48%,False,September 27–October 1
2004,State,California,CA,,General,Field Research Corporation (Field Poll),2004-09-24 to 2004-09-29,2004-09-24,2004-09-29,549 LV,4.3,John Kerry,Unknown,49%,False,September 24–29
2004,State,California,CA,,General,Rasmussen Reports,2004-09-19 to 2004-09-25,2004-09-19,2004-09-25,848 LV,4.0,John Kerry,Unknown,53%,False,September 19–25
2004,State,California,CA,,General,Los Angeles Times,2004-09-17 to 2004-09-21,2004-09-17,2004-09-21,861 LV,3.0,John Kerry,Unknown,55%,False,September 17–21
2004,State,California,CA,,General,Public Policy Institute of California,2004-09-12 to 2004-09-19,2004-09-12,2004-09-19,"1,151 LV",3.0,John Kerry,Unknown,51%,False,September 12–19
2004,State,California,CA,,General,Rasmussen Reports,2004-09-11 to 2004-09-17,2004-09-11,2004-09-17,Not reported,3.0,John Kerry,Unknown,55%,False,September 11–17
2004,State,California,CA,,General,American Research Group,2004-09-11 to 2004-09-13,2004-09-11,2004-09-13,600 LV,4.0,John Kerry,Unknown,52%,False,September 11–13
2004,State,California,CA,,General,KABC-TV Los Angeles,2004-09-06 to 2004-09-08,2004-09-06,2004-09-08,598 LV,4.1,John Kerry,Unknown,52%,False,September 6–8
2004,State,California,CA,,General,Rasmussen Reports,2004-08-27 to 2004-09-03,2004-08-27,2004-09-03,608 LV,4.0,John Kerry,Unknown,50%,False,August 27–September 3
2004,State,California,CA,,General,Rasmussen Reports,2004-08-16 to 2004-08-26,2004-08-16,2004-08-26,654 LV,,John Kerry,Unknown,51%,False,August 16–26
2004,State,California,CA,,General,KABC-TV Los Angeles,2004-08-16 to 2004-08-18,2004-08-16,2004-08-18,589 LV,4.1,John Kerry,Unknown,49%,False,August 16–18
2004,State,California,CA,,General,Public Policy Institute of California,2004-08-04 to 2004-08-11,2004-08-04,2004-08-11,"1,117 LV",3.0,John Kerry,Unknown,54%,False,August 4–11
2004,State,California,CA,,General,Field Research Corporation (Field Poll),2004-07-30 to 2004-08-04,2004-07-30,2004-08-04,633 LV,4.1,John Kerry,Unknown,53%,False,July 30–August 4
2004,State,California,CA,,General,Rasmussen Reports,2004-07-01 to 2004-07-31,2004-07-01,2004-07-31,Not reported,3.0,John Kerry,Unknown,55%,False,July 1–31
2004,State,California,CA,,General,San José State University,2004-06-28 to 2004-07-02,2004-06-28,2004-07-02,608 LV,4.0,John Kerry,Unknown,50%,False,June 28–July 2
2004,State,California,CA,,General,Rasmussen Reports,2004-06-01 to 2004-06-30,2004-06-01,2004-06-30,Not reported,3.0,John Kerry,Unknown,52%,False,June 1–30
2004,State,California,CA,,General,Rasmussen Reports,2004-05-01 to 2004-05-31,2004-05-01,2004-05-31,Not reported,3.0,John Kerry,Unknown,49%,False,May 1–31
2004,State,California,CA,,General,Field Research Corporation (Field Poll),2004-05-18 to 2004-05-24,2004-05-18,2004-05-24,647 RV,4.0,John Kerry,Unknown,55%,False,May 18–24
2004,State,California,CA,,General,KABC-TV Los Angeles,2004-05-04 to 2004-05-06,2004-05-04,2004-05-06,635 LV,4.0,John Kerry,Unknown,46%,False,May 4–6
2004,State,California,CA,,General,Rasmussen Reports,2004-04-17 to 2004-04-24,2004-04-17,2004-04-24,502 LV,5.0,John Kerry,Unknown,51%,False,April 17–24
2004,State,California,CA,,General,Los Angeles Times,2004-04-17 to 2004-04-21,2004-04-17,2004-04-21,"1,265 RV",3.0,John Kerry,Unknown,53%,False,April 17–21
2004,State,California,CA,,General,Rasmussen Reports,2004-03-05 to 2004-03-11,2004-03-05,2004-03-11,445 LV,5.0,John Kerry,Unknown,53%,False,March 5–11
2004,State,California,CA,,General,Field Research Corporation (Field Poll),2004-02-18 to 2004-02-22,2004-02-18,2004-02-22,958 RV,3.3,John Kerry,Unknown,53%,False,February 18–22
2004,State,California,CA,,General,Los Angeles Times,2004-02-18 to 2004-02-22,2004-02-18,2004-02-22,560 LV,4.0,John Kerry,Unknown,53%,False,February 18–22
2004,State,California,CA,,General,Field Research Corporation (Field Poll),2004-01-05 to 2004-01-13,2004-01-05,2004-01-13,929 RV,3.4,John Kerry,Unknown,39%,False,January 5–13
2004,State,California,CA,,General,Field Research Corporation (Field Poll),2003-09-25 to 2003-10-01,2003-09-25,2003-10-01,Not reported,4.5,John Kerry,Unknown,42%,False,"September 25–October 1, 2003"
2004,State,California,CA,,General,Field Research Corporation (Field Poll),2003-09-03 to 2003-09-07,2003-09-03,2003-09-07,649 RV,4.0,John Kerry,Unknown,42%,False,"September 3–7, 2003"
2004,State,California,CA,,General,KABC-TV Los Angeles,2004-10-29 to 2004-10-31,2004-10-29,2004-10-31,767 LV,3.6,George W. Bush,Unknown,43%,False,October 29–31
2004,State,California,CA,,General,Rasmussen Reports,2004-10-17 to 2004-10-30,2004-10-17,2004-10-30,Not reported,3.0,George W. Bush,Unknown,43%,False,October 17–30
2004,State,California,CA,,General,Field Research Corporation (Field Poll),2004-10-21 to 2004-10-27,2004-10-21,2004-10-27,"1,086 LV",3.2,George W. Bush,Unknown,42%,False,October 21–27
2004,State,California,CA,,General,KABC-TV Los Angeles,2004-10-23 to 2004-10-25,2004-10-23,2004-10-25,743 LV,3.7,George W. Bush,Unknown,44%,False,October 23–25
2004,State,California,CA,,General,Los Angeles Times,2004-10-14 to 2004-10-18,2004-10-14,2004-10-18,925 LV,3.0,George W. Bush,Unknown,40%,False,October 14–18
2004,State,California,CA,,General,KABC-TV Los Angeles,2004-10-15 to 2004-10-17,2004-10-15,2004-10-17,703 LV,3.8,George W. Bush,Unknown,43%,False,October 15–17
2004,State,California,CA,,General,Rasmussen Reports,2004-10-05 to 2004-10-11,2004-10-05,2004-10-11,Not reported,3.0,George W. Bush,Unknown,43%,False,October 5–11
2004,State,California,CA,,General,Rasmussen Reports,2004-09-29 to 2004-10-05,2004-09-29,2004-10-05,864 LV,4.0,George W. Bush,Unknown,42%,False,September 29–October 5
2004,State,California,CA,,General,KABC-TV Los Angeles,2004-10-02 to 2004-10-04,2004-10-02,2004-10-04,748 LV,3.7,George W. Bush,Unknown,43%,False,October 2–4
2004,State,California,CA,,General,Field Research Corporation (Field Poll),2004-09-30 to 2004-10-03,2004-09-30,2004-10-03,586 LV,4.3,George W. Bush,Unknown,40%,False,September 30–October 3
2004,State,California,CA,,General,San José State University,2004-09-27 to 2004-10-01,2004-09-27,2004-10-01,600 LV,4.0,George W. Bush,Unknown,42%,False,September 27–October 1
2004,State,California,CA,,General,Field Research Corporation (Field Poll),2004-09-24 to 2004-09-29,2004-09-24,2004-09-29,549 LV,4.3,George W. Bush,Unknown,41%,False,September 24–29
2004,State,California,CA,,General,Rasmussen Reports,2004-09-19 to 2004-09-25,2004-09-19,2004-09-25,848 LV,4.0,George W. Bush,Unknown,40%,False,September 19–25
2004,State,California,CA,,General,Los Angeles Times,2004-09-17 to 2004-09-21,2004-09-17,2004-09-21,861 LV,3.0,George W. Bush,Unknown,40%,False,September 17–21
2004,State,California,CA,,General,Public Policy Institute of California,2004-09-12 to 2004-09-19,2004-09-12,2004-09-19,"1,151 LV",3.0,George W. Bush,Unknown,39%,False,September 12–19
2004,State,California,CA,,General,Rasmussen Reports,2004-09-11 to 2004-09-17,2004-09-11,2004-09-17,Not reported,3.0,George W. Bush,Unknown,39%,False,September 11–17
2004,State,California,CA,,General,American Research Group,2004-09-11 to 2004-09-13,2004-09-11,2004-09-13,600 LV,4.0,George W. Bush,Unknown,41%,False,September 11–13
2004,State,California,CA,,General,KABC-TV Los Angeles,2004-09-06 to 2004-09-08,2004-09-06,2004-09-08,598 LV,4.1,George W. Bush,Unknown,42%,False,September 6–8
2004,State,California,CA,,General,Rasmussen Reports,2004-08-27 to 2004-09-03,2004-08-27,2004-09-03,608 LV,4.0,George W. Bush,Unknown,42%,False,August 27–September 3
2004,State,California,CA,,General,Rasmussen Reports,2004-08-16 to 2004-08-26,2004-08-16,2004-08-26,654 LV,,George W. Bush,Unknown,42%,False,August 16–26
2004,State,California,CA,,General,KABC-TV Los Angeles,2004-08-16 to 2004-08-18,2004-08-16,2004-08-18,589 LV,4.1,George W. Bush,Unknown,46%,False,August 16–18
2004,State,California,CA,,General,Public Policy Institute of California,2004-08-04 to 2004-08-11,2004-08-04,2004-08-11,"1,117 LV",3.0,George W. Bush,Unknown,38%,False,August 4–11
2004,State,California,CA,,General,Field Research Corporation (Field Poll),2004-07-30 to 2004-08-04,2004-07-30,2004-08-04,633 LV,4.1,George W. Bush,Unknown,41%,False,July 30–August 4
2004,State,California,CA,,General,Rasmussen Reports,2004-07-01 to 2004-07-31,2004-07-01,2004-07-31,Not reported,3.0,George W. Bush,Unknown,37%,False,July 1–31
2004,State,California,CA,,General,San José State University,2004-06-28 to 2004-07-02,2004-06-28,2004-07-02,608 LV,4.0,George W. Bush,Unknown,39%,False,June 28–July 2
2004,State,California,CA,,General,Rasmussen Reports,2004-06-01 to 2004-06-30,2004-06-01,2004-06-30,Not reported,3.0,George W. Bush,Unknown,38%,False,June 1–30
2004,State,California,CA,,General,Rasmussen Reports,2004-05-01 to 2004-05-31,2004-05-01,2004-05-31,Not reported,3.0,George W. Bush,Unknown,41%,False,May 1–31
2004,State,California,CA,,General,Field Research Corporation (Field Poll),2004-05-18 to 2004-05-24,2004-05-18,2004-05-24,647 RV,4.0,George W. Bush,Unknown,40%,False,May 18–24
2004,State,California,CA,,General,KABC-TV Los Angeles,2004-05-04 to 2004-05-06,2004-05-04,2004-05-06,635 LV,4.0,George W. Bush,Unknown,45%,False,May 4–6
2004,State,California,CA,,General,Rasmussen Reports,2004-04-17 to 2004-04-24,2004-04-17,2004-04-24,502 LV,5.0,George W. Bush,Unknown,40%,False,April 17–24
2004,State,California,CA,,General,Los Angeles Times,2004-04-17 to 2004-04-21,2004-04-17,2004-04-21,"1,265 RV",3.0,George W. Bush,Unknown,41%,False,April 17–21
2004,State,California,CA,,General,Rasmussen Reports,2004-03-05 to 2004-03-11,2004-03-05,2004-03-11,445 LV,5.0,George W. Bush,Unknown,44%,False,March 5–11
2004,State,California,CA,,General,Field Research Corporation (Field Poll),2004-02-18 to 2004-02-22,2004-02-18,2004-02-22,958 RV,3.3,George W. Bush,Unknown,41%,False,February 18–22
2004,State,California,CA,,General,Los Angeles Times,2004-02-18 to 2004-02-22,2004-02-18,2004-02-22,560 LV,4.0,George W. Bush,Unknown,40%,False,February 18–22
2004,State,California,CA,,General,Field Research Corporation (Field Poll),2004-01-05 to 2004-01-13,2004-01-05,2004-01-13,929 RV,3.4,George W. Bush,Unknown,48%,False,January 5–13
2004,State,California,CA,,General,Field Research Corporation (Field Poll),2003-09-25 to 2003-10-01,2003-09-25,2003-10-01,Not reported,4.5,George W. Bush,Unknown,46%,False,"September 25–October 1, 2003"
2004,State,California,CA,,General,Field Research Corporation (Field Poll),2003-09-03 to 2003-09-07,2003-09-03,2003-09-07,649 RV,4.0,George W. Bush,Unknown,45%,False,"September 3–7, 2003"
2004,State,California,CA,,General,Los Angeles Times,2004-09-17 to 2004-09-21,2004-09-17,2004-09-21,861 LV,3.0,John Kerry,Unknown,53%,False,September 17–21
2004,State,California,CA,,General,Field Research Corporation (Field Poll),2004-07-30 to 2004-08-04,2004-07-30,2004-08-04,633 LV,4.1,John Kerry,Unknown,51%,False,July 30–August 4
2004,State,California,CA,,General,KABC-TV Los Angeles,2004-07-23 to 2004-07-25,2004-07-23,2004-07-25,711 LV,3.8,John Kerry,Unknown,53%,False,July 23–25
2004,State,California,CA,,General,Public Policy Institute of California,2004-06-30 to 2004-07-14,2004-06-30,2004-07-14,"1,378 LV",2.7,John Kerry,Unknown,49%,False,June 30–July 14
2004,State,California,CA,,General,San José State University,2004-06-28 to 2004-07-02,2004-06-28,2004-07-02,608 LV,4.0,John Kerry,Unknown,46%,False,June 28–July 2
2004,State,California,CA,,General,Field Research Corporation (Field Poll),2004-05-18 to 2004-05-24,2004-05-18,2004-05-24,647 RV,4.0,John Kerry,Unknown,51%,False,May 18–24
2004,State,California,CA,,General,Los Angeles Times,2004-04-17 to 2004-04-21,2004-04-17,2004-04-21,"1,265 RV",3.0,John Kerry,Unknown,49%,False,April 17–21
2004,State,California,CA,,General,Field Research Corporation (Field Poll),2004-07-30 to 2004-08-04,2004-07-30,2004-08-04,633 LV,4.1,George W. Bush,Unknown,40%,False,July 30–August 4
2004,State,California,CA,,General,KABC-TV Los Angeles,2004-07-23 to 2004-07-25,2004-07-23,2004-07-25,711 LV,3.8,George W. Bush,Unknown,41%,False,July 23–25
2004,State,California,CA,,General,Public Policy Institute of California,2004-06-30 to 2004-07-14,2004-06-30,2004-07-14,"1,378 LV",2.7,George W. Bush,Unknown,38%,False,June 30–July 14
2004,State,California,CA,,General,San José State University,2004-06-28 to 2004-07-02,2004-06-28,2004-07-02,608 LV,4.0,George W. Bush,Unknown,38%,False,June 28–July 2
2004,State,California,CA,,General,Field Research Corporation (Field Poll),2004-05-18 to 2004-05-24,2004-05-18,2004-05-24,647 RV,4.0,George W. Bush,Unknown,39%,False,May 18–24
2004,State,California,CA,,General,Los Angeles Times,2004-04-17 to 2004-04-21,2004-04-17,2004-04-21,"1,265 RV",3.0,George W. Bush,Unknown,39%,False,April 17–21
2004,State,California,CA,,General,Los Angeles Times,2004-09-17 to 2004-09-21,2004-09-17,2004-09-21,861 LV,3.0,Ralph Nader,Unknown,2%,False,September 17–21
2004,State,California,CA,,General,Field Research Corporation (Field Poll),2004-07-30 to 2004-08-04,2004-07-30,2004-08-04,633 LV,4.1,Ralph Nader,Unknown,2%,False,July 30–August 4
2004,State,California,CA,,General,KABC-TV Los Angeles,2004-07-23 to 2004-07-25,2004-07-23,2004-07-25,711 LV,3.8,Ralph Nader,Unknown,3%,False,July 23–25
2004,State,California,CA,,General,Public Policy Institute of California,2004-06-30 to 2004-07-14,2004-06-30,2004-07-14,"1,378 LV",2.7,Ralph Nader,Unknown,5%,False,June 30–July 14
2004,State,California,CA,,General,San José State University,2004-06-28 to 2004-07-02,2004-06-28,2004-07-02,608 LV,4.0,Ralph Nader,Unknown,7%,False,June 28–July 2
2004,State,California,CA,,General,Field Research Corporation (Field Poll),2004-05-18 to 2004-05-24,2004-05-18,2004-05-24,647 RV,4.0,Ralph Nader,Unknown,4%,False,May 18–24
2004,State,California,CA,,General,Los Angeles Times,2004-04-17 to 2004-04-21,2004-04-17,2004-04-21,"1,265 RV",3.0,Ralph Nader,Unknown,6%,False,April 17–21
2004,State,Colorado,CO,,General,KUSA-TV Denver,2004-10-30 to 2004-11-01,2004-10-30,2004-11-01,705 LV,3.8,John Kerry,Unknown,47%,False,October 30–November 1
2004,State,Colorado,CO,,General,Zogby International,2004-10-29 to 2004-11-01,2004-10-29,2004-11-01,601 LV,4.1,John Kerry,Unknown,47%,False,October 29–November 1
2004,State,Colorado,CO,,General,KUSA-TV Denver,2004-10-28 to 2004-10-30,2004-10-28,2004-10-30,626 LV,4.0,John Kerry,Unknown,46%,False,October 28–30
2004,State,Colorado,CO,,General,Zogby International,2004-10-25 to 2004-10-28,2004-10-25,2004-10-28,601 LV,4.1,John Kerry,Unknown,48%,False,October 25–28
2004,State,Colorado,CO,,General,Rocky Mountain News,2004-10-25 to 2004-10-27,2004-10-25,2004-10-27,500 LV,4.3,John Kerry,Unknown,42%,False,October 25–27
2004,State,Colorado,CO,,General,Zogby International,2004-10-21 to 2004-10-24,2004-10-21,2004-10-24,602 LV,4.1,John Kerry,Unknown,49%,False,October 21–24
2004,State,Colorado,CO,,General,League of Conservation Voters,2004-10-15 to 2004-10-21,2004-10-15,2004-10-21,400 LV,4.9,John Kerry,Unknown,48%,False,October 15–21
2004,State,Colorado,CO,,General,KUSA-TV Denver,2004-10-18 to 2004-10-20,2004-10-18,2004-10-20,597 LV,4.1,John Kerry,Unknown,45%,False,October 18–20
2004,State,Colorado,CO,,General,The Pueblo Chieftain,2004-10-15 to 2004-10-19,2004-10-15,2004-10-19,600 LV,4.0,John Kerry,Unknown,43%,False,October 15–19
2004,State,Colorado,CO,,General,Zogby Interactive,2004-10-13 to 2004-10-18,2004-10-13,2004-10-18,Not reported,,John Kerry,Unknown,48%,False,October 13–18
2004,State,Colorado,CO,,General,USA Today,2004-10-14 to 2004-10-17,2004-10-14,2004-10-17,666 LV,4.0,John Kerry,Unknown,46%,False,October 14–17
2004,State,Colorado,CO,,General,KUSA-TV Denver,2004-10-05 to 2004-10-07,2004-10-05,2004-10-07,598 LV,4.1,John Kerry,Unknown,44%,False,October 5–7
2004,State,Colorado,CO,,General,Denver Post,2004-10-04 to 2004-10-06,2004-10-04,2004-10-06,630 LV,4.0,John Kerry,Unknown,41%,False,October 4–6
2004,State,Colorado,CO,,General,USA Today,2004-10-03 to 2004-10-06,2004-10-03,2004-10-06,667 LV,5.0,John Kerry,Unknown,49%,False,October 3–6
2004,State,Colorado,CO,,General,Zogby Interactive,2004-10-02 to 2004-10-06,2004-10-02,2004-10-06,Not reported,,John Kerry,Unknown,49%,False,October 2–6
2004,State,Colorado,CO,,General,KUSA-TV Denver,2004-09-21 to 2004-09-23,2004-09-21,2004-09-23,626 LV,4.0,John Kerry,Unknown,44%,False,September 21–23
2004,State,Colorado,CO,,General,The Pueblo Chieftain,2004-09-14 to 2004-09-18,2004-09-14,2004-09-18,600 LV,4.0,John Kerry,Unknown,39%,False,September 14–18
2004,State,Colorado,CO,,General,Rasmussen Reports,2004-08-19,2004-08-19,2004-08-19,500 LV,4.5,John Kerry,Unknown,47%,False,August 19
2004,State,Colorado,CO,,General,KUSA-TV Denver,2004-08-14 to 2004-08-16,2004-08-14,2004-08-16,622 LV,4.0,John Kerry,Unknown,47%,False,August 14–16
2004,State,Colorado,CO,,General,Denver Post,2004-06-15 to 2004-06-18,2004-06-15,2004-06-18,Not reported,,John Kerry,Unknown,43%,False,June 15–18
2004,State,Colorado,CO,,General,Rasmussen Reports,2004-04-14,2004-04-14,2004-04-14,500 LV,4.5,John Kerry,Unknown,44%,False,April 14
2004,State,Colorado,CO,,General,KUSA-TV Denver,2004-10-30 to 2004-11-01,2004-10-30,2004-11-01,705 LV,3.8,George W. Bush,Unknown,50%,False,October 30–November 1
2004,State,Colorado,CO,,General,Zogby International,2004-10-29 to 2004-11-01,2004-10-29,2004-11-01,601 LV,4.1,George W. Bush,Unknown,49%,False,October 29–November 1
2004,State,Colorado,CO,,General,KUSA-TV Denver,2004-10-28 to 2004-10-30,2004-10-28,2004-10-30,626 LV,4.0,George W. Bush,Unknown,52%,False,October 28–30
2004,State,Colorado,CO,,General,Zogby International,2004-10-25 to 2004-10-28,2004-10-25,2004-10-28,601 LV,4.1,George W. Bush,Unknown,47%,False,October 25–28
2004,State,Colorado,CO,,General,Rocky Mountain News,2004-10-25 to 2004-10-27,2004-10-25,2004-10-27,500 LV,4.3,George W. Bush,Unknown,51%,False,October 25–27
2004,State,Colorado,CO,,General,Zogby International,2004-10-21 to 2004-10-24,2004-10-21,2004-10-24,602 LV,4.1,George W. Bush,Unknown,45%,False,October 21–24
2004,State,Colorado,CO,,General,League of Conservation Voters,2004-10-15 to 2004-10-21,2004-10-15,2004-10-21,400 LV,4.9,George W. Bush,Unknown,48%,False,October 15–21
2004,State,Colorado,CO,,General,KUSA-TV Denver,2004-10-18 to 2004-10-20,2004-10-18,2004-10-20,597 LV,4.1,George W. Bush,Unknown,52%,False,October 18–20
2004,State,Colorado,CO,,General,The Pueblo Chieftain,2004-10-15 to 2004-10-19,2004-10-15,2004-10-19,600 LV,4.0,George W. Bush,Unknown,50%,False,October 15–19
2004,State,Colorado,CO,,General,Zogby Interactive,2004-10-13 to 2004-10-18,2004-10-13,2004-10-18,Not reported,,George W. Bush,Unknown,49%,False,October 13–18
2004,State,Colorado,CO,,General,USA Today,2004-10-14 to 2004-10-17,2004-10-14,2004-10-17,666 LV,4.0,George W. Bush,Unknown,51%,False,October 14–17
2004,State,Colorado,CO,,General,KUSA-TV Denver,2004-10-05 to 2004-10-07,2004-10-05,2004-10-07,598 LV,4.1,George W. Bush,Unknown,52%,False,October 5–7
2004,State,Colorado,CO,,General,Denver Post,2004-10-04 to 2004-10-06,2004-10-04,2004-10-06,630 LV,4.0,George W. Bush,Unknown,50%,False,October 4–6
2004,State,Colorado,CO,,General,USA Today,2004-10-03 to 2004-10-06,2004-10-03,2004-10-06,667 LV,5.0,George W. Bush,Unknown,49%,False,October 3–6
2004,State,Colorado,CO,,General,Zogby Interactive,2004-10-02 to 2004-10-06,2004-10-02,2004-10-06,Not reported,,George W. Bush,Unknown,48%,False,October 2–6
2004,State,Colorado,CO,,General,KUSA-TV Denver,2004-09-21 to 2004-09-23,2004-09-21,2004-09-23,626 LV,4.0,George W. Bush,Unknown,52%,False,September 21–23
2004,State,Colorado,CO,,General,The Pueblo Chieftain,2004-09-14 to 2004-09-18,2004-09-14,2004-09-18,600 LV,4.0,George W. Bush,Unknown,51%,False,September 14–18
2004,State,Colorado,CO,,General,Rasmussen Reports,2004-08-19,2004-08-19,2004-08-19,500 LV,4.5,George W. Bush,Unknown,47%,False,August 19
2004,State,Colorado,CO,,General,KUSA-TV Denver,2004-08-14 to 2004-08-16,2004-08-14,2004-08-16,622 LV,4.0,George W. Bush,Unknown,47%,False,August 14–16
2004,State,Colorado,CO,,General,Denver Post,2004-06-15 to 2004-06-18,2004-06-15,2004-06-18,Not reported,,George W. Bush,Unknown,48%,False,June 15–18
2004,State,Colorado,CO,,General,Rasmussen Reports,2004-04-14,2004-04-14,2004-04-14,500 LV,4.5,George W. Bush,Unknown,49%,False,April 14
2004,State,Colorado,CO,,General,MSNBC,2004-10-27 to 2004-10-29,2004-10-27,2004-10-29,625 LV,4.0,John Kerry,Unknown,43%,False,October 27–29
2004,State,Colorado,CO,,General,The Pueblo Chieftain,2004-10-15 to 2004-10-19,2004-10-15,2004-10-19,600 LV,4.0,John Kerry,Unknown,42%,False,October 15–19
2004,State,Colorado,CO,,General,USA Today,2004-10-14 to 2004-10-17,2004-10-14,2004-10-17,666 LV,4.0,John Kerry,Unknown,45%,False,October 14–17
2004,State,Colorado,CO,,General,MSNBC,2004-10-14 to 2004-10-16,2004-10-14,2004-10-16,630 LV,4.0,John Kerry,Unknown,43%,False,October 14–16
2004,State,Colorado,CO,,General,Rocky Mountain News,2004-10-13 to 2004-10-14,2004-10-13,2004-10-14,400 LV,4.9,John Kerry,Unknown,42%,False,October 13–14
2004,State,Colorado,CO,,General,The Pueblo Chieftain,2004-09-14 to 2004-09-18,2004-09-14,2004-09-18,600 LV,4.0,John Kerry,Unknown,38%,False,September 14–18
2004,State,Colorado,CO,,General,Zogby Interactive,2004-09-13 to 2004-09-17,2004-09-13,2004-09-17,Not reported,,John Kerry,Unknown,48%,False,September 13–17
2004,State,Colorado,CO,,General,Rocky Mountain News,2004-09-12 to 2004-09-13,2004-09-12,2004-09-13,500 LV,4.3,John Kerry,Unknown,44%,False,September 12–13
2004,State,Colorado,CO,,General,American Research Group,2004-09-10 to 2004-09-13,2004-09-10,2004-09-13,600 LV,4.0,John Kerry,Unknown,45%,False,September 10–13
2004,State,Colorado,CO,,General,Rocky Mountain News,2004-03-31 to 2004-04-01,2004-03-31,2004-04-01,400 LV,4.9,John Kerry,Unknown,40%,False,March 31–April 1
2004,State,Colorado,CO,,General,Schaffer for Senate,2004-03-15 to 2004-03-16,2004-03-15,2004-03-16,500 LV,4.5,John Kerry,Unknown,42%,False,March 15–16
2004,State,Colorado,CO,,General,MSNBC,2004-10-27 to 2004-10-29,2004-10-27,2004-10-29,625 LV,4.0,George W. Bush,Unknown,50%,False,October 27–29
2004,State,Colorado,CO,,General,The Pueblo Chieftain,2004-10-15 to 2004-10-19,2004-10-15,2004-10-19,600 LV,4.0,George W. Bush,Unknown,48%,False,October 15–19
2004,State,Colorado,CO,,General,MSNBC,2004-10-14 to 2004-10-16,2004-10-14,2004-10-16,630 LV,4.0,George W. Bush,Unknown,49%,False,October 14–16
2004,State,Colorado,CO,,General,Rocky Mountain News,2004-10-13 to 2004-10-14,2004-10-13,2004-10-14,400 LV,4.9,George W. Bush,Unknown,47%,False,October 13–14
2004,State,Colorado,CO,,General,The Pueblo Chieftain,2004-09-14 to 2004-09-18,2004-09-14,2004-09-18,600 LV,4.0,George W. Bush,Unknown,50%,False,September 14–18
2004,State,Colorado,CO,,General,Zogby Interactive,2004-09-13 to 2004-09-17,2004-09-13,2004-09-17,Not reported,,George W. Bush,Unknown,49%,False,September 13–17
2004,State,Colorado,CO,,General,Rocky Mountain News,2004-09-12 to 2004-09-13,2004-09-12,2004-09-13,500 LV,4.3,George W. Bush,Unknown,45%,False,September 12–13
2004,State,Colorado,CO,,General,American Research Group,2004-09-10 to 2004-09-13,2004-09-10,2004-09-13,600 LV,4.0,George W. Bush,Unknown,46%,False,September 10–13
2004,State,Colorado,CO,,General,Rocky Mountain News,2004-03-31 to 2004-04-01,2004-03-31,2004-04-01,400 LV,4.9,George W. Bush,Unknown,49%,False,March 31–April 1
2004,State,Colorado,CO,,General,Schaffer for Senate,2004-03-15 to 2004-03-16,2004-03-15,2004-03-16,500 LV,4.5,George W. Bush,Unknown,46%,False,March 15–16
2004,State,Colorado,CO,,General,MSNBC,2004-10-27 to 2004-10-29,2004-10-27,2004-10-29,625 LV,4.0,Ralph Nader,Unknown,1%,False,October 27–29
2004,State,Colorado,CO,,General,The Pueblo Chieftain,2004-10-15 to 2004-10-19,2004-10-15,2004-10-19,600 LV,4.0,Ralph Nader,Unknown,2%,False,October 15–19
2004,State,Colorado,CO,,General,USA Today,2004-10-14 to 2004-10-17,2004-10-14,2004-10-17,666 LV,4.0,Ralph Nader,Unknown,1%,False,October 14–17
2004,State,Colorado,CO,,General,MSNBC,2004-10-14 to 2004-10-16,2004-10-14,2004-10-16,630 LV,4.0,Ralph Nader,Unknown,1%,False,October 14–16
2004,State,Colorado,CO,,General,Rocky Mountain News,2004-10-13 to 2004-10-14,2004-10-13,2004-10-14,400 LV,4.9,Ralph Nader,Unknown,3%,False,October 13–14
2004,State,Colorado,CO,,General,USA Today,2004-10-03 to 2004-10-06,2004-10-03,2004-10-06,667 LV,5.0,Ralph Nader,Unknown,1%,False,October 3–6
2004,State,Colorado,CO,,General,The Pueblo Chieftain,2004-09-14 to 2004-09-18,2004-09-14,2004-09-18,600 LV,4.0,Ralph Nader,Unknown,3%,False,September 14–18
2004,State,Colorado,CO,,General,Zogby Interactive,2004-09-13 to 2004-09-17,2004-09-13,2004-09-17,Not reported,,Ralph Nader,Unknown,3%,False,September 13–17
2004,State,Colorado,CO,,General,Rocky Mountain News,2004-09-12 to 2004-09-13,2004-09-12,2004-09-13,500 LV,4.3,Ralph Nader,Unknown,3%,False,September 12–13
2004,State,Colorado,CO,,General,American Research Group,2004-09-10 to 2004-09-13,2004-09-10,2004-09-13,600 LV,4.0,Ralph Nader,Unknown,3%,False,September 10–13
2004,State,Colorado,CO,,General,Rocky Mountain News,2004-03-31 to 2004-04-01,2004-03-31,2004-04-01,400 LV,4.9,Ralph Nader,Unknown,4%,False,March 31–April 1
2004,State,Colorado,CO,,General,Schaffer for Senate,2004-03-15 to 2004-03-16,2004-03-15,2004-03-16,500 LV,4.5,Ralph Nader,Unknown,4%,False,March 15–16
2004,State,Colorado,CO,,General,Rasmussen Reports,2004-10-18,2004-10-18,2004-10-18,500 LV,4.5,John Kerry,Unknown,45%,False,October 18
2004,State,Colorado,CO,,General,Rasmussen Reports,2004-09-29,2004-09-29,2004-09-29,500 LV,4.5,John Kerry,Unknown,44%,False,September 29
2004,State,Colorado,CO,,General,Rasmussen Reports,2004-09-16,2004-09-16,2004-09-16,500 LV,4.5,John Kerry,Unknown,45%,False,September 16
2004,State,Colorado,CO,,General,Rasmussen Reports,2004-10-18,2004-10-18,2004-10-18,500 LV,4.5,George W. Bush,Unknown,50%,False,October 18
2004,State,Colorado,CO,,General,Rasmussen Reports,2004-09-29,2004-09-29,2004-09-29,500 LV,4.5,George W. Bush,Unknown,48%,False,September 29
2004,State,Colorado,CO,,General,Rasmussen Reports,2004-09-16,2004-09-16,2004-09-16,500 LV,4.5,George W. Bush,Unknown,46%,False,September 16
2004,State,Colorado,CO,,General,Rasmussen Reports,2004-10-18,2004-10-18,2004-10-18,500 LV,4.5,Ralph Nader,Unknown,2%,False,October 18
2004,State,Colorado,CO,,General,Rasmussen Reports,2004-09-29,2004-09-29,2004-09-29,500 LV,4.5,Ralph Nader,Unknown,3%,False,September 29
2004,State,Colorado,CO,,General,Rasmussen Reports,2004-09-16,2004-09-16,2004-09-16,500 LV,4.5,Ralph Nader,Unknown,3%,False,September 16
2004,State,Colorado,CO,,General,Rasmussen Reports,2004-10-18,2004-10-18,2004-10-18,500 LV,4.5,David Cobb,Unknown,0%,False,October 18
2004,State,Colorado,CO,,General,Rasmussen Reports,2004-09-29,2004-09-29,2004-09-29,500 LV,4.5,David Cobb,Unknown,1%,False,September 29
2004,State,Colorado,CO,,General,Rasmussen Reports,2004-09-16,2004-09-16,2004-09-16,500 LV,4.5,David Cobb,Unknown,1%,False,September 16
2004,State,Colorado,CO,,General,Rasmussen Reports,2004-10-18,2004-10-18,2004-10-18,500 LV,4.5,Michael Badnarik,Unknown,1%,False,October 18
2004,State,Colorado,CO,,General,Rasmussen Reports,2004-09-29,2004-09-29,2004-09-29,500 LV,4.5,Michael Badnarik,Unknown,1%,False,September 29
2004,State,Colorado,CO,,General,Rasmussen Reports,2004-09-16,2004-09-16,2004-09-16,500 LV,4.5,Michael Badnarik,Unknown,2%,False,September 16
2004,State,Colorado,CO,,General,Rasmussen Reports,2004-10-18,2004-10-18,2004-10-18,500 LV,4.5,Michael Peroutka,Unknown,0%,False,October 18
2004,State,Colorado,CO,,General,Rasmussen Reports,2004-09-29,2004-09-29,2004-09-29,500 LV,4.5,Michael Peroutka,Unknown,0%,False,September 29
2004,State,Colorado,CO,,General,Rasmussen Reports,2004-09-16,2004-09-16,2004-09-16,500 LV,4.5,Michael Peroutka,Unknown,1%,False,September 16
2004,State,Connecticut,CT,,General,Quinnipiac University,2004-09-26 to 2004-09-28,2004-09-26,2004-09-28,723 LV,3.6,John Kerry,Unknown,51%,False,September 26–28
2004,State,Connecticut,CT,,General,Quinnipiac University,2004-08-12 to 2004-08-17,2004-08-12,2004-08-17,"1,079 RV",3.0,John Kerry,Unknown,48%,False,August 12–17
2004,State,Connecticut,CT,,General,Quinnipiac University,2004-06-27 to 2004-06-28,2004-06-27,2004-06-28,929 RV,3.2,John Kerry,Unknown,55%,False,June 27–28
2004,State,Connecticut,CT,,General,Quinnipiac University,2004-05-26 to 2004-06-01,2004-05-26,2004-06-01,"1,350 RV",2.7,John Kerry,Unknown,50%,False,May 26–June 1
2004,State,Connecticut,CT,,General,University of Connecticut,2004-02-26 to 2004-02-29,2004-02-26,2004-02-29,448 RV,4.5,John Kerry,Unknown,49%,False,February 26–29
2004,State,Connecticut,CT,,General,Quinnipiac University,2003-11-12 to 2003-11-18,2003-11-12,2003-11-18,"1,600 RV",2.5,John Kerry,Unknown,47%,False,"November 12–18, 2003"
2004,State,Connecticut,CT,,General,Quinnipiac University,2003-10-01 to 2003-10-07,2003-10-01,2003-10-07,"1,519 RV",2.5,John Kerry,Unknown,48%,False,"October 1–7, 2003"
2004,State,Connecticut,CT,,General,Quinnipiac University,2003-07-23 to 2003-07-29,2003-07-23,2003-07-29,"1,384 RV",2.6,John Kerry,Unknown,43%,False,"July 23–29, 2003"
2004,State,Connecticut,CT,,General,Quinnipiac University,2003-04-22 to 2003-04-28,2003-04-22,2003-04-28,"1,239 RV",2.8,John Kerry,Unknown,37%,False,"April 22–28, 2003"
2004,State,Connecticut,CT,,General,Quinnipiac University,2004-09-26 to 2004-09-28,2004-09-26,2004-09-28,723 LV,3.6,George W. Bush,Unknown,44%,False,September 26–28
2004,State,Connecticut,CT,,General,Quinnipiac University,2004-08-12 to 2004-08-17,2004-08-12,2004-08-17,"1,079 RV",3.0,George W. Bush,Unknown,40%,False,August 12–17
2004,State,Connecticut,CT,,General,Quinnipiac University,2004-06-27 to 2004-06-28,2004-06-27,2004-06-28,929 RV,3.2,George W. Bush,Unknown,34%,False,June 27–28
2004,State,Connecticut,CT,,General,Quinnipiac University,2004-05-26 to 2004-06-01,2004-05-26,2004-06-01,"1,350 RV",2.7,George W. Bush,Unknown,38%,False,May 26–June 1
2004,State,Connecticut,CT,,General,University of Connecticut,2004-02-26 to 2004-02-29,2004-02-26,2004-02-29,448 RV,4.5,George W. Bush,Unknown,36%,False,February 26–29
2004,State,Connecticut,CT,,General,Quinnipiac University,2003-11-12 to 2003-11-18,2003-11-12,2003-11-18,"1,600 RV",2.5,George W. Bush,Unknown,46%,False,"November 12–18, 2003"
2004,State,Connecticut,CT,,General,Quinnipiac University,2003-10-01 to 2003-10-07,2003-10-01,2003-10-07,"1,519 RV",2.5,George W. Bush,Unknown,44%,False,"October 1–7, 2003"
2004,State,Connecticut,CT,,General,Quinnipiac University,2003-07-23 to 2003-07-29,2003-07-23,2003-07-29,"1,384 RV",2.6,George W. Bush,Unknown,49%,False,"July 23–29, 2003"
2004,State,Connecticut,CT,,General,Quinnipiac University,2003-04-22 to 2003-04-28,2003-04-22,2003-04-28,"1,239 RV",2.8,George W. Bush,Unknown,54%,False,"April 22–28, 2003"
2004,State,Connecticut,CT,,General,Quinnipiac University,2004-09-26 to 2004-09-28,2004-09-26,2004-09-28,723 LV,3.6,John Kerry,Unknown,50%,False,September 26–28
2004,State,Connecticut,CT,,General,American Research Group,2004-09-12 to 2004-09-14,2004-09-12,2004-09-14,600 LV,4.0,John Kerry,Unknown,54%,False,September 12–14
2004,State,Connecticut,CT,,General,Quinnipiac University,2004-08-12 to 2004-08-17,2004-08-12,2004-08-17,"1,079 RV",3.0,John Kerry,Unknown,45%,False,August 12–17
2004,State,Connecticut,CT,,General,Quinnipiac University,2004-06-27 to 2004-06-28,2004-06-27,2004-06-28,929 RV,3.2,John Kerry,Unknown,50%,False,June 27–28
2004,State,Connecticut,CT,,General,Quinnipiac University,2004-05-26 to 2004-06-01,2004-05-26,2004-06-01,"1,350 RV",2.7,John Kerry,Unknown,46%,False,May 26–June 1
2004,State,Connecticut,CT,,General,University of Connecticut,2004-04-21 to 2004-04-27,2004-04-21,2004-04-27,501 RV,4.0,John Kerry,Unknown,51%,False,April 21–27
2004,State,Connecticut,CT,,General,University of Connecticut,2004-03-22 to 2004-03-28,2004-03-22,2004-03-28,511 RV,4.0,John Kerry,Unknown,52%,False,March 22–28
2004,State,Connecticut,CT,,General,American Research Group,2004-09-12 to 2004-09-14,2004-09-12,2004-09-14,600 LV,4.0,George W. Bush,Unknown,39%,False,September 12–14
2004,State,Connecticut,CT,,General,Quinnipiac University,2004-08-12 to 2004-08-17,2004-08-12,2004-08-17,"1,079 RV",3.0,George W. Bush,Unknown,38%,False,August 12–17
2004,State,Connecticut,CT,,General,Quinnipiac University,2004-06-27 to 2004-06-28,2004-06-27,2004-06-28,929 RV,3.2,George W. Bush,Unknown,32%,False,June 27–28
2004,State,Connecticut,CT,,General,Quinnipiac University,2004-05-26 to 2004-06-01,2004-05-26,2004-06-01,"1,350 RV",2.7,George W. Bush,Unknown,36%,False,May 26–June 1
2004,State,Connecticut,CT,,General,University of Connecticut,2004-04-21 to 2004-04-27,2004-04-21,2004-04-27,501 RV,4.0,George W. Bush,Unknown,33%,False,April 21–27
2004,State,Connecticut,CT,,General,University of Connecticut,2004-03-22 to 2004-03-28,2004-03-22,2004-03-28,511 RV,4.0,George W. Bush,Unknown,33%,False,March 22–28
2004,State,Connecticut,CT,,General,Quinnipiac University,2004-09-26 to 2004-09-28,2004-09-26,2004-09-28,723 LV,3.6,Ralph Nader,Unknown,2%,False,September 26–28
2004,State,Connecticut,CT,,General,American Research Group,2004-09-12 to 2004-09-14,2004-09-12,2004-09-14,600 LV,4.0,Ralph Nader,Unknown,1%,False,September 12–14
2004,State,Connecticut,CT,,General,Quinnipiac University,2004-08-12 to 2004-08-17,2004-08-12,2004-08-17,"1,079 RV",3.0,Ralph Nader,Unknown,6%,False,August 12–17
2004,State,Connecticut,CT,,General,Quinnipiac University,2004-06-27 to 2004-06-28,2004-06-27,2004-06-28,929 RV,3.2,Ralph Nader,Unknown,9%,False,June 27–28
2004,State,Connecticut,CT,,General,Quinnipiac University,2004-05-26 to 2004-06-01,2004-05-26,2004-06-01,"1,350 RV",2.7,Ralph Nader,Unknown,8%,False,May 26–June 1
2004,State,Connecticut,CT,,General,University of Connecticut,2004-04-21 to 2004-04-27,2004-04-21,2004-04-27,501 RV,4.0,Ralph Nader,Unknown,4%,False,April 21–27
2004,State,Connecticut,CT,,General,University of Connecticut,2004-03-22 to 2004-03-28,2004-03-22,2004-03-28,511 RV,4.0,Ralph Nader,Unknown,4%,False,March 22–28
2004,State,Delaware,DE,,General,WHYY-TV,2004-09-22 to 2004-09-25,2004-09-22,2004-09-25,590 RV,3.9,John Kerry,Unknown,45.2%,False,September 22–25
2004,State,Delaware,DE,,General,American Research Group,2004-09-13 to 2004-09-15,2004-09-13,2004-09-15,600 LV,4.0,John Kerry,Unknown,50%,False,September 13–15
2004,State,Delaware,DE,,General,WHYY-TV,2004-09-22 to 2004-09-25,2004-09-22,2004-09-25,590 RV,3.9,George W. Bush,Unknown,37.6%,False,September 22–25
2004,State,Delaware,DE,,General,American Research Group,2004-09-13 to 2004-09-15,2004-09-13,2004-09-15,600 LV,4.0,George W. Bush,Unknown,41%,False,September 13–15
2004,State,Delaware,DE,,General,WHYY-TV,2004-09-22 to 2004-09-25,2004-09-22,2004-09-25,590 RV,3.9,Ralph Nader,Unknown,0.5%,False,September 22–25
2004,State,Delaware,DE,,General,American Research Group,2004-09-13 to 2004-09-15,2004-09-13,2004-09-15,600 LV,4.0,Ralph Nader,Unknown,2%,False,September 13–15
2004,State,District of Columbia,DC,,General,American Research Group,2004-09-11 to 2004-09-13,2004-09-11,2004-09-13,600 LV,4.0,John Kerry,Unknown,78%,False,September 11–13
2004,State,District of Columbia,DC,,General,American Research Group,2004-09-11 to 2004-09-13,2004-09-11,2004-09-13,600 LV,4.0,George W. Bush,Unknown,11%,False,September 11–13
2004,State,District of Columbia,DC,,General,American Research Group,2004-09-11 to 2004-09-13,2004-09-11,2004-09-13,600 LV,4.0,Ralph Nader,Unknown,6%,False,September 11–13
2004,State,Florida,FL,,General,Zogby International,2004-10-29 to 2004-11-01,2004-10-29,2004-11-01,601 LV,4.1,John Kerry,Unknown,48%,False,October 29–November 1
2004,State,Florida,FL,,General,WFLA-TV Tampa,2004-10-29 to 2004-10-31,2004-10-29,2004-10-31,742 LV,3.7,John Kerry,Unknown,48%,False,October 29–31
2004,State,Florida,FL,,General,MSNBC,2004-10-27 to 2004-10-29,2004-10-27,2004-10-29,625 LV,4.0,John Kerry,Unknown,45%,False,October 27–29
2004,State,Florida,FL,,General,Zogby International,2004-10-25 to 2004-10-28,2004-10-25,2004-10-28,601 LV,4.1,John Kerry,Unknown,47%,False,October 25–28
2004,State,Florida,FL,,General,Rasmussen Reports,2004-10-27,2004-10-27,2004-10-27,500 LV,4.0,John Kerry,Unknown,45%,False,October 27
2004,State,Florida,FL,,General,America Coming Together,2004-10-25 to 2004-10-27,2004-10-25,2004-10-27,Not reported,,John Kerry,Unknown,46%,False,October 25–27
2004,State,Florida,FL,,General,Rasmussen Reports,2004-10-20 to 2004-10-26,2004-10-20,2004-10-26,567 LV,4.0,John Kerry,Unknown,48%,False,October 20–26
2004,State,Florida,FL,,General,American Research Group,2004-10-23 to 2004-10-25,2004-10-23,2004-10-25,600 LV,4.0,John Kerry,Unknown,49%,False,October 23–25
2004,State,Florida,FL,,General,WFLA-TV Tampa,2004-10-22 to 2004-10-24,2004-10-22,2004-10-24,749 LV,3.7,John Kerry,Unknown,50%,False,October 22–24
2004,State,Florida,FL,,General,Zogby International,2004-10-21 to 2004-10-24,2004-10-21,2004-10-24,602 LV,4.1,John Kerry,Unknown,46%,False,October 21–24
2004,State,Florida,FL,,General,Quinnipiac University,2004-10-15 to 2004-10-19,2004-10-15,2004-10-19,808 LV,3.5,John Kerry,Unknown,47%,False,October 15–19
2004,State,Florida,FL,,General,WFLA-TV Tampa,2004-10-15 to 2004-10-17,2004-10-15,2004-10-17,601 LV,4.1,John Kerry,Unknown,50%,False,October 15–17
2004,State,Florida,FL,,General,Miami Herald,2004-10-14 to 2004-10-16,2004-10-14,2004-10-16,625 LV,4.0,John Kerry,Unknown,45%,False,October 14–16
2004,State,Florida,FL,,General,InsiderAdvantage,2004-10-12 to 2004-10-14,2004-10-12,2004-10-14,Not reported,,John Kerry,Unknown,48%,False,October 12–14
2004,State,Florida,FL,,General,Rasmussen Reports,2004-10-08 to 2004-10-14,2004-10-08,2004-10-14,684 LV,4.0,John Kerry,Unknown,46%,False,October 8–14
2004,State,Florida,FL,,General,American Research Group,2004-10-02 to 2004-10-05,2004-10-02,2004-10-05,600 LV,4.0,John Kerry,Unknown,46%,False,October 2–5
2004,State,Florida,FL,,General,Quinnipiac University,2004-10-01 to 2004-10-05,2004-10-01,2004-10-05,717 LV,3.7,John Kerry,Unknown,44%,False,October 1–5
2004,State,Florida,FL,,General,WFLA-TV Tampa,2004-10-01 to 2004-10-03,2004-10-01,2004-10-03,711 LV,3.8,John Kerry,Unknown,46%,False,October 1–3
2004,State,Florida,FL,,General,Rasmussen Reports,2004-09-27 to 2004-10-03,2004-09-27,2004-10-03,781 LV,4.0,John Kerry,Unknown,47%,False,September 27–October 3
2004,State,Florida,FL,,General,CNN,2004-09-24 to 2004-09-27,2004-09-24,2004-09-27,704 LV,4.0,John Kerry,Unknown,43%,False,September 24–27
2004,State,Florida,FL,,General,Rasmussen Reports,2004-09-18 to 2004-09-24,2004-09-18,2004-09-24,Not reported,4.0,John Kerry,Unknown,49%,False,September 18–24
2004,State,Florida,FL,,General,CNN,2004-09-18 to 2004-09-22,2004-09-18,2004-09-22,674 LV,4.0,John Kerry,Unknown,47%,False,September 18–22
2004,State,Florida,FL,,General,Quinnipiac University,2004-09-18 to 2004-09-21,2004-09-18,2004-09-21,819 RV,3.4,John Kerry,Unknown,43%,False,September 18–21
2004,State,Florida,FL,,General,Rasmussen Reports,2004-09-11 to 2004-09-17,2004-09-11,2004-09-17,Not reported,4.0,John Kerry,Unknown,47%,False,September 11–17
2004,State,Florida,FL,,General,WFLA-TV Tampa,2004-09-12 to 2004-09-14,2004-09-12,2004-09-14,607 LV,4.1,John Kerry,Unknown,45%,False,September 12–14
2004,State,Florida,FL,,General,CNN,2004-08-20 to 2004-08-22,2004-08-20,2004-08-22,671 LV,4.0,John Kerry,Unknown,47%,False,August 20–22
2004,State,Florida,FL,,General,Quinnipiac University,2004-08-05 to 2004-08-10,2004-08-05,2004-08-10,"1,094 RV",3.0,John Kerry,Unknown,49%,False,August 5–10
2004,State,Florida,FL,,General,American Research Group,2004-08-03 to 2004-08-05,2004-08-03,2004-08-05,600 LV,4.0,John Kerry,Unknown,52%,False,August 3–5
2004,State,Florida,FL,,General,Rasmussen Reports,2004-07-01 to 2004-07-31,2004-07-01,2004-07-31,Not reported,4.0,John Kerry,Unknown,47%,False,July 1–31
2004,State,Florida,FL,,General,CNN,2004-07-19 to 2004-07-22,2004-07-19,2004-07-22,699 LV,4.0,John Kerry,Unknown,47%,False,July 19–22
2004,State,Florida,FL,,General,Los Angeles Times,2004-07-19 to 2004-07-21,2004-07-19,2004-07-21,729 RV,4.0,John Kerry,Unknown,45%,False,July 19–21
2004,State,Florida,FL,,General,Sayfie Review,2004-07-19 to 2004-07-20,2004-07-19,2004-07-20,687 RV,4.0,John Kerry,Unknown,46%,False,July 19–20
2004,State,Florida,FL,,General,American Research Group,2004-07-13 to 2004-07-15,2004-07-13,2004-07-15,600 LV,4.0,John Kerry,Unknown,49%,False,July 13–15
2004,State,Florida,FL,,General,WFLA-TV Tampa,2004-07-09 to 2004-07-11,2004-07-09,2004-07-11,732 LV,3.7,John Kerry,Unknown,47%,False,July 9–11
2004,State,Florida,FL,,General,Rasmussen Reports,2004-06-01 to 2004-06-30,2004-06-01,2004-06-30,Not reported,4.0,John Kerry,Unknown,48%,False,June 1–30
2004,State,Florida,FL,,General,Quinnipiac University,2004-06-23 to 2004-06-27,2004-06-23,2004-06-27,"1,209 RV",2.8,John Kerry,Unknown,46%,False,June 23–27
2004,State,Florida,FL,,General,Fox News,2004-06-22 to 2004-06-23,2004-06-22,2004-06-23,750 RV,4.0,John Kerry,Unknown,41%,False,June 22–23
2004,State,Florida,FL,,General,American Research Group,2004-06-21 to 2004-06-23,2004-06-21,2004-06-23,600 LV,4.0,John Kerry,Unknown,48%,False,June 21–23
2004,State,Florida,FL,,General,WFLA-TV Tampa,2004-06-12 to 2004-06-14,2004-06-12,2004-06-14,723 LV,3.7,John Kerry,Unknown,43%,False,June 12–14
2004,State,Florida,FL,,General,Republican National Committee,2004-06-01 to 2004-06-06,2004-06-01,2004-06-06,"1,200 LV",2.83,John Kerry,Unknown,44.3%,False,June 1–6
2004,State,Florida,FL,,General,Rasmussen Reports,2004-05-01 to 2004-05-31,2004-05-01,2004-05-31,Not reported,4.0,John Kerry,Unknown,46%,False,May 1–31
2004,State,Florida,FL,,General,American Research Group,2004-05-17 to 2004-05-19,2004-05-17,2004-05-19,600 LV,4.0,John Kerry,Unknown,47%,False,May 17–19
2004,State,Florida,FL,,General,America Coming Together,2004-04-29 to 2004-05-09,2004-04-29,2004-05-09,"1,000 LV",3.0,John Kerry,Unknown,50%,False,April 29–May 9
2004,State,Florida,FL,,General,American Research Group,2004-04-18 to 2004-04-21,2004-04-18,2004-04-21,600 LV,4.0,John Kerry,Unknown,47%,False,April 18–21
2004,State,Florida,FL,,General,Rasmussen Reports,2004-04-13,2004-04-13,2004-04-13,500 LV,4.5,John Kerry,Unknown,47%,False,April 13
2004,State,Florida,FL,,General,Tampa Tribune,2004-03-30 to 2004-04-01,2004-03-30,2004-04-01,625 RV,4.0,John Kerry,Unknown,43%,False,March 30–April 1
2004,State,Florida,FL,,General,Rasmussen Reports,2004-03-01 to 2004-03-13,2004-03-01,2004-03-13,400 LV,5.0,John Kerry,Unknown,48%,False,March 1–13
2004,State,Florida,FL,,General,St. Petersburg Times,2003-12-01 to 2003-12-03,2003-12-01,2003-12-03,800 RV,3.5,John Kerry,Unknown,38%,False,"December 1–3, 2003"
2004,State,Florida,FL,,General,Tampa Tribune,2003-11-17 to 2003-11-19,2003-11-17,2003-11-19,625 RV,,John Kerry,Unknown,34%,False,"November 17–19, 2003"
2004,State,Florida,FL,,General,Zogby International,2004-10-29 to 2004-11-01,2004-10-29,2004-11-01,601 LV,4.1,George W. Bush,Unknown,48%,False,October 29–November 1
2004,State,Florida,FL,,General,WFLA-TV Tampa,2004-10-29 to 2004-10-31,2004-10-29,2004-10-31,742 LV,3.7,George W. Bush,Unknown,49%,False,October 29–31
2004,State,Florida,FL,,General,MSNBC,2004-10-27 to 2004-10-29,2004-10-27,2004-10-29,625 LV,4.0,George W. Bush,Unknown,49%,False,October 27–29
2004,State,Florida,FL,,General,Zogby International,2004-10-25 to 2004-10-28,2004-10-25,2004-10-28,601 LV,4.1,George W. Bush,Unknown,48%,False,October 25–28
2004,State,Florida,FL,,General,Rasmussen Reports,2004-10-27,2004-10-27,2004-10-27,500 LV,4.0,George W. Bush,Unknown,50%,False,October 27
2004,State,Florida,FL,,General,America Coming Together,2004-10-25 to 2004-10-27,2004-10-25,2004-10-27,Not reported,,George W. Bush,Unknown,48%,False,October 25–27
2004,State,Florida,FL,,General,Rasmussen Reports,2004-10-20 to 2004-10-26,2004-10-20,2004-10-26,567 LV,4.0,George W. Bush,Unknown,48%,False,October 20–26
2004,State,Florida,FL,,General,American Research Group,2004-10-23 to 2004-10-25,2004-10-23,2004-10-25,600 LV,4.0,George W. Bush,Unknown,47%,False,October 23–25
2004,State,Florida,FL,,General,WFLA-TV Tampa,2004-10-22 to 2004-10-24,2004-10-22,2004-10-24,749 LV,3.7,George W. Bush,Unknown,48%,False,October 22–24
2004,State,Florida,FL,,General,Zogby International,2004-10-21 to 2004-10-24,2004-10-21,2004-10-24,602 LV,4.1,George W. Bush,Unknown,49%,False,October 21–24
2004,State,Florida,FL,,General,Quinnipiac University,2004-10-15 to 2004-10-19,2004-10-15,2004-10-19,808 LV,3.5,George W. Bush,Unknown,49%,False,October 15–19
2004,State,Florida,FL,,General,WFLA-TV Tampa,2004-10-15 to 2004-10-17,2004-10-15,2004-10-17,601 LV,4.1,George W. Bush,Unknown,49%,False,October 15–17
2004,State,Florida,FL,,General,Miami Herald,2004-10-14 to 2004-10-16,2004-10-14,2004-10-16,625 LV,4.0,George W. Bush,Unknown,48%,False,October 14–16
2004,State,Florida,FL,,General,InsiderAdvantage,2004-10-12 to 2004-10-14,2004-10-12,2004-10-14,Not reported,,George W. Bush,Unknown,44%,False,October 12–14
2004,State,Florida,FL,,General,Rasmussen Reports,2004-10-08 to 2004-10-14,2004-10-08,2004-10-14,684 LV,4.0,George W. Bush,Unknown,49%,False,October 8–14
2004,State,Florida,FL,,General,American Research Group,2004-10-02 to 2004-10-05,2004-10-02,2004-10-05,600 LV,4.0,George W. Bush,Unknown,48%,False,October 2–5
2004,State,Florida,FL,,General,Quinnipiac University,2004-10-01 to 2004-10-05,2004-10-01,2004-10-05,717 LV,3.7,George W. Bush,Unknown,51%,False,October 1–5
2004,State,Florida,FL,,General,WFLA-TV Tampa,2004-10-01 to 2004-10-03,2004-10-01,2004-10-03,711 LV,3.8,George W. Bush,Unknown,51%,False,October 1–3
2004,State,Florida,FL,,General,Rasmussen Reports,2004-09-27 to 2004-10-03,2004-09-27,2004-10-03,781 LV,4.0,George W. Bush,Unknown,51%,False,September 27–October 3
2004,State,Florida,FL,,General,CNN,2004-09-24 to 2004-09-27,2004-09-24,2004-09-27,704 LV,4.0,George W. Bush,Unknown,53%,False,September 24–27
2004,State,Florida,FL,,General,Rasmussen Reports,2004-09-18 to 2004-09-24,2004-09-18,2004-09-24,Not reported,4.0,George W. Bush,Unknown,48%,False,September 18–24
2004,State,Florida,FL,,General,CNN,2004-09-18 to 2004-09-22,2004-09-18,2004-09-22,674 LV,4.0,George W. Bush,Unknown,49%,False,September 18–22
2004,State,Florida,FL,,General,Quinnipiac University,2004-09-18 to 2004-09-21,2004-09-18,2004-09-21,819 RV,3.4,George W. Bush,Unknown,48%,False,September 18–21
2004,State,Florida,FL,,General,Rasmussen Reports,2004-09-11 to 2004-09-17,2004-09-11,2004-09-17,Not reported,4.0,George W. Bush,Unknown,48%,False,September 11–17
2004,State,Florida,FL,,General,WFLA-TV Tampa,2004-09-12 to 2004-09-14,2004-09-12,2004-09-14,607 LV,4.1,George W. Bush,Unknown,51%,False,September 12–14
2004,State,Florida,FL,,General,CNN,2004-08-20 to 2004-08-22,2004-08-20,2004-08-22,671 LV,4.0,George W. Bush,Unknown,48%,False,August 20–22
2004,State,Florida,FL,,General,Quinnipiac University,2004-08-05 to 2004-08-10,2004-08-05,2004-08-10,"1,094 RV",3.0,George W. Bush,Unknown,42%,False,August 5–10
2004,State,Florida,FL,,General,American Research Group,2004-08-03 to 2004-08-05,2004-08-03,2004-08-05,600 LV,4.0,George W. Bush,Unknown,44%,False,August 3–5
2004,State,Florida,FL,,General,Rasmussen Reports,2004-07-01 to 2004-07-31,2004-07-01,2004-07-31,Not reported,4.0,George W. Bush,Unknown,45%,False,July 1–31
2004,State,Florida,FL,,General,CNN,2004-07-19 to 2004-07-22,2004-07-19,2004-07-22,699 LV,4.0,George W. Bush,Unknown,50%,False,July 19–22
2004,State,Florida,FL,,General,Los Angeles Times,2004-07-19 to 2004-07-21,2004-07-19,2004-07-21,729 RV,4.0,George W. Bush,Unknown,45%,False,July 19–21
2004,State,Florida,FL,,General,Sayfie Review,2004-07-19 to 2004-07-20,2004-07-19,2004-07-20,687 RV,4.0,George W. Bush,Unknown,46%,False,July 19–20
2004,State,Florida,FL,,General,American Research Group,2004-07-13 to 2004-07-15,2004-07-13,2004-07-15,600 LV,4.0,George W. Bush,Unknown,45%,False,July 13–15
2004,State,Florida,FL,,General,WFLA-TV Tampa,2004-07-09 to 2004-07-11,2004-07-09,2004-07-11,732 LV,3.7,George W. Bush,Unknown,44%,False,July 9–11
2004,State,Florida,FL,,General,Rasmussen Reports,2004-06-01 to 2004-06-30,2004-06-01,2004-06-30,Not reported,4.0,George W. Bush,Unknown,43%,False,June 1–30
2004,State,Florida,FL,,General,Quinnipiac University,2004-06-23 to 2004-06-27,2004-06-23,2004-06-27,"1,209 RV",2.8,George W. Bush,Unknown,44%,False,June 23–27
2004,State,Florida,FL,,General,Fox News,2004-06-22 to 2004-06-23,2004-06-22,2004-06-23,750 RV,4.0,George W. Bush,Unknown,50%,False,June 22–23
2004,State,Florida,FL,,General,American Research Group,2004-06-21 to 2004-06-23,2004-06-21,2004-06-23,600 LV,4.0,George W. Bush,Unknown,46%,False,June 21–23
2004,State,Florida,FL,,General,WFLA-TV Tampa,2004-06-12 to 2004-06-14,2004-06-12,2004-06-14,723 LV,3.7,George W. Bush,Unknown,50%,False,June 12–14
2004,State,Florida,FL,,General,Republican National Committee,2004-06-01 to 2004-06-06,2004-06-01,2004-06-06,"1,200 LV",2.83,George W. Bush,Unknown,49.2%,False,June 1–6
2004,State,Florida,FL,,General,Rasmussen Reports,2004-05-01 to 2004-05-31,2004-05-01,2004-05-31,Not reported,4.0,George W. Bush,Unknown,46%,False,May 1–31
2004,State,Florida,FL,,General,American Research Group,2004-05-17 to 2004-05-19,2004-05-17,2004-05-19,600 LV,4.0,George W. Bush,Unknown,47%,False,May 17–19
2004,State,Florida,FL,,General,America Coming Together,2004-04-29 to 2004-05-09,2004-04-29,2004-05-09,"1,000 LV",3.0,George W. Bush,Unknown,47%,False,April 29–May 9
2004,State,Florida,FL,,General,American Research Group,2004-04-18 to 2004-04-21,2004-04-18,2004-04-21,600 LV,4.0,George W. Bush,Unknown,47%,False,April 18–21
2004,State,Florida,FL,,General,Rasmussen Reports,2004-04-13,2004-04-13,2004-04-13,500 LV,4.5,George W. Bush,Unknown,46%,False,April 13
2004,State,Florida,FL,,General,Tampa Tribune,2004-03-30 to 2004-04-01,2004-03-30,2004-04-01,625 RV,4.0,George W. Bush,Unknown,51%,False,March 30–April 1
2004,State,Florida,FL,,General,Rasmussen Reports,2004-03-01 to 2004-03-13,2004-03-01,2004-03-13,400 LV,5.0,George W. Bush,Unknown,45%,False,March 1–13
2004,State,Florida,FL,,General,St. Petersburg Times,2003-12-01 to 2003-12-03,2003-12-01,2003-12-03,800 RV,3.5,George W. Bush,Unknown,51%,False,"December 1–3, 2003"
2004,State,Florida,FL,,General,Tampa Tribune,2003-11-17 to 2003-11-19,2003-11-17,2003-11-19,625 RV,,George W. Bush,Unknown,57%,False,"November 17–19, 2003"
2004,State,Florida,FL,,General,American Research Group,2004-10-30 to 2004-11-01,2004-10-30,2004-11-01,600 LV,4.0,John Kerry,Unknown,50%,False,October 30–November 1
2004,State,Florida,FL,,General,Fox News,2004-10-30 to 2004-10-31,2004-10-30,2004-10-31,700 LV,4.0,John Kerry,Unknown,49%,False,October 30–31
2004,State,Florida,FL,,General,InsiderAdvantage,2004-10-29 to 2004-10-31,2004-10-29,2004-10-31,400 LV,5.0,John Kerry,Unknown,48%,False,October 29–31
2004,State,Florida,FL,,General,Quinnipiac University,2004-10-27 to 2004-10-31,2004-10-27,2004-10-31,"1,098 LV",3.0,John Kerry,Unknown,43%,False,October 27–31
2004,State,Florida,FL,,General,CNN,2004-10-27 to 2004-10-30,2004-10-27,2004-10-30,"1,138 LV",4.0,John Kerry,Unknown,49%,False,October 27–30
2004,State,Florida,FL,,General,New York Times Regional Newspapers,2004-10-23 to 2004-10-27,2004-10-23,2004-10-27,802 LV,3.0,John Kerry,Unknown,48.3%,False,October 23–27
2004,State,Florida,FL,,General,Quinnipiac University,2004-10-22 to 2004-10-26,2004-10-22,2004-10-26,944 LV,3.2,John Kerry,Unknown,46%,False,October 22–26
2004,State,Florida,FL,,General,Los Angeles Times,2004-10-22 to 2004-10-26,2004-10-22,2004-10-26,510 LV,4.0,John Kerry,Unknown,43%,False,October 22–26
2004,State,Florida,FL,,General,American Research Group,2004-10-23 to 2004-10-25,2004-10-23,2004-10-25,600 LV,4.0,John Kerry,Unknown,46%,False,October 23–25
2004,State,Florida,FL,,General,CNN,2004-10-21 to 2004-10-24,2004-10-21,2004-10-24,601 LV,4.1,John Kerry,Unknown,43%,False,October 21–24
2004,State,Florida,FL,,General,St. Petersburg Times,2004-10-19 to 2004-10-21,2004-10-19,2004-10-21,800 LV,3.5,John Kerry,Unknown,46%,False,October 19–21
2004,State,Florida,FL,,General,InsiderAdvantage,2004-10-19 to 2004-10-21,2004-10-19,2004-10-21,Not reported,,John Kerry,Unknown,46%,False,October 19–21
2004,State,Florida,FL,,General,Wall Street Journal,2004-10-13 to 2004-10-18,2004-10-13,2004-10-18,"2,131 LV",2.1,John Kerry,Unknown,48.9%,False,October 13–18
2004,State,Florida,FL,,General,University of North Florida,2004-10-10 to 2004-10-15,2004-10-10,2004-10-15,614 LV,4.0,John Kerry,Unknown,45%,False,October 10–15
2004,State,Florida,FL,,General,Univision,2004-10-04 to 2004-10-10,2004-10-04,2004-10-10,655 LV,4.0,John Kerry,Unknown,48%,False,October 4–10
2004,State,Florida,FL,,General,NBC2 News,2004-10-04 to 2004-10-05,2004-10-04,2004-10-05,625 LV,4.0,John Kerry,Unknown,44%,False,October 4–5
2004,State,Florida,FL,,General,American Research Group,2004-10-02 to 2004-10-05,2004-10-02,2004-10-05,600 LV,4.0,John Kerry,Unknown,47%,False,October 2–5
2004,State,Florida,FL,,General,Wall Street Journal,2004-09-30 to 2004-10-05,2004-09-30,2004-10-05,"1,925 LV",2.2,John Kerry,Unknown,49.5%,False,September 30–October 5
2004,State,Florida,FL,,General,America Coming Together,2004-10-01 to 2004-10-04,2004-10-01,2004-10-04,800 LV,3.5,John Kerry,Unknown,49%,False,October 1–4
2004,State,Florida,FL,,General,CNN,2004-09-18 to 2004-09-22,2004-09-18,2004-09-22,674 LV,4.0,John Kerry,Unknown,46%,False,September 18–22
2004,State,Florida,FL,,General,Quinnipiac University,2004-09-18 to 2004-09-21,2004-09-18,2004-09-21,819 RV,3.4,John Kerry,Unknown,41%,False,September 18–21
2004,State,Florida,FL,,General,American Research Group,2004-09-17 to 2004-09-20,2004-09-17,2004-09-20,600 LV,4.0,John Kerry,Unknown,46%,False,September 17–20
2004,State,Florida,FL,,General,Wall Street Journal,2004-09-13 to 2004-09-17,2004-09-13,2004-09-17,"1,669 LV",2.4,John Kerry,Unknown,48.1%,False,September 13–17
2004,State,Florida,FL,,General,Rasmussen Reports,2004-09-06 to 2004-09-12,2004-09-06,2004-09-12,Not reported,4.0,John Kerry,Unknown,47%,False,September 6–12
2004,State,Florida,FL,,General,Wall Street Journal,2004-08-30 to 2004-09-03,2004-08-30,2004-09-03,"1,679 LV",2.4,John Kerry,Unknown,49.4%,False,August 30–September 3
2004,State,Florida,FL,,General,CNN,2004-08-20 to 2004-08-22,2004-08-20,2004-08-22,671 LV,4.0,John Kerry,Unknown,46%,False,August 20–22
2004,State,Florida,FL,,General,Wall Street Journal,2004-08-16 to 2004-08-21,2004-08-16,2004-08-21,"1,421 LV",2.6,John Kerry,Unknown,49.6%,False,August 16–21
2004,State,Florida,FL,,General,Quinnipiac University,2004-08-05 to 2004-08-10,2004-08-05,2004-08-10,"1,094 RV",3.0,John Kerry,Unknown,47%,False,August 5–10
2004,State,Florida,FL,,General,American Research Group,2004-08-03 to 2004-08-05,2004-08-03,2004-08-05,600 LV,4.0,John Kerry,Unknown,50%,False,August 3–5
2004,State,Florida,FL,,General,Wall Street Journal,2004-07-26 to 2004-07-30,2004-07-26,2004-07-30,"1,587 LV",2.5,John Kerry,Unknown,49.5%,False,July 26–30
2004,State,Florida,FL,,General,Wall Street Journal,2004-07-19 to 2004-07-23,2004-07-19,2004-07-23,"1,500 LV",2.5,John Kerry,Unknown,48.4%,False,July 19–23
2004,State,Florida,FL,,General,CNN,2004-07-19 to 2004-07-22,2004-07-19,2004-07-22,699 LV,4.0,John Kerry,Unknown,46%,False,July 19–22
2004,State,Florida,FL,,General,Orlando Sentinel,2004-07-19 to 2004-07-21,2004-07-19,2004-07-21,625 LV,4.0,John Kerry,Unknown,46%,False,July 19–21
2004,State,Florida,FL,,General,Los Angeles Times,2004-07-19 to 2004-07-21,2004-07-19,2004-07-21,729 RV,4.0,John Kerry,Unknown,44%,False,July 19–21
2004,State,Florida,FL,,General,American Research Group,2004-07-13 to 2004-07-15,2004-07-13,2004-07-15,600 LV,4.0,John Kerry,Unknown,47%,False,July 13–15
2004,State,Florida,FL,,General,Wall Street Journal,2004-07-06 to 2004-07-10,2004-07-06,2004-07-10,"1,156 LV",2.9,John Kerry,Unknown,50.8%,False,July 6–10
2004,State,Florida,FL,,General,Quinnipiac University,2004-06-23 to 2004-06-27,2004-06-23,2004-06-27,"1,209 RV",2.8,John Kerry,Unknown,43%,False,June 23–27
2004,State,Florida,FL,,General,Fox News,2004-06-22 to 2004-06-23,2004-06-22,2004-06-23,750 RV,4.0,John Kerry,Unknown,38%,False,June 22–23
2004,State,Florida,FL,,General,American Research Group,2004-06-21 to 2004-06-23,2004-06-21,2004-06-23,600 LV,4.0,John Kerry,Unknown,47%,False,June 21–23
2004,State,Florida,FL,,General,Rasmussen Reports,2004-06-18 to 2004-06-22,2004-06-18,2004-06-22,Not reported,4.0,John Kerry,Unknown,48%,False,June 18–22
2004,State,Florida,FL,,General,Wall Street Journal,2004-06-15 to 2004-06-20,2004-06-15,2004-06-20,"1,429 LV",2.6,John Kerry,Unknown,46.1%,False,June 15–20
2004,State,Florida,FL,,General,Rasmussen Reports,2004-06-11 to 2004-06-17,2004-06-11,2004-06-17,Not reported,4.0,John Kerry,Unknown,48%,False,June 11–17
2004,State,Florida,FL,,General,Wall Street Journal,2004-06-01 to 2004-06-06,2004-06-01,2004-06-06,"1,170 LV",2.9,John Kerry,Unknown,49.5%,False,June 1–6
2004,State,Florida,FL,,General,Wall Street Journal,2004-05-18 to 2004-05-23,2004-05-18,2004-05-23,857 LV,3.4,John Kerry,Unknown,49%,False,May 18–23
2004,State,Florida,FL,,General,American Research Group,2004-05-17 to 2004-05-19,2004-05-17,2004-05-19,600 LV,4.0,John Kerry,Unknown,46%,False,May 17–19
2004,State,Florida,FL,,General,American Coming Together,2004-04-29 to 2004-05-09,2004-04-29,2004-05-09,"1,000 LV",3.0,John Kerry,Unknown,48%,False,April 29–May 9
2004,State,Florida,FL,,General,American Research Group,2004-04-18 to 2004-04-21,2004-04-18,2004-04-21,600 LV,4.0,John Kerry,Unknown,45%,False,April 18–21
2004,State,Florida,FL,,General,American Research Group,2004-03-03 to 2004-03-04,2004-03-03,2004-03-04,600 LV,4.0,John Kerry,Unknown,45%,False,March 3–4
2004,State,Florida,FL,,General,St. Petersburg Times,2004-03-03 to 2004-03-04,2004-03-03,2004-03-04,800 RV,3.5,John Kerry,Unknown,49%,False,March 3–4
2004,State,Florida,FL,,General,American Research Group,2004-10-30 to 2004-11-01,2004-10-30,2004-11-01,600 LV,4.0,George W. Bush,Unknown,48%,False,October 30–November 1
2004,State,Florida,FL,,General,Fox News,2004-10-30 to 2004-10-31,2004-10-30,2004-10-31,700 LV,4.0,George W. Bush,Unknown,44%,False,October 30–31
2004,State,Florida,FL,,General,InsiderAdvantage,2004-10-29 to 2004-10-31,2004-10-29,2004-10-31,400 LV,5.0,George W. Bush,Unknown,48%,False,October 29–31
2004,State,Florida,FL,,General,Quinnipiac University,2004-10-27 to 2004-10-31,2004-10-27,2004-10-31,"1,098 LV",3.0,George W. Bush,Unknown,51%,False,October 27–31
2004,State,Florida,FL,,General,CNN,2004-10-27 to 2004-10-30,2004-10-27,2004-10-30,"1,138 LV",4.0,George W. Bush,Unknown,46%,False,October 27–30
2004,State,Florida,FL,,General,New York Times Regional Newspapers,2004-10-23 to 2004-10-27,2004-10-23,2004-10-27,802 LV,3.0,George W. Bush,Unknown,46.7%,False,October 23–27
2004,State,Florida,FL,,General,Quinnipiac University,2004-10-22 to 2004-10-26,2004-10-22,2004-10-26,944 LV,3.2,George W. Bush,Unknown,49%,False,October 22–26
2004,State,Florida,FL,,General,Los Angeles Times,2004-10-22 to 2004-10-26,2004-10-22,2004-10-26,510 LV,4.0,George W. Bush,Unknown,51%,False,October 22–26
2004,State,Florida,FL,,General,American Research Group,2004-10-23 to 2004-10-25,2004-10-23,2004-10-25,600 LV,4.0,George W. Bush,Unknown,49%,False,October 23–25
2004,State,Florida,FL,,General,CNN,2004-10-21 to 2004-10-24,2004-10-21,2004-10-24,601 LV,4.1,George W. Bush,Unknown,51%,False,October 21–24
2004,State,Florida,FL,,General,St. Petersburg Times,2004-10-19 to 2004-10-21,2004-10-19,2004-10-21,800 LV,3.5,George W. Bush,Unknown,46%,False,October 19–21
2004,State,Florida,FL,,General,InsiderAdvantage,2004-10-19 to 2004-10-21,2004-10-19,2004-10-21,Not reported,,George W. Bush,Unknown,46%,False,October 19–21
2004,State,Florida,FL,,General,Quinnipiac University,2004-10-15 to 2004-10-19,2004-10-15,2004-10-19,808 LV,3.5,George W. Bush,Unknown,48%,False,October 15–19
2004,State,Florida,FL,,General,Wall Street Journal,2004-10-13 to 2004-10-18,2004-10-13,2004-10-18,"2,131 LV",2.1,George W. Bush,Unknown,50.1%,False,October 13–18
2004,State,Florida,FL,,General,University of North Florida,2004-10-10 to 2004-10-15,2004-10-10,2004-10-15,614 LV,4.0,George W. Bush,Unknown,44%,False,October 10–15
2004,State,Florida,FL,,General,Univision,2004-10-04 to 2004-10-10,2004-10-04,2004-10-10,655 LV,4.0,George W. Bush,Unknown,48%,False,October 4–10
2004,State,Florida,FL,,General,NBC2 News,2004-10-04 to 2004-10-05,2004-10-04,2004-10-05,625 LV,4.0,George W. Bush,Unknown,48%,False,October 4–5
2004,State,Florida,FL,,General,American Research Group,2004-10-02 to 2004-10-05,2004-10-02,2004-10-05,600 LV,4.0,George W. Bush,Unknown,45%,False,October 2–5
2004,State,Florida,FL,,General,Wall Street Journal,2004-09-30 to 2004-10-05,2004-09-30,2004-10-05,"1,925 LV",2.2,George W. Bush,Unknown,49.1%,False,September 30–October 5
2004,State,Florida,FL,,General,America Coming Together,2004-10-01 to 2004-10-04,2004-10-01,2004-10-04,800 LV,3.5,George W. Bush,Unknown,47%,False,October 1–4
2004,State,Florida,FL,,General,CNN,2004-09-24 to 2004-09-27,2004-09-24,2004-09-27,704 LV,4.0,George W. Bush,Unknown,52%,False,September 24–27
2004,State,Florida,FL,,General,Quinnipiac University,2004-09-18 to 2004-09-21,2004-09-18,2004-09-21,819 RV,3.4,George W. Bush,Unknown,49%,False,September 18–21
2004,State,Florida,FL,,General,American Research Group,2004-09-17 to 2004-09-20,2004-09-17,2004-09-20,600 LV,4.0,George W. Bush,Unknown,45%,False,September 17–20
2004,State,Florida,FL,,General,Wall Street Journal,2004-09-13 to 2004-09-17,2004-09-13,2004-09-17,"1,669 LV",2.4,George W. Bush,Unknown,47.6%,False,September 13–17
2004,State,Florida,FL,,General,Rasmussen Reports,2004-09-06 to 2004-09-12,2004-09-06,2004-09-12,Not reported,4.0,George W. Bush,Unknown,48%,False,September 6–12
2004,State,Florida,FL,,General,Wall Street Journal,2004-08-30 to 2004-09-03,2004-08-30,2004-09-03,"1,679 LV",2.4,George W. Bush,Unknown,49.1%,False,August 30–September 3
2004,State,Florida,FL,,General,Wall Street Journal,2004-08-16 to 2004-08-21,2004-08-16,2004-08-21,"1,421 LV",2.6,George W. Bush,Unknown,49%,False,August 16–21
2004,State,Florida,FL,,General,Quinnipiac University,2004-08-05 to 2004-08-10,2004-08-05,2004-08-10,"1,094 RV",3.0,George W. Bush,Unknown,41%,False,August 5–10
2004,State,Florida,FL,,General,American Research Group,2004-08-03 to 2004-08-05,2004-08-03,2004-08-05,600 LV,4.0,George W. Bush,Unknown,43%,False,August 3–5
2004,State,Florida,FL,,General,Wall Street Journal,2004-07-26 to 2004-07-30,2004-07-26,2004-07-30,"1,587 LV",2.5,George W. Bush,Unknown,46.7%,False,July 26–30
2004,State,Florida,FL,,General,Wall Street Journal,2004-07-19 to 2004-07-23,2004-07-19,2004-07-23,"1,500 LV",2.5,George W. Bush,Unknown,48.5%,False,July 19–23
2004,State,Florida,FL,,General,Orlando Sentinel,2004-07-19 to 2004-07-21,2004-07-19,2004-07-21,625 LV,4.0,George W. Bush,Unknown,48%,False,July 19–21
2004,State,Florida,FL,,General,American Research Group,2004-07-13 to 2004-07-15,2004-07-13,2004-07-15,600 LV,4.0,George W. Bush,Unknown,44%,False,July 13–15
2004,State,Florida,FL,,General,Wall Street Journal,2004-07-06 to 2004-07-10,2004-07-06,2004-07-10,"1,156 LV",2.9,George W. Bush,Unknown,44.2%,False,July 6–10
2004,State,Florida,FL,,General,Quinnipiac University,2004-06-23 to 2004-06-27,2004-06-23,2004-06-27,"1,209 RV",2.8,George W. Bush,Unknown,43%,False,June 23–27
2004,State,Florida,FL,,General,Fox News,2004-06-22 to 2004-06-23,2004-06-22,2004-06-23,750 RV,4.0,George W. Bush,Unknown,48%,False,June 22–23
2004,State,Florida,FL,,General,Rasmussen Reports,2004-06-18 to 2004-06-22,2004-06-18,2004-06-22,Not reported,4.0,George W. Bush,Unknown,42%,False,June 18–22
2004,State,Florida,FL,,General,Wall Street Journal,2004-06-15 to 2004-06-20,2004-06-15,2004-06-20,"1,429 LV",2.6,George W. Bush,Unknown,50.3%,False,June 15–20
2004,State,Florida,FL,,General,Rasmussen Reports,2004-06-11 to 2004-06-17,2004-06-11,2004-06-17,Not reported,4.0,George W. Bush,Unknown,44%,False,June 11–17
2004,State,Florida,FL,,General,Wall Street Journal,2004-06-01 to 2004-06-06,2004-06-01,2004-06-06,"1,170 LV",2.9,George W. Bush,Unknown,47.9%,False,June 1–6
2004,State,Florida,FL,,General,Wall Street Journal,2004-05-18 to 2004-05-23,2004-05-18,2004-05-23,857 LV,3.4,George W. Bush,Unknown,47.6%,False,May 18–23
2004,State,Florida,FL,,General,American Coming Together,2004-04-29 to 2004-05-09,2004-04-29,2004-05-09,"1,000 LV",3.0,George W. Bush,Unknown,46%,False,April 29–May 9
2004,State,Florida,FL,,General,American Research Group,2004-04-18 to 2004-04-21,2004-04-18,2004-04-21,600 LV,4.0,George W. Bush,Unknown,46%,False,April 18–21
2004,State,Florida,FL,,General,American Research Group,2004-03-03 to 2004-03-04,2004-03-03,2004-03-04,600 LV,4.0,George W. Bush,Unknown,44%,False,March 3–4
2004,State,Florida,FL,,General,St. Petersburg Times,2004-03-03 to 2004-03-04,2004-03-03,2004-03-04,800 RV,3.5,George W. Bush,Unknown,43%,False,March 3–4
2004,State,Florida,FL,,General,American Research Group,2004-10-30 to 2004-11-01,2004-10-30,2004-11-01,600 LV,4.0,Ralph Nader,Unknown,1%,False,October 30–November 1
2004,State,Florida,FL,,General,Fox News,2004-10-30 to 2004-10-31,2004-10-30,2004-10-31,700 LV,4.0,Ralph Nader,Unknown,1%,False,October 30–31
2004,State,Florida,FL,,General,InsiderAdvantage,2004-10-29 to 2004-10-31,2004-10-29,2004-10-31,400 LV,5.0,Ralph Nader,Unknown,1%,False,October 29–31
2004,State,Florida,FL,,General,Quinnipiac University,2004-10-27 to 2004-10-31,2004-10-27,2004-10-31,"1,098 LV",3.0,Ralph Nader,Unknown,1%,False,October 27–31
2004,State,Florida,FL,,General,CNN,2004-10-27 to 2004-10-30,2004-10-27,2004-10-30,"1,138 LV",4.0,Ralph Nader,Unknown,0%,False,October 27–30
2004,State,Florida,FL,,General,New York Times Regional Newspapers,2004-10-23 to 2004-10-27,2004-10-23,2004-10-27,802 LV,3.0,Ralph Nader,Unknown,1.5%,False,October 23–27
2004,State,Florida,FL,,General,Quinnipiac University,2004-10-22 to 2004-10-26,2004-10-22,2004-10-26,944 LV,3.2,Ralph Nader,Unknown,1%,False,October 22–26
2004,State,Florida,FL,,General,Los Angeles Times,2004-10-22 to 2004-10-26,2004-10-22,2004-10-26,510 LV,4.0,Ralph Nader,Unknown,2%,False,October 22–26
2004,State,Florida,FL,,General,American Research Group,2004-10-23 to 2004-10-25,2004-10-23,2004-10-25,600 LV,4.0,Ralph Nader,Unknown,1%,False,October 23–25
2004,State,Florida,FL,,General,CNN,2004-10-21 to 2004-10-24,2004-10-21,2004-10-24,601 LV,4.1,Ralph Nader,Unknown,1%,False,October 21–24
2004,State,Florida,FL,,General,St. Petersburg Times,2004-10-19 to 2004-10-21,2004-10-19,2004-10-21,800 LV,3.5,Ralph Nader,Unknown,1%,False,October 19–21
2004,State,Florida,FL,,General,InsiderAdvantage,2004-10-19 to 2004-10-21,2004-10-19,2004-10-21,Not reported,,Ralph Nader,Unknown,2%,False,October 19–21
2004,State,Florida,FL,,General,Quinnipiac University,2004-10-15 to 2004-10-19,2004-10-15,2004-10-19,808 LV,3.5,Ralph Nader,Unknown,1%,False,October 15–19
2004,State,Florida,FL,,General,Wall Street Journal,2004-10-13 to 2004-10-18,2004-10-13,2004-10-18,"2,131 LV",2.1,Ralph Nader,Unknown,0.3%,False,October 13–18
2004,State,Florida,FL,,General,University of North Florida,2004-10-10 to 2004-10-15,2004-10-10,2004-10-15,614 LV,4.0,Ralph Nader,Unknown,2%,False,October 10–15
2004,State,Florida,FL,,General,Univision,2004-10-04 to 2004-10-10,2004-10-04,2004-10-10,655 LV,4.0,Ralph Nader,Unknown,1%,False,October 4–10
2004,State,Florida,FL,,General,NBC2 News,2004-10-04 to 2004-10-05,2004-10-04,2004-10-05,625 LV,4.0,Ralph Nader,Unknown,2%,False,October 4–5
2004,State,Florida,FL,,General,American Research Group,2004-10-02 to 2004-10-05,2004-10-02,2004-10-05,600 LV,4.0,Ralph Nader,Unknown,2%,False,October 2–5
2004,State,Florida,FL,,General,Quinnipiac University,2004-10-01 to 2004-10-05,2004-10-01,2004-10-05,717 LV,3.7,Ralph Nader,Unknown,0%,False,October 1–5
2004,State,Florida,FL,,General,Wall Street Journal,2004-09-30 to 2004-10-05,2004-09-30,2004-10-05,"1,925 LV",2.2,Ralph Nader,Unknown,0.5%,False,September 30–October 5
2004,State,Florida,FL,,General,America Coming Together,2004-10-01 to 2004-10-04,2004-10-01,2004-10-04,800 LV,3.5,Ralph Nader,Unknown,2%,False,October 1–4
2004,State,Florida,FL,,General,CNN,2004-09-24 to 2004-09-27,2004-09-24,2004-09-27,704 LV,4.0,Ralph Nader,Unknown,1%,False,September 24–27
2004,State,Florida,FL,,General,CNN,2004-09-18 to 2004-09-22,2004-09-18,2004-09-22,674 LV,4.0,Ralph Nader,Unknown,1%,False,September 18–22
2004,State,Florida,FL,,General,Quinnipiac University,2004-09-18 to 2004-09-21,2004-09-18,2004-09-21,819 RV,3.4,Ralph Nader,Unknown,5%,False,September 18–21
2004,State,Florida,FL,,General,American Research Group,2004-09-17 to 2004-09-20,2004-09-17,2004-09-20,600 LV,4.0,Ralph Nader,Unknown,2%,False,September 17–20
2004,State,Florida,FL,,General,Wall Street Journal,2004-09-13 to 2004-09-17,2004-09-13,2004-09-17,"1,669 LV",2.4,Ralph Nader,Unknown,0.9%,False,September 13–17
2004,State,Florida,FL,,General,Rasmussen Reports,2004-09-06 to 2004-09-12,2004-09-06,2004-09-12,Not reported,4.0,Ralph Nader,Unknown,1%,False,September 6–12
2004,State,Florida,FL,,General,Wall Street Journal,2004-08-30 to 2004-09-03,2004-08-30,2004-09-03,"1,679 LV",2.4,Ralph Nader,Unknown,0.6%,False,August 30–September 3
2004,State,Florida,FL,,General,CNN,2004-08-20 to 2004-08-22,2004-08-20,2004-08-22,671 LV,4.0,Ralph Nader,Unknown,2%,False,August 20–22
2004,State,Florida,FL,,General,Wall Street Journal,2004-08-16 to 2004-08-21,2004-08-16,2004-08-21,"1,421 LV",2.6,Ralph Nader,Unknown,0.3%,False,August 16–21
2004,State,Florida,FL,,General,Quinnipiac University,2004-08-05 to 2004-08-10,2004-08-05,2004-08-10,"1,094 RV",3.0,Ralph Nader,Unknown,4%,False,August 5–10
2004,State,Florida,FL,,General,American Research Group,2004-08-03 to 2004-08-05,2004-08-03,2004-08-05,600 LV,4.0,Ralph Nader,Unknown,2%,False,August 3–5
2004,State,Florida,FL,,General,Wall Street Journal,2004-07-26 to 2004-07-30,2004-07-26,2004-07-30,"1,587 LV",2.5,Ralph Nader,Unknown,2%,False,July 26–30
2004,State,Florida,FL,,General,Wall Street Journal,2004-07-19 to 2004-07-23,2004-07-19,2004-07-23,"1,500 LV",2.5,Ralph Nader,Unknown,0.9%,False,July 19–23
2004,State,Florida,FL,,General,CNN,2004-07-19 to 2004-07-22,2004-07-19,2004-07-22,699 LV,4.0,Ralph Nader,Unknown,1%,False,July 19–22
2004,State,Florida,FL,,General,Orlando Sentinel,2004-07-19 to 2004-07-21,2004-07-19,2004-07-21,625 LV,4.0,Ralph Nader,Unknown,2%,False,July 19–21
2004,State,Florida,FL,,General,Los Angeles Times,2004-07-19 to 2004-07-21,2004-07-19,2004-07-21,729 RV,4.0,Ralph Nader,Unknown,2%,False,July 19–21
2004,State,Florida,FL,,General,American Research Group,2004-07-13 to 2004-07-15,2004-07-13,2004-07-15,600 LV,4.0,Ralph Nader,Unknown,3%,False,July 13–15
2004,State,Florida,FL,,General,Wall Street Journal,2004-07-06 to 2004-07-10,2004-07-06,2004-07-10,"1,156 LV",2.9,Ralph Nader,Unknown,2.9%,False,July 6–10
2004,State,Florida,FL,,General,Quinnipiac University,2004-06-23 to 2004-06-27,2004-06-23,2004-06-27,"1,209 RV",2.8,Ralph Nader,Unknown,5%,False,June 23–27
2004,State,Florida,FL,,General,Fox News,2004-06-22 to 2004-06-23,2004-06-22,2004-06-23,750 RV,4.0,Ralph Nader,Unknown,3%,False,June 22–23
2004,State,Florida,FL,,General,American Research Group,2004-06-21 to 2004-06-23,2004-06-21,2004-06-23,600 LV,4.0,Ralph Nader,Unknown,2%,False,June 21–23
2004,State,Florida,FL,,General,Rasmussen Reports,2004-06-18 to 2004-06-22,2004-06-18,2004-06-22,Not reported,4.0,Ralph Nader,Unknown,1%,False,June 18–22
2004,State,Florida,FL,,General,Wall Street Journal,2004-06-15 to 2004-06-20,2004-06-15,2004-06-20,"1,429 LV",2.6,Ralph Nader,Unknown,0.5%,False,June 15–20
2004,State,Florida,FL,,General,Rasmussen Reports,2004-06-11 to 2004-06-17,2004-06-11,2004-06-17,Not reported,4.0,Ralph Nader,Unknown,1%,False,June 11–17
2004,State,Florida,FL,,General,Wall Street Journal,2004-06-01 to 2004-06-06,2004-06-01,2004-06-06,"1,170 LV",2.9,Ralph Nader,Unknown,0.6%,False,June 1–6
2004,State,Florida,FL,,General,Wall Street Journal,2004-05-18 to 2004-05-23,2004-05-18,2004-05-23,857 LV,3.4,Ralph Nader,Unknown,1%,False,May 18–23
2004,State,Florida,FL,,General,American Research Group,2004-05-17 to 2004-05-19,2004-05-17,2004-05-19,600 LV,4.0,Ralph Nader,Unknown,3%,False,May 17–19
2004,State,Florida,FL,,General,American Coming Together,2004-04-29 to 2004-05-09,2004-04-29,2004-05-09,"1,000 LV",3.0,Ralph Nader,Unknown,3%,False,April 29–May 9
2004,State,Florida,FL,,General,American Research Group,2004-04-18 to 2004-04-21,2004-04-18,2004-04-21,600 LV,4.0,Ralph Nader,Unknown,3%,False,April 18–21
2004,State,Florida,FL,,General,American Research Group,2004-03-03 to 2004-03-04,2004-03-03,2004-03-04,600 LV,4.0,Ralph Nader,Unknown,4%,False,March 3–4
2004,State,Florida,FL,,General,St. Petersburg Times,2004-03-03 to 2004-03-04,2004-03-03,2004-03-04,800 RV,3.5,Ralph Nader,Unknown,3%,False,March 3–4
2004,State,Florida,FL,,General,Badnarik for President,2004-08-24,2004-08-24,2004-08-24,500 LV,4.5,John Kerry,Unknown,47%,False,August 24
2004,State,Florida,FL,,General,Badnarik for President,2004-08-24,2004-08-24,2004-08-24,500 LV,4.5,George W. Bush,Unknown,49%,False,August 24
2004,State,Florida,FL,,General,Badnarik for President,2004-08-24,2004-08-24,2004-08-24,500 LV,4.5,Ralph Nader,Unknown,2%,False,August 24
2004,State,Florida,FL,,General,Badnarik for President,2004-08-24,2004-08-24,2004-08-24,500 LV,4.5,David Cobb,Unknown,1%,False,August 24
2004,State,Florida,FL,,General,Badnarik for President,2004-08-24,2004-08-24,2004-08-24,500 LV,4.5,Michael Badnarik,Unknown,1%,False,August 24
2004,State,Georgia,GA,,General,WXIA-TV Atlanta,2004-10-28 to 2004-10-30,2004-10-28,2004-10-30,628 LV,4.0,John Kerry,Unknown,41%,False,October 28–30
2004,State,Georgia,GA,,General,Rasmussen Reports,2004-10-24 to 2004-10-30,2004-10-24,2004-10-30,Not reported,5.0,John Kerry,Unknown,39%,False,October 24–30
2004,State,Georgia,GA,,General,Atlanta Journal-Constitution,2004-10-27 to 2004-10-29,2004-10-27,2004-10-29,501 LV,4.5,John Kerry,Unknown,42%,False,October 27–29
2004,State,Georgia,GA,,General,WXIA-TV Atlanta,2004-10-18 to 2004-10-20,2004-10-18,2004-10-20,609 LV,4.0,John Kerry,Unknown,40%,False,October 18–20
2004,State,Georgia,GA,,General,Rasmussen Reports,2004-10-14 to 2004-10-20,2004-10-14,2004-10-20,Not reported,5.0,John Kerry,Unknown,38%,False,October 14–20
2004,State,Georgia,GA,,General,Atlanta Journal-Constitution,2004-10-13 to 2004-10-15,2004-10-13,2004-10-15,503 LV,4.5,John Kerry,Unknown,41%,False,October 13–15
2004,State,Georgia,GA,,General,Atlanta Journal-Constitution,2004-10-06 to 2004-10-08,2004-10-06,2004-10-08,501 LV,4.5,John Kerry,Unknown,39%,False,October 6–8
2004,State,Georgia,GA,,General,WXIA-TV Atlanta,2004-10-05 to 2004-10-07,2004-10-05,2004-10-07,594 LV,4.1,John Kerry,Unknown,39%,False,October 5–7
2004,State,Georgia,GA,,General,Rasmussen Reports,2004-09-24 to 2004-09-30,2004-09-24,2004-09-30,Not reported,5.0,John Kerry,Unknown,39%,False,September 24–30
2004,State,Georgia,GA,,General,Rasmussen Reports,2004-09-09 to 2004-09-22,2004-09-09,2004-09-22,400 LV,5.0,John Kerry,Unknown,42%,False,September 9–22
2004,State,Georgia,GA,,General,WXIA-TV Atlanta,2004-09-13 to 2004-09-15,2004-09-13,2004-09-15,658 LV,3.9,John Kerry,Unknown,38%,False,September 13–15
2004,State,Georgia,GA,,General,American Research Group,2004-09-11 to 2004-09-13,2004-09-11,2004-09-13,600 LV,4.0,John Kerry,Unknown,42%,False,September 11–13
2004,State,Georgia,GA,,General,Rasmussen Reports,2004-08-01 to 2004-08-26,2004-08-01,2004-08-26,Not reported,5.0,John Kerry,Unknown,43%,False,August 1–26
2004,State,Georgia,GA,,General,Rasmussen Reports,2004-07-01 to 2004-07-31,2004-07-01,2004-07-31,Not reported,5.0,John Kerry,Unknown,42%,False,July 1–31
2004,State,Georgia,GA,,General,Rasmussen Reports,2004-06-01 to 2004-06-30,2004-06-01,2004-06-30,Not reported,5.0,John Kerry,Unknown,41%,False,June 1–30
2004,State,Georgia,GA,,General,Rasmussen Reports,2004-05-01 to 2004-05-31,2004-05-01,2004-05-31,Not reported,5.0,John Kerry,Unknown,39%,False,May 1–31
2004,State,Georgia,GA,,General,WXIA-TV Atlanta,2004-10-28 to 2004-10-30,2004-10-28,2004-10-30,628 LV,4.0,George W. Bush,Unknown,53%,False,October 28–30
2004,State,Georgia,GA,,General,Rasmussen Reports,2004-10-24 to 2004-10-30,2004-10-24,2004-10-30,Not reported,5.0,George W. Bush,Unknown,54%,False,October 24–30
2004,State,Georgia,GA,,General,Atlanta Journal-Constitution,2004-10-27 to 2004-10-29,2004-10-27,2004-10-29,501 LV,4.5,George W. Bush,Unknown,52%,False,October 27–29
2004,State,Georgia,GA,,General,WXIA-TV Atlanta,2004-10-18 to 2004-10-20,2004-10-18,2004-10-20,609 LV,4.0,George W. Bush,Unknown,57%,False,October 18–20
2004,State,Georgia,GA,,General,Rasmussen Reports,2004-10-14 to 2004-10-20,2004-10-14,2004-10-20,Not reported,5.0,George W. Bush,Unknown,58%,False,October 14–20
2004,State,Georgia,GA,,General,Atlanta Journal-Constitution,2004-10-13 to 2004-10-15,2004-10-13,2004-10-15,503 LV,4.5,George W. Bush,Unknown,51%,False,October 13–15
2004,State,Georgia,GA,,General,Atlanta Journal-Constitution,2004-10-06 to 2004-10-08,2004-10-06,2004-10-08,501 LV,4.5,George W. Bush,Unknown,54%,False,October 6–8
2004,State,Georgia,GA,,General,WXIA-TV Atlanta,2004-10-05 to 2004-10-07,2004-10-05,2004-10-07,594 LV,4.1,George W. Bush,Unknown,58%,False,October 5–7
2004,State,Georgia,GA,,General,Rasmussen Reports,2004-09-24 to 2004-09-30,2004-09-24,2004-09-30,Not reported,5.0,George W. Bush,Unknown,54%,False,September 24–30
2004,State,Georgia,GA,,General,Rasmussen Reports,2004-09-09 to 2004-09-22,2004-09-09,2004-09-22,400 LV,5.0,George W. Bush,Unknown,53%,False,September 9–22
2004,State,Georgia,GA,,General,WXIA-TV Atlanta,2004-09-13 to 2004-09-15,2004-09-13,2004-09-15,658 LV,3.9,George W. Bush,Unknown,58%,False,September 13–15
2004,State,Georgia,GA,,General,American Research Group,2004-09-11 to 2004-09-13,2004-09-11,2004-09-13,600 LV,4.0,George W. Bush,Unknown,53%,False,September 11–13
2004,State,Georgia,GA,,General,Rasmussen Reports,2004-08-01 to 2004-08-26,2004-08-01,2004-08-26,Not reported,5.0,George W. Bush,Unknown,54%,False,August 1–26
2004,State,Georgia,GA,,General,Rasmussen Reports,2004-07-01 to 2004-07-31,2004-07-01,2004-07-31,Not reported,5.0,George W. Bush,Unknown,53%,False,July 1–31
2004,State,Georgia,GA,,General,Rasmussen Reports,2004-06-01 to 2004-06-30,2004-06-01,2004-06-30,Not reported,5.0,George W. Bush,Unknown,52%,False,June 1–30
2004,State,Georgia,GA,,General,Rasmussen Reports,2004-05-01 to 2004-05-31,2004-05-01,2004-05-31,Not reported,5.0,George W. Bush,Unknown,51%,False,May 1–31
2004,State,Georgia,GA,,General,InsiderAdvantage,2004-05-31 to 2004-06-02,2004-05-31,2004-06-02,Not reported,,John Kerry,Unknown,32%,False,May 31–June 2
2004,State,Georgia,GA,,General,Schapiro Research Group,2004-02-05 to 2004-02-09,2004-02-05,2004-02-09,Not reported,,John Kerry,Unknown,44%,False,February 5–9
2004,State,Georgia,GA,,General,InsiderAdvantage,2004-05-31 to 2004-06-02,2004-05-31,2004-06-02,Not reported,,George W. Bush,Unknown,49%,False,May 31–June 2
2004,State,Georgia,GA,,General,Schapiro Research Group,2004-02-05 to 2004-02-09,2004-02-05,2004-02-09,Not reported,,George W. Bush,Unknown,47%,False,February 5–9
2004,State,Georgia,GA,,General,InsiderAdvantage,2004-05-31 to 2004-06-02,2004-05-31,2004-06-02,Not reported,,Ralph Nader,Unknown,3%,False,May 31–June 2
2004,State,Georgia,GA,,General,Schapiro Research Group,2004-02-05 to 2004-02-09,2004-02-05,2004-02-09,Not reported,,Ralph Nader,Unknown,1%,False,February 5–9
2004,State,Hawaii,HI,,General,Star-Bulletin,2004-10-17 to 2004-10-20,2004-10-17,2004-10-20,612 LV,4.0,John Kerry,Unknown,45%,False,October 17–20
2004,State,Hawaii,HI,,General,Honolulu Star-Advertiser,2004-10-13 to 2004-10-18,2004-10-13,2004-10-18,600 LV,4.0,John Kerry,Unknown,42.6%,False,October 13–18
2004,State,Hawaii,HI,,General,Star-Bulletin,2004-10-17 to 2004-10-20,2004-10-17,2004-10-20,612 LV,4.0,George W. Bush,Unknown,46%,False,October 17–20
2004,State,Hawaii,HI,,General,Honolulu Star-Advertiser,2004-10-13 to 2004-10-18,2004-10-13,2004-10-18,600 LV,4.0,George W. Bush,Unknown,43.3%,False,October 13–18
2004,State,Hawaii,HI,,General,American Research Group,2004-09-07 to 2004-09-11,2004-09-07,2004-09-11,600 LV,4.0,John Kerry,Unknown,51%,False,September 7–11
2004,State,Hawaii,HI,,General,Star-Bulletin,2004-07-29 to 2004-08-03,2004-07-29,2004-08-03,681 RV,3.7,John Kerry,Unknown,48%,False,July 29–August 3
2004,State,Hawaii,HI,,General,American Research Group,2004-09-07 to 2004-09-11,2004-09-07,2004-09-11,600 LV,4.0,George W. Bush,Unknown,41%,False,September 7–11
2004,State,Hawaii,HI,,General,Star-Bulletin,2004-07-29 to 2004-08-03,2004-07-29,2004-08-03,681 RV,3.7,George W. Bush,Unknown,41%,False,July 29–August 3
2004,State,Hawaii,HI,,General,American Research Group,2004-09-07 to 2004-09-11,2004-09-07,2004-09-11,600 LV,4.0,Ralph Nader,Unknown,4%,False,September 7–11
2004,State,Hawaii,HI,,General,Star-Bulletin,2004-07-29 to 2004-08-03,2004-07-29,2004-08-03,681 RV,3.7,Ralph Nader,Unknown,1%,False,July 29–August 3
2004,State,Idaho,ID,,General,American Research Group,2004-09-08 to 2004-09-10,2004-09-08,2004-09-10,600 LV,4.0,John Kerry,Unknown,30%,False,September 8–10
2004,State,Idaho,ID,,General,KTVB-TV,2004-06-08 to 2004-06-14,2004-06-08,2004-06-14,400 LV,,John Kerry,Unknown,25%,False,"June 8–10, 14"
2004,State,Idaho,ID,,General,American Research Group,2004-09-08 to 2004-09-10,2004-09-08,2004-09-10,600 LV,4.0,George W. Bush,Unknown,59%,False,September 8–10
2004,State,Idaho,ID,,General,KTVB-TV,2004-06-08 to 2004-06-14,2004-06-08,2004-06-14,400 LV,,George W. Bush,Unknown,55%,False,"June 8–10, 14"
2004,State,Idaho,ID,,General,American Research Group,2004-09-08 to 2004-09-10,2004-09-08,2004-09-10,600 LV,4.0,Ralph Nader,Unknown,3%,False,September 8–10
2004,State,Idaho,ID,,General,KTVB-TV,2004-06-08 to 2004-06-14,2004-06-08,2004-06-14,400 LV,,Ralph Nader,Unknown,6%,False,"June 8–10, 14"
2004,State,Illinois,IL,,General,McCulloch Research & Polling (R),2004-10-28 to 2004-10-31,2004-10-28,2004-10-31,Not reported,,John Kerry,Unknown,53%,False,October 28–31
2004,State,Illinois,IL,,General,Rasmussen Reports,2004-10-24 to 2004-10-30,2004-10-24,2004-10-30,Not reported,4.0,John Kerry,Unknown,51%,False,October 24–30
2004,State,Illinois,IL,,General,WBBM-TV Chicago,2004-10-27 to 2004-10-29,2004-10-27,2004-10-29,665 LV,3.9,John Kerry,Unknown,54%,False,October 27–29
2004,State,Illinois,IL,,General,Chicago Tribune,2004-10-16 to 2004-10-19,2004-10-16,2004-10-19,700 LV,4.0,John Kerry,Unknown,50%,False,October 16–19
2004,State,Illinois,IL,,General,WBBM-TV Chicago,2004-10-04 to 2004-10-06,2004-10-04,2004-10-06,644 LV,4.0,John Kerry,Unknown,55%,False,October 4–6
2004,State,Illinois,IL,,General,Daily Southtown,2004-10-04,2004-10-04,2004-10-04,500 LV,4.5,John Kerry,Unknown,52%,False,October 4
2004,State,Illinois,IL,,General,Rasmussen Reports,2004-09-09 to 2004-09-22,2004-09-09,2004-09-22,Not reported,4.0,John Kerry,Unknown,51%,False,September 9–22
2004,State,Illinois,IL,,General,Chicago Tribune,2004-09-17 to 2004-09-20,2004-09-17,2004-09-20,700 LV,4.0,John Kerry,Unknown,49%,False,September 17–20
2004,State,Illinois,IL,,General,WBBM-TV Chicago,2004-09-12 to 2004-09-14,2004-09-12,2004-09-14,618 LV,4.0,John Kerry,Unknown,49%,False,September 12–14
2004,State,Illinois,IL,,General,Chicago Tribune,2004-08-13 to 2004-08-16,2004-08-13,2004-08-16,700 LV,4.0,John Kerry,Unknown,52%,False,August 13–16
2004,State,Illinois,IL,,General,Rasmussen Reports,2004-07-01 to 2004-07-31,2004-07-01,2004-07-31,Not reported,4.0,John Kerry,Unknown,54%,False,July 1–31
2004,State,Illinois,IL,,General,Rasmussen Reports,2004-06-01 to 2004-06-30,2004-06-01,2004-06-30,Not reported,4.0,John Kerry,Unknown,53%,False,June 1–30
2004,State,Illinois,IL,,General,WBBM-TV Chicago,2004-06-07 to 2004-06-09,2004-06-07,2004-06-09,742 LV,3.7,John Kerry,Unknown,52%,False,June 7–9
2004,State,Illinois,IL,,General,Rasmussen Reports,2004-05-01 to 2004-05-31,2004-05-01,2004-05-31,Not reported,4.0,John Kerry,Unknown,54%,False,May 1–31
2004,State,Illinois,IL,,General,Rasmussen Reports,2004-03-12,2004-03-12,2004-03-12,500 LV,4.5,John Kerry,Unknown,48%,False,March 12
2004,State,Illinois,IL,,General,Daily Southtown,2004-03-03,2004-03-03,2004-03-03,448 LV,4.5,John Kerry,Unknown,52%,False,March 3
2004,State,Illinois,IL,,General,McCulloch Research & Polling (R),2004-10-28 to 2004-10-31,2004-10-28,2004-10-31,Not reported,,George W. Bush,Unknown,43%,False,October 28–31
2004,State,Illinois,IL,,General,Rasmussen Reports,2004-10-24 to 2004-10-30,2004-10-24,2004-10-30,Not reported,4.0,George W. Bush,Unknown,43%,False,October 24–30
2004,State,Illinois,IL,,General,WBBM-TV Chicago,2004-10-27 to 2004-10-29,2004-10-27,2004-10-29,665 LV,3.9,George W. Bush,Unknown,42%,False,October 27–29
2004,State,Illinois,IL,,General,Chicago Tribune,2004-10-16 to 2004-10-19,2004-10-16,2004-10-19,700 LV,4.0,George W. Bush,Unknown,42%,False,October 16–19
2004,State,Illinois,IL,,General,WBBM-TV Chicago,2004-10-04 to 2004-10-06,2004-10-04,2004-10-06,644 LV,4.0,George W. Bush,Unknown,39%,False,October 4–6
2004,State,Illinois,IL,,General,Daily Southtown,2004-10-04,2004-10-04,2004-10-04,500 LV,4.5,George W. Bush,Unknown,41%,False,October 4
2004,State,Illinois,IL,,General,Rasmussen Reports,2004-09-09 to 2004-09-22,2004-09-09,2004-09-22,Not reported,4.0,George W. Bush,Unknown,42%,False,September 9–22
2004,State,Illinois,IL,,General,Chicago Tribune,2004-09-17 to 2004-09-20,2004-09-17,2004-09-20,700 LV,4.0,George W. Bush,Unknown,40%,False,September 17–20
2004,State,Illinois,IL,,General,WBBM-TV Chicago,2004-09-12 to 2004-09-14,2004-09-12,2004-09-14,618 LV,4.0,George W. Bush,Unknown,45%,False,September 12–14
2004,State,Illinois,IL,,General,Chicago Tribune,2004-08-13 to 2004-08-16,2004-08-13,2004-08-16,700 LV,4.0,George W. Bush,Unknown,38%,False,August 13–16
2004,State,Illinois,IL,,General,Rasmussen Reports,2004-07-01 to 2004-07-31,2004-07-01,2004-07-31,Not reported,4.0,George W. Bush,Unknown,39%,False,July 1–31
2004,State,Illinois,IL,,General,Rasmussen Reports,2004-06-01 to 2004-06-30,2004-06-01,2004-06-30,Not reported,4.0,George W. Bush,Unknown,37%,False,June 1–30
2004,State,Illinois,IL,,General,WBBM-TV Chicago,2004-06-07 to 2004-06-09,2004-06-07,2004-06-09,742 LV,3.7,George W. Bush,Unknown,39%,False,June 7–9
2004,State,Illinois,IL,,General,Rasmussen Reports,2004-05-01 to 2004-05-31,2004-05-01,2004-05-31,Not reported,4.0,George W. Bush,Unknown,38%,False,May 1–31
2004,State,Illinois,IL,,General,Rasmussen Reports,2004-03-12,2004-03-12,2004-03-12,500 LV,4.5,George W. Bush,Unknown,43%,False,March 12
2004,State,Illinois,IL,,General,Daily Southtown,2004-03-03,2004-03-03,2004-03-03,448 LV,4.5,George W. Bush,Unknown,39%,False,March 3
2004,State,Illinois,IL,,General,American Research Group,2004-09-13 to 2004-09-16,2004-09-13,2004-09-16,600 LV,4.0,John Kerry,Unknown,49%,False,September 13–16
2004,State,Illinois,IL,,General,Chicago Tribune,2004-05-21 to 2004-05-24,2004-05-21,2004-05-24,600 LV,4.0,John Kerry,Unknown,53%,False,May 21–24
2004,State,Illinois,IL,,General,Rasmussen Reports,2004-03-12,2004-03-12,2004-03-12,500 LV,4.5,John Kerry,Unknown,46%,False,March 12
2004,State,Illinois,IL,,General,Mason-Dixon Polling & Research,2004-03-08 to 2004-03-10,2004-03-08,2004-03-10,625 RV,4.0,John Kerry,Unknown,39%,False,March 8–10
2004,State,Illinois,IL,,General,American Research Group,2004-09-13 to 2004-09-16,2004-09-13,2004-09-16,600 LV,4.0,George W. Bush,Unknown,43%,False,September 13–16
2004,State,Illinois,IL,,General,Chicago Tribune,2004-05-21 to 2004-05-24,2004-05-21,2004-05-24,600 LV,4.0,George W. Bush,Unknown,37%,False,May 21–24
2004,State,Illinois,IL,,General,Rasmussen Reports,2004-03-12,2004-03-12,2004-03-12,500 LV,4.5,George W. Bush,Unknown,41%,False,March 12
2004,State,Illinois,IL,,General,Mason-Dixon Polling & Research,2004-03-08 to 2004-03-10,2004-03-08,2004-03-10,625 RV,4.0,George W. Bush,Unknown,47%,False,March 8–10
2004,State,Illinois,IL,,General,American Research Group,2004-09-13 to 2004-09-16,2004-09-13,2004-09-16,600 LV,4.0,Ralph Nader,Unknown,2%,False,September 13–16
2004,State,Illinois,IL,,General,Chicago Tribune,2004-05-21 to 2004-05-24,2004-05-21,2004-05-24,600 LV,4.0,Ralph Nader,Unknown,4%,False,May 21–24
2004,State,Illinois,IL,,General,Rasmussen Reports,2004-03-12,2004-03-12,2004-03-12,500 LV,4.5,Ralph Nader,Unknown,8%,False,March 12
2004,State,Illinois,IL,,General,Mason-Dixon Polling & Research,2004-03-08 to 2004-03-10,2004-03-08,2004-03-10,625 RV,4.0,Ralph Nader,Unknown,2%,False,March 8–10
2004,State,Indiana,IN,,General,WXIN-TV Indianapolis,2004-10-27 to 2004-10-29,2004-10-27,2004-10-29,589 LV,4.1,John Kerry,Unknown,39%,False,October 27–29
2004,State,Indiana,IN,,General,WXIN-TV Indianapolis,2004-10-17 to 2004-10-19,2004-10-17,2004-10-19,602 LV,4.0,John Kerry,Unknown,37%,False,October 17–19
2004,State,Indiana,IN,,General,WXIN-TV Indianapolis,2004-10-03 to 2004-10-05,2004-10-03,2004-10-05,589 LV,4.1,John Kerry,Unknown,39%,False,October 3–5
2004,State,Indiana,IN,,General,Indianapolis Star,2004-09-29 to 2004-10-03,2004-09-29,2004-10-03,Not reported,,John Kerry,Unknown,33%,False,September 29–October 3
2004,State,Indiana,IN,,General,American Research Group,2004-09-16 to 2004-09-20,2004-09-16,2004-09-20,600 LV,4.0,John Kerry,Unknown,39%,False,September 16–20
2004,State,Indiana,IN,,General,WXIN-TV Indianapolis,2004-09-07 to 2004-09-09,2004-09-07,2004-09-09,692 LV,3.8,John Kerry,Unknown,36%,False,September 7–9
2004,State,Indiana,IN,,General,Indiana Manufacturing Association,2004-08-15 to 2004-08-18,2004-08-15,2004-08-18,601 LV,4.0,John Kerry,Unknown,40%,False,August 15–18
2004,State,Indiana,IN,,General,Market Research Informatics,2004-07-08 to 2004-07-12,2004-07-08,2004-07-12,852 RV,3.5,John Kerry,Unknown,27%,False,July 8–12
2004,State,Indiana,IN,,General,Indiana Manufacturing Association,2004-06-22 to 2004-06-24,2004-06-22,2004-06-24,600 LV,4.0,John Kerry,Unknown,36%,False,June 22–24
2004,State,Indiana,IN,,General,Indiana Manufacturing Association,2004-03-22 to 2004-03-24,2004-03-22,2004-03-24,600 LV,4.0,John Kerry,Unknown,37%,False,March 22–24
2004,State,Indiana,IN,,General,WXIN-TV Indianapolis,2004-02-15 to 2004-02-17,2004-02-15,2004-02-17,585 RV,4.2,John Kerry,Unknown,45%,False,February 15–17
2004,State,Indiana,IN,,General,WXIN-TV Indianapolis,2004-10-27 to 2004-10-29,2004-10-27,2004-10-29,589 LV,4.1,George W. Bush,Unknown,58%,False,October 27–29
2004,State,Indiana,IN,,General,WXIN-TV Indianapolis,2004-10-17 to 2004-10-19,2004-10-17,2004-10-19,602 LV,4.0,George W. Bush,Unknown,59%,False,October 17–19
2004,State,Indiana,IN,,General,WXIN-TV Indianapolis,2004-10-03 to 2004-10-05,2004-10-03,2004-10-05,589 LV,4.1,George W. Bush,Unknown,58%,False,October 3–5
2004,State,Indiana,IN,,General,Indianapolis Star,2004-09-29 to 2004-10-03,2004-09-29,2004-10-03,Not reported,,George W. Bush,Unknown,61%,False,September 29–October 3
2004,State,Indiana,IN,,General,American Research Group,2004-09-16 to 2004-09-20,2004-09-16,2004-09-20,600 LV,4.0,George W. Bush,Unknown,54%,False,September 16–20
2004,State,Indiana,IN,,General,WXIN-TV Indianapolis,2004-09-07 to 2004-09-09,2004-09-07,2004-09-09,692 LV,3.8,George W. Bush,Unknown,60%,False,September 7–9
2004,State,Indiana,IN,,General,Indiana Manufacturing Association,2004-08-15 to 2004-08-18,2004-08-15,2004-08-18,601 LV,4.0,George W. Bush,Unknown,52%,False,August 15–18
2004,State,Indiana,IN,,General,Market Research Informatics,2004-07-08 to 2004-07-12,2004-07-08,2004-07-12,852 RV,3.5,George W. Bush,Unknown,46%,False,July 8–12
2004,State,Indiana,IN,,General,Indiana Manufacturing Association,2004-06-22 to 2004-06-24,2004-06-22,2004-06-24,600 LV,4.0,George W. Bush,Unknown,52%,False,June 22–24
2004,State,Indiana,IN,,General,Indiana Manufacturing Association,2004-03-22 to 2004-03-24,2004-03-22,2004-03-24,600 LV,4.0,George W. Bush,Unknown,52%,False,March 22–24
2004,State,Indiana,IN,,General,WXIN-TV Indianapolis,2004-02-15 to 2004-02-17,2004-02-15,2004-02-17,585 RV,4.2,George W. Bush,Unknown,51%,False,February 15–17
2004,State,Indiana,IN,,General,Indianapolis Star,2004-10-27 to 2004-10-29,2004-10-27,2004-10-29,"1,002 LV",3.1,John Kerry,Unknown,37%,False,October 27–29
2004,State,Indiana,IN,,General,Indianapolis Star,2004-05-13 to 2004-05-19,2004-05-13,2004-05-19,540 LV,,John Kerry,Unknown,33%,False,May 13–19
2004,State,Indiana,IN,,General,Indianapolis Star,2004-10-27 to 2004-10-29,2004-10-27,2004-10-29,"1,002 LV",3.1,George W. Bush,Unknown,57%,False,October 27–29
2004,State,Indiana,IN,,General,Indianapolis Star,2004-05-13 to 2004-05-19,2004-05-13,2004-05-19,540 LV,,George W. Bush,Unknown,54%,False,May 13–19
2004,State,Indiana,IN,,General,Indianapolis Star,2004-05-13 to 2004-05-19,2004-05-13,2004-05-19,540 LV,,Ralph Nader,Unknown,6%,False,May 13–19
2004,State,Indiana,IN,,General,Indianapolis Star,2004-10-27 to 2004-10-29,2004-10-27,2004-10-29,"1,002 LV",3.1,Michael Badnarik,Unknown,1%,False,October 27–29
2004,State,Iowa,IA,,General,WHO-TV Des Moines,2004-10-31 to 2004-11-01,2004-10-31,2004-11-01,519 LV,4.4,John Kerry,Unknown,50%,False,October 31–November 1
2004,State,Iowa,IA,,General,Zogby Interactive,2004-10-29 to 2004-11-01,2004-10-29,2004-11-01,602 LV,4.1,John Kerry,Unknown,50%,False,October 29–November 1
2004,State,Iowa,IA,,General,WHO-TV Des Moines,2004-10-28 to 2004-10-30,2004-10-28,2004-10-30,661 LV,3.9,John Kerry,Unknown,49%,False,October 28–30
2004,State,Iowa,IA,,General,Rasmussen Reports,2004-10-24 to 2004-10-30,2004-10-24,2004-10-30,Not reported,5.0,John Kerry,Unknown,48%,False,October 24–30
2004,State,Iowa,IA,,General,MSNBC,2004-10-27 to 2004-10-29,2004-10-27,2004-10-29,625 LV,4.0,John Kerry,Unknown,44%,False,October 27–29
2004,State,Iowa,IA,,General,Zogby Interactive,2004-10-25 to 2004-10-28,2004-10-25,2004-10-28,601 LV,4.1,John Kerry,Unknown,45%,False,October 25–28
2004,State,Iowa,IA,,General,American Research Group,2004-10-25 to 2004-10-27,2004-10-25,2004-10-27,600 LV,4.0,John Kerry,Unknown,47%,False,October 25–27
2004,State,Iowa,IA,,General,Zogby Interactive,2004-10-21 to 2004-10-24,2004-10-21,2004-10-24,603 LV,4.1,John Kerry,Unknown,45%,False,October 21–24
2004,State,Iowa,IA,,General,Rasmussen Reports,2004-10-09 to 2004-10-22,2004-10-09,2004-10-22,400 LV,5.0,John Kerry,Unknown,46%,False,October 9–22
2004,State,Iowa,IA,,General,WHO-TV Des Moines,2004-10-18 to 2004-10-20,2004-10-18,2004-10-20,690 LV,3.8,John Kerry,Unknown,45%,False,October 18–20
2004,State,Iowa,IA,,General,American Research Group,2004-10-10 to 2004-10-12,2004-10-10,2004-10-12,600 LV,4.0,John Kerry,Unknown,47%,False,October 10–12
2004,State,Iowa,IA,,General,Rasmussen Reports,2004-09-27 to 2004-10-10,2004-09-27,2004-10-10,400 LV,5.0,John Kerry,Unknown,50%,False,September 27–October 10
2004,State,Iowa,IA,,General,WHO-TV Des Moines,2004-10-04 to 2004-10-06,2004-10-04,2004-10-06,669 LV,3.9,John Kerry,Unknown,48%,False,October 4–6
2004,State,Iowa,IA,,General,Humphrey Institute,2004-09-27 to 2004-10-03,2004-09-27,2004-10-03,599 LV,4.0,John Kerry,Unknown,48%,False,September 27–October 3
2004,State,Iowa,IA,,General,Rasmussen Reports,2004-09-24 to 2004-09-30,2004-09-24,2004-09-30,Not reported,5.0,John Kerry,Unknown,45%,False,September 24–30
2004,State,Iowa,IA,,General,Rasmussen Reports,2004-09-10 to 2004-09-23,2004-09-10,2004-09-23,400 LV,5.0,John Kerry,Unknown,45%,False,September 10–23
2004,State,Iowa,IA,,General,WHO-TV Des Moines,2004-09-20 to 2004-09-22,2004-09-20,2004-09-22,784 LV,3.6,John Kerry,Unknown,46%,False,September 20–22
2004,State,Iowa,IA,,General,CNN,2004-08-23 to 2004-08-26,2004-08-23,2004-08-26,606 LV,5.0,John Kerry,Unknown,51%,False,August 23–26
2004,State,Iowa,IA,,General,Rasmussen Reports,2004-08-01 to 2004-08-26,2004-08-01,2004-08-26,Not reported,5.0,John Kerry,Unknown,48%,False,August 1–26
2004,State,Iowa,IA,,General,Rasmussen Reports,2004-07-01 to 2004-07-31,2004-07-01,2004-07-31,Not reported,5.0,John Kerry,Unknown,48%,False,July 1–31
2004,State,Iowa,IA,,General,American Research Group,2004-07-26 to 2004-07-28,2004-07-26,2004-07-28,600 LV,4.0,John Kerry,Unknown,47%,False,July 26–28
2004,State,Iowa,IA,,General,Humphrey Institute,2004-06-21 to 2004-07-12,2004-06-21,2004-07-12,614 RV,4.0,John Kerry,Unknown,50.4%,False,June 21–July 12
2004,State,Iowa,IA,,General,Rasmussen Reports,2004-06-01 to 2004-06-30,2004-06-01,2004-06-30,Not reported,5.0,John Kerry,Unknown,48%,False,June 1–30
2004,State,Iowa,IA,,General,Republican National Committee,2004-06-01 to 2004-06-06,2004-06-01,2004-06-06,800 LV,3.46,John Kerry,Unknown,48.8%,False,June 1–6
2004,State,Iowa,IA,,General,Rasmussen Reports,2004-05-01 to 2004-05-31,2004-05-01,2004-05-31,Not reported,5.0,John Kerry,Unknown,49%,False,May 1–31
2004,State,Iowa,IA,,General,WHO-TV Des Moines,2004-05-24 to 2004-05-26,2004-05-24,2004-05-26,794 LV,3.6,John Kerry,Unknown,48%,False,May 24–26
2004,State,Iowa,IA,,General,American Research Group,2004-04-18 to 2004-04-21,2004-04-18,2004-04-21,600 LV,4.0,John Kerry,Unknown,48%,False,April 18–21
2004,State,Iowa,IA,,General,Rasmussen Reports,2004-03-23,2004-03-23,2004-03-23,500 LV,4.5,John Kerry,Unknown,51%,False,March 23
2004,State,Iowa,IA,,General,Des Moines Register,2004-02-07 to 2004-02-11,2004-02-07,2004-02-11,800 LV,3.5,John Kerry,Unknown,49%,False,February 7–11
2004,State,Iowa,IA,,General,WHO-TV Des Moines,2004-10-31 to 2004-11-01,2004-10-31,2004-11-01,519 LV,4.4,George W. Bush,Unknown,47%,False,October 31–November 1
2004,State,Iowa,IA,,General,Zogby Interactive,2004-10-29 to 2004-11-01,2004-10-29,2004-11-01,602 LV,4.1,George W. Bush,Unknown,45%,False,October 29–November 1
2004,State,Iowa,IA,,General,WHO-TV Des Moines,2004-10-28 to 2004-10-30,2004-10-28,2004-10-30,661 LV,3.9,George W. Bush,Unknown,49%,False,October 28–30
2004,State,Iowa,IA,,General,Rasmussen Reports,2004-10-24 to 2004-10-30,2004-10-24,2004-10-30,Not reported,5.0,George W. Bush,Unknown,48%,False,October 24–30
2004,State,Iowa,IA,,General,MSNBC,2004-10-27 to 2004-10-29,2004-10-27,2004-10-29,625 LV,4.0,George W. Bush,Unknown,49%,False,October 27–29
2004,State,Iowa,IA,,General,Zogby Interactive,2004-10-25 to 2004-10-28,2004-10-25,2004-10-28,601 LV,4.1,George W. Bush,Unknown,44%,False,October 25–28
2004,State,Iowa,IA,,General,American Research Group,2004-10-25 to 2004-10-27,2004-10-25,2004-10-27,600 LV,4.0,George W. Bush,Unknown,48%,False,October 25–27
2004,State,Iowa,IA,,General,Zogby Interactive,2004-10-21 to 2004-10-24,2004-10-21,2004-10-24,603 LV,4.1,George W. Bush,Unknown,47%,False,October 21–24
2004,State,Iowa,IA,,General,Rasmussen Reports,2004-10-09 to 2004-10-22,2004-10-09,2004-10-22,400 LV,5.0,George W. Bush,Unknown,48%,False,October 9–22
2004,State,Iowa,IA,,General,WHO-TV Des Moines,2004-10-18 to 2004-10-20,2004-10-18,2004-10-20,690 LV,3.8,George W. Bush,Unknown,51%,False,October 18–20
2004,State,Iowa,IA,,General,American Research Group,2004-10-10 to 2004-10-12,2004-10-10,2004-10-12,600 LV,4.0,George W. Bush,Unknown,47%,False,October 10–12
2004,State,Iowa,IA,,General,Rasmussen Reports,2004-09-27 to 2004-10-10,2004-09-27,2004-10-10,400 LV,5.0,George W. Bush,Unknown,46%,False,September 27–October 10
2004,State,Iowa,IA,,General,WHO-TV Des Moines,2004-10-04 to 2004-10-06,2004-10-04,2004-10-06,669 LV,3.9,George W. Bush,Unknown,47%,False,October 4–6
2004,State,Iowa,IA,,General,Humphrey Institute,2004-09-27 to 2004-10-03,2004-09-27,2004-10-03,599 LV,4.0,George W. Bush,Unknown,47%,False,September 27–October 3
2004,State,Iowa,IA,,General,Rasmussen Reports,2004-09-24 to 2004-09-30,2004-09-24,2004-09-30,Not reported,5.0,George W. Bush,Unknown,48%,False,September 24–30
2004,State,Iowa,IA,,General,Rasmussen Reports,2004-09-10 to 2004-09-23,2004-09-10,2004-09-23,400 LV,5.0,George W. Bush,Unknown,48%,False,September 10–23
2004,State,Iowa,IA,,General,WHO-TV Des Moines,2004-09-20 to 2004-09-22,2004-09-20,2004-09-22,784 LV,3.6,George W. Bush,Unknown,50%,False,September 20–22
2004,State,Iowa,IA,,General,CNN,2004-08-23 to 2004-08-26,2004-08-23,2004-08-26,606 LV,5.0,George W. Bush,Unknown,46%,False,August 23–26
2004,State,Iowa,IA,,General,Rasmussen Reports,2004-08-01 to 2004-08-26,2004-08-01,2004-08-26,Not reported,5.0,George W. Bush,Unknown,46%,False,August 1–26
2004,State,Iowa,IA,,General,Rasmussen Reports,2004-07-01 to 2004-07-31,2004-07-01,2004-07-31,Not reported,5.0,George W. Bush,Unknown,45%,False,July 1–31
2004,State,Iowa,IA,,General,American Research Group,2004-07-26 to 2004-07-28,2004-07-26,2004-07-28,600 LV,4.0,George W. Bush,Unknown,47%,False,July 26–28
2004,State,Iowa,IA,,General,Humphrey Institute,2004-06-21 to 2004-07-12,2004-06-21,2004-07-12,614 RV,4.0,George W. Bush,Unknown,45.7%,False,June 21–July 12
2004,State,Iowa,IA,,General,Rasmussen Reports,2004-06-01 to 2004-06-30,2004-06-01,2004-06-30,Not reported,5.0,George W. Bush,Unknown,44%,False,June 1–30
2004,State,Iowa,IA,,General,Republican National Committee,2004-06-01 to 2004-06-06,2004-06-01,2004-06-06,800 LV,3.46,George W. Bush,Unknown,41.9%,False,June 1–6
2004,State,Iowa,IA,,General,Rasmussen Reports,2004-05-01 to 2004-05-31,2004-05-01,2004-05-31,Not reported,5.0,George W. Bush,Unknown,41%,False,May 1–31
2004,State,Iowa,IA,,General,WHO-TV Des Moines,2004-05-24 to 2004-05-26,2004-05-24,2004-05-26,794 LV,3.6,George W. Bush,Unknown,45%,False,May 24–26
2004,State,Iowa,IA,,General,American Research Group,2004-04-18 to 2004-04-21,2004-04-18,2004-04-21,600 LV,4.0,George W. Bush,Unknown,47%,False,April 18–21
2004,State,Iowa,IA,,General,Rasmussen Reports,2004-03-23,2004-03-23,2004-03-23,500 LV,4.5,George W. Bush,Unknown,41%,False,March 23
2004,State,Iowa,IA,,General,Des Moines Register,2004-02-07 to 2004-02-11,2004-02-07,2004-02-11,800 LV,3.5,George W. Bush,Unknown,42%,False,February 7–11
2004,State,Iowa,IA,,General,Fox News,2004-10-30 to 2004-10-31,2004-10-30,2004-10-31,700 LV,3.7,John Kerry,Unknown,44%,False,October 30–31
2004,State,Iowa,IA,,General,CNN,2004-10-27 to 2004-10-30,2004-10-27,2004-10-30,"1,119 LV",3.0,John Kerry,Unknown,46%,False,October 27–30
2004,State,Iowa,IA,,General,Des Moines Register,2004-10-25 to 2004-10-29,2004-10-25,2004-10-29,806 LV,3.5,John Kerry,Unknown,48%,False,October 25–29
2004,State,Iowa,IA,,General,CNN,2004-10-22 to 2004-10-25,2004-10-22,2004-10-25,649 LV,4.0,John Kerry,Unknown,46%,False,October 22–25
2004,State,Iowa,IA,,General,Capital Surveys Inc.,2004-10-14 to 2004-10-19,2004-10-14,2004-10-19,502 LV,4.0,John Kerry,Unknown,46%,False,October 14–19
2004,State,Iowa,IA,,General,MSNBC,2004-10-15 to 2004-10-18,2004-10-15,2004-10-18,625 LV,4.0,John Kerry,Unknown,43%,False,October 15–18
2004,State,Iowa,IA,,General,Wall Street Journal,2004-10-13 to 2004-10-18,2004-10-13,2004-10-18,571 LV,4.1,John Kerry,Unknown,51.1%,False,October 13–18
2004,State,Iowa,IA,,General,Chicago Tribune,2004-10-08 to 2004-10-11,2004-10-08,2004-10-11,500 LV,4.4,John Kerry,Unknown,45%,False,October 8–11
2004,State,Iowa,IA,,General,Wall Street Journal,2004-09-30 to 2004-10-05,2004-09-30,2004-10-05,586 LV,4.1,John Kerry,Unknown,51.1%,False,September 30–October 5
2004,State,Iowa,IA,,General,America Coming Together,2004-10-03 to 2004-10-04,2004-10-03,2004-10-04,717 RV,3.7,John Kerry,Unknown,43%,False,October 3–4
2004,State,Iowa,IA,,General,Humphrey Institute,2004-09-27 to 2004-10-03,2004-09-27,2004-10-03,599 LV,4.0,John Kerry,Unknown,47%,False,September 27–October 3
2004,State,Iowa,IA,,General,Fox News,2004-09-21 to 2004-09-22,2004-09-21,2004-09-22,800 LV,3.5,John Kerry,Unknown,45%,False,September 21–22
2004,State,Iowa,IA,,General,CNN,2004-09-16 to 2004-09-19,2004-09-16,2004-09-19,631 LV,5.0,John Kerry,Unknown,44%,False,September 16–19
2004,State,Iowa,IA,,General,Wall Street Journal,2004-09-13 to 2004-09-17,2004-09-13,2004-09-17,566 LV,4.1,John Kerry,Unknown,50.3%,False,September 13–17
2004,State,Iowa,IA,,General,MSNBC,2004-09-14 to 2004-09-16,2004-09-14,2004-09-16,626 LV,4.0,John Kerry,Unknown,42%,False,September 14–16
2004,State,Iowa,IA,,General,American Research Group,2004-09-12 to 2004-09-14,2004-09-12,2004-09-14,600 LV,4.0,John Kerry,Unknown,46%,False,September 12–14
2004,State,Iowa,IA,,General,Wall Street Journal,2004-08-30 to 2004-09-03,2004-08-30,2004-09-03,565 LV,4.1,John Kerry,Unknown,50.6%,False,August 30–September 3
2004,State,Iowa,IA,,General,Wall Street Journal,2004-08-16 to 2004-08-21,2004-08-16,2004-08-21,508 LV,4.4,John Kerry,Unknown,52.2%,False,August 16–21
2004,State,Iowa,IA,,General,Wall Street Journal,2004-07-26 to 2004-07-30,2004-07-26,2004-07-30,497 LV,4.4,John Kerry,Unknown,50%,False,July 26–30
2004,State,Iowa,IA,,General,American Research Group,2004-07-26 to 2004-07-28,2004-07-26,2004-07-28,600 LV,4.0,John Kerry,Unknown,46%,False,July 26–28
2004,State,Iowa,IA,,General,Wall Street Journal,2004-07-19 to 2004-07-23,2004-07-19,2004-07-23,490 LV,4.4,John Kerry,Unknown,49.3%,False,July 19–23
2004,State,Iowa,IA,,General,Des Moines Register,2004-07-17 to 2004-07-21,2004-07-17,2004-07-21,641 LV,3.9,John Kerry,Unknown,45%,False,July 17–21
2004,State,Iowa,IA,,General,Wall Street Journal,2004-07-06 to 2004-07-10,2004-07-06,2004-07-10,479 LV,4.0,John Kerry,Unknown,48.2%,False,July 6–10
2004,State,Iowa,IA,,General,Wall Street Journal,2004-06-15 to 2004-06-20,2004-06-15,2004-06-20,485 LV,4.5,John Kerry,Unknown,48.9%,False,June 15–20
2004,State,Iowa,IA,,General,Wall Street Journal,2004-06-01 to 2004-06-06,2004-06-01,2004-06-06,702 LV,3.7,John Kerry,Unknown,48.9%,False,June 1–6
2004,State,Iowa,IA,,General,Wall Street Journal,2004-05-18 to 2004-05-23,2004-05-18,2004-05-23,588 LV,4.0,John Kerry,Unknown,44.9%,False,May 18–23
2004,State,Iowa,IA,,General,American Research Group,2004-04-18 to 2004-04-21,2004-04-18,2004-04-21,600 LV,4.0,John Kerry,Unknown,47%,False,April 18–21
2004,State,Iowa,IA,,General,Fox News,2004-10-30 to 2004-10-31,2004-10-30,2004-10-31,700 LV,3.7,George W. Bush,Unknown,48%,False,October 30–31
2004,State,Iowa,IA,,General,CNN,2004-10-27 to 2004-10-30,2004-10-27,2004-10-30,"1,119 LV",3.0,George W. Bush,Unknown,48%,False,October 27–30
2004,State,Iowa,IA,,General,Des Moines Register,2004-10-25 to 2004-10-29,2004-10-25,2004-10-29,806 LV,3.5,George W. Bush,Unknown,45%,False,October 25–29
2004,State,Iowa,IA,,General,CNN,2004-10-22 to 2004-10-25,2004-10-22,2004-10-25,649 LV,4.0,George W. Bush,Unknown,50%,False,October 22–25
2004,State,Iowa,IA,,General,Capital Surveys Inc.,2004-10-14 to 2004-10-19,2004-10-14,2004-10-19,502 LV,4.0,George W. Bush,Unknown,45%,False,October 14–19
2004,State,Iowa,IA,,General,MSNBC,2004-10-15 to 2004-10-18,2004-10-15,2004-10-18,625 LV,4.0,George W. Bush,Unknown,49%,False,October 15–18
2004,State,Iowa,IA,,General,Wall Street Journal,2004-10-13 to 2004-10-18,2004-10-13,2004-10-18,571 LV,4.1,George W. Bush,Unknown,47.9%,False,October 13–18
2004,State,Iowa,IA,,General,Chicago Tribune,2004-10-08 to 2004-10-11,2004-10-08,2004-10-11,500 LV,4.4,George W. Bush,Unknown,47%,False,October 8–11
2004,State,Iowa,IA,,General,Wall Street Journal,2004-09-30 to 2004-10-05,2004-09-30,2004-10-05,586 LV,4.1,George W. Bush,Unknown,44.5%,False,September 30–October 5
2004,State,Iowa,IA,,General,America Coming Together,2004-10-03 to 2004-10-04,2004-10-03,2004-10-04,717 RV,3.7,George W. Bush,Unknown,46%,False,October 3–4
2004,State,Iowa,IA,,General,Humphrey Institute,2004-09-27 to 2004-10-03,2004-09-27,2004-10-03,599 LV,4.0,George W. Bush,Unknown,46%,False,September 27–October 3
2004,State,Iowa,IA,,General,Fox News,2004-09-21 to 2004-09-22,2004-09-21,2004-09-22,800 LV,3.5,George W. Bush,Unknown,48%,False,September 21–22
2004,State,Iowa,IA,,General,CNN,2004-09-16 to 2004-09-19,2004-09-16,2004-09-19,631 LV,5.0,George W. Bush,Unknown,50%,False,September 16–19
2004,State,Iowa,IA,,General,Wall Street Journal,2004-09-13 to 2004-09-17,2004-09-13,2004-09-17,566 LV,4.1,George W. Bush,Unknown,47.3%,False,September 13–17
2004,State,Iowa,IA,,General,MSNBC,2004-09-14 to 2004-09-16,2004-09-14,2004-09-16,626 LV,4.0,George W. Bush,Unknown,48%,False,September 14–16
2004,State,Iowa,IA,,General,American Research Group,2004-09-12 to 2004-09-14,2004-09-12,2004-09-14,600 LV,4.0,George W. Bush,Unknown,48%,False,September 12–14
2004,State,Iowa,IA,,General,Wall Street Journal,2004-08-30 to 2004-09-03,2004-08-30,2004-09-03,565 LV,4.1,George W. Bush,Unknown,46.9%,False,August 30–September 3
2004,State,Iowa,IA,,General,CNN,2004-08-23 to 2004-08-26,2004-08-23,2004-08-26,606 LV,5.0,George W. Bush,Unknown,45%,False,August 23–26
2004,State,Iowa,IA,,General,Wall Street Journal,2004-08-16 to 2004-08-21,2004-08-16,2004-08-21,508 LV,4.4,George W. Bush,Unknown,45.2%,False,August 16–21
2004,State,Iowa,IA,,General,Wall Street Journal,2004-07-26 to 2004-07-30,2004-07-26,2004-07-30,497 LV,4.4,George W. Bush,Unknown,46.1%,False,July 26–30
2004,State,Iowa,IA,,General,American Research Group,2004-07-26 to 2004-07-28,2004-07-26,2004-07-28,600 LV,4.0,George W. Bush,Unknown,46%,False,July 26–28
2004,State,Iowa,IA,,General,Wall Street Journal,2004-07-19 to 2004-07-23,2004-07-19,2004-07-23,490 LV,4.4,George W. Bush,Unknown,47.5%,False,July 19–23
2004,State,Iowa,IA,,General,Des Moines Register,2004-07-17 to 2004-07-21,2004-07-17,2004-07-21,641 LV,3.9,George W. Bush,Unknown,46%,False,July 17–21
2004,State,Iowa,IA,,General,Wall Street Journal,2004-07-06 to 2004-07-10,2004-07-06,2004-07-10,479 LV,4.0,George W. Bush,Unknown,46.7%,False,July 6–10
2004,State,Iowa,IA,,General,Wall Street Journal,2004-06-15 to 2004-06-20,2004-06-15,2004-06-20,485 LV,4.5,George W. Bush,Unknown,46.8%,False,June 15–20
2004,State,Iowa,IA,,General,Wall Street Journal,2004-06-01 to 2004-06-06,2004-06-01,2004-06-06,702 LV,3.7,George W. Bush,Unknown,47.6%,False,June 1–6
2004,State,Iowa,IA,,General,Wall Street Journal,2004-05-18 to 2004-05-23,2004-05-18,2004-05-23,588 LV,4.0,George W. Bush,Unknown,50.1%,False,May 18–23
2004,State,Iowa,IA,,General,American Research Group,2004-04-18 to 2004-04-21,2004-04-18,2004-04-21,600 LV,4.0,George W. Bush,Unknown,46%,False,April 18–21
2004,State,Iowa,IA,,General,Fox News,2004-10-30 to 2004-10-31,2004-10-30,2004-10-31,700 LV,3.7,Ralph Nader,Unknown,1%,False,October 30–31
2004,State,Iowa,IA,,General,CNN,2004-10-27 to 2004-10-30,2004-10-27,2004-10-30,"1,119 LV",3.0,Ralph Nader,Unknown,2%,False,October 27–30
2004,State,Iowa,IA,,General,Des Moines Register,2004-10-25 to 2004-10-29,2004-10-25,2004-10-29,806 LV,3.5,Ralph Nader,Unknown,1%,False,October 25–29
2004,State,Iowa,IA,,General,American Research Group,2004-10-25 to 2004-10-27,2004-10-25,2004-10-27,600 LV,4.0,Ralph Nader,Unknown,1%,False,October 25–27
2004,State,Iowa,IA,,General,CNN,2004-10-22 to 2004-10-25,2004-10-22,2004-10-25,649 LV,4.0,Ralph Nader,Unknown,1%,False,October 22–25
2004,State,Iowa,IA,,General,Capital Surveys Inc.,2004-10-14 to 2004-10-19,2004-10-14,2004-10-19,502 LV,4.0,Ralph Nader,Unknown,1%,False,October 14–19
2004,State,Iowa,IA,,General,MSNBC,2004-10-15 to 2004-10-18,2004-10-15,2004-10-18,625 LV,4.0,Ralph Nader,Unknown,1%,False,October 15–18
2004,State,Iowa,IA,,General,Wall Street Journal,2004-10-13 to 2004-10-18,2004-10-13,2004-10-18,571 LV,4.1,Ralph Nader,Unknown,0.4%,False,October 13–18
2004,State,Iowa,IA,,General,American Research Group,2004-10-10 to 2004-10-12,2004-10-10,2004-10-12,600 LV,4.0,Ralph Nader,Unknown,1%,False,October 10–12
2004,State,Iowa,IA,,General,Chicago Tribune,2004-10-08 to 2004-10-11,2004-10-08,2004-10-11,500 LV,4.4,Ralph Nader,Unknown,1%,False,October 8–11
2004,State,Iowa,IA,,General,Wall Street Journal,2004-09-30 to 2004-10-05,2004-09-30,2004-10-05,586 LV,4.1,Ralph Nader,Unknown,0.2%,False,September 30–October 5
2004,State,Iowa,IA,,General,America Coming Together,2004-10-03 to 2004-10-04,2004-10-03,2004-10-04,717 RV,3.7,Ralph Nader,Unknown,3%,False,October 3–4
2004,State,Iowa,IA,,General,Humphrey Institute,2004-09-27 to 2004-10-03,2004-09-27,2004-10-03,599 LV,4.0,Ralph Nader,Unknown,4%,False,September 27–October 3
2004,State,Iowa,IA,,General,Fox News,2004-09-21 to 2004-09-22,2004-09-21,2004-09-22,800 LV,3.5,Ralph Nader,Unknown,1%,False,September 21–22
2004,State,Iowa,IA,,General,CNN,2004-09-16 to 2004-09-19,2004-09-16,2004-09-19,631 LV,5.0,Ralph Nader,Unknown,2%,False,September 16–19
2004,State,Iowa,IA,,General,Wall Street Journal,2004-09-13 to 2004-09-17,2004-09-13,2004-09-17,566 LV,4.1,Ralph Nader,Unknown,0.7%,False,September 13–17
2004,State,Iowa,IA,,General,MSNBC,2004-09-14 to 2004-09-16,2004-09-14,2004-09-16,626 LV,4.0,Ralph Nader,Unknown,2%,False,September 14–16
2004,State,Iowa,IA,,General,American Research Group,2004-09-12 to 2004-09-14,2004-09-12,2004-09-14,600 LV,4.0,Ralph Nader,Unknown,1%,False,September 12–14
2004,State,Iowa,IA,,General,Wall Street Journal,2004-08-30 to 2004-09-03,2004-08-30,2004-09-03,565 LV,4.1,Ralph Nader,Unknown,0.8%,False,August 30–September 3
2004,State,Iowa,IA,,General,CNN,2004-08-23 to 2004-08-26,2004-08-23,2004-08-26,606 LV,5.0,Ralph Nader,Unknown,2%,False,August 23–26
2004,State,Iowa,IA,,General,Wall Street Journal,2004-08-16 to 2004-08-21,2004-08-16,2004-08-21,508 LV,4.4,Ralph Nader,Unknown,0.6%,False,August 16–21
2004,State,Iowa,IA,,General,Wall Street Journal,2004-07-26 to 2004-07-30,2004-07-26,2004-07-30,497 LV,4.4,Ralph Nader,Unknown,0.6%,False,July 26–30
2004,State,Iowa,IA,,General,American Research Group,2004-07-26 to 2004-07-28,2004-07-26,2004-07-28,600 LV,4.0,Ralph Nader,Unknown,2%,False,July 26–28
2004,State,Iowa,IA,,General,Wall Street Journal,2004-07-19 to 2004-07-23,2004-07-19,2004-07-23,490 LV,4.4,Ralph Nader,Unknown,0.6%,False,July 19–23
2004,State,Iowa,IA,,General,Des Moines Register,2004-07-17 to 2004-07-21,2004-07-17,2004-07-21,641 LV,3.9,Ralph Nader,Unknown,2%,False,July 17–21
2004,State,Iowa,IA,,General,Wall Street Journal,2004-07-06 to 2004-07-10,2004-07-06,2004-07-10,479 LV,4.0,Ralph Nader,Unknown,1.9%,False,July 6–10
2004,State,Iowa,IA,,General,Wall Street Journal,2004-06-15 to 2004-06-20,2004-06-15,2004-06-20,485 LV,4.5,Ralph Nader,Unknown,1.9%,False,June 15–20
2004,State,Iowa,IA,,General,Wall Street Journal,2004-06-01 to 2004-06-06,2004-06-01,2004-06-06,702 LV,3.7,Ralph Nader,Unknown,1.2%,False,June 1–6
2004,State,Iowa,IA,,General,Wall Street Journal,2004-05-18 to 2004-05-23,2004-05-18,2004-05-23,588 LV,4.0,Ralph Nader,Unknown,0.8%,False,May 18–23
2004,State,Iowa,IA,,General,American Research Group,2004-04-18 to 2004-04-21,2004-04-18,2004-04-21,600 LV,4.0,Ralph Nader,Unknown,3%,False,April 18–21
2004,State,Iowa,IA,,General,Humphrey Institute,2004-06-21 to 2004-07-12,2004-06-21,2004-07-12,614 RV,4.0,John Kerry,Unknown,47.7%,False,June 21–July 12
2004,State,Iowa,IA,,General,Humphrey Institute,2004-06-21 to 2004-07-12,2004-06-21,2004-07-12,614 RV,4.0,George W. Bush,Unknown,44.4%,False,June 21–July 12
2004,State,Iowa,IA,,General,Humphrey Institute,2004-06-21 to 2004-07-12,2004-06-21,2004-07-12,614 RV,4.0,Ralph Nader,Unknown,2.7%,False,June 21–July 12
2004,State,Iowa,IA,,General,Humphrey Institute,2004-06-21 to 2004-07-12,2004-06-21,2004-07-12,614 RV,4.0,Michael Badnarik,Unknown,1.1%,False,June 21–July 12
2004,State,Kansas,KS,,General,KWCH-TV Wichita,2004-10-25 to 2004-10-27,2004-10-25,2004-10-27,651 LV,3.8,John Kerry,Unknown,37%,False,October 25–27
2004,State,Kansas,KS,,General,KWCH-TV Wichita,2004-10-09 to 2004-10-11,2004-10-09,2004-10-11,595 LV,4.1,John Kerry,Unknown,38%,False,October 9–11
2004,State,Kansas,KS,,General,KWCH-TV Wichita,2004-09-07 to 2004-09-09,2004-09-07,2004-09-09,604 LV,4.0,John Kerry,Unknown,35%,False,September 7–9
2004,State,Kansas,KS,,General,KWCH-TV Wichita,2004-06-28 to 2004-06-30,2004-06-28,2004-06-30,598 LV,4.1,John Kerry,Unknown,36%,False,June 28–30
2004,State,Kansas,KS,,General,KWCH-TV Wichita,2004-03-03 to 2004-03-04,2004-03-03,2004-03-04,501 RV,4.5,John Kerry,Unknown,39%,False,March 3–4
2004,State,Kansas,KS,,General,KWCH-TV Wichita,2004-02-09 to 2004-02-10,2004-02-09,2004-02-10,549 RV,4.3,John Kerry,Unknown,44%,False,February 9–10
2004,State,Kansas,KS,,General,KWCH-TV Wichita,2004-10-25 to 2004-10-27,2004-10-25,2004-10-27,651 LV,3.8,George W. Bush,Unknown,60%,False,October 25–27
2004,State,Kansas,KS,,General,KWCH-TV Wichita,2004-10-09 to 2004-10-11,2004-10-09,2004-10-11,595 LV,4.1,George W. Bush,Unknown,57%,False,October 9–11
2004,State,Kansas,KS,,General,KWCH-TV Wichita,2004-09-07 to 2004-09-09,2004-09-07,2004-09-09,604 LV,4.0,George W. Bush,Unknown,60%,False,September 7–9
2004,State,Kansas,KS,,General,KWCH-TV Wichita,2004-06-28 to 2004-06-30,2004-06-28,2004-06-30,598 LV,4.1,George W. Bush,Unknown,56%,False,June 28–30
2004,State,Kansas,KS,,General,KWCH-TV Wichita,2004-03-03 to 2004-03-04,2004-03-03,2004-03-04,501 RV,4.5,George W. Bush,Unknown,57%,False,March 3–4
2004,State,Kansas,KS,,General,KWCH-TV Wichita,2004-02-09 to 2004-02-10,2004-02-09,2004-02-10,549 RV,4.3,George W. Bush,Unknown,52%,False,February 9–10
2004,State,Kansas,KS,,General,Kansas City Star,2004-10-22 to 2004-10-26,2004-10-22,2004-10-26,573 LV,4.1,John Kerry,Unknown,30%,False,October 22–26
2004,State,Kansas,KS,,General,American Research Group,2004-09-15 to 2004-09-18,2004-09-15,2004-09-18,600 LV,4.0,John Kerry,Unknown,35%,False,September 15–18
2004,State,Kansas,KS,,General,Kansas City Star,2004-10-22 to 2004-10-26,2004-10-22,2004-10-26,573 LV,4.1,George W. Bush,Unknown,59%,False,October 22–26
2004,State,Kansas,KS,,General,American Research Group,2004-09-15 to 2004-09-18,2004-09-15,2004-09-18,600 LV,4.0,George W. Bush,Unknown,57%,False,September 15–18
2004,State,Kansas,KS,,General,Kansas City Star,2004-10-22 to 2004-10-26,2004-10-22,2004-10-26,573 LV,4.1,Ralph Nader,Unknown,1%,False,October 22–26
2004,State,Kansas,KS,,General,American Research Group,2004-09-15 to 2004-09-18,2004-09-15,2004-09-18,600 LV,4.0,Ralph Nader,Unknown,2%,False,September 15–18
2004,State,Kentucky,KY,,General,WHAS-TV Louisville,2004-10-28 to 2004-10-30,2004-10-28,2004-10-30,636 LV,4.0,John Kerry,Unknown,38%,False,October 28–30
2004,State,Kentucky,KY,,General,WHAS-TV Louisville,2004-10-17 to 2004-10-19,2004-10-17,2004-10-19,629 LV,4.0,John Kerry,Unknown,37%,False,October 17–19
2004,State,Kentucky,KY,,General,WHAS-TV Louisville,2004-10-04 to 2004-10-06,2004-10-04,2004-10-06,622 LV,4.0,John Kerry,Unknown,38%,False,October 4–6
2004,State,Kentucky,KY,,General,WHAS-TV Louisville,2004-09-07 to 2004-09-09,2004-09-07,2004-09-09,665 LV,3.9,John Kerry,Unknown,39%,False,September 7–9
2004,State,Kentucky,KY,,General,WHAS-TV Louisville,2004-08-13 to 2004-08-15,2004-08-13,2004-08-15,697 LV,3.8,John Kerry,Unknown,39%,False,August 13–15
2004,State,Kentucky,KY,,General,WHAS-TV Louisville,2004-07-24 to 2004-07-26,2004-07-24,2004-07-26,690 LV,3.8,John Kerry,Unknown,42%,False,July 24–26
2004,State,Kentucky,KY,,General,WHAS-TV Louisville,2004-06-07 to 2004-06-08,2004-06-07,2004-06-08,669 LV,3.9,John Kerry,Unknown,39%,False,June 7–8
2004,State,Kentucky,KY,,General,Louisville Courier-Journal (Bluegrass Poll),2004-05-05 to 2004-05-11,2004-05-05,2004-05-11,665 LV,3.8,John Kerry,Unknown,40%,False,May 5–11
2004,State,Kentucky,KY,,General,WHAS-TV Louisville,2004-02-14 to 2004-02-16,2004-02-14,2004-02-16,681 RV,3.8,John Kerry,Unknown,41%,False,February 14–16
2004,State,Kentucky,KY,,General,Louisville Courier-Journal (Bluegrass Poll),2004-01-30 to 2004-02-04,2004-01-30,2004-02-04,600 LV,4.0,John Kerry,Unknown,38%,False,January 30–February 4
2004,State,Kentucky,KY,,General,WHAS-TV Louisville,2004-10-28 to 2004-10-30,2004-10-28,2004-10-30,636 LV,4.0,George W. Bush,Unknown,59%,False,October 28–30
2004,State,Kentucky,KY,,General,WHAS-TV Louisville,2004-10-17 to 2004-10-19,2004-10-17,2004-10-19,629 LV,4.0,George W. Bush,Unknown,59%,False,October 17–19
2004,State,Kentucky,KY,,General,WHAS-TV Louisville,2004-10-04 to 2004-10-06,2004-10-04,2004-10-06,622 LV,4.0,George W. Bush,Unknown,57%,False,October 4–6
2004,State,Kentucky,KY,,General,WHAS-TV Louisville,2004-09-07 to 2004-09-09,2004-09-07,2004-09-09,665 LV,3.9,George W. Bush,Unknown,56%,False,September 7–9
2004,State,Kentucky,KY,,General,WHAS-TV Louisville,2004-08-13 to 2004-08-15,2004-08-13,2004-08-15,697 LV,3.8,George W. Bush,Unknown,56%,False,August 13–15
2004,State,Kentucky,KY,,General,WHAS-TV Louisville,2004-07-24 to 2004-07-26,2004-07-24,2004-07-26,690 LV,3.8,George W. Bush,Unknown,52%,False,July 24–26
2004,State,Kentucky,KY,,General,WHAS-TV Louisville,2004-06-07 to 2004-06-08,2004-06-07,2004-06-08,669 LV,3.9,George W. Bush,Unknown,52%,False,June 7–8
2004,State,Kentucky,KY,,General,Louisville Courier-Journal (Bluegrass Poll),2004-05-05 to 2004-05-11,2004-05-05,2004-05-11,665 LV,3.8,George W. Bush,Unknown,52%,False,May 5–11
2004,State,Kentucky,KY,,General,WHAS-TV Louisville,2004-02-14 to 2004-02-16,2004-02-14,2004-02-16,681 RV,3.8,George W. Bush,Unknown,57%,False,February 14–16
2004,State,Kentucky,KY,,General,Louisville Courier-Journal (Bluegrass Poll),2004-01-30 to 2004-02-04,2004-01-30,2004-02-04,600 LV,4.0,George W. Bush,Unknown,55%,False,January 30–February 4
2004,State,Kentucky,KY,,General,Louisville Courier-Journal (Bluegrass Poll),2004-10-18 to 2004-10-20,2004-10-18,2004-10-20,690 LV,3.1,John Kerry,Unknown,39%,False,October 18–20
2004,State,Kentucky,KY,,General,Louisville Courier-Journal (Bluegrass Poll),2004-09-10 to 2004-09-15,2004-09-10,2004-09-15,657 LV,3.8,John Kerry,Unknown,38%,False,September 10–15
2004,State,Kentucky,KY,,General,American Research Group,2004-09-08 to 2004-09-12,2004-09-08,2004-09-12,600 LV,4.0,John Kerry,Unknown,39%,False,September 8–12
2004,State,Kentucky,KY,,General,Louisville Courier-Journal (Bluegrass Poll),2004-10-18 to 2004-10-20,2004-10-18,2004-10-20,690 LV,3.1,George W. Bush,Unknown,56%,False,October 18–20
2004,State,Kentucky,KY,,General,Louisville Courier-Journal (Bluegrass Poll),2004-09-10 to 2004-09-15,2004-09-10,2004-09-15,657 LV,3.8,George W. Bush,Unknown,53%,False,September 10–15
2004,State,Kentucky,KY,,General,American Research Group,2004-09-08 to 2004-09-12,2004-09-08,2004-09-12,600 LV,4.0,George W. Bush,Unknown,57%,False,September 8–12
2004,State,Kentucky,KY,,General,Louisville Courier-Journal (Bluegrass Poll),2004-10-18 to 2004-10-20,2004-10-18,2004-10-20,690 LV,3.1,Ralph Nader,Unknown,1%,False,October 18–20
2004,State,Kentucky,KY,,General,Louisville Courier-Journal (Bluegrass Poll),2004-09-10 to 2004-09-15,2004-09-10,2004-09-15,657 LV,3.8,Ralph Nader,Unknown,3%,False,September 10–15
2004,State,Kentucky,KY,,General,American Research Group,2004-09-08 to 2004-09-12,2004-09-08,2004-09-12,600 LV,4.0,Ralph Nader,Unknown,1%,False,September 8–12
2004,State,Louisiana,LA,,General,University of New Orleans,2004-10-13 to 2004-10-21,2004-10-13,2004-10-21,Not reported,,John Kerry,Unknown,38%,False,October 13–21
2004,State,Louisiana,LA,,General,KALB-TV Alexandria,2004-10-12 to 2004-10-13,2004-10-12,2004-10-13,600 LV,4.0,John Kerry,Unknown,31%,False,October 12–13
2004,State,Louisiana,LA,,General,Marketing Research Institute,2004-10-04 to 2004-10-07,2004-10-04,2004-10-07,600 RV,4.1,John Kerry,Unknown,36%,False,October 4–7
2004,State,Louisiana,LA,,General,Marketing Research Institute,2004-08-31 to 2004-09-02,2004-08-31,2004-09-02,600 RV,4.1,John Kerry,Unknown,36%,False,August 31–September 2
2004,State,Louisiana,LA,,General,Marketing Research Institute,2004-07-14 to 2004-07-20,2004-07-14,2004-07-20,600 RV,4.0,John Kerry,Unknown,38%,False,July 14–20
2004,State,Louisiana,LA,,General,Marketing Research Institute,2004-05-19 to 2004-05-27,2004-05-19,2004-05-27,600 RV,4.0,John Kerry,Unknown,42%,False,May 19–27
2004,State,Louisiana,LA,,General,Multi-Quest International,2004-05-21 to 2004-05-25,2004-05-21,2004-05-25,400 RV,,John Kerry,Unknown,29%,False,May 21–25
2004,State,Louisiana,LA,,General,University of New Orleans,2004-10-13 to 2004-10-21,2004-10-13,2004-10-21,Not reported,,George W. Bush,Unknown,50%,False,October 13–21
2004,State,Louisiana,LA,,General,KALB-TV Alexandria,2004-10-12 to 2004-10-13,2004-10-12,2004-10-13,600 LV,4.0,George W. Bush,Unknown,50%,False,October 12–13
2004,State,Louisiana,LA,,General,Marketing Research Institute,2004-10-04 to 2004-10-07,2004-10-04,2004-10-07,600 RV,4.1,George W. Bush,Unknown,51%,False,October 4–7
2004,State,Louisiana,LA,,General,Marketing Research Institute,2004-08-31 to 2004-09-02,2004-08-31,2004-09-02,600 RV,4.1,George W. Bush,Unknown,53%,False,August 31–September 2
2004,State,Louisiana,LA,,General,Marketing Research Institute,2004-07-14 to 2004-07-20,2004-07-14,2004-07-20,600 RV,4.0,George W. Bush,Unknown,54%,False,July 14–20
2004,State,Louisiana,LA,,General,Marketing Research Institute,2004-05-19 to 2004-05-27,2004-05-19,2004-05-27,600 RV,4.0,George W. Bush,Unknown,48%,False,May 19–27
2004,State,Louisiana,LA,,General,Multi-Quest International,2004-05-21 to 2004-05-25,2004-05-21,2004-05-25,400 RV,,George W. Bush,Unknown,48%,False,May 21–25
2004,State,Louisiana,LA,,General,Southeastern Louisiana University,2004-10-17 to 2004-10-22,2004-10-17,2004-10-22,Not reported,,John Kerry,Unknown,32%,False,October 17–22
2004,State,Louisiana,LA,,General,Marketing Research Institute,2004-10-17 to 2004-10-19,2004-10-17,2004-10-19,Not reported,,John Kerry,Unknown,37%,False,October 17–19
2004,State,Louisiana,LA,,General,TV8 News,2004-10-12 to 2004-10-15,2004-10-12,2004-10-15,600 RV,4.1,John Kerry,Unknown,39%,False,October 12–15
2004,State,Louisiana,LA,,General,American Research Group,2004-09-17 to 2004-09-21,2004-09-17,2004-09-21,600 LV,4.0,John Kerry,Unknown,42%,False,September 17–21
2004,State,Louisiana,LA,,General,"Harris, DeVille & Associates",2004-03-17 to 2004-03-29,2004-03-17,2004-03-29,700 RV,3.8,John Kerry,Unknown,37.6%,False,March 17–29
2004,State,Louisiana,LA,,General,Southeastern Louisiana University,2004-10-17 to 2004-10-22,2004-10-17,2004-10-22,Not reported,,George W. Bush,Unknown,58%,False,October 17–22
2004,State,Louisiana,LA,,General,Marketing Research Institute,2004-10-17 to 2004-10-19,2004-10-17,2004-10-19,Not reported,,George W. Bush,Unknown,52%,False,October 17–19
2004,State,Louisiana,LA,,General,TV8 News,2004-10-12 to 2004-10-15,2004-10-12,2004-10-15,600 RV,4.1,George W. Bush,Unknown,47%,False,October 12–15
2004,State,Louisiana,LA,,General,American Research Group,2004-09-17 to 2004-09-21,2004-09-17,2004-09-21,600 LV,4.0,George W. Bush,Unknown,50%,False,September 17–21
2004,State,Louisiana,LA,,General,"Harris, DeVille & Associates",2004-03-17 to 2004-03-29,2004-03-17,2004-03-29,700 RV,3.8,George W. Bush,Unknown,51.7%,False,March 17–29
2004,State,Louisiana,LA,,General,Southeastern Louisiana University,2004-10-17 to 2004-10-22,2004-10-17,2004-10-22,Not reported,,Ralph Nader,Unknown,1%,False,October 17–22
2004,State,Louisiana,LA,,General,Marketing Research Institute,2004-10-17 to 2004-10-19,2004-10-17,2004-10-19,Not reported,,Ralph Nader,Unknown,1%,False,October 17–19
2004,State,Louisiana,LA,,General,TV8 News,2004-10-12 to 2004-10-15,2004-10-12,2004-10-15,600 RV,4.1,Ralph Nader,Unknown,2%,False,October 12–15
2004,State,Louisiana,LA,,General,American Research Group,2004-09-17 to 2004-09-21,2004-09-17,2004-09-21,600 LV,4.0,Ralph Nader,Unknown,1%,False,September 17–21
2004,State,Louisiana,LA,,General,"Harris, DeVille & Associates",2004-03-17 to 2004-03-29,2004-03-17,2004-03-29,700 RV,3.8,Ralph Nader,Unknown,1.7%,False,March 17–29
2004,State,Louisiana,LA,,General,Rasmussen Reports,2004-10-06,2004-10-06,2004-10-06,500 LV,4.5,John Kerry,Unknown,44%,False,October 6
2004,State,Louisiana,LA,,General,Rasmussen Reports,2004-10-06,2004-10-06,2004-10-06,500 LV,4.5,George W. Bush,Unknown,52%,False,October 6
2004,State,Louisiana,LA,,General,Rasmussen Reports,2004-10-06,2004-10-06,2004-10-06,500 LV,4.5,Ralph Nader,Unknown,1%,False,October 6
2004,State,Louisiana,LA,,General,Rasmussen Reports,2004-10-06,2004-10-06,2004-10-06,500 LV,4.5,Michael Badnarik,Unknown,0%,False,October 6
2004,State,Louisiana,LA,,General,Rasmussen Reports,2004-10-06,2004-10-06,2004-10-06,500 LV,4.5,David Cobb,Unknown,1%,False,October 6
2004,State,Louisiana,LA,,General,Rasmussen Reports,2004-10-06,2004-10-06,2004-10-06,500 LV,4.5,Michael Peroutka,Unknown,0%,False,October 6
2004,State,Maine,ME,,General,WCSH-TV Portland,2004-10-28 to 2004-10-30,2004-10-28,2004-10-30,"1,008 LV",3.2,John Kerry,Unknown,52%,False,October 28–30
2004,State,Maine,ME,,General,WCSH-TV Portland,2004-10-17 to 2004-10-19,2004-10-17,2004-10-19,660 LV,3.9,John Kerry,Unknown,51%,False,October 17–19
2004,State,Maine,ME,,General,WCSH-TV Portland,2004-10-03 to 2004-10-05,2004-10-03,2004-10-05,653 LV,3.9,John Kerry,Unknown,49%,False,October 3–5
2004,State,Maine,ME,,General,WCSH-TV Portland,2004-09-20 to 2004-09-22,2004-09-20,2004-09-22,636 LV,4.0,John Kerry,Unknown,46%,False,September 20–22
2004,State,Maine,ME,,General,Rasmussen Reports,2004-08-01 to 2004-08-26,2004-08-01,2004-08-26,Not reported,5.0,John Kerry,Unknown,49%,False,August 1–26
2004,State,Maine,ME,,General,WCSH-TV Portland,2004-08-22 to 2004-08-24,2004-08-22,2004-08-24,632 LV,4.0,John Kerry,Unknown,49%,False,August 22–24
2004,State,Maine,ME,,General,Rasmussen Reports,2004-07-01 to 2004-07-31,2004-07-01,2004-07-31,Not reported,5.0,John Kerry,Unknown,48%,False,July 1–31
2004,State,Maine,ME,,General,Rasmussen Reports,2004-06-01 to 2004-06-30,2004-06-01,2004-06-30,Not reported,5.0,John Kerry,Unknown,46%,False,June 1–30
2004,State,Maine,ME,,General,Rasmussen Reports,2004-05-01 to 2004-05-31,2004-05-01,2004-05-31,Not reported,5.0,John Kerry,Unknown,54%,False,May 1–31
2004,State,Maine,ME,,General,Critical Insights,2004-05-07 to 2004-05-20,2004-05-07,2004-05-20,Not reported,,John Kerry,Unknown,49%,False,May 7–20
2004,State,Maine,ME,,General,WCSH-TV Portland,2004-10-28 to 2004-10-30,2004-10-28,2004-10-30,"1,008 LV",3.2,George W. Bush,Unknown,44%,False,October 28–30
2004,State,Maine,ME,,General,WCSH-TV Portland,2004-10-17 to 2004-10-19,2004-10-17,2004-10-19,660 LV,3.9,George W. Bush,Unknown,45%,False,October 17–19
2004,State,Maine,ME,,General,WCSH-TV Portland,2004-10-03 to 2004-10-05,2004-10-03,2004-10-05,653 LV,3.9,George W. Bush,Unknown,47%,False,October 3–5
2004,State,Maine,ME,,General,WCSH-TV Portland,2004-09-20 to 2004-09-22,2004-09-20,2004-09-22,636 LV,4.0,George W. Bush,Unknown,47%,False,September 20–22
2004,State,Maine,ME,,General,Rasmussen Reports,2004-08-01 to 2004-08-26,2004-08-01,2004-08-26,Not reported,5.0,George W. Bush,Unknown,44%,False,August 1–26
2004,State,Maine,ME,,General,WCSH-TV Portland,2004-08-22 to 2004-08-24,2004-08-22,2004-08-24,632 LV,4.0,George W. Bush,Unknown,44%,False,August 22–24
2004,State,Maine,ME,,General,Rasmussen Reports,2004-07-01 to 2004-07-31,2004-07-01,2004-07-31,Not reported,5.0,George W. Bush,Unknown,44%,False,July 1–31
2004,State,Maine,ME,,General,Rasmussen Reports,2004-06-01 to 2004-06-30,2004-06-01,2004-06-30,Not reported,5.0,George W. Bush,Unknown,45%,False,June 1–30
2004,State,Maine,ME,,General,Rasmussen Reports,2004-05-01 to 2004-05-31,2004-05-01,2004-05-31,Not reported,5.0,George W. Bush,Unknown,35%,False,May 1–31
2004,State,Maine,ME,,General,Critical Insights,2004-05-07 to 2004-05-20,2004-05-07,2004-05-20,Not reported,,George W. Bush,Unknown,39%,False,May 7–20
2004,State,Maine,ME,,General,Maine Sunday Telegram,2004-10-20 to 2004-10-21,2004-10-20,2004-10-21,402 LV,5.0,John Kerry,Unknown,50%,False,October 20–21
2004,State,Maine,ME,,General,Strategic Marketing Services,2004-09-23 to 2004-09-27,2004-09-23,2004-09-27,400 LV,5.0,John Kerry,Unknown,42%,False,September 23–27
2004,State,Maine,ME,,General,Critical Insights,2004-09-10 to 2004-09-23,2004-09-10,2004-09-23,600 LV,4.0,John Kerry,Unknown,45%,False,September 10–23
2004,State,Maine,ME,,General,American Research Group,2004-09-08 to 2004-09-10,2004-09-08,2004-09-10,600 LV,4.0,John Kerry,Unknown,48%,False,September 8–10
2004,State,Maine,ME,,General,Portland Press Herald,2004-09-09,2004-09-09,2004-09-09,400 LV,5.0,John Kerry,Unknown,43%,False,September 9
2004,State,Maine,ME,,General,Strategic Marketing Services,2004-06-05 to 2004-06-12,2004-06-05,2004-06-12,400 RV,4.9,John Kerry,Unknown,43.5%,False,June 5–12
2004,State,Maine,ME,,General,Strategic Marketing Services,2004-02-28 to 2004-03-03,2004-02-28,2004-03-03,400 RV,4.9,John Kerry,Unknown,51%,False,February 28–March 3
2004,State,Maine,ME,,General,Maine Sunday Telegram,2004-10-20 to 2004-10-21,2004-10-20,2004-10-21,402 LV,5.0,George W. Bush,Unknown,39%,False,October 20–21
2004,State,Maine,ME,,General,Strategic Marketing Services,2004-09-23 to 2004-09-27,2004-09-23,2004-09-27,400 LV,5.0,George W. Bush,Unknown,39%,False,September 23–27
2004,State,Maine,ME,,General,Critical Insights,2004-09-10 to 2004-09-23,2004-09-10,2004-09-23,600 LV,4.0,George W. Bush,Unknown,42%,False,September 10–23
2004,State,Maine,ME,,General,American Research Group,2004-09-08 to 2004-09-10,2004-09-08,2004-09-10,600 LV,4.0,George W. Bush,Unknown,44%,False,September 8–10
2004,State,Maine,ME,,General,Portland Press Herald,2004-09-09,2004-09-09,2004-09-09,400 LV,5.0,George W. Bush,Unknown,43%,False,September 9
2004,State,Maine,ME,,General,Strategic Marketing Services,2004-06-05 to 2004-06-12,2004-06-05,2004-06-12,400 RV,4.9,George W. Bush,Unknown,41%,False,June 5–12
2004,State,Maine,ME,,General,Strategic Marketing Services,2004-02-28 to 2004-03-03,2004-02-28,2004-03-03,400 RV,4.9,George W. Bush,Unknown,38%,False,February 28–March 3
2004,State,Maine,ME,,General,Maine Sunday Telegram,2004-10-20 to 2004-10-21,2004-10-20,2004-10-21,402 LV,5.0,Ralph Nader,Unknown,1%,False,October 20–21
2004,State,Maine,ME,,General,Strategic Marketing Services,2004-09-23 to 2004-09-27,2004-09-23,2004-09-27,400 LV,5.0,Ralph Nader,Unknown,4%,False,September 23–27
2004,State,Maine,ME,,General,Critical Insights,2004-09-10 to 2004-09-23,2004-09-10,2004-09-23,600 LV,4.0,Ralph Nader,Unknown,3%,False,September 10–23
2004,State,Maine,ME,,General,American Research Group,2004-09-08 to 2004-09-10,2004-09-08,2004-09-10,600 LV,4.0,Ralph Nader,Unknown,4%,False,September 8–10
2004,State,Maine,ME,,General,Portland Press Herald,2004-09-09,2004-09-09,2004-09-09,400 LV,5.0,Ralph Nader,Unknown,3%,False,September 9
2004,State,Maine,ME,,General,Strategic Marketing Services,2004-06-05 to 2004-06-12,2004-06-05,2004-06-12,400 RV,4.9,Ralph Nader,Unknown,4.5%,False,June 5–12
2004,State,Maine,ME,,General,Strategic Marketing Services,2004-02-28 to 2004-03-03,2004-02-28,2004-03-03,400 RV,4.9,Ralph Nader,Unknown,4%,False,February 28–March 3
2004,State,Maine,ME,,General,WCSH-TV Portland,2004-10-28 to 2004-10-30,2004-10-28,2004-10-30,527 LV,,John Kerry,Unknown,53%,False,October 28–30
2004,State,Maine,ME,,General,WCSH-TV Portland,2004-10-17 to 2004-10-19,2004-10-17,2004-10-19,350 LV,,John Kerry,Unknown,49%,False,October 17–19
2004,State,Maine,ME,,General,WCSH-TV Portland,2004-10-03 to 2004-10-05,2004-10-03,2004-10-05,343 LV,,John Kerry,Unknown,53%,False,October 3–5
2004,State,Maine,ME,,General,WCSH-TV Portland,2004-09-20 to 2004-09-22,2004-09-20,2004-09-22,343 LV,,John Kerry,Unknown,49%,False,September 20–22
2004,State,Maine,ME,,General,WCSH-TV Portland,2004-08-22 to 2004-08-24,2004-08-22,2004-08-24,332 LV,,John Kerry,Unknown,52%,False,August 22–24
2004,State,Maine,ME,,General,WCSH-TV Portland,2004-10-17 to 2004-10-19,2004-10-17,2004-10-19,350 LV,,George W. Bush,Unknown,46%,False,October 17–19
2004,State,Maine,ME,,General,WCSH-TV Portland,2004-10-03 to 2004-10-05,2004-10-03,2004-10-05,343 LV,,George W. Bush,Unknown,43%,False,October 3–5
2004,State,Maine,ME,,General,WCSH-TV Portland,2004-09-20 to 2004-09-22,2004-09-20,2004-09-22,343 LV,,George W. Bush,Unknown,45%,False,September 20–22
2004,State,Maine,ME,,General,WCSH-TV Portland,2004-08-22 to 2004-08-24,2004-08-22,2004-08-24,332 LV,,George W. Bush,Unknown,43%,False,August 22–24
2004,State,Maine,ME,,General,WCSH-TV Portland,2004-10-17 to 2004-10-19,2004-10-17,2004-10-19,311 LV,,John Kerry,Unknown,53%,False,October 17–19
2004,State,Maine,ME,,General,WCSH-TV Portland,2004-10-03 to 2004-10-05,2004-10-03,2004-10-05,310 LV,,John Kerry,Unknown,44%,False,October 3–5
2004,State,Maine,ME,,General,WCSH-TV Portland,2004-09-20 to 2004-09-22,2004-09-20,2004-09-22,293 LV,,John Kerry,Unknown,44%,False,September 20–22
2004,State,Maine,ME,,General,WCSH-TV Portland,2004-08-22 to 2004-08-24,2004-08-22,2004-08-24,299 LV,,John Kerry,Unknown,45%,False,August 22–24
2004,State,Maine,ME,,General,WCSH-TV Portland,2004-10-28 to 2004-10-30,2004-10-28,2004-10-30,480 LV,,George W. Bush,Unknown,45%,False,October 28–30
2004,State,Maine,ME,,General,WCSH-TV Portland,2004-10-17 to 2004-10-19,2004-10-17,2004-10-19,311 LV,,George W. Bush,Unknown,44%,False,October 17–19
2004,State,Maine,ME,,General,WCSH-TV Portland,2004-10-03 to 2004-10-05,2004-10-03,2004-10-05,310 LV,,George W. Bush,Unknown,53%,False,October 3–5
2004,State,Maine,ME,,General,WCSH-TV Portland,2004-09-20 to 2004-09-22,2004-09-20,2004-09-22,293 LV,,George W. Bush,Unknown,49%,False,September 20–22
2004,State,Maine,ME,,General,WCSH-TV Portland,2004-08-22 to 2004-08-24,2004-08-22,2004-08-24,299 LV,,George W. Bush,Unknown,45%,False,August 22–24
2004,State,Maryland,MD,,General,WMAR-TV Baltimore,2004-10-27 to 2004-10-29,2004-10-27,2004-10-29,607 LV,4.1,John Kerry,Unknown,54%,False,October 27–29
2004,State,Maryland,MD,,General,Baltimore Sun,2004-10-25 to 2004-10-26,2004-10-25,2004-10-26,602 RV,4.0,John Kerry,Unknown,56%,False,October 25–26
2004,State,Maryland,MD,,General,NBC4 News,2004-10-24 to 2004-10-26,2004-10-24,2004-10-26,625 LV,4.0,John Kerry,Unknown,52%,False,October 24–26
2004,State,Maryland,MD,,General,Rasmussen Reports,2004-10-09 to 2004-10-22,2004-10-09,2004-10-22,Not reported,5.0,John Kerry,Unknown,53%,False,October 9–22
2004,State,Maryland,MD,,General,Rasmussen Reports,2004-09-26 to 2004-10-08,2004-09-26,2004-10-08,400 LV,5.0,John Kerry,Unknown,52%,False,September 26–October 8
2004,State,Maryland,MD,,General,WMAR-TV Baltimore,2004-10-05 to 2004-10-07,2004-10-05,2004-10-07,583 LV,4.1,John Kerry,Unknown,56%,False,October 5–7
2004,State,Maryland,MD,,General,Rasmussen Reports,2004-09-14 to 2004-09-27,2004-09-14,2004-09-27,400 LV,5.0,John Kerry,Unknown,48%,False,September 14–27
2004,State,Maryland,MD,,General,WMAR-TV Baltimore,2004-09-17 to 2004-09-19,2004-09-17,2004-09-19,598 LV,4.1,John Kerry,Unknown,48%,False,September 17–19
2004,State,Maryland,MD,,General,Rasmussen Reports,2004-08-01 to 2004-08-26,2004-08-01,2004-08-26,Not reported,5.0,John Kerry,Unknown,54%,False,August 1–26
2004,State,Maryland,MD,,General,WMAR-TV Baltimore,2004-08-23 to 2004-08-25,2004-08-23,2004-08-25,594 LV,4.1,John Kerry,Unknown,53%,False,August 23–25
2004,State,Maryland,MD,,General,Gonzales Research & Marketing Strategies Inc.,2004-08-10 to 2004-08-15,2004-08-10,2004-08-15,847 RV,3.5,John Kerry,Unknown,53%,False,August 10–15
2004,State,Maryland,MD,,General,Rasmussen Reports,2004-06-01 to 2004-06-30,2004-06-01,2004-06-30,Not reported,5.0,John Kerry,Unknown,53%,False,June 1–30
2004,State,Maryland,MD,,General,Gonzales Research & Marketing Strategies Inc.,2004-02-03 to 2004-02-08,2004-02-03,2004-02-08,Not reported,,John Kerry,Unknown,51%,False,February 3–8
2004,State,Maryland,MD,,General,WMAR-TV Baltimore,2004-10-27 to 2004-10-29,2004-10-27,2004-10-29,607 LV,4.1,George W. Bush,Unknown,43%,False,October 27–29
2004,State,Maryland,MD,,General,Baltimore Sun,2004-10-25 to 2004-10-26,2004-10-25,2004-10-26,602 RV,4.0,George W. Bush,Unknown,39%,False,October 25–26
2004,State,Maryland,MD,,General,NBC4 News,2004-10-24 to 2004-10-26,2004-10-24,2004-10-26,625 LV,4.0,George W. Bush,Unknown,41%,False,October 24–26
2004,State,Maryland,MD,,General,Rasmussen Reports,2004-10-09 to 2004-10-22,2004-10-09,2004-10-22,Not reported,5.0,George W. Bush,Unknown,43%,False,October 9–22
2004,State,Maryland,MD,,General,Rasmussen Reports,2004-09-26 to 2004-10-08,2004-09-26,2004-10-08,400 LV,5.0,George W. Bush,Unknown,41%,False,September 26–October 8
2004,State,Maryland,MD,,General,WMAR-TV Baltimore,2004-10-05 to 2004-10-07,2004-10-05,2004-10-07,583 LV,4.1,George W. Bush,Unknown,41%,False,October 5–7
2004,State,Maryland,MD,,General,Rasmussen Reports,2004-09-14 to 2004-09-27,2004-09-14,2004-09-27,400 LV,5.0,George W. Bush,Unknown,45%,False,September 14–27
2004,State,Maryland,MD,,General,WMAR-TV Baltimore,2004-09-17 to 2004-09-19,2004-09-17,2004-09-19,598 LV,4.1,George W. Bush,Unknown,48%,False,September 17–19
2004,State,Maryland,MD,,General,Rasmussen Reports,2004-08-01 to 2004-08-26,2004-08-01,2004-08-26,Not reported,5.0,George W. Bush,Unknown,41%,False,August 1–26
2004,State,Maryland,MD,,General,WMAR-TV Baltimore,2004-08-23 to 2004-08-25,2004-08-23,2004-08-25,594 LV,4.1,George W. Bush,Unknown,42%,False,August 23–25
2004,State,Maryland,MD,,General,Gonzales Research & Marketing Strategies Inc.,2004-08-10 to 2004-08-15,2004-08-10,2004-08-15,847 RV,3.5,George W. Bush,Unknown,40%,False,August 10–15
2004,State,Maryland,MD,,General,Rasmussen Reports,2004-06-01 to 2004-06-30,2004-06-01,2004-06-30,Not reported,5.0,George W. Bush,Unknown,39%,False,June 1–30
2004,State,Maryland,MD,,General,Gonzales Research & Marketing Strategies Inc.,2004-02-03 to 2004-02-08,2004-02-03,2004-02-08,Not reported,,George W. Bush,Unknown,40%,False,February 3–8
2004,State,Maryland,MD,,General,Gonzales Research & Marketing Strategies Inc.,2004-10-01 to 2004-10-05,2004-10-01,2004-10-05,801 RV,3.5,John Kerry,Unknown,52%,False,October 1–5
2004,State,Maryland,MD,,General,American Research Group,2004-09-07 to 2004-09-09,2004-09-07,2004-09-09,600 LV,4.0,John Kerry,Unknown,52%,False,September 7–9
2004,State,Maryland,MD,,General,Gonzales Research & Marketing Strategies Inc.,2004-06-04 to 2004-06-09,2004-06-04,2004-06-09,836 RV,3.5,John Kerry,Unknown,52%,False,June 4–9
2004,State,Maryland,MD,,General,Gonzales Research & Marketing Strategies Inc.,2004-03-19 to 2004-03-24,2004-03-19,2004-03-24,825 RV,3.5,John Kerry,Unknown,48%,False,March 19–24
2004,State,Maryland,MD,,General,NBC4 News,2004-02-23 to 2004-02-25,2004-02-23,2004-02-25,625 RV,4.0,John Kerry,Unknown,47%,False,February 23–25
2004,State,Maryland,MD,,General,Gonzales Research & Marketing Strategies Inc.,2004-10-01 to 2004-10-05,2004-10-01,2004-10-05,801 RV,3.5,George W. Bush,Unknown,42%,False,October 1–5
2004,State,Maryland,MD,,General,American Research Group,2004-09-07 to 2004-09-09,2004-09-07,2004-09-09,600 LV,4.0,George W. Bush,Unknown,43%,False,September 7–9
2004,State,Maryland,MD,,General,Gonzales Research & Marketing Strategies Inc.,2004-06-04 to 2004-06-09,2004-06-04,2004-06-09,836 RV,3.5,George W. Bush,Unknown,38%,False,June 4–9
2004,State,Maryland,MD,,General,Gonzales Research & Marketing Strategies Inc.,2004-03-19 to 2004-03-24,2004-03-19,2004-03-24,825 RV,3.5,George W. Bush,Unknown,43%,False,March 19–24
2004,State,Maryland,MD,,General,NBC4 News,2004-02-23 to 2004-02-25,2004-02-23,2004-02-25,625 RV,4.0,George W. Bush,Unknown,38%,False,February 23–25
2004,State,Maryland,MD,,General,Gonzales Research & Marketing Strategies Inc.,2004-10-01 to 2004-10-05,2004-10-01,2004-10-05,801 RV,3.5,Ralph Nader,Unknown,1%,False,October 1–5
2004,State,Maryland,MD,,General,American Research Group,2004-09-07 to 2004-09-09,2004-09-07,2004-09-09,600 LV,4.0,Ralph Nader,Unknown,2%,False,September 7–9
2004,State,Maryland,MD,,General,Gonzales Research & Marketing Strategies Inc.,2004-06-04 to 2004-06-09,2004-06-04,2004-06-09,836 RV,3.5,Ralph Nader,Unknown,2%,False,June 4–9
2004,State,Maryland,MD,,General,Gonzales Research & Marketing Strategies Inc.,2004-03-19 to 2004-03-24,2004-03-19,2004-03-24,825 RV,3.5,Ralph Nader,Unknown,0%,False,March 19–24
2004,State,Maryland,MD,,General,NBC4 News,2004-02-23 to 2004-02-25,2004-02-23,2004-02-25,625 RV,4.0,Ralph Nader,Unknown,3%,False,February 23–25
2004,State,Massachusetts,MA,,General,Rasmussen Reports,2004-06-01 to 2004-06-30,2004-06-01,2004-06-30,Not reported,4.0,John Kerry,Unknown,60%,False,June 1–30
2004,State,Massachusetts,MA,,General,Rasmussen Reports,2004-05-01 to 2004-05-31,2004-05-01,2004-05-31,Not reported,4.0,John Kerry,Unknown,58%,False,May 1–31
2004,State,Massachusetts,MA,,General,7NEWS,2004-02-20 to 2004-02-22,2004-02-20,2004-02-22,400 LV,4.9,John Kerry,Unknown,57%,False,February 20–22
2004,State,Massachusetts,MA,,General,WBZ-TV,2003-11-19 to 2003-11-22,2003-11-19,2003-11-22,400 RV,5.0,John Kerry,Unknown,56%,False,"November 19–22, 2003"
2004,State,Massachusetts,MA,,General,Rasmussen Reports,2004-06-01 to 2004-06-30,2004-06-01,2004-06-30,Not reported,4.0,George W. Bush,Unknown,31%,False,June 1–30
2004,State,Massachusetts,MA,,General,Rasmussen Reports,2004-05-01 to 2004-05-31,2004-05-01,2004-05-31,Not reported,4.0,George W. Bush,Unknown,33%,False,May 1–31
2004,State,Massachusetts,MA,,General,7NEWS,2004-02-20 to 2004-02-22,2004-02-20,2004-02-22,400 LV,4.9,George W. Bush,Unknown,34%,False,February 20–22
2004,State,Massachusetts,MA,,General,WBZ-TV,2003-11-19 to 2003-11-22,2003-11-19,2003-11-22,400 RV,5.0,George W. Bush,Unknown,38%,False,"November 19–22, 2003"
2004,State,Massachusetts,MA,,General,Merrimack College,2004-09-25 to 2004-10-05,2004-09-25,2004-10-05,805 A,3.5,John Kerry,Unknown,50%,False,September 25–October 5
2004,State,Massachusetts,MA,,General,American Research Group,2004-09-10 to 2004-09-13,2004-09-10,2004-09-13,600 LV,4.0,John Kerry,Unknown,64%,False,September 10–13
2004,State,Massachusetts,MA,,General,Merrimack College,2004-07-18 to 2004-07-28,2004-07-18,2004-07-28,601 A,4.1,John Kerry,Unknown,56%,False,July 18–28
2004,State,Massachusetts,MA,,General,7NEWS,2004-07-18,2004-07-18,2004-07-18,400 LV,4.9,John Kerry,Unknown,59%,False,July 18
2004,State,Massachusetts,MA,,General,University of Massachusetts,2004-05-02 to 2004-05-06,2004-05-02,2004-05-06,400 LV,5.0,John Kerry,Unknown,54%,False,May 2–6
2004,State,Massachusetts,MA,,General,University of Massachusetts,2004-03-29 to 2004-04-05,2004-03-29,2004-04-05,400 LV,5.0,John Kerry,Unknown,54.2%,False,March 29–April 5
2004,State,Massachusetts,MA,,General,Merrimack College,2004-09-25 to 2004-10-05,2004-09-25,2004-10-05,805 A,3.5,George W. Bush,Unknown,36%,False,September 25–October 5
2004,State,Massachusetts,MA,,General,American Research Group,2004-09-10 to 2004-09-13,2004-09-10,2004-09-13,600 LV,4.0,George W. Bush,Unknown,27%,False,September 10–13
2004,State,Massachusetts,MA,,General,Merrimack College,2004-07-18 to 2004-07-28,2004-07-18,2004-07-28,601 A,4.1,George W. Bush,Unknown,30%,False,July 18–28
2004,State,Massachusetts,MA,,General,7NEWS,2004-07-18,2004-07-18,2004-07-18,400 LV,4.9,George W. Bush,Unknown,30%,False,July 18
2004,State,Massachusetts,MA,,General,University of Massachusetts,2004-05-02 to 2004-05-06,2004-05-02,2004-05-06,400 LV,5.0,George W. Bush,Unknown,30%,False,May 2–6
2004,State,Massachusetts,MA,,General,University of Massachusetts,2004-03-29 to 2004-04-05,2004-03-29,2004-04-05,400 LV,5.0,George W. Bush,Unknown,31.5%,False,March 29–April 5
2004,State,Massachusetts,MA,,General,Merrimack College,2004-09-25 to 2004-10-05,2004-09-25,2004-10-05,805 A,3.5,Ralph Nader,Unknown,2%,False,September 25–October 5
2004,State,Massachusetts,MA,,General,American Research Group,2004-09-10 to 2004-09-13,2004-09-10,2004-09-13,600 LV,4.0,Ralph Nader,Unknown,4%,False,September 10–13
2004,State,Massachusetts,MA,,General,Merrimack College,2004-07-18 to 2004-07-28,2004-07-18,2004-07-28,601 A,4.1,Ralph Nader,Unknown,3%,False,July 18–28
2004,State,Massachusetts,MA,,General,7NEWS,2004-07-18,2004-07-18,2004-07-18,400 LV,4.9,Ralph Nader,Unknown,2%,False,July 18
2004,State,Massachusetts,MA,,General,University of Massachusetts,2004-05-02 to 2004-05-06,2004-05-02,2004-05-06,400 LV,5.0,Ralph Nader,Unknown,5%,False,May 2–6
2004,State,Massachusetts,MA,,General,University of Massachusetts,2004-03-29 to 2004-04-05,2004-03-29,2004-04-05,400 LV,5.0,Ralph Nader,Unknown,2.2%,False,March 29–April 5
2004,State,Michigan,MI,,General,Zogby International,2004-10-29 to 2004-11-01,2004-10-29,2004-11-01,601 LV,4.1,John Kerry,Unknown,52%,False,October 29–November 1
2004,State,Michigan,MI,,General,WZZM-TV Grand Rapids,2004-10-28 to 2004-10-30,2004-10-28,2004-10-30,671 LV,3.9,John Kerry,Unknown,50%,False,October 28–30
2004,State,Michigan,MI,,General,MSNBC,2004-10-27 to 2004-10-29,2004-10-27,2004-10-29,625 LV,4.0,John Kerry,Unknown,47%,False,October 27–29
2004,State,Michigan,MI,,General,Zogby International,2004-10-25 to 2004-10-28,2004-10-25,2004-10-28,601 LV,4.1,John Kerry,Unknown,45%,False,October 25–28
2004,State,Michigan,MI,,General,Rasmussen Reports,2004-10-20 to 2004-10-26,2004-10-20,2004-10-26,561 LV,,John Kerry,Unknown,51%,False,October 20–26
2004,State,Michigan,MI,,General,Zogby International,2004-10-21 to 2004-10-24,2004-10-21,2004-10-24,602 LV,4.1,John Kerry,Unknown,52%,False,October 21–24
2004,State,Michigan,MI,,General,WZZM-TV Grand Rapids,2004-10-18 to 2004-10-20,2004-10-18,2004-10-20,668 LV,3.9,John Kerry,Unknown,51%,False,October 18–20
2004,State,Michigan,MI,,General,Rasmussen Reports,2004-10-13 to 2004-10-19,2004-10-13,2004-10-19,400 LV,5.0,John Kerry,Unknown,49%,False,October 13–19
2004,State,Michigan,MI,,General,MSNBC,2004-10-15 to 2004-10-18,2004-10-15,2004-10-18,625 LV,4.0,John Kerry,Unknown,47%,False,October 15–18
2004,State,Michigan,MI,,General,Rasmussen Reports,2004-10-06 to 2004-10-12,2004-10-06,2004-10-12,400 LV,5.0,John Kerry,Unknown,49%,False,October 6–12
2004,State,Michigan,MI,,General,WZZM-TV Grand Rapids,2004-10-04 to 2004-10-06,2004-10-04,2004-10-06,659 LV,3.9,John Kerry,Unknown,52%,False,October 4–6
2004,State,Michigan,MI,,General,Rasmussen Reports,2004-09-30 to 2004-10-05,2004-09-30,2004-10-05,400 LV,5.0,John Kerry,Unknown,49%,False,September 30–October 5
2004,State,Michigan,MI,,General,Rasmussen Reports,2004-09-23 to 2004-09-29,2004-09-23,2004-09-29,400 LV,5.0,John Kerry,Unknown,46%,False,September 23–29
2004,State,Michigan,MI,,General,Detroit Free Press,2004-09-22 to 2004-09-28,2004-09-22,2004-09-28,830 RV,3.5,John Kerry,Unknown,48%,False,September 22–28
2004,State,Michigan,MI,,General,Rasmussen Reports,2004-09-17 to 2004-09-23,2004-09-17,2004-09-23,400 LV,5.0,John Kerry,Unknown,49%,False,September 17–23
2004,State,Michigan,MI,,General,Rasmussen Reports,2004-09-05 to 2004-09-11,2004-09-05,2004-09-11,Not reported,4.0,John Kerry,Unknown,50%,False,September 5–11
2004,State,Michigan,MI,,General,Rasmussen Reports,2004-08-27 to 2004-09-03,2004-08-27,2004-09-03,400 LV,5.0,John Kerry,Unknown,48%,False,August 27–September 3
2004,State,Michigan,MI,,General,Rasmussen Reports,2004-08-01 to 2004-08-26,2004-08-01,2004-08-26,Not reported,4.0,John Kerry,Unknown,50%,False,August 1–26
2004,State,Michigan,MI,,General,WZZM-TV Grand Rapids,2004-08-22 to 2004-08-24,2004-08-22,2004-08-24,548 LV,4.3,John Kerry,Unknown,48%,False,August 22–24
2004,State,Michigan,MI,,General,American Research Group,2004-08-17 to 2004-08-19,2004-08-17,2004-08-19,600 LV,4.0,John Kerry,Unknown,49%,False,August 17–19
2004,State,Michigan,MI,,General,WZZM-TV Grand Rapids,2004-08-02 to 2004-08-04,2004-08-02,2004-08-04,608 LV,4.0,John Kerry,Unknown,52%,False,August 2–4
2004,State,Michigan,MI,,General,Rasmussen Reports,2004-07-01 to 2004-07-31,2004-07-01,2004-07-31,Not reported,4.0,John Kerry,Unknown,50%,False,July 1–31
2004,State,Michigan,MI,,General,American Research Group,2004-07-06 to 2004-07-08,2004-07-06,2004-07-08,600 LV,4.0,John Kerry,Unknown,51%,False,July 6–8
2004,State,Michigan,MI,,General,Rasmussen Reports,2004-06-01 to 2004-06-30,2004-06-01,2004-06-30,Not reported,4.0,John Kerry,Unknown,46%,False,June 1–30
2004,State,Michigan,MI,,General,WZZM-TV Grand Rapids,2004-06-28 to 2004-06-30,2004-06-28,2004-06-30,594 LV,4.1,John Kerry,Unknown,51%,False,June 28–30
2004,State,Michigan,MI,,General,Fox News,2004-06-22 to 2004-06-23,2004-06-22,2004-06-23,750 RV,4.0,John Kerry,Unknown,44%,False,June 22–23
2004,State,Michigan,MI,,General,Detroit Free Press,2004-06-02 to 2004-06-06,2004-06-02,2004-06-06,600 LV,4.0,John Kerry,Unknown,47%,False,June 2–6
2004,State,Michigan,MI,,General,Republican National Committee,2004-06-01 to 2004-06-06,2004-06-01,2004-06-06,800 LV,3.46,John Kerry,Unknown,46.5%,False,June 1–6
2004,State,Michigan,MI,,General,WZZM-TV Grand Rapids,2004-05-31 to 2004-06-02,2004-05-31,2004-06-02,567 LV,4.3,John Kerry,Unknown,47%,False,May 31–June 2
2004,State,Michigan,MI,,General,Rasmussen Reports,2004-05-01 to 2004-05-31,2004-05-01,2004-05-31,Not reported,4.0,John Kerry,Unknown,47%,False,May 1–31
2004,State,Michigan,MI,,General,WZZM-TV Grand Rapids,2004-04-30 to 2004-05-02,2004-04-30,2004-05-02,536 LV,4.3,John Kerry,Unknown,47%,False,April 30–May 2
2004,State,Michigan,MI,,General,WZZM-TV Grand Rapids,2004-04-02 to 2004-04-04,2004-04-02,2004-04-04,536 LV,4.3,John Kerry,Unknown,51%,False,April 2–4
2004,State,Michigan,MI,,General,EPIC-MRA,2004-03-28 to 2004-04-01,2004-03-28,2004-04-01,600 LV,4.0,John Kerry,Unknown,47%,False,March 28–April 1
2004,State,Michigan,MI,,General,Rasmussen Reports,2004-03-14 to 2004-03-16,2004-03-14,2004-03-16,500 LV,4.5,John Kerry,Unknown,48%,False,March 14–16
2004,State,Michigan,MI,,General,Inside Michigan Politics,2004-03-08 to 2004-03-14,2004-03-08,2004-03-14,600 RV,4.1,John Kerry,Unknown,45%,False,March 8–14
2004,State,Michigan,MI,,General,EPIC-MRA,2004-02-22 to 2004-02-25,2004-02-22,2004-02-25,600 LV,4.0,John Kerry,Unknown,49%,False,February 22–25
2004,State,Michigan,MI,,General,SurveyUSA,2004-01-31 to 2004-02-02,2004-01-31,2004-02-02,724 RV,3.7,John Kerry,Unknown,51%,False,January 31–February 2
2004,State,Michigan,MI,,General,EPIC-MRA,2003-12-17 to 2003-12-23,2003-12-17,2003-12-23,600 RV,4.0,John Kerry,Unknown,41%,False,"December 17–23, 2003"
2004,State,Michigan,MI,,General,Zogby International,2004-10-29 to 2004-11-01,2004-10-29,2004-11-01,601 LV,4.1,George W. Bush,Unknown,46%,False,October 29–November 1
2004,State,Michigan,MI,,General,WZZM-TV Grand Rapids,2004-10-28 to 2004-10-30,2004-10-28,2004-10-30,671 LV,3.9,George W. Bush,Unknown,47%,False,October 28–30
2004,State,Michigan,MI,,General,MSNBC,2004-10-27 to 2004-10-29,2004-10-27,2004-10-29,625 LV,4.0,George W. Bush,Unknown,45%,False,October 27–29
2004,State,Michigan,MI,,General,Zogby International,2004-10-25 to 2004-10-28,2004-10-25,2004-10-28,601 LV,4.1,George W. Bush,Unknown,47%,False,October 25–28
2004,State,Michigan,MI,,General,Rasmussen Reports,2004-10-20 to 2004-10-26,2004-10-20,2004-10-26,561 LV,,George W. Bush,Unknown,46%,False,October 20–26
2004,State,Michigan,MI,,General,Zogby International,2004-10-21 to 2004-10-24,2004-10-21,2004-10-24,602 LV,4.1,George W. Bush,Unknown,42%,False,October 21–24
2004,State,Michigan,MI,,General,WZZM-TV Grand Rapids,2004-10-18 to 2004-10-20,2004-10-18,2004-10-20,668 LV,3.9,George W. Bush,Unknown,44%,False,October 18–20
2004,State,Michigan,MI,,General,Rasmussen Reports,2004-10-13 to 2004-10-19,2004-10-13,2004-10-19,400 LV,5.0,George W. Bush,Unknown,46%,False,October 13–19
2004,State,Michigan,MI,,General,MSNBC,2004-10-15 to 2004-10-18,2004-10-15,2004-10-18,625 LV,4.0,George W. Bush,Unknown,46%,False,October 15–18
2004,State,Michigan,MI,,General,Rasmussen Reports,2004-10-06 to 2004-10-12,2004-10-06,2004-10-12,400 LV,5.0,George W. Bush,Unknown,46%,False,October 6–12
2004,State,Michigan,MI,,General,WZZM-TV Grand Rapids,2004-10-04 to 2004-10-06,2004-10-04,2004-10-06,659 LV,3.9,George W. Bush,Unknown,42%,False,October 4–6
2004,State,Michigan,MI,,General,Rasmussen Reports,2004-09-30 to 2004-10-05,2004-09-30,2004-10-05,400 LV,5.0,George W. Bush,Unknown,46%,False,September 30–October 5
2004,State,Michigan,MI,,General,Rasmussen Reports,2004-09-23 to 2004-09-29,2004-09-23,2004-09-29,400 LV,5.0,George W. Bush,Unknown,46%,False,September 23–29
2004,State,Michigan,MI,,General,Detroit Free Press,2004-09-22 to 2004-09-28,2004-09-22,2004-09-28,830 RV,3.5,George W. Bush,Unknown,50%,False,September 22–28
2004,State,Michigan,MI,,General,Rasmussen Reports,2004-09-17 to 2004-09-23,2004-09-17,2004-09-23,400 LV,5.0,George W. Bush,Unknown,44%,False,September 17–23
2004,State,Michigan,MI,,General,Rasmussen Reports,2004-09-05 to 2004-09-11,2004-09-05,2004-09-11,Not reported,4.0,George W. Bush,Unknown,45%,False,September 5–11
2004,State,Michigan,MI,,General,Rasmussen Reports,2004-08-27 to 2004-09-03,2004-08-27,2004-09-03,400 LV,5.0,George W. Bush,Unknown,44%,False,August 27–September 3
2004,State,Michigan,MI,,General,Rasmussen Reports,2004-08-01 to 2004-08-26,2004-08-01,2004-08-26,Not reported,4.0,George W. Bush,Unknown,45%,False,August 1–26
2004,State,Michigan,MI,,General,WZZM-TV Grand Rapids,2004-08-22 to 2004-08-24,2004-08-22,2004-08-24,548 LV,4.3,George W. Bush,Unknown,45%,False,August 22–24
2004,State,Michigan,MI,,General,American Research Group,2004-08-17 to 2004-08-19,2004-08-17,2004-08-19,600 LV,4.0,George W. Bush,Unknown,46%,False,August 17–19
2004,State,Michigan,MI,,General,WZZM-TV Grand Rapids,2004-08-02 to 2004-08-04,2004-08-02,2004-08-04,608 LV,4.0,George W. Bush,Unknown,41%,False,August 2–4
2004,State,Michigan,MI,,General,Rasmussen Reports,2004-07-01 to 2004-07-31,2004-07-01,2004-07-31,Not reported,4.0,George W. Bush,Unknown,44%,False,July 1–31
2004,State,Michigan,MI,,General,American Research Group,2004-07-06 to 2004-07-08,2004-07-06,2004-07-08,600 LV,4.0,George W. Bush,Unknown,43%,False,July 6–8
2004,State,Michigan,MI,,General,Rasmussen Reports,2004-06-01 to 2004-06-30,2004-06-01,2004-06-30,Not reported,4.0,George W. Bush,Unknown,44%,False,June 1–30
2004,State,Michigan,MI,,General,WZZM-TV Grand Rapids,2004-06-28 to 2004-06-30,2004-06-28,2004-06-30,594 LV,4.1,George W. Bush,Unknown,41%,False,June 28–30
2004,State,Michigan,MI,,General,Fox News,2004-06-22 to 2004-06-23,2004-06-22,2004-06-23,750 RV,4.0,George W. Bush,Unknown,43%,False,June 22–23
2004,State,Michigan,MI,,General,Detroit Free Press,2004-06-02 to 2004-06-06,2004-06-02,2004-06-06,600 LV,4.0,George W. Bush,Unknown,45%,False,June 2–6
2004,State,Michigan,MI,,General,Republican National Committee,2004-06-01 to 2004-06-06,2004-06-01,2004-06-06,800 LV,3.46,George W. Bush,Unknown,43.3%,False,June 1–6
2004,State,Michigan,MI,,General,WZZM-TV Grand Rapids,2004-05-31 to 2004-06-02,2004-05-31,2004-06-02,567 LV,4.3,George W. Bush,Unknown,43%,False,May 31–June 2
2004,State,Michigan,MI,,General,Rasmussen Reports,2004-05-01 to 2004-05-31,2004-05-01,2004-05-31,Not reported,4.0,George W. Bush,Unknown,41%,False,May 1–31
2004,State,Michigan,MI,,General,WZZM-TV Grand Rapids,2004-04-30 to 2004-05-02,2004-04-30,2004-05-02,536 LV,4.3,George W. Bush,Unknown,43%,False,April 30–May 2
2004,State,Michigan,MI,,General,WZZM-TV Grand Rapids,2004-04-02 to 2004-04-04,2004-04-02,2004-04-04,536 LV,4.3,George W. Bush,Unknown,41%,False,April 2–4
2004,State,Michigan,MI,,General,EPIC-MRA,2004-03-28 to 2004-04-01,2004-03-28,2004-04-01,600 LV,4.0,George W. Bush,Unknown,45%,False,March 28–April 1
2004,State,Michigan,MI,,General,Rasmussen Reports,2004-03-14 to 2004-03-16,2004-03-14,2004-03-16,500 LV,4.5,George W. Bush,Unknown,44%,False,March 14–16
2004,State,Michigan,MI,,General,Inside Michigan Politics,2004-03-08 to 2004-03-14,2004-03-08,2004-03-14,600 RV,4.1,George W. Bush,Unknown,47%,False,March 8–14
2004,State,Michigan,MI,,General,EPIC-MRA,2004-02-22 to 2004-02-25,2004-02-22,2004-02-25,600 LV,4.0,George W. Bush,Unknown,44%,False,February 22–25
2004,State,Michigan,MI,,General,SurveyUSA,2004-01-31 to 2004-02-02,2004-01-31,2004-02-02,724 RV,3.7,George W. Bush,Unknown,46%,False,January 31–February 2
2004,State,Michigan,MI,,General,EPIC-MRA,2003-12-17 to 2003-12-23,2003-12-17,2003-12-23,600 RV,4.0,George W. Bush,Unknown,51%,False,"December 17–23, 2003"
2004,State,Michigan,MI,,General,Detroit News,2004-10-26 to 2004-10-28,2004-10-26,2004-10-28,600 LV,4.0,John Kerry,Unknown,43%,False,October 26–28
2004,State,Michigan,MI,,General,Detroit News,2004-10-23 to 2004-10-25,2004-10-23,2004-10-25,600 LV,,John Kerry,Unknown,45%,False,October 23–25
2004,State,Michigan,MI,,General,EPIC-MRA,2004-10-18 to 2004-10-21,2004-10-18,2004-10-21,610 LV,4.0,John Kerry,Unknown,49%,False,October 18–21
2004,State,Michigan,MI,,General,Detroit News,2004-10-17 to 2004-10-19,2004-10-17,2004-10-19,600 LV,,John Kerry,Unknown,43%,False,October 17–19
2004,State,Michigan,MI,,General,Wall Street Journal,2004-10-13 to 2004-10-18,2004-10-13,2004-10-18,"1,228 LV",2.8,John Kerry,Unknown,52.6%,False,October 13–18
2004,State,Michigan,MI,,General,Wall Street Journal,2004-09-20 to 2004-10-05,2004-09-20,2004-10-05,"1,207 LV",2.8,John Kerry,Unknown,54.1%,False,September 20–October 5
2004,State,Michigan,MI,,General,Inside Michigan Politics,2004-09-20 to 2004-09-24,2004-09-20,2004-09-24,600 RV,4.1,John Kerry,Unknown,45%,False,September 20–24
2004,State,Michigan,MI,,General,Fox News,2004-09-21 to 2004-09-22,2004-09-21,2004-09-22,800 LV,3.5,John Kerry,Unknown,46%,False,September 21–22
2004,State,Michigan,MI,,General,American Research Group,2004-09-17 to 2004-09-21,2004-09-17,2004-09-21,600 LV,4.0,John Kerry,Unknown,48%,False,September 17–21
2004,State,Michigan,MI,,General,EPIC-MRA,2004-09-15 to 2004-09-19,2004-09-15,2004-09-19,600 LV,4.0,John Kerry,Unknown,48%,False,September 15–19
2004,State,Michigan,MI,,General,Wall Street Journal,2004-09-13 to 2004-09-17,2004-09-13,2004-09-17,"1,139 LV",2.9,John Kerry,Unknown,51.9%,False,September 13–17
2004,State,Michigan,MI,,General,MSNBC,2004-09-14 to 2004-09-16,2004-09-14,2004-09-16,629 LV,4.0,John Kerry,Unknown,47%,False,September 14–16
2004,State,Michigan,MI,,General,CNN,2004-09-10 to 2004-09-13,2004-09-10,2004-09-13,673 LV,5.0,John Kerry,Unknown,50%,False,September 10–13
2004,State,Michigan,MI,,General,Wall Street Journal,2004-08-30 to 2004-09-03,2004-08-30,2004-09-03,"1,098 LV",3.0,John Kerry,Unknown,52%,False,August 30–September 3
2004,State,Michigan,MI,,General,Wall Street Journal,2004-08-16 to 2004-08-21,2004-08-16,2004-08-21,966 LV,3.2,John Kerry,Unknown,50.5%,False,August 16–21
2004,State,Michigan,MI,,General,American Research Group,2004-08-17 to 2004-08-19,2004-08-17,2004-08-19,600 LV,4.0,John Kerry,Unknown,48%,False,August 17–19
2004,State,Michigan,MI,,General,Detroit Free Press,2004-08-04 to 2004-08-10,2004-08-04,2004-08-10,600 LV,4.0,John Kerry,Unknown,49%,False,August 4–10
2004,State,Michigan,MI,,General,Wall Street Journal,2004-07-26 to 2004-07-30,2004-07-26,2004-07-30,"1,022 LV",3.1,John Kerry,Unknown,52.1%,False,July 26–30
2004,State,Michigan,MI,,General,Wall Street Journal,2004-07-19 to 2004-07-23,2004-07-19,2004-07-23,985 LV,3.1,John Kerry,Unknown,52.6%,False,July 19–23
2004,State,Michigan,MI,,General,Wall Street Journal,2004-07-06 to 2004-07-10,2004-07-06,2004-07-10,863 LV,3.3,John Kerry,Unknown,50%,False,July 6–10
2004,State,Michigan,MI,,General,EPIC-MRA,2004-07-06 to 2004-07-08,2004-07-06,2004-07-08,600 LV,4.0,John Kerry,Unknown,47%,False,July 6–8
2004,State,Michigan,MI,,General,American Research Group,2004-07-06 to 2004-07-08,2004-07-06,2004-07-08,600 LV,4.0,John Kerry,Unknown,50%,False,July 6–8
2004,State,Michigan,MI,,General,Detroit News,2004-06-24 to 2004-06-30,2004-06-24,2004-06-30,400 LV,5.0,John Kerry,Unknown,43%,False,June 24–30
2004,State,Michigan,MI,,General,Fox News,2004-06-22 to 2004-06-23,2004-06-22,2004-06-23,750 RV,4.0,John Kerry,Unknown,40%,False,June 22–23
2004,State,Michigan,MI,,General,Wall Street Journal,2004-06-15 to 2004-06-20,2004-06-15,2004-06-20,916 LV,3.2,John Kerry,Unknown,46.1%,False,June 15–20
2004,State,Michigan,MI,,General,Los Angeles Times,2004-06-05 to 2004-06-08,2004-06-05,2004-06-08,Not reported,,John Kerry,Unknown,42%,False,June 5–8
2004,State,Michigan,MI,,General,Detroit Free Press,2004-06-02 to 2004-06-06,2004-06-02,2004-06-06,600 LV,4.0,John Kerry,Unknown,45%,False,June 2–6
2004,State,Michigan,MI,,General,Wall Street Journal,2004-06-01 to 2004-06-06,2004-06-01,2004-06-06,"1,400 LV",2.6,John Kerry,Unknown,49.1%,False,June 1–6
2004,State,Michigan,MI,,General,Wall Street Journal,2004-05-18 to 2004-05-23,2004-05-18,2004-05-23,612 LV,4.0,John Kerry,Unknown,49.5%,False,May 18–23
2004,State,Michigan,MI,,General,Detroit News,2004-05-11 to 2004-05-12,2004-05-11,2004-05-12,413 LV,5.0,John Kerry,Unknown,40%,False,May 11–12
2004,State,Michigan,MI,,General,EPIC-MRA,2004-03-28 to 2004-04-01,2004-03-28,2004-04-01,600 LV,4.0,John Kerry,Unknown,45%,False,March 28–April 1
2004,State,Michigan,MI,,General,Mitchell Research & Communications,2004-02-26 to 2004-03-01,2004-02-26,2004-03-01,600 LV,4.0,John Kerry,Unknown,46%,False,February 26–March 1
2004,State,Michigan,MI,,General,Detroit News,2004-10-26 to 2004-10-28,2004-10-26,2004-10-28,600 LV,4.0,George W. Bush,Unknown,41%,False,October 26–28
2004,State,Michigan,MI,,General,Detroit News,2004-10-23 to 2004-10-25,2004-10-23,2004-10-25,600 LV,,George W. Bush,Unknown,44%,False,October 23–25
2004,State,Michigan,MI,,General,EPIC-MRA,2004-10-18 to 2004-10-21,2004-10-18,2004-10-21,610 LV,4.0,George W. Bush,Unknown,43%,False,October 18–21
2004,State,Michigan,MI,,General,Detroit News,2004-10-17 to 2004-10-19,2004-10-17,2004-10-19,600 LV,,George W. Bush,Unknown,47%,False,October 17–19
2004,State,Michigan,MI,,General,Wall Street Journal,2004-10-13 to 2004-10-18,2004-10-13,2004-10-18,"1,228 LV",2.8,George W. Bush,Unknown,45.9%,False,October 13–18
2004,State,Michigan,MI,,General,Wall Street Journal,2004-09-20 to 2004-10-05,2004-09-20,2004-10-05,"1,207 LV",2.8,George W. Bush,Unknown,44.4%,False,September 20–October 5
2004,State,Michigan,MI,,General,Inside Michigan Politics,2004-09-20 to 2004-09-24,2004-09-20,2004-09-24,600 RV,4.1,George W. Bush,Unknown,43%,False,September 20–24
2004,State,Michigan,MI,,General,Fox News,2004-09-21 to 2004-09-22,2004-09-21,2004-09-22,800 LV,3.5,George W. Bush,Unknown,44%,False,September 21–22
2004,State,Michigan,MI,,General,American Research Group,2004-09-17 to 2004-09-21,2004-09-17,2004-09-21,600 LV,4.0,George W. Bush,Unknown,40%,False,September 17–21
2004,State,Michigan,MI,,General,EPIC-MRA,2004-09-15 to 2004-09-19,2004-09-15,2004-09-19,600 LV,4.0,George W. Bush,Unknown,44%,False,September 15–19
2004,State,Michigan,MI,,General,Wall Street Journal,2004-09-13 to 2004-09-17,2004-09-13,2004-09-17,"1,139 LV",2.9,George W. Bush,Unknown,45.9%,False,September 13–17
2004,State,Michigan,MI,,General,MSNBC,2004-09-14 to 2004-09-16,2004-09-14,2004-09-16,629 LV,4.0,George W. Bush,Unknown,41%,False,September 14–16
2004,State,Michigan,MI,,General,CNN,2004-09-10 to 2004-09-13,2004-09-10,2004-09-13,673 LV,5.0,George W. Bush,Unknown,44%,False,September 10–13
2004,State,Michigan,MI,,General,Wall Street Journal,2004-08-30 to 2004-09-03,2004-08-30,2004-09-03,"1,098 LV",3.0,George W. Bush,Unknown,45.4%,False,August 30–September 3
2004,State,Michigan,MI,,General,Wall Street Journal,2004-08-16 to 2004-08-21,2004-08-16,2004-08-21,966 LV,3.2,George W. Bush,Unknown,45.3%,False,August 16–21
2004,State,Michigan,MI,,General,American Research Group,2004-08-17 to 2004-08-19,2004-08-17,2004-08-19,600 LV,4.0,George W. Bush,Unknown,45%,False,August 17–19
2004,State,Michigan,MI,,General,Detroit Free Press,2004-08-04 to 2004-08-10,2004-08-04,2004-08-10,600 LV,4.0,George W. Bush,Unknown,42%,False,August 4–10
2004,State,Michigan,MI,,General,Wall Street Journal,2004-07-26 to 2004-07-30,2004-07-26,2004-07-30,"1,022 LV",3.1,George W. Bush,Unknown,44.6%,False,July 26–30
2004,State,Michigan,MI,,General,Wall Street Journal,2004-07-19 to 2004-07-23,2004-07-19,2004-07-23,985 LV,3.1,George W. Bush,Unknown,43.9%,False,July 19–23
2004,State,Michigan,MI,,General,Wall Street Journal,2004-07-06 to 2004-07-10,2004-07-06,2004-07-10,863 LV,3.3,George W. Bush,Unknown,44.1%,False,July 6–10
2004,State,Michigan,MI,,General,EPIC-MRA,2004-07-06 to 2004-07-08,2004-07-06,2004-07-08,600 LV,4.0,George W. Bush,Unknown,44%,False,July 6–8
2004,State,Michigan,MI,,General,Detroit News,2004-06-24 to 2004-06-30,2004-06-24,2004-06-30,400 LV,5.0,George W. Bush,Unknown,44%,False,June 24–30
2004,State,Michigan,MI,,General,Fox News,2004-06-22 to 2004-06-23,2004-06-22,2004-06-23,750 RV,4.0,George W. Bush,Unknown,42%,False,June 22–23
2004,State,Michigan,MI,,General,Wall Street Journal,2004-06-15 to 2004-06-20,2004-06-15,2004-06-20,916 LV,3.2,George W. Bush,Unknown,46.8%,False,June 15–20
2004,State,Michigan,MI,,General,Los Angeles Times,2004-06-05 to 2004-06-08,2004-06-05,2004-06-08,Not reported,,George W. Bush,Unknown,44%,False,June 5–8
2004,State,Michigan,MI,,General,Detroit Free Press,2004-06-02 to 2004-06-06,2004-06-02,2004-06-06,600 LV,4.0,George W. Bush,Unknown,43%,False,June 2–6
2004,State,Michigan,MI,,General,Wall Street Journal,2004-06-01 to 2004-06-06,2004-06-01,2004-06-06,"1,400 LV",2.6,George W. Bush,Unknown,45.1%,False,June 1–6
2004,State,Michigan,MI,,General,Wall Street Journal,2004-05-18 to 2004-05-23,2004-05-18,2004-05-23,612 LV,4.0,George W. Bush,Unknown,41.2%,False,May 18–23
2004,State,Michigan,MI,,General,Detroit News,2004-05-11 to 2004-05-12,2004-05-11,2004-05-12,413 LV,5.0,George W. Bush,Unknown,44%,False,May 11–12
2004,State,Michigan,MI,,General,EPIC-MRA,2004-03-28 to 2004-04-01,2004-03-28,2004-04-01,600 LV,4.0,George W. Bush,Unknown,43%,False,March 28–April 1
2004,State,Michigan,MI,,General,Mitchell Research & Communications,2004-02-26 to 2004-03-01,2004-02-26,2004-03-01,600 LV,4.0,George W. Bush,Unknown,40%,False,February 26–March 1
2004,State,Michigan,MI,,General,Detroit News,2004-10-26 to 2004-10-28,2004-10-26,2004-10-28,600 LV,4.0,Ralph Nader,Unknown,2%,False,October 26–28
2004,State,Michigan,MI,,General,Detroit News,2004-10-23 to 2004-10-25,2004-10-23,2004-10-25,600 LV,,Ralph Nader,Unknown,1%,False,October 23–25
2004,State,Michigan,MI,,General,EPIC-MRA,2004-10-18 to 2004-10-21,2004-10-18,2004-10-21,610 LV,4.0,Ralph Nader,Unknown,1%,False,October 18–21
2004,State,Michigan,MI,,General,Detroit News,2004-10-17 to 2004-10-19,2004-10-17,2004-10-19,600 LV,,Ralph Nader,Unknown,1%,False,October 17–19
2004,State,Michigan,MI,,General,Wall Street Journal,2004-10-13 to 2004-10-18,2004-10-13,2004-10-18,"1,228 LV",2.8,Ralph Nader,Unknown,0.4%,False,October 13–18
2004,State,Michigan,MI,,General,Wall Street Journal,2004-09-20 to 2004-10-05,2004-09-20,2004-10-05,"1,207 LV",2.8,Ralph Nader,Unknown,0.3%,False,September 20–October 5
2004,State,Michigan,MI,,General,Inside Michigan Politics,2004-09-20 to 2004-09-24,2004-09-20,2004-09-24,600 RV,4.1,Ralph Nader,Unknown,1%,False,September 20–24
2004,State,Michigan,MI,,General,Fox News,2004-09-21 to 2004-09-22,2004-09-21,2004-09-22,800 LV,3.5,Ralph Nader,Unknown,1%,False,September 21–22
2004,State,Michigan,MI,,General,American Research Group,2004-09-17 to 2004-09-21,2004-09-17,2004-09-21,600 LV,4.0,Ralph Nader,Unknown,1%,False,September 17–21
2004,State,Michigan,MI,,General,EPIC-MRA,2004-09-15 to 2004-09-19,2004-09-15,2004-09-19,600 LV,4.0,Ralph Nader,Unknown,2%,False,September 15–19
2004,State,Michigan,MI,,General,Wall Street Journal,2004-09-13 to 2004-09-17,2004-09-13,2004-09-17,"1,139 LV",2.9,Ralph Nader,Unknown,0.8%,False,September 13–17
2004,State,Michigan,MI,,General,MSNBC,2004-09-14 to 2004-09-16,2004-09-14,2004-09-16,629 LV,4.0,Ralph Nader,Unknown,2%,False,September 14–16
2004,State,Michigan,MI,,General,CNN,2004-09-10 to 2004-09-13,2004-09-10,2004-09-13,673 LV,5.0,Ralph Nader,Unknown,1%,False,September 10–13
2004,State,Michigan,MI,,General,Wall Street Journal,2004-08-30 to 2004-09-03,2004-08-30,2004-09-03,"1,098 LV",3.0,Ralph Nader,Unknown,0.7%,False,August 30–September 3
2004,State,Michigan,MI,,General,Wall Street Journal,2004-08-16 to 2004-08-21,2004-08-16,2004-08-21,966 LV,3.2,Ralph Nader,Unknown,0.7%,False,August 16–21
2004,State,Michigan,MI,,General,American Research Group,2004-08-17 to 2004-08-19,2004-08-17,2004-08-19,600 LV,4.0,Ralph Nader,Unknown,1%,False,August 17–19
2004,State,Michigan,MI,,General,Detroit Free Press,2004-08-04 to 2004-08-10,2004-08-04,2004-08-10,600 LV,4.0,Ralph Nader,Unknown,3%,False,August 4–10
2004,State,Michigan,MI,,General,Wall Street Journal,2004-07-26 to 2004-07-30,2004-07-26,2004-07-30,"1,022 LV",3.1,Ralph Nader,Unknown,1.2%,False,July 26–30
2004,State,Michigan,MI,,General,Wall Street Journal,2004-07-19 to 2004-07-23,2004-07-19,2004-07-23,985 LV,3.1,Ralph Nader,Unknown,1.3%,False,July 19–23
2004,State,Michigan,MI,,General,Wall Street Journal,2004-07-06 to 2004-07-10,2004-07-06,2004-07-10,863 LV,3.3,Ralph Nader,Unknown,1.9%,False,July 6–10
2004,State,Michigan,MI,,General,EPIC-MRA,2004-07-06 to 2004-07-08,2004-07-06,2004-07-08,600 LV,4.0,Ralph Nader,Unknown,3%,False,July 6–8
2004,State,Michigan,MI,,General,American Research Group,2004-07-06 to 2004-07-08,2004-07-06,2004-07-08,600 LV,4.0,Ralph Nader,Unknown,2%,False,July 6–8
2004,State,Michigan,MI,,General,Detroit News,2004-06-24 to 2004-06-30,2004-06-24,2004-06-30,400 LV,5.0,Ralph Nader,Unknown,4%,False,June 24–30
2004,State,Michigan,MI,,General,Fox News,2004-06-22 to 2004-06-23,2004-06-22,2004-06-23,750 RV,4.0,Ralph Nader,Unknown,5%,False,June 22–23
2004,State,Michigan,MI,,General,Wall Street Journal,2004-06-15 to 2004-06-20,2004-06-15,2004-06-20,916 LV,3.2,Ralph Nader,Unknown,2.3%,False,June 15–20
2004,State,Michigan,MI,,General,Los Angeles Times,2004-06-05 to 2004-06-08,2004-06-05,2004-06-08,Not reported,,Ralph Nader,Unknown,4%,False,June 5–8
2004,State,Michigan,MI,,General,Detroit Free Press,2004-06-02 to 2004-06-06,2004-06-02,2004-06-06,600 LV,4.0,Ralph Nader,Unknown,3%,False,June 2–6
2004,State,Michigan,MI,,General,Wall Street Journal,2004-06-01 to 2004-06-06,2004-06-01,2004-06-06,"1,400 LV",2.6,Ralph Nader,Unknown,1.1%,False,June 1–6
2004,State,Michigan,MI,,General,Wall Street Journal,2004-05-18 to 2004-05-23,2004-05-18,2004-05-23,612 LV,4.0,Ralph Nader,Unknown,2.4%,False,May 18–23
2004,State,Michigan,MI,,General,Detroit News,2004-05-11 to 2004-05-12,2004-05-11,2004-05-12,413 LV,5.0,Ralph Nader,Unknown,2%,False,May 11–12
2004,State,Michigan,MI,,General,EPIC-MRA,2004-03-28 to 2004-04-01,2004-03-28,2004-04-01,600 LV,4.0,Ralph Nader,Unknown,3%,False,March 28–April 1
2004,State,Michigan,MI,,General,Mitchell Research & Communications,2004-02-26 to 2004-03-01,2004-02-26,2004-03-01,600 LV,4.0,Ralph Nader,Unknown,4%,False,February 26–March 1
2004,State,Minnesota,MN,,General,Reuters,2004-10-29 to 2004-11-01,2004-10-29,2004-11-01,601 LV,4.1,John Kerry,Unknown,51%,False,October 29–November 1
2004,State,Minnesota,MN,,General,Rasmussen Reports,2004-10-25 to 2004-10-31,2004-10-25,2004-10-31,Not reported,5.0,John Kerry,Unknown,48%,False,October 25–31
2004,State,Minnesota,MN,,General,St. Paul Pioneer Press,2004-10-27 to 2004-10-29,2004-10-27,2004-10-29,625 LV,4.0,John Kerry,Unknown,47%,False,October 27–29
2004,State,Minnesota,MN,,General,Reuters,2004-10-25 to 2004-10-28,2004-10-25,2004-10-28,603 LV,4.1,John Kerry,Unknown,45%,False,October 25–28
2004,State,Minnesota,MN,,General,Humphrey Institute,2004-10-21 to 2004-10-26,2004-10-21,2004-10-26,690 LV,4.0,John Kerry,Unknown,47%,False,October 21–26
2004,State,Minnesota,MN,,General,St. Cloud State University,2004-10-19 to 2004-10-26,2004-10-19,2004-10-26,Not reported,,John Kerry,Unknown,49%,False,October 19–26
2004,State,Minnesota,MN,,General,Reuters,2004-10-21 to 2004-10-24,2004-10-21,2004-10-24,603 LV,4.1,John Kerry,Unknown,46%,False,October 21–24
2004,State,Minnesota,MN,,General,Rasmussen Reports,2004-10-18 to 2004-10-24,2004-10-18,2004-10-24,Not reported,5.0,John Kerry,Unknown,46%,False,October 18–24
2004,State,Minnesota,MN,,General,Rasmussen Reports,2004-10-11 to 2004-10-17,2004-10-11,2004-10-17,772 LV,4.0,John Kerry,Unknown,48%,False,October 11–17
2004,State,Minnesota,MN,,General,Rasmussen Reports,2004-10-04 to 2004-10-10,2004-10-04,2004-10-10,500 LV,4.5,John Kerry,Unknown,48%,False,October 4–10
2004,State,Minnesota,MN,,General,Rasmussen Reports,2004-09-27 to 2004-10-03,2004-09-27,2004-10-03,500 LV,4.5,John Kerry,Unknown,48%,False,September 27–October 3
2004,State,Minnesota,MN,,General,Rasmussen Reports,2004-09-18 to 2004-09-24,2004-09-18,2004-09-24,500 LV,4.5,John Kerry,Unknown,48%,False,September 18–24
2004,State,Minnesota,MN,,General,St. Paul Pioneer Press,2004-09-14 to 2004-09-16,2004-09-14,2004-09-16,625 LV,4.0,John Kerry,Unknown,45%,False,September 14–16
2004,State,Minnesota,MN,,General,CNN,2004-09-11 to 2004-09-14,2004-09-11,2004-09-14,675 LV,4.0,John Kerry,Unknown,46%,False,September 11–14
2004,State,Minnesota,MN,,General,Rasmussen Reports,2004-08-27 to 2004-09-03,2004-08-27,2004-09-03,400 LV,5.0,John Kerry,Unknown,46%,False,August 27–September 3
2004,State,Minnesota,MN,,General,Rasmussen Reports,2004-08-01 to 2004-08-26,2004-08-01,2004-08-26,Not reported,5.0,John Kerry,Unknown,48%,False,August 1–26
2004,State,Minnesota,MN,,General,Rasmussen Reports,2004-07-01 to 2004-07-31,2004-07-01,2004-07-31,Not reported,5.0,John Kerry,Unknown,49%,False,July 1–31
2004,State,Minnesota,MN,,General,St. Paul Pioneer Press,2004-07-12 to 2004-07-14,2004-07-12,2004-07-14,625 RV,4.0,John Kerry,Unknown,48%,False,July 12–14
2004,State,Minnesota,MN,,General,Humphrey Institute,2004-06-21 to 2004-07-12,2004-06-21,2004-07-12,589 RV,4.0,John Kerry,Unknown,49%,False,June 21–July 12
2004,State,Minnesota,MN,,General,Rasmussen Reports,2004-06-01 to 2004-06-30,2004-06-01,2004-06-30,Not reported,5.0,John Kerry,Unknown,50%,False,June 1–30
2004,State,Minnesota,MN,,General,Republican National Committee,2004-06-01 to 2004-06-06,2004-06-01,2004-06-06,800 LV,3.46,John Kerry,Unknown,46.5%,False,June 1–June 6
2004,State,Minnesota,MN,,General,Rasmussen Reports,2004-05-01 to 2004-05-31,2004-05-01,2004-05-31,Not reported,5.0,John Kerry,Unknown,48%,False,May 1–31
2004,State,Minnesota,MN,,General,St. Paul Pioneer Press,2004-05-24 to 2004-05-26,2004-05-24,2004-05-26,625 RV,4.0,John Kerry,Unknown,45%,False,May 24–26
2004,State,Minnesota,MN,,General,Rasmussen Reports,2004-03-23,2004-03-23,2004-03-23,500 LV,4.5,John Kerry,Unknown,47%,False,March 23
2004,State,Minnesota,MN,,General,St. Paul Pioneer Press,2004-01-26 to 2004-01-28,2004-01-26,2004-01-28,625 RV,4.0,John Kerry,Unknown,43%,False,January 26–28
2004,State,Minnesota,MN,,General,Reuters,2004-10-29 to 2004-11-01,2004-10-29,2004-11-01,601 LV,4.1,George W. Bush,Unknown,45%,False,October 29–November 1
2004,State,Minnesota,MN,,General,Rasmussen Reports,2004-10-25 to 2004-10-31,2004-10-25,2004-10-31,Not reported,5.0,George W. Bush,Unknown,47%,False,October 25–31
2004,State,Minnesota,MN,,General,St. Paul Pioneer Press,2004-10-27 to 2004-10-29,2004-10-27,2004-10-29,625 LV,4.0,George W. Bush,Unknown,48%,False,October 27–29
2004,State,Minnesota,MN,,General,Reuters,2004-10-25 to 2004-10-28,2004-10-25,2004-10-28,603 LV,4.1,George W. Bush,Unknown,46%,False,October 25–28
2004,State,Minnesota,MN,,General,Humphrey Institute,2004-10-21 to 2004-10-26,2004-10-21,2004-10-26,690 LV,4.0,George W. Bush,Unknown,48%,False,October 21–26
2004,State,Minnesota,MN,,General,St. Cloud State University,2004-10-19 to 2004-10-26,2004-10-19,2004-10-26,Not reported,,George W. Bush,Unknown,42%,False,October 19–26
2004,State,Minnesota,MN,,General,Reuters,2004-10-21 to 2004-10-24,2004-10-21,2004-10-24,603 LV,4.1,George W. Bush,Unknown,45%,False,October 21–24
2004,State,Minnesota,MN,,General,Rasmussen Reports,2004-10-18 to 2004-10-24,2004-10-18,2004-10-24,Not reported,5.0,George W. Bush,Unknown,48%,False,October 18–24
2004,State,Minnesota,MN,,General,Rasmussen Reports,2004-10-11 to 2004-10-17,2004-10-11,2004-10-17,772 LV,4.0,George W. Bush,Unknown,49%,False,October 11–17
2004,State,Minnesota,MN,,General,Rasmussen Reports,2004-10-04 to 2004-10-10,2004-10-04,2004-10-10,500 LV,4.5,George W. Bush,Unknown,45%,False,October 4–10
2004,State,Minnesota,MN,,General,Rasmussen Reports,2004-09-27 to 2004-10-03,2004-09-27,2004-10-03,500 LV,4.5,George W. Bush,Unknown,43%,False,September 27–October 3
2004,State,Minnesota,MN,,General,Rasmussen Reports,2004-09-18 to 2004-09-24,2004-09-18,2004-09-24,500 LV,4.5,George W. Bush,Unknown,50%,False,September 18–24
2004,State,Minnesota,MN,,General,St. Paul Pioneer Press,2004-09-14 to 2004-09-16,2004-09-14,2004-09-16,625 LV,4.0,George W. Bush,Unknown,46%,False,September 14–16
2004,State,Minnesota,MN,,General,CNN,2004-09-11 to 2004-09-14,2004-09-11,2004-09-14,675 LV,4.0,George W. Bush,Unknown,48%,False,September 11–14
2004,State,Minnesota,MN,,General,Rasmussen Reports,2004-08-27 to 2004-09-03,2004-08-27,2004-09-03,400 LV,5.0,George W. Bush,Unknown,46%,False,August 27–September 3
2004,State,Minnesota,MN,,General,Rasmussen Reports,2004-08-01 to 2004-08-26,2004-08-01,2004-08-26,Not reported,5.0,George W. Bush,Unknown,44%,False,August 1–26
2004,State,Minnesota,MN,,General,Rasmussen Reports,2004-07-01 to 2004-07-31,2004-07-01,2004-07-31,Not reported,5.0,George W. Bush,Unknown,42%,False,July 1–31
2004,State,Minnesota,MN,,General,St. Paul Pioneer Press,2004-07-12 to 2004-07-14,2004-07-12,2004-07-14,625 RV,4.0,George W. Bush,Unknown,45%,False,July 12–14
2004,State,Minnesota,MN,,General,Humphrey Institute,2004-06-21 to 2004-07-12,2004-06-21,2004-07-12,589 RV,4.0,George W. Bush,Unknown,45.8%,False,June 21–July 12
2004,State,Minnesota,MN,,General,Rasmussen Reports,2004-06-01 to 2004-06-30,2004-06-01,2004-06-30,Not reported,5.0,George W. Bush,Unknown,41%,False,June 1–30
2004,State,Minnesota,MN,,General,Republican National Committee,2004-06-01 to 2004-06-06,2004-06-01,2004-06-06,800 LV,3.46,George W. Bush,Unknown,42.2%,False,June 1–June 6
2004,State,Minnesota,MN,,General,Rasmussen Reports,2004-05-01 to 2004-05-31,2004-05-01,2004-05-31,Not reported,5.0,George W. Bush,Unknown,43%,False,May 1–31
2004,State,Minnesota,MN,,General,St. Paul Pioneer Press,2004-05-24 to 2004-05-26,2004-05-24,2004-05-26,625 RV,4.0,George W. Bush,Unknown,41%,False,May 24–26
2004,State,Minnesota,MN,,General,Rasmussen Reports,2004-03-23,2004-03-23,2004-03-23,500 LV,4.5,George W. Bush,Unknown,44%,False,March 23
2004,State,Minnesota,MN,,General,St. Paul Pioneer Press,2004-01-26 to 2004-01-28,2004-01-26,2004-01-28,625 RV,4.0,George W. Bush,Unknown,41%,False,January 26–28
2004,State,Minnesota,MN,,General,CNN,2004-10-28 to 2004-10-30,2004-10-28,2004-10-30,"1,078 LV",4.0,John Kerry,Unknown,52%,False,October 28–30
2004,State,Minnesota,MN,,General,Minnesota Star Tribune,2004-10-26 to 2004-10-29,2004-10-26,2004-10-29,996 LV,3.5,John Kerry,Unknown,49%,False,October 26–29
2004,State,Minnesota,MN,,General,St. Paul Pioneer Press,2004-10-15 to 2004-10-18,2004-10-15,2004-10-18,625 LV,4.0,John Kerry,Unknown,45%,False,October 15–18
2004,State,Minnesota,MN,,General,Wall Street Journal,2004-10-13 to 2004-10-18,2004-10-13,2004-10-18,792 LV,3.5,John Kerry,Unknown,54.2%,False,October 13–18
2004,State,Minnesota,MN,,General,Star Tribune,2004-10-09 to 2004-10-11,2004-10-09,2004-10-11,809 LV,3.4,John Kerry,Unknown,48%,False,October 9–11
2004,State,Minnesota,MN,,General,Chicago Tribune,2004-10-08 to 2004-10-11,2004-10-08,2004-10-11,500 LV,4.4,John Kerry,Unknown,45%,False,October 8–11
2004,State,Minnesota,MN,,General,Wall Street Journal,2004-09-30 to 2004-10-05,2004-09-30,2004-10-05,814 LV,3.4,John Kerry,Unknown,52.4%,False,September 30−October 5
2004,State,Minnesota,MN,,General,America Coming Together,2004-10-02 to 2004-10-04,2004-10-02,2004-10-04,801 RV,3.0,John Kerry,Unknown,50%,False,October 2–4
2004,State,Minnesota,MN,,General,Wall Street Journal,2004-09-13 to 2004-09-17,2004-09-13,2004-09-17,730 LV,3.6,John Kerry,Unknown,51.7%,False,September 13–17
2004,State,Minnesota,MN,,General,Minnesota Public Radio,2004-09-11 to 2004-09-14,2004-09-11,2004-09-14,625 LV,4.0,John Kerry,Unknown,44%,False,September 11–14
2004,State,Minnesota,MN,,General,CNN,2004-09-11 to 2004-09-14,2004-09-11,2004-09-14,675 LV,4.0,John Kerry,Unknown,45%,False,September 11–14
2004,State,Minnesota,MN,,General,American Research Group,2004-09-10 to 2004-09-12,2004-09-10,2004-09-12,600 LV,4.0,John Kerry,Unknown,47%,False,September 10–12
2004,State,Minnesota,MN,,General,Wall Street Journal,2004-08-30 to 2004-09-03,2004-08-30,2004-09-03,725 LV,3.6,John Kerry,Unknown,50.3%,False,August 30–September 3
2004,State,Minnesota,MN,,General,Wall Street Journal,2004-08-16 to 2004-08-21,2004-08-16,2004-08-21,673 LV,3.8,John Kerry,Unknown,50.3%,False,August 16–21
2004,State,Minnesota,MN,,General,Wall Street Journal,2004-07-26 to 2004-07-30,2004-07-26,2004-07-30,652 LV,3.8,John Kerry,Unknown,51.8%,False,July 26–30
2004,State,Minnesota,MN,,General,Wall Street Journal,2004-07-19 to 2004-07-23,2004-07-19,2004-07-23,632 LV,3.9,John Kerry,Unknown,50.6%,False,July 19–23
2004,State,Minnesota,MN,,General,St. Paul Pioneer Press,2004-07-12 to 2004-07-14,2004-07-12,2004-07-14,625 RV,4.0,John Kerry,Unknown,45%,False,July 12–14
2004,State,Minnesota,MN,,General,Wall Street Journal,2004-07-06 to 2004-07-10,2004-07-06,2004-07-10,573 LV,4.1,John Kerry,Unknown,49.3%,False,July 6–10
2004,State,Minnesota,MN,,General,Wall Street Journal,2004-06-15 to 2004-06-20,2004-06-15,2004-06-20,649 LV,3.9,John Kerry,Unknown,49.8%,False,June 15–20
2004,State,Minnesota,MN,,General,Wall Street Journal,2004-06-01 to 2004-06-06,2004-06-01,2004-06-06,672 LV,3.8,John Kerry,Unknown,50.7%,False,June 1–6
2004,State,Minnesota,MN,,General,St. Paul Pioneer Press,2004-05-24 to 2004-05-26,2004-05-24,2004-05-26,625 RV,4.0,John Kerry,Unknown,44%,False,May 24–26
2004,State,Minnesota,MN,,General,Wall Street Journal,2004-05-18 to 2004-05-23,2004-05-18,2004-05-23,928 LV,3.2,John Kerry,Unknown,51.3%,False,May 18–23
2004,State,Minnesota,MN,,General,Star Tribune,2004-03-28 to 2004-03-31,2004-03-28,2004-03-31,562 LV,4.1,John Kerry,Unknown,50%,False,March 28–31
2004,State,Minnesota,MN,,General,CNN,2004-10-28 to 2004-10-30,2004-10-28,2004-10-30,"1,078 LV",4.0,George W. Bush,Unknown,44%,False,October 28–30
2004,State,Minnesota,MN,,General,Minnesota Star Tribune,2004-10-26 to 2004-10-29,2004-10-26,2004-10-29,996 LV,3.5,George W. Bush,Unknown,41%,False,October 26–29
2004,State,Minnesota,MN,,General,St. Paul Pioneer Press,2004-10-15 to 2004-10-18,2004-10-15,2004-10-18,625 LV,4.0,George W. Bush,Unknown,47%,False,October 15–18
2004,State,Minnesota,MN,,General,Wall Street Journal,2004-10-13 to 2004-10-18,2004-10-13,2004-10-18,792 LV,3.5,George W. Bush,Unknown,43.1%,False,October 13–18
2004,State,Minnesota,MN,,General,Star Tribune,2004-10-09 to 2004-10-11,2004-10-09,2004-10-11,809 LV,3.4,George W. Bush,Unknown,43%,False,October 9–11
2004,State,Minnesota,MN,,General,Chicago Tribune,2004-10-08 to 2004-10-11,2004-10-08,2004-10-11,500 LV,4.4,George W. Bush,Unknown,43%,False,October 8–11
2004,State,Minnesota,MN,,General,Wall Street Journal,2004-09-30 to 2004-10-05,2004-09-30,2004-10-05,814 LV,3.4,George W. Bush,Unknown,44.1%,False,September 30−October 5
2004,State,Minnesota,MN,,General,America Coming Together,2004-10-02 to 2004-10-04,2004-10-02,2004-10-04,801 RV,3.0,George W. Bush,Unknown,43%,False,October 2–4
2004,State,Minnesota,MN,,General,Wall Street Journal,2004-09-13 to 2004-09-17,2004-09-13,2004-09-17,730 LV,3.6,George W. Bush,Unknown,42%,False,September 13–17
2004,State,Minnesota,MN,,General,Minnesota Public Radio,2004-09-11 to 2004-09-14,2004-09-11,2004-09-14,625 LV,4.0,George W. Bush,Unknown,46%,False,September 11–14
2004,State,Minnesota,MN,,General,CNN,2004-09-11 to 2004-09-14,2004-09-11,2004-09-14,675 LV,4.0,George W. Bush,Unknown,45%,False,September 11–14
2004,State,Minnesota,MN,,General,American Research Group,2004-09-10 to 2004-09-12,2004-09-10,2004-09-12,600 LV,4.0,George W. Bush,Unknown,45%,False,September 10–12
2004,State,Minnesota,MN,,General,Wall Street Journal,2004-08-30 to 2004-09-03,2004-08-30,2004-09-03,725 LV,3.6,George W. Bush,Unknown,43.5%,False,August 30–September 3
2004,State,Minnesota,MN,,General,Wall Street Journal,2004-08-16 to 2004-08-21,2004-08-16,2004-08-21,673 LV,3.8,George W. Bush,Unknown,44.6%,False,August 16–21
2004,State,Minnesota,MN,,General,Wall Street Journal,2004-07-26 to 2004-07-30,2004-07-26,2004-07-30,652 LV,3.8,George W. Bush,Unknown,43.7%,False,July 26–30
2004,State,Minnesota,MN,,General,Wall Street Journal,2004-07-19 to 2004-07-23,2004-07-19,2004-07-23,632 LV,3.9,George W. Bush,Unknown,44.2%,False,July 19–23
2004,State,Minnesota,MN,,General,St. Paul Pioneer Press,2004-07-12 to 2004-07-14,2004-07-12,2004-07-14,625 RV,4.0,George W. Bush,Unknown,44%,False,July 12–14
2004,State,Minnesota,MN,,General,Wall Street Journal,2004-07-06 to 2004-07-10,2004-07-06,2004-07-10,573 LV,4.1,George W. Bush,Unknown,44.1%,False,July 6–10
2004,State,Minnesota,MN,,General,Wall Street Journal,2004-06-15 to 2004-06-20,2004-06-15,2004-06-20,649 LV,3.9,George W. Bush,Unknown,45.2%,False,June 15–20
2004,State,Minnesota,MN,,General,Wall Street Journal,2004-06-01 to 2004-06-06,2004-06-01,2004-06-06,672 LV,3.8,George W. Bush,Unknown,43.6%,False,June 1–6
2004,State,Minnesota,MN,,General,Wall Street Journal,2004-05-18 to 2004-05-23,2004-05-18,2004-05-23,928 LV,3.2,George W. Bush,Unknown,42%,False,May 18–23
2004,State,Minnesota,MN,,General,Star Tribune,2004-03-28 to 2004-03-31,2004-03-28,2004-03-31,562 LV,4.1,George W. Bush,Unknown,38%,False,March 28–31
2004,State,Minnesota,MN,,General,CNN,2004-10-28 to 2004-10-30,2004-10-28,2004-10-30,"1,078 LV",4.0,Ralph Nader,Unknown,1%,False,October 28–30
2004,State,Minnesota,MN,,General,Minnesota Star Tribune,2004-10-26 to 2004-10-29,2004-10-26,2004-10-29,996 LV,3.5,Ralph Nader,Unknown,1%,False,October 26–29
2004,State,Minnesota,MN,,General,St. Paul Pioneer Press,2004-10-15 to 2004-10-18,2004-10-15,2004-10-18,625 LV,4.0,Ralph Nader,Unknown,2%,False,October 15–18
2004,State,Minnesota,MN,,General,Wall Street Journal,2004-10-13 to 2004-10-18,2004-10-13,2004-10-18,792 LV,3.5,Ralph Nader,Unknown,1.1%,False,October 13–18
2004,State,Minnesota,MN,,General,Star Tribune,2004-10-09 to 2004-10-11,2004-10-09,2004-10-11,809 LV,3.4,Ralph Nader,Unknown,2%,False,October 9–11
2004,State,Minnesota,MN,,General,Chicago Tribune,2004-10-08 to 2004-10-11,2004-10-08,2004-10-11,500 LV,4.4,Ralph Nader,Unknown,2%,False,October 8–11
2004,State,Minnesota,MN,,General,Wall Street Journal,2004-09-30 to 2004-10-05,2004-09-30,2004-10-05,814 LV,3.4,Ralph Nader,Unknown,1.7%,False,September 30−October 5
2004,State,Minnesota,MN,,General,America Coming Together,2004-10-02 to 2004-10-04,2004-10-02,2004-10-04,801 RV,3.0,Ralph Nader,Unknown,1%,False,October 2–4
2004,State,Minnesota,MN,,General,Wall Street Journal,2004-09-13 to 2004-09-17,2004-09-13,2004-09-17,730 LV,3.6,Ralph Nader,Unknown,3.9%,False,September 13–17
2004,State,Minnesota,MN,,General,Minnesota Public Radio,2004-09-11 to 2004-09-14,2004-09-11,2004-09-14,625 LV,4.0,Ralph Nader,Unknown,1%,False,September 11–14
2004,State,Minnesota,MN,,General,CNN,2004-09-11 to 2004-09-14,2004-09-11,2004-09-14,675 LV,4.0,Ralph Nader,Unknown,5%,False,September 11–14
2004,State,Minnesota,MN,,General,American Research Group,2004-09-10 to 2004-09-12,2004-09-10,2004-09-12,600 LV,4.0,Ralph Nader,Unknown,2%,False,September 10–12
2004,State,Minnesota,MN,,General,Wall Street Journal,2004-08-30 to 2004-09-03,2004-08-30,2004-09-03,725 LV,3.6,Ralph Nader,Unknown,2.8%,False,August 30–September 3
2004,State,Minnesota,MN,,General,Wall Street Journal,2004-08-16 to 2004-08-21,2004-08-16,2004-08-21,673 LV,3.8,Ralph Nader,Unknown,1%,False,August 16–21
2004,State,Minnesota,MN,,General,Wall Street Journal,2004-07-26 to 2004-07-30,2004-07-26,2004-07-30,652 LV,3.8,Ralph Nader,Unknown,1.2%,False,July 26–30
2004,State,Minnesota,MN,,General,Wall Street Journal,2004-07-19 to 2004-07-23,2004-07-19,2004-07-23,632 LV,3.9,Ralph Nader,Unknown,1.7%,False,July 19–23
2004,State,Minnesota,MN,,General,St. Paul Pioneer Press,2004-07-12 to 2004-07-14,2004-07-12,2004-07-14,625 RV,4.0,Ralph Nader,Unknown,1%,False,July 12–14
2004,State,Minnesota,MN,,General,Wall Street Journal,2004-07-06 to 2004-07-10,2004-07-06,2004-07-10,573 LV,4.1,Ralph Nader,Unknown,2%,False,July 6–10
2004,State,Minnesota,MN,,General,Wall Street Journal,2004-06-15 to 2004-06-20,2004-06-15,2004-06-20,649 LV,3.9,Ralph Nader,Unknown,2.5%,False,June 15–20
2004,State,Minnesota,MN,,General,Wall Street Journal,2004-06-01 to 2004-06-06,2004-06-01,2004-06-06,672 LV,3.8,Ralph Nader,Unknown,2.3%,False,June 1–6
2004,State,Minnesota,MN,,General,St. Paul Pioneer Press,2004-05-24 to 2004-05-26,2004-05-24,2004-05-26,625 RV,4.0,Ralph Nader,Unknown,2%,False,May 24–26
2004,State,Minnesota,MN,,General,Wall Street Journal,2004-05-18 to 2004-05-23,2004-05-18,2004-05-23,928 LV,3.2,Ralph Nader,Unknown,3.4%,False,May 18–23
2004,State,Minnesota,MN,,General,Star Tribune,2004-03-28 to 2004-03-31,2004-03-28,2004-03-31,562 LV,4.1,Ralph Nader,Unknown,2%,False,March 28–31
2004,State,Minnesota,MN,,General,Humphrey Institute,2004-10-21 to 2004-10-26,2004-10-21,2004-10-26,690 LV,4.0,John Kerry,Unknown,44%,False,October 21–26
2004,State,Minnesota,MN,,General,Humphrey Institute,2004-06-21 to 2004-07-12,2004-06-21,2004-07-12,589 RV,4.0,John Kerry,Unknown,46.5%,False,June 21–July 12
2004,State,Minnesota,MN,,General,Humphrey Institute,2004-10-21 to 2004-10-26,2004-10-21,2004-10-26,690 LV,4.0,George W. Bush,Unknown,47%,False,October 21–26
2004,State,Minnesota,MN,,General,Humphrey Institute,2004-06-21 to 2004-07-12,2004-06-21,2004-07-12,589 RV,4.0,George W. Bush,Unknown,44.2%,False,June 21–July 12
2004,State,Minnesota,MN,,General,Humphrey Institute,2004-10-21 to 2004-10-26,2004-10-21,2004-10-26,690 LV,4.0,Ralph Nader,Unknown,5%,False,October 21–26
2004,State,Minnesota,MN,,General,Humphrey Institute,2004-06-21 to 2004-07-12,2004-06-21,2004-07-12,589 RV,4.0,Ralph Nader,Unknown,4.6%,False,June 21–July 12
2004,State,Minnesota,MN,,General,Humphrey Institute,2004-10-21 to 2004-10-26,2004-10-21,2004-10-26,690 LV,4.0,Michael Badnarik,Unknown,1%,False,October 21–26
2004,State,Minnesota,MN,,General,Humphrey Institute,2004-06-21 to 2004-07-12,2004-06-21,2004-07-12,589 RV,4.0,Michael Badnarik,Unknown,1%,False,June 21–July 12
2004,State,Minnesota,MN,,General,Star Tribune,2004-09-07 to 2004-09-13,2004-09-07,2004-09-13,"1,035 LV",3.0,John Kerry,Unknown,50%,False,September 7–13
2004,State,Minnesota,MN,,General,Star Tribune,2004-09-07 to 2004-09-13,2004-09-07,2004-09-13,"1,035 LV",3.0,George W. Bush,Unknown,41%,False,September 7–13
2004,State,Minnesota,MN,,General,Star Tribune,2004-09-07 to 2004-09-13,2004-09-07,2004-09-13,"1,035 LV",3.0,Ralph Nader,Unknown,0%,False,September 7–13
2004,State,Minnesota,MN,,General,Star Tribune,2004-09-07 to 2004-09-13,2004-09-07,2004-09-13,"1,035 LV",3.0,Michael Badnarik,Unknown,0%,False,September 7–13
2004,State,Minnesota,MN,,General,Star Tribune,2004-09-07 to 2004-09-13,2004-09-07,2004-09-13,"1,035 LV",3.0,David Cobb,Unknown,0%,False,September 7–13
2004,State,Minnesota,MN,,General,Star Tribune,2004-09-07 to 2004-09-13,2004-09-07,2004-09-13,"1,035 LV",3.0,Roger Calero,Unknown,0%,False,September 7–13
2004,State,Minnesota,MN,,General,Star Tribune,2004-09-07 to 2004-09-13,2004-09-07,2004-09-13,"1,035 LV",3.0,Thomas Harens,Unknown,0%,False,September 7–13
2004,State,Minnesota,MN,,General,Star Tribune,2004-09-07 to 2004-09-13,2004-09-07,2004-09-13,"1,035 LV",3.0,Michael Peroutka,Unknown,0%,False,September 7–13
2004,State,Mississippi,MS,,General,Mississippi State University,2004-04-05 to 2004-04-21,2004-04-05,2004-04-21,300 LV,5.8,John Kerry,Unknown,30%,False,April 5–21
2004,State,Mississippi,MS,,General,Mississippi State University,2004-04-05 to 2004-04-21,2004-04-05,2004-04-21,300 LV,5.8,George W. Bush,Unknown,61.2%,False,April 5–21
2004,State,Mississippi,MS,,General,American Research Group,2004-09-14 to 2004-09-17,2004-09-14,2004-09-17,600 LV,4.0,John Kerry,Unknown,42%,False,September 14–17
2004,State,Mississippi,MS,,General,American Research Group,2004-09-14 to 2004-09-17,2004-09-14,2004-09-17,600 LV,4.0,George W. Bush,Unknown,51%,False,September 14–17
2004,State,Mississippi,MS,,General,American Research Group,2004-09-14 to 2004-09-17,2004-09-14,2004-09-17,600 LV,4.0,Ralph Nader,Unknown,1%,False,September 14–17
2004,State,Missouri,MO,,General,KSDK-TV St. Louis,2004-10-29 to 2004-10-31,2004-10-29,2004-10-31,694 LV,3.8,John Kerry,Unknown,47%,False,October 29–31
2004,State,Missouri,MO,,General,MSNBC,2004-10-27 to 2004-10-29,2004-10-27,2004-10-29,625 LV,4.0,John Kerry,Unknown,44%,False,October 27–29
2004,State,Missouri,MO,,General,Kansas City Star,2004-10-22 to 2004-10-26,2004-10-22,2004-10-26,553 LV,4.1,John Kerry,Unknown,45%,False,October 22–26
2004,State,Missouri,MO,,General,KSDK-TV St. Louis,2004-10-23 to 2004-10-25,2004-10-23,2004-10-25,680 LV,3.8,John Kerry,Unknown,45%,False,October 23–25
2004,State,Missouri,MO,,General,Rasmussen Reports,2004-10-07 to 2004-10-20,2004-10-07,2004-10-20,400 LV,5.0,John Kerry,Unknown,45%,False,October 7–20
2004,State,Missouri,MO,,General,KSDK-TV St. Louis,2004-10-16 to 2004-10-18,2004-10-16,2004-10-18,670 LV,3.9,John Kerry,Unknown,45%,False,October 16–18
2004,State,Missouri,MO,,General,Rasmussen Reports,2004-09-22 to 2004-10-05,2004-09-22,2004-10-05,400 LV,5.0,John Kerry,Unknown,45%,False,September 22–October 5
2004,State,Missouri,MO,,General,KSDK-TV St. Louis,2004-10-02 to 2004-10-04,2004-10-02,2004-10-04,683 LV,3.8,John Kerry,Unknown,47%,False,October 2–4
2004,State,Missouri,MO,,General,American Research Group,2004-09-16 to 2004-09-19,2004-09-16,2004-09-19,600 LV,4.0,John Kerry,Unknown,44%,False,September 16–19
2004,State,Missouri,MO,,General,KSDK-TV St. Louis,2004-09-07 to 2004-09-09,2004-09-07,2004-09-09,660 LV,3.9,John Kerry,Unknown,46%,False,September 7–9
2004,State,Missouri,MO,,General,CNN,2004-09-03 to 2004-09-07,2004-09-03,2004-09-07,686 LV,4.0,John Kerry,Unknown,41%,False,September 3–7
2004,State,Missouri,MO,,General,Rasmussen Reports,2004-08-20 to 2004-09-03,2004-08-20,2004-09-03,400 LV,5.0,John Kerry,Unknown,42%,False,August 20–September 3
2004,State,Missouri,MO,,General,Los Angeles Times,2004-08-21 to 2004-08-24,2004-08-21,2004-08-24,580 RV,4.0,John Kerry,Unknown,44%,False,August 21–24
2004,State,Missouri,MO,,General,KSDK-TV St. Louis,2004-08-15 to 2004-08-17,2004-08-15,2004-08-17,643 LV,4.0,John Kerry,Unknown,47%,False,August 15–17
2004,State,Missouri,MO,,General,Rasmussen Reports,2004-07-01 to 2004-07-31,2004-07-01,2004-07-31,Not reported,5.0,John Kerry,Unknown,46%,False,July 1–31
2004,State,Missouri,MO,,General,CNN,2004-07-19 to 2004-07-22,2004-07-19,2004-07-22,636 LV,5.0,John Kerry,Unknown,48%,False,July 19–22
2004,State,Missouri,MO,,General,KSDK-TV St. Louis,2004-07-06 to 2004-07-08,2004-07-06,2004-07-08,755 LV,3.6,John Kerry,Unknown,46%,False,July 6–8
2004,State,Missouri,MO,,General,Los Angeles Times,2004-06-05 to 2004-06-08,2004-06-05,2004-06-08,566 RV,4.0,John Kerry,Unknown,42%,False,June 5–8
2004,State,Missouri,MO,,General,Rasmussen Reports,2004-06-01 to 2004-06-30,2004-06-01,2004-06-30,Not reported,5.0,John Kerry,Unknown,44%,False,June 1–30
2004,State,Missouri,MO,,General,Republican National Committee,2004-06-01 to 2004-06-06,2004-06-01,2004-06-06,800 LV,3.46,John Kerry,Unknown,44%,False,June 1–6
2004,State,Missouri,MO,,General,Rasmussen Reports,2004-05-01 to 2004-05-31,2004-05-01,2004-05-31,Not reported,5.0,John Kerry,Unknown,43%,False,May 1–31
2004,State,Missouri,MO,,General,Rasmussen Reports,2004-03-23,2004-03-23,2004-03-23,500 LV,4.5,John Kerry,Unknown,42%,False,March 23
2004,State,Missouri,MO,,General,KSDK-TV St. Louis,2004-10-29 to 2004-10-31,2004-10-29,2004-10-31,694 LV,3.8,George W. Bush,Unknown,52%,False,October 29–31
2004,State,Missouri,MO,,General,MSNBC,2004-10-27 to 2004-10-29,2004-10-27,2004-10-29,625 LV,4.0,George W. Bush,Unknown,49%,False,October 27–29
2004,State,Missouri,MO,,General,Kansas City Star,2004-10-22 to 2004-10-26,2004-10-22,2004-10-26,553 LV,4.1,George W. Bush,Unknown,49%,False,October 22–26
2004,State,Missouri,MO,,General,KSDK-TV St. Louis,2004-10-23 to 2004-10-25,2004-10-23,2004-10-25,680 LV,3.8,George W. Bush,Unknown,52%,False,October 23–25
2004,State,Missouri,MO,,General,Rasmussen Reports,2004-10-07 to 2004-10-20,2004-10-07,2004-10-20,400 LV,5.0,George W. Bush,Unknown,50%,False,October 7–20
2004,State,Missouri,MO,,General,KSDK-TV St. Louis,2004-10-16 to 2004-10-18,2004-10-16,2004-10-18,670 LV,3.9,George W. Bush,Unknown,51%,False,October 16–18
2004,State,Missouri,MO,,General,Rasmussen Reports,2004-09-22 to 2004-10-05,2004-09-22,2004-10-05,400 LV,5.0,George W. Bush,Unknown,51%,False,September 22–October 5
2004,State,Missouri,MO,,General,KSDK-TV St. Louis,2004-10-02 to 2004-10-04,2004-10-02,2004-10-04,683 LV,3.8,George W. Bush,Unknown,49%,False,October 2–4
2004,State,Missouri,MO,,General,American Research Group,2004-09-16 to 2004-09-19,2004-09-16,2004-09-19,600 LV,4.0,George W. Bush,Unknown,50%,False,September 16–19
2004,State,Missouri,MO,,General,KSDK-TV St. Louis,2004-09-07 to 2004-09-09,2004-09-07,2004-09-09,660 LV,3.9,George W. Bush,Unknown,48%,False,September 7–9
2004,State,Missouri,MO,,General,CNN,2004-09-03 to 2004-09-07,2004-09-03,2004-09-07,686 LV,4.0,George W. Bush,Unknown,55%,False,September 3–7
2004,State,Missouri,MO,,General,Rasmussen Reports,2004-08-20 to 2004-09-03,2004-08-20,2004-09-03,400 LV,5.0,George W. Bush,Unknown,48%,False,August 20–September 3
2004,State,Missouri,MO,,General,Los Angeles Times,2004-08-21 to 2004-08-24,2004-08-21,2004-08-24,580 RV,4.0,George W. Bush,Unknown,48%,False,August 21–24
2004,State,Missouri,MO,,General,KSDK-TV St. Louis,2004-08-15 to 2004-08-17,2004-08-15,2004-08-17,643 LV,4.0,George W. Bush,Unknown,48%,False,August 15–17
2004,State,Missouri,MO,,General,Rasmussen Reports,2004-07-01 to 2004-07-31,2004-07-01,2004-07-31,Not reported,5.0,George W. Bush,Unknown,50%,False,July 1–31
2004,State,Missouri,MO,,General,CNN,2004-07-19 to 2004-07-22,2004-07-19,2004-07-22,636 LV,5.0,George W. Bush,Unknown,48%,False,July 19–22
2004,State,Missouri,MO,,General,KSDK-TV St. Louis,2004-07-06 to 2004-07-08,2004-07-06,2004-07-08,755 LV,3.6,George W. Bush,Unknown,48%,False,July 6–8
2004,State,Missouri,MO,,General,Los Angeles Times,2004-06-05 to 2004-06-08,2004-06-05,2004-06-08,566 RV,4.0,George W. Bush,Unknown,48%,False,June 5–8
2004,State,Missouri,MO,,General,Rasmussen Reports,2004-06-01 to 2004-06-30,2004-06-01,2004-06-30,Not reported,5.0,George W. Bush,Unknown,48%,False,June 1–30
2004,State,Missouri,MO,,General,Republican National Committee,2004-06-01 to 2004-06-06,2004-06-01,2004-06-06,800 LV,3.46,George W. Bush,Unknown,48.9%,False,June 1–6
2004,State,Missouri,MO,,General,Rasmussen Reports,2004-05-01 to 2004-05-31,2004-05-01,2004-05-31,Not reported,5.0,George W. Bush,Unknown,44%,False,May 1–31
2004,State,Missouri,MO,,General,Rasmussen Reports,2004-03-23,2004-03-23,2004-03-23,500 LV,4.5,George W. Bush,Unknown,49%,False,March 23
2004,State,Missouri,MO,,General,Wall Street Journal,2004-10-25 to 2004-10-30,2004-10-25,2004-10-30,"1,343 LV",2.7,John Kerry,Unknown,47.2%,False,October 25–30
2004,State,Missouri,MO,,General,MSNBC,2004-10-15 to 2004-10-18,2004-10-15,2004-10-18,625 LV,4.0,John Kerry,Unknown,44%,False,October 15–18
2004,State,Missouri,MO,,General,Wall Street Journal,2004-10-13 to 2004-10-18,2004-10-13,2004-10-18,"1,038 LV",3.0,John Kerry,Unknown,47.6%,False,October 13–18
2004,State,Missouri,MO,,General,Wall Street Journal,2004-09-30 to 2004-10-05,2004-09-30,2004-10-05,"1,088 LV",3.0,John Kerry,Unknown,47.6%,False,September 30–October 5
2004,State,Missouri,MO,,General,Wall Street Journal,2004-09-13 to 2004-09-17,2004-09-13,2004-09-17,"1,037 LV",3.0,John Kerry,Unknown,46.1%,False,September 13–17
2004,State,Missouri,MO,,General,Mason-Dixon Polling & Research,2004-09-14 to 2004-09-16,2004-09-14,2004-09-16,625 LV,4.0,John Kerry,Unknown,41%,False,September 14–16
2004,State,Missouri,MO,,General,Wall Street Journal,2004-08-30 to 2004-09-03,2004-08-30,2004-09-03,"1,061 LV",3.0,John Kerry,Unknown,48.9%,False,August 30–September 3
2004,State,Missouri,MO,,General,Los Angeles Times,2004-08-21 to 2004-08-24,2004-08-21,2004-08-24,580 RV,4.0,John Kerry,Unknown,42%,False,August 21–24
2004,State,Missouri,MO,,General,Wall Street Journal,2004-08-16 to 2004-08-21,2004-08-16,2004-08-21,852 LV,3.4,John Kerry,Unknown,49.3%,False,August 16–21
2004,State,Missouri,MO,,General,Wall Street Journal,2004-07-26 to 2004-07-30,2004-07-26,2004-07-30,949 LV,3.2,John Kerry,Unknown,48.8%,False,July 26–30
2004,State,Missouri,MO,,General,Wall Street Journal,2004-07-19 to 2004-07-23,2004-07-19,2004-07-23,959 LV,3.1,John Kerry,Unknown,48.8%,False,July 19–23
2004,State,Missouri,MO,,General,CNN,2004-07-19 to 2004-07-22,2004-07-19,2004-07-22,636 LV,5.0,John Kerry,Unknown,47%,False,July 19–22
2004,State,Missouri,MO,,General,Kansas City Star,2004-07-13 to 2004-07-20,2004-07-13,2004-07-20,600 RV,4.0,John Kerry,Unknown,46%,False,July 13–20
2004,State,Missouri,MO,,General,Wall Street Journal,2004-07-06 to 2004-07-10,2004-07-06,2004-07-10,849 LV,3.3,John Kerry,Unknown,50.1%,False,July 6–10
2004,State,Missouri,MO,,General,Wall Street Journal,2004-06-15 to 2004-06-20,2004-06-15,2004-06-20,989 LV,3.1,John Kerry,Unknown,47.9%,False,June 15–20
2004,State,Missouri,MO,,General,Los Angeles Times,2004-06-05 to 2004-06-08,2004-06-05,2004-06-08,566 RV,4.0,John Kerry,Unknown,37%,False,June 5–8
2004,State,Missouri,MO,,General,Wall Street Journal,2004-06-01 to 2004-06-06,2004-06-01,2004-06-06,"1,342 LV",2.7,John Kerry,Unknown,47.6%,False,June 1–6
2004,State,Missouri,MO,,General,Wall Street Journal,2004-05-18 to 2004-05-23,2004-05-18,2004-05-23,520 LV,4.3,John Kerry,Unknown,47.2%,False,May 18–23
2004,State,Missouri,MO,,General,Suffolk University,2004-02-28 to 2004-03-02,2004-02-28,2004-03-02,420 LV,,John Kerry,Unknown,39%,False,February 28–March 2
2004,State,Missouri,MO,,General,Wall Street Journal,2004-10-25 to 2004-10-30,2004-10-25,2004-10-30,"1,343 LV",2.7,George W. Bush,Unknown,51.4%,False,October 25–30
2004,State,Missouri,MO,,General,MSNBC,2004-10-15 to 2004-10-18,2004-10-15,2004-10-18,625 LV,4.0,George W. Bush,Unknown,49%,False,October 15–18
2004,State,Missouri,MO,,General,Wall Street Journal,2004-10-13 to 2004-10-18,2004-10-13,2004-10-18,"1,038 LV",3.0,George W. Bush,Unknown,50.7%,False,October 13–18
2004,State,Missouri,MO,,General,Wall Street Journal,2004-09-30 to 2004-10-05,2004-09-30,2004-10-05,"1,088 LV",3.0,George W. Bush,Unknown,49.8%,False,September 30–October 5
2004,State,Missouri,MO,,General,Wall Street Journal,2004-09-13 to 2004-09-17,2004-09-13,2004-09-17,"1,037 LV",3.0,George W. Bush,Unknown,51.5%,False,September 13–17
2004,State,Missouri,MO,,General,Mason-Dixon Polling & Research,2004-09-14 to 2004-09-16,2004-09-14,2004-09-16,625 LV,4.0,George W. Bush,Unknown,48%,False,September 14–16
2004,State,Missouri,MO,,General,Wall Street Journal,2004-08-30 to 2004-09-03,2004-08-30,2004-09-03,"1,061 LV",3.0,George W. Bush,Unknown,48.5%,False,August 30–September 3
2004,State,Missouri,MO,,General,Los Angeles Times,2004-08-21 to 2004-08-24,2004-08-21,2004-08-24,580 RV,4.0,George W. Bush,Unknown,46%,False,August 21–24
2004,State,Missouri,MO,,General,Wall Street Journal,2004-08-16 to 2004-08-21,2004-08-16,2004-08-21,852 LV,3.4,George W. Bush,Unknown,48.8%,False,August 16–21
2004,State,Missouri,MO,,General,Wall Street Journal,2004-07-26 to 2004-07-30,2004-07-26,2004-07-30,949 LV,3.2,George W. Bush,Unknown,48.2%,False,July 26–30
2004,State,Missouri,MO,,General,Wall Street Journal,2004-07-19 to 2004-07-23,2004-07-19,2004-07-23,959 LV,3.1,George W. Bush,Unknown,48.1%,False,July 19–23
2004,State,Missouri,MO,,General,CNN,2004-07-19 to 2004-07-22,2004-07-19,2004-07-22,636 LV,5.0,George W. Bush,Unknown,47%,False,July 19–22
2004,State,Missouri,MO,,General,Kansas City Star,2004-07-13 to 2004-07-20,2004-07-13,2004-07-20,600 RV,4.0,George W. Bush,Unknown,44%,False,July 13–20
2004,State,Missouri,MO,,General,Wall Street Journal,2004-07-06 to 2004-07-10,2004-07-06,2004-07-10,849 LV,3.3,George W. Bush,Unknown,46.8%,False,July 6–10
2004,State,Missouri,MO,,General,Wall Street Journal,2004-06-15 to 2004-06-20,2004-06-15,2004-06-20,989 LV,3.1,George W. Bush,Unknown,48.6%,False,June 15–20
2004,State,Missouri,MO,,General,Wall Street Journal,2004-06-01 to 2004-06-06,2004-06-01,2004-06-06,"1,342 LV",2.7,George W. Bush,Unknown,48.6%,False,June 1–6
2004,State,Missouri,MO,,General,Wall Street Journal,2004-05-18 to 2004-05-23,2004-05-18,2004-05-23,520 LV,4.3,George W. Bush,Unknown,43.9%,False,May 18–23
2004,State,Missouri,MO,,General,Suffolk University,2004-02-28 to 2004-03-02,2004-02-28,2004-03-02,420 LV,,George W. Bush,Unknown,50%,False,February 28–March 2
2004,State,Missouri,MO,,General,Wall Street Journal,2004-10-25 to 2004-10-30,2004-10-25,2004-10-30,"1,343 LV",2.7,Ralph Nader,Unknown,0.7%,False,October 25–30
2004,State,Missouri,MO,,General,MSNBC,2004-10-15 to 2004-10-18,2004-10-15,2004-10-18,625 LV,4.0,Ralph Nader,Unknown,0%,False,October 15–18
2004,State,Missouri,MO,,General,Wall Street Journal,2004-10-13 to 2004-10-18,2004-10-13,2004-10-18,"1,038 LV",3.0,Ralph Nader,Unknown,1.1%,False,October 13–18
2004,State,Missouri,MO,,General,Wall Street Journal,2004-09-30 to 2004-10-05,2004-09-30,2004-10-05,"1,088 LV",3.0,Ralph Nader,Unknown,1.3%,False,September 30–October 5
2004,State,Missouri,MO,,General,Wall Street Journal,2004-09-13 to 2004-09-17,2004-09-13,2004-09-17,"1,037 LV",3.0,Ralph Nader,Unknown,1.1%,False,September 13–17
2004,State,Missouri,MO,,General,Mason-Dixon Polling & Research,2004-09-14 to 2004-09-16,2004-09-14,2004-09-16,625 LV,4.0,Ralph Nader,Unknown,1%,False,September 14–16
2004,State,Missouri,MO,,General,Wall Street Journal,2004-08-30 to 2004-09-03,2004-08-30,2004-09-03,"1,061 LV",3.0,Ralph Nader,Unknown,1.1%,False,August 30–September 3
2004,State,Missouri,MO,,General,Los Angeles Times,2004-08-21 to 2004-08-24,2004-08-21,2004-08-24,580 RV,4.0,Ralph Nader,Unknown,3%,False,August 21–24
2004,State,Missouri,MO,,General,Wall Street Journal,2004-08-16 to 2004-08-21,2004-08-16,2004-08-21,852 LV,3.4,Ralph Nader,Unknown,0.9%,False,August 16–21
2004,State,Missouri,MO,,General,Wall Street Journal,2004-07-26 to 2004-07-30,2004-07-26,2004-07-30,949 LV,3.2,Ralph Nader,Unknown,0.8%,False,July 26–30
2004,State,Missouri,MO,,General,Wall Street Journal,2004-07-19 to 2004-07-23,2004-07-19,2004-07-23,959 LV,3.1,Ralph Nader,Unknown,1.5%,False,July 19–23
2004,State,Missouri,MO,,General,CNN,2004-07-19 to 2004-07-22,2004-07-19,2004-07-22,636 LV,5.0,Ralph Nader,Unknown,3%,False,July 19–22
2004,State,Missouri,MO,,General,Kansas City Star,2004-07-13 to 2004-07-20,2004-07-13,2004-07-20,600 RV,4.0,Ralph Nader,Unknown,1%,False,July 13–20
2004,State,Missouri,MO,,General,Wall Street Journal,2004-07-06 to 2004-07-10,2004-07-06,2004-07-10,849 LV,3.3,Ralph Nader,Unknown,0.7%,False,July 6–10
2004,State,Missouri,MO,,General,Wall Street Journal,2004-06-15 to 2004-06-20,2004-06-15,2004-06-20,989 LV,3.1,Ralph Nader,Unknown,1%,False,June 15–20
2004,State,Missouri,MO,,General,Los Angeles Times,2004-06-05 to 2004-06-08,2004-06-05,2004-06-08,566 RV,4.0,Ralph Nader,Unknown,5%,False,June 5–8
2004,State,Missouri,MO,,General,Wall Street Journal,2004-06-01 to 2004-06-06,2004-06-01,2004-06-06,"1,342 LV",2.7,Ralph Nader,Unknown,0.9%,False,June 1–6
2004,State,Missouri,MO,,General,Wall Street Journal,2004-05-18 to 2004-05-23,2004-05-18,2004-05-23,520 LV,4.3,Ralph Nader,Unknown,2.1%,False,May 18–23
2004,State,Missouri,MO,,General,Suffolk University,2004-02-28 to 2004-03-02,2004-02-28,2004-03-02,420 LV,,Ralph Nader,Unknown,5%,False,February 28–March 2
2004,State,Montana,MT,,General,Billings Gazette,2003-12-08 to 2003-12-10,2003-12-08,2003-12-10,625 LV,4.0,John Kerry,Unknown,26%,False,"December 8–10, 2003"
2004,State,Montana,MT,,General,Billings Gazette,2003-12-08 to 2003-12-10,2003-12-08,2003-12-10,625 LV,4.0,George W. Bush,Unknown,58%,False,"December 8–10, 2003"
2004,State,Montana,MT,,General,Lee Newspapers,2004-10-18 to 2004-10-20,2004-10-18,2004-10-20,625 LV,4.0,John Kerry,Unknown,36%,False,October 18–20
2004,State,Montana,MT,,General,Lee Newspapers,2004-09-20 to 2004-09-22,2004-09-20,2004-09-22,625 LV,4.0,John Kerry,Unknown,36%,False,September 20–22
2004,State,Montana,MT,,General,American Research Group,2004-09-07 to 2004-09-09,2004-09-07,2004-09-09,600 LV,4.0,John Kerry,Unknown,32%,False,September 7–9
2004,State,Montana,MT,,General,Lee Newspapers,2004-05-24 to 2004-05-26,2004-05-24,2004-05-26,625 RV,4.0,John Kerry,Unknown,33%,False,May 24–26
2004,State,Montana,MT,,General,Lee Newspapers,2004-10-18 to 2004-10-20,2004-10-18,2004-10-20,625 LV,4.0,George W. Bush,Unknown,57%,False,October 18–20
2004,State,Montana,MT,,General,Lee Newspapers,2004-09-20 to 2004-09-22,2004-09-20,2004-09-22,625 LV,4.0,George W. Bush,Unknown,54%,False,September 20–22
2004,State,Montana,MT,,General,American Research Group,2004-09-07 to 2004-09-09,2004-09-07,2004-09-09,600 LV,4.0,George W. Bush,Unknown,60%,False,September 7–9
2004,State,Montana,MT,,General,Lee Newspapers,2004-05-24 to 2004-05-26,2004-05-24,2004-05-26,625 RV,4.0,George W. Bush,Unknown,53%,False,May 24–26
2004,State,Montana,MT,,General,Lee Newspapers,2004-10-18 to 2004-10-20,2004-10-18,2004-10-20,625 LV,4.0,Ralph Nader,Unknown,1%,False,October 18–20
2004,State,Montana,MT,,General,Lee Newspapers,2004-09-20 to 2004-09-22,2004-09-20,2004-09-22,625 LV,4.0,Ralph Nader,Unknown,2%,False,September 20–22
2004,State,Montana,MT,,General,American Research Group,2004-09-07 to 2004-09-09,2004-09-07,2004-09-09,600 LV,4.0,Ralph Nader,Unknown,3%,False,September 7–9
2004,State,Montana,MT,,General,Lee Newspapers,2004-05-24 to 2004-05-26,2004-05-24,2004-05-26,625 RV,4.0,Ralph Nader,Unknown,6%,False,May 24–26
2004,State,Montana,MT,,General,Montana State University Billings,2004-10-07 to 2004-10-10,2004-10-07,2004-10-10,411 LV,5.0,John Kerry,Unknown,34.3%,False,October 7–10
2004,State,Montana,MT,,General,Montana State University Billings,2004-10-07 to 2004-10-10,2004-10-07,2004-10-10,411 LV,5.0,George W. Bush,Unknown,55.3%,False,October 7–10
2004,State,Montana,MT,,General,Montana State University Billings,2004-10-07 to 2004-10-10,2004-10-07,2004-10-10,411 LV,5.0,Ralph Nader,Unknown,2.2%,False,October 7–10
2004,State,Montana,MT,,General,Montana State University Billings,2004-10-07 to 2004-10-10,2004-10-07,2004-10-10,411 LV,5.0,David Cobb,Unknown,0%,False,October 7–10
2004,State,Montana,MT,,General,Montana State University Billings,2004-10-07 to 2004-10-10,2004-10-07,2004-10-10,411 LV,5.0,Michael Badnarik,Unknown,0%,False,October 7–10
2004,State,Montana,MT,,General,Montana State University Billings,2004-10-07 to 2004-10-10,2004-10-07,2004-10-10,411 LV,5.0,Michael Peroutka,Unknown,0.7%,False,October 7–10
2004,State,Nebraska,NE,,General,Omaha World-Herald,2004-10-15 to 2004-10-20,2004-10-15,2004-10-20,"1,007 LV",3.1,John Kerry,Unknown,32%,False,October 15–20
2004,State,Nebraska,NE,,General,Omaha World-Herald,2004-10-15 to 2004-10-20,2004-10-15,2004-10-20,"1,007 LV",3.1,George W. Bush,Unknown,61%,False,October 15–20
2004,State,Nebraska,NE,,General,American Research Group,2004-09-09 to 2004-09-12,2004-09-09,2004-09-12,600 LV,4.0,John Kerry,Unknown,30%,False,September 9–12
2004,State,Nebraska,NE,,General,American Research Group,2004-09-09 to 2004-09-12,2004-09-09,2004-09-12,600 LV,4.0,George W. Bush,Unknown,61%,False,September 9–12
2004,State,Nebraska,NE,,General,American Research Group,2004-09-09 to 2004-09-12,2004-09-09,2004-09-12,600 LV,4.0,Ralph Nader,Unknown,2%,False,September 9–12
2004,State,Nebraska,NE,,General,Omaha World-Herald,2004-10-15 to 2004-10-20,2004-10-15,2004-10-20,Not reported,6.2,John Kerry,Unknown,34%,False,October 15–20
2004,State,Nebraska,NE,,General,Omaha World-Herald,2004-10-15 to 2004-10-20,2004-10-15,2004-10-20,Not reported,6.2,George W. Bush,Unknown,57%,False,October 15–20
2004,State,Nebraska,NE,,General,Omaha World-Herald,2004-10-15 to 2004-10-20,2004-10-15,2004-10-20,Not reported,4.4,John Kerry,Unknown,36%,False,October 15–20
2004,State,Nebraska,NE,,General,Omaha World-Herald,2004-10-15 to 2004-10-20,2004-10-15,2004-10-20,Not reported,6.2,John Kerry,Unknown,25%,False,October 15–20
2004,State,Nebraska,NE,,General,Omaha World-Herald,2004-10-15 to 2004-10-20,2004-10-15,2004-10-20,Not reported,6.2,George W. Bush,Unknown,68%,False,October 15–20
2004,State,Nevada,NV,,General,KVBC-TV Las Vegas,2004-10-30 to 2004-11-01,2004-10-30,2004-11-01,636 LV,4.0,John Kerry,Unknown,45%,False,October 30–November 1
2004,State,Nevada,NV,,General,Zogby International,2004-10-29 to 2004-11-01,2004-10-29,2004-11-01,603 LV,4.1,John Kerry,Unknown,45%,False,October 29–November 1
2004,State,Nevada,NV,,General,KVBC-TV Las Vegas,2004-10-28 to 2004-10-29,2004-10-28,2004-10-29,535 LV,4.3,John Kerry,Unknown,49%,False,October 28–29
2004,State,Nevada,NV,,General,MSNBC,2004-10-27 to 2004-10-29,2004-10-27,2004-10-29,625 LV,4.0,John Kerry,Unknown,44%,False,October 27–29
2004,State,Nevada,NV,,General,Zogby International,2004-10-25 to 2004-10-28,2004-10-25,2004-10-28,600 LV,4.1,John Kerry,Unknown,45%,False,October 25–28
2004,State,Nevada,NV,,General,Zogby International,2004-10-21 to 2004-10-24,2004-10-21,2004-10-24,601 LV,4.1,John Kerry,Unknown,44%,False,October 21–24
2004,State,Nevada,NV,,General,Rasmussen Reports,2004-10-23,2004-10-23,2004-10-23,500 LV,4.5,John Kerry,Unknown,47%,False,October 23
2004,State,Nevada,NV,,General,KVBC-TV Las Vegas,2004-10-16 to 2004-10-18,2004-10-16,2004-10-18,585 LV,4.1,John Kerry,Unknown,45%,False,October 16–18
2004,State,Nevada,NV,,General,KVBC-TV Las Vegas,2004-10-01 to 2004-10-03,2004-10-01,2004-10-03,625 LV,4.0,John Kerry,Unknown,46%,False,October 1–3
2004,State,Nevada,NV,,General,CNN,2004-09-18 to 2004-09-21,2004-09-18,2004-09-21,534 LV,5.0,John Kerry,Unknown,43%,False,September 18–21
2004,State,Nevada,NV,,General,KVBC-TV Las Vegas,2004-09-11 to 2004-09-13,2004-09-11,2004-09-13,526 LV,4.4,John Kerry,Unknown,47%,False,September 11–13
2004,State,Nevada,NV,,General,KVBC-TV Las Vegas,2004-08-14 to 2004-08-16,2004-08-14,2004-08-16,520 LV,4.4,John Kerry,Unknown,46%,False,August 14–16
2004,State,Nevada,NV,,General,KVBC-TV Las Vegas,2004-07-20 to 2004-07-22,2004-07-20,2004-07-22,801 LV,3.5,John Kerry,Unknown,49%,False,July 20–22
2004,State,Nevada,NV,,General,National Republican Committee,2004-06-01 to 2004-06-06,2004-06-01,2004-06-06,800 LV,3.46,John Kerry,Unknown,45.4%,False,June 1–6
2004,State,Nevada,NV,,General,KVBC-TV Las Vegas,2004-02-11 to 2004-02-12,2004-02-11,2004-02-12,505 RV,4.5,John Kerry,Unknown,48%,False,February 11–12
2004,State,Nevada,NV,,General,KVBC-TV Las Vegas,2004-10-30 to 2004-11-01,2004-10-30,2004-11-01,636 LV,4.0,George W. Bush,Unknown,53%,False,October 30–November 1
2004,State,Nevada,NV,,General,Zogby International,2004-10-29 to 2004-11-01,2004-10-29,2004-11-01,603 LV,4.1,George W. Bush,Unknown,50%,False,October 29–November 1
2004,State,Nevada,NV,,General,KVBC-TV Las Vegas,2004-10-28 to 2004-10-29,2004-10-28,2004-10-29,535 LV,4.3,George W. Bush,Unknown,49%,False,October 28–29
2004,State,Nevada,NV,,General,MSNBC,2004-10-27 to 2004-10-29,2004-10-27,2004-10-29,625 LV,4.0,George W. Bush,Unknown,50%,False,October 27–29
2004,State,Nevada,NV,,General,Zogby International,2004-10-25 to 2004-10-28,2004-10-25,2004-10-28,600 LV,4.1,George W. Bush,Unknown,50%,False,October 25–28
2004,State,Nevada,NV,,General,Zogby International,2004-10-21 to 2004-10-24,2004-10-21,2004-10-24,601 LV,4.1,George W. Bush,Unknown,48%,False,October 21–24
2004,State,Nevada,NV,,General,Rasmussen Reports,2004-10-23,2004-10-23,2004-10-23,500 LV,4.5,George W. Bush,Unknown,49%,False,October 23
2004,State,Nevada,NV,,General,KVBC-TV Las Vegas,2004-10-16 to 2004-10-18,2004-10-16,2004-10-18,585 LV,4.1,George W. Bush,Unknown,52%,False,October 16–18
2004,State,Nevada,NV,,General,KVBC-TV Las Vegas,2004-10-01 to 2004-10-03,2004-10-01,2004-10-03,625 LV,4.0,George W. Bush,Unknown,50%,False,October 1–3
2004,State,Nevada,NV,,General,CNN,2004-09-18 to 2004-09-21,2004-09-18,2004-09-21,534 LV,5.0,George W. Bush,Unknown,52%,False,September 18–21
2004,State,Nevada,NV,,General,KVBC-TV Las Vegas,2004-09-11 to 2004-09-13,2004-09-11,2004-09-13,526 LV,4.4,George W. Bush,Unknown,54%,False,September 11–13
2004,State,Nevada,NV,,General,KVBC-TV Las Vegas,2004-08-14 to 2004-08-16,2004-08-14,2004-08-16,520 LV,4.4,George W. Bush,Unknown,49%,False,August 14–16
2004,State,Nevada,NV,,General,KVBC-TV Las Vegas,2004-07-20 to 2004-07-22,2004-07-20,2004-07-22,801 LV,3.5,George W. Bush,Unknown,45%,False,July 20–22
2004,State,Nevada,NV,,General,National Republican Committee,2004-06-01 to 2004-06-06,2004-06-01,2004-06-06,800 LV,3.46,George W. Bush,Unknown,46.1%,False,June 1–6
2004,State,Nevada,NV,,General,KVBC-TV Las Vegas,2004-02-11 to 2004-02-12,2004-02-11,2004-02-12,505 RV,4.5,George W. Bush,Unknown,49%,False,February 11–12
2004,State,Nevada,NV,,General,MSNBC,2004-10-15 to 2004-10-18,2004-10-15,2004-10-18,600 LV,4.0,John Kerry,Unknown,42%,False,October 15–18
2004,State,Nevada,NV,,General,Wall Street Journal,2004-10-13 to 2004-10-18,2004-10-13,2004-10-18,516 LV,4.3,John Kerry,Unknown,45.9%,False,October 13–18
2004,State,Nevada,NV,,General,Wall Street Journal,2004-09-30 to 2004-10-05,2004-09-30,2004-10-05,519 LV,4.3,John Kerry,Unknown,48.1%,False,September 30–October 5
2004,State,Nevada,NV,,General,Las Vegas Sun,2004-09-20 to 2004-09-28,2004-09-20,2004-09-28,600 LV,4.0,John Kerry,Unknown,44%,False,September 20−28
2004,State,Nevada,NV,,General,Badnarik for President,2004-09-23,2004-09-23,2004-09-23,500 LV,4.5,John Kerry,Unknown,46%,False,September 23
2004,State,Nevada,NV,,General,Wall Street Journal,2004-09-13 to 2004-09-17,2004-09-13,2004-09-17,499 LV,4.4,John Kerry,Unknown,46.6%,False,September 13–17
2004,State,Nevada,NV,,General,MSNBC,2004-09-13 to 2004-09-14,2004-09-13,2004-09-14,625 LV,4.0,John Kerry,Unknown,45%,False,September 13–14
2004,State,Nevada,NV,,General,American Research Group,2004-09-12 to 2004-09-14,2004-09-12,2004-09-14,600 LV,4.0,John Kerry,Unknown,45%,False,September 12–14
2004,State,Nevada,NV,,General,Wall Street Journal,2004-08-30 to 2004-09-03,2004-08-30,2004-09-03,564 LV,4.1,John Kerry,Unknown,47.4%,False,August 30–September 3
2004,State,Nevada,NV,,General,Wall Street Journal,2004-08-16 to 2004-08-21,2004-08-16,2004-08-21,501 LV,4.4,John Kerry,Unknown,47.7%,False,August 16–21
2004,State,Nevada,NV,,General,Badnarik for President,2004-08-15 to 2004-08-16,2004-08-15,2004-08-16,500 LV,4.5,John Kerry,Unknown,46%,False,August 15/16
2004,State,Nevada,NV,,General,Wall Street Journal,2004-07-26 to 2004-07-30,2004-07-26,2004-07-30,505 LV,4.4,John Kerry,Unknown,45.4%,False,July 26–30
2004,State,Nevada,NV,,General,Wall Street Journal,2004-07-19 to 2004-07-23,2004-07-19,2004-07-23,503 LV,4.4,John Kerry,Unknown,46.8%,False,July 19–23
2004,State,Nevada,NV,,General,Las Vegas Review-Journal,2004-07-20 to 2004-07-22,2004-07-20,2004-07-22,625 LV,4.0,John Kerry,Unknown,43%,False,July 20–22
2004,State,Nevada,NV,,General,Wall Street Journal,2004-07-06 to 2004-07-10,2004-07-06,2004-07-10,513 LV,4.3,John Kerry,Unknown,43.3%,False,July 6–10
2004,State,Nevada,NV,,General,Wall Street Journal,2004-06-15 to 2004-06-20,2004-06-15,2004-06-20,512 LV,4.3,John Kerry,Unknown,44.8%,False,June 15–20
2004,State,Nevada,NV,,General,Wall Street Journal,2004-06-01 to 2004-06-06,2004-06-01,2004-06-06,472 LV,4.5,John Kerry,Unknown,47.3%,False,June 1–6
2004,State,Nevada,NV,,General,Wall Street Journal,2004-05-18 to 2004-05-23,2004-05-18,2004-05-23,532 LV,4.3,John Kerry,Unknown,47.3%,False,May 18–23
2004,State,Nevada,NV,,General,Las Vegas Review-Journal,2004-03-15 to 2004-03-17,2004-03-15,2004-03-17,625 LV,4.0,John Kerry,Unknown,38%,False,March 15–17
2004,State,Nevada,NV,,General,MSNBC,2004-10-15 to 2004-10-18,2004-10-15,2004-10-18,600 LV,4.0,George W. Bush,Unknown,52%,False,October 15–18
2004,State,Nevada,NV,,General,Wall Street Journal,2004-10-13 to 2004-10-18,2004-10-13,2004-10-18,516 LV,4.3,George W. Bush,Unknown,49.8%,False,October 13–18
2004,State,Nevada,NV,,General,Wall Street Journal,2004-09-30 to 2004-10-05,2004-09-30,2004-10-05,519 LV,4.3,George W. Bush,Unknown,47.1%,False,September 30–October 5
2004,State,Nevada,NV,,General,Las Vegas Sun,2004-09-20 to 2004-09-28,2004-09-20,2004-09-28,600 LV,4.0,George W. Bush,Unknown,48%,False,September 20−28
2004,State,Nevada,NV,,General,Badnarik for President,2004-09-23,2004-09-23,2004-09-23,500 LV,4.5,George W. Bush,Unknown,47%,False,September 23
2004,State,Nevada,NV,,General,Wall Street Journal,2004-09-13 to 2004-09-17,2004-09-13,2004-09-17,499 LV,4.4,George W. Bush,Unknown,48.8%,False,September 13–17
2004,State,Nevada,NV,,General,MSNBC,2004-09-13 to 2004-09-14,2004-09-13,2004-09-14,625 LV,4.0,George W. Bush,Unknown,50%,False,September 13–14
2004,State,Nevada,NV,,General,American Research Group,2004-09-12 to 2004-09-14,2004-09-12,2004-09-14,600 LV,4.0,George W. Bush,Unknown,47%,False,September 12–14
2004,State,Nevada,NV,,General,Wall Street Journal,2004-08-30 to 2004-09-03,2004-08-30,2004-09-03,564 LV,4.1,George W. Bush,Unknown,46.8%,False,August 30–September 3
2004,State,Nevada,NV,,General,Wall Street Journal,2004-08-16 to 2004-08-21,2004-08-16,2004-08-21,501 LV,4.4,George W. Bush,Unknown,46%,False,August 16–21
2004,State,Nevada,NV,,General,Badnarik for President,2004-08-15 to 2004-08-16,2004-08-15,2004-08-16,500 LV,4.5,George W. Bush,Unknown,47%,False,August 15/16
2004,State,Nevada,NV,,General,Wall Street Journal,2004-07-26 to 2004-07-30,2004-07-26,2004-07-30,505 LV,4.4,George W. Bush,Unknown,46%,False,July 26–30
2004,State,Nevada,NV,,General,Wall Street Journal,2004-07-19 to 2004-07-23,2004-07-19,2004-07-23,503 LV,4.4,George W. Bush,Unknown,46.2%,False,July 19–23
2004,State,Nevada,NV,,General,Las Vegas Review-Journal,2004-07-20 to 2004-07-22,2004-07-20,2004-07-22,625 LV,4.0,George W. Bush,Unknown,46%,False,July 20–22
2004,State,Nevada,NV,,General,Wall Street Journal,2004-07-06 to 2004-07-10,2004-07-06,2004-07-10,513 LV,4.3,George W. Bush,Unknown,45.1%,False,July 6–10
2004,State,Nevada,NV,,General,Wall Street Journal,2004-06-15 to 2004-06-20,2004-06-15,2004-06-20,512 LV,4.3,George W. Bush,Unknown,47.3%,False,June 15–20
2004,State,Nevada,NV,,General,Wall Street Journal,2004-06-01 to 2004-06-06,2004-06-01,2004-06-06,472 LV,4.5,George W. Bush,Unknown,43.8%,False,June 1–6
2004,State,Nevada,NV,,General,Wall Street Journal,2004-05-18 to 2004-05-23,2004-05-18,2004-05-23,532 LV,4.3,George W. Bush,Unknown,43.5%,False,May 18–23
2004,State,Nevada,NV,,General,Las Vegas Review-Journal,2004-03-15 to 2004-03-17,2004-03-15,2004-03-17,625 LV,4.0,George W. Bush,Unknown,49%,False,March 15–17
2004,State,Nevada,NV,,General,MSNBC,2004-10-15 to 2004-10-18,2004-10-15,2004-10-18,600 LV,4.0,Ralph Nader,Unknown,1%,False,October 15–18
2004,State,Nevada,NV,,General,Wall Street Journal,2004-10-13 to 2004-10-18,2004-10-13,2004-10-18,516 LV,4.3,Ralph Nader,Unknown,0.4%,False,October 13–18
2004,State,Nevada,NV,,General,Wall Street Journal,2004-09-30 to 2004-10-05,2004-09-30,2004-10-05,519 LV,4.3,Ralph Nader,Unknown,0.9%,False,September 30–October 5
2004,State,Nevada,NV,,General,Las Vegas Sun,2004-09-20 to 2004-09-28,2004-09-20,2004-09-28,600 LV,4.0,Ralph Nader,Unknown,2%,False,September 20−28
2004,State,Nevada,NV,,General,Wall Street Journal,2004-09-13 to 2004-09-17,2004-09-13,2004-09-17,499 LV,4.4,Ralph Nader,Unknown,1.2%,False,September 13–17
2004,State,Nevada,NV,,General,MSNBC,2004-09-13 to 2004-09-14,2004-09-13,2004-09-14,625 LV,4.0,Ralph Nader,Unknown,1%,False,September 13–14
2004,State,Nevada,NV,,General,American Research Group,2004-09-12 to 2004-09-14,2004-09-12,2004-09-14,600 LV,4.0,Ralph Nader,Unknown,1%,False,September 12–14
2004,State,Nevada,NV,,General,Wall Street Journal,2004-08-30 to 2004-09-03,2004-08-30,2004-09-03,564 LV,4.1,Ralph Nader,Unknown,1.6%,False,August 30–September 3
2004,State,Nevada,NV,,General,Wall Street Journal,2004-08-16 to 2004-08-21,2004-08-16,2004-08-21,501 LV,4.4,Ralph Nader,Unknown,2.3%,False,August 16–21
2004,State,Nevada,NV,,General,Wall Street Journal,2004-07-26 to 2004-07-30,2004-07-26,2004-07-30,505 LV,4.4,Ralph Nader,Unknown,1.1%,False,July 26–30
2004,State,Nevada,NV,,General,Wall Street Journal,2004-07-19 to 2004-07-23,2004-07-19,2004-07-23,503 LV,4.4,Ralph Nader,Unknown,0.6%,False,July 19–23
2004,State,Nevada,NV,,General,Las Vegas Review-Journal,2004-07-20 to 2004-07-22,2004-07-20,2004-07-22,625 LV,4.0,Ralph Nader,Unknown,4%,False,July 20–22
2004,State,Nevada,NV,,General,Wall Street Journal,2004-07-06 to 2004-07-10,2004-07-06,2004-07-10,513 LV,4.3,Ralph Nader,Unknown,5.9%,False,July 6–10
2004,State,Nevada,NV,,General,Wall Street Journal,2004-06-15 to 2004-06-20,2004-06-15,2004-06-20,512 LV,4.3,Ralph Nader,Unknown,4.4%,False,June 15–20
2004,State,Nevada,NV,,General,Wall Street Journal,2004-06-01 to 2004-06-06,2004-06-01,2004-06-06,472 LV,4.5,Ralph Nader,Unknown,2%,False,June 1–6
2004,State,Nevada,NV,,General,Wall Street Journal,2004-05-18 to 2004-05-23,2004-05-18,2004-05-23,532 LV,4.3,Ralph Nader,Unknown,2.8%,False,May 18–23
2004,State,Nevada,NV,,General,Las Vegas Review-Journal,2004-03-15 to 2004-03-17,2004-03-15,2004-03-17,625 LV,4.0,Ralph Nader,Unknown,4%,False,March 15–17
2004,State,Nevada,NV,,General,Badnarik for President,2004-09-23,2004-09-23,2004-09-23,500 LV,4.5,Michael Badnarik,Unknown,3%,False,September 23
2004,State,Nevada,NV,,General,Badnarik for President,2004-08-15 to 2004-08-16,2004-08-15,2004-08-16,500 LV,4.5,Michael Badnarik,Unknown,3%,False,August 15/16
2004,State,Nevada,NV,,General,Las Vegas Sun,2004-10-16 to 2004-10-19,2004-10-16,2004-10-19,600 LV,4.0,John Kerry,Unknown,43%,False,October 16–19
2004,State,Nevada,NV,,General,Las Vegas Sun,2004-10-16 to 2004-10-19,2004-10-16,2004-10-19,600 LV,4.0,George W. Bush,Unknown,47%,False,October 16–19
2004,State,Nevada,NV,,General,Las Vegas Sun,2004-10-16 to 2004-10-19,2004-10-16,2004-10-19,600 LV,4.0,Ralph Nader,Unknown,1%,False,October 16–19
2004,State,Nevada,NV,,General,Las Vegas Sun,2004-10-16 to 2004-10-19,2004-10-16,2004-10-19,600 LV,4.0,Michael Badnarik,Unknown,1%,False,October 16–19
2004,State,New Hampshire,NH,,General,American Research Group,2004-10-30 to 2004-11-01,2004-10-30,2004-11-01,600 LV,4.0,John Kerry,Unknown,49%,False,October 30–November 1
2004,State,New Hampshire,NH,,General,MSNBC,2004-10-27 to 2004-10-29,2004-10-27,2004-10-29,625 LV,4.0,John Kerry,Unknown,47%,False,October 27–29
2004,State,New Hampshire,NH,,General,American Research Group,2004-10-16 to 2004-10-18,2004-10-16,2004-10-18,600 LV,4.0,John Kerry,Unknown,47%,False,October 16–18
2004,State,New Hampshire,NH,,General,American Research Group,2004-10-03 to 2004-10-05,2004-10-03,2004-10-05,600 LV,4.0,John Kerry,Unknown,47%,False,October 3–5
2004,State,New Hampshire,NH,,General,America Coming Together,2004-09-20 to 2004-09-23,2004-09-20,2004-09-23,Not reported,5.0,John Kerry,Unknown,47%,False,September 20–23
2004,State,New Hampshire,NH,,General,American Research Group,2004-08-03 to 2004-08-05,2004-08-03,2004-08-05,600 LV,4.0,John Kerry,Unknown,50%,False,August 3–5
2004,State,New Hampshire,NH,,General,American Research Group,2004-07-19 to 2004-07-21,2004-07-19,2004-07-21,600 LV,4.0,John Kerry,Unknown,48%,False,July 19–21
2004,State,New Hampshire,NH,,General,WMUR,2004-07-06 to 2004-07-20,2004-07-06,2004-07-20,459 LV,4.5,John Kerry,Unknown,50%,False,July 6–20
2004,State,New Hampshire,NH,,General,Becker Institute,2004-06-18 to 2004-06-20,2004-06-18,2004-06-20,401 RV,4.8,John Kerry,Unknown,48%,False,June 18–20
2004,State,New Hampshire,NH,,General,American Research Group,2004-06-07 to 2004-06-09,2004-06-07,2004-06-09,600 LV,4.0,John Kerry,Unknown,47%,False,June 7–9
2004,State,New Hampshire,NH,,General,National Republican Committee,2004-06-01 to 2004-06-06,2004-06-01,2004-06-06,800 LV,3.46,John Kerry,Unknown,45.3%,False,June 1–6
2004,State,New Hampshire,NH,,General,University of New Hampshire,2004-04-19 to 2004-04-26,2004-04-19,2004-04-26,491 LV,4.4,John Kerry,Unknown,49%,False,April 19–26
2004,State,New Hampshire,NH,,General,Rasmussen Reports,2004-04-21,2004-04-21,2004-04-21,500 LV,4.5,John Kerry,Unknown,47%,False,April 21
2004,State,New Hampshire,NH,,General,American Research Group,2004-03-30 to 2004-04-01,2004-03-30,2004-04-01,600 LV,4.0,John Kerry,Unknown,45%,False,March 30–April 1
2004,State,New Hampshire,NH,,General,American Research Group,2004-03-15 to 2004-03-18,2004-03-15,2004-03-18,463 RV,4.6,John Kerry,Unknown,45%,False,March 15–18
2004,State,New Hampshire,NH,,General,University of New Hampshire,2004-02-04 to 2004-02-12,2004-02-04,2004-02-12,464 RV,,John Kerry,Unknown,53%,False,February 4–12
2004,State,New Hampshire,NH,,General,University of New Hampshire,2003-09-30 to 2003-10-07,2003-09-30,2003-10-07,498 A,4.4,John Kerry,Unknown,38%,False,"September 30–October 7, 2003"
2004,State,New Hampshire,NH,,General,American Research Group,2004-10-30 to 2004-11-01,2004-10-30,2004-11-01,600 LV,4.0,George W. Bush,Unknown,49%,False,October 30–November 1
2004,State,New Hampshire,NH,,General,MSNBC,2004-10-27 to 2004-10-29,2004-10-27,2004-10-29,625 LV,4.0,George W. Bush,Unknown,46%,False,October 27–29
2004,State,New Hampshire,NH,,General,American Research Group,2004-10-16 to 2004-10-18,2004-10-16,2004-10-18,600 LV,4.0,George W. Bush,Unknown,47%,False,October 16–18
2004,State,New Hampshire,NH,,General,American Research Group,2004-10-03 to 2004-10-05,2004-10-03,2004-10-05,600 LV,4.0,George W. Bush,Unknown,47%,False,October 3–5
2004,State,New Hampshire,NH,,General,America Coming Together,2004-09-20 to 2004-09-23,2004-09-20,2004-09-23,Not reported,5.0,George W. Bush,Unknown,47%,False,September 20–23
2004,State,New Hampshire,NH,,General,American Research Group,2004-08-03 to 2004-08-05,2004-08-03,2004-08-05,600 LV,4.0,George W. Bush,Unknown,43%,False,August 3–5
2004,State,New Hampshire,NH,,General,American Research Group,2004-07-19 to 2004-07-21,2004-07-19,2004-07-21,600 LV,4.0,George W. Bush,Unknown,46%,False,July 19–21
2004,State,New Hampshire,NH,,General,WMUR,2004-07-06 to 2004-07-20,2004-07-06,2004-07-20,459 LV,4.5,George W. Bush,Unknown,45%,False,July 6–20
2004,State,New Hampshire,NH,,General,Becker Institute,2004-06-18 to 2004-06-20,2004-06-18,2004-06-20,401 RV,4.8,George W. Bush,Unknown,45%,False,June 18–20
2004,State,New Hampshire,NH,,General,American Research Group,2004-06-07 to 2004-06-09,2004-06-07,2004-06-09,600 LV,4.0,George W. Bush,Unknown,47%,False,June 7–9
2004,State,New Hampshire,NH,,General,National Republican Committee,2004-06-01 to 2004-06-06,2004-06-01,2004-06-06,800 LV,3.46,George W. Bush,Unknown,44.7%,False,June 1–6
2004,State,New Hampshire,NH,,General,University of New Hampshire,2004-04-19 to 2004-04-26,2004-04-19,2004-04-26,491 LV,4.4,George W. Bush,Unknown,45%,False,April 19–26
2004,State,New Hampshire,NH,,General,Rasmussen Reports,2004-04-21,2004-04-21,2004-04-21,500 LV,4.5,George W. Bush,Unknown,45%,False,April 21
2004,State,New Hampshire,NH,,General,American Research Group,2004-03-30 to 2004-04-01,2004-03-30,2004-04-01,600 LV,4.0,George W. Bush,Unknown,48%,False,March 30–April 1
2004,State,New Hampshire,NH,,General,American Research Group,2004-03-15 to 2004-03-18,2004-03-15,2004-03-18,463 RV,4.6,George W. Bush,Unknown,47%,False,March 15–18
2004,State,New Hampshire,NH,,General,University of New Hampshire,2004-02-04 to 2004-02-12,2004-02-04,2004-02-12,464 RV,,George W. Bush,Unknown,38%,False,February 4–12
2004,State,New Hampshire,NH,,General,University of New Hampshire,2003-09-30 to 2003-10-07,2003-09-30,2003-10-07,498 A,4.4,George W. Bush,Unknown,49%,False,"September 30–October 7, 2003"
2004,State,New Hampshire,NH,,General,American Research Group,2004-10-30 to 2004-11-01,2004-10-30,2004-11-01,600 LV,4.0,John Kerry,Unknown,48%,False,October 30–November 1
2004,State,New Hampshire,NH,,General,WMUR,2004-10-28 to 2004-10-30,2004-10-28,2004-10-30,716 LV,3.7,John Kerry,Unknown,49%,False,October 28–30
2004,State,New Hampshire,NH,,General,Wall Street Journal,2004-10-25 to 2004-10-30,2004-10-25,2004-10-30,631 LV,3.9,John Kerry,Unknown,50.2%,False,October 25–30
2004,State,New Hampshire,NH,,General,Franklin Pierce College,2004-10-25 to 2004-10-27,2004-10-25,2004-10-27,621 LV,4.0,John Kerry,Unknown,50.1%,False,October 25–27
2004,State,New Hampshire,NH,,General,WMUR,2004-10-25 to 2004-10-27,2004-10-25,2004-10-27,758 LV,3.6,John Kerry,Unknown,50%,False,October 25–27
2004,State,New Hampshire,NH,,General,Franklin Pierce College,2004-10-18 to 2004-10-21,2004-10-18,2004-10-21,453 LV,4.6,John Kerry,Unknown,50.1%,False,October 18–21
2004,State,New Hampshire,NH,,General,Rasmussen Reports,2004-10-18,2004-10-18,2004-10-18,500 LV,4.5,John Kerry,Unknown,49%,False,October 18
2004,State,New Hampshire,NH,,General,American Research Group,2004-10-16 to 2004-10-18,2004-10-16,2004-10-18,600 LV,4.0,John Kerry,Unknown,46%,False,October 16–18
2004,State,New Hampshire,NH,,General,Wall Street Journal,2004-10-13 to 2004-10-18,2004-10-13,2004-10-18,510 LV,4.3,John Kerry,Unknown,51.1%,False,October 13–18
2004,State,New Hampshire,NH,,General,7NEWS,2004-10-14 to 2004-10-17,2004-10-14,2004-10-17,400 LV,4.9,John Kerry,Unknown,46%,False,October 14–17
2004,State,New Hampshire,NH,,General,MSNBC,2004-10-14 to 2004-10-16,2004-10-14,2004-10-16,625 LV,4.0,John Kerry,Unknown,45%,False,October 14–16
2004,State,New Hampshire,NH,,General,Wall Street Journal,2004-09-30 to 2004-10-05,2004-09-30,2004-10-05,576 LV,4.1,John Kerry,Unknown,50.5%,False,September 30–October 5
2004,State,New Hampshire,NH,,General,Franklin Pierce College,2004-10-03 to 2004-10-04,2004-10-03,2004-10-04,617 LV,4.0,John Kerry,Unknown,49.1%,False,October 3–4
2004,State,New Hampshire,NH,,General,WMUR,2004-09-27 to 2004-10-03,2004-09-27,2004-10-03,521 LV,4.3,John Kerry,Unknown,45%,False,September 27–October 3
2004,State,New Hampshire,NH,,General,Becker Institute,2004-10-02,2004-10-02,2004-10-02,397 RV,,John Kerry,Unknown,49%,False,October 2
2004,State,New Hampshire,NH,,General,American Research Group,2004-09-15 to 2004-09-17,2004-09-15,2004-09-17,600 LV,4.0,John Kerry,Unknown,45%,False,September 15–17
2004,State,New Hampshire,NH,,General,Wall Street Journal,2004-09-13 to 2004-09-17,2004-09-13,2004-09-17,538 LV,4.2,John Kerry,Unknown,48.1%,False,September 13–17
2004,State,New Hampshire,NH,,General,Rasmussen Reports,2004-09-15,2004-09-15,2004-09-15,500 LV,4.5,John Kerry,Unknown,51%,False,September 15
2004,State,New Hampshire,NH,,General,MSNBC,2004-09-13 to 2004-09-15,2004-09-13,2004-09-15,624 LV,4.0,John Kerry,Unknown,40%,False,September 13–15
2004,State,New Hampshire,NH,,General,Wall Street Journal,2004-08-30 to 2004-09-03,2004-08-30,2004-09-03,553 LV,4.2,John Kerry,Unknown,49.5%,False,August 30–September 3
2004,State,New Hampshire,NH,,General,Wall Street Journal,2004-08-16 to 2004-08-21,2004-08-16,2004-08-21,512 LV,4.3,John Kerry,Unknown,50.5%,False,August 16–21
2004,State,New Hampshire,NH,,General,American Research Group,2004-08-03 to 2004-08-05,2004-08-03,2004-08-05,600 LV,4.0,John Kerry,Unknown,49%,False,August 3–5
2004,State,New Hampshire,NH,,General,Wall Street Journal,2004-07-26 to 2004-07-30,2004-07-26,2004-07-30,552 LV,4.2,John Kerry,Unknown,50.7%,False,July 26–30
2004,State,New Hampshire,NH,,General,Wall Street Journal,2004-07-19 to 2004-07-23,2004-07-19,2004-07-23,548 LV,4.2,John Kerry,Unknown,47.3%,False,July 19–23
2004,State,New Hampshire,NH,,General,American Research Group,2004-07-19 to 2004-07-21,2004-07-19,2004-07-21,600 LV,4.0,John Kerry,Unknown,47%,False,July 19–21
2004,State,New Hampshire,NH,,General,WMUR,2004-07-06 to 2004-07-20,2004-07-06,2004-07-20,459 LV,4.5,John Kerry,Unknown,47%,False,July 6–20
2004,State,New Hampshire,NH,,General,Wall Street Journal,2004-07-06 to 2004-07-10,2004-07-06,2004-07-10,527 LV,4.3,John Kerry,Unknown,49.3%,False,July 6–10
2004,State,New Hampshire,NH,,General,Becker Institute,2004-06-18 to 2004-06-20,2004-06-18,2004-06-20,401 RV,4.8,John Kerry,Unknown,44%,False,June 18–20
2004,State,New Hampshire,NH,,General,Wall Street Journal,2004-06-15 to 2004-06-20,2004-06-15,2004-06-20,500 LV,4.4,John Kerry,Unknown,46.2%,False,June 15–20
2004,State,New Hampshire,NH,,General,American Research Group,2004-06-07 to 2004-06-09,2004-06-07,2004-06-09,600 LV,4.0,John Kerry,Unknown,46%,False,June 7–9
2004,State,New Hampshire,NH,,General,Wall Street Journal,2004-06-01 to 2004-06-06,2004-06-01,2004-06-06,503 LV,4.4,John Kerry,Unknown,48.7%,False,June 1–6
2004,State,New Hampshire,NH,,General,Wall Street Journal,2004-05-18 to 2004-05-23,2004-05-18,2004-05-23,521 LV,4.3,John Kerry,Unknown,49.5%,False,May 18–23
2004,State,New Hampshire,NH,,General,American Research Group,2004-03-30 to 2004-04-01,2004-03-30,2004-04-01,600 LV,4.0,John Kerry,Unknown,43%,False,March 30–April 1
2004,State,New Hampshire,NH,,General,American Research Group,2004-03-15 to 2004-03-18,2004-03-15,2004-03-18,463 RV,4.6,John Kerry,Unknown,39%,False,March 15–18
2004,State,New Hampshire,NH,,General,WMUR,2004-10-28 to 2004-10-30,2004-10-28,2004-10-30,716 LV,3.7,George W. Bush,Unknown,48%,False,October 28–30
2004,State,New Hampshire,NH,,General,Wall Street Journal,2004-10-25 to 2004-10-30,2004-10-25,2004-10-30,631 LV,3.9,George W. Bush,Unknown,45.7%,False,October 25–30
2004,State,New Hampshire,NH,,General,Franklin Pierce College,2004-10-25 to 2004-10-27,2004-10-25,2004-10-27,621 LV,4.0,George W. Bush,Unknown,42.5%,False,October 25–27
2004,State,New Hampshire,NH,,General,WMUR,2004-10-25 to 2004-10-27,2004-10-25,2004-10-27,758 LV,3.6,George W. Bush,Unknown,46%,False,October 25–27
2004,State,New Hampshire,NH,,General,Franklin Pierce College,2004-10-18 to 2004-10-21,2004-10-18,2004-10-21,453 LV,4.6,George W. Bush,Unknown,41.3%,False,October 18–21
2004,State,New Hampshire,NH,,General,Rasmussen Reports,2004-10-18,2004-10-18,2004-10-18,500 LV,4.5,George W. Bush,Unknown,47%,False,October 18
2004,State,New Hampshire,NH,,General,Wall Street Journal,2004-10-13 to 2004-10-18,2004-10-13,2004-10-18,510 LV,4.3,George W. Bush,Unknown,46%,False,October 13–18
2004,State,New Hampshire,NH,,General,7NEWS,2004-10-14 to 2004-10-17,2004-10-14,2004-10-17,400 LV,4.9,George W. Bush,Unknown,41%,False,October 14–17
2004,State,New Hampshire,NH,,General,MSNBC,2004-10-14 to 2004-10-16,2004-10-14,2004-10-16,625 LV,4.0,George W. Bush,Unknown,48%,False,October 14–16
2004,State,New Hampshire,NH,,General,Wall Street Journal,2004-09-30 to 2004-10-05,2004-09-30,2004-10-05,576 LV,4.1,George W. Bush,Unknown,43.9%,False,September 30–October 5
2004,State,New Hampshire,NH,,General,Franklin Pierce College,2004-10-03 to 2004-10-04,2004-10-03,2004-10-04,617 LV,4.0,George W. Bush,Unknown,42.3%,False,October 3–4
2004,State,New Hampshire,NH,,General,WMUR,2004-09-27 to 2004-10-03,2004-09-27,2004-10-03,521 LV,4.3,George W. Bush,Unknown,50%,False,September 27–October 3
2004,State,New Hampshire,NH,,General,Becker Institute,2004-10-02,2004-10-02,2004-10-02,397 RV,,George W. Bush,Unknown,43%,False,October 2
2004,State,New Hampshire,NH,,General,American Research Group,2004-09-15 to 2004-09-17,2004-09-15,2004-09-17,600 LV,4.0,George W. Bush,Unknown,47%,False,September 15–17
2004,State,New Hampshire,NH,,General,Wall Street Journal,2004-09-13 to 2004-09-17,2004-09-13,2004-09-17,538 LV,4.2,George W. Bush,Unknown,44.5%,False,September 13–17
2004,State,New Hampshire,NH,,General,Rasmussen Reports,2004-09-15,2004-09-15,2004-09-15,500 LV,4.5,George W. Bush,Unknown,45%,False,September 15
2004,State,New Hampshire,NH,,General,MSNBC,2004-09-13 to 2004-09-15,2004-09-13,2004-09-15,624 LV,4.0,George W. Bush,Unknown,49%,False,September 13–15
2004,State,New Hampshire,NH,,General,Wall Street Journal,2004-08-30 to 2004-09-03,2004-08-30,2004-09-03,553 LV,4.2,George W. Bush,Unknown,44.8%,False,August 30–September 3
2004,State,New Hampshire,NH,,General,Wall Street Journal,2004-08-16 to 2004-08-21,2004-08-16,2004-08-21,512 LV,4.3,George W. Bush,Unknown,43.3%,False,August 16–21
2004,State,New Hampshire,NH,,General,American Research Group,2004-08-03 to 2004-08-05,2004-08-03,2004-08-05,600 LV,4.0,George W. Bush,Unknown,42%,False,August 3–5
2004,State,New Hampshire,NH,,General,Wall Street Journal,2004-07-26 to 2004-07-30,2004-07-26,2004-07-30,552 LV,4.2,George W. Bush,Unknown,41.8%,False,July 26–30
2004,State,New Hampshire,NH,,General,Wall Street Journal,2004-07-19 to 2004-07-23,2004-07-19,2004-07-23,548 LV,4.2,George W. Bush,Unknown,42.7%,False,July 19–23
2004,State,New Hampshire,NH,,General,American Research Group,2004-07-19 to 2004-07-21,2004-07-19,2004-07-21,600 LV,4.0,George W. Bush,Unknown,45%,False,July 19–21
2004,State,New Hampshire,NH,,General,WMUR,2004-07-06 to 2004-07-20,2004-07-06,2004-07-20,459 LV,4.5,George W. Bush,Unknown,43%,False,July 6–20
2004,State,New Hampshire,NH,,General,Wall Street Journal,2004-07-06 to 2004-07-10,2004-07-06,2004-07-10,527 LV,4.3,George W. Bush,Unknown,40.3%,False,July 6–10
2004,State,New Hampshire,NH,,General,Wall Street Journal,2004-06-15 to 2004-06-20,2004-06-15,2004-06-20,500 LV,4.4,George W. Bush,Unknown,42.9%,False,June 15–20
2004,State,New Hampshire,NH,,General,American Research Group,2004-06-07 to 2004-06-09,2004-06-07,2004-06-09,600 LV,4.0,George W. Bush,Unknown,46%,False,June 7–9
2004,State,New Hampshire,NH,,General,Wall Street Journal,2004-06-01 to 2004-06-06,2004-06-01,2004-06-06,503 LV,4.4,George W. Bush,Unknown,44.4%,False,June 1–6
2004,State,New Hampshire,NH,,General,Wall Street Journal,2004-05-18 to 2004-05-23,2004-05-18,2004-05-23,521 LV,4.3,George W. Bush,Unknown,39.9%,False,May 18–23
2004,State,New Hampshire,NH,,General,American Research Group,2004-03-15 to 2004-03-18,2004-03-15,2004-03-18,463 RV,4.6,George W. Bush,Unknown,45%,False,March 15–18
2004,State,New Hampshire,NH,,General,American Research Group,2004-10-30 to 2004-11-01,2004-10-30,2004-11-01,600 LV,4.0,Ralph Nader,Unknown,1%,False,October 30–November 1
2004,State,New Hampshire,NH,,General,WMUR,2004-10-28 to 2004-10-30,2004-10-28,2004-10-30,716 LV,3.7,Ralph Nader,Unknown,2%,False,October 28–30
2004,State,New Hampshire,NH,,General,Wall Street Journal,2004-10-25 to 2004-10-30,2004-10-25,2004-10-30,631 LV,3.9,Ralph Nader,Unknown,1%,False,October 25–30
2004,State,New Hampshire,NH,,General,Franklin Pierce College,2004-10-25 to 2004-10-27,2004-10-25,2004-10-27,621 LV,4.0,Ralph Nader,Unknown,1%,False,October 25–27
2004,State,New Hampshire,NH,,General,WMUR,2004-10-25 to 2004-10-27,2004-10-25,2004-10-27,758 LV,3.6,Ralph Nader,Unknown,1%,False,October 25–27
2004,State,New Hampshire,NH,,General,Franklin Pierce College,2004-10-18 to 2004-10-21,2004-10-18,2004-10-21,453 LV,4.6,Ralph Nader,Unknown,1.3%,False,October 18–21
2004,State,New Hampshire,NH,,General,Rasmussen Reports,2004-10-18,2004-10-18,2004-10-18,500 LV,4.5,Ralph Nader,Unknown,1%,False,October 18
2004,State,New Hampshire,NH,,General,American Research Group,2004-10-16 to 2004-10-18,2004-10-16,2004-10-18,600 LV,4.0,Ralph Nader,Unknown,1%,False,October 16–18
2004,State,New Hampshire,NH,,General,Wall Street Journal,2004-10-13 to 2004-10-18,2004-10-13,2004-10-18,510 LV,4.3,Ralph Nader,Unknown,1.1%,False,October 13–18
2004,State,New Hampshire,NH,,General,7NEWS,2004-10-14 to 2004-10-17,2004-10-14,2004-10-17,400 LV,4.9,Ralph Nader,Unknown,1%,False,October 14–17
2004,State,New Hampshire,NH,,General,MSNBC,2004-10-14 to 2004-10-16,2004-10-14,2004-10-16,625 LV,4.0,Ralph Nader,Unknown,1%,False,October 14–16
2004,State,New Hampshire,NH,,General,American Research Group,2004-10-03 to 2004-10-05,2004-10-03,2004-10-05,600 LV,4.0,Ralph Nader,Unknown,1%,False,October 3–5
2004,State,New Hampshire,NH,,General,Wall Street Journal,2004-09-30 to 2004-10-05,2004-09-30,2004-10-05,576 LV,4.1,Ralph Nader,Unknown,1.7%,False,September 30–October 5
2004,State,New Hampshire,NH,,General,Franklin Pierce College,2004-10-03 to 2004-10-04,2004-10-03,2004-10-04,617 LV,4.0,Ralph Nader,Unknown,1.1%,False,October 3–4
2004,State,New Hampshire,NH,,General,WMUR,2004-09-27 to 2004-10-03,2004-09-27,2004-10-03,521 LV,4.3,Ralph Nader,Unknown,1%,False,September 27–October 3
2004,State,New Hampshire,NH,,General,Becker Institute,2004-10-02,2004-10-02,2004-10-02,397 RV,,Ralph Nader,Unknown,2%,False,October 2
2004,State,New Hampshire,NH,,General,American Research Group,2004-09-15 to 2004-09-17,2004-09-15,2004-09-17,600 LV,4.0,Ralph Nader,Unknown,1%,False,September 15–17
2004,State,New Hampshire,NH,,General,Wall Street Journal,2004-09-13 to 2004-09-17,2004-09-13,2004-09-17,538 LV,4.2,Ralph Nader,Unknown,1.6%,False,September 13–17
2004,State,New Hampshire,NH,,General,Rasmussen Reports,2004-09-15,2004-09-15,2004-09-15,500 LV,4.5,Ralph Nader,Unknown,3%,False,September 15
2004,State,New Hampshire,NH,,General,MSNBC,2004-09-13 to 2004-09-15,2004-09-13,2004-09-15,624 LV,4.0,Ralph Nader,Unknown,3%,False,September 13–15
2004,State,New Hampshire,NH,,General,Wall Street Journal,2004-08-30 to 2004-09-03,2004-08-30,2004-09-03,553 LV,4.2,Ralph Nader,Unknown,1.2%,False,August 30–September 3
2004,State,New Hampshire,NH,,General,Wall Street Journal,2004-08-16 to 2004-08-21,2004-08-16,2004-08-21,512 LV,4.3,Ralph Nader,Unknown,1.4%,False,August 16–21
2004,State,New Hampshire,NH,,General,American Research Group,2004-08-03 to 2004-08-05,2004-08-03,2004-08-05,600 LV,4.0,Ralph Nader,Unknown,2%,False,August 3–5
2004,State,New Hampshire,NH,,General,Wall Street Journal,2004-07-26 to 2004-07-30,2004-07-26,2004-07-30,552 LV,4.2,Ralph Nader,Unknown,2.3%,False,July 26–30
2004,State,New Hampshire,NH,,General,Wall Street Journal,2004-07-19 to 2004-07-23,2004-07-19,2004-07-23,548 LV,4.2,Ralph Nader,Unknown,3.1%,False,July 19–23
2004,State,New Hampshire,NH,,General,American Research Group,2004-07-19 to 2004-07-21,2004-07-19,2004-07-21,600 LV,4.0,Ralph Nader,Unknown,2%,False,July 19–21
2004,State,New Hampshire,NH,,General,WMUR,2004-07-06 to 2004-07-20,2004-07-06,2004-07-20,459 LV,4.5,Ralph Nader,Unknown,4%,False,July 6–20
2004,State,New Hampshire,NH,,General,Wall Street Journal,2004-07-06 to 2004-07-10,2004-07-06,2004-07-10,527 LV,4.3,Ralph Nader,Unknown,0.8%,False,July 6–10
2004,State,New Hampshire,NH,,General,Becker Institute,2004-06-18 to 2004-06-20,2004-06-18,2004-06-20,401 RV,4.8,Ralph Nader,Unknown,4%,False,June 18–20
2004,State,New Hampshire,NH,,General,Wall Street Journal,2004-06-15 to 2004-06-20,2004-06-15,2004-06-20,500 LV,4.4,Ralph Nader,Unknown,1.7%,False,June 15–20
2004,State,New Hampshire,NH,,General,American Research Group,2004-06-07 to 2004-06-09,2004-06-07,2004-06-09,600 LV,4.0,Ralph Nader,Unknown,2%,False,June 7–9
2004,State,New Hampshire,NH,,General,Wall Street Journal,2004-06-01 to 2004-06-06,2004-06-01,2004-06-06,503 LV,4.4,Ralph Nader,Unknown,1.7%,False,June 1–6
2004,State,New Hampshire,NH,,General,Wall Street Journal,2004-05-18 to 2004-05-23,2004-05-18,2004-05-23,521 LV,4.3,Ralph Nader,Unknown,2.2%,False,May 18–23
2004,State,New Hampshire,NH,,General,American Research Group,2004-03-30 to 2004-04-01,2004-03-30,2004-04-01,600 LV,4.0,Ralph Nader,Unknown,3%,False,March 30–April 1
2004,State,New Hampshire,NH,,General,American Research Group,2004-03-15 to 2004-03-18,2004-03-15,2004-03-18,463 RV,4.6,Ralph Nader,Unknown,8%,False,March 15–18
2004,State,New Jersey,NJ,,General,Rasmussen Reports,2004-10-17 to 2004-10-30,2004-10-17,2004-10-30,400 LV,5.0,John Kerry,Unknown,53%,False,October 17–30
2004,State,New Jersey,NJ,,General,The Star-Ledger,2004-10-27 to 2004-10-29,2004-10-27,2004-10-29,740 LV,3.6,John Kerry,Unknown,45%,False,October 27–29
2004,State,New Jersey,NJ,,General,WABC-TV New York,2004-10-27 to 2004-10-29,2004-10-27,2004-10-29,794 LV,3.5,John Kerry,Unknown,54%,False,October 27–29
2004,State,New Jersey,NJ,,General,Fairleigh Dickinson University (PublicMind),2004-10-21 to 2004-10-28,2004-10-21,2004-10-28,549 LV,4.5,John Kerry,Unknown,47%,False,October 21–28
2004,State,New Jersey,NJ,,General,WABC-TV New York,2004-10-16 to 2004-10-18,2004-10-16,2004-10-18,703 LV,3.8,John Kerry,Unknown,51%,False,October 16–18
2004,State,New Jersey,NJ,,General,Quinnipiac University,2004-10-14 to 2004-10-17,2004-10-14,2004-10-17,786 LV,3.5,John Kerry,Unknown,50%,False,October 14–17
2004,State,New Jersey,NJ,,General,The Star-Ledger,2004-10-14 to 2004-10-17,2004-10-14,2004-10-17,663 LV,,John Kerry,Unknown,51%,False,October 14–17
2004,State,New Jersey,NJ,,General,Fairleigh Dickinson University (PublicMind),2004-10-07 to 2004-10-11,2004-10-07,2004-10-11,500 LV,4.5,John Kerry,Unknown,48%,False,October 7–11
2004,State,New Jersey,NJ,,General,Rasmussen Reports,2004-09-26 to 2004-10-10,2004-09-26,2004-10-10,400 LV,5.0,John Kerry,Unknown,53%,False,September 26−October 10
2004,State,New Jersey,NJ,,General,The Star-Ledger,2004-10-01 to 2004-10-06,2004-10-01,2004-10-06,571 LV,4.1,John Kerry,Unknown,47%,False,October 1–6
2004,State,New Jersey,NJ,,General,Fairleigh Dickinson University (PublicMind),2004-10-01 to 2004-10-06,2004-10-01,2004-10-06,500 LV,4.5,John Kerry,Unknown,49%,False,October 1–6
2004,State,New Jersey,NJ,,General,Quinnipiac University,2004-10-01 to 2004-10-04,2004-10-01,2004-10-04,819 LV,3.4,John Kerry,Unknown,49%,False,October 1–4
2004,State,New Jersey,NJ,,General,WABC-TV New York,2004-10-01 to 2004-10-03,2004-10-01,2004-10-03,696 LV,3.8,John Kerry,Unknown,50%,False,October 1–3
2004,State,New Jersey,NJ,,General,Rasmussen Reports,2004-09-12 to 2004-09-25,2004-09-12,2004-09-25,400 LV,5.0,John Kerry,Unknown,49%,False,September 12–25
2004,State,New Jersey,NJ,,General,Quinnipiac University,2004-09-16 to 2004-09-19,2004-09-16,2004-09-19,672 LV,3.8,John Kerry,Unknown,49%,False,September 16–19
2004,State,New Jersey,NJ,,General,WABC-TV New York,2004-09-12 to 2004-09-14,2004-09-12,2004-09-14,734 LV,3.7,John Kerry,Unknown,45%,False,September 12–14
2004,State,New Jersey,NJ,,General,Rasmussen Reports,2004-08-01 to 2004-08-26,2004-08-01,2004-08-26,Not reported,5.0,John Kerry,Unknown,51%,False,August 1–26
2004,State,New Jersey,NJ,,General,Quinnipiac University,2004-08-19 to 2004-08-23,2004-08-19,2004-08-23,887 RV,3.3,John Kerry,Unknown,51%,False,August 19–23
2004,State,New Jersey,NJ,,General,Quinnipiac University,2004-07-30 to 2004-08-02,2004-07-30,2004-08-02,996 RV,3.1,John Kerry,Unknown,52%,False,July 30–August 2
2004,State,New Jersey,NJ,,General,Rasmussen Reports,2004-07-01 to 2004-07-31,2004-07-01,2004-07-31,Not reported,5.0,John Kerry,Unknown,51%,False,July 1–31
2004,State,New Jersey,NJ,,General,Fairleigh Dickinson University (PublicMind),2004-07-20 to 2004-07-26,2004-07-20,2004-07-26,834 RV,3.5,John Kerry,Unknown,45%,False,July 20–26
2004,State,New Jersey,NJ,,General,Rasmussen Reports,2004-06-01 to 2004-06-30,2004-06-01,2004-06-30,Not reported,5.0,John Kerry,Unknown,51%,False,June 1–30
2004,State,New Jersey,NJ,,General,Quinnipiac University,2004-06-15 to 2004-06-20,2004-06-15,2004-06-20,"1,167 RV",2.9,John Kerry,Unknown,49%,False,June 15–20
2004,State,New Jersey,NJ,,General,National Republican Committee,2004-06-01 to 2004-06-06,2004-06-01,2004-06-06,800 LV,3.46,John Kerry,Unknown,48.8%,False,June 1–6
2004,State,New Jersey,NJ,,General,Rasmussen Reports,2004-05-01 to 2004-05-31,2004-05-01,2004-05-31,Not reported,5.0,John Kerry,Unknown,51%,False,May 1–31
2004,State,New Jersey,NJ,,General,Quinnipiac University,2004-05-10 to 2004-05-16,2004-05-10,2004-05-16,"1,122 RV",2.9,John Kerry,Unknown,47%,False,May 10–16
2004,State,New Jersey,NJ,,General,The Star-Ledger,2004-04-28 to 2004-05-04,2004-04-28,2004-05-04,643 RV,4.0,John Kerry,Unknown,43%,False,April 28–May 4
2004,State,New Jersey,NJ,,General,Rasmussen Reports,2004-04-20,2004-04-20,2004-04-20,500 LV,4.5,John Kerry,Unknown,51%,False,April 20
2004,State,New Jersey,NJ,,General,Fairleigh Dickinson University (PublicMind),2004-04-03 to 2004-04-10,2004-04-03,2004-04-10,802 RV,3.5,John Kerry,Unknown,48%,False,April 3–10
2004,State,New Jersey,NJ,,General,Quinnipiac University,2003-11-06 to 2003-11-10,2003-11-06,2003-11-10,"1,027 RV",3.1,John Kerry,Unknown,45%,False,"November 6–10, 2003"
2004,State,New Jersey,NJ,,General,Quinnipiac University,2003-09-18 to 2003-09-22,2003-09-18,2003-09-22,968 RV,3.2,John Kerry,Unknown,43%,False,"September 18–22, 2003"
2004,State,New Jersey,NJ,,General,Quinnipiac University,2003-06-11 to 2003-06-16,2003-06-11,2003-06-16,815 RV,3.4,John Kerry,Unknown,37%,False,"June 11–16, 2003"
2004,State,New Jersey,NJ,,General,Rasmussen Reports,2004-10-17 to 2004-10-30,2004-10-17,2004-10-30,400 LV,5.0,George W. Bush,Unknown,41%,False,October 17–30
2004,State,New Jersey,NJ,,General,The Star-Ledger,2004-10-27 to 2004-10-29,2004-10-27,2004-10-29,740 LV,3.6,George W. Bush,Unknown,41%,False,October 27–29
2004,State,New Jersey,NJ,,General,WABC-TV New York,2004-10-27 to 2004-10-29,2004-10-27,2004-10-29,794 LV,3.5,George W. Bush,Unknown,42%,False,October 27–29
2004,State,New Jersey,NJ,,General,Fairleigh Dickinson University (PublicMind),2004-10-21 to 2004-10-28,2004-10-21,2004-10-28,549 LV,4.5,George W. Bush,Unknown,40%,False,October 21–28
2004,State,New Jersey,NJ,,General,WABC-TV New York,2004-10-16 to 2004-10-18,2004-10-16,2004-10-18,703 LV,3.8,George W. Bush,Unknown,43%,False,October 16–18
2004,State,New Jersey,NJ,,General,Quinnipiac University,2004-10-14 to 2004-10-17,2004-10-14,2004-10-17,786 LV,3.5,George W. Bush,Unknown,45%,False,October 14–17
2004,State,New Jersey,NJ,,General,The Star-Ledger,2004-10-14 to 2004-10-17,2004-10-14,2004-10-17,663 LV,,George W. Bush,Unknown,38%,False,October 14–17
2004,State,New Jersey,NJ,,General,Fairleigh Dickinson University (PublicMind),2004-10-07 to 2004-10-11,2004-10-07,2004-10-11,500 LV,4.5,George W. Bush,Unknown,43%,False,October 7–11
2004,State,New Jersey,NJ,,General,Rasmussen Reports,2004-09-26 to 2004-10-10,2004-09-26,2004-10-10,400 LV,5.0,George W. Bush,Unknown,44%,False,September 26−October 10
2004,State,New Jersey,NJ,,General,The Star-Ledger,2004-10-01 to 2004-10-06,2004-10-01,2004-10-06,571 LV,4.1,George W. Bush,Unknown,41%,False,October 1–6
2004,State,New Jersey,NJ,,General,Fairleigh Dickinson University (PublicMind),2004-10-01 to 2004-10-06,2004-10-01,2004-10-06,500 LV,4.5,George W. Bush,Unknown,41%,False,October 1–6
2004,State,New Jersey,NJ,,General,Quinnipiac University,2004-10-01 to 2004-10-04,2004-10-01,2004-10-04,819 LV,3.4,George W. Bush,Unknown,46%,False,October 1–4
2004,State,New Jersey,NJ,,General,WABC-TV New York,2004-10-01 to 2004-10-03,2004-10-01,2004-10-03,696 LV,3.8,George W. Bush,Unknown,45%,False,October 1–3
2004,State,New Jersey,NJ,,General,Rasmussen Reports,2004-09-12 to 2004-09-25,2004-09-12,2004-09-25,400 LV,5.0,George W. Bush,Unknown,46%,False,September 12–25
2004,State,New Jersey,NJ,,General,Quinnipiac University,2004-09-16 to 2004-09-19,2004-09-16,2004-09-19,672 LV,3.8,George W. Bush,Unknown,48%,False,September 16–19
2004,State,New Jersey,NJ,,General,WABC-TV New York,2004-09-12 to 2004-09-14,2004-09-12,2004-09-14,734 LV,3.7,George W. Bush,Unknown,49%,False,September 12–14
2004,State,New Jersey,NJ,,General,Rasmussen Reports,2004-08-01 to 2004-08-26,2004-08-01,2004-08-26,Not reported,5.0,George W. Bush,Unknown,43%,False,August 1–26
2004,State,New Jersey,NJ,,General,Quinnipiac University,2004-08-19 to 2004-08-23,2004-08-19,2004-08-23,887 RV,3.3,George W. Bush,Unknown,39%,False,August 19–23
2004,State,New Jersey,NJ,,General,Quinnipiac University,2004-07-30 to 2004-08-02,2004-07-30,2004-08-02,996 RV,3.1,George W. Bush,Unknown,38%,False,July 30–August 2
2004,State,New Jersey,NJ,,General,Rasmussen Reports,2004-07-01 to 2004-07-31,2004-07-01,2004-07-31,Not reported,5.0,George W. Bush,Unknown,38%,False,July 1–31
2004,State,New Jersey,NJ,,General,Fairleigh Dickinson University (PublicMind),2004-07-20 to 2004-07-26,2004-07-20,2004-07-26,834 RV,3.5,George W. Bush,Unknown,43%,False,July 20–26
2004,State,New Jersey,NJ,,General,Rasmussen Reports,2004-06-01 to 2004-06-30,2004-06-01,2004-06-30,Not reported,5.0,George W. Bush,Unknown,41%,False,June 1–30
2004,State,New Jersey,NJ,,General,Quinnipiac University,2004-06-15 to 2004-06-20,2004-06-15,2004-06-20,"1,167 RV",2.9,George W. Bush,Unknown,41%,False,June 15–20
2004,State,New Jersey,NJ,,General,National Republican Committee,2004-06-01 to 2004-06-06,2004-06-01,2004-06-06,800 LV,3.46,George W. Bush,Unknown,41.7%,False,June 1–6
2004,State,New Jersey,NJ,,General,Rasmussen Reports,2004-05-01 to 2004-05-31,2004-05-01,2004-05-31,Not reported,5.0,George W. Bush,Unknown,39%,False,May 1–31
2004,State,New Jersey,NJ,,General,Quinnipiac University,2004-05-10 to 2004-05-16,2004-05-10,2004-05-16,"1,122 RV",2.9,George W. Bush,Unknown,44%,False,May 10–16
2004,State,New Jersey,NJ,,General,The Star-Ledger,2004-04-28 to 2004-05-04,2004-04-28,2004-05-04,643 RV,4.0,George W. Bush,Unknown,37%,False,April 28–May 4
2004,State,New Jersey,NJ,,General,Rasmussen Reports,2004-04-20,2004-04-20,2004-04-20,500 LV,4.5,George W. Bush,Unknown,39%,False,April 20
2004,State,New Jersey,NJ,,General,Fairleigh Dickinson University (PublicMind),2004-04-03 to 2004-04-10,2004-04-03,2004-04-10,802 RV,3.5,George W. Bush,Unknown,47%,False,April 3–10
2004,State,New Jersey,NJ,,General,Quinnipiac University,2003-11-06 to 2003-11-10,2003-11-06,2003-11-10,"1,027 RV",3.1,George W. Bush,Unknown,46%,False,"November 6–10, 2003"
2004,State,New Jersey,NJ,,General,Quinnipiac University,2003-09-18 to 2003-09-22,2003-09-18,2003-09-22,968 RV,3.2,George W. Bush,Unknown,48%,False,"September 18–22, 2003"
2004,State,New Jersey,NJ,,General,Quinnipiac University,2003-06-11 to 2003-06-16,2003-06-11,2003-06-16,815 RV,3.4,George W. Bush,Unknown,53%,False,"June 11–16, 2003"
2004,State,New Jersey,NJ,,General,Quinnipiac University,2004-10-27 to 2004-10-31,2004-10-27,2004-10-31,984 LV,3.1,John Kerry,Unknown,48%,False,October 27–31
2004,State,New Jersey,NJ,,General,Quinnipiac University,2004-10-21 to 2004-10-25,2004-10-21,2004-10-25,852 LV,3.4,John Kerry,Unknown,46%,False,October 21–25
2004,State,New Jersey,NJ,,General,Fairleigh Dickinson University (PublicMind),2004-10-13 to 2004-10-21,2004-10-13,2004-10-21,503 LV,4.5,John Kerry,Unknown,49%,False,October 13–21
2004,State,New Jersey,NJ,,General,Quinnipiac University,2004-10-14 to 2004-10-17,2004-10-14,2004-10-17,786 LV,3.5,John Kerry,Unknown,49%,False,October 14–17
2004,State,New Jersey,NJ,,General,Fairleigh Dickinson University (PublicMind),2004-09-23 to 2004-09-28,2004-09-23,2004-09-28,489 LV,4.5,John Kerry,Unknown,45%,False,September 23–28
2004,State,New Jersey,NJ,,General,Quinnipiac University,2004-09-16 to 2004-09-19,2004-09-16,2004-09-19,672 LV,3.8,John Kerry,Unknown,48%,False,September 16–19
2004,State,New Jersey,NJ,,General,American Research Group,2004-09-13 to 2004-09-16,2004-09-13,2004-09-16,600 LV,4.0,John Kerry,Unknown,50%,False,September 13–16
2004,State,New Jersey,NJ,,General,The Star-Ledger,2004-09-03 to 2004-09-07,2004-09-03,2004-09-07,738 RV,3.5,John Kerry,Unknown,43%,False,September 3–7
2004,State,New Jersey,NJ,,General,Quinnipiac University,2004-08-19 to 2004-08-23,2004-08-19,2004-08-23,887 RV,3.3,John Kerry,Unknown,49%,False,August 19–23
2004,State,New Jersey,NJ,,General,Quinnipiac University,2004-07-30 to 2004-08-02,2004-07-30,2004-08-02,996 RV,3.1,John Kerry,Unknown,49%,False,July 30–August 2
2004,State,New Jersey,NJ,,General,The Star-Ledger,2004-07-30,2004-07-30,2004-07-30,624 RV,4.0,John Kerry,Unknown,52%,False,July 30
2004,State,New Jersey,NJ,,General,Fairleigh Dickinson University (PublicMind),2004-07-20 to 2004-07-26,2004-07-20,2004-07-26,834 RV,3.5,John Kerry,Unknown,42%,False,July 20–26
2004,State,New Jersey,NJ,,General,Quinnipiac University,2004-06-15 to 2004-06-20,2004-06-15,2004-06-20,"1,167 RV",2.9,John Kerry,Unknown,46%,False,June 15–20
2004,State,New Jersey,NJ,,General,Quinnipiac University,2004-05-10 to 2004-05-16,2004-05-10,2004-05-16,"1,122 RV",2.9,John Kerry,Unknown,46%,False,May 10–16
2004,State,New Jersey,NJ,,General,Fairleigh Dickinson University (PublicMind),2004-04-03 to 2004-04-10,2004-04-03,2004-04-10,802 RV,3.5,John Kerry,Unknown,44%,False,April 3–10
2004,State,New Jersey,NJ,,General,Quinnipiac University,2004-10-27 to 2004-10-31,2004-10-27,2004-10-31,984 LV,3.1,George W. Bush,Unknown,43%,False,October 27–31
2004,State,New Jersey,NJ,,General,Quinnipiac University,2004-10-21 to 2004-10-25,2004-10-21,2004-10-25,852 LV,3.4,George W. Bush,Unknown,46%,False,October 21–25
2004,State,New Jersey,NJ,,General,Fairleigh Dickinson University (PublicMind),2004-10-13 to 2004-10-21,2004-10-13,2004-10-21,503 LV,4.5,George W. Bush,Unknown,41%,False,October 13–21
2004,State,New Jersey,NJ,,General,Fairleigh Dickinson University (PublicMind),2004-09-23 to 2004-09-28,2004-09-23,2004-09-28,489 LV,4.5,George W. Bush,Unknown,44%,False,September 23–28
2004,State,New Jersey,NJ,,General,American Research Group,2004-09-13 to 2004-09-16,2004-09-13,2004-09-16,600 LV,4.0,George W. Bush,Unknown,42%,False,September 13–16
2004,State,New Jersey,NJ,,General,The Star-Ledger,2004-09-03 to 2004-09-07,2004-09-03,2004-09-07,738 RV,3.5,George W. Bush,Unknown,39%,False,September 3–7
2004,State,New Jersey,NJ,,General,Quinnipiac University,2004-07-30 to 2004-08-02,2004-07-30,2004-08-02,996 RV,3.1,George W. Bush,Unknown,36%,False,July 30–August 2
2004,State,New Jersey,NJ,,General,The Star-Ledger,2004-07-30,2004-07-30,2004-07-30,624 RV,4.0,George W. Bush,Unknown,32%,False,July 30
2004,State,New Jersey,NJ,,General,Fairleigh Dickinson University (PublicMind),2004-07-20 to 2004-07-26,2004-07-20,2004-07-26,834 RV,3.5,George W. Bush,Unknown,41%,False,July 20–26
2004,State,New Jersey,NJ,,General,Quinnipiac University,2004-06-15 to 2004-06-20,2004-06-15,2004-06-20,"1,167 RV",2.9,George W. Bush,Unknown,40%,False,June 15–20
2004,State,New Jersey,NJ,,General,Quinnipiac University,2004-05-10 to 2004-05-16,2004-05-10,2004-05-16,"1,122 RV",2.9,George W. Bush,Unknown,43%,False,May 10–16
2004,State,New Jersey,NJ,,General,Fairleigh Dickinson University (PublicMind),2004-04-03 to 2004-04-10,2004-04-03,2004-04-10,802 RV,3.5,George W. Bush,Unknown,48%,False,April 3–10
2004,State,New Jersey,NJ,,General,Quinnipiac University,2004-10-27 to 2004-10-31,2004-10-27,2004-10-31,984 LV,3.1,Ralph Nader,Unknown,2%,False,October 27–31
2004,State,New Jersey,NJ,,General,Quinnipiac University,2004-10-21 to 2004-10-25,2004-10-21,2004-10-25,852 LV,3.4,Ralph Nader,Unknown,2%,False,October 21–25
2004,State,New Jersey,NJ,,General,Fairleigh Dickinson University (PublicMind),2004-10-13 to 2004-10-21,2004-10-13,2004-10-21,503 LV,4.5,Ralph Nader,Unknown,1%,False,October 13–21
2004,State,New Jersey,NJ,,General,Quinnipiac University,2004-10-14 to 2004-10-17,2004-10-14,2004-10-17,786 LV,3.5,Ralph Nader,Unknown,1%,False,October 14–17
2004,State,New Jersey,NJ,,General,Quinnipiac University,2004-10-01 to 2004-10-04,2004-10-01,2004-10-04,819 LV,3.4,Ralph Nader,Unknown,2%,False,October 1–4
2004,State,New Jersey,NJ,,General,Fairleigh Dickinson University (PublicMind),2004-09-23 to 2004-09-28,2004-09-23,2004-09-28,489 LV,4.5,Ralph Nader,Unknown,2%,False,September 23–28
2004,State,New Jersey,NJ,,General,Quinnipiac University,2004-09-16 to 2004-09-19,2004-09-16,2004-09-19,672 LV,3.8,Ralph Nader,Unknown,2%,False,September 16–19
2004,State,New Jersey,NJ,,General,American Research Group,2004-09-13 to 2004-09-16,2004-09-13,2004-09-16,600 LV,4.0,Ralph Nader,Unknown,1%,False,September 13–16
2004,State,New Jersey,NJ,,General,The Star-Ledger,2004-09-03 to 2004-09-07,2004-09-03,2004-09-07,738 RV,3.5,Ralph Nader,Unknown,5%,False,September 3–7
2004,State,New Jersey,NJ,,General,Quinnipiac University,2004-08-19 to 2004-08-23,2004-08-19,2004-08-23,887 RV,3.3,Ralph Nader,Unknown,4%,False,August 19–23
2004,State,New Jersey,NJ,,General,Quinnipiac University,2004-07-30 to 2004-08-02,2004-07-30,2004-08-02,996 RV,3.1,Ralph Nader,Unknown,6%,False,July 30–August 2
2004,State,New Jersey,NJ,,General,The Star-Ledger,2004-07-30,2004-07-30,2004-07-30,624 RV,4.0,Ralph Nader,Unknown,6%,False,July 30
2004,State,New Jersey,NJ,,General,Fairleigh Dickinson University (PublicMind),2004-07-20 to 2004-07-26,2004-07-20,2004-07-26,834 RV,3.5,Ralph Nader,Unknown,6%,False,July 20–26
2004,State,New Jersey,NJ,,General,Quinnipiac University,2004-06-15 to 2004-06-20,2004-06-15,2004-06-20,"1,167 RV",2.9,Ralph Nader,Unknown,7%,False,June 15–20
2004,State,New Jersey,NJ,,General,Quinnipiac University,2004-05-10 to 2004-05-16,2004-05-10,2004-05-16,"1,122 RV",2.9,Ralph Nader,Unknown,5%,False,May 10–16
2004,State,New Jersey,NJ,,General,Fairleigh Dickinson University (PublicMind),2004-04-03 to 2004-04-10,2004-04-03,2004-04-10,802 RV,3.5,Ralph Nader,Unknown,5%,False,April 3–10
2004,State,New Mexico,NM,,General,Reuters,2004-10-29 to 2004-11-01,2004-10-29,2004-11-01,600 LV,4.1,John Kerry,Unknown,51%,False,October 29–November 1
2004,State,New Mexico,NM,,General,American Research Group,2004-10-27 to 2004-10-30,2004-10-27,2004-10-30,600 LV,4.0,John Kerry,Unknown,48%,False,October 27–30
2004,State,New Mexico,NM,,General,Santa Fe New Mexican,2004-10-27 to 2004-10-29,2004-10-27,2004-10-29,625 LV,4.0,John Kerry,Unknown,45%,False,October 27–29
2004,State,New Mexico,NM,,General,Reuters,2004-10-25 to 2004-10-28,2004-10-25,2004-10-28,603 LV,4.1,John Kerry,Unknown,43%,False,October 25–28
2004,State,New Mexico,NM,,General,Reuters,2004-10-21 to 2004-10-24,2004-10-21,2004-10-24,602 LV,4.1,John Kerry,Unknown,44%,False,October 21–24
2004,State,New Mexico,NM,,General,American Research Group,2004-10-16 to 2004-10-18,2004-10-16,2004-10-18,600 LV,4.0,John Kerry,Unknown,48%,False,October 16–18
2004,State,New Mexico,NM,,General,Santa Fe New Mexican,2004-10-15 to 2004-10-18,2004-10-15,2004-10-18,625 LV,4.0,John Kerry,Unknown,44%,False,October 15–18
2004,State,New Mexico,NM,,General,American Research Group,2004-08-17 to 2004-08-19,2004-08-17,2004-08-19,600 LV,4.0,John Kerry,Unknown,52%,False,August 17–19
2004,State,New Mexico,NM,,General,American Research Group,2004-07-06 to 2004-07-08,2004-07-06,2004-07-08,600 LV,4.0,John Kerry,Unknown,51%,False,July 6–8
2004,State,New Mexico,NM,,General,National Republican Committee,2004-06-01 to 2004-06-06,2004-06-01,2004-06-06,800 LV,3.46,John Kerry,Unknown,47.1%,False,June 1–6
2004,State,New Mexico,NM,,General,American Research Group,2004-03-30 to 2004-04-01,2004-03-30,2004-04-01,600 LV,4.0,John Kerry,Unknown,47%,False,March 30–April 1
2004,State,New Mexico,NM,,General,Reuters,2004-10-29 to 2004-11-01,2004-10-29,2004-11-01,600 LV,4.1,George W. Bush,Unknown,48%,False,October 29–November 1
2004,State,New Mexico,NM,,General,American Research Group,2004-10-27 to 2004-10-30,2004-10-27,2004-10-30,600 LV,4.0,George W. Bush,Unknown,48%,False,October 27–30
2004,State,New Mexico,NM,,General,Santa Fe New Mexican,2004-10-27 to 2004-10-29,2004-10-27,2004-10-29,625 LV,4.0,George W. Bush,Unknown,49%,False,October 27–29
2004,State,New Mexico,NM,,General,Reuters,2004-10-25 to 2004-10-28,2004-10-25,2004-10-28,603 LV,4.1,George W. Bush,Unknown,49%,False,October 25–28
2004,State,New Mexico,NM,,General,Reuters,2004-10-21 to 2004-10-24,2004-10-21,2004-10-24,602 LV,4.1,George W. Bush,Unknown,49%,False,October 21–24
2004,State,New Mexico,NM,,General,American Research Group,2004-10-16 to 2004-10-18,2004-10-16,2004-10-18,600 LV,4.0,George W. Bush,Unknown,47%,False,October 16–18
2004,State,New Mexico,NM,,General,Santa Fe New Mexican,2004-10-15 to 2004-10-18,2004-10-15,2004-10-18,625 LV,4.0,George W. Bush,Unknown,49%,False,October 15–18
2004,State,New Mexico,NM,,General,American Research Group,2004-08-17 to 2004-08-19,2004-08-17,2004-08-19,600 LV,4.0,George W. Bush,Unknown,42%,False,August 17–19
2004,State,New Mexico,NM,,General,American Research Group,2004-07-06 to 2004-07-08,2004-07-06,2004-07-08,600 LV,4.0,George W. Bush,Unknown,43%,False,July 6–8
2004,State,New Mexico,NM,,General,National Republican Committee,2004-06-01 to 2004-06-06,2004-06-01,2004-06-06,800 LV,3.46,George W. Bush,Unknown,43.7%,False,June 1–6
2004,State,New Mexico,NM,,General,American Research Group,2004-03-30 to 2004-04-01,2004-03-30,2004-04-01,600 LV,4.0,George W. Bush,Unknown,47%,False,March 30–April 1
2004,State,New Mexico,NM,,General,Wall Street Journal,2004-10-13 to 2004-10-18,2004-10-13,2004-10-18,526 LV,4.3,John Kerry,Unknown,53.6%,False,October 13–18
2004,State,New Mexico,NM,,General,CNN,2004-10-03 to 2004-10-06,2004-10-03,2004-10-06,673 LV,4.0,John Kerry,Unknown,47%,False,October 3–6
2004,State,New Mexico,NM,,General,Wall Street Journal,2004-09-30 to 2004-10-05,2004-09-30,2004-10-05,541 LV,4.2,John Kerry,Unknown,53.9%,False,September 30–October 5
2004,State,New Mexico,NM,,General,America Coming Together,2004-10-02 to 2004-10-04,2004-10-02,2004-10-04,802 RV,4.0,John Kerry,Unknown,49%,False,October 2–4
2004,State,New Mexico,NM,,General,Wall Street Journal,2004-09-13 to 2004-09-17,2004-09-13,2004-09-17,576 LV,4.1,John Kerry,Unknown,54.3%,False,September 13–17
2004,State,New Mexico,NM,,General,Santa Fe New Mexican,2004-09-15 to 2004-09-16,2004-09-15,2004-09-16,625 LV,4.0,John Kerry,Unknown,43%,False,September 15–16
2004,State,New Mexico,NM,,General,American Research Group,2004-09-14 to 2004-09-16,2004-09-14,2004-09-16,600 LV,4.0,John Kerry,Unknown,49%,False,September 14–16
2004,State,New Mexico,NM,,General,Wall Street Journal,2004-08-30 to 2004-09-03,2004-08-30,2004-09-03,546 LV,4.2,John Kerry,Unknown,53.6%,False,August 30–September 3
2004,State,New Mexico,NM,,General,Wall Street Journal,2004-08-16 to 2004-08-21,2004-08-16,2004-08-21,507 LV,4.4,John Kerry,Unknown,49.7%,False,August 16–21
2004,State,New Mexico,NM,,General,American Research Group,2004-08-17 to 2004-08-19,2004-08-17,2004-08-19,600 LV,4.0,John Kerry,Unknown,49%,False,August 17–19
2004,State,New Mexico,NM,,General,Badnarik for President,2004-08-15,2004-08-15,2004-08-15,500 LV,4.5,John Kerry,Unknown,46%,False,August 15
2004,State,New Mexico,NM,,General,Badnarik for President,2004-08-04,2004-08-04,2004-08-04,500 LV,4.5,John Kerry,Unknown,50%,False,August 4
2004,State,New Mexico,NM,,General,Wall Street Journal,2004-07-26 to 2004-07-30,2004-07-26,2004-07-30,505 LV,4.4,John Kerry,Unknown,49.1%,False,July 26–30
2004,State,New Mexico,NM,,General,Wall Street Journal,2004-07-19 to 2004-07-23,2004-07-19,2004-07-23,499 LV,4.4,John Kerry,Unknown,52%,False,July 19–23
2004,State,New Mexico,NM,,General,Wall Street Journal,2004-07-06 to 2004-07-10,2004-07-06,2004-07-10,516 LV,4.3,John Kerry,Unknown,49.4%,False,July 6–10
2004,State,New Mexico,NM,,General,American Research Group,2004-07-06 to 2004-07-08,2004-07-06,2004-07-08,600 LV,4.0,John Kerry,Unknown,49%,False,July 6–8
2004,State,New Mexico,NM,,General,Wall Street Journal,2004-06-15 to 2004-06-20,2004-06-15,2004-06-20,505 LV,4.4,John Kerry,Unknown,50.1%,False,June 15–20
2004,State,New Mexico,NM,,General,Wall Street Journal,2004-06-01 to 2004-06-06,2004-06-01,2004-06-06,558 LV,4.2,John Kerry,Unknown,47.7%,False,June 1–6
2004,State,New Mexico,NM,,General,Wall Street Journal,2004-05-18 to 2004-05-23,2004-05-18,2004-05-23,454 LV,4.6,John Kerry,Unknown,48.4%,False,May 18–23
2004,State,New Mexico,NM,,General,American Research Group,2004-03-30 to 2004-04-01,2004-03-30,2004-04-01,600 LV,4.0,John Kerry,Unknown,45%,False,March 30–April 1
2004,State,New Mexico,NM,,General,American Research Group,2004-10-27 to 2004-10-30,2004-10-27,2004-10-30,600 LV,4.0,George W. Bush,Unknown,47%,False,October 27–30
2004,State,New Mexico,NM,,General,American Research Group,2004-10-16 to 2004-10-18,2004-10-16,2004-10-18,600 LV,4.0,George W. Bush,Unknown,46%,False,October 16–18
2004,State,New Mexico,NM,,General,Wall Street Journal,2004-10-13 to 2004-10-18,2004-10-13,2004-10-18,526 LV,4.3,George W. Bush,Unknown,44.1%,False,October 13–18
2004,State,New Mexico,NM,,General,CNN,2004-10-03 to 2004-10-06,2004-10-03,2004-10-06,673 LV,4.0,George W. Bush,Unknown,50%,False,October 3–6
2004,State,New Mexico,NM,,General,Wall Street Journal,2004-09-30 to 2004-10-05,2004-09-30,2004-10-05,541 LV,4.2,George W. Bush,Unknown,42.5%,False,September 30–October 5
2004,State,New Mexico,NM,,General,America Coming Together,2004-10-02 to 2004-10-04,2004-10-02,2004-10-04,802 RV,4.0,George W. Bush,Unknown,45%,False,October 2–4
2004,State,New Mexico,NM,,General,Wall Street Journal,2004-09-13 to 2004-09-17,2004-09-13,2004-09-17,576 LV,4.1,George W. Bush,Unknown,41.6%,False,September 13–17
2004,State,New Mexico,NM,,General,Santa Fe New Mexican,2004-09-15 to 2004-09-16,2004-09-15,2004-09-16,625 LV,4.0,George W. Bush,Unknown,47%,False,September 15–16
2004,State,New Mexico,NM,,General,American Research Group,2004-09-14 to 2004-09-16,2004-09-14,2004-09-16,600 LV,4.0,George W. Bush,Unknown,44%,False,September 14–16
2004,State,New Mexico,NM,,General,Wall Street Journal,2004-08-30 to 2004-09-03,2004-08-30,2004-09-03,546 LV,4.2,George W. Bush,Unknown,43.9%,False,August 30–September 3
2004,State,New Mexico,NM,,General,Wall Street Journal,2004-08-16 to 2004-08-21,2004-08-16,2004-08-21,507 LV,4.4,George W. Bush,Unknown,44.1%,False,August 16–21
2004,State,New Mexico,NM,,General,Badnarik for President,2004-08-15,2004-08-15,2004-08-15,500 LV,4.5,George W. Bush,Unknown,46%,False,August 15
2004,State,New Mexico,NM,,General,Badnarik for President,2004-08-04,2004-08-04,2004-08-04,500 LV,4.5,George W. Bush,Unknown,43%,False,August 4
2004,State,New Mexico,NM,,General,Wall Street Journal,2004-07-26 to 2004-07-30,2004-07-26,2004-07-30,505 LV,4.4,George W. Bush,Unknown,47.6%,False,July 26–30
2004,State,New Mexico,NM,,General,Wall Street Journal,2004-07-19 to 2004-07-23,2004-07-19,2004-07-23,499 LV,4.4,George W. Bush,Unknown,42.2%,False,July 19–23
2004,State,New Mexico,NM,,General,Wall Street Journal,2004-07-06 to 2004-07-10,2004-07-06,2004-07-10,516 LV,4.3,George W. Bush,Unknown,42.1%,False,July 6–10
2004,State,New Mexico,NM,,General,American Research Group,2004-07-06 to 2004-07-08,2004-07-06,2004-07-08,600 LV,4.0,George W. Bush,Unknown,42%,False,July 6–8
2004,State,New Mexico,NM,,General,Wall Street Journal,2004-06-15 to 2004-06-20,2004-06-15,2004-06-20,505 LV,4.4,George W. Bush,Unknown,43.2%,False,June 15–20
2004,State,New Mexico,NM,,General,Wall Street Journal,2004-06-01 to 2004-06-06,2004-06-01,2004-06-06,558 LV,4.2,George W. Bush,Unknown,48.1%,False,June 1–6
2004,State,New Mexico,NM,,General,Wall Street Journal,2004-05-18 to 2004-05-23,2004-05-18,2004-05-23,454 LV,4.6,George W. Bush,Unknown,43.3%,False,May 18–23
2004,State,New Mexico,NM,,General,American Research Group,2004-03-30 to 2004-04-01,2004-03-30,2004-04-01,600 LV,4.0,George W. Bush,Unknown,46%,False,March 30–April 1
2004,State,New Mexico,NM,,General,American Research Group,2004-10-27 to 2004-10-30,2004-10-27,2004-10-30,600 LV,4.0,Ralph Nader,Unknown,1%,False,October 27–30
2004,State,New Mexico,NM,,General,American Research Group,2004-10-16 to 2004-10-18,2004-10-16,2004-10-18,600 LV,4.0,Ralph Nader,Unknown,1%,False,October 16–18
2004,State,New Mexico,NM,,General,Wall Street Journal,2004-10-13 to 2004-10-18,2004-10-13,2004-10-18,526 LV,4.3,Ralph Nader,Unknown,1%,False,October 13–18
2004,State,New Mexico,NM,,General,CNN,2004-10-03 to 2004-10-06,2004-10-03,2004-10-06,673 LV,4.0,Ralph Nader,Unknown,2%,False,October 3–6
2004,State,New Mexico,NM,,General,Wall Street Journal,2004-09-30 to 2004-10-05,2004-09-30,2004-10-05,541 LV,4.2,Ralph Nader,Unknown,1.7%,False,September 30–October 5
2004,State,New Mexico,NM,,General,America Coming Together,2004-10-02 to 2004-10-04,2004-10-02,2004-10-04,802 RV,4.0,Ralph Nader,Unknown,1%,False,October 2–4
2004,State,New Mexico,NM,,General,Wall Street Journal,2004-09-13 to 2004-09-17,2004-09-13,2004-09-17,576 LV,4.1,Ralph Nader,Unknown,2.2%,False,September 13–17
2004,State,New Mexico,NM,,General,Santa Fe New Mexican,2004-09-15 to 2004-09-16,2004-09-15,2004-09-16,625 LV,4.0,Ralph Nader,Unknown,2%,False,September 15–16
2004,State,New Mexico,NM,,General,American Research Group,2004-09-14 to 2004-09-16,2004-09-14,2004-09-16,600 LV,4.0,Ralph Nader,Unknown,1%,False,September 14–16
2004,State,New Mexico,NM,,General,Wall Street Journal,2004-08-30 to 2004-09-03,2004-08-30,2004-09-03,546 LV,4.2,Ralph Nader,Unknown,1.1%,False,August 30–September 3
2004,State,New Mexico,NM,,General,Wall Street Journal,2004-08-16 to 2004-08-21,2004-08-16,2004-08-21,507 LV,4.4,Ralph Nader,Unknown,0.7%,False,August 16–21
2004,State,New Mexico,NM,,General,American Research Group,2004-08-17 to 2004-08-19,2004-08-17,2004-08-19,600 LV,4.0,Ralph Nader,Unknown,2%,False,August 17–19
2004,State,New Mexico,NM,,General,Wall Street Journal,2004-07-26 to 2004-07-30,2004-07-26,2004-07-30,505 LV,4.4,Ralph Nader,Unknown,0.5%,False,July 26–30
2004,State,New Mexico,NM,,General,Wall Street Journal,2004-07-19 to 2004-07-23,2004-07-19,2004-07-23,499 LV,4.4,Ralph Nader,Unknown,0.9%,False,July 19–23
2004,State,New Mexico,NM,,General,Wall Street Journal,2004-07-06 to 2004-07-10,2004-07-06,2004-07-10,516 LV,4.3,Ralph Nader,Unknown,2.9%,False,July 6–10
2004,State,New Mexico,NM,,General,American Research Group,2004-07-06 to 2004-07-08,2004-07-06,2004-07-08,600 LV,4.0,Ralph Nader,Unknown,3%,False,July 6–8
2004,State,New Mexico,NM,,General,Wall Street Journal,2004-06-15 to 2004-06-20,2004-06-15,2004-06-20,505 LV,4.4,Ralph Nader,Unknown,1.4%,False,June 15–20
2004,State,New Mexico,NM,,General,Wall Street Journal,2004-06-01 to 2004-06-06,2004-06-01,2004-06-06,558 LV,4.2,Ralph Nader,Unknown,2.1%,False,June 1–6
2004,State,New Mexico,NM,,General,Wall Street Journal,2004-05-18 to 2004-05-23,2004-05-18,2004-05-23,454 LV,4.6,Ralph Nader,Unknown,2.9%,False,May 18–23
2004,State,New Mexico,NM,,General,American Research Group,2004-03-30 to 2004-04-01,2004-03-30,2004-04-01,600 LV,4.0,Ralph Nader,Unknown,3%,False,March 30–April 1
2004,State,New Mexico,NM,,General,Badnarik for President,2004-08-15,2004-08-15,2004-08-15,500 LV,4.5,Michael Badnarik,Unknown,4%,False,August 15
2004,State,New Mexico,NM,,General,Badnarik for President,2004-08-04,2004-08-04,2004-08-04,500 LV,4.5,Michael Badnarik,Unknown,5%,False,August 4
2004,State,New Mexico,NM,,General,Albuquerque Journal,2004-10-26 to 2004-10-29,2004-10-26,2004-10-29,Not reported,3.0,John Kerry,Unknown,44%,False,October 26–29
2004,State,New Mexico,NM,,General,Badnarik for President,2004-10-26,2004-10-26,2004-10-26,500 LV,4.5,John Kerry,Unknown,44%,False,October 26
2004,State,New Mexico,NM,,General,Albuquerque Journal,2004-08-27 to 2004-09-01,2004-08-27,2004-09-01,908 LV,3.0,John Kerry,Unknown,42%,False,August 27–September 1
2004,State,New Mexico,NM,,General,Albuquerque Journal,2004-10-26 to 2004-10-29,2004-10-26,2004-10-29,Not reported,3.0,George W. Bush,Unknown,47%,False,October 26–29
2004,State,New Mexico,NM,,General,Badnarik for President,2004-10-26,2004-10-26,2004-10-26,500 LV,4.5,George W. Bush,Unknown,48%,False,October 26
2004,State,New Mexico,NM,,General,Albuquerque Journal,2004-08-27 to 2004-09-01,2004-08-27,2004-09-01,908 LV,3.0,George W. Bush,Unknown,45%,False,August 27–September 1
2004,State,New Mexico,NM,,General,Albuquerque Journal,2004-10-26 to 2004-10-29,2004-10-26,2004-10-29,Not reported,3.0,Ralph Nader,Unknown,1%,False,October 26–29
2004,State,New Mexico,NM,,General,Badnarik for President,2004-10-26,2004-10-26,2004-10-26,500 LV,4.5,Ralph Nader,Unknown,2%,False,October 26
2004,State,New Mexico,NM,,General,Albuquerque Journal,2004-08-27 to 2004-09-01,2004-08-27,2004-09-01,908 LV,3.0,Ralph Nader,Unknown,1%,False,August 27–September 1
2004,State,New Mexico,NM,,General,Albuquerque Journal,2004-10-26 to 2004-10-29,2004-10-26,2004-10-29,Not reported,3.0,Michael Badnarik,Unknown,1%,False,October 26–29
2004,State,New Mexico,NM,,General,Badnarik for President,2004-10-26,2004-10-26,2004-10-26,500 LV,4.5,Michael Badnarik,Unknown,1%,False,October 26
2004,State,New Mexico,NM,,General,Albuquerque Journal,2004-08-27 to 2004-09-01,2004-08-27,2004-09-01,908 LV,3.0,Michael Badnarik,Unknown,1%,False,August 27–September 1
2004,State,New Mexico,NM,,General,Albuquerque Journal,2004-10-01 to 2004-10-04,2004-10-01,2004-10-04,872 LV,3.0,John Kerry,Unknown,46%,False,October 1–4
2004,State,New Mexico,NM,,General,Albuquerque Journal,2004-10-01 to 2004-10-04,2004-10-01,2004-10-04,872 LV,3.0,George W. Bush,Unknown,43%,False,October 1–4
2004,State,New Mexico,NM,,General,Albuquerque Journal,2004-10-01 to 2004-10-04,2004-10-01,2004-10-04,872 LV,3.0,Ralph Nader,Unknown,2%,False,October 1–4
2004,State,New Mexico,NM,,General,Albuquerque Journal,2004-10-01 to 2004-10-04,2004-10-01,2004-10-04,872 LV,3.0,Michael Badnarik,Unknown,1%,False,October 1–4
2004,State,New Mexico,NM,,General,Albuquerque Journal,2004-10-01 to 2004-10-04,2004-10-01,2004-10-04,872 LV,3.0,David Cobb,Unknown,0%,False,October 1–4
2004,State,New York,NY,,General,WABC-TV New York City,2004-10-26 to 2004-10-28,2004-10-26,2004-10-28,628 LV,4.0,John Kerry,Unknown,57%,False,October 26–28
2004,State,New York,NY,,General,Siena College,2004-10-25 to 2004-10-28,2004-10-25,2004-10-28,"1,062 LV",3.0,John Kerry,Unknown,52%,False,October 25–28
2004,State,New York,NY,,General,Rasmussen Reports,2004-10-16 to 2004-10-22,2004-10-16,2004-10-22,Not reported,3.0,John Kerry,Unknown,57%,False,October 16–22
2004,State,New York,NY,,General,WABC-TV New York City,2004-10-09 to 2004-10-11,2004-10-09,2004-10-11,606 LV,4.1,John Kerry,Unknown,58%,False,October 9–11
2004,State,New York,NY,,General,Rasmussen Reports,2004-09-19 to 2004-09-25,2004-09-19,2004-09-25,Not reported,3.0,John Kerry,Unknown,53%,False,September 19–25
2004,State,New York,NY,,General,WABC-TV New York City,2004-09-18 to 2004-09-20,2004-09-18,2004-09-20,582 LV,4.2,John Kerry,Unknown,55%,False,September 18–20
2004,State,New York,NY,,General,Quinnipiac University,2004-09-07 to 2004-09-12,2004-09-07,2004-09-12,"1,438 RV",2.6,John Kerry,Unknown,49%,False,September 7–12
2004,State,New York,NY,,General,Rasmussen Reports,2004-08-01 to 2004-08-26,2004-08-01,2004-08-26,Not reported,3.0,John Kerry,Unknown,56%,False,August 1–26
2004,State,New York,NY,,General,Quinnipiac University,2004-08-03 to 2004-08-09,2004-08-03,2004-08-09,"1,161 RV",2.9,John Kerry,Unknown,55%,False,August 3–9
2004,State,New York,NY,,General,Siena College,2004-07-12 to 2004-07-15,2004-07-12,2004-07-15,604 RV,4.0,John Kerry,Unknown,51%,False,July 12–15
2004,State,New York,NY,,General,Rasmussen Reports,2004-06-01 to 2004-06-30,2004-06-01,2004-06-30,Not reported,3.0,John Kerry,Unknown,58%,False,June 1–30
2004,State,New York,NY,,General,Quinnipiac University,2004-06-09 to 2004-06-14,2004-06-09,2004-06-14,"1,466 RV",2.6,John Kerry,Unknown,55%,False,June 9–14
2004,State,New York,NY,,General,Rasmussen Reports,2004-05-01 to 2004-05-31,2004-05-01,2004-05-31,Not reported,3.0,John Kerry,Unknown,57%,False,May 1–31
2004,State,New York,NY,,General,Marist College,2004-04-13 to 2004-04-15,2004-04-13,2004-04-15,602 RV,4.0,John Kerry,Unknown,56%,False,April 13–15
2004,State,New York,NY,,General,Quinnipiac University,2004-04-05 to 2004-04-12,2004-04-05,2004-04-12,"1,279 RV",2.7,John Kerry,Unknown,53%,False,April 5–12
2004,State,New York,NY,,General,Quinnipiac University,2003-10-29 to 2003-11-03,2003-10-29,2003-11-03,"1,304 RV",2.7,John Kerry,Unknown,50%,False,"October 29–November 3, 2003"
2004,State,New York,NY,,General,Quinnipiac University,2003-09-23 to 2003-09-29,2003-09-23,2003-09-29,"1,201 RV",2.8,John Kerry,Unknown,48%,False,"September 23–29, 2003"
2004,State,New York,NY,,General,Quinnipiac University,2003-06-18 to 2003-06-23,2003-06-18,2003-06-23,"1,095 RV",3.0,John Kerry,Unknown,43%,False,"June 18–23, 2003"
2004,State,New York,NY,,General,Quinnipiac University,2003-04-15 to 2003-04-21,2003-04-15,2003-04-21,885 RV,3.3,John Kerry,Unknown,38%,False,"April 15–21, 2003"
2004,State,New York,NY,,General,WABC-TV New York City,2004-10-26 to 2004-10-28,2004-10-26,2004-10-28,628 LV,4.0,George W. Bush,Unknown,39%,False,October 26–28
2004,State,New York,NY,,General,Siena College,2004-10-25 to 2004-10-28,2004-10-25,2004-10-28,"1,062 LV",3.0,George W. Bush,Unknown,37%,False,October 25–28
2004,State,New York,NY,,General,Rasmussen Reports,2004-10-16 to 2004-10-22,2004-10-16,2004-10-22,Not reported,3.0,George W. Bush,Unknown,36%,False,October 16–22
2004,State,New York,NY,,General,WABC-TV New York City,2004-10-09 to 2004-10-11,2004-10-09,2004-10-11,606 LV,4.1,George W. Bush,Unknown,35%,False,October 9–11
2004,State,New York,NY,,General,Rasmussen Reports,2004-09-19 to 2004-09-25,2004-09-19,2004-09-25,Not reported,3.0,George W. Bush,Unknown,41%,False,September 19–25
2004,State,New York,NY,,General,WABC-TV New York City,2004-09-18 to 2004-09-20,2004-09-18,2004-09-20,582 LV,4.2,George W. Bush,Unknown,39%,False,September 18–20
2004,State,New York,NY,,General,Quinnipiac University,2004-09-07 to 2004-09-12,2004-09-07,2004-09-12,"1,438 RV",2.6,George W. Bush,Unknown,42%,False,September 7–12
2004,State,New York,NY,,General,Rasmussen Reports,2004-08-01 to 2004-08-26,2004-08-01,2004-08-26,Not reported,3.0,George W. Bush,Unknown,37%,False,August 1–26
2004,State,New York,NY,,General,Quinnipiac University,2004-08-03 to 2004-08-09,2004-08-03,2004-08-09,"1,161 RV",2.9,George W. Bush,Unknown,35%,False,August 3–9
2004,State,New York,NY,,General,Siena College,2004-07-12 to 2004-07-15,2004-07-12,2004-07-15,604 RV,4.0,George W. Bush,Unknown,29%,False,July 12–15
2004,State,New York,NY,,General,Rasmussen Reports,2004-06-01 to 2004-06-30,2004-06-01,2004-06-30,Not reported,3.0,George W. Bush,Unknown,30%,False,June 1–30
2004,State,New York,NY,,General,Quinnipiac University,2004-06-09 to 2004-06-14,2004-06-09,2004-06-14,"1,466 RV",2.6,George W. Bush,Unknown,36%,False,June 9–14
2004,State,New York,NY,,General,Rasmussen Reports,2004-05-01 to 2004-05-31,2004-05-01,2004-05-31,Not reported,3.0,George W. Bush,Unknown,34%,False,May 1–31
2004,State,New York,NY,,General,Marist College,2004-04-13 to 2004-04-15,2004-04-13,2004-04-15,602 RV,4.0,George W. Bush,Unknown,38%,False,April 13–15
2004,State,New York,NY,,General,Quinnipiac University,2004-04-05 to 2004-04-12,2004-04-05,2004-04-12,"1,279 RV",2.7,George W. Bush,Unknown,36%,False,April 5–12
2004,State,New York,NY,,General,Quinnipiac University,2003-10-29 to 2003-11-03,2003-10-29,2003-11-03,"1,304 RV",2.7,George W. Bush,Unknown,42%,False,"October 29–November 3, 2003"
2004,State,New York,NY,,General,Quinnipiac University,2003-09-23 to 2003-09-29,2003-09-23,2003-09-29,"1,201 RV",2.8,George W. Bush,Unknown,43%,False,"September 23–29, 2003"
2004,State,New York,NY,,General,Quinnipiac University,2003-06-18 to 2003-06-23,2003-06-18,2003-06-23,"1,095 RV",3.0,George W. Bush,Unknown,48%,False,"June 18–23, 2003"
2004,State,New York,NY,,General,Quinnipiac University,2003-04-15 to 2003-04-21,2003-04-15,2003-04-21,885 RV,3.3,George W. Bush,Unknown,50%,False,"April 15–21, 2003"
2004,State,New York,NY,,General,Marist College,2004-10-25 to 2004-10-26,2004-10-25,2004-10-26,636 LV,4.0,John Kerry,Unknown,57%,False,October 25–26
2004,State,New York,NY,,General,Siena College,2004-09-20 to 2004-09-23,2004-09-20,2004-09-23,"1,121 LV",2.9,John Kerry,Unknown,51%,False,September 20–23
2004,State,New York,NY,,General,Rasmussen Reports,2004-09-12 to 2004-09-18,2004-09-12,2004-09-18,500 LV,4.5,John Kerry,Unknown,49%,False,September 12–18
2004,State,New York,NY,,General,American Research Group,2004-09-14 to 2004-09-16,2004-09-14,2004-09-16,600 LV,4.0,John Kerry,Unknown,52%,False,September 14–16
2004,State,New York,NY,,General,Marist College,2004-09-13 to 2004-09-14,2004-09-13,2004-09-14,584 LV,4.0,John Kerry,Unknown,52%,False,September 13–14
2004,State,New York,NY,,General,Quinnipiac University,2004-09-07 to 2004-09-12,2004-09-07,2004-09-12,"1,438 RV",2.6,John Kerry,Unknown,47%,False,September 7–12
2004,State,New York,NY,,General,Quinnipiac University,2004-08-03 to 2004-08-09,2004-08-03,2004-08-09,"1,161 RV",2.9,John Kerry,Unknown,53%,False,August 3–9
2004,State,New York,NY,,General,Quinnipiac University,2004-06-09 to 2004-06-14,2004-06-09,2004-06-14,"1,466 RV",2.6,John Kerry,Unknown,52%,False,June 9–14
2004,State,New York,NY,,General,Siena College,2004-04-19 to 2004-04-22,2004-04-19,2004-04-22,625 RV,3.9,John Kerry,Unknown,51%,False,April 19–22
2004,State,New York,NY,,General,Marist College,2004-04-13 to 2004-04-15,2004-04-13,2004-04-15,602 RV,4.0,John Kerry,Unknown,54%,False,April 13–15
2004,State,New York,NY,,General,Quinnipiac University,2004-04-05 to 2004-04-12,2004-04-05,2004-04-12,"1,279 RV",2.7,John Kerry,Unknown,49%,False,April 5–12
2004,State,New York,NY,,General,Marist College,2004-10-25 to 2004-10-26,2004-10-25,2004-10-26,636 LV,4.0,George W. Bush,Unknown,39%,False,October 25–26
2004,State,New York,NY,,General,Siena College,2004-09-20 to 2004-09-23,2004-09-20,2004-09-23,"1,121 LV",2.9,George W. Bush,Unknown,31%,False,September 20–23
2004,State,New York,NY,,General,Rasmussen Reports,2004-09-12 to 2004-09-18,2004-09-12,2004-09-18,500 LV,4.5,George W. Bush,Unknown,44%,False,September 12–18
2004,State,New York,NY,,General,American Research Group,2004-09-14 to 2004-09-16,2004-09-14,2004-09-16,600 LV,4.0,George W. Bush,Unknown,40%,False,September 14–16
2004,State,New York,NY,,General,Marist College,2004-09-13 to 2004-09-14,2004-09-13,2004-09-14,584 LV,4.0,George W. Bush,Unknown,41%,False,September 13–14
2004,State,New York,NY,,General,Quinnipiac University,2004-09-07 to 2004-09-12,2004-09-07,2004-09-12,"1,438 RV",2.6,George W. Bush,Unknown,41%,False,September 7–12
2004,State,New York,NY,,General,Quinnipiac University,2004-06-09 to 2004-06-14,2004-06-09,2004-06-14,"1,466 RV",2.6,George W. Bush,Unknown,34%,False,June 9–14
2004,State,New York,NY,,General,Siena College,2004-04-19 to 2004-04-22,2004-04-19,2004-04-22,625 RV,3.9,George W. Bush,Unknown,32%,False,April 19–22
2004,State,New York,NY,,General,Marist College,2004-04-13 to 2004-04-15,2004-04-13,2004-04-15,602 RV,4.0,George W. Bush,Unknown,37%,False,April 13–15
2004,State,New York,NY,,General,Quinnipiac University,2004-04-05 to 2004-04-12,2004-04-05,2004-04-12,"1,279 RV",2.7,George W. Bush,Unknown,35%,False,April 5–12
2004,State,New York,NY,,General,Marist College,2004-10-25 to 2004-10-26,2004-10-25,2004-10-26,636 LV,4.0,Ralph Nader,Unknown,1%,False,October 25–26
2004,State,New York,NY,,General,Siena College,2004-09-20 to 2004-09-23,2004-09-20,2004-09-23,"1,121 LV",2.9,Ralph Nader,Unknown,2%,False,September 20–23
2004,State,New York,NY,,General,Rasmussen Reports,2004-09-12 to 2004-09-18,2004-09-12,2004-09-18,500 LV,4.5,Ralph Nader,Unknown,2%,False,September 12–18
2004,State,New York,NY,,General,American Research Group,2004-09-14 to 2004-09-16,2004-09-14,2004-09-16,600 LV,4.0,Ralph Nader,Unknown,1%,False,September 14–16
2004,State,New York,NY,,General,Marist College,2004-09-13 to 2004-09-14,2004-09-13,2004-09-14,584 LV,4.0,Ralph Nader,Unknown,3%,False,September 13–14
2004,State,New York,NY,,General,Quinnipiac University,2004-09-07 to 2004-09-12,2004-09-07,2004-09-12,"1,438 RV",2.6,Ralph Nader,Unknown,4%,False,September 7–12
2004,State,New York,NY,,General,Quinnipiac University,2004-08-03 to 2004-08-09,2004-08-03,2004-08-09,"1,161 RV",2.9,Ralph Nader,Unknown,4%,False,August 3–9
2004,State,New York,NY,,General,Quinnipiac University,2004-06-09 to 2004-06-14,2004-06-09,2004-06-14,"1,466 RV",2.6,Ralph Nader,Unknown,7%,False,June 9–14
2004,State,New York,NY,,General,Siena College,2004-04-19 to 2004-04-22,2004-04-19,2004-04-22,625 RV,3.9,Ralph Nader,Unknown,1%,False,April 19–22
2004,State,New York,NY,,General,Marist College,2004-04-13 to 2004-04-15,2004-04-13,2004-04-15,602 RV,4.0,Ralph Nader,Unknown,5%,False,April 13–15
2004,State,New York,NY,,General,Quinnipiac University,2004-04-05 to 2004-04-12,2004-04-05,2004-04-12,"1,279 RV",2.7,Ralph Nader,Unknown,6%,False,April 5–12
2004,State,North Carolina,NC,,General,WBTV-Charlotte,2004-10-29 to 2004-10-31,2004-10-29,2004-10-31,620 LV,4.0,John Kerry,Unknown,45%,False,October 29–31
2004,State,North Carolina,NC,,General,Rasmussen Reports,2004-10-24 to 2004-10-30,2004-10-24,2004-10-30,Not reported,5.0,John Kerry,Unknown,43%,False,October 24–30
2004,State,North Carolina,NC,,General,WRAL,2004-10-25 to 2004-10-26,2004-10-25,2004-10-26,625 LV,4.0,John Kerry,Unknown,43%,False,October 25–26
2004,State,North Carolina,NC,,General,WBTV-Charlotte,2004-10-22 to 2004-10-24,2004-10-22,2004-10-24,694 LV,3.8,John Kerry,Unknown,44%,False,October 22–24
2004,State,North Carolina,NC,,General,John Locke Foundation,2004-10-18 to 2004-10-20,2004-10-18,2004-10-20,600 LV,4.0,John Kerry,Unknown,40%,False,October 18–20
2004,State,North Carolina,NC,,General,Mason-Dixon Polling & Research,2004-10-18 to 2004-10-19,2004-10-18,2004-10-19,625 LV,4.0,John Kerry,Unknown,43%,False,October 18–19
2004,State,North Carolina,NC,,General,Zogby Interactive,2004-10-13 to 2004-10-18,2004-10-13,2004-10-18,Not reported,,John Kerry,Unknown,47%,False,October 13–18
2004,State,North Carolina,NC,,General,WBTV-Charlotte,2004-10-15 to 2004-10-17,2004-10-15,2004-10-17,627 LV,4.0,John Kerry,Unknown,47%,False,October 15–17
2004,State,North Carolina,NC,,General,Zogby Interactive,2004-09-30 to 2004-10-06,2004-09-30,2004-10-06,Not reported,,John Kerry,Unknown,47%,False,September 30–October 6
2004,State,North Carolina,NC,,General,WBTV-Charlotte,2004-10-02 to 2004-10-04,2004-10-02,2004-10-04,628 LV,4.0,John Kerry,Unknown,45%,False,October 2–4
2004,State,North Carolina,NC,,General,Rasmussen Reports,2004-09-23 to 2004-09-29,2004-09-23,2004-09-29,500 LV,4.5,John Kerry,Unknown,42%,False,September 23–29
2004,State,North Carolina,NC,,General,WRAL,2004-09-26 to 2004-09-28,2004-09-26,2004-09-28,625 LV,4.0,John Kerry,Unknown,43%,False,September 26–28
2004,State,North Carolina,NC,,General,Burr for Senate,2004-09-26 to 2004-09-27,2004-09-26,2004-09-27,Not reported,4.0,John Kerry,Unknown,41%,False,September 26–27
2004,State,North Carolina,NC,,General,Zogby Interactive,2004-09-13 to 2004-09-17,2004-09-13,2004-09-17,Not reported,,John Kerry,Unknown,47%,False,September 13–17
2004,State,North Carolina,NC,,General,American Research Group,2004-09-13 to 2004-09-16,2004-09-13,2004-09-16,600 LV,4.0,John Kerry,Unknown,44%,False,September 13–16
2004,State,North Carolina,NC,,General,Rasmussen Reports,2004-09-04 to 2004-09-10,2004-09-04,2004-09-10,445 LV,5.0,John Kerry,Unknown,42%,False,September 4–10
2004,State,North Carolina,NC,,General,WBTV-Charlotte,2004-09-06 to 2004-09-08,2004-09-06,2004-09-08,587 LV,4.2,John Kerry,Unknown,46%,False,September 6–8
2004,State,North Carolina,NC,,General,Rasmussen Reports,2004-08-01 to 2004-08-26,2004-08-01,2004-08-26,Not reported,5.0,John Kerry,Unknown,43%,False,August 1–26
2004,State,North Carolina,NC,,General,WBTV-Charlotte,2004-08-13 to 2004-08-15,2004-08-13,2004-08-15,592 LV,4.1,John Kerry,Unknown,45%,False,August 13–15
2004,State,North Carolina,NC,,General,Rasmussen Reports,2004-07-01 to 2004-07-31,2004-07-01,2004-07-31,Not reported,5.0,John Kerry,Unknown,45%,False,July 1–31
2004,State,North Carolina,NC,,General,WBTV-Charlotte,2004-07-24 to 2004-07-26,2004-07-24,2004-07-26,906 LV,3.3,John Kerry,Unknown,44%,False,July 24–26
2004,State,North Carolina,NC,,General,CNN,2004-07-09 to 2004-07-11,2004-07-09,2004-07-11,680 LV,5.0,John Kerry,Unknown,41%,False,July 9–11
2004,State,North Carolina,NC,,General,Rasmussen Reports,2004-06-01 to 2004-06-30,2004-06-01,2004-06-30,Not reported,5.0,John Kerry,Unknown,42%,False,June 1–30
2004,State,North Carolina,NC,,General,National Republican Committee,2004-06-01 to 2004-06-06,2004-06-01,2004-06-06,800 LV,3.46,John Kerry,Unknown,43.2%,False,June 1–6
2004,State,North Carolina,NC,,General,Rasmussen Reports,2004-05-01 to 2004-05-31,2004-05-01,2004-05-31,Not reported,5.0,John Kerry,Unknown,44%,False,May 1–31
2004,State,North Carolina,NC,,General,Rasmussen Reports,2004-03-01 to 2004-03-13,2004-03-01,2004-03-13,400 LV,5.0,John Kerry,Unknown,43%,False,March 1–13
2004,State,North Carolina,NC,,General,WBTV-Charlotte,2004-02-23 to 2004-02-25,2004-02-23,2004-02-25,654 RV,3.9,John Kerry,Unknown,42%,False,February 23–25
2004,State,North Carolina,NC,,General,WBTV-Charlotte,2004-10-29 to 2004-10-31,2004-10-29,2004-10-31,620 LV,4.0,George W. Bush,Unknown,53%,False,October 29–31
2004,State,North Carolina,NC,,General,Rasmussen Reports,2004-10-24 to 2004-10-30,2004-10-24,2004-10-30,Not reported,5.0,George W. Bush,Unknown,53%,False,October 24–30
2004,State,North Carolina,NC,,General,WRAL,2004-10-25 to 2004-10-26,2004-10-25,2004-10-26,625 LV,4.0,George W. Bush,Unknown,52%,False,October 25–26
2004,State,North Carolina,NC,,General,WBTV-Charlotte,2004-10-22 to 2004-10-24,2004-10-22,2004-10-24,694 LV,3.8,George W. Bush,Unknown,54%,False,October 22–24
2004,State,North Carolina,NC,,General,John Locke Foundation,2004-10-18 to 2004-10-20,2004-10-18,2004-10-20,600 LV,4.0,George W. Bush,Unknown,48%,False,October 18–20
2004,State,North Carolina,NC,,General,Mason-Dixon Polling & Research,2004-10-18 to 2004-10-19,2004-10-18,2004-10-19,625 LV,4.0,George W. Bush,Unknown,51%,False,October 18–19
2004,State,North Carolina,NC,,General,Zogby Interactive,2004-10-13 to 2004-10-18,2004-10-13,2004-10-18,Not reported,,George W. Bush,Unknown,51%,False,October 13–18
2004,State,North Carolina,NC,,General,WBTV-Charlotte,2004-10-15 to 2004-10-17,2004-10-15,2004-10-17,627 LV,4.0,George W. Bush,Unknown,50%,False,October 15–17
2004,State,North Carolina,NC,,General,Zogby Interactive,2004-09-30 to 2004-10-06,2004-09-30,2004-10-06,Not reported,,George W. Bush,Unknown,50%,False,September 30–October 6
2004,State,North Carolina,NC,,General,WBTV-Charlotte,2004-10-02 to 2004-10-04,2004-10-02,2004-10-04,628 LV,4.0,George W. Bush,Unknown,52%,False,October 2–4
2004,State,North Carolina,NC,,General,Rasmussen Reports,2004-09-23 to 2004-09-29,2004-09-23,2004-09-29,500 LV,4.5,George W. Bush,Unknown,54%,False,September 23–29
2004,State,North Carolina,NC,,General,WRAL,2004-09-26 to 2004-09-28,2004-09-26,2004-09-28,625 LV,4.0,George W. Bush,Unknown,52%,False,September 26–28
2004,State,North Carolina,NC,,General,Burr for Senate,2004-09-26 to 2004-09-27,2004-09-26,2004-09-27,Not reported,4.0,George W. Bush,Unknown,53%,False,September 26–27
2004,State,North Carolina,NC,,General,Zogby Interactive,2004-09-13 to 2004-09-17,2004-09-13,2004-09-17,Not reported,,George W. Bush,Unknown,52%,False,September 13–17
2004,State,North Carolina,NC,,General,American Research Group,2004-09-13 to 2004-09-16,2004-09-13,2004-09-16,600 LV,4.0,George W. Bush,Unknown,49%,False,September 13–16
2004,State,North Carolina,NC,,General,Rasmussen Reports,2004-09-04 to 2004-09-10,2004-09-04,2004-09-10,445 LV,5.0,George W. Bush,Unknown,55%,False,September 4–10
2004,State,North Carolina,NC,,General,WBTV-Charlotte,2004-09-06 to 2004-09-08,2004-09-06,2004-09-08,587 LV,4.2,George W. Bush,Unknown,50%,False,September 6–8
2004,State,North Carolina,NC,,General,Rasmussen Reports,2004-08-01 to 2004-08-26,2004-08-01,2004-08-26,Not reported,5.0,George W. Bush,Unknown,53%,False,August 1–26
2004,State,North Carolina,NC,,General,WBTV-Charlotte,2004-08-13 to 2004-08-15,2004-08-13,2004-08-15,592 LV,4.1,George W. Bush,Unknown,51%,False,August 13–15
2004,State,North Carolina,NC,,General,Rasmussen Reports,2004-07-01 to 2004-07-31,2004-07-01,2004-07-31,Not reported,5.0,George W. Bush,Unknown,50%,False,July 1–31
2004,State,North Carolina,NC,,General,WBTV-Charlotte,2004-07-24 to 2004-07-26,2004-07-24,2004-07-26,906 LV,3.3,George W. Bush,Unknown,51%,False,July 24–26
2004,State,North Carolina,NC,,General,CNN,2004-07-09 to 2004-07-11,2004-07-09,2004-07-11,680 LV,5.0,George W. Bush,Unknown,56%,False,July 9–11
2004,State,North Carolina,NC,,General,Rasmussen Reports,2004-06-01 to 2004-06-30,2004-06-01,2004-06-30,Not reported,5.0,George W. Bush,Unknown,49%,False,June 1–30
2004,State,North Carolina,NC,,General,National Republican Committee,2004-06-01 to 2004-06-06,2004-06-01,2004-06-06,800 LV,3.46,George W. Bush,Unknown,49.1%,False,June 1–6
2004,State,North Carolina,NC,,General,Rasmussen Reports,2004-05-01 to 2004-05-31,2004-05-01,2004-05-31,Not reported,5.0,George W. Bush,Unknown,48%,False,May 1–31
2004,State,North Carolina,NC,,General,Rasmussen Reports,2004-03-01 to 2004-03-13,2004-03-01,2004-03-13,400 LV,5.0,George W. Bush,Unknown,51%,False,March 1–13
2004,State,North Carolina,NC,,General,WBTV-Charlotte,2004-02-23 to 2004-02-25,2004-02-23,2004-02-25,654 RV,3.9,George W. Bush,Unknown,53%,False,February 23–25
2004,State,North Carolina,NC,,General,League of Conservation Voters,2004-07-19 to 2004-07-22,2004-07-19,2004-07-22,600 LV,4.0,John Kerry,Unknown,44%,False,July 19–22
2004,State,North Carolina,NC,,General,WRAL,2004-07-12 to 2004-07-13,2004-07-12,2004-07-13,625 LV,4.0,John Kerry,Unknown,45%,False,July 12–13
2004,State,North Carolina,NC,,General,CNN,2004-07-09 to 2004-07-11,2004-07-09,2004-07-11,680 LV,5.0,John Kerry,Unknown,39%,False,July 9–11
2004,State,North Carolina,NC,,General,WRAL,2004-05-14 to 2004-05-17,2004-05-14,2004-05-17,625 RV,4.0,John Kerry,Unknown,41%,False,May 14–17
2004,State,North Carolina,NC,,General,League of Conservation Voters,2004-07-19 to 2004-07-22,2004-07-19,2004-07-22,600 LV,4.0,George W. Bush,Unknown,48%,False,July 19–22
2004,State,North Carolina,NC,,General,WRAL,2004-07-12 to 2004-07-13,2004-07-12,2004-07-13,625 LV,4.0,George W. Bush,Unknown,48%,False,July 12–13
2004,State,North Carolina,NC,,General,CNN,2004-07-09 to 2004-07-11,2004-07-09,2004-07-11,680 LV,5.0,George W. Bush,Unknown,54%,False,July 9–11
2004,State,North Carolina,NC,,General,WRAL,2004-05-14 to 2004-05-17,2004-05-14,2004-05-17,625 RV,4.0,George W. Bush,Unknown,48%,False,May 14–17
2004,State,North Carolina,NC,,General,League of Conservation Voters,2004-07-19 to 2004-07-22,2004-07-19,2004-07-22,600 LV,4.0,Ralph Nader,Unknown,3%,False,July 19–22
2004,State,North Carolina,NC,,General,CNN,2004-07-09 to 2004-07-11,2004-07-09,2004-07-11,680 LV,5.0,Ralph Nader,Unknown,4%,False,July 9–11
2004,State,North Carolina,NC,,General,WRAL,2004-05-14 to 2004-05-17,2004-05-14,2004-05-17,625 RV,4.0,Ralph Nader,Unknown,3%,False,May 14–17
2004,State,North Carolina,NC,,General,WRAL,2004-07-12 to 2004-07-13,2004-07-12,2004-07-13,625 LV,4.0,Michael Badnarik,Unknown,0%,False,July 12–13
2004,State,North Dakota,ND,,General,The Forum,2004-10-18 to 2004-10-19,2004-10-18,2004-10-19,623 LV,4.0,John Kerry,Unknown,35%,False,October 18–19
2004,State,North Dakota,ND,,General,American Research Group,2004-09-09 to 2004-09-12,2004-09-09,2004-09-12,600 LV,4.0,John Kerry,Unknown,33%,False,September 9–12
2004,State,North Dakota,ND,,General,The Forum,2004-10-18 to 2004-10-19,2004-10-18,2004-10-19,623 LV,4.0,George W. Bush,Unknown,55%,False,October 18–19
2004,State,North Dakota,ND,,General,American Research Group,2004-09-09 to 2004-09-12,2004-09-09,2004-09-12,600 LV,4.0,George W. Bush,Unknown,62%,False,September 9–12
2004,State,North Dakota,ND,,General,The Forum,2004-10-18 to 2004-10-19,2004-10-18,2004-10-19,623 LV,4.0,Ralph Nader,Unknown,>1%,False,October 18–19
2004,State,North Dakota,ND,,General,American Research Group,2004-09-09 to 2004-09-12,2004-09-09,2004-09-12,600 LV,4.0,Ralph Nader,Unknown,1%,False,September 9–12
2004,State,Ohio,OH,,General,Reuters,2004-10-29 to 2004-11-01,2004-10-29,2004-11-01,602 LV,4.1,John Kerry,Unknown,43%,False,October 29–November 1
2004,State,Ohio,OH,,General,Fox News,2004-10-30 to 2004-10-31,2004-10-30,2004-10-31,700 LV,3.7,John Kerry,Unknown,47%,False,October 30–31
2004,State,Ohio,OH,,General,WCPO-TV Cincinnati,2004-10-29 to 2004-10-31,2004-10-29,2004-10-31,816 LV,3.5,John Kerry,Unknown,47%,False,October 29–31
2004,State,Ohio,OH,,General,CNN,2004-10-28 to 2004-10-31,2004-10-28,2004-10-31,"1,111 LV",3.0,John Kerry,Unknown,50%,False,October 28–31
2004,State,Ohio,OH,,General,University of Cincinnati,2004-10-27 to 2004-10-31,2004-10-27,2004-10-31,877 LV,3.3,John Kerry,Unknown,49.2%,False,October 27–31
2004,State,Ohio,OH,,General,MSNBC,2004-10-27 to 2004-10-29,2004-10-27,2004-10-29,625 LV,4.0,John Kerry,Unknown,46%,False,October 27–29
2004,State,Ohio,OH,,General,Reuters,2004-10-25 to 2004-10-28,2004-10-25,2004-10-28,601 LV,4.0,John Kerry,Unknown,47%,False,October 25–28
2004,State,Ohio,OH,,General,Plain Dealer,2004-10-26 to 2004-10-28,2004-10-26,2004-10-28,"1,500 LV",2.6,John Kerry,Unknown,45%,False,October 26–28
2004,State,Ohio,OH,,General,Los Angeles Times,2004-10-22 to 2004-10-26,2004-10-22,2004-10-26,585 LV,4.0,John Kerry,Unknown,50%,False,October 22–26
2004,State,Ohio,OH,,General,Rasmussen Reports,2004-10-20 to 2004-10-26,2004-10-20,2004-10-26,537 LV,4.0,John Kerry,Unknown,46%,False,October 20–26
2004,State,Ohio,OH,,General,WCPO-TV Cincinnati,2004-10-23 to 2004-10-25,2004-10-23,2004-10-25,831 LV,3.5,John Kerry,Unknown,50%,False,October 23–25
2004,State,Ohio,OH,,General,American Research Group,2004-10-23 to 2004-10-25,2004-10-23,2004-10-25,600 LV,4.0,John Kerry,Unknown,49%,False,October 23–25
2004,State,Ohio,OH,,General,Reuters,2004-10-21 to 2004-10-24,2004-10-21,2004-10-24,603 LV,4.1,John Kerry,Unknown,42%,False,October 21–24
2004,State,Ohio,OH,,General,Ohio University,2004-10-17 to 2004-10-21,2004-10-17,2004-10-21,358 LV,5.3,John Kerry,Unknown,50%,False,October 17–21
2004,State,Ohio,OH,,General,CNN,2004-10-18 to 2004-10-20,2004-10-18,2004-10-20,706 LV,4.0,John Kerry,Unknown,49%,False,October 18–20
2004,State,Ohio,OH,,General,Fox News,2004-10-17 to 2004-10-18,2004-10-17,2004-10-18,800 LV,3.5,John Kerry,Unknown,44%,False,October 17–18
2004,State,Ohio,OH,,General,WCPO-TV Cincinnati,2004-10-16 to 2004-10-18,2004-10-16,2004-10-18,698 LV,3.8,John Kerry,Unknown,49%,False,October 16–18
2004,State,Ohio,OH,,General,MSNBC,2004-10-15 to 2004-10-18,2004-10-15,2004-10-18,625 LV,4.0,John Kerry,Unknown,45%,False,October 15–18
2004,State,Ohio,OH,,General,Rasmussen Reports,2004-10-12 to 2004-10-18,2004-10-12,2004-10-18,537 LV,4.0,John Kerry,Unknown,47%,False,October 12–18
2004,State,Ohio,OH,,General,ABC News,2004-10-14 to 2004-10-17,2004-10-14,2004-10-17,789 LV,3.5,John Kerry,Unknown,50%,False,October 14–17
2004,State,Ohio,OH,,General,University of Cincinnati,2004-10-11 to 2004-10-17,2004-10-11,2004-10-17,757 LV,3.6,John Kerry,Unknown,48%,False,October 11–17
2004,State,Ohio,OH,,General,Rasmussen Reports,2004-10-07 to 2004-10-13,2004-10-07,2004-10-13,564 LV,4.0,John Kerry,Unknown,47%,False,October 7–13
2004,State,Ohio,OH,,General,Chicago Tribune,2004-10-08 to 2004-10-11,2004-10-08,2004-10-11,500 LV,4.4,John Kerry,Unknown,49%,False,October 8–11
2004,State,Ohio,OH,,General,American Research Group,2004-10-04 to 2004-10-06,2004-10-04,2004-10-06,600 LV,4.0,John Kerry,Unknown,48%,False,October 4–6
2004,State,Ohio,OH,,General,WCPO-TV Cincinnati,2004-10-02 to 2004-10-04,2004-10-02,2004-10-04,761 LV,3.6,John Kerry,Unknown,49%,False,October 2–4
2004,State,Ohio,OH,,General,Rasmussen Reports,2004-09-25 to 2004-10-02,2004-09-25,2004-10-02,597 LV,4.0,John Kerry,Unknown,47%,False,September 25–October 2
2004,State,Ohio,OH,,General,CNN,2004-09-25 to 2004-09-28,2004-09-25,2004-09-28,664 LV,4.0,John Kerry,Unknown,48%,False,September 25–28
2004,State,Ohio,OH,,General,Rasmussen Reports,2004-09-17 to 2004-09-23,2004-09-17,2004-09-23,Not reported,3.0,John Kerry,Unknown,45%,False,September 17–23
2004,State,Ohio,OH,,General,Fox News,2004-09-21 to 2004-09-22,2004-09-21,2004-09-22,800 LV,3.5,John Kerry,Unknown,45%,False,September 21–22
2004,State,Ohio,OH,,General,Rasmussen Reports,2004-09-12 to 2004-09-18,2004-09-12,2004-09-18,668 LV,4.0,John Kerry,Unknown,45%,False,September 12–18
2004,State,Ohio,OH,,General,WCPO-TV Cincinnati,2004-09-06 to 2004-09-08,2004-09-06,2004-09-08,709 LV,3.8,John Kerry,Unknown,47%,False,September 6–8
2004,State,Ohio,OH,,General,CNN,2004-09-03 to 2004-09-07,2004-09-03,2004-09-07,661 LV,4.0,John Kerry,Unknown,44%,False,September 3–7
2004,State,Ohio,OH,,General,Rasmussen Reports,2004-08-01 to 2004-08-26,2004-08-01,2004-08-26,Not reported,4.0,John Kerry,Unknown,48%,False,August 1–26
2004,State,Ohio,OH,,General,Los Angeles Times,2004-08-21 to 2004-08-24,2004-08-21,2004-08-24,507 RV,4.0,John Kerry,Unknown,44%,False,August 21–24
2004,State,Ohio,OH,,General,CNN,2004-08-13 to 2004-08-15,2004-08-13,2004-08-15,628 LV,5.0,John Kerry,Unknown,48%,False,August 13–15
2004,State,Ohio,OH,,General,American Research Group,2004-08-09 to 2004-08-11,2004-08-09,2004-08-11,600 LV,4.0,John Kerry,Unknown,48%,False,August 9–11
2004,State,Ohio,OH,,General,Rasmussen Reports,2004-07-01 to 2004-07-31,2004-07-01,2004-07-31,Not reported,4.0,John Kerry,Unknown,46%,False,July 1–31
2004,State,Ohio,OH,,General,American Research Group,2004-07-20 to 2004-07-22,2004-07-20,2004-07-22,600 LV,4.0,John Kerry,Unknown,48%,False,July 20–22
2004,State,Ohio,OH,,General,CNN,2004-07-19 to 2004-07-22,2004-07-19,2004-07-22,639 LV,5.0,John Kerry,Unknown,51%,False,July 19–22
2004,State,Ohio,OH,,General,Rasmussen Reports,2004-06-01 to 2004-06-30,2004-06-01,2004-06-30,Not reported,4.0,John Kerry,Unknown,42%,False,June 1–30
2004,State,Ohio,OH,,General,Fox News,2004-06-22 to 2004-06-23,2004-06-22,2004-06-23,750 RV,4.0,John Kerry,Unknown,43%,False,June 22–23
2004,State,Ohio,OH,,General,American Research Group,2004-06-21 to 2004-06-23,2004-06-21,2004-06-23,600 LV,4.0,John Kerry,Unknown,50%,False,June 21–23
2004,State,Ohio,OH,,General,National Republican Committee,2004-06-01 to 2004-06-06,2004-06-01,2004-06-06,"1,200 LV",2.83,John Kerry,Unknown,43.7%,False,June 1–6
2004,State,Ohio,OH,,General,Rasmussen Reports,2004-05-01 to 2004-05-31,2004-05-01,2004-05-31,Not reported,4.0,John Kerry,Unknown,44%,False,May 1–31
2004,State,Ohio,OH,,General,American Research Group,2004-05-10 to 2004-05-12,2004-05-10,2004-05-12,600 LV,4.0,John Kerry,Unknown,50%,False,May 10–12
2004,State,Ohio,OH,,General,Columbus Dispatch,2004-03-23 to 2004-03-31,2004-03-23,2004-03-31,"3,344 RV",2.0,John Kerry,Unknown,45%,False,March 23–31
2004,State,Ohio,OH,,General,Rasmussen Reports,2004-03-14 to 2004-03-16,2004-03-14,2004-03-16,500 LV,4.5,John Kerry,Unknown,45%,False,March 14–16
2004,State,Ohio,OH,,General,Reuters,2004-10-29 to 2004-11-01,2004-10-29,2004-11-01,602 LV,4.1,George W. Bush,Unknown,49%,False,October 29–November 1
2004,State,Ohio,OH,,General,Fox News,2004-10-30 to 2004-10-31,2004-10-30,2004-10-31,700 LV,3.7,George W. Bush,Unknown,50%,False,October 30–31
2004,State,Ohio,OH,,General,WCPO-TV Cincinnati,2004-10-29 to 2004-10-31,2004-10-29,2004-10-31,816 LV,3.5,George W. Bush,Unknown,49%,False,October 29–31
2004,State,Ohio,OH,,General,CNN,2004-10-28 to 2004-10-31,2004-10-28,2004-10-31,"1,111 LV",3.0,George W. Bush,Unknown,46%,False,October 28–31
2004,State,Ohio,OH,,General,University of Cincinnati,2004-10-27 to 2004-10-31,2004-10-27,2004-10-31,877 LV,3.3,George W. Bush,Unknown,50.1%,False,October 27–31
2004,State,Ohio,OH,,General,MSNBC,2004-10-27 to 2004-10-29,2004-10-27,2004-10-29,625 LV,4.0,George W. Bush,Unknown,48%,False,October 27–29
2004,State,Ohio,OH,,General,Reuters,2004-10-25 to 2004-10-28,2004-10-25,2004-10-28,601 LV,4.0,George W. Bush,Unknown,44%,False,October 25–28
2004,State,Ohio,OH,,General,Plain Dealer,2004-10-26 to 2004-10-28,2004-10-26,2004-10-28,"1,500 LV",2.6,George W. Bush,Unknown,48%,False,October 26–28
2004,State,Ohio,OH,,General,Los Angeles Times,2004-10-22 to 2004-10-26,2004-10-22,2004-10-26,585 LV,4.0,George W. Bush,Unknown,44%,False,October 22–26
2004,State,Ohio,OH,,General,Rasmussen Reports,2004-10-20 to 2004-10-26,2004-10-20,2004-10-26,537 LV,4.0,George W. Bush,Unknown,50%,False,October 20–26
2004,State,Ohio,OH,,General,WCPO-TV Cincinnati,2004-10-23 to 2004-10-25,2004-10-23,2004-10-25,831 LV,3.5,George W. Bush,Unknown,47%,False,October 23–25
2004,State,Ohio,OH,,General,American Research Group,2004-10-23 to 2004-10-25,2004-10-23,2004-10-25,600 LV,4.0,George W. Bush,Unknown,47%,False,October 23–25
2004,State,Ohio,OH,,General,Reuters,2004-10-21 to 2004-10-24,2004-10-21,2004-10-24,603 LV,4.1,George W. Bush,Unknown,47%,False,October 21–24
2004,State,Ohio,OH,,General,Ohio University,2004-10-17 to 2004-10-21,2004-10-17,2004-10-21,358 LV,5.3,George W. Bush,Unknown,46%,False,October 17–21
2004,State,Ohio,OH,,General,CNN,2004-10-18 to 2004-10-20,2004-10-18,2004-10-20,706 LV,4.0,George W. Bush,Unknown,48%,False,October 18–20
2004,State,Ohio,OH,,General,Fox News,2004-10-17 to 2004-10-18,2004-10-17,2004-10-18,800 LV,3.5,George W. Bush,Unknown,49%,False,October 17–18
2004,State,Ohio,OH,,General,WCPO-TV Cincinnati,2004-10-16 to 2004-10-18,2004-10-16,2004-10-18,698 LV,3.8,George W. Bush,Unknown,47%,False,October 16–18
2004,State,Ohio,OH,,General,MSNBC,2004-10-15 to 2004-10-18,2004-10-15,2004-10-18,625 LV,4.0,George W. Bush,Unknown,46%,False,October 15–18
2004,State,Ohio,OH,,General,Rasmussen Reports,2004-10-12 to 2004-10-18,2004-10-12,2004-10-18,537 LV,4.0,George W. Bush,Unknown,47%,False,October 12–18
2004,State,Ohio,OH,,General,ABC News,2004-10-14 to 2004-10-17,2004-10-14,2004-10-17,789 LV,3.5,George W. Bush,Unknown,47%,False,October 14–17
2004,State,Ohio,OH,,General,University of Cincinnati,2004-10-11 to 2004-10-17,2004-10-11,2004-10-17,757 LV,3.6,George W. Bush,Unknown,46%,False,October 11–17
2004,State,Ohio,OH,,General,Rasmussen Reports,2004-10-07 to 2004-10-13,2004-10-07,2004-10-13,564 LV,4.0,George W. Bush,Unknown,49%,False,October 7–13
2004,State,Ohio,OH,,General,Chicago Tribune,2004-10-08 to 2004-10-11,2004-10-08,2004-10-11,500 LV,4.4,George W. Bush,Unknown,45%,False,October 8–11
2004,State,Ohio,OH,,General,American Research Group,2004-10-04 to 2004-10-06,2004-10-04,2004-10-06,600 LV,4.0,George W. Bush,Unknown,48%,False,October 4–6
2004,State,Ohio,OH,,General,WCPO-TV Cincinnati,2004-10-02 to 2004-10-04,2004-10-02,2004-10-04,761 LV,3.6,George W. Bush,Unknown,48%,False,October 2–4
2004,State,Ohio,OH,,General,Rasmussen Reports,2004-09-25 to 2004-10-02,2004-09-25,2004-10-02,597 LV,4.0,George W. Bush,Unknown,48%,False,September 25–October 2
2004,State,Ohio,OH,,General,CNN,2004-09-25 to 2004-09-28,2004-09-25,2004-09-28,664 LV,4.0,George W. Bush,Unknown,50%,False,September 25–28
2004,State,Ohio,OH,,General,Rasmussen Reports,2004-09-17 to 2004-09-23,2004-09-17,2004-09-23,Not reported,3.0,George W. Bush,Unknown,48%,False,September 17–23
2004,State,Ohio,OH,,General,Fox News,2004-09-21 to 2004-09-22,2004-09-21,2004-09-22,800 LV,3.5,George W. Bush,Unknown,48%,False,September 21–22
2004,State,Ohio,OH,,General,Rasmussen Reports,2004-09-12 to 2004-09-18,2004-09-12,2004-09-18,668 LV,4.0,George W. Bush,Unknown,48%,False,September 12–18
2004,State,Ohio,OH,,General,WCPO-TV Cincinnati,2004-09-06 to 2004-09-08,2004-09-06,2004-09-08,709 LV,3.8,George W. Bush,Unknown,50%,False,September 6–8
2004,State,Ohio,OH,,General,CNN,2004-09-03 to 2004-09-07,2004-09-03,2004-09-07,661 LV,4.0,George W. Bush,Unknown,52%,False,September 3–7
2004,State,Ohio,OH,,General,Rasmussen Reports,2004-08-01 to 2004-08-26,2004-08-01,2004-08-26,Not reported,4.0,George W. Bush,Unknown,46%,False,August 1–26
2004,State,Ohio,OH,,General,Los Angeles Times,2004-08-21 to 2004-08-24,2004-08-21,2004-08-24,507 RV,4.0,George W. Bush,Unknown,49%,False,August 21–24
2004,State,Ohio,OH,,General,CNN,2004-08-13 to 2004-08-15,2004-08-13,2004-08-15,628 LV,5.0,George W. Bush,Unknown,46%,False,August 13–15
2004,State,Ohio,OH,,General,American Research Group,2004-08-09 to 2004-08-11,2004-08-09,2004-08-11,600 LV,4.0,George W. Bush,Unknown,45%,False,August 9–11
2004,State,Ohio,OH,,General,Rasmussen Reports,2004-07-01 to 2004-07-31,2004-07-01,2004-07-31,Not reported,4.0,George W. Bush,Unknown,45%,False,July 1–31
2004,State,Ohio,OH,,General,American Research Group,2004-07-20 to 2004-07-22,2004-07-20,2004-07-22,600 LV,4.0,George W. Bush,Unknown,46%,False,July 20–22
2004,State,Ohio,OH,,General,CNN,2004-07-19 to 2004-07-22,2004-07-19,2004-07-22,639 LV,5.0,George W. Bush,Unknown,45%,False,July 19–22
2004,State,Ohio,OH,,General,Rasmussen Reports,2004-06-01 to 2004-06-30,2004-06-01,2004-06-30,Not reported,4.0,George W. Bush,Unknown,46%,False,June 1–30
2004,State,Ohio,OH,,General,Fox News,2004-06-22 to 2004-06-23,2004-06-22,2004-06-23,750 RV,4.0,George W. Bush,Unknown,47%,False,June 22–23
2004,State,Ohio,OH,,General,American Research Group,2004-06-21 to 2004-06-23,2004-06-21,2004-06-23,600 LV,4.0,George W. Bush,Unknown,44%,False,June 21–23
2004,State,Ohio,OH,,General,National Republican Committee,2004-06-01 to 2004-06-06,2004-06-01,2004-06-06,"1,200 LV",2.83,George W. Bush,Unknown,47.1%,False,June 1–6
2004,State,Ohio,OH,,General,Rasmussen Reports,2004-05-01 to 2004-05-31,2004-05-01,2004-05-31,Not reported,4.0,George W. Bush,Unknown,46%,False,May 1–31
2004,State,Ohio,OH,,General,American Research Group,2004-05-10 to 2004-05-12,2004-05-10,2004-05-12,600 LV,4.0,George W. Bush,Unknown,43%,False,May 10–12
2004,State,Ohio,OH,,General,Columbus Dispatch,2004-03-23 to 2004-03-31,2004-03-23,2004-03-31,"3,344 RV",2.0,George W. Bush,Unknown,46%,False,March 23–31
2004,State,Ohio,OH,,General,Rasmussen Reports,2004-03-14 to 2004-03-16,2004-03-14,2004-03-16,500 LV,4.5,George W. Bush,Unknown,41%,False,March 14–16
2004,State,Ohio,OH,,General,CNN,2004-10-18 to 2004-10-20,2004-10-18,2004-10-20,706 LV,4.0,John Kerry,Unknown,48%,False,October 18–20
2004,State,Ohio,OH,,General,Fox News,2004-10-17 to 2004-10-18,2004-10-17,2004-10-18,800 LV,3.5,John Kerry,Unknown,45%,False,October 17–18
2004,State,Ohio,OH,,General,Wall Street Journal,2004-10-13 to 2004-10-18,2004-10-13,2004-10-18,"2,024 LV",2.0,John Kerry,Unknown,47.6%,False,October 13–18
2004,State,Ohio,OH,,General,Wall Street Journal,2004-09-30 to 2004-10-05,2004-09-30,2004-10-05,"1,844 LV",2.3,John Kerry,Unknown,49.1%,False,September 30–October 5
2004,State,Ohio,OH,,General,CNN,2004-09-25 to 2004-09-28,2004-09-25,2004-09-28,664 LV,4.0,John Kerry,Unknown,47%,False,September 25–28
2004,State,Ohio,OH,,General,America Coming Together,2004-09-19 to 2004-09-23,2004-09-19,2004-09-23,Not reported,3.5,John Kerry,Unknown,46%,False,September 19–23
2004,State,Ohio,OH,,General,Fox News,2004-09-21 to 2004-09-22,2004-09-21,2004-09-22,800 LV,3.5,John Kerry,Unknown,44%,False,September 21–22
2004,State,Ohio,OH,,General,American Research Group,2004-09-17 to 2004-09-20,2004-09-17,2004-09-20,600 LV,4.0,John Kerry,Unknown,46%,False,September 17–20
2004,State,Ohio,OH,,General,University of Cincinnati,2004-09-12 to 2004-09-18,2004-09-12,2004-09-18,456 LV,4.5,John Kerry,Unknown,43%,False,September 12–18
2004,State,Ohio,OH,,General,Wall Street Journal,2004-09-13 to 2004-09-17,2004-09-13,2004-09-17,"1,718 LV",2.4,John Kerry,Unknown,46.8%,False,September 13–17
2004,State,Ohio,OH,,General,MSNBC,2004-09-14 to 2004-09-15,2004-09-14,2004-09-15,624 LV,4.0,John Kerry,Unknown,42%,False,September 14–15
2004,State,Ohio,OH,,General,Plain Dealer,2004-09-10 to 2004-09-14,2004-09-10,2004-09-14,"1,500 LV",2.5,John Kerry,Unknown,42%,False,September 10–14
2004,State,Ohio,OH,,General,CNN,2004-09-03 to 2004-09-07,2004-09-03,2004-09-07,661 LV,4.0,John Kerry,Unknown,43%,False,September 3–7
2004,State,Ohio,OH,,General,Wall Street Journal,2004-08-30 to 2004-09-03,2004-08-30,2004-09-03,"1,714 LV",2.4,John Kerry,Unknown,42.9%,False,August 30–September 3
2004,State,Ohio,OH,,General,Columbus Dispatch,2004-08-18 to 2004-08-27,2004-08-18,2004-08-27,"3,176 LV",2.0,John Kerry,Unknown,46%,False,August 18–27
2004,State,Ohio,OH,,General,Los Angeles Times,2004-08-21 to 2004-08-24,2004-08-21,2004-08-24,507 RV,4.0,John Kerry,Unknown,43%,False,August 21–24
2004,State,Ohio,OH,,General,Wall Street Journal,2004-08-16 to 2004-08-21,2004-08-16,2004-08-21,"1,392 LV",2.6,John Kerry,Unknown,45.8%,False,August 16–21
2004,State,Ohio,OH,,General,University of Cincinnati,2004-08-11 to 2004-08-17,2004-08-11,2004-08-17,812 LV,3.4,John Kerry,Unknown,48%,False,August 11–17
2004,State,Ohio,OH,,General,CNN,2004-08-13 to 2004-08-15,2004-08-13,2004-08-15,628 LV,5.0,John Kerry,Unknown,47%,False,August 13–15
2004,State,Ohio,OH,,General,Wall Street Journal,2004-07-26 to 2004-07-30,2004-07-26,2004-07-30,"1,571 LV",2.5,John Kerry,Unknown,46.1%,False,July 26–30
2004,State,Ohio,OH,,General,Wall Street Journal,2004-07-19 to 2004-07-23,2004-07-19,2004-07-23,"1,464 LV",2.6,John Kerry,Unknown,46.8%,False,July 19–23
2004,State,Ohio,OH,,General,Columbus Dispatch,2004-07-14 to 2004-07-23,2004-07-14,2004-07-23,"3,047 RV",2.0,John Kerry,Unknown,44%,False,July 14–23
2004,State,Ohio,OH,,General,American Research Group,2004-07-20 to 2004-07-22,2004-07-20,2004-07-22,600 LV,4.0,John Kerry,Unknown,47%,False,July 20–22
2004,State,Ohio,OH,,General,CNN,2004-07-19 to 2004-07-22,2004-07-19,2004-07-22,639 LV,5.0,John Kerry,Unknown,48%,False,July 19–22
2004,State,Ohio,OH,,General,Wall Street Journal,2004-07-06 to 2004-07-10,2004-07-06,2004-07-10,"1,321 LV",2.7,John Kerry,Unknown,48.6%,False,July 6–10
2004,State,Ohio,OH,,General,Fox News,2004-06-22 to 2004-06-23,2004-06-22,2004-06-23,750 RV,4.0,John Kerry,Unknown,41%,False,June 22–23
2004,State,Ohio,OH,,General,American Research Group,2004-06-21 to 2004-06-23,2004-06-21,2004-06-23,600 LV,4.0,John Kerry,Unknown,49%,False,June 21–23
2004,State,Ohio,OH,,General,Wall Street Journal,2004-06-15 to 2004-06-20,2004-06-15,2004-06-20,"1,552 LV",2.5,John Kerry,Unknown,45.1%,False,June 15–20
2004,State,Ohio,OH,,General,Los Angeles Times,2004-06-05 to 2004-06-08,2004-06-05,2004-06-08,722 RV,4.0,John Kerry,Unknown,45%,False,June 5–8
2004,State,Ohio,OH,,General,Wall Street Journal,2004-06-01 to 2004-06-06,2004-06-01,2004-06-06,"2,231 LV",2.8,John Kerry,Unknown,46.3%,False,June 1–6
2004,State,Ohio,OH,,General,Plain Dealer,2004-05-20 to 2004-05-25,2004-05-20,2004-05-25,"1,500 RV",2.6,John Kerry,Unknown,41%,False,May 20–25
2004,State,Ohio,OH,,General,Wall Street Journal,2004-05-18 to 2004-05-23,2004-05-18,2004-05-23,579 LV,4.1,John Kerry,Unknown,49.4%,False,May 18–23
2004,State,Ohio,OH,,General,American Research Group,2004-05-10 to 2004-05-12,2004-05-10,2004-05-12,600 LV,4.0,John Kerry,Unknown,49%,False,May 10–12
2004,State,Ohio,OH,,General,Columbus Dispatch,2004-03-23 to 2004-03-31,2004-03-23,2004-03-31,"3,344 RV",2.0,John Kerry,Unknown,43%,False,March 23–31
2004,State,Ohio,OH,,General,University of Cincinnati,2004-03-10 to 2004-03-22,2004-03-10,2004-03-22,632 RV,3.9,John Kerry,Unknown,46%,False,March 10–22
2004,State,Ohio,OH,,General,CNN,2004-10-18 to 2004-10-20,2004-10-18,2004-10-20,706 LV,4.0,George W. Bush,Unknown,47%,False,October 18–20
2004,State,Ohio,OH,,General,Fox News,2004-10-17 to 2004-10-18,2004-10-17,2004-10-18,800 LV,3.5,George W. Bush,Unknown,47%,False,October 17–18
2004,State,Ohio,OH,,General,Wall Street Journal,2004-10-13 to 2004-10-18,2004-10-13,2004-10-18,"2,024 LV",2.0,George W. Bush,Unknown,50.6%,False,October 13–18
2004,State,Ohio,OH,,General,American Research Group,2004-10-04 to 2004-10-06,2004-10-04,2004-10-06,600 LV,4.0,George W. Bush,Unknown,47%,False,October 4–6
2004,State,Ohio,OH,,General,Wall Street Journal,2004-09-30 to 2004-10-05,2004-09-30,2004-10-05,"1,844 LV",2.3,George W. Bush,Unknown,48.8%,False,September 30–October 5
2004,State,Ohio,OH,,General,CNN,2004-09-25 to 2004-09-28,2004-09-25,2004-09-28,664 LV,4.0,George W. Bush,Unknown,49%,False,September 25–28
2004,State,Ohio,OH,,General,America Coming Together,2004-09-19 to 2004-09-23,2004-09-19,2004-09-23,Not reported,3.5,George W. Bush,Unknown,46%,False,September 19–23
2004,State,Ohio,OH,,General,American Research Group,2004-09-17 to 2004-09-20,2004-09-17,2004-09-20,600 LV,4.0,George W. Bush,Unknown,48%,False,September 17–20
2004,State,Ohio,OH,,General,University of Cincinnati,2004-09-12 to 2004-09-18,2004-09-12,2004-09-18,456 LV,4.5,George W. Bush,Unknown,54%,False,September 12–18
2004,State,Ohio,OH,,General,Wall Street Journal,2004-09-13 to 2004-09-17,2004-09-13,2004-09-17,"1,718 LV",2.4,George W. Bush,Unknown,50.1%,False,September 13–17
2004,State,Ohio,OH,,General,MSNBC,2004-09-14 to 2004-09-15,2004-09-14,2004-09-15,624 LV,4.0,George W. Bush,Unknown,49%,False,September 14–15
2004,State,Ohio,OH,,General,Plain Dealer,2004-09-10 to 2004-09-14,2004-09-10,2004-09-14,"1,500 LV",2.5,George W. Bush,Unknown,50%,False,September 10–14
2004,State,Ohio,OH,,General,Wall Street Journal,2004-08-30 to 2004-09-03,2004-08-30,2004-09-03,"1,714 LV",2.4,George W. Bush,Unknown,53.8%,False,August 30–September 3
2004,State,Ohio,OH,,General,Columbus Dispatch,2004-08-18 to 2004-08-27,2004-08-18,2004-08-27,"3,176 LV",2.0,George W. Bush,Unknown,46%,False,August 18–27
2004,State,Ohio,OH,,General,Los Angeles Times,2004-08-21 to 2004-08-24,2004-08-21,2004-08-24,507 RV,4.0,George W. Bush,Unknown,46%,False,August 21–24
2004,State,Ohio,OH,,General,Wall Street Journal,2004-08-16 to 2004-08-21,2004-08-16,2004-08-21,"1,392 LV",2.6,George W. Bush,Unknown,51.4%,False,August 16–21
2004,State,Ohio,OH,,General,University of Cincinnati,2004-08-11 to 2004-08-17,2004-08-11,2004-08-17,812 LV,3.4,George W. Bush,Unknown,46%,False,August 11–17
2004,State,Ohio,OH,,General,CNN,2004-08-13 to 2004-08-15,2004-08-13,2004-08-15,628 LV,5.0,George W. Bush,Unknown,45%,False,August 13–15
2004,State,Ohio,OH,,General,Wall Street Journal,2004-07-26 to 2004-07-30,2004-07-26,2004-07-30,"1,571 LV",2.5,George W. Bush,Unknown,51.1%,False,July 26–30
2004,State,Ohio,OH,,General,Wall Street Journal,2004-07-19 to 2004-07-23,2004-07-19,2004-07-23,"1,464 LV",2.6,George W. Bush,Unknown,48.1%,False,July 19–23
2004,State,Ohio,OH,,General,Columbus Dispatch,2004-07-14 to 2004-07-23,2004-07-14,2004-07-23,"3,047 RV",2.0,George W. Bush,Unknown,47%,False,July 14–23
2004,State,Ohio,OH,,General,American Research Group,2004-07-20 to 2004-07-22,2004-07-20,2004-07-22,600 LV,4.0,George W. Bush,Unknown,45%,False,July 20–22
2004,State,Ohio,OH,,General,CNN,2004-07-19 to 2004-07-22,2004-07-19,2004-07-22,639 LV,5.0,George W. Bush,Unknown,43%,False,July 19–22
2004,State,Ohio,OH,,General,Wall Street Journal,2004-07-06 to 2004-07-10,2004-07-06,2004-07-10,"1,321 LV",2.7,George W. Bush,Unknown,47.9%,False,July 6–10
2004,State,Ohio,OH,,General,Fox News,2004-06-22 to 2004-06-23,2004-06-22,2004-06-23,750 RV,4.0,George W. Bush,Unknown,45%,False,June 22–23
2004,State,Ohio,OH,,General,American Research Group,2004-06-21 to 2004-06-23,2004-06-21,2004-06-23,600 LV,4.0,George W. Bush,Unknown,43%,False,June 21–23
2004,State,Ohio,OH,,General,Wall Street Journal,2004-06-15 to 2004-06-20,2004-06-15,2004-06-20,"1,552 LV",2.5,George W. Bush,Unknown,50.5%,False,June 15–20
2004,State,Ohio,OH,,General,Los Angeles Times,2004-06-05 to 2004-06-08,2004-06-05,2004-06-08,722 RV,4.0,George W. Bush,Unknown,42%,False,June 5–8
2004,State,Ohio,OH,,General,Wall Street Journal,2004-06-01 to 2004-06-06,2004-06-01,2004-06-06,"2,231 LV",2.8,George W. Bush,Unknown,49.1%,False,June 1–6
2004,State,Ohio,OH,,General,Plain Dealer,2004-05-20 to 2004-05-25,2004-05-20,2004-05-25,"1,500 RV",2.6,George W. Bush,Unknown,47%,False,May 20–25
2004,State,Ohio,OH,,General,Wall Street Journal,2004-05-18 to 2004-05-23,2004-05-18,2004-05-23,579 LV,4.1,George W. Bush,Unknown,44.8%,False,May 18–23
2004,State,Ohio,OH,,General,American Research Group,2004-05-10 to 2004-05-12,2004-05-10,2004-05-12,600 LV,4.0,George W. Bush,Unknown,42%,False,May 10–12
2004,State,Ohio,OH,,General,Columbus Dispatch,2004-03-23 to 2004-03-31,2004-03-23,2004-03-31,"3,344 RV",2.0,George W. Bush,Unknown,45%,False,March 23–31
2004,State,Ohio,OH,,General,University of Cincinnati,2004-03-10 to 2004-03-22,2004-03-10,2004-03-22,632 RV,3.9,George W. Bush,Unknown,44%,False,March 10–22
2004,State,Ohio,OH,,General,CNN,2004-10-18 to 2004-10-20,2004-10-18,2004-10-20,706 LV,4.0,Ralph Nader,Unknown,1%,False,October 18–20
2004,State,Ohio,OH,,General,Fox News,2004-10-17 to 2004-10-18,2004-10-17,2004-10-18,800 LV,3.5,Ralph Nader,Unknown,3%,False,October 17–18
2004,State,Ohio,OH,,General,Wall Street Journal,2004-10-13 to 2004-10-18,2004-10-13,2004-10-18,"2,024 LV",2.0,Ralph Nader,Unknown,0.4%,False,October 13–18
2004,State,Ohio,OH,,General,American Research Group,2004-10-04 to 2004-10-06,2004-10-04,2004-10-06,600 LV,4.0,Ralph Nader,Unknown,1%,False,October 4–6
2004,State,Ohio,OH,,General,Wall Street Journal,2004-09-30 to 2004-10-05,2004-09-30,2004-10-05,"1,844 LV",2.3,Ralph Nader,Unknown,0.4%,False,September 30–October 5
2004,State,Ohio,OH,,General,CNN,2004-09-25 to 2004-09-28,2004-09-25,2004-09-28,664 LV,4.0,Ralph Nader,Unknown,1%,False,September 25–28
2004,State,Ohio,OH,,General,America Coming Together,2004-09-19 to 2004-09-23,2004-09-19,2004-09-23,Not reported,3.5,Ralph Nader,Unknown,1%,False,September 19–23
2004,State,Ohio,OH,,General,Fox News,2004-09-21 to 2004-09-22,2004-09-21,2004-09-22,800 LV,3.5,Ralph Nader,Unknown,2%,False,September 21–22
2004,State,Ohio,OH,,General,American Research Group,2004-09-17 to 2004-09-20,2004-09-17,2004-09-20,600 LV,4.0,Ralph Nader,Unknown,1%,False,September 17–20
2004,State,Ohio,OH,,General,University of Cincinnati,2004-09-12 to 2004-09-18,2004-09-12,2004-09-18,456 LV,4.5,Ralph Nader,Unknown,1%,False,September 12–18
2004,State,Ohio,OH,,General,Wall Street Journal,2004-09-13 to 2004-09-17,2004-09-13,2004-09-17,"1,718 LV",2.4,Ralph Nader,Unknown,0.3%,False,September 13–17
2004,State,Ohio,OH,,General,MSNBC,2004-09-14 to 2004-09-15,2004-09-14,2004-09-15,624 LV,4.0,Ralph Nader,Unknown,2%,False,September 14–15
2004,State,Ohio,OH,,General,Plain Dealer,2004-09-10 to 2004-09-14,2004-09-10,2004-09-14,"1,500 LV",2.5,Ralph Nader,Unknown,2%,False,September 10–14
2004,State,Ohio,OH,,General,CNN,2004-09-03 to 2004-09-07,2004-09-03,2004-09-07,661 LV,4.0,Ralph Nader,Unknown,2%,False,September 3–7
2004,State,Ohio,OH,,General,Wall Street Journal,2004-08-30 to 2004-09-03,2004-08-30,2004-09-03,"1,714 LV",2.4,Ralph Nader,Unknown,0.5%,False,August 30–September 3
2004,State,Ohio,OH,,General,Columbus Dispatch,2004-08-18 to 2004-08-27,2004-08-18,2004-08-27,"3,176 LV",2.0,Ralph Nader,Unknown,2%,False,August 18–27
2004,State,Ohio,OH,,General,Los Angeles Times,2004-08-21 to 2004-08-24,2004-08-21,2004-08-24,507 RV,4.0,Ralph Nader,Unknown,3%,False,August 21–24
2004,State,Ohio,OH,,General,Wall Street Journal,2004-08-16 to 2004-08-21,2004-08-16,2004-08-21,"1,392 LV",2.6,Ralph Nader,Unknown,0.8%,False,August 16–21
2004,State,Ohio,OH,,General,University of Cincinnati,2004-08-11 to 2004-08-17,2004-08-11,2004-08-17,812 LV,3.4,Ralph Nader,Unknown,1%,False,August 11–17
2004,State,Ohio,OH,,General,CNN,2004-08-13 to 2004-08-15,2004-08-13,2004-08-15,628 LV,5.0,Ralph Nader,Unknown,4%,False,August 13–15
2004,State,Ohio,OH,,General,American Research Group,2004-08-09 to 2004-08-11,2004-08-09,2004-08-11,600 LV,4.0,Ralph Nader,Unknown,2%,False,August 9–11
2004,State,Ohio,OH,,General,Wall Street Journal,2004-07-26 to 2004-07-30,2004-07-26,2004-07-30,"1,571 LV",2.5,Ralph Nader,Unknown,1%,False,July 26–30
2004,State,Ohio,OH,,General,Wall Street Journal,2004-07-19 to 2004-07-23,2004-07-19,2004-07-23,"1,464 LV",2.6,Ralph Nader,Unknown,1.2%,False,July 19–23
2004,State,Ohio,OH,,General,Columbus Dispatch,2004-07-14 to 2004-07-23,2004-07-14,2004-07-23,"3,047 RV",2.0,Ralph Nader,Unknown,2%,False,July 14–23
2004,State,Ohio,OH,,General,American Research Group,2004-07-20 to 2004-07-22,2004-07-20,2004-07-22,600 LV,4.0,Ralph Nader,Unknown,3%,False,July 20–22
2004,State,Ohio,OH,,General,CNN,2004-07-19 to 2004-07-22,2004-07-19,2004-07-22,639 LV,5.0,Ralph Nader,Unknown,5%,False,July 19–22
2004,State,Ohio,OH,,General,Wall Street Journal,2004-07-06 to 2004-07-10,2004-07-06,2004-07-10,"1,321 LV",2.7,Ralph Nader,Unknown,0.8%,False,July 6–10
2004,State,Ohio,OH,,General,Fox News,2004-06-22 to 2004-06-23,2004-06-22,2004-06-23,750 RV,4.0,Ralph Nader,Unknown,4%,False,June 22–23
2004,State,Ohio,OH,,General,American Research Group,2004-06-21 to 2004-06-23,2004-06-21,2004-06-23,600 LV,4.0,Ralph Nader,Unknown,2%,False,June 21–23
2004,State,Ohio,OH,,General,Wall Street Journal,2004-06-15 to 2004-06-20,2004-06-15,2004-06-20,"1,552 LV",2.5,Ralph Nader,Unknown,0.9%,False,June 15–20
2004,State,Ohio,OH,,General,Los Angeles Times,2004-06-05 to 2004-06-08,2004-06-05,2004-06-08,722 RV,4.0,Ralph Nader,Unknown,4%,False,June 5–8
2004,State,Ohio,OH,,General,Wall Street Journal,2004-06-01 to 2004-06-06,2004-06-01,2004-06-06,"2,231 LV",2.8,Ralph Nader,Unknown,1.2%,False,June 1–6
2004,State,Ohio,OH,,General,Plain Dealer,2004-05-20 to 2004-05-25,2004-05-20,2004-05-25,"1,500 RV",2.6,Ralph Nader,Unknown,3%,False,May 20–25
2004,State,Ohio,OH,,General,Wall Street Journal,2004-05-18 to 2004-05-23,2004-05-18,2004-05-23,579 LV,4.1,Ralph Nader,Unknown,0.9%,False,May 18–23
2004,State,Ohio,OH,,General,American Research Group,2004-05-10 to 2004-05-12,2004-05-10,2004-05-12,600 LV,4.0,Ralph Nader,Unknown,2%,False,May 10–12
2004,State,Ohio,OH,,General,Columbus Dispatch,2004-03-23 to 2004-03-31,2004-03-23,2004-03-31,"3,344 RV",2.0,Ralph Nader,Unknown,3%,False,March 23–31
2004,State,Ohio,OH,,General,University of Cincinnati,2004-03-10 to 2004-03-22,2004-03-10,2004-03-22,632 RV,3.9,Ralph Nader,Unknown,5%,False,March 10–22
2004,State,Ohio,OH,,General,Columbus Dispatch,2004-09-22 to 2004-10-01,2004-09-22,2004-10-01,"2,859 RV",2.0,John Kerry,Unknown,44%,False,September 22–October 1
2004,State,Ohio,OH,,General,Columbus Dispatch,2004-09-22 to 2004-10-01,2004-09-22,2004-10-01,"2,859 RV",2.0,George W. Bush,Unknown,51%,False,September 22–October 1
2004,State,Ohio,OH,,General,Columbus Dispatch,2004-09-22 to 2004-10-01,2004-09-22,2004-10-01,"2,859 RV",2.0,Ralph Nader,Unknown,1%,False,September 22–October 1
2004,State,Ohio,OH,,General,Columbus Dispatch,2004-09-22 to 2004-10-01,2004-09-22,2004-10-01,"2,859 RV",2.0,Michael Badnarik,Unknown,0%,False,September 22–October 1
2004,State,Ohio,OH,,General,Columbus Dispatch,2004-09-22 to 2004-10-01,2004-09-22,2004-10-01,"2,859 RV",2.0,Michael Peroutka,Unknown,0%,False,September 22–October 1
2004,State,Oklahoma,OK,,General,KFOR-TV Oklahoma City,2004-10-28 to 2004-10-30,2004-10-28,2004-10-30,662 LV,3.7,John Kerry,Unknown,34%,False,October 28–30
2004,State,Oklahoma,OK,,General,KWTV,2004-10-22 to 2004-10-24,2004-10-22,2004-10-24,500 LV,4.4,John Kerry,Unknown,28%,False,October 22–24
2004,State,Oklahoma,OK,,General,KFOR-TV Oklahoma City,2004-10-18 to 2004-10-20,2004-10-18,2004-10-20,627 LV,3.9,John Kerry,Unknown,34%,False,October 18–20
2004,State,Oklahoma,OK,,General,KWTV,2004-10-15 to 2004-10-17,2004-10-15,2004-10-17,500 LV,4.4,John Kerry,Unknown,31%,False,October 15–17
2004,State,Oklahoma,OK,,General,Cole Hargrave Snodgrass & Associates,2004-10-10 to 2004-10-11,2004-10-10,2004-10-11,500 LV,4.3,John Kerry,Unknown,30%,False,October 10–11
2004,State,Oklahoma,OK,,General,KWTV,2004-10-08 to 2004-10-10,2004-10-08,2004-10-10,500 LV,4.4,John Kerry,Unknown,38%,False,October 8–10
2004,State,Oklahoma,OK,,General,KFOR-TV Oklahoma City,2004-10-04 to 2004-10-06,2004-10-04,2004-10-06,613 LV,3.9,John Kerry,Unknown,33%,False,October 4–6
2004,State,Oklahoma,OK,,General,KWTV,2004-10-01 to 2004-10-03,2004-10-01,2004-10-03,500 LV,4.4,John Kerry,Unknown,28%,False,October 1–3
2004,State,Oklahoma,OK,,General,Rasmussen Reports,2004-09-29,2004-09-29,2004-09-29,500 LV,5.0,John Kerry,Unknown,30%,False,September 29
2004,State,Oklahoma,OK,,General,KWTV,2004-09-24 to 2004-09-26,2004-09-24,2004-09-26,500 LV,4.4,John Kerry,Unknown,31%,False,September 24–26
2004,State,Oklahoma,OK,,General,KFOR-TV Oklahoma City,2004-09-20 to 2004-09-22,2004-09-20,2004-09-22,617 LV,3.9,John Kerry,Unknown,33%,False,September 20–22
2004,State,Oklahoma,OK,,General,American Research Group,2004-09-15 to 2004-09-20,2004-09-15,2004-09-20,600 LV,4.0,John Kerry,Unknown,38%,False,September 15–20
2004,State,Oklahoma,OK,,General,KWTV,2004-09-17 to 2004-09-19,2004-09-17,2004-09-19,500 LV,4.4,John Kerry,Unknown,24%,False,September 17–19
2004,State,Oklahoma,OK,,General,KWTV,2004-09-10 to 2004-09-12,2004-09-10,2004-09-12,500 LV,4.4,John Kerry,Unknown,29%,False,September 10–12
2004,State,Oklahoma,OK,,General,KWTV,2004-09-03 to 2004-09-05,2004-09-03,2004-09-05,500 LV,4.4,John Kerry,Unknown,30%,False,September 3–5
2004,State,Oklahoma,OK,,General,Carson for Senate,2004-09-01 to 2004-09-02,2004-09-01,2004-09-02,Not reported,,John Kerry,Unknown,30%,False,September 1–2
2004,State,Oklahoma,OK,,General,Rasmussen Reports,2004-08-01 to 2004-08-26,2004-08-01,2004-08-26,Not reported,5.0,John Kerry,Unknown,36%,False,August 1–26
2004,State,Oklahoma,OK,,General,KFOR-TV Oklahoma City,2004-08-16 to 2004-08-18,2004-08-16,2004-08-18,596 LV,4.1,John Kerry,Unknown,38%,False,August 16–18
2004,State,Oklahoma,OK,,General,The Oklahoman,2004-08-15 to 2004-08-17,2004-08-15,2004-08-17,500 LV,4.4,John Kerry,Unknown,33%,False,August 15–17
2004,State,Oklahoma,OK,,General,National Republican Senatorial Committee,2004-07-29,2004-07-29,2004-07-29,600 LV,4.0,John Kerry,Unknown,35.5%,False,July 29
2004,State,Oklahoma,OK,,General,KOTV,2004-07-08 to 2004-07-12,2004-07-08,2004-07-12,756 RV,3.5,John Kerry,Unknown,35%,False,July 8–12
2004,State,Oklahoma,OK,,General,Rasmussen Reports,2004-06-01 to 2004-06-30,2004-06-01,2004-06-30,Not reported,5.0,John Kerry,Unknown,31%,False,June 1–30
2004,State,Oklahoma,OK,,General,KFOR-TV Oklahoma City,2004-06-21 to 2004-06-23,2004-06-21,2004-06-23,651 LV,3.9,John Kerry,Unknown,34%,False,June 21–23
2004,State,Oklahoma,OK,,General,Rasmussen Reports,2004-05-01 to 2004-05-31,2004-05-01,2004-05-31,Not reported,5.0,John Kerry,Unknown,34%,False,May 1–31
2004,State,Oklahoma,OK,,General,The Oklahoman,2004-05-16 to 2004-05-19,2004-05-16,2004-05-19,500 RV,4.4,John Kerry,Unknown,34%,False,May 16–19
2004,State,Oklahoma,OK,,General,The Oklahoman,2004-02-16 to 2004-02-19,2004-02-16,2004-02-19,300 RV,5.7,John Kerry,Unknown,40%,False,February 16–19
2004,State,Oklahoma,OK,,General,KFOR-TV Oklahoma City,2004-10-28 to 2004-10-30,2004-10-28,2004-10-30,662 LV,3.7,George W. Bush,Unknown,64%,False,October 28–30
2004,State,Oklahoma,OK,,General,KWTV,2004-10-22 to 2004-10-24,2004-10-22,2004-10-24,500 LV,4.4,George W. Bush,Unknown,61%,False,October 22–24
2004,State,Oklahoma,OK,,General,KFOR-TV Oklahoma City,2004-10-18 to 2004-10-20,2004-10-18,2004-10-20,627 LV,3.9,George W. Bush,Unknown,64%,False,October 18–20
2004,State,Oklahoma,OK,,General,KWTV,2004-10-15 to 2004-10-17,2004-10-15,2004-10-17,500 LV,4.4,George W. Bush,Unknown,61%,False,October 15–17
2004,State,Oklahoma,OK,,General,Cole Hargrave Snodgrass & Associates,2004-10-10 to 2004-10-11,2004-10-10,2004-10-11,500 LV,4.3,George W. Bush,Unknown,64%,False,October 10–11
2004,State,Oklahoma,OK,,General,KWTV,2004-10-08 to 2004-10-10,2004-10-08,2004-10-10,500 LV,4.4,George W. Bush,Unknown,50%,False,October 8–10
2004,State,Oklahoma,OK,,General,KFOR-TV Oklahoma City,2004-10-04 to 2004-10-06,2004-10-04,2004-10-06,613 LV,3.9,George W. Bush,Unknown,63%,False,October 4–6
2004,State,Oklahoma,OK,,General,KWTV,2004-10-01 to 2004-10-03,2004-10-01,2004-10-03,500 LV,4.4,George W. Bush,Unknown,58%,False,October 1–3
2004,State,Oklahoma,OK,,General,Rasmussen Reports,2004-09-29,2004-09-29,2004-09-29,500 LV,5.0,George W. Bush,Unknown,64%,False,September 29
2004,State,Oklahoma,OK,,General,KWTV,2004-09-24 to 2004-09-26,2004-09-24,2004-09-26,500 LV,4.4,George W. Bush,Unknown,57%,False,September 24–26
2004,State,Oklahoma,OK,,General,KFOR-TV Oklahoma City,2004-09-20 to 2004-09-22,2004-09-20,2004-09-22,617 LV,3.9,George W. Bush,Unknown,64%,False,September 20–22
2004,State,Oklahoma,OK,,General,American Research Group,2004-09-15 to 2004-09-20,2004-09-15,2004-09-20,600 LV,4.0,George W. Bush,Unknown,55%,False,September 15–20
2004,State,Oklahoma,OK,,General,KWTV,2004-09-17 to 2004-09-19,2004-09-17,2004-09-19,500 LV,4.4,George W. Bush,Unknown,64%,False,September 17–19
2004,State,Oklahoma,OK,,General,KWTV,2004-09-10 to 2004-09-12,2004-09-10,2004-09-12,500 LV,4.4,George W. Bush,Unknown,59%,False,September 10–12
2004,State,Oklahoma,OK,,General,KWTV,2004-09-03 to 2004-09-05,2004-09-03,2004-09-05,500 LV,4.4,George W. Bush,Unknown,61%,False,September 3–5
2004,State,Oklahoma,OK,,General,Carson for Senate,2004-09-01 to 2004-09-02,2004-09-01,2004-09-02,Not reported,,George W. Bush,Unknown,64%,False,September 1–2
2004,State,Oklahoma,OK,,General,Rasmussen Reports,2004-08-01 to 2004-08-26,2004-08-01,2004-08-26,Not reported,5.0,George W. Bush,Unknown,59%,False,August 1–26
2004,State,Oklahoma,OK,,General,KFOR-TV Oklahoma City,2004-08-16 to 2004-08-18,2004-08-16,2004-08-18,596 LV,4.1,George W. Bush,Unknown,57%,False,August 16–18
2004,State,Oklahoma,OK,,General,The Oklahoman,2004-08-15 to 2004-08-17,2004-08-15,2004-08-17,500 LV,4.4,George W. Bush,Unknown,58%,False,August 15–17
2004,State,Oklahoma,OK,,General,National Republican Senatorial Committee,2004-07-29,2004-07-29,2004-07-29,600 LV,4.0,George W. Bush,Unknown,55.5%,False,July 29
2004,State,Oklahoma,OK,,General,KOTV,2004-07-08 to 2004-07-12,2004-07-08,2004-07-12,756 RV,3.5,George W. Bush,Unknown,59%,False,July 8–12
2004,State,Oklahoma,OK,,General,Rasmussen Reports,2004-06-01 to 2004-06-30,2004-06-01,2004-06-30,Not reported,5.0,George W. Bush,Unknown,63%,False,June 1–30
2004,State,Oklahoma,OK,,General,KFOR-TV Oklahoma City,2004-06-21 to 2004-06-23,2004-06-21,2004-06-23,651 LV,3.9,George W. Bush,Unknown,60%,False,June 21–23
2004,State,Oklahoma,OK,,General,Rasmussen Reports,2004-05-01 to 2004-05-31,2004-05-01,2004-05-31,Not reported,5.0,George W. Bush,Unknown,58%,False,May 1–31
2004,State,Oklahoma,OK,,General,The Oklahoman,2004-05-16 to 2004-05-19,2004-05-16,2004-05-19,500 RV,4.4,George W. Bush,Unknown,53%,False,May 16–19
2004,State,Oklahoma,OK,,General,The Oklahoman,2004-02-16 to 2004-02-19,2004-02-16,2004-02-19,300 RV,5.7,George W. Bush,Unknown,50%,False,February 16–19
2004,State,Oklahoma,OK,,General,The Marketing Workshop,2004-03-31 to 2004-04-01,2004-03-31,2004-04-01,400 A,5.0,John Kerry,Unknown,35%,False,March 31–April 1
2004,State,Oklahoma,OK,,General,The Marketing Workshop,2004-03-31 to 2004-04-01,2004-03-31,2004-04-01,400 A,5.0,George W. Bush,Unknown,47%,False,March 31–April 1
2004,State,Oklahoma,OK,,General,The Marketing Workshop,2004-03-31 to 2004-04-01,2004-03-31,2004-04-01,400 A,5.0,Ralph Nader,Unknown,2%,False,March 31–April 1
2004,State,Oregon,OR,,General,MSNBC,2004-10-27 to 2004-10-29,2004-10-27,2004-10-29,625 LV,4.0,John Kerry,Unknown,50%,False,October 27–29
2004,State,Oregon,OR,,General,KATU-TV Portland,2004-10-25 to 2004-10-27,2004-10-25,2004-10-27,687 LV,3.8,John Kerry,Unknown,50%,False,October 25–27
2004,State,Oregon,OR,,General,The Oregonian,2004-10-25 to 2004-10-27,2004-10-25,2004-10-27,608 LV,3.8,John Kerry,Unknown,49%,False,October 25–27
2004,State,Oregon,OR,,General,American Research Group,2004-10-25 to 2004-10-27,2004-10-25,2004-10-27,600 LV,4.0,John Kerry,Unknown,50%,False,October 25–27
2004,State,Oregon,OR,,General,Rasmussen Reports,2004-10-06 to 2004-10-19,2004-10-06,2004-10-19,500 LV,4.5,John Kerry,Unknown,52%,False,October 6–19
2004,State,Oregon,OR,,General,Mason-Dixon Polling & Research,2004-10-15 to 2004-10-18,2004-10-15,2004-10-18,625 LV,4.0,John Kerry,Unknown,47%,False,October 15–18
2004,State,Oregon,OR,,General,CNN,2004-10-15 to 2004-10-18,2004-10-15,2004-10-18,700 LV,4.0,John Kerry,Unknown,53%,False,October 15–18
2004,State,Oregon,OR,,General,American Research Group,2004-10-09 to 2004-10-12,2004-10-09,2004-10-12,600 LV,4.0,John Kerry,Unknown,50%,False,October 9–12
2004,State,Oregon,OR,,General,KATU-TV Portland,2004-10-09 to 2004-10-11,2004-10-09,2004-10-11,628 LV,4.0,John Kerry,Unknown,53%,False,October 9–11
2004,State,Oregon,OR,,General,The Oregonian,2004-09-24 to 2004-09-27,2004-09-24,2004-09-27,624 RV,4.0,John Kerry,Unknown,47%,False,September 24–27
2004,State,Oregon,OR,,General,Rasmussen Reports,2004-09-14 to 2004-09-27,2004-09-14,2004-09-27,Not reported,5.0,John Kerry,Unknown,49%,False,September 14–27
2004,State,Oregon,OR,,General,KATU-TV Portland,2004-09-19 to 2004-09-21,2004-09-19,2004-09-21,747 LV,3.7,John Kerry,Unknown,47%,False,September 19–21
2004,State,Oregon,OR,,General,Zogby International,2004-09-02,2004-09-02,2004-09-02,430 LV,4.8,John Kerry,Unknown,53%,False,September 2
2004,State,Oregon,OR,,General,Rasmussen Reports,2004-07-01 to 2004-07-31,2004-07-01,2004-07-31,Not reported,5.0,John Kerry,Unknown,47%,False,July 1–31
2004,State,Oregon,OR,,General,American Research Group,2004-07-19 to 2004-07-22,2004-07-19,2004-07-22,600 LV,4.0,John Kerry,Unknown,50%,False,July 19–22
2004,State,Oregon,OR,,General,Rasmussen Reports,2004-06-01 to 2004-06-30,2004-06-01,2004-06-30,Not reported,5.0,John Kerry,Unknown,50%,False,June 1–30
2004,State,Oregon,OR,,General,National Republican Committee,2004-06-01 to 2004-06-06,2004-06-01,2004-06-06,800 LV,3.46,John Kerry,Unknown,45.8%,False,June 1–6
2004,State,Oregon,OR,,General,Rasmussen Reports,2004-05-01 to 2004-05-31,2004-05-01,2004-05-31,Not reported,5.0,John Kerry,Unknown,45%,False,May 1–31
2004,State,Oregon,OR,,General,KGW-TV Northwest News Channel 8,2004-05-05 to 2004-05-10,2004-05-05,2004-05-10,776 LV,3.5,John Kerry,Unknown,39%,False,May 5–10
2004,State,Oregon,OR,,General,American Research Group,2004-05-03 to 2004-05-05,2004-05-03,2004-05-05,600 LV,4.0,John Kerry,Unknown,48%,False,May 3–5
2004,State,Oregon,OR,,General,Rasmussen Reports,2004-04-25,2004-04-25,2004-04-25,500 LV,4.5,John Kerry,Unknown,46%,False,April 25
2004,State,Oregon,OR,,General,MSNBC,2004-10-27 to 2004-10-29,2004-10-27,2004-10-29,625 LV,4.0,George W. Bush,Unknown,44%,False,October 27–29
2004,State,Oregon,OR,,General,KATU-TV Portland,2004-10-25 to 2004-10-27,2004-10-25,2004-10-27,687 LV,3.8,George W. Bush,Unknown,47%,False,October 25–27
2004,State,Oregon,OR,,General,The Oregonian,2004-10-25 to 2004-10-27,2004-10-25,2004-10-27,608 LV,3.8,George W. Bush,Unknown,43%,False,October 25–27
2004,State,Oregon,OR,,General,American Research Group,2004-10-25 to 2004-10-27,2004-10-25,2004-10-27,600 LV,4.0,George W. Bush,Unknown,46%,False,October 25–27
2004,State,Oregon,OR,,General,Rasmussen Reports,2004-10-06 to 2004-10-19,2004-10-06,2004-10-19,500 LV,4.5,George W. Bush,Unknown,45%,False,October 6–19
2004,State,Oregon,OR,,General,Mason-Dixon Polling & Research,2004-10-15 to 2004-10-18,2004-10-15,2004-10-18,625 LV,4.0,George W. Bush,Unknown,46%,False,October 15–18
2004,State,Oregon,OR,,General,CNN,2004-10-15 to 2004-10-18,2004-10-15,2004-10-18,700 LV,4.0,George W. Bush,Unknown,45%,False,October 15–18
2004,State,Oregon,OR,,General,American Research Group,2004-10-09 to 2004-10-12,2004-10-09,2004-10-12,600 LV,4.0,George W. Bush,Unknown,44%,False,October 9–12
2004,State,Oregon,OR,,General,KATU-TV Portland,2004-10-09 to 2004-10-11,2004-10-09,2004-10-11,628 LV,4.0,George W. Bush,Unknown,44%,False,October 9–11
2004,State,Oregon,OR,,General,The Oregonian,2004-09-24 to 2004-09-27,2004-09-24,2004-09-27,624 RV,4.0,George W. Bush,Unknown,45%,False,September 24–27
2004,State,Oregon,OR,,General,Rasmussen Reports,2004-09-14 to 2004-09-27,2004-09-14,2004-09-27,Not reported,5.0,George W. Bush,Unknown,45%,False,September 14–27
2004,State,Oregon,OR,,General,KATU-TV Portland,2004-09-19 to 2004-09-21,2004-09-19,2004-09-21,747 LV,3.7,George W. Bush,Unknown,48%,False,September 19–21
2004,State,Oregon,OR,,General,Zogby International,2004-09-02,2004-09-02,2004-09-02,430 LV,4.8,George W. Bush,Unknown,43%,False,September 2
2004,State,Oregon,OR,,General,Rasmussen Reports,2004-07-01 to 2004-07-31,2004-07-01,2004-07-31,Not reported,5.0,George W. Bush,Unknown,41%,False,July 1–31
2004,State,Oregon,OR,,General,American Research Group,2004-07-19 to 2004-07-22,2004-07-19,2004-07-22,600 LV,4.0,George W. Bush,Unknown,43%,False,July 19–22
2004,State,Oregon,OR,,General,Rasmussen Reports,2004-06-01 to 2004-06-30,2004-06-01,2004-06-30,Not reported,5.0,George W. Bush,Unknown,42%,False,June 1–30
2004,State,Oregon,OR,,General,National Republican Committee,2004-06-01 to 2004-06-06,2004-06-01,2004-06-06,800 LV,3.46,George W. Bush,Unknown,42.3%,False,June 1–6
2004,State,Oregon,OR,,General,Rasmussen Reports,2004-05-01 to 2004-05-31,2004-05-01,2004-05-31,Not reported,5.0,George W. Bush,Unknown,46%,False,May 1–31
2004,State,Oregon,OR,,General,KGW-TV Northwest News Channel 8,2004-05-05 to 2004-05-10,2004-05-05,2004-05-10,776 LV,3.5,George W. Bush,Unknown,44%,False,May 5–10
2004,State,Oregon,OR,,General,American Research Group,2004-05-03 to 2004-05-05,2004-05-03,2004-05-05,600 LV,4.0,George W. Bush,Unknown,46%,False,May 3–5
2004,State,Oregon,OR,,General,Rasmussen Reports,2004-04-25,2004-04-25,2004-04-25,500 LV,4.5,George W. Bush,Unknown,45%,False,April 25
2004,State,Oregon,OR,,General,Wall Street Journal,2004-10-25 to 2004-10-30,2004-10-25,2004-10-30,"1,125 LV",3.0,John Kerry,Unknown,53.9%,False,October 25–30
2004,State,Oregon,OR,,General,Wall Street Journal,2004-10-13 to 2004-10-18,2004-10-13,2004-10-18,890 LV,3.3,John Kerry,Unknown,55.7%,False,October 13–18
2004,State,Oregon,OR,,General,Riley Research Associates,2004-10-09 to 2004-10-13,2004-10-09,2004-10-13,400 LV,4.9,John Kerry,Unknown,43%,False,October 9–13
2004,State,Oregon,OR,,General,American Research Group,2004-10-09 to 2004-10-12,2004-10-09,2004-10-12,600 LV,4.0,John Kerry,Unknown,49%,False,October 9–12
2004,State,Oregon,OR,,General,Wall Street Journal,2004-09-30 to 2004-10-05,2004-09-30,2004-10-05,925 LV,3.2,John Kerry,Unknown,53.8%,False,September 30–October 5
2004,State,Oregon,OR,,General,Wall Street Journal,2004-09-13 to 2004-09-17,2004-09-13,2004-09-17,809 LV,3.5,John Kerry,Unknown,53.9%,False,September 13–17
2004,State,Oregon,OR,,General,MSNBC,2004-09-14 to 2004-09-16,2004-09-14,2004-09-16,625 LV,4.0,John Kerry,Unknown,43%,False,September 14–16
2004,State,Oregon,OR,,General,American Research Group,2004-09-10 to 2004-09-13,2004-09-10,2004-09-13,600 LV,4.0,John Kerry,Unknown,47%,False,September 10–13
2004,State,Oregon,OR,,General,Wall Street Journal,2004-08-30 to 2004-09-03,2004-08-30,2004-09-03,787 LV,3.5,John Kerry,Unknown,52.8%,False,August 30–September 3
2004,State,Oregon,OR,,General,The Oregonian,2004-08-26 to 2004-09-01,2004-08-26,2004-09-01,507 LV,4.4,John Kerry,Unknown,45%,False,August 26–September 1
2004,State,Oregon,OR,,General,Wall Street Journal,2004-08-16 to 2004-08-21,2004-08-16,2004-08-21,708 LV,3.7,John Kerry,Unknown,53.9%,False,August 16–21
2004,State,Oregon,OR,,General,Wall Street Journal,2004-07-26 to 2004-07-30,2004-07-26,2004-07-30,644 LV,3.9,John Kerry,Unknown,49.9%,False,July 26–30
2004,State,Oregon,OR,,General,Wall Street Journal,2004-07-19 to 2004-07-23,2004-07-19,2004-07-23,637 LV,3.9,John Kerry,Unknown,52%,False,July 19–23
2004,State,Oregon,OR,,General,Wall Street Journal,2004-07-06 to 2004-07-10,2004-07-06,2004-07-10,575 LV,4.1,John Kerry,Unknown,51.6%,False,July 6–10
2004,State,Oregon,OR,,General,Wall Street Journal,2004-06-15 to 2004-06-20,2004-06-15,2004-06-20,638 LV,3.9,John Kerry,Unknown,50.9%,False,June 15–20
2004,State,Oregon,OR,,General,Wall Street Journal,2004-06-01 to 2004-06-06,2004-06-01,2004-06-06,666 LV,3.8,John Kerry,Unknown,50.5%,False,June 1–6
2004,State,Oregon,OR,,General,Moore Information,2004-05-31 to 2004-06-01,2004-05-31,2004-06-01,500 RV,4.0,John Kerry,Unknown,44%,False,May 31–June 1
2004,State,Oregon,OR,,General,Wall Street Journal,2004-05-18 to 2004-05-23,2004-05-18,2004-05-23,933 LV,3.2,John Kerry,Unknown,49.7%,False,May 18–23
2004,State,Oregon,OR,,General,American Research Group,2004-05-03 to 2004-05-05,2004-05-03,2004-05-05,600 LV,4.0,John Kerry,Unknown,45%,False,May 3–5
2004,State,Oregon,OR,,General,Rasmussen Reports,2004-04-25,2004-04-25,2004-04-25,500 LV,4.5,John Kerry,Unknown,43%,False,April 25
2004,State,Oregon,OR,,General,The Oregonian,2004-03-04,2004-03-04,2004-03-04,400 RV,5.0,John Kerry,Unknown,45%,False,March 4
2004,State,Oregon,OR,,General,Wall Street Journal,2004-10-25 to 2004-10-30,2004-10-25,2004-10-30,"1,125 LV",3.0,George W. Bush,Unknown,43.8%,False,October 25–30
2004,State,Oregon,OR,,General,Wall Street Journal,2004-10-13 to 2004-10-18,2004-10-13,2004-10-18,890 LV,3.3,George W. Bush,Unknown,42.6%,False,October 13–18
2004,State,Oregon,OR,,General,Riley Research Associates,2004-10-09 to 2004-10-13,2004-10-09,2004-10-13,400 LV,4.9,George W. Bush,Unknown,48%,False,October 9–13
2004,State,Oregon,OR,,General,Wall Street Journal,2004-09-30 to 2004-10-05,2004-09-30,2004-10-05,925 LV,3.2,George W. Bush,Unknown,43.7%,False,September 30–October 5
2004,State,Oregon,OR,,General,Wall Street Journal,2004-09-13 to 2004-09-17,2004-09-13,2004-09-17,809 LV,3.5,George W. Bush,Unknown,41.9%,False,September 13–17
2004,State,Oregon,OR,,General,MSNBC,2004-09-14 to 2004-09-16,2004-09-14,2004-09-16,625 LV,4.0,George W. Bush,Unknown,47%,False,September 14–16
2004,State,Oregon,OR,,General,American Research Group,2004-09-10 to 2004-09-13,2004-09-10,2004-09-13,600 LV,4.0,George W. Bush,Unknown,45%,False,September 10–13
2004,State,Oregon,OR,,General,Wall Street Journal,2004-08-30 to 2004-09-03,2004-08-30,2004-09-03,787 LV,3.5,George W. Bush,Unknown,43.1%,False,August 30–September 3
2004,State,Oregon,OR,,General,The Oregonian,2004-08-26 to 2004-09-01,2004-08-26,2004-09-01,507 LV,4.4,George W. Bush,Unknown,46%,False,August 26–September 1
2004,State,Oregon,OR,,General,Wall Street Journal,2004-08-16 to 2004-08-21,2004-08-16,2004-08-21,708 LV,3.7,George W. Bush,Unknown,42.6%,False,August 16–21
2004,State,Oregon,OR,,General,Wall Street Journal,2004-07-26 to 2004-07-30,2004-07-26,2004-07-30,644 LV,3.9,George W. Bush,Unknown,45.9%,False,July 26–30
2004,State,Oregon,OR,,General,Wall Street Journal,2004-07-19 to 2004-07-23,2004-07-19,2004-07-23,637 LV,3.9,George W. Bush,Unknown,42.8%,False,July 19–23
2004,State,Oregon,OR,,General,American Research Group,2004-07-19 to 2004-07-22,2004-07-19,2004-07-22,600 LV,4.0,George W. Bush,Unknown,42%,False,July 19–22
2004,State,Oregon,OR,,General,Wall Street Journal,2004-07-06 to 2004-07-10,2004-07-06,2004-07-10,575 LV,4.1,George W. Bush,Unknown,42.4%,False,July 6–10
2004,State,Oregon,OR,,General,Wall Street Journal,2004-06-15 to 2004-06-20,2004-06-15,2004-06-20,638 LV,3.9,George W. Bush,Unknown,44.3%,False,June 15–20
2004,State,Oregon,OR,,General,Wall Street Journal,2004-06-01 to 2004-06-06,2004-06-01,2004-06-06,666 LV,3.8,George W. Bush,Unknown,44.6%,False,June 1–6
2004,State,Oregon,OR,,General,Moore Information,2004-05-31 to 2004-06-01,2004-05-31,2004-06-01,500 RV,4.0,George W. Bush,Unknown,39%,False,May 31–June 1
2004,State,Oregon,OR,,General,Wall Street Journal,2004-05-18 to 2004-05-23,2004-05-18,2004-05-23,933 LV,3.2,George W. Bush,Unknown,44.3%,False,May 18–23
2004,State,Oregon,OR,,General,American Research Group,2004-05-03 to 2004-05-05,2004-05-03,2004-05-05,600 LV,4.0,George W. Bush,Unknown,45%,False,May 3–5
2004,State,Oregon,OR,,General,Rasmussen Reports,2004-04-25,2004-04-25,2004-04-25,500 LV,4.5,George W. Bush,Unknown,43%,False,April 25
2004,State,Oregon,OR,,General,The Oregonian,2004-03-04,2004-03-04,2004-03-04,400 RV,5.0,George W. Bush,Unknown,40%,False,March 4
2004,State,Oregon,OR,,General,Wall Street Journal,2004-10-25 to 2004-10-30,2004-10-25,2004-10-30,"1,125 LV",3.0,Ralph Nader,Unknown,0.5%,False,October 25–30
2004,State,Oregon,OR,,General,Wall Street Journal,2004-10-13 to 2004-10-18,2004-10-13,2004-10-18,890 LV,3.3,Ralph Nader,Unknown,0.3%,False,October 13–18
2004,State,Oregon,OR,,General,Riley Research Associates,2004-10-09 to 2004-10-13,2004-10-09,2004-10-13,400 LV,4.9,Ralph Nader,Unknown,1%,False,October 9–13
2004,State,Oregon,OR,,General,American Research Group,2004-10-09 to 2004-10-12,2004-10-09,2004-10-12,600 LV,4.0,Ralph Nader,Unknown,2%,False,October 9–12
2004,State,Oregon,OR,,General,Wall Street Journal,2004-09-30 to 2004-10-05,2004-09-30,2004-10-05,925 LV,3.2,Ralph Nader,Unknown,1.2%,False,September 30–October 5
2004,State,Oregon,OR,,General,Wall Street Journal,2004-09-13 to 2004-09-17,2004-09-13,2004-09-17,809 LV,3.5,Ralph Nader,Unknown,1.7%,False,September 13–17
2004,State,Oregon,OR,,General,MSNBC,2004-09-14 to 2004-09-16,2004-09-14,2004-09-16,625 LV,4.0,Ralph Nader,Unknown,1%,False,September 14–16
2004,State,Oregon,OR,,General,American Research Group,2004-09-10 to 2004-09-13,2004-09-10,2004-09-13,600 LV,4.0,Ralph Nader,Unknown,2%,False,September 10–13
2004,State,Oregon,OR,,General,Wall Street Journal,2004-08-30 to 2004-09-03,2004-08-30,2004-09-03,787 LV,3.5,Ralph Nader,Unknown,1.6%,False,August 30–September 3
2004,State,Oregon,OR,,General,The Oregonian,2004-08-26 to 2004-09-01,2004-08-26,2004-09-01,507 LV,4.4,Ralph Nader,Unknown,1%,False,August 26–September 1
2004,State,Oregon,OR,,General,Wall Street Journal,2004-08-16 to 2004-08-21,2004-08-16,2004-08-21,708 LV,3.7,Ralph Nader,Unknown,1.5%,False,August 16–21
2004,State,Oregon,OR,,General,Wall Street Journal,2004-07-26 to 2004-07-30,2004-07-26,2004-07-30,644 LV,3.9,Ralph Nader,Unknown,2%,False,July 26–30
2004,State,Oregon,OR,,General,Wall Street Journal,2004-07-19 to 2004-07-23,2004-07-19,2004-07-23,637 LV,3.9,Ralph Nader,Unknown,1.1%,False,July 19–23
2004,State,Oregon,OR,,General,American Research Group,2004-07-19 to 2004-07-22,2004-07-19,2004-07-22,600 LV,4.0,Ralph Nader,Unknown,4%,False,July 19–22
2004,State,Oregon,OR,,General,Wall Street Journal,2004-07-06 to 2004-07-10,2004-07-06,2004-07-10,575 LV,4.1,Ralph Nader,Unknown,2.3%,False,July 6–10
2004,State,Oregon,OR,,General,Wall Street Journal,2004-06-15 to 2004-06-20,2004-06-15,2004-06-20,638 LV,3.9,Ralph Nader,Unknown,1.2%,False,June 15–20
2004,State,Oregon,OR,,General,Wall Street Journal,2004-06-01 to 2004-06-06,2004-06-01,2004-06-06,666 LV,3.8,Ralph Nader,Unknown,1%,False,June 1–6
2004,State,Oregon,OR,,General,Moore Information,2004-05-31 to 2004-06-01,2004-05-31,2004-06-01,500 RV,4.0,Ralph Nader,Unknown,4%,False,May 31–June 1
2004,State,Oregon,OR,,General,Wall Street Journal,2004-05-18 to 2004-05-23,2004-05-18,2004-05-23,933 LV,3.2,Ralph Nader,Unknown,2.9%,False,May 18–23
2004,State,Oregon,OR,,General,American Research Group,2004-05-03 to 2004-05-05,2004-05-03,2004-05-05,600 LV,4.0,Ralph Nader,Unknown,5%,False,May 3–5
2004,State,Oregon,OR,,General,Rasmussen Reports,2004-04-25,2004-04-25,2004-04-25,500 LV,4.5,Ralph Nader,Unknown,8%,False,April 25
2004,State,Oregon,OR,,General,The Oregonian,2004-03-04,2004-03-04,2004-03-04,400 RV,5.0,Ralph Nader,Unknown,5%,False,March 4
2004,State,Pennsylvania,PA,,General,KDKA-TV Pittsburgh,2004-10-31 to 2004-11-01,2004-10-31,2004-11-01,657 LV,3.9,John Kerry,Unknown,49%,False,October 31–November 1
2004,State,Pennsylvania,PA,,General,Reuters,2004-10-29 to 2004-11-01,2004-10-29,2004-11-01,601 LV,4.1,John Kerry,Unknown,50%,False,October 29–November 1
2004,State,Pennsylvania,PA,,General,KDKA-TV Pittsburgh,2004-10-29 to 2004-10-31,2004-10-29,2004-10-31,766 LV,3.6,John Kerry,Unknown,51%,False,October 29–31
2004,State,Pennsylvania,PA,,General,CNN,2004-10-28 to 2004-10-31,2004-10-28,2004-10-31,"1,082 LV",3.0,John Kerry,Unknown,46%,False,October 28–31
2004,State,Pennsylvania,PA,,General,Quinnipiac University,2004-10-27 to 2004-10-31,2004-10-27,2004-10-31,"1,022 LV",3.1,John Kerry,Unknown,47%,False,October 27–31
2004,State,Pennsylvania,PA,,General,Rasmussen Reports,2004-10-25 to 2004-10-31,2004-10-25,2004-10-31,600 LV,4.0,John Kerry,Unknown,49%,False,October 25–31
2004,State,Pennsylvania,PA,,General,MSNBC,2004-10-27 to 2004-10-29,2004-10-27,2004-10-29,625 LV,4.0,John Kerry,Unknown,48%,False,October 27–29
2004,State,Pennsylvania,PA,,General,Reuters,2004-10-25 to 2004-10-28,2004-10-25,2004-10-28,603 LV,4.1,John Kerry,Unknown,47%,False,October 25–28
2004,State,Pennsylvania,PA,,General,WHYY,2004-10-23 to 2004-10-27,2004-10-23,2004-10-27,684 LV,3.7,John Kerry,Unknown,49.9%,False,October 23–27
2004,State,Pennsylvania,PA,,General,Philadelphia Inquirer,2004-10-22 to 2004-10-27,2004-10-22,2004-10-27,"1,488 LV",3.0,John Kerry,Unknown,48%,False,October 22–27
2004,State,Pennsylvania,PA,,General,CNN,2004-10-23 to 2004-10-26,2004-10-23,2004-10-26,670 LV,4.0,John Kerry,Unknown,50%,False,October 23–26
2004,State,Pennsylvania,PA,,General,Quinnipiac University,2004-10-22 to 2004-10-26,2004-10-22,2004-10-26,909 LV,3.3,John Kerry,Unknown,47%,False,October 22–26
2004,State,Pennsylvania,PA,,General,Los Angeles Times,2004-10-22 to 2004-10-26,2004-10-22,2004-10-26,585 LV,4.0,John Kerry,Unknown,48%,False,October 22–26
2004,State,Pennsylvania,PA,,General,KDKA-TV Pittsburgh,2004-10-23 to 2004-10-25,2004-10-23,2004-10-25,803 LV,3.5,John Kerry,Unknown,53%,False,October 23–25
2004,State,Pennsylvania,PA,,General,American Research Group,2004-10-23 to 2004-10-25,2004-10-23,2004-10-25,600 LV,4.0,John Kerry,Unknown,50%,False,October 23–25
2004,State,Pennsylvania,PA,,General,Reuters,2004-10-21 to 2004-10-24,2004-10-21,2004-10-24,603 LV,4.1,John Kerry,Unknown,47%,False,October 21–24
2004,State,Pennsylvania,PA,,General,Franklin & Marshall College,2004-10-19 to 2004-10-23,2004-10-19,2004-10-23,Not reported,,John Kerry,Unknown,51%,False,October 19–23
2004,State,Pennsylvania,PA,,General,Rasmussen Reports,2004-10-17 to 2004-10-23,2004-10-17,2004-10-23,424 LV,4.0,John Kerry,Unknown,49%,False,October 17–23
2004,State,Pennsylvania,PA,,General,Morning Call,2004-10-17 to 2004-10-22,2004-10-17,2004-10-22,787 RV,3.5,John Kerry,Unknown,48%,False,October 17–22
2004,State,Pennsylvania,PA,,General,Quinnipiac University,2004-10-16 to 2004-10-20,2004-10-16,2004-10-20,841 LV,3.4,John Kerry,Unknown,51%,False,October 16–20
2004,State,Pennsylvania,PA,,General,MSNBC,2004-10-15 to 2004-10-18,2004-10-15,2004-10-18,625 LV,4.0,John Kerry,Unknown,46%,False,October 15–18
2004,State,Pennsylvania,PA,,General,KDKA-TV Pittsburgh,2004-10-15 to 2004-10-17,2004-10-15,2004-10-17,619 LV,4.0,John Kerry,Unknown,51%,False,October 15–17
2004,State,Pennsylvania,PA,,General,Rasmussen Reports,2004-10-06 to 2004-10-12,2004-10-06,2004-10-12,578 LV,4.0,John Kerry,Unknown,47%,False,October 6–12
2004,State,Pennsylvania,PA,,General,Quinnipiac University,2004-10-09 to 2004-10-11,2004-10-09,2004-10-11,"1,343 LV",2.7,John Kerry,Unknown,49%,False,October 9–11
2004,State,Pennsylvania,PA,,General,American Research Group,2004-10-04 to 2004-10-06,2004-10-04,2004-10-06,600 LV,4.0,John Kerry,Unknown,49%,False,October 4–6
2004,State,Pennsylvania,PA,,General,KDKA-TV Pittsburgh,2004-10-03 to 2004-10-05,2004-10-03,2004-10-05,776 LV,3.6,John Kerry,Unknown,49%,False,October 3–5
2004,State,Pennsylvania,PA,,General,WHYY,2004-10-01 to 2004-10-04,2004-10-01,2004-10-04,600 LV,4.0,John Kerry,Unknown,50.3%,False,October 1–4
2004,State,Pennsylvania,PA,,General,Rasmussen Reports,2004-09-25 to 2004-10-01,2004-09-25,2004-10-01,578 LV,4.0,John Kerry,Unknown,47%,False,September 25–October 1
2004,State,Pennsylvania,PA,,General,CNN,2004-09-25 to 2004-09-28,2004-09-25,2004-09-28,654 LV,4.0,John Kerry,Unknown,47%,False,September 25–28
2004,State,Pennsylvania,PA,,General,Quinnipiac University,2004-09-22 to 2004-09-26,2004-09-22,2004-09-26,726 LV,3.6,John Kerry,Unknown,49%,False,September 22–26
2004,State,Pennsylvania,PA,,General,Philadelphia Inquirer,2004-09-17 to 2004-09-24,2004-09-17,2004-09-24,"1,133 LV",3.0,John Kerry,Unknown,49%,False,September 17–24
2004,State,Pennsylvania,PA,,General,Rasmussen Reports,2004-09-17 to 2004-09-23,2004-09-17,2004-09-23,Not reported,4.0,John Kerry,Unknown,46%,False,September 17–23
2004,State,Pennsylvania,PA,,General,Rasmussen Reports,2004-09-10 to 2004-09-16,2004-09-10,2004-09-16,Not reported,4.0,John Kerry,Unknown,48%,False,September 10–16
2004,State,Pennsylvania,PA,,General,Franklin & Marshall College,2004-09-08 to 2004-09-15,2004-09-08,2004-09-15,Not reported,,John Kerry,Unknown,49%,False,September 8–15
2004,State,Pennsylvania,PA,,General,Quinnipiac University,2004-09-11 to 2004-09-14,2004-09-11,2004-09-14,792 LV,3.5,John Kerry,Unknown,48%,False,September 11–14
2004,State,Pennsylvania,PA,,General,ABC News,2004-09-09 to 2004-09-12,2004-09-09,2004-09-12,Not reported,3.5,John Kerry,Unknown,48%,False,September 9–12
2004,State,Pennsylvania,PA,,General,Rasmussen Reports,2004-09-06 to 2004-09-12,2004-09-06,2004-09-12,526 LV,4.0,John Kerry,Unknown,48%,False,September 6–12
2004,State,Pennsylvania,PA,,General,KDKA-TV Pittsburgh,2004-09-07 to 2004-09-09,2004-09-07,2004-09-09,697 LV,3.8,John Kerry,Unknown,49%,False,September 7–9
2004,State,Pennsylvania,PA,,General,CNN,2004-09-04 to 2004-09-07,2004-09-04,2004-09-07,718 LV,4.0,John Kerry,Unknown,47%,False,September 4–7
2004,State,Pennsylvania,PA,,General,CNN,2004-08-23 to 2004-08-26,2004-08-23,2004-08-26,729 LV,5.0,John Kerry,Unknown,47%,False,August 23–26
2004,State,Pennsylvania,PA,,General,Rasmussen Reports,2004-08-01 to 2004-08-26,2004-08-01,2004-08-26,Not reported,4.0,John Kerry,Unknown,49%,False,August 1–26
2004,State,Pennsylvania,PA,,General,Quinnipiac University,2004-08-11 to 2004-08-16,2004-08-11,2004-08-16,"1,430 RV",2.6,John Kerry,Unknown,48%,False,August 11–16
2004,State,Pennsylvania,PA,,General,KDKA-TV Pittsburgh,2004-07-30 to 2004-08-02,2004-07-30,2004-08-02,748 LV,3.7,John Kerry,Unknown,53%,False,July 30–August 2
2004,State,Pennsylvania,PA,,General,Rasmussen Reports,2004-07-01 to 2004-07-31,2004-07-01,2004-07-31,Not reported,4.0,John Kerry,Unknown,46%,False,July 1–31
2004,State,Pennsylvania,PA,,General,Los Angeles Times,2004-07-19 to 2004-07-21,2004-07-19,2004-07-21,815 RV,4.0,John Kerry,Unknown,51%,False,July 19–21
2004,State,Pennsylvania,PA,,General,Quinnipiac University,2004-07-06 to 2004-07-11,2004-07-06,2004-07-11,"1,577 RV",2.5,John Kerry,Unknown,49%,False,July 6–11
2004,State,Pennsylvania,PA,,General,Rasmussen Reports,2004-06-01 to 2004-06-30,2004-06-01,2004-06-30,Not reported,4.0,John Kerry,Unknown,48%,False,June 1–30
2004,State,Pennsylvania,PA,,General,Fox News,2004-06-22 to 2004-06-23,2004-06-22,2004-06-23,700 RV,4.0,John Kerry,Unknown,44%,False,June 22–23
2004,State,Pennsylvania,PA,,General,Rasmussen Reports,2004-06-17 to 2004-06-23,2004-06-17,2004-06-23,Not reported,4.0,John Kerry,Unknown,48%,False,June 17–23
2004,State,Pennsylvania,PA,,General,Quinnipiac University,2004-06-21 to 2004-06-22,2004-06-21,2004-06-22,839 RV,3.4,John Kerry,Unknown,49%,False,June 21–22
2004,State,Pennsylvania,PA,,General,KDKA-TV Pittsburgh,2004-07-07 to 2004-07-09,2004-07-07,2004-07-09,684 LV,3.8,John Kerry,Unknown,47%,False,July 7–9
2004,State,Pennsylvania,PA,,General,National Republican Committee,2004-06-01 to 2004-06-06,2004-06-01,2004-06-06,"1,200 LV",2.83,John Kerry,Unknown,47.1%,False,June 1–6
2004,State,Pennsylvania,PA,,General,Rasmussen Reports,2004-05-01 to 2004-05-31,2004-05-01,2004-05-31,Not reported,4.0,John Kerry,Unknown,44%,False,May 1–31
2004,State,Pennsylvania,PA,,General,Quinnipiac University,2004-05-24 to 2004-05-25,2004-05-24,2004-05-25,701 RV,3.7,John Kerry,Unknown,45%,False,May 24–25
2004,State,Pennsylvania,PA,,General,Morning Call,2004-05-05 to 2004-05-14,2004-05-05,2004-05-14,400 RV,4.9,John Kerry,Unknown,48%,False,May 5–14
2004,State,Pennsylvania,PA,,General,"Bennett, Petts & Associates (D)",2004-05-02 to 2004-05-03,2004-05-02,2004-05-03,600 LV,4.0,John Kerry,Unknown,49%,False,May 2–3
2004,State,Pennsylvania,PA,,General,Quinnipiac University,2004-04-13 to 2004-04-19,2004-04-13,2004-04-19,769 RV,3.5,John Kerry,Unknown,42%,False,April 13–19
2004,State,Pennsylvania,PA,,General,Rasmussen Reports,2004-03-14 to 2004-03-16,2004-03-14,2004-03-16,500 LV,4.5,John Kerry,Unknown,46%,False,March 14–16
2004,State,Pennsylvania,PA,,General,Quinnipiac University,2004-03-09 to 2004-03-15,2004-03-09,2004-03-15,"1,022 RV",3.1,John Kerry,Unknown,45%,False,March 9–15
2004,State,Pennsylvania,PA,,General,KDKA-TV Pittsburgh,2004-03-08 to 2004-03-10,2004-03-08,2004-03-10,802 RV,3.5,John Kerry,Unknown,49%,False,March 8–10
2004,State,Pennsylvania,PA,,General,Mansfield University,2004-02-15 to 2004-03-03,2004-02-15,2004-03-03,Not reported,,John Kerry,Unknown,46.7%,False,February 15–March 3
2004,State,Pennsylvania,PA,,General,Franklin & Marshall College,2004-02-19 to 2004-02-22,2004-02-19,2004-02-22,532 RV,4.2,John Kerry,Unknown,47%,False,February 19–22
2004,State,Pennsylvania,PA,,General,Quinnipiac University,2004-02-10 to 2004-02-16,2004-02-10,2004-02-16,"1,356 RV",2.7,John Kerry,Unknown,50%,False,February 10–16
2004,State,Pennsylvania,PA,,General,Quinnipiac University,2004-12-11 to 2004-12-14,2004-12-11,2004-12-14,"1,092 RV",3.0,John Kerry,Unknown,42%,False,December 11–14
2004,State,Pennsylvania,PA,,General,Quinnipiac University,2003-10-09 to 2003-10-13,2003-10-09,2003-10-13,"1,116 RV",2.9,John Kerry,Unknown,43%,False,"October 9–13, 2003"
2004,State,Pennsylvania,PA,,General,Quinnipiac University,2003-07-30 to 2003-08-04,2003-07-30,2003-08-04,"1,037 RV",3.0,John Kerry,Unknown,37%,False,"July 30–August 4, 2003"
2004,State,Pennsylvania,PA,,General,KDKA-TV Pittsburgh,2004-10-31 to 2004-11-01,2004-10-31,2004-11-01,657 LV,3.9,George W. Bush,Unknown,48%,False,October 31–November 1
2004,State,Pennsylvania,PA,,General,Reuters,2004-10-29 to 2004-11-01,2004-10-29,2004-11-01,601 LV,4.1,George W. Bush,Unknown,46%,False,October 29–November 1
2004,State,Pennsylvania,PA,,General,KDKA-TV Pittsburgh,2004-10-29 to 2004-10-31,2004-10-29,2004-10-31,766 LV,3.6,George W. Bush,Unknown,47%,False,October 29–31
2004,State,Pennsylvania,PA,,General,CNN,2004-10-28 to 2004-10-31,2004-10-28,2004-10-31,"1,082 LV",3.0,George W. Bush,Unknown,50%,False,October 28–31
2004,State,Pennsylvania,PA,,General,Quinnipiac University,2004-10-27 to 2004-10-31,2004-10-27,2004-10-31,"1,022 LV",3.1,George W. Bush,Unknown,47%,False,October 27–31
2004,State,Pennsylvania,PA,,General,Rasmussen Reports,2004-10-25 to 2004-10-31,2004-10-25,2004-10-31,600 LV,4.0,George W. Bush,Unknown,47%,False,October 25–31
2004,State,Pennsylvania,PA,,General,MSNBC,2004-10-27 to 2004-10-29,2004-10-27,2004-10-29,625 LV,4.0,George W. Bush,Unknown,46%,False,October 27–29
2004,State,Pennsylvania,PA,,General,Reuters,2004-10-25 to 2004-10-28,2004-10-25,2004-10-28,603 LV,4.1,George W. Bush,Unknown,47%,False,October 25–28
2004,State,Pennsylvania,PA,,General,WHYY,2004-10-23 to 2004-10-27,2004-10-23,2004-10-27,684 LV,3.7,George W. Bush,Unknown,44.6%,False,October 23–27
2004,State,Pennsylvania,PA,,General,Philadelphia Inquirer,2004-10-22 to 2004-10-27,2004-10-22,2004-10-27,"1,488 LV",3.0,George W. Bush,Unknown,47%,False,October 22–27
2004,State,Pennsylvania,PA,,General,CNN,2004-10-23 to 2004-10-26,2004-10-23,2004-10-26,670 LV,4.0,George W. Bush,Unknown,47%,False,October 23–26
2004,State,Pennsylvania,PA,,General,Quinnipiac University,2004-10-22 to 2004-10-26,2004-10-22,2004-10-26,909 LV,3.3,George W. Bush,Unknown,49%,False,October 22–26
2004,State,Pennsylvania,PA,,General,Los Angeles Times,2004-10-22 to 2004-10-26,2004-10-22,2004-10-26,585 LV,4.0,George W. Bush,Unknown,48%,False,October 22–26
2004,State,Pennsylvania,PA,,General,KDKA-TV Pittsburgh,2004-10-23 to 2004-10-25,2004-10-23,2004-10-25,803 LV,3.5,George W. Bush,Unknown,45%,False,October 23–25
2004,State,Pennsylvania,PA,,General,American Research Group,2004-10-23 to 2004-10-25,2004-10-23,2004-10-25,600 LV,4.0,George W. Bush,Unknown,47%,False,October 23–25
2004,State,Pennsylvania,PA,,General,Reuters,2004-10-21 to 2004-10-24,2004-10-21,2004-10-24,603 LV,4.1,George W. Bush,Unknown,45%,False,October 21–24
2004,State,Pennsylvania,PA,,General,Franklin & Marshall College,2004-10-19 to 2004-10-23,2004-10-19,2004-10-23,Not reported,,George W. Bush,Unknown,46%,False,October 19–23
2004,State,Pennsylvania,PA,,General,Rasmussen Reports,2004-10-17 to 2004-10-23,2004-10-17,2004-10-23,424 LV,4.0,George W. Bush,Unknown,46%,False,October 17–23
2004,State,Pennsylvania,PA,,General,Morning Call,2004-10-17 to 2004-10-22,2004-10-17,2004-10-22,787 RV,3.5,George W. Bush,Unknown,46%,False,October 17–22
2004,State,Pennsylvania,PA,,General,Quinnipiac University,2004-10-16 to 2004-10-20,2004-10-16,2004-10-20,841 LV,3.4,George W. Bush,Unknown,46%,False,October 16–20
2004,State,Pennsylvania,PA,,General,MSNBC,2004-10-15 to 2004-10-18,2004-10-15,2004-10-18,625 LV,4.0,George W. Bush,Unknown,45%,False,October 15–18
2004,State,Pennsylvania,PA,,General,KDKA-TV Pittsburgh,2004-10-15 to 2004-10-17,2004-10-15,2004-10-17,619 LV,4.0,George W. Bush,Unknown,45%,False,October 15–17
2004,State,Pennsylvania,PA,,General,Rasmussen Reports,2004-10-06 to 2004-10-12,2004-10-06,2004-10-12,578 LV,4.0,George W. Bush,Unknown,46%,False,October 6–12
2004,State,Pennsylvania,PA,,General,Quinnipiac University,2004-10-09 to 2004-10-11,2004-10-09,2004-10-11,"1,343 LV",2.7,George W. Bush,Unknown,47%,False,October 9–11
2004,State,Pennsylvania,PA,,General,American Research Group,2004-10-04 to 2004-10-06,2004-10-04,2004-10-06,600 LV,4.0,George W. Bush,Unknown,46%,False,October 4–6
2004,State,Pennsylvania,PA,,General,KDKA-TV Pittsburgh,2004-10-03 to 2004-10-05,2004-10-03,2004-10-05,776 LV,3.6,George W. Bush,Unknown,47%,False,October 3–5
2004,State,Pennsylvania,PA,,General,WHYY,2004-10-01 to 2004-10-04,2004-10-01,2004-10-04,600 LV,4.0,George W. Bush,Unknown,43%,False,October 1–4
2004,State,Pennsylvania,PA,,General,Rasmussen Reports,2004-09-25 to 2004-10-01,2004-09-25,2004-10-01,578 LV,4.0,George W. Bush,Unknown,47%,False,September 25–October 1
2004,State,Pennsylvania,PA,,General,CNN,2004-09-25 to 2004-09-28,2004-09-25,2004-09-28,654 LV,4.0,George W. Bush,Unknown,50%,False,September 25–28
2004,State,Pennsylvania,PA,,General,Quinnipiac University,2004-09-22 to 2004-09-26,2004-09-22,2004-09-26,726 LV,3.6,George W. Bush,Unknown,46%,False,September 22–26
2004,State,Pennsylvania,PA,,General,Philadelphia Inquirer,2004-09-17 to 2004-09-24,2004-09-17,2004-09-24,"1,133 LV",3.0,George W. Bush,Unknown,47%,False,September 17–24
2004,State,Pennsylvania,PA,,General,Rasmussen Reports,2004-09-17 to 2004-09-23,2004-09-17,2004-09-23,Not reported,4.0,George W. Bush,Unknown,47%,False,September 17–23
2004,State,Pennsylvania,PA,,General,Rasmussen Reports,2004-09-10 to 2004-09-16,2004-09-10,2004-09-16,Not reported,4.0,George W. Bush,Unknown,46%,False,September 10–16
2004,State,Pennsylvania,PA,,General,Franklin & Marshall College,2004-09-08 to 2004-09-15,2004-09-08,2004-09-15,Not reported,,George W. Bush,Unknown,49%,False,September 8–15
2004,State,Pennsylvania,PA,,General,Quinnipiac University,2004-09-11 to 2004-09-14,2004-09-11,2004-09-14,792 LV,3.5,George W. Bush,Unknown,49%,False,September 11–14
2004,State,Pennsylvania,PA,,General,ABC News,2004-09-09 to 2004-09-12,2004-09-09,2004-09-12,Not reported,3.5,George W. Bush,Unknown,49%,False,September 9–12
2004,State,Pennsylvania,PA,,General,Rasmussen Reports,2004-09-06 to 2004-09-12,2004-09-06,2004-09-12,526 LV,4.0,George W. Bush,Unknown,49%,False,September 6–12
2004,State,Pennsylvania,PA,,General,KDKA-TV Pittsburgh,2004-09-07 to 2004-09-09,2004-09-07,2004-09-09,697 LV,3.8,George W. Bush,Unknown,47%,False,September 7–9
2004,State,Pennsylvania,PA,,General,CNN,2004-09-04 to 2004-09-07,2004-09-04,2004-09-07,718 LV,4.0,George W. Bush,Unknown,48%,False,September 4–7
2004,State,Pennsylvania,PA,,General,CNN,2004-08-23 to 2004-08-26,2004-08-23,2004-08-26,729 LV,5.0,George W. Bush,Unknown,48%,False,August 23–26
2004,State,Pennsylvania,PA,,General,Rasmussen Reports,2004-08-01 to 2004-08-26,2004-08-01,2004-08-26,Not reported,4.0,George W. Bush,Unknown,45%,False,August 1–26
2004,State,Pennsylvania,PA,,General,Quinnipiac University,2004-08-11 to 2004-08-16,2004-08-11,2004-08-16,"1,430 RV",2.6,George W. Bush,Unknown,43%,False,August 11–16
2004,State,Pennsylvania,PA,,General,KDKA-TV Pittsburgh,2004-07-30 to 2004-08-02,2004-07-30,2004-08-02,748 LV,3.7,George W. Bush,Unknown,41%,False,July 30–August 2
2004,State,Pennsylvania,PA,,General,Rasmussen Reports,2004-07-01 to 2004-07-31,2004-07-01,2004-07-31,Not reported,4.0,George W. Bush,Unknown,45%,False,July 1–31
2004,State,Pennsylvania,PA,,General,Los Angeles Times,2004-07-19 to 2004-07-21,2004-07-19,2004-07-21,815 RV,4.0,George W. Bush,Unknown,39%,False,July 19–21
2004,State,Pennsylvania,PA,,General,Quinnipiac University,2004-07-06 to 2004-07-11,2004-07-06,2004-07-11,"1,577 RV",2.5,George W. Bush,Unknown,42%,False,July 6–11
2004,State,Pennsylvania,PA,,General,Rasmussen Reports,2004-06-01 to 2004-06-30,2004-06-01,2004-06-30,Not reported,4.0,George W. Bush,Unknown,43%,False,June 1–30
2004,State,Pennsylvania,PA,,General,Fox News,2004-06-22 to 2004-06-23,2004-06-22,2004-06-23,700 RV,4.0,George W. Bush,Unknown,47%,False,June 22–23
2004,State,Pennsylvania,PA,,General,Rasmussen Reports,2004-06-17 to 2004-06-23,2004-06-17,2004-06-23,Not reported,4.0,George W. Bush,Unknown,43%,False,June 17–23
2004,State,Pennsylvania,PA,,General,Quinnipiac University,2004-06-21 to 2004-06-22,2004-06-21,2004-06-22,839 RV,3.4,George W. Bush,Unknown,43%,False,June 21–22
2004,State,Pennsylvania,PA,,General,KDKA-TV Pittsburgh,2004-07-07 to 2004-07-09,2004-07-07,2004-07-09,684 LV,3.8,George W. Bush,Unknown,46%,False,July 7–9
2004,State,Pennsylvania,PA,,General,National Republican Committee,2004-06-01 to 2004-06-06,2004-06-01,2004-06-06,"1,200 LV",2.83,George W. Bush,Unknown,45.6%,False,June 1–6
2004,State,Pennsylvania,PA,,General,Rasmussen Reports,2004-05-01 to 2004-05-31,2004-05-01,2004-05-31,Not reported,4.0,George W. Bush,Unknown,45%,False,May 1–31
2004,State,Pennsylvania,PA,,General,Quinnipiac University,2004-05-24 to 2004-05-25,2004-05-24,2004-05-25,701 RV,3.7,George W. Bush,Unknown,42%,False,May 24–25
2004,State,Pennsylvania,PA,,General,Morning Call,2004-05-05 to 2004-05-14,2004-05-05,2004-05-14,400 RV,4.9,George W. Bush,Unknown,43%,False,May 5–14
2004,State,Pennsylvania,PA,,General,"Bennett, Petts & Associates (D)",2004-05-02 to 2004-05-03,2004-05-02,2004-05-03,600 LV,4.0,George W. Bush,Unknown,43%,False,May 2–3
2004,State,Pennsylvania,PA,,General,Quinnipiac University,2004-04-13 to 2004-04-19,2004-04-13,2004-04-19,769 RV,3.5,George W. Bush,Unknown,46%,False,April 13–19
2004,State,Pennsylvania,PA,,General,Rasmussen Reports,2004-03-14 to 2004-03-16,2004-03-14,2004-03-16,500 LV,4.5,George W. Bush,Unknown,45%,False,March 14–16
2004,State,Pennsylvania,PA,,General,Quinnipiac University,2004-03-09 to 2004-03-15,2004-03-09,2004-03-15,"1,022 RV",3.1,George W. Bush,Unknown,44%,False,March 9–15
2004,State,Pennsylvania,PA,,General,KDKA-TV Pittsburgh,2004-03-08 to 2004-03-10,2004-03-08,2004-03-10,802 RV,3.5,George W. Bush,Unknown,47%,False,March 8–10
2004,State,Pennsylvania,PA,,General,Mansfield University,2004-02-15 to 2004-03-03,2004-02-15,2004-03-03,Not reported,,George W. Bush,Unknown,44.9%,False,February 15–March 3
2004,State,Pennsylvania,PA,,General,Franklin & Marshall College,2004-02-19 to 2004-02-22,2004-02-19,2004-02-22,532 RV,4.2,George W. Bush,Unknown,46%,False,February 19–22
2004,State,Pennsylvania,PA,,General,Quinnipiac University,2004-02-10 to 2004-02-16,2004-02-10,2004-02-16,"1,356 RV",2.7,George W. Bush,Unknown,45%,False,February 10–16
2004,State,Pennsylvania,PA,,General,Quinnipiac University,2004-12-11 to 2004-12-14,2004-12-11,2004-12-14,"1,092 RV",3.0,George W. Bush,Unknown,50%,False,December 11–14
2004,State,Pennsylvania,PA,,General,Quinnipiac University,2003-10-09 to 2003-10-13,2003-10-09,2003-10-13,"1,116 RV",2.9,George W. Bush,Unknown,50%,False,"October 9–13, 2003"
2004,State,Pennsylvania,PA,,General,Quinnipiac University,2003-07-30 to 2003-08-04,2003-07-30,2003-08-04,"1,037 RV",3.0,George W. Bush,Unknown,55%,False,"July 30–August 4, 2003"
2004,State,Pennsylvania,PA,,General,Wall Street Journal,2004-10-13 to 2004-10-18,2004-10-13,2004-10-18,"1,402 LV",2.6,John Kerry,Unknown,51.8%,False,October 13–18
2004,State,Pennsylvania,PA,,General,American Research Group,2004-10-04 to 2004-10-06,2004-10-04,2004-10-06,600 LV,4.0,John Kerry,Unknown,48%,False,October 4–6
2004,State,Pennsylvania,PA,,General,Wall Street Journal,2004-09-30 to 2004-10-05,2004-09-30,2004-10-05,"1,379 LV",2.6,John Kerry,Unknown,51.8%,False,September 30–October 5
2004,State,Pennsylvania,PA,,General,Franklin & Marshall College,2004-09-30 to 2004-10-04,2004-09-30,2004-10-04,Not reported,,John Kerry,Unknown,49%,False,September 30–October 4
2004,State,Pennsylvania,PA,,General,Pittsburgh Post-Gazette,2004-09-27 to 2004-09-28,2004-09-27,2004-09-28,625 LV,4.0,John Kerry,Unknown,45%,False,September 27–28
2004,State,Pennsylvania,PA,,General,CNN,2004-09-25 to 2004-09-28,2004-09-25,2004-09-28,654 LV,4.0,John Kerry,Unknown,46%,False,September 25–28
2004,State,Pennsylvania,PA,,General,Fox News,2004-09-21 to 2004-09-22,2004-09-21,2004-09-22,800 LV,3.5,John Kerry,Unknown,48%,False,September 21–22
2004,State,Pennsylvania,PA,,General,American Research Group,2004-09-15 to 2004-09-19,2004-09-15,2004-09-19,600 LV,4.0,John Kerry,Unknown,47%,False,September 15–19
2004,State,Pennsylvania,PA,,General,Wall Street Journal,2004-09-13 to 2004-09-17,2004-09-13,2004-09-17,"1,185 LV",2.9,John Kerry,Unknown,50.6%,False,September 13–17
2004,State,Pennsylvania,PA,,General,MSNBC,2004-09-14 to 2004-09-16,2004-09-14,2004-09-16,624 LV,4.0,John Kerry,Unknown,45%,False,September 14–16
2004,State,Pennsylvania,PA,,General,ABC News,2004-09-09 to 2004-09-12,2004-09-09,2004-09-12,Not reported,3.5,John Kerry,Unknown,46%,False,September 9–12
2004,State,Pennsylvania,PA,,General,Wall Street Journal,2004-08-30 to 2004-09-03,2004-08-30,2004-09-03,"1,090 LV",3.0,John Kerry,Unknown,49.5%,False,August 30–September 3
2004,State,Pennsylvania,PA,,General,IssuesPA,2004-08-13 to 2004-08-21,2004-08-13,2004-08-21,861 LV,4.0,John Kerry,Unknown,44%,False,August 13–21
2004,State,Pennsylvania,PA,,General,Wall Street Journal,2004-08-16 to 2004-08-21,2004-08-16,2004-08-21,901 LV,3.3,John Kerry,Unknown,52.3%,False,August 16–21
2004,State,Pennsylvania,PA,,General,Quinnipiac University,2004-08-11 to 2004-08-16,2004-08-11,2004-08-16,"1,430 RV",2.6,John Kerry,Unknown,47%,False,August 11–16
2004,State,Pennsylvania,PA,,General,Franklin & Marshall College,2004-08-02 to 2004-08-15,2004-08-02,2004-08-15,600 RV,3.8,John Kerry,Unknown,48%,False,August 2–15
2004,State,Pennsylvania,PA,,General,Wall Street Journal,2004-07-26 to 2004-07-30,2004-07-26,2004-07-30,932 LV,3.2,John Kerry,Unknown,52.7%,False,July 26–30
2004,State,Pennsylvania,PA,,General,Wall Street Journal,2004-07-19 to 2004-07-23,2004-07-19,2004-07-23,881 LV,3.3,John Kerry,Unknown,51.8%,False,July 19–23
2004,State,Pennsylvania,PA,,General,Los Angeles Times,2004-07-19 to 2004-07-21,2004-07-19,2004-07-21,815 RV,4.0,John Kerry,Unknown,48%,False,July 19–21
2004,State,Pennsylvania,PA,,General,Quinnipiac University,2004-07-06 to 2004-07-11,2004-07-06,2004-07-11,"1,577 RV",2.5,John Kerry,Unknown,46%,False,July 6–11
2004,State,Pennsylvania,PA,,General,Wall Street Journal,2004-07-06 to 2004-07-10,2004-07-06,2004-07-10,742 LV,3.6,John Kerry,Unknown,52.2%,False,July 6–10
2004,State,Pennsylvania,PA,,General,Fox News,2004-06-22 to 2004-06-23,2004-06-22,2004-06-23,750 RV,4.0,John Kerry,Unknown,41%,False,June 22–23
2004,State,Pennsylvania,PA,,General,Quinnipiac University,2004-06-21 to 2004-06-22,2004-06-21,2004-06-22,839 RV,3.4,John Kerry,Unknown,44%,False,June 21–22
2004,State,Pennsylvania,PA,,General,Wall Street Journal,2004-06-15 to 2004-06-20,2004-06-15,2004-06-20,834 LV,3.4,John Kerry,Unknown,51.7%,False,June 15–20
2004,State,Pennsylvania,PA,,General,Wall Street Journal,2004-06-01 to 2004-06-06,2004-06-01,2004-06-06,723 LV,3.6,John Kerry,Unknown,51.5%,False,June 1–6
2004,State,Pennsylvania,PA,,General,Quinnipiac University,2004-05-24 to 2004-05-25,2004-05-24,2004-05-25,701 RV,3.7,John Kerry,Unknown,44%,False,May 24–25
2004,State,Pennsylvania,PA,,General,Wall Street Journal,2004-05-18 to 2004-05-23,2004-05-18,2004-05-23,655 LV,3.8,John Kerry,Unknown,50.8%,False,May 18–23
2004,State,Pennsylvania,PA,,General,IssuesPA,2004-04-16 to 2004-04-25,2004-04-16,2004-04-25,867 RV,4.0,John Kerry,Unknown,42%,False,April 16–25
2004,State,Pennsylvania,PA,,General,Quinnipiac University,2004-04-13 to 2004-04-19,2004-04-13,2004-04-19,769 RV,3.5,John Kerry,Unknown,39%,False,April 13–19
2004,State,Pennsylvania,PA,,General,Franklin & Marshall College,2004-03-25 to 2004-03-29,2004-03-25,2004-03-29,565 RV,4.1,John Kerry,Unknown,40%,False,March 25–29
2004,State,Pennsylvania,PA,,General,Quinnipiac University,2004-03-09 to 2004-03-15,2004-03-09,2004-03-15,"1,022 RV",3.1,John Kerry,Unknown,40%,False,March 9–15
2004,State,Pennsylvania,PA,,General,Wall Street Journal,2004-10-13 to 2004-10-18,2004-10-13,2004-10-18,"1,402 LV",2.6,George W. Bush,Unknown,46.1%,False,October 13–18
2004,State,Pennsylvania,PA,,General,Wall Street Journal,2004-09-30 to 2004-10-05,2004-09-30,2004-10-05,"1,379 LV",2.6,George W. Bush,Unknown,46.4%,False,September 30–October 5
2004,State,Pennsylvania,PA,,General,Franklin & Marshall College,2004-09-30 to 2004-10-04,2004-09-30,2004-10-04,Not reported,,George W. Bush,Unknown,43%,False,September 30–October 4
2004,State,Pennsylvania,PA,,General,Pittsburgh Post-Gazette,2004-09-27 to 2004-09-28,2004-09-27,2004-09-28,625 LV,4.0,George W. Bush,Unknown,44%,False,September 27–28
2004,State,Pennsylvania,PA,,General,CNN,2004-09-25 to 2004-09-28,2004-09-25,2004-09-28,654 LV,4.0,George W. Bush,Unknown,49%,False,September 25–28
2004,State,Pennsylvania,PA,,General,Fox News,2004-09-21 to 2004-09-22,2004-09-21,2004-09-22,800 LV,3.5,George W. Bush,Unknown,45%,False,September 21–22
2004,State,Pennsylvania,PA,,General,American Research Group,2004-09-15 to 2004-09-19,2004-09-15,2004-09-19,600 LV,4.0,George W. Bush,Unknown,46%,False,September 15–19
2004,State,Pennsylvania,PA,,General,Wall Street Journal,2004-09-13 to 2004-09-17,2004-09-13,2004-09-17,"1,185 LV",2.9,George W. Bush,Unknown,47.5%,False,September 13–17
2004,State,Pennsylvania,PA,,General,MSNBC,2004-09-14 to 2004-09-16,2004-09-14,2004-09-16,624 LV,4.0,George W. Bush,Unknown,44%,False,September 14–16
2004,State,Pennsylvania,PA,,General,Wall Street Journal,2004-08-30 to 2004-09-03,2004-08-30,2004-09-03,"1,090 LV",3.0,George W. Bush,Unknown,46.7%,False,August 30–September 3
2004,State,Pennsylvania,PA,,General,CNN,2004-08-23 to 2004-08-26,2004-08-23,2004-08-26,729 LV,5.0,George W. Bush,Unknown,47%,False,August 23–26
2004,State,Pennsylvania,PA,,General,IssuesPA,2004-08-13 to 2004-08-21,2004-08-13,2004-08-21,861 LV,4.0,George W. Bush,Unknown,45%,False,August 13–21
2004,State,Pennsylvania,PA,,General,Wall Street Journal,2004-08-16 to 2004-08-21,2004-08-16,2004-08-21,901 LV,3.3,George W. Bush,Unknown,44%,False,August 16–21
2004,State,Pennsylvania,PA,,General,Quinnipiac University,2004-08-11 to 2004-08-16,2004-08-11,2004-08-16,"1,430 RV",2.6,George W. Bush,Unknown,42%,False,August 11–16
2004,State,Pennsylvania,PA,,General,Franklin & Marshall College,2004-08-02 to 2004-08-15,2004-08-02,2004-08-15,600 RV,3.8,George W. Bush,Unknown,42%,False,August 2–15
2004,State,Pennsylvania,PA,,General,Wall Street Journal,2004-07-26 to 2004-07-30,2004-07-26,2004-07-30,932 LV,3.2,George W. Bush,Unknown,44.7%,False,July 26–30
2004,State,Pennsylvania,PA,,General,Wall Street Journal,2004-07-19 to 2004-07-23,2004-07-19,2004-07-23,881 LV,3.3,George W. Bush,Unknown,45.3%,False,July 19–23
2004,State,Pennsylvania,PA,,General,Los Angeles Times,2004-07-19 to 2004-07-21,2004-07-19,2004-07-21,815 RV,4.0,George W. Bush,Unknown,38%,False,July 19–21
2004,State,Pennsylvania,PA,,General,Quinnipiac University,2004-07-06 to 2004-07-11,2004-07-06,2004-07-11,"1,577 RV",2.5,George W. Bush,Unknown,41%,False,July 6–11
2004,State,Pennsylvania,PA,,General,Wall Street Journal,2004-07-06 to 2004-07-10,2004-07-06,2004-07-10,742 LV,3.6,George W. Bush,Unknown,44.9%,False,July 6–10
2004,State,Pennsylvania,PA,,General,Fox News,2004-06-22 to 2004-06-23,2004-06-22,2004-06-23,750 RV,4.0,George W. Bush,Unknown,46%,False,June 22–23
2004,State,Pennsylvania,PA,,General,Wall Street Journal,2004-06-15 to 2004-06-20,2004-06-15,2004-06-20,834 LV,3.4,George W. Bush,Unknown,44.7%,False,June 15–20
2004,State,Pennsylvania,PA,,General,Wall Street Journal,2004-06-01 to 2004-06-06,2004-06-01,2004-06-06,723 LV,3.6,George W. Bush,Unknown,44.9%,False,June 1–6
2004,State,Pennsylvania,PA,,General,Quinnipiac University,2004-05-24 to 2004-05-25,2004-05-24,2004-05-25,701 RV,3.7,George W. Bush,Unknown,41%,False,May 24–25
2004,State,Pennsylvania,PA,,General,Wall Street Journal,2004-05-18 to 2004-05-23,2004-05-18,2004-05-23,655 LV,3.8,George W. Bush,Unknown,42.6%,False,May 18–23
2004,State,Pennsylvania,PA,,General,IssuesPA,2004-04-16 to 2004-04-25,2004-04-16,2004-04-25,867 RV,4.0,George W. Bush,Unknown,42%,False,April 16–25
2004,State,Pennsylvania,PA,,General,Quinnipiac University,2004-04-13 to 2004-04-19,2004-04-13,2004-04-19,769 RV,3.5,George W. Bush,Unknown,45%,False,April 13–19
2004,State,Pennsylvania,PA,,General,Franklin & Marshall College,2004-03-25 to 2004-03-29,2004-03-25,2004-03-29,565 RV,4.1,George W. Bush,Unknown,46%,False,March 25–29
2004,State,Pennsylvania,PA,,General,Wall Street Journal,2004-10-13 to 2004-10-18,2004-10-13,2004-10-18,"1,402 LV",2.6,Ralph Nader,Unknown,0.4%,False,October 13–18
2004,State,Pennsylvania,PA,,General,American Research Group,2004-10-04 to 2004-10-06,2004-10-04,2004-10-06,600 LV,4.0,Ralph Nader,Unknown,1%,False,October 4–6
2004,State,Pennsylvania,PA,,General,Wall Street Journal,2004-09-30 to 2004-10-05,2004-09-30,2004-10-05,"1,379 LV",2.6,Ralph Nader,Unknown,0.2%,False,September 30–October 5
2004,State,Pennsylvania,PA,,General,Franklin & Marshall College,2004-09-30 to 2004-10-04,2004-09-30,2004-10-04,Not reported,,Ralph Nader,Unknown,3%,False,September 30–October 4
2004,State,Pennsylvania,PA,,General,Pittsburgh Post-Gazette,2004-09-27 to 2004-09-28,2004-09-27,2004-09-28,625 LV,4.0,Ralph Nader,Unknown,2%,False,September 27–28
2004,State,Pennsylvania,PA,,General,CNN,2004-09-25 to 2004-09-28,2004-09-25,2004-09-28,654 LV,4.0,Ralph Nader,Unknown,1%,False,September 25–28
2004,State,Pennsylvania,PA,,General,Fox News,2004-09-21 to 2004-09-22,2004-09-21,2004-09-22,800 LV,3.5,Ralph Nader,Unknown,1%,False,September 21–22
2004,State,Pennsylvania,PA,,General,American Research Group,2004-09-15 to 2004-09-19,2004-09-15,2004-09-19,600 LV,4.0,Ralph Nader,Unknown,1%,False,September 15–19
2004,State,Pennsylvania,PA,,General,Wall Street Journal,2004-09-13 to 2004-09-17,2004-09-13,2004-09-17,"1,185 LV",2.9,Ralph Nader,Unknown,0.1%,False,September 13–17
2004,State,Pennsylvania,PA,,General,MSNBC,2004-09-14 to 2004-09-16,2004-09-14,2004-09-16,624 LV,4.0,Ralph Nader,Unknown,1%,False,September 14–16
2004,State,Pennsylvania,PA,,General,ABC News,2004-09-09 to 2004-09-12,2004-09-09,2004-09-12,Not reported,3.5,Ralph Nader,Unknown,2%,False,September 9–12
2004,State,Pennsylvania,PA,,General,Wall Street Journal,2004-08-30 to 2004-09-03,2004-08-30,2004-09-03,"1,090 LV",3.0,Ralph Nader,Unknown,1%,False,August 30–September 3
2004,State,Pennsylvania,PA,,General,CNN,2004-08-23 to 2004-08-26,2004-08-23,2004-08-26,729 LV,5.0,Ralph Nader,Unknown,2%,False,August 23–26
2004,State,Pennsylvania,PA,,General,IssuesPA,2004-08-13 to 2004-08-21,2004-08-13,2004-08-21,861 LV,4.0,Ralph Nader,Unknown,3%,False,August 13–21
2004,State,Pennsylvania,PA,,General,Wall Street Journal,2004-08-16 to 2004-08-21,2004-08-16,2004-08-21,901 LV,3.3,Ralph Nader,Unknown,1%,False,August 16–21
2004,State,Pennsylvania,PA,,General,Quinnipiac University,2004-08-11 to 2004-08-16,2004-08-11,2004-08-16,"1,430 RV",2.6,Ralph Nader,Unknown,4%,False,August 11–16
2004,State,Pennsylvania,PA,,General,Franklin & Marshall College,2004-08-02 to 2004-08-15,2004-08-02,2004-08-15,600 RV,3.8,Ralph Nader,Unknown,3%,False,August 2–15
2004,State,Pennsylvania,PA,,General,Wall Street Journal,2004-07-26 to 2004-07-30,2004-07-26,2004-07-30,932 LV,3.2,Ralph Nader,Unknown,0.7%,False,July 26–30
2004,State,Pennsylvania,PA,,General,Wall Street Journal,2004-07-19 to 2004-07-23,2004-07-19,2004-07-23,881 LV,3.3,Ralph Nader,Unknown,0.9%,False,July 19–23
2004,State,Pennsylvania,PA,,General,Los Angeles Times,2004-07-19 to 2004-07-21,2004-07-19,2004-07-21,815 RV,4.0,Ralph Nader,Unknown,5%,False,July 19–21
2004,State,Pennsylvania,PA,,General,Quinnipiac University,2004-07-06 to 2004-07-11,2004-07-06,2004-07-11,"1,577 RV",2.5,Ralph Nader,Unknown,5%,False,July 6–11
2004,State,Pennsylvania,PA,,General,Wall Street Journal,2004-07-06 to 2004-07-10,2004-07-06,2004-07-10,742 LV,3.6,Ralph Nader,Unknown,0.9%,False,July 6–10
2004,State,Pennsylvania,PA,,General,Fox News,2004-06-22 to 2004-06-23,2004-06-22,2004-06-23,750 RV,4.0,Ralph Nader,Unknown,3%,False,June 22–23
2004,State,Pennsylvania,PA,,General,Quinnipiac University,2004-06-21 to 2004-06-22,2004-06-21,2004-06-22,839 RV,3.4,Ralph Nader,Unknown,7%,False,June 21–22
2004,State,Pennsylvania,PA,,General,Wall Street Journal,2004-06-15 to 2004-06-20,2004-06-15,2004-06-20,834 LV,3.4,Ralph Nader,Unknown,1.5%,False,June 15–20
2004,State,Pennsylvania,PA,,General,Wall Street Journal,2004-06-01 to 2004-06-06,2004-06-01,2004-06-06,723 LV,3.6,Ralph Nader,Unknown,0.7%,False,June 1–6
2004,State,Pennsylvania,PA,,General,Quinnipiac University,2004-05-24 to 2004-05-25,2004-05-24,2004-05-25,701 RV,3.7,Ralph Nader,Unknown,6%,False,May 24–25
2004,State,Pennsylvania,PA,,General,Wall Street Journal,2004-05-18 to 2004-05-23,2004-05-18,2004-05-23,655 LV,3.8,Ralph Nader,Unknown,1.8%,False,May 18–23
2004,State,Pennsylvania,PA,,General,IssuesPA,2004-04-16 to 2004-04-25,2004-04-16,2004-04-25,867 RV,4.0,Ralph Nader,Unknown,5%,False,April 16–25
2004,State,Pennsylvania,PA,,General,Quinnipiac University,2004-04-13 to 2004-04-19,2004-04-13,2004-04-19,769 RV,3.5,Ralph Nader,Unknown,8%,False,April 13–19
2004,State,Pennsylvania,PA,,General,Franklin & Marshall College,2004-03-25 to 2004-03-29,2004-03-25,2004-03-29,565 RV,4.1,Ralph Nader,Unknown,3%,False,March 25–29
2004,State,Pennsylvania,PA,,General,Quinnipiac University,2004-03-09 to 2004-03-15,2004-03-09,2004-03-15,"1,022 RV",3.1,Ralph Nader,Unknown,7%,False,March 9–15
2004,State,Rhode Island,RI,,General,WLNE-TV Providence,2004-10-25 to 2004-10-27,2004-10-25,2004-10-27,594 LV,4.1,John Kerry,Unknown,54%,False,October 25–27
2004,State,Rhode Island,RI,,General,WLNE-TV Providence,2004-10-09 to 2004-10-11,2004-10-09,2004-10-11,603 LV,4.1,John Kerry,Unknown,56%,False,October 9–11
2004,State,Rhode Island,RI,,General,WLNE-TV Providence,2004-09-18 to 2004-09-20,2004-09-18,2004-09-20,705 LV,3.8,John Kerry,Unknown,55%,False,September 18–20
2004,State,Rhode Island,RI,,General,Brown University,2004-02-07 to 2004-02-09,2004-02-07,2004-02-09,455 RV,5.0,John Kerry,Unknown,53%,False,February 7–9
2004,State,Rhode Island,RI,,General,Brown University,2003-09-13 to 2003-09-15,2003-09-13,2003-09-15,367 RV,5.0,John Kerry,Unknown,39%,False,"September 13–15, 2003"
2004,State,Rhode Island,RI,,General,WLNE-TV Providence,2004-10-25 to 2004-10-27,2004-10-25,2004-10-27,594 LV,4.1,George W. Bush,Unknown,31%,False,October 25–27
2004,State,Rhode Island,RI,,General,WLNE-TV Providence,2004-10-09 to 2004-10-11,2004-10-09,2004-10-11,603 LV,4.1,George W. Bush,Unknown,36%,False,October 9–11
2004,State,Rhode Island,RI,,General,WLNE-TV Providence,2004-09-18 to 2004-09-20,2004-09-18,2004-09-20,705 LV,3.8,George W. Bush,Unknown,37%,False,September 18–20
2004,State,Rhode Island,RI,,General,Brown University,2004-02-07 to 2004-02-09,2004-02-07,2004-02-09,455 RV,5.0,George W. Bush,Unknown,31%,False,February 7–9
2004,State,Rhode Island,RI,,General,Brown University,2003-09-13 to 2003-09-15,2003-09-13,2003-09-15,367 RV,5.0,George W. Bush,Unknown,36%,False,"September 13–15, 2003"
2004,State,Rhode Island,RI,,General,American Research Group,2004-09-11 to 2004-09-13,2004-09-11,2004-09-13,600 LV,4.0,John Kerry,Unknown,58%,False,September 11–13
2004,State,Rhode Island,RI,,General,Brown University,2004-06-12 to 2004-06-14,2004-06-12,2004-06-14,477 RV,5.0,John Kerry,Unknown,49%,False,June 12–14
2004,State,Rhode Island,RI,,General,American Research Group,2004-09-11 to 2004-09-13,2004-09-11,2004-09-13,600 LV,4.0,George W. Bush,Unknown,30%,False,September 11–13
2004,State,Rhode Island,RI,,General,Brown University,2004-06-12 to 2004-06-14,2004-06-12,2004-06-14,477 RV,5.0,George W. Bush,Unknown,25%,False,June 12–14
2004,State,Rhode Island,RI,,General,American Research Group,2004-09-11 to 2004-09-13,2004-09-11,2004-09-13,600 LV,4.0,Ralph Nader,Unknown,4%,False,September 11–13
2004,State,Rhode Island,RI,,General,Brown University,2004-06-12 to 2004-06-14,2004-06-12,2004-06-14,477 RV,5.0,Ralph Nader,Unknown,5%,False,June 12–14
2004,State,South Carolina,SC,,General,WCSC-TV Charleston,2004-10-29 to 2004-10-31,2004-10-29,2004-10-31,635 LV,4.0,John Kerry,Unknown,43%,False,October 29–31
2004,State,South Carolina,SC,,General,Rasmussen Reports,2004-10-24 to 2004-10-30,2004-10-24,2004-10-30,Not reported,5.0,John Kerry,Unknown,41%,False,October 24–30
2004,State,South Carolina,SC,,General,WCSC-TV Charleston,2004-10-22 to 2004-10-24,2004-10-22,2004-10-24,564 LV,4.2,John Kerry,Unknown,39%,False,October 22–24
2004,State,South Carolina,SC,,General,Post and Courier,2004-10-19 to 2004-10-20,2004-10-19,2004-10-20,625 LV,4.0,John Kerry,Unknown,40%,False,October 19–20
2004,State,South Carolina,SC,,General,WCSC-TV Charleston,2004-10-10 to 2004-10-12,2004-10-10,2004-10-12,563 LV,4.2,John Kerry,Unknown,42%,False,October 10–12
2004,State,South Carolina,SC,,General,Rasmussen Reports,2004-09-30 to 2004-10-06,2004-09-30,2004-10-06,Not reported,5.0,John Kerry,Unknown,42%,False,September 30–October 6
2004,State,South Carolina,SC,,General,Post and Courier,2004-09-27 to 2004-09-29,2004-09-27,2004-09-29,625 LV,4.0,John Kerry,Unknown,37%,False,September 27–29
2004,State,South Carolina,SC,,General,DeMint for Senate,2004-09-25 to 2004-09-26,2004-09-25,2004-09-26,500 LV,4.4,John Kerry,Unknown,32%,False,September 25–26
2004,State,South Carolina,SC,,General,Rasmussen Reports,2004-09-17 to 2004-09-23,2004-09-17,2004-09-23,Not reported,5.0,John Kerry,Unknown,42%,False,September 17–23
2004,State,South Carolina,SC,,General,WCSC-TV Charleston,2004-09-19 to 2004-09-21,2004-09-19,2004-09-21,684 LV,3.8,John Kerry,Unknown,38%,False,September 19–21
2004,State,South Carolina,SC,,General,Rasmussen Reports,2004-09-10 to 2004-09-16,2004-09-10,2004-09-16,Not reported,5.0,John Kerry,Unknown,44%,False,September 10–16
2004,State,South Carolina,SC,,General,DeMint for Senate,2004-09-08 to 2004-09-09,2004-09-08,2004-09-09,600 LV,4.0,John Kerry,Unknown,42%,False,September 8–9
2004,State,South Carolina,SC,,General,Tenenbaum for Senate,2004-09-07 to 2004-09-09,2004-09-07,2004-09-09,600 LV,4.0,John Kerry,Unknown,38%,False,September 7–9
2004,State,South Carolina,SC,,General,Rasmussen Reports,2004-08-01 to 2004-08-26,2004-08-01,2004-08-26,Not reported,5.0,John Kerry,Unknown,43%,False,August 1–26
2004,State,South Carolina,SC,,General,WCSC-TV Charleston,2004-08-16 to 2004-08-18,2004-08-16,2004-08-18,727 LV,3.7,John Kerry,Unknown,42%,False,August 16–18
2004,State,South Carolina,SC,,General,WCSC-TV Charleston,2004-07-10 to 2004-07-12,2004-07-10,2004-07-12,710 LV,,John Kerry,Unknown,44%,False,July 10–12
2004,State,South Carolina,SC,,General,Rasmussen Reports,2004-06-01 to 2004-06-30,2004-06-01,2004-06-30,Not reported,5.0,John Kerry,Unknown,36%,False,June 1–30
2004,State,South Carolina,SC,,General,DeMint for Senate,2004-06-28 to 2004-06-29,2004-06-28,2004-06-29,600 LV,4.0,John Kerry,Unknown,40%,False,June 28–29
2004,State,South Carolina,SC,,General,Rasmussen Reports,2004-05-01 to 2004-05-31,2004-05-01,2004-05-31,Not reported,5.0,John Kerry,Unknown,39%,False,May 1–31
2004,State,South Carolina,SC,,General,WCSC-TV Charleston,2004-10-29 to 2004-10-31,2004-10-29,2004-10-31,635 LV,4.0,George W. Bush,Unknown,54%,False,October 29–31
2004,State,South Carolina,SC,,General,Rasmussen Reports,2004-10-24 to 2004-10-30,2004-10-24,2004-10-30,Not reported,5.0,George W. Bush,Unknown,55%,False,October 24–30
2004,State,South Carolina,SC,,General,WCSC-TV Charleston,2004-10-22 to 2004-10-24,2004-10-22,2004-10-24,564 LV,4.2,George W. Bush,Unknown,57%,False,October 22–24
2004,State,South Carolina,SC,,General,Post and Courier,2004-10-19 to 2004-10-20,2004-10-19,2004-10-20,625 LV,4.0,George W. Bush,Unknown,53%,False,October 19–20
2004,State,South Carolina,SC,,General,WCSC-TV Charleston,2004-10-10 to 2004-10-12,2004-10-10,2004-10-12,563 LV,4.2,George W. Bush,Unknown,55%,False,October 10–12
2004,State,South Carolina,SC,,General,Rasmussen Reports,2004-09-30 to 2004-10-06,2004-09-30,2004-10-06,Not reported,5.0,George W. Bush,Unknown,53%,False,September 30–October 6
2004,State,South Carolina,SC,,General,Post and Courier,2004-09-27 to 2004-09-29,2004-09-27,2004-09-29,625 LV,4.0,George W. Bush,Unknown,55%,False,September 27–29
2004,State,South Carolina,SC,,General,DeMint for Senate,2004-09-25 to 2004-09-26,2004-09-25,2004-09-26,500 LV,4.4,George W. Bush,Unknown,59%,False,September 25–26
2004,State,South Carolina,SC,,General,Rasmussen Reports,2004-09-17 to 2004-09-23,2004-09-17,2004-09-23,Not reported,5.0,George W. Bush,Unknown,51%,False,September 17–23
2004,State,South Carolina,SC,,General,WCSC-TV Charleston,2004-09-19 to 2004-09-21,2004-09-19,2004-09-21,684 LV,3.8,George W. Bush,Unknown,58%,False,September 19–21
2004,State,South Carolina,SC,,General,Rasmussen Reports,2004-09-10 to 2004-09-16,2004-09-10,2004-09-16,Not reported,5.0,George W. Bush,Unknown,50%,False,September 10–16
2004,State,South Carolina,SC,,General,DeMint for Senate,2004-09-08 to 2004-09-09,2004-09-08,2004-09-09,600 LV,4.0,George W. Bush,Unknown,54%,False,September 8–9
2004,State,South Carolina,SC,,General,Tenenbaum for Senate,2004-09-07 to 2004-09-09,2004-09-07,2004-09-09,600 LV,4.0,George W. Bush,Unknown,54%,False,September 7–9
2004,State,South Carolina,SC,,General,Rasmussen Reports,2004-08-01 to 2004-08-26,2004-08-01,2004-08-26,Not reported,5.0,George W. Bush,Unknown,52%,False,August 1–26
2004,State,South Carolina,SC,,General,WCSC-TV Charleston,2004-08-16 to 2004-08-18,2004-08-16,2004-08-18,727 LV,3.7,George W. Bush,Unknown,53%,False,August 16–18
2004,State,South Carolina,SC,,General,WCSC-TV Charleston,2004-07-10 to 2004-07-12,2004-07-10,2004-07-12,710 LV,,George W. Bush,Unknown,51%,False,July 10–12
2004,State,South Carolina,SC,,General,Rasmussen Reports,2004-06-01 to 2004-06-30,2004-06-01,2004-06-30,Not reported,5.0,George W. Bush,Unknown,53%,False,June 1–30
2004,State,South Carolina,SC,,General,DeMint for Senate,2004-06-28 to 2004-06-29,2004-06-28,2004-06-29,600 LV,4.0,George W. Bush,Unknown,55%,False,June 28–29
2004,State,South Carolina,SC,,General,Rasmussen Reports,2004-05-01 to 2004-05-31,2004-05-01,2004-05-31,Not reported,5.0,George W. Bush,Unknown,49%,False,May 1–31
2004,State,South Carolina,SC,,General,American Research Group,2004-09-14 to 2004-09-16,2004-09-14,2004-09-16,600 LV,4.0,John Kerry,Unknown,40%,False,September 14–16
2004,State,South Carolina,SC,,General,American Research Group,2004-09-14 to 2004-09-16,2004-09-14,2004-09-16,600 LV,4.0,George W. Bush,Unknown,52%,False,September 14–16
2004,State,South Carolina,SC,,General,American Research Group,2004-09-14 to 2004-09-16,2004-09-14,2004-09-16,600 LV,4.0,Ralph Nader,Unknown,1%,False,September 14–16
2004,State,South Dakota,SD,,General,Rasmussen Reports,2004-10-25,2004-10-25,2004-10-25,500 LV,4.5,John Kerry,Unknown,42%,False,October 25
2004,State,South Dakota,SD,,General,KELOLAND-TV,2004-10-19 to 2004-10-21,2004-10-19,2004-10-21,800 LV,3.5,John Kerry,Unknown,36%,False,October 19–21
2004,State,South Dakota,SD,,General,Rasmussen Reports,2004-10-12,2004-10-12,2004-10-12,500 LV,4.5,John Kerry,Unknown,42%,False,October 12
2004,State,South Dakota,SD,,General,Rasmussen Reports,2004-09-29,2004-09-29,2004-09-29,500 LV,4.5,John Kerry,Unknown,40%,False,September 29
2004,State,South Dakota,SD,,General,Rasmussen Reports,2004-09-08,2004-09-08,2004-09-08,500 LV,4.5,John Kerry,Unknown,41%,False,September 8
2004,State,South Dakota,SD,,General,KELOLAND-TV,2004-02-05 to 2004-02-07,2004-02-05,2004-02-07,800 RV,3.5,John Kerry,Unknown,39%,False,February 5–7
2004,State,South Dakota,SD,,General,Rasmussen Reports,2004-10-25,2004-10-25,2004-10-25,500 LV,4.5,George W. Bush,Unknown,54%,False,October 25
2004,State,South Dakota,SD,,General,KELOLAND-TV,2004-10-19 to 2004-10-21,2004-10-19,2004-10-21,800 LV,3.5,George W. Bush,Unknown,55%,False,October 19–21
2004,State,South Dakota,SD,,General,Rasmussen Reports,2004-10-12,2004-10-12,2004-10-12,500 LV,4.5,George W. Bush,Unknown,52%,False,October 12
2004,State,South Dakota,SD,,General,Rasmussen Reports,2004-09-29,2004-09-29,2004-09-29,500 LV,4.5,George W. Bush,Unknown,52%,False,September 29
2004,State,South Dakota,SD,,General,Rasmussen Reports,2004-09-08,2004-09-08,2004-09-08,500 LV,4.5,George W. Bush,Unknown,54%,False,September 8
2004,State,South Dakota,SD,,General,KELOLAND-TV,2004-02-05 to 2004-02-07,2004-02-05,2004-02-07,800 RV,3.5,George W. Bush,Unknown,50%,False,February 5–7
2004,State,South Dakota,SD,,General,National Republican Senatorial Committee,2004-10-21 to 2004-10-24,2004-10-21,2004-10-24,400 LV,4.9,John Kerry,Unknown,32.5%,False,"October 21, 24"
2004,State,South Dakota,SD,,General,Rapid City Journal,2004-09-24 to 2004-09-28,2004-09-24,2004-09-28,500 LV,4.5,John Kerry,Unknown,29%,False,September 24–28
2004,State,South Dakota,SD,,General,KELOLAND-TV,2004-09-20 to 2004-09-22,2004-09-20,2004-09-22,800 LV,3.5,John Kerry,Unknown,37%,False,September 20–22
2004,State,South Dakota,SD,,General,American Research Group,2004-09-08 to 2004-09-12,2004-09-08,2004-09-12,600 LV,4.0,John Kerry,Unknown,39%,False,September 8–12
2004,State,South Dakota,SD,,General,KOTA-TV,2004-05-19 to 2004-05-21,2004-05-19,2004-05-21,500 LV,4.0,John Kerry,Unknown,34%,False,May 19–21
2004,State,South Dakota,SD,,General,KELOLAND-TV,2004-05-10 to 2004-05-14,2004-05-10,2004-05-14,800 RV,3.5,John Kerry,Unknown,35%,False,May 10–14
2004,State,South Dakota,SD,,General,National Republican Senatorial Committee,2004-10-21 to 2004-10-24,2004-10-21,2004-10-24,400 LV,4.9,George W. Bush,Unknown,54.5%,False,"October 21, 24"
2004,State,South Dakota,SD,,General,Rapid City Journal,2004-09-24 to 2004-09-28,2004-09-24,2004-09-28,500 LV,4.5,George W. Bush,Unknown,57%,False,September 24–28
2004,State,South Dakota,SD,,General,KELOLAND-TV,2004-09-20 to 2004-09-22,2004-09-20,2004-09-22,800 LV,3.5,George W. Bush,Unknown,50%,False,September 20–22
2004,State,South Dakota,SD,,General,American Research Group,2004-09-08 to 2004-09-12,2004-09-08,2004-09-12,600 LV,4.0,George W. Bush,Unknown,58%,False,September 8–12
2004,State,South Dakota,SD,,General,KOTA-TV,2004-05-19 to 2004-05-21,2004-05-19,2004-05-21,500 LV,4.0,George W. Bush,Unknown,48%,False,May 19–21
2004,State,South Dakota,SD,,General,KELOLAND-TV,2004-05-10 to 2004-05-14,2004-05-10,2004-05-14,800 RV,3.5,George W. Bush,Unknown,51%,False,May 10–14
2004,State,South Dakota,SD,,General,National Republican Senatorial Committee,2004-10-21 to 2004-10-24,2004-10-21,2004-10-24,400 LV,4.9,Ralph Nader,Unknown,1.5%,False,"October 21, 24"
2004,State,South Dakota,SD,,General,Rapid City Journal,2004-09-24 to 2004-09-28,2004-09-24,2004-09-28,500 LV,4.5,Ralph Nader,Unknown,2%,False,September 24–28
2004,State,South Dakota,SD,,General,KELOLAND-TV,2004-09-20 to 2004-09-22,2004-09-20,2004-09-22,800 LV,3.5,Ralph Nader,Unknown,2%,False,September 20–22
2004,State,South Dakota,SD,,General,American Research Group,2004-09-08 to 2004-09-12,2004-09-08,2004-09-12,600 LV,4.0,Ralph Nader,Unknown,1%,False,September 8–12
2004,State,South Dakota,SD,,General,KOTA-TV,2004-05-19 to 2004-05-21,2004-05-19,2004-05-21,500 LV,4.0,Ralph Nader,Unknown,6%,False,May 19–21
2004,State,South Dakota,SD,,General,KELOLAND-TV,2004-05-10 to 2004-05-14,2004-05-10,2004-05-14,800 RV,3.5,Ralph Nader,Unknown,4%,False,May 10–14
2004,State,Tennessee,TN,,General,WBIR-TV Knoxville,2004-10-28 to 2004-10-30,2004-10-28,2004-10-30,629 LV,4.0,John Kerry,Unknown,40%,False,October 28–30
2004,State,Tennessee,TN,,General,University of Tennessee,2004-10-07 to 2004-10-20,2004-10-07,2004-10-20,656 RV,3.8,John Kerry,Unknown,37%,False,October 7–20
2004,State,Tennessee,TN,,General,WBIR-TV Knoxville,2004-10-17 to 2004-10-19,2004-10-17,2004-10-19,615 LV,4.0,John Kerry,Unknown,38%,False,October 17–19
2004,State,Tennessee,TN,,General,Middle Tennessee State University,2004-10-04 to 2004-10-15,2004-10-04,2004-10-15,624 A,4.0,John Kerry,Unknown,39%,False,October 4–15
2004,State,Tennessee,TN,,General,WBIR-TV Knoxville,2004-10-03 to 2004-10-05,2004-10-03,2004-10-05,637 LV,4.0,John Kerry,Unknown,39%,False,October 3–5
2004,State,Tennessee,TN,,General,Rasmussen Reports,2004-09-16 to 2004-09-29,2004-09-16,2004-09-29,500 LV,4.5,John Kerry,Unknown,44%,False,September 16–29
2004,State,Tennessee,TN,,General,WBIR-TV Knoxville,2004-09-20 to 2004-09-22,2004-09-20,2004-09-22,601 LV,4.1,John Kerry,Unknown,41%,False,September 20–22
2004,State,Tennessee,TN,,General,WBIR-TV Knoxville,2004-07-31 to 2004-08-02,2004-07-31,2004-08-02,586 LV,4.2,John Kerry,Unknown,46%,False,July 31–August 2
2004,State,Tennessee,TN,,General,WBIR-TV Knoxville,2004-06-19 to 2004-06-21,2004-06-19,2004-06-21,700 LV,3.8,John Kerry,Unknown,41%,False,June 19–21
2004,State,Tennessee,TN,,General,Rasmussen Reports,2004-06-16,2004-06-16,2004-06-16,500 LV,4.5,John Kerry,Unknown,41%,False,June 16
2004,State,Tennessee,TN,,General,National Republican Committee,2004-06-01 to 2004-06-06,2004-06-01,2004-06-06,800 LV,3.46,John Kerry,Unknown,41.6%,False,June 1–6
2004,State,Tennessee,TN,,General,SurveyUSA,2004-03-20 to 2004-03-22,2004-03-20,2004-03-22,678 LV,3.9,John Kerry,Unknown,41%,False,March 20–22
2004,State,Tennessee,TN,,General,Middle Tennessee State University,2004-02-16 to 2004-02-28,2004-02-16,2004-02-28,701 A,4.0,John Kerry,Unknown,44%,False,February 16–28
2004,State,Tennessee,TN,,General,The Tennessean,2004-01-28 to 2004-01-29,2004-01-28,2004-01-29,400 RV,5.0,John Kerry,Unknown,43%,False,January 28–29
2004,State,Tennessee,TN,,General,WBIR-TV Knoxville,2004-10-28 to 2004-10-30,2004-10-28,2004-10-30,629 LV,4.0,George W. Bush,Unknown,58%,False,October 28–30
2004,State,Tennessee,TN,,General,University of Tennessee,2004-10-07 to 2004-10-20,2004-10-07,2004-10-20,656 RV,3.8,George W. Bush,Unknown,54%,False,October 7–20
2004,State,Tennessee,TN,,General,WBIR-TV Knoxville,2004-10-17 to 2004-10-19,2004-10-17,2004-10-19,615 LV,4.0,George W. Bush,Unknown,60%,False,October 17–19
2004,State,Tennessee,TN,,General,Middle Tennessee State University,2004-10-04 to 2004-10-15,2004-10-04,2004-10-15,624 A,4.0,George W. Bush,Unknown,50%,False,October 4–15
2004,State,Tennessee,TN,,General,WBIR-TV Knoxville,2004-10-03 to 2004-10-05,2004-10-03,2004-10-05,637 LV,4.0,George W. Bush,Unknown,58%,False,October 3–5
2004,State,Tennessee,TN,,General,Rasmussen Reports,2004-09-16 to 2004-09-29,2004-09-16,2004-09-29,500 LV,4.5,George W. Bush,Unknown,52%,False,September 16–29
2004,State,Tennessee,TN,,General,WBIR-TV Knoxville,2004-09-20 to 2004-09-22,2004-09-20,2004-09-22,601 LV,4.1,George W. Bush,Unknown,55%,False,September 20–22
2004,State,Tennessee,TN,,General,WBIR-TV Knoxville,2004-07-31 to 2004-08-02,2004-07-31,2004-08-02,586 LV,4.2,George W. Bush,Unknown,48%,False,July 31–August 2
2004,State,Tennessee,TN,,General,WBIR-TV Knoxville,2004-06-19 to 2004-06-21,2004-06-19,2004-06-21,700 LV,3.8,George W. Bush,Unknown,51%,False,June 19–21
2004,State,Tennessee,TN,,General,Rasmussen Reports,2004-06-16,2004-06-16,2004-06-16,500 LV,4.5,George W. Bush,Unknown,49%,False,June 16
2004,State,Tennessee,TN,,General,National Republican Committee,2004-06-01 to 2004-06-06,2004-06-01,2004-06-06,800 LV,3.46,George W. Bush,Unknown,52.3%,False,June 1–6
2004,State,Tennessee,TN,,General,SurveyUSA,2004-03-20 to 2004-03-22,2004-03-20,2004-03-22,678 LV,3.9,George W. Bush,Unknown,52%,False,March 20–22
2004,State,Tennessee,TN,,General,Middle Tennessee State University,2004-02-16 to 2004-02-28,2004-02-16,2004-02-28,701 A,4.0,George W. Bush,Unknown,48%,False,February 16–28
2004,State,Tennessee,TN,,General,The Tennessean,2004-01-28 to 2004-01-29,2004-01-28,2004-01-29,400 RV,5.0,George W. Bush,Unknown,47%,False,January 28–29
2004,State,Tennessee,TN,,General,Wall Street Journal,2004-10-25 to 2004-10-30,2004-10-25,2004-10-30,"1,210 LV",2.8,John Kerry,Unknown,47.1%,False,October 25–30
2004,State,Tennessee,TN,,General,The Tennessean,2004-10-19 to 2004-10-21,2004-10-19,2004-10-21,625 LV,4.0,John Kerry,Unknown,41%,False,October 19–21
2004,State,Tennessee,TN,,General,Wall Street Journal,2004-10-13 to 2004-10-18,2004-10-13,2004-10-18,992 LV,3.1,John Kerry,Unknown,47.8%,False,October 13–18
2004,State,Tennessee,TN,,General,Wall Street Journal,2004-09-30 to 2004-10-05,2004-09-30,2004-10-05,983 LV,3.1,John Kerry,Unknown,47.8%,False,September 30–October 5
2004,State,Tennessee,TN,,General,American Research Group,2004-09-16 to 2004-09-18,2004-09-16,2004-09-18,600 LV,4.0,John Kerry,Unknown,43%,False,September 16–18
2004,State,Tennessee,TN,,General,Wall Street Journal,2004-09-13 to 2004-09-17,2004-09-13,2004-09-17,943 LV,3.2,John Kerry,Unknown,45.9%,False,September 13–17
2004,State,Tennessee,TN,,General,The Tennessean,2004-09-11 to 2004-09-14,2004-09-11,2004-09-14,625 LV,4.0,John Kerry,Unknown,37%,False,September 11–14
2004,State,Tennessee,TN,,General,Wall Street Journal,2004-08-30 to 2004-09-03,2004-08-30,2004-09-03,916 LV,3.2,John Kerry,Unknown,43.6%,False,August 30−September 3
2004,State,Tennessee,TN,,General,Wall Street Journal,2004-08-16 to 2004-08-21,2004-08-16,2004-08-21,768 LV,3.5,John Kerry,Unknown,49.6%,False,August 16–21
2004,State,Tennessee,TN,,General,Wall Street Journal,2004-07-26 to 2004-07-30,2004-07-26,2004-07-30,821 LV,3.4,John Kerry,Unknown,49.3%,False,July 26–30
2004,State,Tennessee,TN,,General,Wall Street Journal,2004-07-19 to 2004-07-23,2004-07-19,2004-07-23,791 LV,3.5,John Kerry,Unknown,49.1%,False,July 19–23
2004,State,Tennessee,TN,,General,Wall Street Journal,2004-07-06 to 2004-07-10,2004-07-06,2004-07-10,708 LV,3.7,John Kerry,Unknown,47.5%,False,July 6–10
2004,State,Tennessee,TN,,General,Wall Street Journal,2004-06-15 to 2004-06-20,2004-06-15,2004-06-20,786 LV,3.5,John Kerry,Unknown,38.6%,False,June 15–20
2004,State,Tennessee,TN,,General,Wall Street Journal,2004-06-01 to 2004-06-06,2004-06-01,2004-06-06,715 LV,3.7,John Kerry,Unknown,42.6%,False,June 1–6
2004,State,Tennessee,TN,,General,Wall Street Journal,2004-05-18 to 2004-05-23,2004-05-18,2004-05-23,"1,057 LV",3.0,John Kerry,Unknown,46.8%,False,May 18–23
2004,State,Tennessee,TN,,General,Wall Street Journal,2004-10-25 to 2004-10-30,2004-10-25,2004-10-30,"1,210 LV",2.8,George W. Bush,Unknown,50.4%,False,October 25–30
2004,State,Tennessee,TN,,General,The Tennessean,2004-10-19 to 2004-10-21,2004-10-19,2004-10-21,625 LV,4.0,George W. Bush,Unknown,53%,False,October 19–21
2004,State,Tennessee,TN,,General,Wall Street Journal,2004-10-13 to 2004-10-18,2004-10-13,2004-10-18,992 LV,3.1,George W. Bush,Unknown,50.3%,False,October 13–18
2004,State,Tennessee,TN,,General,Wall Street Journal,2004-09-30 to 2004-10-05,2004-09-30,2004-10-05,983 LV,3.1,George W. Bush,Unknown,48.7%,False,September 30–October 5
2004,State,Tennessee,TN,,General,American Research Group,2004-09-16 to 2004-09-18,2004-09-16,2004-09-18,600 LV,4.0,George W. Bush,Unknown,50%,False,September 16–18
2004,State,Tennessee,TN,,General,Wall Street Journal,2004-09-13 to 2004-09-17,2004-09-13,2004-09-17,943 LV,3.2,George W. Bush,Unknown,51.4%,False,September 13–17
2004,State,Tennessee,TN,,General,The Tennessean,2004-09-11 to 2004-09-14,2004-09-11,2004-09-14,625 LV,4.0,George W. Bush,Unknown,53%,False,September 11–14
2004,State,Tennessee,TN,,General,Wall Street Journal,2004-08-30 to 2004-09-03,2004-08-30,2004-09-03,916 LV,3.2,George W. Bush,Unknown,53.2%,False,August 30−September 3
2004,State,Tennessee,TN,,General,Wall Street Journal,2004-08-16 to 2004-08-21,2004-08-16,2004-08-21,768 LV,3.5,George W. Bush,Unknown,47.7%,False,August 16–21
2004,State,Tennessee,TN,,General,Wall Street Journal,2004-07-26 to 2004-07-30,2004-07-26,2004-07-30,821 LV,3.4,George W. Bush,Unknown,47.5%,False,July 26–30
2004,State,Tennessee,TN,,General,Wall Street Journal,2004-07-19 to 2004-07-23,2004-07-19,2004-07-23,791 LV,3.5,George W. Bush,Unknown,46.9%,False,July 19–23
2004,State,Tennessee,TN,,General,Wall Street Journal,2004-07-06 to 2004-07-10,2004-07-06,2004-07-10,708 LV,3.7,George W. Bush,Unknown,47.5%,False,July 6–10
2004,State,Tennessee,TN,,General,Wall Street Journal,2004-06-15 to 2004-06-20,2004-06-15,2004-06-20,786 LV,3.5,George W. Bush,Unknown,57.4%,False,June 15–20
2004,State,Tennessee,TN,,General,Wall Street Journal,2004-06-01 to 2004-06-06,2004-06-01,2004-06-06,715 LV,3.7,George W. Bush,Unknown,54.3%,False,June 1–6
2004,State,Tennessee,TN,,General,Wall Street Journal,2004-05-18 to 2004-05-23,2004-05-18,2004-05-23,"1,057 LV",3.0,George W. Bush,Unknown,49.3%,False,May 18–23
2004,State,Tennessee,TN,,General,Wall Street Journal,2004-10-25 to 2004-10-30,2004-10-25,2004-10-30,"1,210 LV",2.8,Ralph Nader,Unknown,0.4%,False,October 25–30
2004,State,Tennessee,TN,,General,The Tennessean,2004-10-19 to 2004-10-21,2004-10-19,2004-10-21,625 LV,4.0,Ralph Nader,Unknown,1%,False,October 19–21
2004,State,Tennessee,TN,,General,Wall Street Journal,2004-10-13 to 2004-10-18,2004-10-13,2004-10-18,992 LV,3.1,Ralph Nader,Unknown,0.1%,False,October 13–18
2004,State,Tennessee,TN,,General,Wall Street Journal,2004-09-30 to 2004-10-05,2004-09-30,2004-10-05,983 LV,3.1,Ralph Nader,Unknown,0%,False,September 30–October 5
2004,State,Tennessee,TN,,General,American Research Group,2004-09-16 to 2004-09-18,2004-09-16,2004-09-18,600 LV,4.0,Ralph Nader,Unknown,1%,False,September 16–18
2004,State,Tennessee,TN,,General,Wall Street Journal,2004-09-13 to 2004-09-17,2004-09-13,2004-09-17,943 LV,3.2,Ralph Nader,Unknown,0.1%,False,September 13–17
2004,State,Tennessee,TN,,General,The Tennessean,2004-09-11 to 2004-09-14,2004-09-11,2004-09-14,625 LV,4.0,Ralph Nader,Unknown,1%,False,September 11–14
2004,State,Tennessee,TN,,General,Wall Street Journal,2004-08-30 to 2004-09-03,2004-08-30,2004-09-03,916 LV,3.2,Ralph Nader,Unknown,0.4%,False,August 30−September 3
2004,State,Tennessee,TN,,General,Wall Street Journal,2004-08-16 to 2004-08-21,2004-08-16,2004-08-21,768 LV,3.5,Ralph Nader,Unknown,0.3%,False,August 16–21
2004,State,Tennessee,TN,,General,Wall Street Journal,2004-07-26 to 2004-07-30,2004-07-26,2004-07-30,821 LV,3.4,Ralph Nader,Unknown,0.6%,False,July 26–30
2004,State,Tennessee,TN,,General,Wall Street Journal,2004-07-19 to 2004-07-23,2004-07-19,2004-07-23,791 LV,3.5,Ralph Nader,Unknown,0.6%,False,July 19–23
2004,State,Tennessee,TN,,General,Wall Street Journal,2004-07-06 to 2004-07-10,2004-07-06,2004-07-10,708 LV,3.7,Ralph Nader,Unknown,0.9%,False,July 6–10
2004,State,Tennessee,TN,,General,Wall Street Journal,2004-06-15 to 2004-06-20,2004-06-15,2004-06-20,786 LV,3.5,Ralph Nader,Unknown,0.8%,False,June 15–20
2004,State,Tennessee,TN,,General,Wall Street Journal,2004-06-01 to 2004-06-06,2004-06-01,2004-06-06,715 LV,3.7,Ralph Nader,Unknown,1%,False,June 1–6
2004,State,Tennessee,TN,,General,Wall Street Journal,2004-05-18 to 2004-05-23,2004-05-18,2004-05-23,"1,057 LV",3.0,Ralph Nader,Unknown,0.6%,False,May 18–23
2004,State,Texas,TX,,General,KPRC-TV Houston,2004-10-26 to 2004-10-28,2004-10-26,2004-10-28,602 LV,4.1,John Kerry,Unknown,37%,False,October 26–28
2004,State,Texas,TX,,General,Scripps Howard,2004-10-11 to 2004-10-28,2004-10-11,2004-10-28,Not reported,,John Kerry,Unknown,32%,False,October 11–28
2004,State,Texas,TX,,General,KPRC-TV Houston,2004-10-09 to 2004-10-11,2004-10-09,2004-10-11,598 LV,4.1,John Kerry,Unknown,37%,False,October 9–11
2004,State,Texas,TX,,General,KPRC-TV Houston,2004-09-19 to 2004-09-21,2004-09-19,2004-09-21,642 LV,3.9,John Kerry,Unknown,37%,False,September 19–21
2004,State,Texas,TX,,General,Scripps Howard,2004-08-09 to 2004-08-26,2004-08-09,2004-08-26,Not reported,,John Kerry,Unknown,33%,False,August 9–26
2004,State,Texas,TX,,General,Rasmussen Reports,2004-08-01 to 2004-08-26,2004-08-01,2004-08-26,Not reported,3.0,John Kerry,Unknown,38%,False,August 1–26
2004,State,Texas,TX,,General,KPRC-TV Houston,2004-08-20 to 2004-08-22,2004-08-20,2004-08-22,705 LV,3.7,John Kerry,Unknown,37%,False,August 20–22
2004,State,Texas,TX,,General,Rasmussen Reports,2004-06-01 to 2004-06-30,2004-06-01,2004-06-30,Not reported,3.0,John Kerry,Unknown,37%,False,June 1–30
2004,State,Texas,TX,,General,Rasmussen Reports,2004-05-01 to 2004-05-31,2004-05-01,2004-05-31,Not reported,3.0,John Kerry,Unknown,38%,False,May 1–31
2004,State,Texas,TX,,General,Scripps Howard,2004-05-03 to 2004-05-15,2004-05-03,2004-05-15,"1,000 A",3.0,John Kerry,Unknown,29%,False,May 3–15
2004,State,Texas,TX,,General,KPRC-TV Houston,2004-10-26 to 2004-10-28,2004-10-26,2004-10-28,602 LV,4.1,George W. Bush,Unknown,59%,False,October 26–28
2004,State,Texas,TX,,General,Scripps Howard,2004-10-11 to 2004-10-28,2004-10-11,2004-10-28,Not reported,,George W. Bush,Unknown,58%,False,October 11–28
2004,State,Texas,TX,,General,KPRC-TV Houston,2004-10-09 to 2004-10-11,2004-10-09,2004-10-11,598 LV,4.1,George W. Bush,Unknown,60%,False,October 9–11
2004,State,Texas,TX,,General,KPRC-TV Houston,2004-09-19 to 2004-09-21,2004-09-19,2004-09-21,642 LV,3.9,George W. Bush,Unknown,58%,False,September 19–21
2004,State,Texas,TX,,General,Scripps Howard,2004-08-09 to 2004-08-26,2004-08-09,2004-08-26,Not reported,,George W. Bush,Unknown,57%,False,August 9–26
2004,State,Texas,TX,,General,Rasmussen Reports,2004-08-01 to 2004-08-26,2004-08-01,2004-08-26,Not reported,3.0,George W. Bush,Unknown,57%,False,August 1–26
2004,State,Texas,TX,,General,KPRC-TV Houston,2004-08-20 to 2004-08-22,2004-08-20,2004-08-22,705 LV,3.7,George W. Bush,Unknown,58%,False,August 20–22
2004,State,Texas,TX,,General,Rasmussen Reports,2004-06-01 to 2004-06-30,2004-06-01,2004-06-30,Not reported,3.0,George W. Bush,Unknown,55%,False,June 1–30
2004,State,Texas,TX,,General,Rasmussen Reports,2004-05-01 to 2004-05-31,2004-05-01,2004-05-31,Not reported,3.0,George W. Bush,Unknown,55%,False,May 1–31
2004,State,Texas,TX,,General,Scripps Howard,2004-05-03 to 2004-05-15,2004-05-03,2004-05-15,"1,000 A",3.0,George W. Bush,Unknown,58%,False,May 3–15
2004,State,Texas,TX,,General,American Research Group,2004-09-16 to 2004-09-20,2004-09-16,2004-09-20,600 LV,4.0,John Kerry,Unknown,36%,False,September 16–20
2004,State,Texas,TX,,General,American Research Group,2004-09-16 to 2004-09-20,2004-09-16,2004-09-20,600 LV,4.0,George W. Bush,Unknown,58%,False,September 16–20
2004,State,Texas,TX,,General,American Research Group,2004-09-16 to 2004-09-20,2004-09-16,2004-09-20,600 LV,4.0,Ralph Nader,Unknown,1%,False,September 16–20
2004,State,Utah,UT,,General,Deseret Morning News,2004-02-19,2004-02-19,2004-02-19,404 A,5.0,John Kerry,Unknown,31%,False,February 19
2004,State,Utah,UT,,General,Deseret Morning News,2004-02-19,2004-02-19,2004-02-19,404 A,5.0,George W. Bush,Unknown,64%,False,February 19
2004,State,Utah,UT,,General,Deseret Morning News,2004-10-21 to 2004-10-28,2004-10-21,2004-10-28,"1,228 RV",2.8,John Kerry,Unknown,24%,False,October 21–28
2004,State,Utah,UT,,General,Salt Lake Tribune,2004-10-21 to 2004-10-26,2004-10-21,2004-10-26,"1,200 RV",2.8,John Kerry,Unknown,23.3%,False,October 21–26
2004,State,Utah,UT,,General,American Research Group,2004-09-10 to 2004-09-13,2004-09-10,2004-09-13,600 LV,4.0,John Kerry,Unknown,27%,False,September 10–13
2004,State,Utah,UT,,General,Deseret Morning News,2004-09-06 to 2004-09-09,2004-09-06,2004-09-09,915 RV,3.3,John Kerry,Unknown,25%,False,September 6–9
2004,State,Utah,UT,,General,Deseret Morning News,2004-05-10 to 2004-05-13,2004-05-10,2004-05-13,923 A,3.2,John Kerry,Unknown,22%,False,May 10–13
2004,State,Utah,UT,,General,Deseret Morning News,2004-10-21 to 2004-10-28,2004-10-21,2004-10-28,"1,228 RV",2.8,George W. Bush,Unknown,69%,False,October 21–28
2004,State,Utah,UT,,General,Salt Lake Tribune,2004-10-21 to 2004-10-26,2004-10-21,2004-10-26,"1,200 RV",2.8,George W. Bush,Unknown,68.3%,False,October 21–26
2004,State,Utah,UT,,General,American Research Group,2004-09-10 to 2004-09-13,2004-09-10,2004-09-13,600 LV,4.0,George W. Bush,Unknown,64%,False,September 10–13
2004,State,Utah,UT,,General,Deseret Morning News,2004-09-06 to 2004-09-09,2004-09-06,2004-09-09,915 RV,3.3,George W. Bush,Unknown,65%,False,September 6–9
2004,State,Utah,UT,,General,Deseret Morning News,2004-05-10 to 2004-05-13,2004-05-10,2004-05-13,923 A,3.2,George W. Bush,Unknown,67%,False,May 10–13
2004,State,Utah,UT,,General,Deseret Morning News,2004-10-21 to 2004-10-28,2004-10-21,2004-10-28,"1,228 RV",2.8,Ralph Nader,Unknown,1%,False,October 21–28
2004,State,Utah,UT,,General,Salt Lake Tribune,2004-10-21 to 2004-10-26,2004-10-21,2004-10-26,"1,200 RV",2.8,Ralph Nader,Unknown,2.3%,False,October 21–26
2004,State,Utah,UT,,General,American Research Group,2004-09-10 to 2004-09-13,2004-09-10,2004-09-13,600 LV,4.0,Ralph Nader,Unknown,4%,False,September 10–13
2004,State,Utah,UT,,General,Deseret Morning News,2004-09-06 to 2004-09-09,2004-09-06,2004-09-09,915 RV,3.3,Ralph Nader,Unknown,2%,False,September 6–9
2004,State,Utah,UT,,General,Deseret Morning News,2004-05-10 to 2004-05-13,2004-05-10,2004-05-13,923 A,3.2,Ralph Nader,Unknown,3%,False,May 10–13
2004,State,Vermont,VT,,General,American Research Group,2004-09-09 to 2004-09-12,2004-09-09,2004-09-12,600 LV,4.0,John Kerry,Unknown,50%,False,September 9–12
2004,State,Vermont,VT,,General,American Research Group,2004-09-09 to 2004-09-12,2004-09-09,2004-09-12,600 LV,4.0,George W. Bush,Unknown,40%,False,September 9–12
2004,State,Vermont,VT,,General,American Research Group,2004-09-09 to 2004-09-12,2004-09-09,2004-09-12,600 LV,4.0,Ralph Nader,Unknown,4%,False,September 9–12
2004,State,Virginia,VA,,General,WSLS-TV Roanoke,2004-10-27 to 2004-10-29,2004-10-27,2004-10-29,606 LV,4.1,John Kerry,Unknown,47%,False,October 27–29
2004,State,Virginia,VA,,General,NBC12 News,2004-10-20 to 2004-10-26,2004-10-20,2004-10-26,751 LV,4.0,John Kerry,Unknown,40%,False,October 20–26
2004,State,Virginia,VA,,General,The Daily Press,2004-10-22 to 2004-10-25,2004-10-22,2004-10-25,625 LV,4.0,John Kerry,Unknown,44%,False,October 22–25
2004,State,Virginia,VA,,General,WSLS-TV Roanoke,2004-10-16 to 2004-10-18,2004-10-16,2004-10-18,664 LV,3.9,John Kerry,Unknown,46%,False,October 16–18
2004,State,Virginia,VA,,General,Zogby International,2004-09-30 to 2004-10-06,2004-09-30,2004-10-06,Not reported,,John Kerry,Unknown,47%,False,September 30–October 6
2004,State,Virginia,VA,,General,The Daily Press,2004-09-24 to 2004-09-27,2004-09-24,2004-09-27,625 LV,4.0,John Kerry,Unknown,43%,False,September 24–27
2004,State,Virginia,VA,,General,Rasmussen Reports,2004-09-24 to 2004-09-27,2004-09-24,2004-09-27,400 LV,5.0,John Kerry,Unknown,44%,False,September 24–27
2004,State,Virginia,VA,,General,WSLS-TV Roanoke,2004-09-21 to 2004-09-23,2004-09-21,2004-09-23,744 LV,3.7,John Kerry,Unknown,42%,False,September 21–23
2004,State,Virginia,VA,,General,American Research Group,2004-09-12 to 2004-09-14,2004-09-12,2004-09-14,600 LV,4.0,John Kerry,Unknown,43%,False,September 12–14
2004,State,Virginia,VA,,General,Zogby International,2004-08-29,2004-08-29,2004-08-29,Not reported,,John Kerry,Unknown,48%,False,August 29
2004,State,Virginia,VA,,General,Rasmussen Reports,2004-08-01 to 2004-08-26,2004-08-01,2004-08-26,Not reported,5.0,John Kerry,Unknown,45%,False,August 1–26
2004,State,Virginia,VA,,General,WSLS-TV Roanoke,2004-08-20 to 2004-08-22,2004-08-20,2004-08-22,730 LV,3.7,John Kerry,Unknown,45%,False,August 20–22
2004,State,Virginia,VA,,General,Rasmussen Reports,2004-07-01 to 2004-07-31,2004-07-01,2004-07-31,Not reported,5.0,John Kerry,Unknown,46%,False,July 1–31
2004,State,Virginia,VA,,General,WSLS-TV Roanoke,2004-07-06 to 2004-07-08,2004-07-06,2004-07-08,686 LV,3.8,John Kerry,Unknown,45%,False,July 6–8
2004,State,Virginia,VA,,General,Rasmussen Reports,2004-06-01 to 2004-06-30,2004-06-01,2004-06-30,Not reported,5.0,John Kerry,Unknown,45%,False,June 1–30
2004,State,Virginia,VA,,General,National Republican Committee,2004-06-01 to 2004-06-06,2004-06-01,2004-06-06,800 LV,3.46,John Kerry,Unknown,41.9%,False,June 1–6
2004,State,Virginia,VA,,General,Rasmussen Reports,2004-05-01 to 2004-05-31,2004-05-01,2004-05-31,Not reported,5.0,John Kerry,Unknown,45%,False,May 1–31
2004,State,Virginia,VA,,General,WSLS-TV Roanoke,2004-10-27 to 2004-10-29,2004-10-27,2004-10-29,606 LV,4.1,George W. Bush,Unknown,51%,False,October 27–29
2004,State,Virginia,VA,,General,NBC12 News,2004-10-20 to 2004-10-26,2004-10-20,2004-10-26,751 LV,4.0,George W. Bush,Unknown,49%,False,October 20–26
2004,State,Virginia,VA,,General,The Daily Press,2004-10-22 to 2004-10-25,2004-10-22,2004-10-25,625 LV,4.0,George W. Bush,Unknown,50%,False,October 22–25
2004,State,Virginia,VA,,General,WSLS-TV Roanoke,2004-10-16 to 2004-10-18,2004-10-16,2004-10-18,664 LV,3.9,George W. Bush,Unknown,50%,False,October 16–18
2004,State,Virginia,VA,,General,Zogby International,2004-09-30 to 2004-10-06,2004-09-30,2004-10-06,Not reported,,George W. Bush,Unknown,50%,False,September 30–October 6
2004,State,Virginia,VA,,General,The Daily Press,2004-09-24 to 2004-09-27,2004-09-24,2004-09-27,625 LV,4.0,George W. Bush,Unknown,49%,False,September 24–27
2004,State,Virginia,VA,,General,Rasmussen Reports,2004-09-24 to 2004-09-27,2004-09-24,2004-09-27,400 LV,5.0,George W. Bush,Unknown,50%,False,September 24–27
2004,State,Virginia,VA,,General,WSLS-TV Roanoke,2004-09-21 to 2004-09-23,2004-09-21,2004-09-23,744 LV,3.7,George W. Bush,Unknown,53%,False,September 21–23
2004,State,Virginia,VA,,General,American Research Group,2004-09-12 to 2004-09-14,2004-09-12,2004-09-14,600 LV,4.0,George W. Bush,Unknown,49%,False,September 12–14
2004,State,Virginia,VA,,General,Zogby International,2004-08-29,2004-08-29,2004-08-29,Not reported,,George W. Bush,Unknown,49%,False,August 29
2004,State,Virginia,VA,,General,Rasmussen Reports,2004-08-01 to 2004-08-26,2004-08-01,2004-08-26,Not reported,5.0,George W. Bush,Unknown,50%,False,August 1–26
2004,State,Virginia,VA,,General,WSLS-TV Roanoke,2004-08-20 to 2004-08-22,2004-08-20,2004-08-22,730 LV,3.7,George W. Bush,Unknown,49%,False,August 20–22
2004,State,Virginia,VA,,General,Rasmussen Reports,2004-07-01 to 2004-07-31,2004-07-01,2004-07-31,Not reported,5.0,George W. Bush,Unknown,49%,False,July 1–31
2004,State,Virginia,VA,,General,WSLS-TV Roanoke,2004-07-06 to 2004-07-08,2004-07-06,2004-07-08,686 LV,3.8,George W. Bush,Unknown,50%,False,July 6–8
2004,State,Virginia,VA,,General,Rasmussen Reports,2004-06-01 to 2004-06-30,2004-06-01,2004-06-30,Not reported,5.0,George W. Bush,Unknown,48%,False,June 1–30
2004,State,Virginia,VA,,General,National Republican Committee,2004-06-01 to 2004-06-06,2004-06-01,2004-06-06,800 LV,3.46,George W. Bush,Unknown,50.3%,False,June 1–6
2004,State,Virginia,VA,,General,Rasmussen Reports,2004-05-01 to 2004-05-31,2004-05-01,2004-05-31,Not reported,5.0,George W. Bush,Unknown,47%,False,May 1–31
2004,State,Virginia,VA,,General,Zogby International,2004-09-13 to 2004-09-17,2004-09-13,2004-09-17,Not reported,,John Kerry,Unknown,47%,False,September 13–17
2004,State,Virginia,VA,,General,Zogby International,2004-09-13 to 2004-09-17,2004-09-13,2004-09-17,Not reported,,George W. Bush,Unknown,50%,False,September 13–17
2004,State,Virginia,VA,,General,Zogby International,2004-09-13 to 2004-09-17,2004-09-13,2004-09-17,Not reported,,Ralph Nader,Unknown,3%,False,September 13–17
2004,State,Washington,WA,,General,KING-TV Seattle,2004-10-29 to 2004-10-31,2004-10-29,2004-10-31,622 LV,4.0,John Kerry,Unknown,51%,False,October 29–31
2004,State,Washington,WA,,General,Seattle Post-Intelligencer,2004-10-25 to 2004-10-26,2004-10-25,2004-10-26,800 LV,3.5,John Kerry,Unknown,50%,False,October 25–26
2004,State,Washington,WA,,General,KING-TV Seattle,2004-10-23 to 2004-10-25,2004-10-23,2004-10-25,618 LV,4.0,John Kerry,Unknown,51%,False,October 23–25
2004,State,Washington,WA,,General,Rasmussen Reports,2004-10-06 to 2004-10-19,2004-10-06,2004-10-19,400 LV,5.0,John Kerry,Unknown,52%,False,October 6–19
2004,State,Washington,WA,,General,KING-TV Seattle,2004-10-15 to 2004-10-17,2004-10-15,2004-10-17,634 LV,4.0,John Kerry,Unknown,52%,False,October 15–17
2004,State,Washington,WA,,General,Elway Research,2004-10-14 to 2004-10-16,2004-10-14,2004-10-16,Not reported,,John Kerry,Unknown,50%,False,October 14–16
2004,State,Washington,WA,,General,KING-TV Seattle,2004-10-02 to 2004-10-04,2004-10-02,2004-10-04,640 LV,4.0,John Kerry,Unknown,54%,False,October 2–4
2004,State,Washington,WA,,General,Rasmussen Reports,2004-09-10 to 2004-09-23,2004-09-10,2004-09-23,400 LV,5.0,John Kerry,Unknown,50%,False,September 10–23
2004,State,Washington,WA,,General,KING-TV Seattle,2004-09-19 to 2004-09-21,2004-09-19,2004-09-21,627 LV,4.0,John Kerry,Unknown,51%,False,September 19–21
2004,State,Washington,WA,,General,Elway Research,2004-09-17 to 2004-09-19,2004-09-17,2004-09-19,405 RV,5.0,John Kerry,Unknown,52%,False,September 17–19
2004,State,Washington,WA,,General,Rasmussen Reports,2004-08-01 to 2004-08-26,2004-08-01,2004-08-26,Not reported,5.0,John Kerry,Unknown,49%,False,August 1–26
2004,State,Washington,WA,,General,Rasmussen Reports,2004-07-01 to 2004-07-31,2004-07-01,2004-07-31,Not reported,5.0,John Kerry,Unknown,50%,False,July 1–31
2004,State,Washington,WA,,General,Rasmussen Reports,2004-06-01 to 2004-06-30,2004-06-01,2004-06-30,Not reported,5.0,John Kerry,Unknown,50%,False,June 1–30
2004,State,Washington,WA,,General,National Republican Committee,2004-06-01 to 2004-06-06,2004-06-01,2004-06-06,800 LV,3.46,John Kerry,Unknown,49.4%,False,June 1–6
2004,State,Washington,WA,,General,Murray for Senate,2004-04-22 to 2004-04-27,2004-04-22,2004-04-27,800 RV,3.8,John Kerry,Unknown,46%,False,April 22–27
2004,State,Washington,WA,,General,Moore Information,2004-04-18 to 2004-04-19,2004-04-18,2004-04-19,500 RV,5.0,John Kerry,Unknown,45%,False,April 18–19
2004,State,Washington,WA,,General,Elway Research,2004-04-02 to 2004-04-05,2004-04-02,2004-04-05,405 RV,5.0,John Kerry,Unknown,46%,False,April 2–5
2004,State,Washington,WA,,General,Rasmussen Reports,2004-03-25,2004-03-25,2004-03-25,500 LV,4.5,John Kerry,Unknown,50%,False,March 25
2004,State,Washington,WA,,General,KING-TV Seattle,2004-03-21 to 2004-03-23,2004-03-21,2004-03-23,698 LV,3.8,John Kerry,Unknown,47%,False,March 21–23
2004,State,Washington,WA,,General,KING-TV Seattle,2004-02-03 to 2004-02-04,2004-02-03,2004-02-04,975 RV,3.2,John Kerry,Unknown,55%,False,February 3–4
2004,State,Washington,WA,,General,KING-TV Seattle,2004-10-29 to 2004-10-31,2004-10-29,2004-10-31,622 LV,4.0,George W. Bush,Unknown,47%,False,October 29–31
2004,State,Washington,WA,,General,Seattle Post-Intelligencer,2004-10-25 to 2004-10-26,2004-10-25,2004-10-26,800 LV,3.5,George W. Bush,Unknown,45%,False,October 25–26
2004,State,Washington,WA,,General,KING-TV Seattle,2004-10-23 to 2004-10-25,2004-10-23,2004-10-25,618 LV,4.0,George W. Bush,Unknown,45%,False,October 23–25
2004,State,Washington,WA,,General,Rasmussen Reports,2004-10-06 to 2004-10-19,2004-10-06,2004-10-19,400 LV,5.0,George W. Bush,Unknown,44%,False,October 6–19
2004,State,Washington,WA,,General,KING-TV Seattle,2004-10-15 to 2004-10-17,2004-10-15,2004-10-17,634 LV,4.0,George W. Bush,Unknown,45%,False,October 15–17
2004,State,Washington,WA,,General,Elway Research,2004-10-14 to 2004-10-16,2004-10-14,2004-10-16,Not reported,,George W. Bush,Unknown,44%,False,October 14–16
2004,State,Washington,WA,,General,KING-TV Seattle,2004-10-02 to 2004-10-04,2004-10-02,2004-10-04,640 LV,4.0,George W. Bush,Unknown,43%,False,October 2–4
2004,State,Washington,WA,,General,Rasmussen Reports,2004-09-10 to 2004-09-23,2004-09-10,2004-09-23,400 LV,5.0,George W. Bush,Unknown,43%,False,September 10–23
2004,State,Washington,WA,,General,KING-TV Seattle,2004-09-19 to 2004-09-21,2004-09-19,2004-09-21,627 LV,4.0,George W. Bush,Unknown,46%,False,September 19–21
2004,State,Washington,WA,,General,Elway Research,2004-09-17 to 2004-09-19,2004-09-17,2004-09-19,405 RV,5.0,George W. Bush,Unknown,38%,False,September 17–19
2004,State,Washington,WA,,General,Rasmussen Reports,2004-08-01 to 2004-08-26,2004-08-01,2004-08-26,Not reported,5.0,George W. Bush,Unknown,42%,False,August 1–26
2004,State,Washington,WA,,General,Rasmussen Reports,2004-07-01 to 2004-07-31,2004-07-01,2004-07-31,Not reported,5.0,George W. Bush,Unknown,44%,False,July 1–31
2004,State,Washington,WA,,General,Rasmussen Reports,2004-06-01 to 2004-06-30,2004-06-01,2004-06-30,Not reported,5.0,George W. Bush,Unknown,41%,False,June 1–30
2004,State,Washington,WA,,General,National Republican Committee,2004-06-01 to 2004-06-06,2004-06-01,2004-06-06,800 LV,3.46,George W. Bush,Unknown,42.9%,False,June 1–6
2004,State,Washington,WA,,General,Murray for Senate,2004-04-22 to 2004-04-27,2004-04-22,2004-04-27,800 RV,3.8,George W. Bush,Unknown,42%,False,April 22–27
2004,State,Washington,WA,,General,Moore Information,2004-04-18 to 2004-04-19,2004-04-18,2004-04-19,500 RV,5.0,George W. Bush,Unknown,41%,False,April 18–19
2004,State,Washington,WA,,General,Elway Research,2004-04-02 to 2004-04-05,2004-04-02,2004-04-05,405 RV,5.0,George W. Bush,Unknown,41%,False,April 2–5
2004,State,Washington,WA,,General,Rasmussen Reports,2004-03-25,2004-03-25,2004-03-25,500 LV,4.5,George W. Bush,Unknown,44%,False,March 25
2004,State,Washington,WA,,General,KING-TV Seattle,2004-03-21 to 2004-03-23,2004-03-21,2004-03-23,698 LV,3.8,George W. Bush,Unknown,43%,False,March 21–23
2004,State,Washington,WA,,General,KING-TV Seattle,2004-02-03 to 2004-02-04,2004-02-03,2004-02-04,975 RV,3.2,George W. Bush,Unknown,43%,False,February 3–4
2004,State,Washington,WA,,General,Wall Street Journal,2004-10-25 to 2004-10-30,2004-10-25,2004-10-30,"1,832 LV",2.3,John Kerry,Unknown,54.6%,False,October 25–30
2004,State,Washington,WA,,General,Wall Street Journal,2004-10-13 to 2004-10-18,2004-10-13,2004-10-18,"1,440 LV",2.6,John Kerry,Unknown,54.3%,False,October 13–18
2004,State,Washington,WA,,General,Wall Street Journal,2004-09-30 to 2004-10-05,2004-09-30,2004-10-05,"1,418 LV",2.6,John Kerry,Unknown,53.7%,False,September 30–October 5
2004,State,Washington,WA,,General,The Columbian,2004-09-17 to 2004-09-20,2004-09-17,2004-09-20,406 RV,4.9,John Kerry,Unknown,51%,False,September 17–20
2004,State,Washington,WA,,General,American Research Group,2004-09-09 to 2004-09-13,2004-09-09,2004-09-13,600 LV,4.0,John Kerry,Unknown,51%,False,September 9–13
2004,State,Washington,WA,,General,CNN,2004-09-03 to 2004-09-06,2004-09-03,2004-09-06,646 LV,5.0,John Kerry,Unknown,52%,False,September 3–6
2004,State,Washington,WA,,General,Wall Street Journal,2004-08-30 to 2004-09-03,2004-08-30,2004-09-03,"1,265 LV",2.8,John Kerry,Unknown,52.7%,False,August 30–September 3
2004,State,Washington,WA,,General,Wall Street Journal,2004-08-16 to 2004-08-21,2004-08-16,2004-08-21,"1,038 LV",3.0,John Kerry,Unknown,53.1%,False,August 16–21
2004,State,Washington,WA,,General,KING-TV Seattle,2004-08-15 to 2004-08-17,2004-08-15,2004-08-17,602 LV,4.1,John Kerry,Unknown,51%,False,August 15–17
2004,State,Washington,WA,,General,Moore Information,2004-08-14 to 2004-08-15,2004-08-14,2004-08-15,600 RV,4.0,John Kerry,Unknown,50%,False,August 14–15
2004,State,Washington,WA,,General,KING-TV Seattle,2004-07-31 to 2004-08-02,2004-07-31,2004-08-02,585 LV,4.2,John Kerry,Unknown,51%,False,July 31–August 2
2004,State,Washington,WA,,General,Wall Street Journal,2004-07-26 to 2004-07-30,2004-07-26,2004-07-30,"1,162 LV",2.9,John Kerry,Unknown,52.6%,False,July 26–30
2004,State,Washington,WA,,General,Wall Street Journal,2004-07-19 to 2004-07-23,2004-07-19,2004-07-23,"1,155 LV",2.9,John Kerry,Unknown,52%,False,July 19–23
2004,State,Washington,WA,,General,Wall Street Journal,2004-07-06 to 2004-07-10,2004-07-06,2004-07-10,"1,073 LV",3.0,John Kerry,Unknown,52.6%,False,July 6–10
2004,State,Washington,WA,,General,Murray for Senate,2004-06-24 to 2004-06-28,2004-06-24,2004-06-28,800 RV,3.8,John Kerry,Unknown,49%,False,June 24–28
2004,State,Washington,WA,,General,Moore Information,2004-06-23 to 2004-06-24,2004-06-23,2004-06-24,500 RV,4.0,John Kerry,Unknown,43%,False,June 23–24
2004,State,Washington,WA,,General,Wall Street Journal,2004-06-15 to 2004-06-20,2004-06-15,2004-06-20,"1,246 LV",2.8,John Kerry,Unknown,51.6%,False,June 15–20
2004,State,Washington,WA,,General,Moore Information,2004-06-09 to 2004-06-11,2004-06-09,2004-06-11,500 RV,4.0,John Kerry,Unknown,45%,False,June 9–11
2004,State,Washington,WA,,General,Mason-Dixon Polling & Research,2004-06-09 to 2004-06-11,2004-06-09,2004-06-11,625 RV,4.0,John Kerry,Unknown,46%,False,June 9–11
2004,State,Washington,WA,,General,Wall Street Journal,2004-06-01 to 2004-06-06,2004-06-01,2004-06-06,"1,767 LV",2.3,John Kerry,Unknown,51.7%,False,June 1–6
2004,State,Washington,WA,,General,KING-TV Seattle,2004-06-01 to 2004-06-03,2004-06-01,2004-06-03,654 LV,3.9,John Kerry,Unknown,49%,False,June 1–3
2004,State,Washington,WA,,General,Wall Street Journal,2004-05-18 to 2004-05-23,2004-05-18,2004-05-23,527 LV,4.3,John Kerry,Unknown,52.5%,False,May 18–23
2004,State,Washington,WA,,General,Wall Street Journal,2004-10-25 to 2004-10-30,2004-10-25,2004-10-30,"1,832 LV",2.3,George W. Bush,Unknown,43.4%,False,October 25–30
2004,State,Washington,WA,,General,Wall Street Journal,2004-10-13 to 2004-10-18,2004-10-13,2004-10-18,"1,440 LV",2.6,George W. Bush,Unknown,43.9%,False,October 13–18
2004,State,Washington,WA,,General,Wall Street Journal,2004-09-30 to 2004-10-05,2004-09-30,2004-10-05,"1,418 LV",2.6,George W. Bush,Unknown,43.8%,False,September 30–October 5
2004,State,Washington,WA,,General,The Columbian,2004-09-17 to 2004-09-20,2004-09-17,2004-09-20,406 RV,4.9,George W. Bush,Unknown,42%,False,September 17–20
2004,State,Washington,WA,,General,American Research Group,2004-09-09 to 2004-09-13,2004-09-09,2004-09-13,600 LV,4.0,George W. Bush,Unknown,44%,False,September 9–13
2004,State,Washington,WA,,General,CNN,2004-09-03 to 2004-09-06,2004-09-03,2004-09-06,646 LV,5.0,George W. Bush,Unknown,44%,False,September 3–6
2004,State,Washington,WA,,General,Wall Street Journal,2004-08-30 to 2004-09-03,2004-08-30,2004-09-03,"1,265 LV",2.8,George W. Bush,Unknown,44.2%,False,August 30–September 3
2004,State,Washington,WA,,General,Wall Street Journal,2004-08-16 to 2004-08-21,2004-08-16,2004-08-21,"1,038 LV",3.0,George W. Bush,Unknown,44.7%,False,August 16–21
2004,State,Washington,WA,,General,KING-TV Seattle,2004-08-15 to 2004-08-17,2004-08-15,2004-08-17,602 LV,4.1,George W. Bush,Unknown,43%,False,August 15–17
2004,State,Washington,WA,,General,Moore Information,2004-08-14 to 2004-08-15,2004-08-14,2004-08-15,600 RV,4.0,George W. Bush,Unknown,44%,False,August 14–15
2004,State,Washington,WA,,General,KING-TV Seattle,2004-07-31 to 2004-08-02,2004-07-31,2004-08-02,585 LV,4.2,George W. Bush,Unknown,43%,False,July 31–August 2
2004,State,Washington,WA,,General,Wall Street Journal,2004-07-26 to 2004-07-30,2004-07-26,2004-07-30,"1,162 LV",2.9,George W. Bush,Unknown,44.8%,False,July 26–30
2004,State,Washington,WA,,General,Wall Street Journal,2004-07-19 to 2004-07-23,2004-07-19,2004-07-23,"1,155 LV",2.9,George W. Bush,Unknown,44.4%,False,July 19–23
2004,State,Washington,WA,,General,Wall Street Journal,2004-07-06 to 2004-07-10,2004-07-06,2004-07-10,"1,073 LV",3.0,George W. Bush,Unknown,44.4%,False,July 6–10
2004,State,Washington,WA,,General,Murray for Senate,2004-06-24 to 2004-06-28,2004-06-24,2004-06-28,800 RV,3.8,George W. Bush,Unknown,41%,False,June 24–28
2004,State,Washington,WA,,General,Moore Information,2004-06-23 to 2004-06-24,2004-06-23,2004-06-24,500 RV,4.0,George W. Bush,Unknown,43%,False,June 23–24
2004,State,Washington,WA,,General,Wall Street Journal,2004-06-15 to 2004-06-20,2004-06-15,2004-06-20,"1,246 LV",2.8,George W. Bush,Unknown,45.2%,False,June 15–20
2004,State,Washington,WA,,General,Moore Information,2004-06-09 to 2004-06-11,2004-06-09,2004-06-11,500 RV,4.0,George W. Bush,Unknown,44%,False,June 9–11
2004,State,Washington,WA,,General,Mason-Dixon Polling & Research,2004-06-09 to 2004-06-11,2004-06-09,2004-06-11,625 RV,4.0,George W. Bush,Unknown,42%,False,June 9–11
2004,State,Washington,WA,,General,Wall Street Journal,2004-06-01 to 2004-06-06,2004-06-01,2004-06-06,"1,767 LV",2.3,George W. Bush,Unknown,44.3%,False,June 1–6
2004,State,Washington,WA,,General,KING-TV Seattle,2004-06-01 to 2004-06-03,2004-06-01,2004-06-03,654 LV,3.9,George W. Bush,Unknown,44%,False,June 1–3
2004,State,Washington,WA,,General,Wall Street Journal,2004-05-18 to 2004-05-23,2004-05-18,2004-05-23,527 LV,4.3,George W. Bush,Unknown,44.4%,False,May 18–23
2004,State,Washington,WA,,General,Wall Street Journal,2004-10-25 to 2004-10-30,2004-10-25,2004-10-30,"1,832 LV",2.3,Ralph Nader,Unknown,0.3%,False,October 25–30
2004,State,Washington,WA,,General,Wall Street Journal,2004-10-13 to 2004-10-18,2004-10-13,2004-10-18,"1,440 LV",2.6,Ralph Nader,Unknown,0.4%,False,October 13–18
2004,State,Washington,WA,,General,Wall Street Journal,2004-09-30 to 2004-10-05,2004-09-30,2004-10-05,"1,418 LV",2.6,Ralph Nader,Unknown,0.7%,False,September 30–October 5
2004,State,Washington,WA,,General,The Columbian,2004-09-17 to 2004-09-20,2004-09-17,2004-09-20,406 RV,4.9,Ralph Nader,Unknown,2%,False,September 17–20
2004,State,Washington,WA,,General,American Research Group,2004-09-09 to 2004-09-13,2004-09-09,2004-09-13,600 LV,4.0,Ralph Nader,Unknown,2%,False,September 9–13
2004,State,Washington,WA,,General,CNN,2004-09-03 to 2004-09-06,2004-09-03,2004-09-06,646 LV,5.0,Ralph Nader,Unknown,1%,False,September 3–6
2004,State,Washington,WA,,General,Wall Street Journal,2004-08-30 to 2004-09-03,2004-08-30,2004-09-03,"1,265 LV",2.8,Ralph Nader,Unknown,0.5%,False,August 30–September 3
2004,State,Washington,WA,,General,Wall Street Journal,2004-08-16 to 2004-08-21,2004-08-16,2004-08-21,"1,038 LV",3.0,Ralph Nader,Unknown,0.6%,False,August 16–21
2004,State,Washington,WA,,General,KING-TV Seattle,2004-08-15 to 2004-08-17,2004-08-15,2004-08-17,602 LV,4.1,Ralph Nader,Unknown,2%,False,August 15–17
2004,State,Washington,WA,,General,Moore Information,2004-08-14 to 2004-08-15,2004-08-14,2004-08-15,600 RV,4.0,Ralph Nader,Unknown,4%,False,August 14–15
2004,State,Washington,WA,,General,KING-TV Seattle,2004-07-31 to 2004-08-02,2004-07-31,2004-08-02,585 LV,4.2,Ralph Nader,Unknown,3%,False,July 31–August 2
2004,State,Washington,WA,,General,Wall Street Journal,2004-07-26 to 2004-07-30,2004-07-26,2004-07-30,"1,162 LV",2.9,Ralph Nader,Unknown,1.2%,False,July 26–30
2004,State,Washington,WA,,General,Wall Street Journal,2004-07-19 to 2004-07-23,2004-07-19,2004-07-23,"1,155 LV",2.9,Ralph Nader,Unknown,1.5%,False,July 19–23
2004,State,Washington,WA,,General,Wall Street Journal,2004-07-06 to 2004-07-10,2004-07-06,2004-07-10,"1,073 LV",3.0,Ralph Nader,Unknown,0.8%,False,July 6–10
2004,State,Washington,WA,,General,Murray for Senate,2004-06-24 to 2004-06-28,2004-06-24,2004-06-28,800 RV,3.8,Ralph Nader,Unknown,4%,False,June 24–28
2004,State,Washington,WA,,General,Moore Information,2004-06-23 to 2004-06-24,2004-06-23,2004-06-24,500 RV,4.0,Ralph Nader,Unknown,4%,False,June 23–24
2004,State,Washington,WA,,General,Wall Street Journal,2004-06-15 to 2004-06-20,2004-06-15,2004-06-20,"1,246 LV",2.8,Ralph Nader,Unknown,1%,False,June 15–20
2004,State,Washington,WA,,General,Moore Information,2004-06-09 to 2004-06-11,2004-06-09,2004-06-11,500 RV,4.0,Ralph Nader,Unknown,4%,False,June 9–11
2004,State,Washington,WA,,General,Mason-Dixon Polling & Research,2004-06-09 to 2004-06-11,2004-06-09,2004-06-11,625 RV,4.0,Ralph Nader,Unknown,2%,False,June 9–11
2004,State,Washington,WA,,General,Wall Street Journal,2004-06-01 to 2004-06-06,2004-06-01,2004-06-06,"1,767 LV",2.3,Ralph Nader,Unknown,1.9%,False,June 1–6
2004,State,Washington,WA,,General,KING-TV Seattle,2004-06-01 to 2004-06-03,2004-06-01,2004-06-03,654 LV,3.9,Ralph Nader,Unknown,3%,False,June 1–3
2004,State,Washington,WA,,General,Wall Street Journal,2004-05-18 to 2004-05-23,2004-05-18,2004-05-23,527 LV,4.3,Ralph Nader,Unknown,1.3%,False,May 18–23
2004,State,West Virginia,WV,,General,MSNBC,2004-10-27 to 2004-10-29,2004-10-27,2004-10-29,625 LV,4.0,John Kerry,Unknown,43%,False,October 27–29
2004,State,West Virginia,WV,,General,MSNBC,2004-10-15 to 2004-10-18,2004-10-15,2004-10-18,625 LV,4.0,John Kerry,Unknown,44%,False,October 15–18
2004,State,West Virginia,WV,,General,CNN,2004-09-17 to 2004-09-20,2004-09-17,2004-09-20,619 LV,5.0,John Kerry,Unknown,45%,False,September 17–20
2004,State,West Virginia,WV,,General,American Research Group,2004-07-26 to 2004-07-28,2004-07-26,2004-07-28,600 LV,4.0,John Kerry,Unknown,48%,False,July 26–28
2004,State,West Virginia,WV,,General,American Research Group,2004-06-15 to 2004-06-17,2004-06-15,2004-06-17,600 LV,4.0,John Kerry,Unknown,48%,False,June 15–17
2004,State,West Virginia,WV,,General,National Republican Committee,2004-06-01 to 2004-06-06,2004-06-01,2004-06-06,800 LV,3.46,John Kerry,Unknown,44.2%,False,June 1–6
2004,State,West Virginia,WV,,General,Rasmussen Reports,2004-04-15,2004-04-15,2004-04-15,500 LV,4.5,John Kerry,Unknown,41%,False,April 15
2004,State,West Virginia,WV,,General,American Research Group,2004-03-23 to 2004-03-24,2004-03-23,2004-03-24,600 LV,4.0,John Kerry,Unknown,46%,False,March 23–24
2004,State,West Virginia,WV,,General,MSNBC,2004-10-27 to 2004-10-29,2004-10-27,2004-10-29,625 LV,4.0,George W. Bush,Unknown,51%,False,October 27–29
2004,State,West Virginia,WV,,General,MSNBC,2004-10-15 to 2004-10-18,2004-10-15,2004-10-18,625 LV,4.0,George W. Bush,Unknown,49%,False,October 15–18
2004,State,West Virginia,WV,,General,CNN,2004-09-17 to 2004-09-20,2004-09-17,2004-09-20,619 LV,5.0,George W. Bush,Unknown,51%,False,September 17–20
2004,State,West Virginia,WV,,General,American Research Group,2004-07-26 to 2004-07-28,2004-07-26,2004-07-28,600 LV,4.0,George W. Bush,Unknown,44%,False,July 26–28
2004,State,West Virginia,WV,,General,American Research Group,2004-06-15 to 2004-06-17,2004-06-15,2004-06-17,600 LV,4.0,George W. Bush,Unknown,45%,False,June 15–17
2004,State,West Virginia,WV,,General,National Republican Committee,2004-06-01 to 2004-06-06,2004-06-01,2004-06-06,800 LV,3.46,George W. Bush,Unknown,47.1%,False,June 1–6
2004,State,West Virginia,WV,,General,Rasmussen Reports,2004-04-15,2004-04-15,2004-04-15,500 LV,4.5,George W. Bush,Unknown,46%,False,April 15
2004,State,West Virginia,WV,,General,American Research Group,2004-03-23 to 2004-03-24,2004-03-23,2004-03-24,600 LV,4.0,George W. Bush,Unknown,47%,False,March 23–24
2004,State,West Virginia,WV,,General,Wall Street Journal,2004-10-25 to 2004-10-30,2004-10-25,2004-10-30,584 LV,4.1,John Kerry,Unknown,45.6%,False,October 25–30
2004,State,West Virginia,WV,,General,Wall Street Journal,2004-10-13 to 2004-10-18,2004-10-13,2004-10-18,501 LV,4.4,John Kerry,Unknown,45.8%,False,October 13–18
2004,State,West Virginia,WV,,General,Manchin for Governor,2004-10-12 to 2004-10-14,2004-10-12,2004-10-14,600 LV,4.0,John Kerry,Unknown,45%,False,October 12–14
2004,State,West Virginia,WV,,General,Wall Street Journal,2004-09-30 to 2004-10-05,2004-09-30,2004-10-05,501 LV,4.4,John Kerry,Unknown,44%,False,September 30–October 5
2004,State,West Virginia,WV,,General,Wall Street Journal,2004-09-13 to 2004-09-17,2004-09-13,2004-09-17,528 LV,4.3,John Kerry,Unknown,38.8%,False,September 13–17
2004,State,West Virginia,WV,,General,American Research Group,2004-09-14 to 2004-09-16,2004-09-14,2004-09-16,600 LV,4.0,John Kerry,Unknown,46%,False,September 14–16
2004,State,West Virginia,WV,,General,MSNBC,2004-09-13 to 2004-09-14,2004-09-13,2004-09-14,625 LV,4.0,John Kerry,Unknown,44%,False,September 13–14
2004,State,West Virginia,WV,,General,Wall Street Journal,2004-08-30 to 2004-09-03,2004-08-30,2004-09-03,532 LV,4.3,John Kerry,Unknown,40.1%,False,August 30–September 3
2004,State,West Virginia,WV,,General,Wall Street Journal,2004-08-16 to 2004-08-21,2004-08-16,2004-08-21,504 LV,4.4,John Kerry,Unknown,41.5%,False,August 16–21
2004,State,West Virginia,WV,,General,Wall Street Journal,2004-07-26 to 2004-07-30,2004-07-26,2004-07-30,517 LV,4.3,John Kerry,Unknown,47.6%,False,July 26–30
2004,State,West Virginia,WV,,General,American Research Group,2004-07-26 to 2004-07-28,2004-07-26,2004-07-28,600 LV,4.0,John Kerry,Unknown,47%,False,July 26–28
2004,State,West Virginia,WV,,General,Wall Street Journal,2004-07-19 to 2004-07-23,2004-07-19,2004-07-23,512 LV,4.3,John Kerry,Unknown,44%,False,July 19–23
2004,State,West Virginia,WV,,General,Wall Street Journal,2004-07-06 to 2004-07-10,2004-07-06,2004-07-10,518 LV,4.3,John Kerry,Unknown,42.8%,False,July 6–10
2004,State,West Virginia,WV,,General,Wall Street Journal,2004-06-15 to 2004-06-20,2004-06-15,2004-06-20,467 LV,4.5,John Kerry,Unknown,43.1%,False,June 15–20
2004,State,West Virginia,WV,,General,American Research Group,2004-06-15 to 2004-06-17,2004-06-15,2004-06-17,600 LV,4.0,John Kerry,Unknown,47%,False,June 15–17
2004,State,West Virginia,WV,,General,Wall Street Journal,2004-06-01 to 2004-06-06,2004-06-01,2004-06-06,490 LV,4.4,John Kerry,Unknown,46.6%,False,June 1–6
2004,State,West Virginia,WV,,General,Wall Street Journal,2004-05-18 to 2004-05-23,2004-05-18,2004-05-23,504 LV,4.4,John Kerry,Unknown,45.9%,False,May 18–23
2004,State,West Virginia,WV,,General,Associated Press,2004-04-26 to 2004-04-29,2004-04-26,2004-04-29,984 RV,3.1,John Kerry,Unknown,45%,False,April 26–29
2004,State,West Virginia,WV,,General,Wall Street Journal,2004-10-25 to 2004-10-30,2004-10-25,2004-10-30,584 LV,4.1,George W. Bush,Unknown,50.1%,False,October 25–30
2004,State,West Virginia,WV,,General,Wall Street Journal,2004-10-13 to 2004-10-18,2004-10-13,2004-10-18,501 LV,4.4,George W. Bush,Unknown,48.6%,False,October 13–18
2004,State,West Virginia,WV,,General,Manchin for Governor,2004-10-12 to 2004-10-14,2004-10-12,2004-10-14,600 LV,4.0,George W. Bush,Unknown,47%,False,October 12–14
2004,State,West Virginia,WV,,General,Wall Street Journal,2004-09-30 to 2004-10-05,2004-09-30,2004-10-05,501 LV,4.4,George W. Bush,Unknown,50.1%,False,September 30–October 5
2004,State,West Virginia,WV,,General,Wall Street Journal,2004-09-13 to 2004-09-17,2004-09-13,2004-09-17,528 LV,4.3,George W. Bush,Unknown,51.2%,False,September 13–17
2004,State,West Virginia,WV,,General,American Research Group,2004-09-14 to 2004-09-16,2004-09-14,2004-09-16,600 LV,4.0,George W. Bush,Unknown,46%,False,September 14–16
2004,State,West Virginia,WV,,General,MSNBC,2004-09-13 to 2004-09-14,2004-09-13,2004-09-14,625 LV,4.0,George W. Bush,Unknown,45%,False,September 13–14
2004,State,West Virginia,WV,,General,Wall Street Journal,2004-08-30 to 2004-09-03,2004-08-30,2004-09-03,532 LV,4.3,George W. Bush,Unknown,49.1%,False,August 30–September 3
2004,State,West Virginia,WV,,General,Wall Street Journal,2004-08-16 to 2004-08-21,2004-08-16,2004-08-21,504 LV,4.4,George W. Bush,Unknown,49.3%,False,August 16–21
2004,State,West Virginia,WV,,General,Wall Street Journal,2004-07-26 to 2004-07-30,2004-07-26,2004-07-30,517 LV,4.3,George W. Bush,Unknown,44.2%,False,July 26–30
2004,State,West Virginia,WV,,General,Wall Street Journal,2004-07-19 to 2004-07-23,2004-07-19,2004-07-23,512 LV,4.3,George W. Bush,Unknown,47.9%,False,July 19–23
2004,State,West Virginia,WV,,General,Wall Street Journal,2004-07-06 to 2004-07-10,2004-07-06,2004-07-10,518 LV,4.3,George W. Bush,Unknown,51%,False,July 6–10
2004,State,West Virginia,WV,,General,Wall Street Journal,2004-06-15 to 2004-06-20,2004-06-15,2004-06-20,467 LV,4.5,George W. Bush,Unknown,49.1%,False,June 15–20
2004,State,West Virginia,WV,,General,American Research Group,2004-06-15 to 2004-06-17,2004-06-15,2004-06-17,600 LV,4.0,George W. Bush,Unknown,44%,False,June 15–17
2004,State,West Virginia,WV,,General,Wall Street Journal,2004-06-01 to 2004-06-06,2004-06-01,2004-06-06,490 LV,4.4,George W. Bush,Unknown,43.5%,False,June 1–6
2004,State,West Virginia,WV,,General,Wall Street Journal,2004-05-18 to 2004-05-23,2004-05-18,2004-05-23,504 LV,4.4,George W. Bush,Unknown,48.3%,False,May 18–23
2004,State,West Virginia,WV,,General,Associated Press,2004-04-26 to 2004-04-29,2004-04-26,2004-04-29,984 RV,3.1,George W. Bush,Unknown,49%,False,April 26–29
2004,State,West Virginia,WV,,General,American Research Group,2004-03-23 to 2004-03-24,2004-03-23,2004-03-24,600 LV,4.0,George W. Bush,Unknown,46%,False,March 23–24
2004,State,West Virginia,WV,,General,Wall Street Journal,2004-10-25 to 2004-10-30,2004-10-25,2004-10-30,584 LV,4.1,Ralph Nader,Unknown,0.2%,False,October 25–30
2004,State,West Virginia,WV,,General,Wall Street Journal,2004-10-13 to 2004-10-18,2004-10-13,2004-10-18,501 LV,4.4,Ralph Nader,Unknown,0.7%,False,October 13–18
2004,State,West Virginia,WV,,General,Manchin for Governor,2004-10-12 to 2004-10-14,2004-10-12,2004-10-14,600 LV,4.0,Ralph Nader,Unknown,2%,False,October 12–14
2004,State,West Virginia,WV,,General,Wall Street Journal,2004-09-30 to 2004-10-05,2004-09-30,2004-10-05,501 LV,4.4,Ralph Nader,Unknown,0.7%,False,September 30–October 5
2004,State,West Virginia,WV,,General,CNN,2004-09-17 to 2004-09-20,2004-09-17,2004-09-20,619 LV,5.0,Ralph Nader,Unknown,0%,False,September 17–20
2004,State,West Virginia,WV,,General,Wall Street Journal,2004-09-13 to 2004-09-17,2004-09-13,2004-09-17,528 LV,4.3,Ralph Nader,Unknown,1.1%,False,September 13–17
2004,State,West Virginia,WV,,General,American Research Group,2004-09-14 to 2004-09-16,2004-09-14,2004-09-16,600 LV,4.0,Ralph Nader,Unknown,2%,False,September 14–16
2004,State,West Virginia,WV,,General,MSNBC,2004-09-13 to 2004-09-14,2004-09-13,2004-09-14,625 LV,4.0,Ralph Nader,Unknown,0%,False,September 13–14
2004,State,West Virginia,WV,,General,Wall Street Journal,2004-08-30 to 2004-09-03,2004-08-30,2004-09-03,532 LV,4.3,Ralph Nader,Unknown,2.1%,False,August 30–September 3
2004,State,West Virginia,WV,,General,Wall Street Journal,2004-08-16 to 2004-08-21,2004-08-16,2004-08-21,504 LV,4.4,Ralph Nader,Unknown,1.8%,False,August 16–21
2004,State,West Virginia,WV,,General,Wall Street Journal,2004-07-26 to 2004-07-30,2004-07-26,2004-07-30,517 LV,4.3,Ralph Nader,Unknown,2.1%,False,July 26–30
2004,State,West Virginia,WV,,General,American Research Group,2004-07-26 to 2004-07-28,2004-07-26,2004-07-28,600 LV,4.0,Ralph Nader,Unknown,3%,False,July 26–28
2004,State,West Virginia,WV,,General,Wall Street Journal,2004-07-19 to 2004-07-23,2004-07-19,2004-07-23,512 LV,4.3,Ralph Nader,Unknown,2.1%,False,July 19–23
2004,State,West Virginia,WV,,General,Wall Street Journal,2004-07-06 to 2004-07-10,2004-07-06,2004-07-10,518 LV,4.3,Ralph Nader,Unknown,0.5%,False,July 6–10
2004,State,West Virginia,WV,,General,Wall Street Journal,2004-06-15 to 2004-06-20,2004-06-15,2004-06-20,467 LV,4.5,Ralph Nader,Unknown,1.4%,False,June 15–20
2004,State,West Virginia,WV,,General,American Research Group,2004-06-15 to 2004-06-17,2004-06-15,2004-06-17,600 LV,4.0,Ralph Nader,Unknown,3%,False,June 15–17
2004,State,West Virginia,WV,,General,Wall Street Journal,2004-06-01 to 2004-06-06,2004-06-01,2004-06-06,490 LV,4.4,Ralph Nader,Unknown,2.4%,False,June 1–6
2004,State,West Virginia,WV,,General,Wall Street Journal,2004-05-18 to 2004-05-23,2004-05-18,2004-05-23,504 LV,4.4,Ralph Nader,Unknown,2%,False,May 18–23
2004,State,West Virginia,WV,,General,Associated Press,2004-04-26 to 2004-04-29,2004-04-26,2004-04-29,984 RV,3.1,Ralph Nader,Unknown,3%,False,April 26–29
2004,State,West Virginia,WV,,General,American Research Group,2004-03-23 to 2004-03-24,2004-03-23,2004-03-24,600 LV,4.0,Ralph Nader,Unknown,2%,False,March 23–24
2004,State,West Virginia,WV,,General,Rasmussen Reports,2004-09-16,2004-09-16,2004-09-16,500 LV,4.5,John Kerry,Unknown,44%,False,September 16
2004,State,West Virginia,WV,,General,Rasmussen Reports,2004-09-16,2004-09-16,2004-09-16,500 LV,4.5,George W. Bush,Unknown,50%,False,September 16
2004,State,West Virginia,WV,,General,Rasmussen Reports,2004-09-16,2004-09-16,2004-09-16,500 LV,4.5,Ralph Nader,Unknown,1%,False,September 16
2004,State,West Virginia,WV,,General,Rasmussen Reports,2004-09-16,2004-09-16,2004-09-16,500 LV,4.5,Michael Badnarik,Unknown,1%,False,September 16
2004,State,Wisconsin,WI,,General,Reuters,2004-10-29 to 2004-11-01,2004-10-29,2004-11-01,601 LV,4.1,John Kerry,Unknown,51%,False,October 29–November 1
2004,State,Wisconsin,WI,,General,MSNBC,2004-10-27 to 2004-10-29,2004-10-27,2004-10-29,625 LV,4.0,John Kerry,Unknown,48%,False,October 27–29
2004,State,Wisconsin,WI,,General,Rasmussen Reports,2004-10-16 to 2004-10-29,2004-10-16,2004-10-29,Not reported,5.0,John Kerry,Unknown,48%,False,October 16–29
2004,State,Wisconsin,WI,,General,Reuters,2004-10-25 to 2004-10-28,2004-10-25,2004-10-28,601 LV,4.1,John Kerry,Unknown,49%,False,October 25–28
2004,State,Wisconsin,WI,,General,American Research Group,2004-10-25 to 2004-10-27,2004-10-25,2004-10-27,600 LV,4.0,John Kerry,Unknown,48%,False,October 25–27
2004,State,Wisconsin,WI,,General,Reuters,2004-10-21 to 2004-10-24,2004-10-21,2004-10-24,601 LV,4.1,John Kerry,Unknown,45%,False,October 21–24
2004,State,Wisconsin,WI,,General,American Research Group,2004-10-16 to 2004-10-19,2004-10-16,2004-10-19,600 LV,4.0,John Kerry,Unknown,47%,False,October 16–19
2004,State,Wisconsin,WI,,General,CNN,2004-10-16 to 2004-10-19,2004-10-16,2004-10-19,678 LV,4.0,John Kerry,Unknown,45%,False,October 16–19
2004,State,Wisconsin,WI,,General,CNN,2004-10-03 to 2004-10-05,2004-10-03,2004-10-05,704 LV,4.0,John Kerry,Unknown,46%,False,October 3–5
2004,State,Wisconsin,WI,,General,Rasmussen Reports,2004-09-14 to 2004-09-27,2004-09-14,2004-09-27,400 LV,5.0,John Kerry,Unknown,46%,False,September 14–27
2004,State,Wisconsin,WI,,General,ABC News,2004-09-16 to 2004-09-19,2004-09-16,2004-09-19,Not reported,3.5,John Kerry,Unknown,44%,False,September 16–19
2004,State,Wisconsin,WI,,General,CNN,2004-09-09 to 2004-09-12,2004-09-09,2004-09-12,631 LV,5.0,John Kerry,Unknown,44%,False,September 9–12
2004,State,Wisconsin,WI,,General,Rasmussen Reports,2004-09-01 to 2004-09-12,2004-09-01,2004-09-12,400 LV,5.0,John Kerry,Unknown,49%,False,September 1–12
2004,State,Wisconsin,WI,,General,CNN,2004-08-23 to 2004-08-26,2004-08-23,2004-08-26,645 LV,5.0,John Kerry,Unknown,47%,False,August 23–26
2004,State,Wisconsin,WI,,General,Rasmussen Reports,2004-08-01 to 2004-08-26,2004-08-01,2004-08-26,Not reported,5.0,John Kerry,Unknown,48%,False,August 1–26
2004,State,Wisconsin,WI,,General,Los Angeles Times,2004-08-21 to 2004-08-24,2004-08-21,2004-08-24,512 LV,,John Kerry,Unknown,44%,False,August 21–24
2004,State,Wisconsin,WI,,General,American Research Group,2004-07-13 to 2004-07-15,2004-07-13,2004-07-15,600 LV,4.0,John Kerry,Unknown,49%,False,July 13–15
2004,State,Wisconsin,WI,,General,Hubert Humphrey Institute,2004-06-21 to 2004-07-12,2004-06-21,2004-07-12,575 RV,4.0,John Kerry,Unknown,45.9%,False,June 21–July 12
2004,State,Wisconsin,WI,,General,Los Angeles Times,2004-06-05 to 2004-06-08,2004-06-05,2004-06-08,694 RV,4.0,John Kerry,Unknown,44%,False,June 5–8
2004,State,Wisconsin,WI,,General,National Republican Committee,2004-06-01 to 2004-06-06,2004-06-01,2004-06-06,800 LV,3.46,John Kerry,Unknown,47.2%,False,June 1–6
2004,State,Wisconsin,WI,,General,Rasmussen Reports,2004-04-25,2004-04-25,2004-04-25,500 LV,4.5,John Kerry,Unknown,50%,False,April 25
2004,State,Wisconsin,WI,,General,University of Wisconsin (Badger Poll),2004-03-23 to 2004-03-31,2004-03-23,2004-03-31,500 A,4.0,John Kerry,Unknown,45%,False,March 23–31
2004,State,Wisconsin,WI,,General,Reuters,2004-10-29 to 2004-11-01,2004-10-29,2004-11-01,601 LV,4.1,George W. Bush,Unknown,45%,False,October 29–November 1
2004,State,Wisconsin,WI,,General,MSNBC,2004-10-27 to 2004-10-29,2004-10-27,2004-10-29,625 LV,4.0,George W. Bush,Unknown,46%,False,October 27–29
2004,State,Wisconsin,WI,,General,Rasmussen Reports,2004-10-16 to 2004-10-29,2004-10-16,2004-10-29,Not reported,5.0,George W. Bush,Unknown,46%,False,October 16–29
2004,State,Wisconsin,WI,,General,Reuters,2004-10-25 to 2004-10-28,2004-10-25,2004-10-28,601 LV,4.1,George W. Bush,Unknown,46%,False,October 25–28
2004,State,Wisconsin,WI,,General,American Research Group,2004-10-25 to 2004-10-27,2004-10-25,2004-10-27,600 LV,4.0,George W. Bush,Unknown,47%,False,October 25–27
2004,State,Wisconsin,WI,,General,Reuters,2004-10-21 to 2004-10-24,2004-10-21,2004-10-24,601 LV,4.1,George W. Bush,Unknown,48%,False,October 21–24
2004,State,Wisconsin,WI,,General,American Research Group,2004-10-16 to 2004-10-19,2004-10-16,2004-10-19,600 LV,4.0,George W. Bush,Unknown,47%,False,October 16–19
2004,State,Wisconsin,WI,,General,CNN,2004-10-16 to 2004-10-19,2004-10-16,2004-10-19,678 LV,4.0,George W. Bush,Unknown,51%,False,October 16–19
2004,State,Wisconsin,WI,,General,CNN,2004-10-03 to 2004-10-05,2004-10-03,2004-10-05,704 LV,4.0,George W. Bush,Unknown,49%,False,October 3–5
2004,State,Wisconsin,WI,,General,Rasmussen Reports,2004-09-14 to 2004-09-27,2004-09-14,2004-09-27,400 LV,5.0,George W. Bush,Unknown,49%,False,September 14–27
2004,State,Wisconsin,WI,,General,ABC News,2004-09-16 to 2004-09-19,2004-09-16,2004-09-19,Not reported,3.5,George W. Bush,Unknown,54%,False,September 16–19
2004,State,Wisconsin,WI,,General,CNN,2004-09-09 to 2004-09-12,2004-09-09,2004-09-12,631 LV,5.0,George W. Bush,Unknown,52%,False,September 9–12
2004,State,Wisconsin,WI,,General,Rasmussen Reports,2004-09-01 to 2004-09-12,2004-09-01,2004-09-12,400 LV,5.0,George W. Bush,Unknown,47%,False,September 1–12
2004,State,Wisconsin,WI,,General,CNN,2004-08-23 to 2004-08-26,2004-08-23,2004-08-26,645 LV,5.0,George W. Bush,Unknown,50%,False,August 23–26
2004,State,Wisconsin,WI,,General,Rasmussen Reports,2004-08-01 to 2004-08-26,2004-08-01,2004-08-26,Not reported,5.0,George W. Bush,Unknown,45%,False,August 1–26
2004,State,Wisconsin,WI,,General,Los Angeles Times,2004-08-21 to 2004-08-24,2004-08-21,2004-08-24,512 LV,,George W. Bush,Unknown,48%,False,August 21–24
2004,State,Wisconsin,WI,,General,American Research Group,2004-07-13 to 2004-07-15,2004-07-13,2004-07-15,600 LV,4.0,George W. Bush,Unknown,44%,False,July 13–15
2004,State,Wisconsin,WI,,General,Hubert Humphrey Institute,2004-06-21 to 2004-07-12,2004-06-21,2004-07-12,575 RV,4.0,George W. Bush,Unknown,48.4%,False,June 21–July 12
2004,State,Wisconsin,WI,,General,Los Angeles Times,2004-06-05 to 2004-06-08,2004-06-05,2004-06-08,694 RV,4.0,George W. Bush,Unknown,44%,False,June 5–8
2004,State,Wisconsin,WI,,General,National Republican Committee,2004-06-01 to 2004-06-06,2004-06-01,2004-06-06,800 LV,3.46,George W. Bush,Unknown,44.6%,False,June 1–6
2004,State,Wisconsin,WI,,General,Rasmussen Reports,2004-04-25,2004-04-25,2004-04-25,500 LV,4.5,George W. Bush,Unknown,42%,False,April 25
2004,State,Wisconsin,WI,,General,University of Wisconsin (Badger Poll),2004-03-23 to 2004-03-31,2004-03-23,2004-03-31,500 A,4.0,George W. Bush,Unknown,49%,False,March 23–31
2004,State,Wisconsin,WI,,General,Fox News,2004-10-30 to 2004-10-31,2004-10-30,2004-10-31,700 LV,3.7,John Kerry,Unknown,45%,False,October 30–31
2004,State,Wisconsin,WI,,General,CNN,2004-10-27 to 2004-10-30,2004-10-27,2004-10-30,"1,119 LV",3.0,John Kerry,Unknown,44%,False,October 27–30
2004,State,Wisconsin,WI,,General,University of Wisconsin (Badger Poll),2004-10-23 to 2004-10-27,2004-10-23,2004-10-27,545 LV,4.1,John Kerry,Unknown,45%,False,October 23–27
2004,State,Wisconsin,WI,,General,CNN,2004-10-16 to 2004-10-19,2004-10-16,2004-10-19,678 LV,4.0,John Kerry,Unknown,44%,False,October 16–19
2004,State,Wisconsin,WI,,General,Humphrey Institute,2004-10-14 to 2004-10-19,2004-10-14,2004-10-19,623 LV,4.0,John Kerry,Unknown,47%,False,October 14–19
2004,State,Wisconsin,WI,,General,MSNBC,2004-10-15 to 2004-10-18,2004-10-15,2004-10-18,625 LV,4.0,John Kerry,Unknown,45%,False,October 15–18
2004,State,Wisconsin,WI,,General,Wall Street Journal,2004-10-13 to 2004-10-18,2004-10-13,2004-10-18,883 LV,3.3,John Kerry,Unknown,51.3%,False,October 13–18
2004,State,Wisconsin,WI,,General,Wisconsin Public Radio,2004-10-04 to 2004-10-13,2004-10-04,2004-10-13,401 LV,5.0,John Kerry,Unknown,48%,False,October 4–13
2004,State,Wisconsin,WI,,General,Chicago Tribune,2004-10-08 to 2004-10-11,2004-10-08,2004-10-11,500 LV,4.4,John Kerry,Unknown,47%,False,October 8–11
2004,State,Wisconsin,WI,,General,America Coming Together,2004-10-03 to 2004-10-05,2004-10-03,2004-10-05,600 LV,,John Kerry,Unknown,48%,False,October 3–5
2004,State,Wisconsin,WI,,General,Wall Street Journal,2004-09-30 to 2004-10-05,2004-09-30,2004-10-05,844 LV,3.4,John Kerry,Unknown,50.6%,False,September 30–October 5
2004,State,Wisconsin,WI,,General,Wisconsin Policy Research Institute,2004-09-22 to 2004-09-26,2004-09-22,2004-09-26,562 LV,4.0,John Kerry,Unknown,40%,False,September 22–26
2004,State,Wisconsin,WI,,General,University of Wisconsin (Badger Poll),2004-09-15 to 2004-09-21,2004-09-15,2004-09-21,Not reported,,John Kerry,Unknown,38%,False,September 15–21
2004,State,Wisconsin,WI,,General,ABC News,2004-09-16 to 2004-09-19,2004-09-16,2004-09-19,Not reported,3.5,John Kerry,Unknown,43%,False,September 16–19
2004,State,Wisconsin,WI,,General,Wall Street Journal,2004-09-13 to 2004-09-17,2004-09-13,2004-09-17,771 LV,3.5,John Kerry,Unknown,50.3%,False,September 13–17
2004,State,Wisconsin,WI,,General,MSNBC,2004-09-14 to 2004-09-16,2004-09-14,2004-09-16,625 LV,4.0,John Kerry,Unknown,44%,False,September 14–16
2004,State,Wisconsin,WI,,General,American Research Group,2004-09-12 to 2004-09-15,2004-09-12,2004-09-15,600 LV,4.0,John Kerry,Unknown,46%,False,September 12–15
2004,State,Wisconsin,WI,,General,Wall Street Journal,2004-08-30 to 2004-09-03,2004-08-30,2004-09-03,732 LV,3.6,John Kerry,Unknown,49.9%,False,August 30–September 3
2004,State,Wisconsin,WI,,General,CNN,2004-08-23 to 2004-08-26,2004-08-23,2004-08-26,645 LV,5.0,John Kerry,Unknown,45%,False,August 23–26
2004,State,Wisconsin,WI,,General,Wall Street Journal,2004-08-16 to 2004-08-21,2004-08-16,2004-08-21,638 LV,3.9,John Kerry,Unknown,50.8%,False,August 16–21
2004,State,Wisconsin,WI,,General,Wall Street Journal,2004-07-26 to 2004-07-30,2004-07-26,2004-07-30,634 LV,3.9,John Kerry,Unknown,49.7%,False,July 26–30
2004,State,Wisconsin,WI,,General,Wall Street Journal,2004-07-19 to 2004-07-23,2004-07-19,2004-07-23,601 LV,4.0,John Kerry,Unknown,50.3%,False,July 19–23
2004,State,Wisconsin,WI,,General,American Research Group,2004-07-13 to 2004-07-15,2004-07-13,2004-07-15,600 LV,4.0,John Kerry,Unknown,48%,False,July 13–15
2004,State,Wisconsin,WI,,General,Wall Street Journal,2004-07-06 to 2004-07-10,2004-07-06,2004-07-10,551 LV,4.2,John Kerry,Unknown,53.3%,False,July 6–10
2004,State,Wisconsin,WI,,General,University of Wisconsin (Badger Poll),2004-06-15 to 2004-06-23,2004-06-15,2004-06-23,504 A,4.0,John Kerry,Unknown,42%,False,June 15–23
2004,State,Wisconsin,WI,,General,Wall Street Journal,2004-06-15 to 2004-06-20,2004-06-15,2004-06-20,602 LV,4.0,John Kerry,Unknown,50.6%,False,June 15–20
2004,State,Wisconsin,WI,,General,Los Angeles Times,2004-06-05 to 2004-06-08,2004-06-05,2004-06-08,694 RV,4.0,John Kerry,Unknown,42%,False,June 5–8
2004,State,Wisconsin,WI,,General,Wall Street Journal,2004-06-01 to 2004-06-06,2004-06-01,2004-06-06,646 LV,3.9,John Kerry,Unknown,50.4%,False,June 1–6
2004,State,Wisconsin,WI,,General,Wall Street Journal,2004-05-18 to 2004-05-23,2004-05-18,2004-05-23,841 LV,3.4,John Kerry,Unknown,51.9%,False,May 18–23
2004,State,Wisconsin,WI,,General,America Coming Together,2004-04-26 to 2004-04-28,2004-04-26,2004-04-28,Not reported,,John Kerry,Unknown,49%,False,April 26–28
2004,State,Wisconsin,WI,,General,Journal Sentinel,2004-04-20 to 2004-04-28,2004-04-20,2004-04-28,511 A,4.0,John Kerry,Unknown,38%,False,April 20–28
2004,State,Wisconsin,WI,,General,Rasmussen Reports,2004-04-25,2004-04-25,2004-04-25,500 LV,4.5,John Kerry,Unknown,45%,False,April 25
2004,State,Wisconsin,WI,,General,Wisconsin Public Radio,2004-04-14 to 2004-04-21,2004-04-14,2004-04-21,385 RV,5.0,John Kerry,Unknown,49%,False,April 14–21
2004,State,Wisconsin,WI,,General,University of Wisconsin (Badger Poll),2004-03-23 to 2004-03-31,2004-03-23,2004-03-31,500 A,4.0,John Kerry,Unknown,41%,False,March 23–31
2004,State,Wisconsin,WI,,General,American Research Group,2004-03-23 to 2004-03-25,2004-03-23,2004-03-25,600 LV,4.0,John Kerry,Unknown,46%,False,March 23–25
2004,State,Wisconsin,WI,,General,Fox News,2004-10-30 to 2004-10-31,2004-10-30,2004-10-31,700 LV,3.7,George W. Bush,Unknown,48%,False,October 30–31
2004,State,Wisconsin,WI,,General,CNN,2004-10-27 to 2004-10-30,2004-10-27,2004-10-30,"1,119 LV",3.0,George W. Bush,Unknown,52%,False,October 27–30
2004,State,Wisconsin,WI,,General,University of Wisconsin (Badger Poll),2004-10-23 to 2004-10-27,2004-10-23,2004-10-27,545 LV,4.1,George W. Bush,Unknown,48%,False,October 23–27
2004,State,Wisconsin,WI,,General,CNN,2004-10-16 to 2004-10-19,2004-10-16,2004-10-19,678 LV,4.0,George W. Bush,Unknown,50%,False,October 16–19
2004,State,Wisconsin,WI,,General,Humphrey Institute,2004-10-14 to 2004-10-19,2004-10-14,2004-10-19,623 LV,4.0,George W. Bush,Unknown,48%,False,October 14–19
2004,State,Wisconsin,WI,,General,MSNBC,2004-10-15 to 2004-10-18,2004-10-15,2004-10-18,625 LV,4.0,George W. Bush,Unknown,45%,False,October 15–18
2004,State,Wisconsin,WI,,General,Wall Street Journal,2004-10-13 to 2004-10-18,2004-10-13,2004-10-18,883 LV,3.3,George W. Bush,Unknown,47.5%,False,October 13–18
2004,State,Wisconsin,WI,,General,Wisconsin Public Radio,2004-10-04 to 2004-10-13,2004-10-04,2004-10-13,401 LV,5.0,George W. Bush,Unknown,43%,False,October 4–13
2004,State,Wisconsin,WI,,General,Chicago Tribune,2004-10-08 to 2004-10-11,2004-10-08,2004-10-11,500 LV,4.4,George W. Bush,Unknown,43%,False,October 8–11
2004,State,Wisconsin,WI,,General,America Coming Together,2004-10-03 to 2004-10-05,2004-10-03,2004-10-05,600 LV,,George W. Bush,Unknown,44%,False,October 3–5
2004,State,Wisconsin,WI,,General,Wall Street Journal,2004-09-30 to 2004-10-05,2004-09-30,2004-10-05,844 LV,3.4,George W. Bush,Unknown,48.1%,False,September 30–October 5
2004,State,Wisconsin,WI,,General,Wisconsin Policy Research Institute,2004-09-22 to 2004-09-26,2004-09-22,2004-09-26,562 LV,4.0,George W. Bush,Unknown,50%,False,September 22–26
2004,State,Wisconsin,WI,,General,University of Wisconsin (Badger Poll),2004-09-15 to 2004-09-21,2004-09-15,2004-09-21,Not reported,,George W. Bush,Unknown,52%,False,September 15–21
2004,State,Wisconsin,WI,,General,ABC News,2004-09-16 to 2004-09-19,2004-09-16,2004-09-19,Not reported,3.5,George W. Bush,Unknown,53%,False,September 16–19
2004,State,Wisconsin,WI,,General,Wall Street Journal,2004-09-13 to 2004-09-17,2004-09-13,2004-09-17,771 LV,3.5,George W. Bush,Unknown,47.9%,False,September 13–17
2004,State,Wisconsin,WI,,General,MSNBC,2004-09-14 to 2004-09-16,2004-09-14,2004-09-16,625 LV,4.0,George W. Bush,Unknown,46%,False,September 14–16
2004,State,Wisconsin,WI,,General,American Research Group,2004-09-12 to 2004-09-15,2004-09-12,2004-09-15,600 LV,4.0,George W. Bush,Unknown,46%,False,September 12–15
2004,State,Wisconsin,WI,,General,Wall Street Journal,2004-08-30 to 2004-09-03,2004-08-30,2004-09-03,732 LV,3.6,George W. Bush,Unknown,47.5%,False,August 30–September 3
2004,State,Wisconsin,WI,,General,CNN,2004-08-23 to 2004-08-26,2004-08-23,2004-08-26,645 LV,5.0,George W. Bush,Unknown,48%,False,August 23–26
2004,State,Wisconsin,WI,,General,Los Angeles Times,2004-08-21 to 2004-08-24,2004-08-21,2004-08-24,512 LV,,George W. Bush,Unknown,45%,False,August 21–24
2004,State,Wisconsin,WI,,General,Wall Street Journal,2004-08-16 to 2004-08-21,2004-08-16,2004-08-21,638 LV,3.9,George W. Bush,Unknown,46.4%,False,August 16–21
2004,State,Wisconsin,WI,,General,Wall Street Journal,2004-07-26 to 2004-07-30,2004-07-26,2004-07-30,634 LV,3.9,George W. Bush,Unknown,47.8%,False,July 26–30
2004,State,Wisconsin,WI,,General,Wall Street Journal,2004-07-19 to 2004-07-23,2004-07-19,2004-07-23,601 LV,4.0,George W. Bush,Unknown,46%,False,July 19–23
2004,State,Wisconsin,WI,,General,American Research Group,2004-07-13 to 2004-07-15,2004-07-13,2004-07-15,600 LV,4.0,George W. Bush,Unknown,42%,False,July 13–15
2004,State,Wisconsin,WI,,General,Wall Street Journal,2004-07-06 to 2004-07-10,2004-07-06,2004-07-10,551 LV,4.2,George W. Bush,Unknown,43.9%,False,July 6–10
2004,State,Wisconsin,WI,,General,University of Wisconsin (Badger Poll),2004-06-15 to 2004-06-23,2004-06-15,2004-06-23,504 A,4.0,George W. Bush,Unknown,46%,False,June 15–23
2004,State,Wisconsin,WI,,General,Wall Street Journal,2004-06-15 to 2004-06-20,2004-06-15,2004-06-20,602 LV,4.0,George W. Bush,Unknown,46.2%,False,June 15–20
2004,State,Wisconsin,WI,,General,Wall Street Journal,2004-06-01 to 2004-06-06,2004-06-01,2004-06-06,646 LV,3.9,George W. Bush,Unknown,44.5%,False,June 1–6
2004,State,Wisconsin,WI,,General,Wall Street Journal,2004-05-18 to 2004-05-23,2004-05-18,2004-05-23,841 LV,3.4,George W. Bush,Unknown,43.7%,False,May 18–23
2004,State,Wisconsin,WI,,General,America Coming Together,2004-04-26 to 2004-04-28,2004-04-26,2004-04-28,Not reported,,George W. Bush,Unknown,40%,False,April 26–28
2004,State,Wisconsin,WI,,General,Journal Sentinel,2004-04-20 to 2004-04-28,2004-04-20,2004-04-28,511 A,4.0,George W. Bush,Unknown,50%,False,April 20–28
2004,State,Wisconsin,WI,,General,Rasmussen Reports,2004-04-25,2004-04-25,2004-04-25,500 LV,4.5,George W. Bush,Unknown,41%,False,April 25
2004,State,Wisconsin,WI,,General,Wisconsin Public Radio,2004-04-14 to 2004-04-21,2004-04-14,2004-04-21,385 RV,5.0,George W. Bush,Unknown,42%,False,April 14–21
2004,State,Wisconsin,WI,,General,University of Wisconsin (Badger Poll),2004-03-23 to 2004-03-31,2004-03-23,2004-03-31,500 A,4.0,George W. Bush,Unknown,47%,False,March 23–31
2004,State,Wisconsin,WI,,General,American Research Group,2004-03-23 to 2004-03-25,2004-03-23,2004-03-25,600 LV,4.0,George W. Bush,Unknown,43%,False,March 23–25
2004,State,Wisconsin,WI,,General,Fox News,2004-10-30 to 2004-10-31,2004-10-30,2004-10-31,700 LV,3.7,Ralph Nader,Unknown,1%,False,October 30–31
2004,State,Wisconsin,WI,,General,CNN,2004-10-27 to 2004-10-30,2004-10-27,2004-10-30,"1,119 LV",3.0,Ralph Nader,Unknown,1%,False,October 27–30
2004,State,Wisconsin,WI,,General,American Research Group,2004-10-25 to 2004-10-27,2004-10-25,2004-10-27,600 LV,4.0,Ralph Nader,Unknown,1%,False,October 25–27
2004,State,Wisconsin,WI,,General,University of Wisconsin (Badger Poll),2004-10-23 to 2004-10-27,2004-10-23,2004-10-27,545 LV,4.1,Ralph Nader,Unknown,3%,False,October 23–27
2004,State,Wisconsin,WI,,General,American Research Group,2004-10-16 to 2004-10-19,2004-10-16,2004-10-19,600 LV,4.0,Ralph Nader,Unknown,2%,False,October 16–19
2004,State,Wisconsin,WI,,General,CNN,2004-10-16 to 2004-10-19,2004-10-16,2004-10-19,678 LV,4.0,Ralph Nader,Unknown,3%,False,October 16–19
2004,State,Wisconsin,WI,,General,Humphrey Institute,2004-10-14 to 2004-10-19,2004-10-14,2004-10-19,623 LV,4.0,Ralph Nader,Unknown,2%,False,October 14–19
2004,State,Wisconsin,WI,,General,MSNBC,2004-10-15 to 2004-10-18,2004-10-15,2004-10-18,625 LV,4.0,Ralph Nader,Unknown,1%,False,October 15–18
2004,State,Wisconsin,WI,,General,Wall Street Journal,2004-10-13 to 2004-10-18,2004-10-13,2004-10-18,883 LV,3.3,Ralph Nader,Unknown,0.2%,False,October 13–18
2004,State,Wisconsin,WI,,General,Wisconsin Public Radio,2004-10-04 to 2004-10-13,2004-10-04,2004-10-13,401 LV,5.0,Ralph Nader,Unknown,2%,False,October 4–13
2004,State,Wisconsin,WI,,General,Chicago Tribune,2004-10-08 to 2004-10-11,2004-10-08,2004-10-11,500 LV,4.4,Ralph Nader,Unknown,2%,False,October 8–11
2004,State,Wisconsin,WI,,General,CNN,2004-10-03 to 2004-10-05,2004-10-03,2004-10-05,704 LV,4.0,Ralph Nader,Unknown,2%,False,October 3–5
2004,State,Wisconsin,WI,,General,America Coming Together,2004-10-03 to 2004-10-05,2004-10-03,2004-10-05,600 LV,,Ralph Nader,Unknown,1%,False,October 3–5
2004,State,Wisconsin,WI,,General,Wall Street Journal,2004-09-30 to 2004-10-05,2004-09-30,2004-10-05,844 LV,3.4,Ralph Nader,Unknown,0.1%,False,September 30–October 5
2004,State,Wisconsin,WI,,General,Wisconsin Policy Research Institute,2004-09-22 to 2004-09-26,2004-09-22,2004-09-26,562 LV,4.0,Ralph Nader,Unknown,6%,False,September 22–26
2004,State,Wisconsin,WI,,General,University of Wisconsin (Badger Poll),2004-09-15 to 2004-09-21,2004-09-15,2004-09-21,Not reported,,Ralph Nader,Unknown,4%,False,September 15–21
2004,State,Wisconsin,WI,,General,ABC News,2004-09-16 to 2004-09-19,2004-09-16,2004-09-19,Not reported,3.5,Ralph Nader,Unknown,1%,False,September 16–19
2004,State,Wisconsin,WI,,General,Wall Street Journal,2004-09-13 to 2004-09-17,2004-09-13,2004-09-17,771 LV,3.5,Ralph Nader,Unknown,0.3%,False,September 13–17
2004,State,Wisconsin,WI,,General,MSNBC,2004-09-14 to 2004-09-16,2004-09-14,2004-09-16,625 LV,4.0,Ralph Nader,Unknown,1%,False,September 14–16
2004,State,Wisconsin,WI,,General,American Research Group,2004-09-12 to 2004-09-15,2004-09-12,2004-09-15,600 LV,4.0,Ralph Nader,Unknown,1%,False,September 12–15
2004,State,Wisconsin,WI,,General,CNN,2004-09-09 to 2004-09-12,2004-09-09,2004-09-12,631 LV,5.0,Ralph Nader,Unknown,1%,False,September 9–12
2004,State,Wisconsin,WI,,General,Wall Street Journal,2004-08-30 to 2004-09-03,2004-08-30,2004-09-03,732 LV,3.6,Ralph Nader,Unknown,0.1%,False,August 30–September 3
2004,State,Wisconsin,WI,,General,CNN,2004-08-23 to 2004-08-26,2004-08-23,2004-08-26,645 LV,5.0,Ralph Nader,Unknown,4%,False,August 23–26
2004,State,Wisconsin,WI,,General,Los Angeles Times,2004-08-21 to 2004-08-24,2004-08-21,2004-08-24,512 LV,,Ralph Nader,Unknown,3%,False,August 21–24
2004,State,Wisconsin,WI,,General,Wall Street Journal,2004-08-16 to 2004-08-21,2004-08-16,2004-08-21,638 LV,3.9,Ralph Nader,Unknown,0.3%,False,August 16–21
2004,State,Wisconsin,WI,,General,Wall Street Journal,2004-07-26 to 2004-07-30,2004-07-26,2004-07-30,634 LV,3.9,Ralph Nader,Unknown,0.2%,False,July 26–30
2004,State,Wisconsin,WI,,General,Wall Street Journal,2004-07-19 to 2004-07-23,2004-07-19,2004-07-23,601 LV,4.0,Ralph Nader,Unknown,0.7%,False,July 19–23
2004,State,Wisconsin,WI,,General,American Research Group,2004-07-13 to 2004-07-15,2004-07-13,2004-07-15,600 LV,4.0,Ralph Nader,Unknown,4%,False,July 13–15
2004,State,Wisconsin,WI,,General,Wall Street Journal,2004-07-06 to 2004-07-10,2004-07-06,2004-07-10,551 LV,4.2,Ralph Nader,Unknown,0.7%,False,July 6–10
2004,State,Wisconsin,WI,,General,University of Wisconsin (Badger Poll),2004-06-15 to 2004-06-23,2004-06-15,2004-06-23,504 A,4.0,Ralph Nader,Unknown,5%,False,June 15–23
2004,State,Wisconsin,WI,,General,Wall Street Journal,2004-06-15 to 2004-06-20,2004-06-15,2004-06-20,602 LV,4.0,Ralph Nader,Unknown,0.7%,False,June 15–20
2004,State,Wisconsin,WI,,General,Los Angeles Times,2004-06-05 to 2004-06-08,2004-06-05,2004-06-08,694 RV,4.0,Ralph Nader,Unknown,4%,False,June 5–8
2004,State,Wisconsin,WI,,General,Wall Street Journal,2004-06-01 to 2004-06-06,2004-06-01,2004-06-06,646 LV,3.9,Ralph Nader,Unknown,1.3%,False,June 1–6
2004,State,Wisconsin,WI,,General,Wall Street Journal,2004-05-18 to 2004-05-23,2004-05-18,2004-05-23,841 LV,3.4,Ralph Nader,Unknown,1.4%,False,May 18–23
2004,State,Wisconsin,WI,,General,America Coming Together,2004-04-26 to 2004-04-28,2004-04-26,2004-04-28,Not reported,,Ralph Nader,Unknown,2%,False,April 26–28
2004,State,Wisconsin,WI,,General,Journal Sentinel,2004-04-20 to 2004-04-28,2004-04-20,2004-04-28,511 A,4.0,Ralph Nader,Unknown,6%,False,April 20–28
2004,State,Wisconsin,WI,,General,Rasmussen Reports,2004-04-25,2004-04-25,2004-04-25,500 LV,4.5,Ralph Nader,Unknown,8%,False,April 25
2004,State,Wisconsin,WI,,General,Wisconsin Public Radio,2004-04-14 to 2004-04-21,2004-04-14,2004-04-21,385 RV,5.0,Ralph Nader,Unknown,7%,False,April 14–21
2004,State,Wisconsin,WI,,General,University of Wisconsin (Badger Poll),2004-03-23 to 2004-03-31,2004-03-23,2004-03-31,500 A,4.0,Ralph Nader,Unknown,5%,False,March 23–31
2004,State,Wisconsin,WI,,General,American Research Group,2004-03-23 to 2004-03-25,2004-03-23,2004-03-25,600 LV,4.0,Ralph Nader,Unknown,4%,False,March 23–25
2004,State,Wisconsin,WI,,General,Badnarik for President,2004-10-14,2004-10-14,2004-10-14,500 LV,4.5,John Kerry,Unknown,48%,False,October 14
2004,State,Wisconsin,WI,,General,Hubert Humphrey Institute,2004-06-21 to 2004-07-12,2004-06-21,2004-07-12,575 RV,4.0,John Kerry,Unknown,44.6%,False,June 21–July 12
2004,State,Wisconsin,WI,,General,Badnarik for President,2004-10-14,2004-10-14,2004-10-14,500 LV,4.5,George W. Bush,Unknown,47%,False,October 14
2004,State,Wisconsin,WI,,General,Hubert Humphrey Institute,2004-06-21 to 2004-07-12,2004-06-21,2004-07-12,575 RV,4.0,George W. Bush,Unknown,46.1%,False,June 21–July 12
2004,State,Wisconsin,WI,,General,Badnarik for President,2004-10-14,2004-10-14,2004-10-14,500 LV,4.5,Ralph Nader,Unknown,1%,False,October 14
2004,State,Wisconsin,WI,,General,Hubert Humphrey Institute,2004-06-21 to 2004-07-12,2004-06-21,2004-07-12,575 RV,4.0,Ralph Nader,Unknown,4%,False,June 21–July 12
2004,State,Wisconsin,WI,,General,Badnarik for President,2004-10-14,2004-10-14,2004-10-14,500 LV,4.5,Michael Badnarik,Unknown,1%,False,October 14
2004,State,Wisconsin,WI,,General,Hubert Humphrey Institute,2004-06-21 to 2004-07-12,2004-06-21,2004-07-12,575 RV,4.0,Michael Badnarik,Unknown,1.5%,False,June 21–July 12
2004,State,Wyoming,WY,,General,American Research Group,2004-09-09 to 2004-09-11,2004-09-09,2004-09-11,600 LV,4.0,John Kerry,Unknown,29%,False,September 9–11
2004,State,Wyoming,WY,,General,American Research Group,2004-09-09 to 2004-09-11,2004-09-09,2004-09-11,600 LV,4.0,George W. Bush,Unknown,65%,False,September 9–11
2004,State,Wyoming,WY,,General,American Research Group,2004-09-09 to 2004-09-11,2004-09-09,2004-09-11,600 LV,4.0,Ralph Nader,Unknown,2%,False,September 9–11
2004,State,Florida,FL,,General,Quinnipiac,2004-10-27 to 2004-10-31,2004-10-27,2004-10-31,"1,098",3.3,John Kerry,D,43%,False,"October 27–31, 2004"
2004,State,Florida,FL,,General,Quinnipiac,2004-10-22 to 2004-10-26,2004-10-22,2004-10-26,944,3.2,John Kerry,D,46%,False,"October 22–26, 2004"
2004,State,Florida,FL,,General,Quinnipiac,2004-10-15 to 2004-10-19,2004-10-15,2004-10-19,808,3.5,John Kerry,D,47%,False,"October 15–19, 2004"
2004,State,Florida,FL,,General,Quinnipiac,2004-10-01 to 2004-10-05,2004-10-01,2004-10-05,717,3.7,John Kerry,D,44%,False,"October 1–5, 2004"
2004,State,Florida,FL,,General,Quinnipiac,2004-09-18 to 2004-09-21,2004-09-18,2004-09-21,819,3.4,John Kerry,D,41%,False,"September 18–21, 2004"
2004,State,Florida,FL,,General,Quinnipiac,2004-08-05 to 2004-08-10,2004-08-05,2004-08-10,"1,094",3.0,John Kerry,D,47%,False,"August 5–10, 2004"
2004,State,Florida,FL,,General,Quinnipiac,2004-06-23 to 2004-06-27,2004-06-23,2004-06-27,"1,209",2.8,John Kerry,D,43%,False,"June 23–27, 2004"
2004,State,Florida,FL,,General,Quinnipiac,2004-10-27 to 2004-10-31,2004-10-27,2004-10-31,"1,098",3.3,George W. Bush,R,51%,False,"October 27–31, 2004"
2004,State,Florida,FL,,General,Quinnipiac,2004-10-22 to 2004-10-26,2004-10-22,2004-10-26,944,3.2,George W. Bush,R,49%,False,"October 22–26, 2004"
2004,State,Florida,FL,,General,Quinnipiac,2004-10-15 to 2004-10-19,2004-10-15,2004-10-19,808,3.5,George W. Bush,R,48%,False,"October 15–19, 2004"
2004,State,Florida,FL,,General,Quinnipiac,2004-10-01 to 2004-10-05,2004-10-01,2004-10-05,717,3.7,George W. Bush,R,51%,False,"October 1–5, 2004"
2004,State,Florida,FL,,General,Quinnipiac,2004-09-18 to 2004-09-21,2004-09-18,2004-09-21,819,3.4,George W. Bush,R,49%,False,"September 18–21, 2004"
2004,State,Florida,FL,,General,Quinnipiac,2004-08-05 to 2004-08-10,2004-08-05,2004-08-10,"1,094",3.0,George W. Bush,R,41%,False,"August 5–10, 2004"
2004,State,Florida,FL,,General,Quinnipiac,2004-06-23 to 2004-06-27,2004-06-23,2004-06-27,"1,209",2.8,George W. Bush,R,43%,False,"June 23–27, 2004"
2004,State,Florida,FL,,General,Quinnipiac,2004-10-27 to 2004-10-31,2004-10-27,2004-10-31,"1,098",3.3,Ralph Nader,I,1%,False,"October 27–31, 2004"
2004,State,Florida,FL,,General,Quinnipiac,2004-10-22 to 2004-10-26,2004-10-22,2004-10-26,944,3.2,Ralph Nader,I,1%,False,"October 22–26, 2004"
2004,State,Florida,FL,,General,Quinnipiac,2004-10-15 to 2004-10-19,2004-10-15,2004-10-19,808,3.5,Ralph Nader,I,1%,False,"October 15–19, 2004"
2004,State,Florida,FL,,General,Quinnipiac,2004-10-01 to 2004-10-05,2004-10-01,2004-10-05,717,3.7,Ralph Nader,I,0%,False,"October 1–5, 2004"
2004,State,Florida,FL,,General,Quinnipiac,2004-09-18 to 2004-09-21,2004-09-18,2004-09-21,819,3.4,Ralph Nader,I,5%,False,"September 18–21, 2004"
2004,State,Florida,FL,,General,Quinnipiac,2004-08-05 to 2004-08-10,2004-08-05,2004-08-10,"1,094",3.0,Ralph Nader,I,4%,False,"August 5–10, 2004"
2004,State,Florida,FL,,General,Quinnipiac,2004-06-23 to 2004-06-27,2004-06-23,2004-06-27,"1,209",2.8,Ralph Nader,I,5%,False,"June 23–27, 2004"
2004,State,New Jersey,NJ,,General,Quinnipiac,2003-06-11 to 2003-06-16,2003-06-11,2003-06-16,815 RV,3.4,George W. Bush,R,53%,False,"June 11–16, 2003"
2004,State,New Jersey,NJ,,General,Quinnipiac,2003-09-18 to 2003-09-22,2003-09-18,2003-09-22,968 RV,3.2,George W. Bush,R,48%,False,"September 18–22, 2003"
2004,State,New Jersey,NJ,,General,Quinnipiac,2003-11-06 to 2003-11-10,2003-11-06,2003-11-10,"1,027 RV",3.1,George W. Bush,R,46%,False,"November 6–10, 2003"
2004,State,New Jersey,NJ,,General,Quinnipiac,2004-05-10 to 2004-05-16,2004-05-10,2004-05-16,"1,122 RV",2.9,George W. Bush,R,44%,False,"May 10–16, 2004"
2004,State,New Jersey,NJ,,General,Quinnipiac,2004-05-10 to 2004-05-16,2004-05-10,2004-05-16,"1,122 RV",2.9,George W. Bush,R,43%,False,"May 10–16, 2004"
2004,State,New Jersey,NJ,,General,Quinnipiac,2004-06-15 to 2004-06-20,2004-06-15,2004-06-20,"1,167 RV",2.9,George W. Bush,R,41%,False,"June 15–20, 2004"
2004,State,New Jersey,NJ,,General,Quinnipiac,2004-06-15 to 2004-06-20,2004-06-15,2004-06-20,"1,167 RV",2.9,George W. Bush,R,40%,False,"June 15–20, 2004"
2004,State,New Jersey,NJ,,General,Quinnipiac,2025-08-01 to 2025-08-28,2025-08-01,2025-08-28,"July 30–August 2, 2004",,George W. Bush,R,±3.1%,False,"access-date=August 28, 2025}}"
2004,State,New Jersey,NJ,,General,Quinnipiac,2004-07-30 to 2004-08-02,2004-07-30,2004-08-02,,,George W. Bush,R,±3.1%,False,"July 30–August 2, 2004"
2004,State,New Jersey,NJ,,General,Quinnipiac,2003-06-11 to 2003-06-16,2003-06-11,2003-06-16,815 RV,3.4,John Kerry,D,37%,False,"June 11–16, 2003"
2004,State,New Jersey,NJ,,General,Quinnipiac,2003-09-18 to 2003-09-22,2003-09-18,2003-09-22,968 RV,3.2,John Kerry,D,43%,False,"September 18–22, 2003"
2004,State,New Jersey,NJ,,General,Quinnipiac,2003-11-06 to 2003-11-10,2003-11-06,2003-11-10,"1,027 RV",3.1,John Kerry,D,45%,False,"November 6–10, 2003"
2004,State,New Jersey,NJ,,General,Quinnipiac,2004-05-10 to 2004-05-16,2004-05-10,2004-05-16,"1,122 RV",2.9,John Kerry,D,47%,False,"May 10–16, 2004"
2004,State,New Jersey,NJ,,General,Quinnipiac,2004-05-10 to 2004-05-16,2004-05-10,2004-05-16,"1,122 RV",2.9,John Kerry,D,46%,False,"May 10–16, 2004"
2004,State,New Jersey,NJ,,General,Quinnipiac,2004-06-15 to 2004-06-20,2004-06-15,2004-06-20,"1,167 RV",2.9,John Kerry,D,49%,False,"June 15–20, 2004"
2004,State,New Jersey,NJ,,General,Quinnipiac,2004-06-15 to 2004-06-20,2004-06-15,2004-06-20,"1,167 RV",2.9,John Kerry,D,46%,False,"June 15–20, 2004"
2004,State,New Jersey,NJ,,General,Quinnipiac,2025-08-01 to 2025-08-28,2025-08-01,2025-08-28,"July 30–August 2, 2004",,John Kerry,D,38%,False,"access-date=August 28, 2025}}"
2004,State,New Jersey,NJ,,General,Quinnipiac,2004-07-30 to 2004-08-02,2004-07-30,2004-08-02,,,John Kerry,D,49%,False,"July 30–August 2, 2004"
2004,State,New Jersey,NJ,,General,Quinnipiac,2004-05-10 to 2004-05-16,2004-05-10,2004-05-16,"1,122 RV",2.9,Ralph Nader,I,5%,False,"May 10–16, 2004"
2004,State,New Jersey,NJ,,General,Quinnipiac,2004-06-15 to 2004-06-20,2004-06-15,2004-06-20,"1,167 RV",2.9,Ralph Nader,I,7%,False,"June 15–20, 2004"
2004,State,New Jersey,NJ,,General,Quinnipiac,2025-08-01 to 2025-08-28,2025-08-01,2025-08-28,"July 30–August 2, 2004",,Ralph Nader,I,52%,False,"access-date=August 28, 2025}}"
2004,State,New Jersey,NJ,,General,Quinnipiac,2004-07-30 to 2004-08-02,2004-07-30,2004-08-02,,,Ralph Nader,I,6%,False,"July 30–August 2, 2004"
2004,State,New Jersey,NJ,,General,Quinnipiac,2002-12-03 to 2002-12-09,2002-12-03,2002-12-09,934 RV,3.2,George W. Bush,R,43%,False,"December 3–9, 2002"
2004,State,New Jersey,NJ,,General,Quinnipiac,2002-12-03 to 2002-12-09,2002-12-03,2002-12-09,934 RV,3.2,Generic,D,45%,False,"December 3–9, 2002"
2004,State,New Jersey,NJ,,General,Quinnipiac,2003-09-18 to 2003-09-22,2003-09-18,2003-09-22,968 RV,3.2,George W. Bush,R,47%,False,"September 18–22, 2003"
2004,State,New Jersey,NJ,,General,Quinnipiac,2003-11-06 to 2003-11-10,2003-11-06,2003-11-10,"1,027 RV",3.1,George W. Bush,R,47%,False,"November 6–10, 2003"
2004,State,New Jersey,NJ,,General,Quinnipiac,2003-09-18 to 2003-09-22,2003-09-18,2003-09-22,968 RV,3.2,Wesley Clark,D,42%,False,"September 18–22, 2003"
2004,State,New Jersey,NJ,,General,Quinnipiac,2003-11-06 to 2003-11-10,2003-11-06,2003-11-10,"1,027 RV",3.1,Wesley Clark,D,45%,False,"November 6–10, 2003"
2004,State,New Jersey,NJ,,General,Quinnipiac,2003-06-11 to 2003-06-16,2003-06-11,2003-06-16,815 RV,3.4,George W. Bush,R,54%,False,"June 11–16, 2003"
2004,State,New Jersey,NJ,,General,Quinnipiac,2003-06-11 to 2003-06-16,2003-06-11,2003-06-16,815 RV,3.4,Hillary Clinton,D,38%,False,"June 11–16, 2003"
2004,State,New Jersey,NJ,,General,Quinnipiac,2003-09-18 to 2003-09-22,2003-09-18,2003-09-22,968 RV,3.2,Hillary Clinton,D,45%,False,"September 18–22, 2003"
2004,State,New Jersey,NJ,,General,Quinnipiac,2003-11-06 to 2003-11-10,2003-11-06,2003-11-10,"1,027 RV",3.1,Hillary Clinton,D,45%,False,"November 6–10, 2003"
2004,State,New Jersey,NJ,,General,Quinnipiac,2003-09-18 to 2003-09-22,2003-09-18,2003-09-22,968 RV,3.2,George W. Bush,R,50%,False,"September 18–22, 2003"
2004,State,New Jersey,NJ,,General,Quinnipiac,2003-11-06 to 2003-11-10,2003-11-06,2003-11-10,"1,027 RV",3.1,George W. Bush,R,48%,False,"November 6–10, 2003"
2004,State,New Jersey,NJ,,General,Quinnipiac,2003-09-18 to 2003-09-22,2003-09-18,2003-09-22,968 RV,3.2,Howard Dean,D,40%,False,"September 18–22, 2003"
2004,State,New Jersey,NJ,,General,Quinnipiac,2003-11-06 to 2003-11-10,2003-11-06,2003-11-10,"1,027 RV",3.1,Howard Dean,D,45%,False,"November 6–10, 2003"
2004,State,New Jersey,NJ,,General,Quinnipiac,2003-09-18 to 2003-09-22,2003-09-18,2003-09-22,968 RV,3.2,Dick Gephardt,D,44%,False,"September 18–22, 2003"
2004,State,New Jersey,NJ,,General,Quinnipiac,2003-11-06 to 2003-11-10,2003-11-06,2003-11-10,"1,027 RV",3.1,Dick Gephardt,D,45%,False,"November 6–10, 2003"
2004,State,New Jersey,NJ,,General,Quinnipiac,2002-12-03 to 2002-12-09,2002-12-03,2002-12-09,934 RV,3.2,George W. Bush,R,48%,False,"December 3–9, 2002"
2004,State,New Jersey,NJ,,General,Quinnipiac,2002-12-03 to 2002-12-09,2002-12-03,2002-12-09,934 RV,3.2,Al Gore,D,45%,False,"December 3–9, 2002"
2004,State,New Jersey,NJ,,General,Quinnipiac,2003-09-18 to 2003-09-22,2003-09-18,2003-09-22,968 RV,3.2,George W. Bush,R,49%,False,"September 18–22, 2003"
2004,State,New Jersey,NJ,,General,Quinnipiac,2003-06-11 to 2003-06-16,2003-06-11,2003-06-16,815 RV,3.4,Joe Lieberman,D,39%,False,"June 11–16, 2003"
2004,State,New Jersey,NJ,,General,Quinnipiac,2003-09-18 to 2003-09-22,2003-09-18,2003-09-22,968 RV,3.2,Joe Lieberman,D,44%,False,"September 18–22, 2003"
2004,State,New Jersey,NJ,,General,Quinnipiac,2003-11-06 to 2003-11-10,2003-11-06,2003-11-10,"1,027 RV",3.1,Joe Lieberman,D,47%,False,"November 6–10, 2003"
