Year,State,State_Code,District,Primary_Type,Poll_Source,Date,Date_Start,Date_End,Sample,MoE,Candidate,Party,Pct,Incumbent,Date_Original
2006,Nevada,NV,2,Republican Primary,Strategic Solutions,2005-04-27,2005-04-27,2005-04-27,325 (V),5.6,Sharron Angle,R,8%,False,"April 27, 2005"
2006,Nevada,NV,2,Republican Primary,Strategic Solutions,2005-04-27,2005-04-27,2005-04-27,325 (V),5.6,Kathy Augustine,R,3%,False,"April 27, 2005"
2006,Nevada,NV,2,Republican Primary,Strategic Solutions,2005-04-27,2005-04-27,2005-04-27,325 (V),5.6,Dawn Gibbons,R,16%,False,"April 27, 2005"
2006,Nevada,NV,2,Republican Primary,Strategic Solutions,2005-04-27,2005-04-27,2005-04-27,325 (V),5.6,Dean Heller,R,28%,False,"April 27, 2005"
2006,Nevada,NV,2,Republican Primary,Mason-Dixon,2005-10-21 to 2005-10-24,2005-10-21,2005-10-24,,7.0,Sharron Angle,R,14%,False,"October 21–24, 2005"
2006,Nevada,NV,2,Republican Primary,Mason-Dixon,2005-10-21 to 2005-10-24,2005-10-21,2005-10-24,,7.0,Dawn Gibbons,R,23%,False,"October 21–24, 2005"
2006,Nevada,NV,2,Republican Primary,Mason-Dixon,2005-10-21 to 2005-10-24,2005-10-21,2005-10-24,,7.0,Dean Heller,R,37%,False,"October 21–24, 2005"
2006,Nevada,NV,2,Republican Primary,Hart Research,2006-03-12 to 2006-03-13,2006-03-12,2006-03-13,,4.7,Sharron Angle,R,12%,False,"March 12–13, 2006"
2006,Nevada,NV,2,Republican Primary,Hart Research,2006-03-12 to 2006-03-13,2006-03-12,2006-03-13,,4.7,Dawn Gibbons,R,34%,False,"March 12–13, 2006"
2006,Nevada,NV,2,Republican Primary,Hart Research,2006-03-12 to 2006-03-13,2006-03-12,2006-03-13,,4.7,Dean Heller,R,25%,False,"March 12–13, 2006"
2006,Nevada,NV,2,Republican Primary,Research 2000,2006-05-12 to 2006-05-14,2006-05-12,2006-05-14,400 (V),5.0,Sharron Angle,R,15%,False,"May 12–14, 2006"
2006,Nevada,NV,2,Republican Primary,Research 2000,2006-05-12 to 2006-05-14,2006-05-12,2006-05-14,400 (V),5.0,Dawn Gibbons,R,32%,False,"May 12–14, 2006"
2006,Nevada,NV,2,Republican Primary,Research 2000,2006-05-12 to 2006-05-14,2006-05-12,2006-05-14,400 (V),5.0,Dean Heller,R,27%,False,"May 12–14, 2006"
2006,Nevada,NV,2,Republican Primary,Hart Research,2006-07-20 to 2006-07-22,2006-07-20,2006-07-22,,4.0,Sharron Angle,R,19%,False,"July 20–22, 2006"
2006,Nevada,NV,2,Republican Primary,Hart Research,2006-07-20 to 2006-07-22,2006-07-20,2006-07-22,,4.0,Dawn Gibbons,R,19%,False,"July 20–22, 2006"
2006,Nevada,NV,2,Republican Primary,Hart Research,2006-07-20 to 2006-07-22,2006-07-20,2006-07-22,,4.0,Dean Heller,R,35%,False,"July 20–22, 2006"
2006,Nevada,NV,2,Republican Primary,Neighborhood Research,2006-07-26 to 2006-07-27,2006-07-26,2006-07-27,,5.6,Sharron Angle,R,19%,False,"July 26–27, 2006"
2006,Nevada,NV,2,Republican Primary,Neighborhood Research,2006-07-26 to 2006-07-27,2006-07-26,2006-07-27,,5.6,Dawn Gibbons,R,22%,False,"July 26–27, 2006"
2006,Nevada,NV,2,Republican Primary,Neighborhood Research,2006-07-26 to 2006-07-27,2006-07-26,2006-07-27,,5.6,Dean Heller,R,24%,False,"July 26–27, 2006"
2006,Nevada,NV,2,Republican Primary,Global Strategy Group,2006-08-01 to 2006-08-03,2006-08-01,2006-08-03,,5.0,Sharron Angle,R,26%,False,"August 1–3, 2006"
2006,Nevada,NV,2,Republican Primary,Global Strategy Group,2006-08-01 to 2006-08-03,2006-08-01,2006-08-03,,5.0,Dawn Gibbons,R,23%,False,"August 1–3, 2006"
2006,Nevada,NV,2,Republican Primary,Global Strategy Group,2006-08-01 to 2006-08-03,2006-08-01,2006-08-03,,5.0,Dean Heller,R,30%,False,"August 1–3, 2006"
2006,Nevada,NV,2,Republican Primary,Neighborhood Research,2006-08-08 to 2006-08-10,2006-08-08,2006-08-10,,5.6,Sharron Angle,R,33%,False,"August 8–10, 2006"
2006,Nevada,NV,2,Republican Primary,Neighborhood Research,2006-08-08 to 2006-08-10,2006-08-08,2006-08-10,,5.6,Dawn Gibbons,R,21%,False,"August 8–10, 2006"
2006,Nevada,NV,2,Republican Primary,Neighborhood Research,2006-08-08 to 2006-08-10,2006-08-08,2006-08-10,,5.6,Dean Heller,R,19%,False,"August 8–10, 2006"
2006,Nevada,NV,2,Republican Primary,Mason-Dixon,2006-08-08 to 2006-08-11,2006-08-08,2006-08-11,400 (LV),5.0,Sharron Angle,R,32%,False,"August 8–11, 2006"
2006,Nevada,NV,2,Republican Primary,Mason-Dixon,2006-08-08 to 2006-08-11,2006-08-08,2006-08-11,400 (LV),5.0,Dawn Gibbons,R,19%,False,"August 8–11, 2006"
2006,Nevada,NV,2,Republican Primary,Mason-Dixon,2006-08-08 to 2006-08-11,2006-08-08,2006-08-11,400 (LV),5.0,Richard Gilster,R,1%,False,"August 8–11, 2006"
2006,Nevada,NV,2,Republican Primary,Mason-Dixon,2006-08-08 to 2006-08-11,2006-08-08,2006-08-11,400 (LV),5.0,Dean Heller,R,32%,False,"August 8–11, 2006"
2006,Nevada,NV,2,Republican Primary,Mason-Dixon,2006-08-08 to 2006-08-11,2006-08-08,2006-08-11,400 (LV),5.0,Glenn Thomas,R,1%,False,"August 8–11, 2006"
2007,Ohio,OH,5,Republican Primary,Basswood Research,2007-09-19,2007-09-19,2007-09-19,,,Buehrer,R,14%,False,"September 19, 2007"
2007,Ohio,OH,5,Republican Primary,Basswood Research,2007-09-19,2007-09-19,2007-09-19,,,Latta,R,27%,False,"September 19, 2007"
2007,Ohio,OH,5,Republican Primary,Basswood Research,2007-10-15,2007-10-15,2007-10-15,,,Buehrer,R,25%,False,"October 15, 2007"
2007,Ohio,OH,5,Republican Primary,Basswood Research,2007-10-15,2007-10-15,2007-10-15,,,Latta,R,28%,False,"October 15, 2007"
2008,Virginia,VA,11,Democratic Primary,Lake Research Partners,2008-01-07 to 2008-01-10,2008-01-07,2008-01-10,400 (RV),4.9,Leslie Byrne,D,22%,False,"January 7–10, 2008"
2008,Virginia,VA,11,Democratic Primary,Lake Research Partners,2008-01-07 to 2008-01-10,2008-01-07,2008-01-10,400 (RV),4.9,Gerry Connolly,D,45%,False,"January 7–10, 2008"
2008,Virginia,VA,11,Democratic Primary,Lake Research Partners,2008-01-07 to 2008-01-10,2008-01-07,2008-01-10,400 (RV),4.9,Douglas Denneny,D,1%,False,"January 7–10, 2008"
2008,Virginia,VA,11,Democratic Primary,Global Strategy Group,2008-01-09 to 2008-01-13,2008-01-09,2008-01-13,400 (LV),4.9,Leslie Byrne,D,39%,False,"January 9–13, 2008"
2008,Virginia,VA,11,Democratic Primary,Global Strategy Group,2008-01-09 to 2008-01-13,2008-01-09,2008-01-13,400 (LV),4.9,Gerry Connolly,D,29%,False,"January 9–13, 2008"
2008,Virginia,VA,11,Democratic Primary,Global Strategy Group,2008-01-09 to 2008-01-13,2008-01-09,2008-01-13,400 (LV),4.9,Douglas Denneny,D,8%,False,"January 9–13, 2008"
2008,Virginia,VA,11,Democratic Primary,Lake Research Partners,2008-03-24 to 2008-03-27,2008-03-24,2008-03-27,500 (LV),4.4,Lori Alexander,D,1%,False,"March 24–27, 2008"
2008,Virginia,VA,11,Democratic Primary,Lake Research Partners,2008-03-24 to 2008-03-27,2008-03-24,2008-03-27,500 (LV),4.4,Leslie Byrne,D,25%,False,"March 24–27, 2008"
2008,Virginia,VA,11,Democratic Primary,Lake Research Partners,2008-03-24 to 2008-03-27,2008-03-24,2008-03-27,500 (LV),4.4,Gerry Connolly,D,45%,False,"March 24–27, 2008"
2008,Virginia,VA,11,Democratic Primary,Lake Research Partners,2008-03-24 to 2008-03-27,2008-03-24,2008-03-27,500 (LV),4.4,Douglas Denneny,D,1%,False,"March 24–27, 2008"
2008,Wyoming,WY,AL,Republican Primary,Mason-Dixon Polling & Strategy,2008-01-18 to 2008-01-21,2008-01-18,2008-01-21,325,4.0,Cynthia Lummis,R,31%,False,"January 18-21, 2008"
2008,Wyoming,WY,AL,Republican Primary,Mason-Dixon Polling & Strategy,2008-01-18 to 2008-01-21,2008-01-18,2008-01-21,325,4.0,Tom Sansonetti,R,9%,False,"January 18-21, 2008"
2008,Wyoming,WY,AL,Republican Primary,Mason-Dixon Polling & Strategy,2008-01-18 to 2008-01-21,2008-01-18,2008-01-21,325,4.0,Dan Zwonitzer,R,5%,False,"January 18-21, 2008"
2008,Wyoming,WY,AL,Republican Primary,Mason-Dixon Polling & Strategy,2008-01-18 to 2008-01-21,2008-01-18,2008-01-21,325,4.0,Roy Cohee,R,4%,False,"January 18-21, 2008"
2008,Wyoming,WY,AL,Republican Primary,Mason-Dixon Polling & Strategy,2008-01-18 to 2008-01-21,2008-01-18,2008-01-21,325,4.0,Matt Mead,R,3%,False,"January 18-21, 2008"
2008,Wyoming,WY,AL,Republican Primary,Mason-Dixon Polling & Strategy,2008-01-18 to 2008-01-21,2008-01-18,2008-01-21,325,4.0,Swede Nelson,R,2%,False,"January 18-21, 2008"
2008,Wyoming,WY,AL,Republican Primary,Mason-Dixon Polling & Strategy,2008-01-18 to 2008-01-21,2008-01-18,2008-01-21,325,4.0,Bill Winney,R,1%,False,"January 18-21, 2008"
2010,Alabama,AL,7,Democratic Primary,Anzalone Liszt Research,2010-01,2010-01-01,2010-01-31,,,Shelia Smoot,D,29%,False,January 2010
2010,Alabama,AL,7,Democratic Primary,Anzalone Liszt Research,2010-01,2010-01-01,2010-01-31,,,Earl Hilliard Jr.,D,25%,False,January 2010
2010,Alabama,AL,7,Democratic Primary,Anzalone Liszt Research,2010-01,2010-01-01,2010-01-31,,,Terri Sewell,D,9%,False,January 2010
2010,Alabama,AL,7,Democratic Primary,Anzalone Liszt Research,2010-04,2010-04-01,2010-04-30,,,Shelia Smoot,D,33%,False,April 2010
2010,Alabama,AL,7,Democratic Primary,Anzalone Liszt Research,2010-04,2010-04-01,2010-04-30,,,Earl Hilliard Jr.,D,28%,False,April 2010
2010,Alabama,AL,7,Democratic Primary,Anzalone Liszt Research,2010-04,2010-04-01,2010-04-30,,,Terri Sewell,D,13%,False,April 2010
2010,Alabama,AL,7,Democratic Primary,Anzalone Liszt Research,2010-05-13 to 2010-05-16,2010-05-13,2010-05-16,,,Shelia Smoot,D,22%,False,"May 13–16, 2010"
2010,Alabama,AL,7,Democratic Primary,Anzalone Liszt Research,2010-05-13 to 2010-05-16,2010-05-13,2010-05-16,,,Earl Hilliard Jr.,D,20%,False,"May 13–16, 2010"
2010,Alabama,AL,7,Democratic Primary,Anzalone Liszt Research,2010-05-13 to 2010-05-16,2010-05-13,2010-05-16,,,Terri Sewell,D,22%,False,"May 13–16, 2010"
2010,Alabama,AL,7,Democratic Primary,Anzalone Liszt Research,2010-05-13 to 2010-05-16,2010-05-13,2010-05-16,,,Martha Bozeman,D,7%,False,"May 13–16, 2010"
2010,Alabama,AL,7,Democratic Primary,Anzalone Liszt Research,2010-06-13 to 2010-06-16,2010-06-13,2010-06-16,,,Shelia Smoot,D,33%,False,"June 13–16, 2010"
2010,Alabama,AL,7,Democratic Primary,Anzalone Liszt Research,2010-06-13 to 2010-06-16,2010-06-13,2010-06-16,,,Terri Sewell,D,53%,False,"June 13–16, 2010"
2010,New Mexico,NM,3,Republican Primary,Public Policy Polling,2010-02-25,2010-02-25,2010-02-25,,,Ben R. Luján,D,42%,False,"February 25, 2010"
2010,New Mexico,NM,3,Republican Primary,Public Policy Polling,2010-02-25,2010-02-25,2010-02-25,,,Tom Mullins,R,36%,False,"February 25, 2010"
2010,New Mexico,NM,3,Republican Primary,Public Policy Polling,2010-09-25 to 2010-09-26,2010-09-25,2010-09-26,,,Ben R. Luján,D,49%,False,"September 25–26, 2010"
2010,New Mexico,NM,3,Republican Primary,Public Policy Polling,2010-09-25 to 2010-09-26,2010-09-25,2010-09-26,,,Tom Mullins,R,43%,False,"September 25–26, 2010"
2010,North Carolina,NC,7,Republican Primary,Public Opinion Strategies,2010-08-31 to 2010-09-02,2010-08-31,2010-09-02,,,Mike McIntyre,D,41%,False,"August 31 – September 2, 2010"
2010,North Carolina,NC,7,Republican Primary,Public Opinion Strategies,2010-08-31 to 2010-09-02,2010-08-31,2010-09-02,,,Ilario Pantano,R,48%,False,"August 31 – September 2, 2010"
2010,North Carolina,NC,7,Republican Primary,SurveyUSA,2010-09-24 to 2010-09-26,2010-09-24,2010-09-26,,,Mike McIntyre,D,45%,False,"September 24–26, 2010"
2010,North Carolina,NC,7,Republican Primary,SurveyUSA,2010-09-24 to 2010-09-26,2010-09-24,2010-09-26,,,Ilario Pantano,R,46%,False,"September 24–26, 2010"
2010,North Carolina,NC,7,Republican Primary,Grove Insight,2010-10-03 to 2010-10-05,2010-10-03,2010-10-05,,,Mike McIntyre,D,52%,False,"October 3–5, 2010"
2010,North Carolina,NC,7,Republican Primary,Grove Insight,2010-10-03 to 2010-10-05,2010-10-03,2010-10-05,,,Ilario Pantano,R,41%,False,"October 3–5, 2010"
2010,Oklahoma,OK,5,Republican Primary,Soonerpoll,2010-02-25 to 2010-03-08,2010-02-25,2010-03-08,302 (LV),5.64,Kevin Calvey,R,20%,False,"February 25-March 8, 2010"
2010,Oklahoma,OK,5,Republican Primary,Soonerpoll,2010-02-25 to 2010-03-08,2010-02-25,2010-03-08,302 (LV),5.64,Rick Flanigan,R,1%,False,"February 25-March 8, 2010"
2010,Oklahoma,OK,5,Republican Primary,Soonerpoll,2010-02-25 to 2010-03-08,2010-02-25,2010-03-08,302 (LV),5.64,James Lankford,R,7%,False,"February 25-March 8, 2010"
2010,Oklahoma,OK,5,Republican Primary,Soonerpoll,2010-02-25 to 2010-03-08,2010-02-25,2010-03-08,302 (LV),5.64,Johnny Roy,R,1%,False,"February 25-March 8, 2010"
2010,Oklahoma,OK,5,Republican Primary,Soonerpoll,2010-02-25 to 2010-03-08,2010-02-25,2010-03-08,302 (LV),5.64,Mike Thompson,R,9%,False,"February 25-March 8, 2010"
2010,Oklahoma,OK,5,Republican Primary,Soonerpoll,2010-07-07 to 2010-07-09,2010-07-07,2010-07-09,306 (LV),5.6,Kevin Calvey,R,28%,False,"July 7–9, 2010"
2010,Oklahoma,OK,5,Republican Primary,Soonerpoll,2010-07-07 to 2010-07-09,2010-07-07,2010-07-09,306 (LV),5.6,Kevin Calvey,R,20%,False,"July 7–9, 2010"
2010,Oklahoma,OK,5,Republican Primary,Soonerpoll,2010-07-07 to 2010-07-09,2010-07-07,2010-07-09,306 (LV),5.6,Rick Flanigan,R,<1%,False,"July 7–9, 2010"
2010,Oklahoma,OK,5,Republican Primary,Soonerpoll,2010-07-07 to 2010-07-09,2010-07-07,2010-07-09,306 (LV),5.6,Rick Flanigan,R,0%,False,"July 7–9, 2010"
2010,Oklahoma,OK,5,Republican Primary,Soonerpoll,2010-07-07 to 2010-07-09,2010-07-07,2010-07-09,306 (LV),5.6,James Lankford,R,20%,False,"July 7–9, 2010"
2010,Oklahoma,OK,5,Republican Primary,Soonerpoll,2010-07-07 to 2010-07-09,2010-07-07,2010-07-09,306 (LV),5.6,James Lankford,R,14%,False,"July 7–9, 2010"
2010,Oklahoma,OK,5,Republican Primary,Soonerpoll,2010-07-07 to 2010-07-09,2010-07-07,2010-07-09,306 (LV),5.6,Johnny Roy,R,2%,False,"July 7–9, 2010"
2010,Oklahoma,OK,5,Republican Primary,Soonerpoll,2010-07-07 to 2010-07-09,2010-07-07,2010-07-09,306 (LV),5.6,Johnny Roy,R,5%,False,"July 7–9, 2010"
2010,Oklahoma,OK,5,Republican Primary,Soonerpoll,2010-07-07 to 2010-07-09,2010-07-07,2010-07-09,306 (LV),5.6,Mike Thompson,R,14%,False,"July 7–9, 2010"
2010,Oklahoma,OK,5,Republican Primary,Soonerpoll,2010-07-07 to 2010-07-09,2010-07-07,2010-07-09,306 (LV),5.6,Mike Thompson,R,11%,False,"July 7–9, 2010"
2010,Oklahoma,OK,5,Republican Primary,Soonerpoll,2010-07-07 to 2010-07-09,2010-07-07,2010-07-09,306 (LV),5.6,Harry Johnson,R,1%,False,"July 7–9, 2010"
2010,Oklahoma,OK,5,Republican Primary,Soonerpoll,2010-07-07 to 2010-07-09,2010-07-07,2010-07-09,306 (LV),5.6,Harry Johnson,R,<1%,False,"July 7–9, 2010"
2010,Oklahoma,OK,5,Republican Primary,Soonerpoll,2010-07-07 to 2010-07-09,2010-07-07,2010-07-09,306 (LV),5.6,Shane Jett,R,6%,False,"July 7–9, 2010"
2010,Oklahoma,OK,5,Republican Primary,Soonerpoll,2010-07-07 to 2010-07-09,2010-07-07,2010-07-09,306 (LV),5.6,Shane Jett,R,12%,False,"July 7–9, 2010"
2010,Pennsylvania,PA,15,Republican Primary,Morning Call,2010-09-11 to 2010-09-15,2010-09-11,2010-09-15,496,5.0,John Callahan,D,38%,False,"September 11–15, 2010"
2010,Pennsylvania,PA,15,Republican Primary,Morning Call,2010-09-11 to 2010-09-15,2010-09-11,2010-09-15,496,5.0,Charlie Dent,R,49%,False,"September 11–15, 2010"
2010,Pennsylvania,PA,15,Republican Primary,Morning Call,2010-09-11 to 2010-09-15,2010-09-11,2010-09-15,496,5.0,Jake Towne,I,3%,False,"September 11–15, 2010"
2010,Pennsylvania,PA,3,Republican Primary,The Polling Company,2010-07-29 to 2010-08-01,2010-07-29,2010-08-01,314,5.5,Kathy Dahlkemper,D,46%,False,"July 29-August 1, 2010"
2010,Pennsylvania,PA,3,Republican Primary,The Polling Company,2010-07-29 to 2010-08-01,2010-07-29,2010-08-01,314,5.5,Mike Kelly,R,42%,False,"July 29-August 1, 2010"
2010,Pennsylvania,PA,3,Republican Primary,Franklin-Marshall,2010-09-14 to 2010-09-19,2010-09-14,2010-09-19,482,4.5,Kathy Dahlkemper,D,38%,False,"September 14–19, 2010"
2010,Pennsylvania,PA,3,Republican Primary,Franklin-Marshall,2010-09-14 to 2010-09-19,2010-09-14,2010-09-19,482,4.5,Mike Kelly,R,44%,False,"September 14–19, 2010"
2010,Pennsylvania,PA,3,Republican Primary,The Hill,2010-09-25 to 2010-09-27,2010-09-25,2010-09-27,401,4.9,Kathy Dahlkemper,D,36%,False,"September 25–27, 2010"
2010,Pennsylvania,PA,3,Republican Primary,The Hill,2010-09-25 to 2010-09-27,2010-09-25,2010-09-27,401,4.9,Mike Kelly,R,49%,False,"September 25–27, 2010"
2010,Pennsylvania,PA,8,Republican Primary,Franklin-Marshall,2010-09-14 to 2010-09-19,2010-09-14,2010-09-19,464,4.6,Patrick Murphy,D,35%,False,"September 14–19, 2010"
2010,Pennsylvania,PA,8,Republican Primary,Franklin-Marshall,2010-09-14 to 2010-09-19,2010-09-14,2010-09-19,464,4.6,Mike Fitzpatrick,R,49%,False,"September 14–19, 2010"
2010,Pennsylvania,PA,8,Republican Primary,Franklin-Marshall,2010-10-14 to 2010-10-19,2010-10-14,2010-10-19,464,4.6,Patrick Murphy,D,40%,False,"October 14–19, 2010"
2010,Pennsylvania,PA,8,Republican Primary,Franklin-Marshall,2010-10-14 to 2010-10-19,2010-10-14,2010-10-19,464,4.6,Mike Fitzpatrick,R,47%,False,"October 14–19, 2010"
2010,Pennsylvania,PA,8,Republican Primary,Franklin-Marshall,2010-10-24 to 2010-10-29,2010-10-24,2010-10-29,464,4.6,Patrick Murphy,D,35%,False,"October 24–29, 2010"
2010,Pennsylvania,PA,8,Republican Primary,Franklin-Marshall,2010-10-24 to 2010-10-29,2010-10-24,2010-10-29,464,4.6,Mike Fitzpatrick,R,55%,False,"October 24–29, 2010"
2010,South Dakota,SD,AL,Republican Primary,Rasmussen Reports,2010-02-23,2010-02-23,2010-02-23,,,Stephanie Herseth Sandlin,D,49%,False,"February 23, 2010"
2010,South Dakota,SD,AL,Republican Primary,Rasmussen Reports,2010-02-23,2010-02-23,2010-02-23,,,Kristi Noem,R,34%,False,"February 23, 2010"
2010,South Dakota,SD,AL,Republican Primary,Rasmussen Reports,2010-03-25,2010-03-25,2010-03-25,,,Stephanie Herseth Sandlin,D,46%,False,"March 25, 2010"
2010,South Dakota,SD,AL,Republican Primary,Rasmussen Reports,2010-03-25,2010-03-25,2010-03-25,,,Kristi Noem,R,35%,False,"March 25, 2010"
2010,South Dakota,SD,AL,Republican Primary,Rasmussen Reports,2010-04-26,2010-04-26,2010-04-26,,,Stephanie Herseth Sandlin,D,50%,False,"April 26, 2010"
2010,South Dakota,SD,AL,Republican Primary,Rasmussen Reports,2010-04-26,2010-04-26,2010-04-26,,,Kristi Noem,R,35%,False,"April 26, 2010"
2010,South Dakota,SD,AL,Republican Primary,Rasmussen Reports,2010-05-27,2010-05-27,2010-05-27,,,Stephanie Herseth Sandlin,D,46%,False,"May 27, 2010"
2010,South Dakota,SD,AL,Republican Primary,Rasmussen Reports,2010-05-27,2010-05-27,2010-05-27,,,Kristi Noem,R,43%,False,"May 27, 2010"
2010,South Dakota,SD,AL,Republican Primary,Rasmussen Reports,2010-06-14,2010-06-14,2010-06-14,,,Stephanie Herseth Sandlin,D,41%,False,"June 14, 2010"
2010,South Dakota,SD,AL,Republican Primary,Rasmussen Reports,2010-06-14,2010-06-14,2010-06-14,,,Kristi Noem,R,53%,False,"June 14, 2010"
2010,South Dakota,SD,AL,Republican Primary,Rasmussen Reports,2010-07-06,2010-07-06,2010-07-06,,,Stephanie Herseth Sandlin,D,44%,False,"July 6, 2010"
2010,South Dakota,SD,AL,Republican Primary,Rasmussen Reports,2010-07-06,2010-07-06,2010-07-06,,,Kristi Noem,R,49%,False,"July 6, 2010"
2010,South Dakota,SD,AL,Republican Primary,Rasmussen Reports,2010-08-03,2010-08-03,2010-08-03,,,Stephanie Herseth Sandlin,D,42%,False,"August 3, 2010"
2010,South Dakota,SD,AL,Republican Primary,Rasmussen Reports,2010-08-03,2010-08-03,2010-08-03,,,Kristi Noem,R,51%,False,"August 3, 2010"
2010,South Dakota,SD,AL,Republican Primary,Rasmussen Reports,2010-09-08,2010-09-08,2010-09-08,,,Stephanie Herseth Sandlin,D,47%,False,"September 8, 2010"
2010,South Dakota,SD,AL,Republican Primary,Rasmussen Reports,2010-09-08,2010-09-08,2010-09-08,,,Kristi Noem,R,45%,False,"September 8, 2010"
2010,South Dakota,SD,AL,Republican Primary,Rasmussen Reports,2010-10-04,2010-10-04,2010-10-04,,,Stephanie Herseth Sandlin,D,44%,False,"October 4, 2010"
2010,South Dakota,SD,AL,Republican Primary,Rasmussen Reports,2010-10-04,2010-10-04,2010-10-04,,,Kristi Noem,R,47%,False,"October 4, 2010"
2010,South Dakota,SD,AL,Republican Primary,Rasmussen Reports,2010-10-20,2010-10-20,2010-10-20,,,Stephanie Herseth Sandlin,D,44%,False,"October 20, 2010"
2010,South Dakota,SD,AL,Republican Primary,Rasmussen Reports,2010-10-20,2010-10-20,2010-10-20,,,Kristi Noem,R,49%,False,"October 20, 2010"
2010,South Dakota,SD,AL,Republican Primary,Nielson Brothers Polling,2010-10-20 to 2010-10-22,2010-10-20,2010-10-22,,,Stephanie Herseth Sandlin,D,42%,False,"October 20–22, 2010"
2010,South Dakota,SD,AL,Republican Primary,Nielson Brothers Polling,2010-10-20 to 2010-10-22,2010-10-20,2010-10-22,,,Kristi Noem,R,40%,False,"October 20–22, 2010"
2012,Arkansas,AR,1,Democratic Primary,Talk Business,2012-04-24 to 2012-04-25,2012-04-24,2012-04-25,497,4.4,Scott Ellington,D,15%,False,"April 24–25, 2012"
2012,Arkansas,AR,1,Democratic Primary,Talk Business,2012-04-24 to 2012-04-25,2012-04-24,2012-04-25,497,4.4,Clark Hall,D,10%,False,"April 24–25, 2012"
2012,Arkansas,AR,1,Democratic Primary,Talk Business,2012-04-24 to 2012-04-25,2012-04-24,2012-04-25,497,4.4,Gary Latanich,D,4%,False,"April 24–25, 2012"
2012,Arkansas,AR,4,Republican Primary,Talk Business,2012-04-17,2012-04-17,2012-04-17,542,4.2,Tom Cotton,R,38.5%,False,"April 17, 2012"
2012,Arkansas,AR,4,Republican Primary,Talk Business,2012-04-17,2012-04-17,2012-04-17,542,4.2,John Cowart,R,4%,False,"April 17, 2012"
2012,Arkansas,AR,4,Republican Primary,Talk Business,2012-04-17,2012-04-17,2012-04-17,542,4.2,Beth Anne Rankin,R,38.5%,False,"April 17, 2012"
2012,Arkansas,AR,4,Democratic Primary,Talk Business,2012-05-10,2012-05-10,2012-05-10,418,4.8,Q. Byrum Hurst,D,23%,False,"May 10, 2012"
2012,Arkansas,AR,4,Democratic Primary,Talk Business,2012-05-10,2012-05-10,2012-05-10,418,4.8,Gene Jeffress,D,22%,False,"May 10, 2012"
2012,Arkansas,AR,4,Democratic Primary,Talk Business,2012-05-10,2012-05-10,2012-05-10,418,4.8,D.C. Morrison,D,11%,False,"May 10, 2012"
2012,Arkansas,AR,4,Republican Primary,Talk Business,2012-05-10,2012-05-10,2012-05-10,437,4.7,Tom Cotton,R,51%,False,"May 10, 2012"
2012,Arkansas,AR,4,Republican Primary,Talk Business,2012-05-10,2012-05-10,2012-05-10,437,4.7,John Cowart,R,6%,False,"May 10, 2012"
2012,Arkansas,AR,4,Republican Primary,Talk Business,2012-05-10,2012-05-10,2012-05-10,437,4.7,Beth Anne Rankin,R,33%,False,"May 10, 2012"
2012,California,CA,2,jungle,"Fairbank, Maslin, Maullin, Metz & Associates (D-Huffman)",2011-10-05 to 2011-10-09,2011-10-05,2011-10-09,400 (LV),5.0,Susan Adams,D,5%,False,"October 5–9, 2011"
2012,California,CA,2,jungle,"Fairbank, Maslin, Maullin, Metz & Associates (D-Huffman)",2011-10-05 to 2011-10-09,2011-10-05,2011-10-09,400 (LV),5.0,Andy Caffrey,D,4%,False,"October 5–9, 2011"
2012,California,CA,2,jungle,"Fairbank, Maslin, Maullin, Metz & Associates (D-Huffman)",2011-10-05 to 2011-10-09,2011-10-05,2011-10-09,400 (LV),5.0,Jared Huffman,D,20%,False,"October 5–9, 2011"
2012,California,CA,2,jungle,"Fairbank, Maslin, Maullin, Metz & Associates (D-Huffman)",2011-10-05 to 2011-10-09,2011-10-05,2011-10-09,400 (LV),5.0,Stacey Lawson,D,5%,False,"October 5–9, 2011"
2012,California,CA,2,jungle,"Fairbank, Maslin, Maullin, Metz & Associates (D-Huffman)",2011-10-05 to 2011-10-09,2011-10-05,2011-10-09,400 (LV),5.0,Tiffany Renée,D,3%,False,"October 5–9, 2011"
2012,California,CA,2,jungle,"Fairbank, Maslin, Maullin, Metz & Associates (D-Huffman)",2011-10-05 to 2011-10-09,2011-10-05,2011-10-09,400 (LV),5.0,Daniel Roberts,R,18%,False,"October 5–9, 2011"
2012,California,CA,2,jungle,"Fairbank, Maslin, Maullin, Metz & Associates (D-Huffman)",2011-10-05 to 2011-10-09,2011-10-05,2011-10-09,400 (LV),5.0,Norman Solomon,D,7%,False,"October 5–9, 2011"
2012,California,CA,2,jungle,Lake Research Partners (D-Solomon),2011-10-18 to 2011-10-20,2011-10-18,2011-10-20,400 (LV),5.0,Susan Adams,D,4%,False,"October 18–20, 2011"
2012,California,CA,2,jungle,Lake Research Partners (D-Solomon),2011-10-18 to 2011-10-20,2011-10-18,2011-10-20,400 (LV),5.0,Andy Caffrey,D,2%,False,"October 18–20, 2011"
2012,California,CA,2,jungle,Lake Research Partners (D-Solomon),2011-10-18 to 2011-10-20,2011-10-18,2011-10-20,400 (LV),5.0,William Courtney,D,3%,False,"October 18–20, 2011"
2012,California,CA,2,jungle,Lake Research Partners (D-Solomon),2011-10-18 to 2011-10-20,2011-10-18,2011-10-20,400 (LV),5.0,Jared Huffman,D,16%,False,"October 18–20, 2011"
2012,California,CA,2,jungle,Lake Research Partners (D-Solomon),2011-10-18 to 2011-10-20,2011-10-18,2011-10-20,400 (LV),5.0,Stacey Lawson,D,4%,False,"October 18–20, 2011"
2012,California,CA,2,jungle,Lake Research Partners (D-Solomon),2011-10-18 to 2011-10-20,2011-10-18,2011-10-20,400 (LV),5.0,Tiffany Renée,D,1%,False,"October 18–20, 2011"
2012,California,CA,2,jungle,Lake Research Partners (D-Solomon),2011-10-18 to 2011-10-20,2011-10-18,2011-10-20,400 (LV),5.0,Daniel Roberts,R,12%,False,"October 18–20, 2011"
2012,California,CA,2,jungle,Lake Research Partners (D-Solomon),2011-10-18 to 2011-10-20,2011-10-18,2011-10-20,400 (LV),5.0,Norman Solomon,D,11%,False,"October 18–20, 2011"
2012,California,CA,2,jungle,"Fairbank, Maslin, Maullin, Metz & Associates (D-Huffman)",2012-03-23 to 2012-03-29,2012-03-23,2012-03-29,500 (LV),4.9,Susan Adams,D,5%,False,"March 23–29, 2012"
2012,California,CA,2,jungle,"Fairbank, Maslin, Maullin, Metz & Associates (D-Huffman)",2012-03-23 to 2012-03-29,2012-03-23,2012-03-29,500 (LV),4.9,Mike Halliwell,R,5%,False,"March 23–29, 2012"
2012,California,CA,2,jungle,"Fairbank, Maslin, Maullin, Metz & Associates (D-Huffman)",2012-03-23 to 2012-03-29,2012-03-23,2012-03-29,500 (LV),4.9,Jared Huffman,D,24%,False,"March 23–29, 2012"
2012,California,CA,2,jungle,"Fairbank, Maslin, Maullin, Metz & Associates (D-Huffman)",2012-03-23 to 2012-03-29,2012-03-23,2012-03-29,500 (LV),4.9,Stacey Lawson,D,9%,False,"March 23–29, 2012"
2012,California,CA,2,jungle,"Fairbank, Maslin, Maullin, Metz & Associates (D-Huffman)",2012-03-23 to 2012-03-29,2012-03-23,2012-03-29,500 (LV),4.9,Daniel Roberts,R,7%,False,"March 23–29, 2012"
2012,California,CA,2,jungle,"Fairbank, Maslin, Maullin, Metz & Associates (D-Huffman)",2012-03-23 to 2012-03-29,2012-03-23,2012-03-29,500 (LV),4.9,Norman Solomon,D,5%,False,"March 23–29, 2012"
2012,California,CA,2,jungle,Lake Research Partners (D-Solomon),2012-04-17 to 2012-04-19,2012-04-17,2012-04-19,500 (LV),4.4,Susan Adams,D,8%,False,"April 17–19, 2012"
2012,California,CA,2,jungle,Lake Research Partners (D-Solomon),2012-04-17 to 2012-04-19,2012-04-17,2012-04-19,500 (LV),4.4,Mike Halliwell,R,3%,False,"April 17–19, 2012"
2012,California,CA,2,jungle,Lake Research Partners (D-Solomon),2012-04-17 to 2012-04-19,2012-04-17,2012-04-19,500 (LV),4.4,Jared Huffman,D,18%,False,"April 17–19, 2012"
2012,California,CA,2,jungle,Lake Research Partners (D-Solomon),2012-04-17 to 2012-04-19,2012-04-17,2012-04-19,500 (LV),4.4,Stacey Lawson,D,5%,False,"April 17–19, 2012"
2012,California,CA,2,jungle,Lake Research Partners (D-Solomon),2012-04-17 to 2012-04-19,2012-04-17,2012-04-19,500 (LV),4.4,Daniel Roberts,R,3%,False,"April 17–19, 2012"
2012,California,CA,2,jungle,Lake Research Partners (D-Solomon),2012-04-17 to 2012-04-19,2012-04-17,2012-04-19,500 (LV),4.4,Norman Solomon,D,10%,False,"April 17–19, 2012"
2012,California,CA,30,jungle,M4 Strategies,2011-08-14 to 2011-08-18,2011-08-14,2011-08-18,600 (LV),5.0,Howard Berman,D,17%,False,"August 14–18, 2011"
2012,California,CA,30,jungle,M4 Strategies,2011-08-14 to 2011-08-18,2011-08-14,2011-08-18,600 (LV),5.0,Brad Sherman,D,15%,False,"August 14–18, 2011"
2012,California,CA,30,jungle,M4 Strategies,2012-03-26 to 2012-03-28,2012-03-26,2012-03-28,500 (LV),4.4,Howard Berman,D,17%,False,"March 26–28, 2012"
2012,California,CA,30,jungle,M4 Strategies,2012-03-26 to 2012-03-28,2012-03-26,2012-03-28,500 (LV),4.4,Vince Gilmore,D,1%,False,"March 26–28, 2012"
2012,California,CA,30,jungle,M4 Strategies,2012-03-26 to 2012-03-28,2012-03-26,2012-03-28,500 (LV),4.4,Michael Powelson,G,4%,False,"March 26–28, 2012"
2012,California,CA,30,jungle,M4 Strategies,2012-03-26 to 2012-03-28,2012-03-26,2012-03-28,500 (LV),4.4,Mark Reed,R,12%,False,"March 26–28, 2012"
2012,California,CA,30,jungle,M4 Strategies,2012-03-26 to 2012-03-28,2012-03-26,2012-03-28,500 (LV),4.4,Susan Shelley,R,5%,False,"March 26–28, 2012"
2012,California,CA,30,jungle,M4 Strategies,2012-03-26 to 2012-03-28,2012-03-26,2012-03-28,500 (LV),4.4,Brad Sherman,D,2%,False,"March 26–28, 2012"
2012,California,CA,30,jungle,M4 Strategies,2012-05-29 to 2012-05-31,2012-05-29,2012-05-31,329 (LV),5.4,Howard Berman,D,1%,False,"May 29–31, 2012"
2012,California,CA,30,jungle,M4 Strategies,2012-05-29 to 2012-05-31,2012-05-29,2012-05-31,329 (LV),5.4,Vince Gilmore,D,4%,False,"May 29–31, 2012"
2012,California,CA,30,jungle,M4 Strategies,2012-05-29 to 2012-05-31,2012-05-29,2012-05-31,329 (LV),5.4,Michael Powelson,G,10%,False,"May 29–31, 2012"
2012,California,CA,30,jungle,M4 Strategies,2012-05-29 to 2012-05-31,2012-05-29,2012-05-31,329 (LV),5.4,Mark Reed,R,2%,False,"May 29–31, 2012"
2012,California,CA,30,jungle,M4 Strategies,2012-05-29 to 2012-05-31,2012-05-29,2012-05-31,329 (LV),5.4,Susan Shelley,R,4%,False,"May 29–31, 2012"
2012,California,CA,30,jungle,M4 Strategies,2012-05-29 to 2012-05-31,2012-05-29,2012-05-31,329 (LV),5.4,Brad Sherman,D,23%,False,"May 29–31, 2012"
2012,Illinois,IL,16,Republican Primary,We Ask America,2012-02-19 to 2012-02-20,2012-02-19,2012-02-20,"1,395",2.62,Adam Kinzinger,R,47%,False,"February 19–20, 2012"
2012,Illinois,IL,16,Republican Primary,We Ask America,2012-02-19 to 2012-02-20,2012-02-19,2012-02-20,"1,395",2.62,Don Manzullo,R,34%,False,"February 19–20, 2012"
2012,Illinois,IL,16,Republican Primary,We Ask America,2012-03-11 to 2012-03-12,2012-03-11,2012-03-12,"1,605",2.44,Adam Kinzinger,R,42%,False,"March 11–12, 2012"
2012,Illinois,IL,16,Republican Primary,We Ask America,2012-03-11 to 2012-03-12,2012-03-11,2012-03-12,"1,605",2.44,Don Manzullo,R,43%,False,"March 11–12, 2012"
2012,Illinois,IL,2,Democratic Primary,We Ask America,2012-02-21,2012-02-21,2012-02-21,"1,294",2.7,"Jesse Jackson, Jr.",D,54%,False,"February 21, 2012"
2012,Illinois,IL,2,Democratic Primary,We Ask America,2012-02-21,2012-02-21,2012-02-21,"1,294",2.7,Debbie Halvorson,D,32%,False,"February 21, 2012"
2012,Michigan,MI,13,Democratic Primary,EPIC-MRA,2012-07-28 to 2012-07-29,2012-07-28,2012-07-29,800,3.5,Glenn Anderson,D,17%,False,"July 28–29, 2012"
2012,Michigan,MI,13,Democratic Primary,EPIC-MRA,2012-07-28 to 2012-07-29,2012-07-28,2012-07-29,800,3.5,John Conyers,D,57%,False,"July 28–29, 2012"
2012,Michigan,MI,13,Democratic Primary,EPIC-MRA,2012-07-28 to 2012-07-29,2012-07-28,2012-07-29,800,3.5,John Goci,D,4%,False,"July 28–29, 2012"
2012,Michigan,MI,13,Democratic Primary,EPIC-MRA,2012-07-28 to 2012-07-29,2012-07-28,2012-07-29,800,3.5,Shanelle Jackson,D,7%,False,"July 28–29, 2012"
2012,Michigan,MI,13,Democratic Primary,EPIC-MRA,2012-07-28 to 2012-07-29,2012-07-28,2012-07-29,800,3.5,Bert Johnson,D,5%,False,"July 28–29, 2012"
2012,Michigan,MI,14,Democratic Primary,EPIC-MRA,2012-07-28 to 2012-07-29,2012-07-28,2012-07-29,800,3.5,Hansen Clarke,D,33%,False,"July 28–29, 2012"
2012,Michigan,MI,14,Democratic Primary,EPIC-MRA,2012-07-28 to 2012-07-29,2012-07-28,2012-07-29,800,3.5,Bob Costello,D,1%,False,"July 28–29, 2012"
2012,Michigan,MI,14,Democratic Primary,EPIC-MRA,2012-07-28 to 2012-07-29,2012-07-28,2012-07-29,800,3.5,Brenda Lawrence,D,7%,False,"July 28–29, 2012"
2012,Michigan,MI,14,Democratic Primary,EPIC-MRA,2012-07-28 to 2012-07-29,2012-07-28,2012-07-29,800,3.5,Gary Peters,D,52%,False,"July 28–29, 2012"
2012,Michigan,MI,14,Democratic Primary,EPIC-MRA,2012-07-28 to 2012-07-29,2012-07-28,2012-07-29,800,3.5,Mary Waters,D,2%,False,"July 28–29, 2012"
2012,Michigan,MI,6,Republican Primary,EPIC-MRA,2012-07-28 to 2012-07-29,2012-07-28,2012-07-29,800,3.5,Jack Hoogendyk,R,31%,False,"July 28–29, 2012"
2012,Michigan,MI,6,Republican Primary,EPIC-MRA,2012-07-28 to 2012-07-29,2012-07-28,2012-07-29,800,3.5,Fred Upton,R,61%,False,"July 28–29, 2012"
2012,Missouri,MO,1,Democratic Primary,SurveyUSA,2012-08-02 to 2012-08-04,2012-08-02,2012-08-04,490 (RV),4.5,Candice Britton,D,2%,False,"August 2–4, 2012"
2012,Missouri,MO,1,Democratic Primary,SurveyUSA,2012-08-02 to 2012-08-04,2012-08-02,2012-08-04,490 (RV),4.5,Russ Carnahan,D,35%,False,"August 2–4, 2012"
2012,Missouri,MO,1,Democratic Primary,SurveyUSA,2012-08-02 to 2012-08-04,2012-08-02,2012-08-04,490 (RV),4.5,Lacy Clay,D,56%,False,"August 2–4, 2012"
2012,Montana,MT,AL,Democratic Primary,Public Policy Polling,2012-04-26 to 2012-04-29,2012-04-26,2012-04-29,332,5.4,Kim Gillan,D,21%,False,"April 26–29, 2012"
2012,Montana,MT,AL,Democratic Primary,Public Policy Polling,2012-04-26 to 2012-04-29,2012-04-26,2012-04-29,332,5.4,Sam Rankin,D,4%,False,"April 26–29, 2012"
2012,Montana,MT,AL,Democratic Primary,Public Policy Polling,2012-04-26 to 2012-04-29,2012-04-26,2012-04-29,332,5.4,Diane Smith,D,13%,False,"April 26–29, 2012"
2012,Montana,MT,AL,Democratic Primary,Public Policy Polling,2012-04-26 to 2012-04-29,2012-04-26,2012-04-29,332,5.4,Dave Strohmaier,D,9%,False,"April 26–29, 2012"
2012,Montana,MT,AL,Democratic Primary,Public Policy Polling,2012-04-26 to 2012-04-29,2012-04-26,2012-04-29,332,5.4,Rob Stutz,D,1%,False,"April 26–29, 2012"
2012,Montana,MT,AL,Democratic Primary,Public Policy Polling,2012-04-26 to 2012-04-29,2012-04-26,2012-04-29,332,5.4,Jason Ward,D,0%,False,"April 26–29, 2012"
2012,Montana,MT,AL,Democratic Primary,Public Policy Polling,2012-04-26 to 2012-04-29,2012-04-26,2012-04-29,332,5.4,Franke Wilmer,D,11%,False,"April 26–29, 2012"
2012,North Dakota,ND,AL,Republican Primary,Forum Communications Co.,2012-05-03 to 2012-05-08,2012-05-03,2012-05-08,500,4.3,Kevin Cramer,R,38%,False,"May 3–8, 2012"
2012,North Dakota,ND,AL,Republican Primary,Forum Communications Co.,2012-05-03 to 2012-05-08,2012-05-03,2012-05-08,500,4.3,Brian Kalk,R,25%,False,"May 3–8, 2012"
2012,North Dakota,ND,AL,Republican Primary,Mason Dixon,2012-06-04 to 2012-06-06,2012-06-04,2012-06-06,625,4.0,Kevin Cramer,R,60%,False,"June 4–6, 2012"
2012,North Dakota,ND,AL,Republican Primary,Mason Dixon,2012-06-04 to 2012-06-06,2012-06-04,2012-06-06,625,4.0,Brian Kalk,R,21%,False,"June 4–6, 2012"
2012,Pennsylvania,PA,12,Democratic Primary,Anzalone Liszt Research (D-Altmire),2012-01-10 to 2012-01-16,2012-01-10,2012-01-16,503,4.4,Jason Altmire,D,50%,False,"January 10–16, 2012"
2012,Pennsylvania,PA,12,Democratic Primary,Anzalone Liszt Research (D-Altmire),2012-01-10 to 2012-01-16,2012-01-10,2012-01-16,503,4.4,Mark Critz,D,34%,False,"January 10–16, 2012"
2012,Pennsylvania,PA,12,Democratic Primary,Global Strategy Group (D-Critz),2012-02-02 to 2012-02-05,2012-02-02,2012-02-05,400,4.9,Jason Altmire,D,47%,False,"February 2–5, 2012"
2012,Pennsylvania,PA,12,Democratic Primary,Global Strategy Group (D-Critz),2012-02-02 to 2012-02-05,2012-02-02,2012-02-05,400,4.9,Mark Critz,D,37%,False,"February 2–5, 2012"
2012,Pennsylvania,PA,12,Democratic Primary,Anzalone Liszt Research (D-Altmire),2012-03-12 to 2012-03-14,2012-03-12,2012-03-14,400,4.9,Jason Altmire,D,55%,False,"March 12–14, 2012"
2012,Pennsylvania,PA,12,Democratic Primary,Anzalone Liszt Research (D-Altmire),2012-03-12 to 2012-03-14,2012-03-12,2012-03-14,400,4.9,Mark Critz,D,31%,False,"March 12–14, 2012"
2012,Pennsylvania,PA,12,Democratic Primary,Global Strategy Group (D-Critz),2012-03-22 to 2012-03-25,2012-03-22,2012-03-25,400,4.9,Jason Altmire,D,45%,False,"March 22–25, 2012"
2012,Pennsylvania,PA,12,Democratic Primary,Global Strategy Group (D-Critz),2012-03-22 to 2012-03-25,2012-03-22,2012-03-25,400,4.9,Mark Critz,D,38%,False,"March 22–25, 2012"
2012,Pennsylvania,PA,12,Democratic Primary,Susquehanna Research and Polling,2012-04-13 to 2012-04-15,2012-04-13,2012-04-15,400,4.9,Jason Altmire,D,43%,False,"April 13–15, 2012"
2012,Pennsylvania,PA,12,Democratic Primary,Susquehanna Research and Polling,2012-04-13 to 2012-04-15,2012-04-13,2012-04-15,400,4.9,Mark Critz,D,39%,False,"April 13–15, 2012"
2012,Rhode Island,RI,1,Democratic Primary,WPRI,2012-05-08 to 2012-05-12,2012-05-08,2012-05-12,302,5.7,David Cicilline,D,40%,False,"May 8–12, 2012"
2012,Rhode Island,RI,1,Democratic Primary,WPRI,2012-05-08 to 2012-05-12,2012-05-08,2012-05-12,302,5.7,Anthony Gemma,D,36%,False,"May 8–12, 2012"
2012,South Carolina,SC,7,Democratic Primary,Francis Marion University,2012-05-14 to 2012-05-15,2012-05-14,2012-05-15,611,3.8,Preston Brittain,D,6%,False,"May 14–15, 2012"
2012,South Carolina,SC,7,Democratic Primary,Francis Marion University,2012-05-14 to 2012-05-15,2012-05-14,2012-05-15,611,3.8,Parnell Diggs,D,3%,False,"May 14–15, 2012"
2012,South Carolina,SC,7,Democratic Primary,Francis Marion University,2012-05-14 to 2012-05-15,2012-05-14,2012-05-15,611,3.8,Harry Pavilack,D,3%,False,"May 14–15, 2012"
2012,South Carolina,SC,7,Democratic Primary,Francis Marion University,2012-05-14 to 2012-05-15,2012-05-14,2012-05-15,611,3.8,Gloria Tinubu,D,9%,False,"May 14–15, 2012"
2012,South Carolina,SC,7,Democratic Primary,Francis Marion University,2012-05-14 to 2012-05-15,2012-05-14,2012-05-15,611,3.8,Ted Vick,D,15%,False,"May 14–15, 2012"
2012,Utah,UT,4,Republican Primary,Mason-Dixon,2011-04-09 to 2011-04-11,2011-04-09,2011-04-11,625 (LV),4.0,Mia Love,R,23%,False,"April 9–11, 2011"
2012,Utah,UT,4,Republican Primary,Mason-Dixon,2011-04-09 to 2011-04-11,2011-04-09,2011-04-11,625 (LV),4.0,Stephen Sandstrom,R,14%,False,"April 9–11, 2011"
2012,Utah,UT,4,Republican Primary,Mason-Dixon,2011-04-09 to 2011-04-11,2011-04-09,2011-04-11,625 (LV),4.0,Carl Wimmer,R,28%,False,"April 9–11, 2011"
2012,Utah,UT,4,Republican Primary,Mason-Dixon,2011-12-19 to 2011-12-21,2011-12-19,2011-12-21,341 (RV),5.3,Jay Cobb,R,3%,False,"December 19–21, 2011"
2012,Utah,UT,4,Republican Primary,Mason-Dixon,2011-12-19 to 2011-12-21,2011-12-19,2011-12-21,341 (RV),5.3,Mia Love,R,8%,False,"December 19–21, 2011"
2012,Utah,UT,4,Republican Primary,Mason-Dixon,2011-12-19 to 2011-12-21,2011-12-19,2011-12-21,341 (RV),5.3,Stephen Sandstrom,R,19%,False,"December 19–21, 2011"
2012,Utah,UT,4,Republican Primary,Dan Jones & Associates,2011-12-19 to 2011-12-21,2011-12-19,2011-12-21,341 (RV),5.3,Jim Matheson,D,36%,False,"December 19–21, 2011"
2012,Utah,UT,4,Republican Primary,Dan Jones & Associates,2011-12-19 to 2011-12-21,2011-12-19,2011-12-21,341 (RV),5.3,Jim Matheson,D,41%,False,"December 19–21, 2011"
2012,Utah,UT,4,Republican Primary,Dan Jones & Associates,2011-12-19 to 2011-12-21,2011-12-19,2011-12-21,341 (RV),5.3,Mia Love,R,4%,False,"December 19–21, 2011"
2012,Utah,UT,4,Republican Primary,Dan Jones & Associates,2011-12-19 to 2011-12-21,2011-12-19,2011-12-21,341 (RV),5.3,Jim Vein,L,12%,False,"December 19–21, 2011"
2012,Utah,UT,4,Republican Primary,Dan Jones & Associates,2011-12-19 to 2011-12-21,2011-12-19,2011-12-21,341 (RV),5.3,Stephen Sandstrom,R,10%,False,"December 19–21, 2011"
2012,Utah,UT,4,Republican Primary,Dan Jones & Associates,2011-12-19 to 2011-12-21,2011-12-19,2011-12-21,341 (RV),5.3,Carl Wimmer,R,7%,False,"December 19–21, 2011"
2012,Utah,UT,4,Republican Primary,Mason-Dixon,2012-04-09 to 2012-04-11,2012-04-09,2012-04-11,625 (LV),4.0,Jim Matheson,D,45%,False,"April 9–11, 2012"
2012,Utah,UT,4,Republican Primary,Mason-Dixon,2012-04-09 to 2012-04-11,2012-04-09,2012-04-11,625 (LV),4.0,Jim Matheson,D,42%,False,"April 9–11, 2012"
2012,Utah,UT,4,Republican Primary,Mason-Dixon,2012-04-09 to 2012-04-11,2012-04-09,2012-04-11,625 (LV),4.0,Mia Love,R,42%,False,"April 9–11, 2012"
2012,Utah,UT,4,Republican Primary,Mason-Dixon,2012-04-09 to 2012-04-11,2012-04-09,2012-04-11,625 (LV),4.0,Stephen Sandstrom,R,13%,False,"April 9–11, 2012"
2012,Utah,UT,4,Republican Primary,Mason-Dixon,2012-04-09 to 2012-04-11,2012-04-09,2012-04-11,625 (LV),4.0,Carl Wimmer,R,9%,False,"April 9–11, 2012"
2012,Utah,UT,4,Republican Primary,Dan Jones & Associates,2012-06-15 to 2012-06-21,2012-06-15,2012-06-21,379 (RV),5.1,Jim Matheson,D,53%,False,"June 15–21, 2012"
2012,Utah,UT,4,Republican Primary,Dan Jones & Associates,2012-06-15 to 2012-06-21,2012-06-15,2012-06-21,379 (RV),5.1,Mia Love,R,38%,False,"June 15–21, 2012"
2012,Utah,UT,4,Republican Primary,Dan Jones & Associates,2012-06-15 to 2012-06-21,2012-06-15,2012-06-21,379 (RV),5.1,Jim Vein,L,1%,False,"June 15–21, 2012"
2012,Utah,UT,4,Republican Primary,Public Opinion Strategies (R-Love),2012-07-26 to 2012-07-29,2012-07-26,2012-07-29,400 (LV),4.9,Jim Matheson,D,51%,False,"July 26–29, 2012"
2012,Utah,UT,4,Republican Primary,Public Opinion Strategies (R-Love),2012-07-26 to 2012-07-29,2012-07-26,2012-07-29,400 (LV),4.9,Mia Love,R,33%,False,"July 26–29, 2012"
2012,Utah,UT,4,Republican Primary,Public Opinion Strategies (R-Love),2012-09-10 to 2012-09-11,2012-09-10,2012-09-11,400 (LV),4.9,Jim Matheson,D,36%,False,"September 10–11, 2012"
2012,Utah,UT,4,Republican Primary,Public Opinion Strategies (R-Love),2012-09-10 to 2012-09-11,2012-09-10,2012-09-11,400 (LV),4.9,Mia Love,R,51%,False,"September 10–11, 2012"
2012,Utah,UT,4,Republican Primary,Dan Jones & Associates,2012-09-26 to 2012-09-29,2012-09-26,2012-09-29,414 (RV),5.0,Jim Matheson,D,43%,False,"September 26–29, 2012"
2012,Utah,UT,4,Republican Primary,Dan Jones & Associates,2012-09-26 to 2012-09-29,2012-09-26,2012-09-29,414 (RV),5.0,Mia Love,R,49%,False,"September 26–29, 2012"
2012,Utah,UT,4,Republican Primary,Key Research,2012-10-09 to 2012-10-10,2012-10-09,2012-10-10,407 (LV),4.9,Jim Matheson,D,48%,False,"October 9–10, 2012"
2012,Utah,UT,4,Republican Primary,Key Research,2012-10-09 to 2012-10-10,2012-10-09,2012-10-10,407 (LV),4.9,Mia Love,R,41%,False,"October 9–10, 2012"
2012,Utah,UT,4,Republican Primary,Key Research,2012-10-09 to 2012-10-13,2012-10-09,2012-10-13,407 (LV),7.0,Jim Matheson,D,43%,False,"October 9–13, 2012"
2012,Utah,UT,4,Republican Primary,Key Research,2012-10-09 to 2012-10-13,2012-10-09,2012-10-13,407 (LV),7.0,Mia Love,R,43%,False,"October 9–13, 2012"
2012,Utah,UT,4,Republican Primary,Dan Jones & Associates,2012-10-26 to 2012-11-01,2012-10-26,2012-11-01,414 (RV),4.8,Jim Matheson,D,43%,False,"October 26–November 1, 2012"
2012,Utah,UT,4,Republican Primary,Dan Jones & Associates,2012-10-26 to 2012-11-01,2012-10-26,2012-11-01,414 (RV),4.8,Mia Love,R,48%,False,"October 26–November 1, 2012"
2012,Utah,UT,4,Republican Primary,Dan Jones & Associates,2012-10-26 to 2012-11-01,2012-10-26,2012-11-01,414 (RV),4.8,Jim Vein,L,3%,False,"October 26–November 1, 2012"
2012,Utah,UT,4,Republican Primary,Mason-Dixon,2012-10-29 to 2012-10-31,2012-10-29,2012-10-31,625 (LV),4.0,Jim Matheson,D,40%,False,"October 29–31, 2012"
2012,Utah,UT,4,Republican Primary,Mason-Dixon,2012-10-29 to 2012-10-31,2012-10-29,2012-10-31,625 (LV),4.0,Mia Love,R,52%,False,"October 29–31, 2012"
2012,Utah,UT,4,Republican Primary,Mason-Dixon,2012-10-29 to 2012-10-31,2012-10-29,2012-10-31,625 (LV),4.0,Jim Vein,L,2%,False,"October 29–31, 2012"
2013,Alabama,AL,1,Republican Primary,Cygnal,2013-09-17 to 2013-09-18,2013-09-17,2013-09-18,716,3.64,Bradley Byrne,R,34%,False,"September 17–18, 2013"
2013,Alabama,AL,1,Republican Primary,Cygnal,2013-09-17 to 2013-09-18,2013-09-17,2013-09-18,716,3.64,Daniel Dyas,R,2%,False,"September 17–18, 2013"
2013,Alabama,AL,1,Republican Primary,Cygnal,2013-09-17 to 2013-09-18,2013-09-17,2013-09-18,716,3.64,Chad Fincher,R,14.9%,False,"September 17–18, 2013"
2013,Alabama,AL,1,Republican Primary,Cygnal,2013-09-17 to 2013-09-18,2013-09-17,2013-09-18,716,3.64,Wells Griffith,R,8.3%,False,"September 17–18, 2013"
2013,Alabama,AL,1,Republican Primary,Cygnal,2013-09-17 to 2013-09-18,2013-09-17,2013-09-18,716,3.64,Quin Hillyer,R,9.1%,False,"September 17–18, 2013"
2013,Alabama,AL,1,Republican Primary,Cygnal,2013-09-17 to 2013-09-18,2013-09-17,2013-09-18,716,3.64,Jessica James,R,0.7%,False,"September 17–18, 2013"
2013,Alabama,AL,1,Republican Primary,Cygnal,2013-09-17 to 2013-09-18,2013-09-17,2013-09-18,716,3.64,Sharon Powe,R,1.1%,False,"September 17–18, 2013"
2013,Alabama,AL,1,Republican Primary,Cygnal,2013-09-17 to 2013-09-18,2013-09-17,2013-09-18,716,3.64,David Thornton,R,0.3%,False,"September 17–18, 2013"
2013,Alabama,AL,1,Republican Primary,Cygnal,2013-09-17 to 2013-09-18,2013-09-17,2013-09-18,716,3.64,Dean Young,R,12.1%,False,"September 17–18, 2013"
2013,Illinois,IL,2,Democratic Primary,GBA Strategies,2013-01-03 to 2013-01-07,2013-01-03,2013-01-07,500,4.4,Anthony Beale,D,10%,False,"January 3–7, 2013"
2013,Illinois,IL,2,Democratic Primary,GBA Strategies,2013-01-03 to 2013-01-07,2013-01-03,2013-01-07,500,4.4,Debbie Halvorson,D,25%,False,"January 3–7, 2013"
2013,Illinois,IL,2,Democratic Primary,GBA Strategies,2013-01-03 to 2013-01-07,2013-01-03,2013-01-07,500,4.4,Napoleon Harris,D,9%,False,"January 3–7, 2013"
2013,Illinois,IL,2,Democratic Primary,GBA Strategies,2013-01-03 to 2013-01-07,2013-01-03,2013-01-07,500,4.4,Toi Hutchinson,D,16%,False,"January 3–7, 2013"
2013,Illinois,IL,2,Democratic Primary,GBA Strategies,2013-01-03 to 2013-01-07,2013-01-03,2013-01-07,500,4.4,Robin Kelly,D,15%,False,"January 3–7, 2013"
2013,Illinois,IL,2,Democratic Primary,GBA Strategies,2013-01-03 to 2013-01-07,2013-01-03,2013-01-07,500,4.4,Mel Reynolds,D,8%,False,"January 3–7, 2013"
2013,Illinois,IL,2,Democratic Primary,GBA Strategies,2013-01-03 to 2013-01-07,2013-01-03,2013-01-07,500,4.4,Joyce Washington,D,2%,False,"January 3–7, 2013"
2013,Illinois,IL,2,Democratic Primary,"Normington, Petts & Associates",2013-01-08 to 2013-01-10,2013-01-08,2013-01-10,400,4.9,Anthony Beale,D,5%,False,"January 8–10, 2013"
2013,Illinois,IL,2,Democratic Primary,"Normington, Petts & Associates",2013-01-08 to 2013-01-10,2013-01-08,2013-01-10,400,4.9,Debbie Halvorson,D,16%,False,"January 8–10, 2013"
2013,Illinois,IL,2,Democratic Primary,"Normington, Petts & Associates",2013-01-08 to 2013-01-10,2013-01-08,2013-01-10,400,4.9,Napoleon Harris,D,7%,False,"January 8–10, 2013"
2013,Illinois,IL,2,Democratic Primary,"Normington, Petts & Associates",2013-01-08 to 2013-01-10,2013-01-08,2013-01-10,400,4.9,Toi Hutchinson,D,12%,False,"January 8–10, 2013"
2013,Illinois,IL,2,Democratic Primary,"Normington, Petts & Associates",2013-01-08 to 2013-01-10,2013-01-08,2013-01-10,400,4.9,Robin Kelly,D,8%,False,"January 8–10, 2013"
2013,Illinois,IL,2,Democratic Primary,"Normington, Petts & Associates",2013-01-08 to 2013-01-10,2013-01-08,2013-01-10,400,4.9,Mel Reynolds,D,7%,False,"January 8–10, 2013"
2013,Illinois,IL,2,Democratic Primary,GBA Strategies,2013-02-04 to 2013-02-05,2013-02-04,2013-02-05,400,4.9,Anthony Beale,D,10%,False,"February 4–5, 2013"
2013,Illinois,IL,2,Democratic Primary,GBA Strategies,2013-02-04 to 2013-02-05,2013-02-04,2013-02-05,400,4.9,Debbie Halvorson,D,22%,False,"February 4–5, 2013"
2013,Illinois,IL,2,Democratic Primary,GBA Strategies,2013-02-04 to 2013-02-05,2013-02-04,2013-02-05,400,4.9,Toi Hutchinson,D,20%,False,"February 4–5, 2013"
2013,Illinois,IL,2,Democratic Primary,GBA Strategies,2013-02-04 to 2013-02-05,2013-02-04,2013-02-05,400,4.9,Robin Kelly,D,5%,False,"February 4–5, 2013"
2013,Illinois,IL,2,Democratic Primary,GBA Strategies,2013-02-04 to 2013-02-05,2013-02-04,2013-02-05,400,4.9,Mel Reynolds,D,2%,False,"February 4–5, 2013"
2013,Louisiana,LA,5,jungle,JMC Enterprises,2013-08-16,2013-08-16,2013-08-16,755,3.6,Jeff Guerriero,R,5%,False,"August 16, 2013"
2013,Louisiana,LA,5,jungle,JMC Enterprises,2013-08-16,2013-08-16,2013-08-16,755,3.6,Marcus Hunter,D,5%,False,"August 16, 2013"
2013,Louisiana,LA,5,jungle,JMC Enterprises,2013-08-16,2013-08-16,2013-08-16,755,3.6,Robert Johnson,D,11%,False,"August 16, 2013"
2013,Louisiana,LA,5,jungle,JMC Enterprises,2013-08-16,2013-08-16,2013-08-16,755,3.6,Jamie Mayo,D,11%,False,"August 16, 2013"
2013,Louisiana,LA,5,jungle,JMC Enterprises,2013-08-16,2013-08-16,2013-08-16,755,3.6,Jay Morris,R,10%,False,"August 16, 2013"
2013,Louisiana,LA,5,jungle,JMC Enterprises,2013-08-16,2013-08-16,2013-08-16,755,3.6,Neil Riser,R,29%,False,"August 16, 2013"
2013,Massachusetts,MA,5,Democratic Primary,GreenbergQuinlanRosner,2013-07-18 to 2013-07-23,2013-07-18,2013-07-23,405,4.9,Will Brownsberger,D,11%,False,"July 18–23, 2013"
2013,Massachusetts,MA,5,Democratic Primary,GreenbergQuinlanRosner,2013-07-18 to 2013-07-23,2013-07-18,2013-07-23,405,4.9,Katherine Clark,D,15%,False,"July 18–23, 2013"
2013,Massachusetts,MA,5,Democratic Primary,GreenbergQuinlanRosner,2013-07-18 to 2013-07-23,2013-07-18,2013-07-23,405,4.9,Peter Koutoujian,D,12%,False,"July 18–23, 2013"
2013,Massachusetts,MA,5,Democratic Primary,GreenbergQuinlanRosner,2013-07-18 to 2013-07-23,2013-07-18,2013-07-23,405,4.9,Carl Sciortino,D,4%,False,"July 18–23, 2013"
2013,Massachusetts,MA,5,Democratic Primary,GreenbergQuinlanRosner,2013-07-18 to 2013-07-23,2013-07-18,2013-07-23,405,4.9,Karen Spilka,D,14%,False,"July 18–23, 2013"
2013,Massachusetts,MA,5,Democratic Primary,Emerson College,2013-09-13 to 2013-09-17,2013-09-13,2013-09-17,310,4.0,Will Brownsberger,D,11.3%,False,"September 13–17, 2013"
2013,Massachusetts,MA,5,Democratic Primary,Emerson College,2013-09-13 to 2013-09-17,2013-09-13,2013-09-17,310,4.0,Katherine Clark,D,23.9%,False,"September 13–17, 2013"
2013,Massachusetts,MA,5,Democratic Primary,Emerson College,2013-09-13 to 2013-09-17,2013-09-13,2013-09-17,310,4.0,Peter Koutoujian,D,19%,False,"September 13–17, 2013"
2013,Massachusetts,MA,5,Democratic Primary,Emerson College,2013-09-13 to 2013-09-17,2013-09-13,2013-09-17,310,4.0,Martin Long,D,1.3%,False,"September 13–17, 2013"
2013,Massachusetts,MA,5,Democratic Primary,Emerson College,2013-09-13 to 2013-09-17,2013-09-13,2013-09-17,310,4.0,Paul Maisano,D,1%,False,"September 13–17, 2013"
2013,Massachusetts,MA,5,Democratic Primary,Emerson College,2013-09-13 to 2013-09-17,2013-09-13,2013-09-17,310,4.0,Carl Sciortino,D,5.2%,False,"September 13–17, 2013"
2013,Massachusetts,MA,5,Democratic Primary,Emerson College,2013-09-13 to 2013-09-17,2013-09-13,2013-09-17,310,4.0,Karen Spilka,D,15.5%,False,"September 13–17, 2013"
2013,Massachusetts,MA,5,Republican Primary,Emerson College,2013-09-13 to 2013-09-17,2013-09-13,2013-09-17,107,9.0,Frank Addivinola,R,13.1%,False,"September 13–17, 2013"
2013,Massachusetts,MA,5,Republican Primary,Emerson College,2013-09-13 to 2013-09-17,2013-09-13,2013-09-17,107,9.0,Mike Stopa,R,6.5%,False,"September 13–17, 2013"
2013,Massachusetts,MA,5,Republican Primary,Emerson College,2013-09-13 to 2013-09-17,2013-09-13,2013-09-17,107,9.0,Tom Tierney,R,24.3%,False,"September 13–17, 2013"
2013,Massachusetts,MA,5,Democratic Primary,GreenbergQuinlanRosner,2013-09-22 to 2013-09-24,2013-09-22,2013-09-24,400,4.9,Will Brownsberger,D,11%,False,"September 22–24, 2013"
2013,Massachusetts,MA,5,Democratic Primary,GreenbergQuinlanRosner,2013-09-22 to 2013-09-24,2013-09-22,2013-09-24,400,4.9,Katherine Clark,D,19%,False,"September 22–24, 2013"
2013,Massachusetts,MA,5,Democratic Primary,GreenbergQuinlanRosner,2013-09-22 to 2013-09-24,2013-09-22,2013-09-24,400,4.9,Peter Koutoujian,D,15%,False,"September 22–24, 2013"
2013,Massachusetts,MA,5,Democratic Primary,GreenbergQuinlanRosner,2013-09-22 to 2013-09-24,2013-09-22,2013-09-24,400,4.9,Carl Sciortino,D,11%,False,"September 22–24, 2013"
2013,Massachusetts,MA,5,Democratic Primary,GreenbergQuinlanRosner,2013-09-22 to 2013-09-24,2013-09-22,2013-09-24,400,4.9,Karen Spilka,D,18%,False,"September 22–24, 2013"
2013,Massachusetts,MA,5,Democratic Primary,Gerstein Bocian Agne,2013-09-23 to 2013-09-25,2013-09-23,2013-09-25,500,4.4,Will Brownsberger,D,12%,False,"September 23–25, 2013"
2013,Massachusetts,MA,5,Democratic Primary,Gerstein Bocian Agne,2013-09-23 to 2013-09-25,2013-09-23,2013-09-25,500,4.4,Katherine Clark,D,27%,False,"September 23–25, 2013"
2013,Massachusetts,MA,5,Democratic Primary,Gerstein Bocian Agne,2013-09-23 to 2013-09-25,2013-09-23,2013-09-25,500,4.4,Peter Koutoujian,D,16%,False,"September 23–25, 2013"
2013,Massachusetts,MA,5,Democratic Primary,Gerstein Bocian Agne,2013-09-23 to 2013-09-25,2013-09-23,2013-09-25,500,4.4,Carl Sciortino,D,15%,False,"September 23–25, 2013"
2013,Massachusetts,MA,5,Democratic Primary,Gerstein Bocian Agne,2013-09-23 to 2013-09-25,2013-09-23,2013-09-25,500,4.4,Karen Spilka,D,18%,False,"September 23–25, 2013"
2014,Alabama,AL,6,Republican Primary,JMC Analytics (R-Mathis),2014-04-15 to 2014-04-17,2014-04-15,2014-04-17,445,4.6,Scott Beason,R,9%,False,"April 15 & 17, 2014"
2014,Alabama,AL,6,Republican Primary,JMC Analytics (R-Mathis),2014-04-15 to 2014-04-17,2014-04-15,2014-04-17,445,4.6,Will Brooke,R,10%,False,"April 15 & 17, 2014"
2014,Alabama,AL,6,Republican Primary,JMC Analytics (R-Mathis),2014-04-15 to 2014-04-17,2014-04-15,2014-04-17,445,4.6,Paul DeMarco,R,15%,False,"April 15 & 17, 2014"
2014,Alabama,AL,6,Republican Primary,JMC Analytics (R-Mathis),2014-04-15 to 2014-04-17,2014-04-15,2014-04-17,445,4.6,Chad Mathis,R,16%,False,"April 15 & 17, 2014"
2014,Alabama,AL,6,Republican Primary,JMC Analytics (R-Mathis),2014-04-15 to 2014-04-17,2014-04-15,2014-04-17,445,4.6,Gary Palmer,R,4%,False,"April 15 & 17, 2014"
2014,Alabama,AL,6,Republican Primary,JMC Analytics (R-Mathis),2014-04-15 to 2014-04-17,2014-04-15,2014-04-17,445,4.6,Tom Vignuelle,R,2%,False,"April 15 & 17, 2014"
2014,Alabama,AL,6,Republican Primary,Cygnal,2014-05,2014-05-01,2014-05-31,,,Scott Beason,R,12%,False,May 2014
2014,Alabama,AL,6,Republican Primary,Cygnal,2014-05,2014-05-01,2014-05-31,,,Will Brooke,R,11%,False,May 2014
2014,Alabama,AL,6,Republican Primary,Cygnal,2014-05,2014-05-01,2014-05-31,,,Paul DeMarco,R,20%,False,May 2014
2014,Alabama,AL,6,Republican Primary,Cygnal,2014-05,2014-05-01,2014-05-31,,,Chad Mathis,R,17%,False,May 2014
2014,Alabama,AL,6,Republican Primary,Cygnal,2014-05,2014-05-01,2014-05-31,,,Gary Palmer,R,18%,False,May 2014
2014,Alabama,AL,6,Republican Primary,Cygnal,2014-05,2014-05-01,2014-05-31,,,Tom Vignuelle,R,3%,False,May 2014
2014,Alabama,AL,6,Republican Primary,Cygnal,2014-07-07 to 2014-07-08,2014-07-07,2014-07-08,647,3.84,Paul DeMarco,R,29%,False,"July 7–8, 2014"
2014,Alabama,AL,6,Republican Primary,Cygnal,2014-07-07 to 2014-07-08,2014-07-07,2014-07-08,647,3.84,Gary Palmer,R,60%,False,"July 7–8, 2014"
2014,Arizona,AZ,1,Republican Primary,Remington,2014-08-17 to 2014-08-19,2014-08-17,2014-08-19,420,4.8,Gary Kiehne,R,21%,False,"August 17–19, 2014"
2014,Arizona,AZ,1,Republican Primary,Remington,2014-08-17 to 2014-08-19,2014-08-17,2014-08-19,420,4.8,Adam Kwasman,R,29%,False,"August 17–19, 2014"
2014,Arizona,AZ,1,Republican Primary,Remington,2014-08-17 to 2014-08-19,2014-08-17,2014-08-19,420,4.8,Andy Tobin,R,30%,False,"August 17–19, 2014"
2014,Arizona,AZ,7,Democratic Primary,Lake Research (D-Gallego),2014-05-20 to 2014-05-22,2014-05-20,2014-05-22,401,4.9,Ruben Gallego,D,38%,False,"May 20–22, 2014"
2014,Arizona,AZ,7,Democratic Primary,Lake Research (D-Gallego),2014-05-20 to 2014-05-22,2014-05-20,2014-05-22,401,4.9,Mary Rose Wilcox,D,32%,False,"May 20–22, 2014"
2014,Arizona,AZ,7,Democratic Primary,Lake Research (D-Gallego),2014-07-20 to 2014-07-22,2014-07-20,2014-07-22,400,4.9,Ruben Gallego,D,32%,False,"July 20–22, 2014"
2014,Arizona,AZ,7,Democratic Primary,Lake Research (D-Gallego),2014-07-20 to 2014-07-22,2014-07-20,2014-07-22,400,4.9,Mary Rose Wilcox,D,24%,False,"July 20–22, 2014"
2014,Arizona,AZ,7,Democratic Primary,Public Policy Polling,2014-07-22 to 2014-07-24,2014-07-22,2014-07-24,500,4.4,Ruben Gallego,D,41%,False,"July 22–24, 2014"
2014,Arizona,AZ,7,Democratic Primary,Public Policy Polling,2014-07-22 to 2014-07-24,2014-07-22,2014-07-24,500,4.4,Mary Rose Wilcox,D,31%,False,"July 22–24, 2014"
2014,Arizona,AZ,9,Republican Primary,Coleman Dahm & Associates,2014-02,2014-02-01,2014-02-28,686,,Wendy Rogers,R,15%,False,February 2014
2014,Arizona,AZ,9,Republican Primary,Coleman Dahm & Associates,2014-02,2014-02-01,2014-02-28,686,,Andrew Walter,R,7%,False,February 2014
2014,Arkansas,AR,2,Republican Primary,Talk Business,2014-04-29,2014-04-29,2014-04-29,360,5.1,Ann Clemmer,R,7%,False,"April 29, 2014"
2014,Arkansas,AR,2,Republican Primary,Talk Business,2014-04-29,2014-04-29,2014-04-29,360,5.1,French Hill,R,59%,False,"April 29, 2014"
2014,Arkansas,AR,2,Republican Primary,Talk Business,2014-04-29,2014-04-29,2014-04-29,360,5.1,Conrad Reynolds,R,14%,False,"April 29, 2014"
2014,Arkansas,AR,4,Republican Primary,Talk Business/Hendrix College,2014-04-29,2014-04-29,2014-04-29,392,4.9,Tommy Moll,R,10%,False,"April 29, 2014"
2014,Arkansas,AR,4,Republican Primary,Talk Business/Hendrix College,2014-04-29,2014-04-29,2014-04-29,392,4.9,Bruce Westerman,R,47%,False,"April 29, 2014"
2014,California,CA,17,jungle,Public Policy Polling (D-PCCC),2014-02-13 to 2014-02-16,2014-02-13,2014-02-16,270,6.0,Mike Honda,D,45%,False,"February 13–16, 2014"
2014,California,CA,17,jungle,Public Policy Polling (D-PCCC),2014-02-13 to 2014-02-16,2014-02-13,2014-02-16,270,6.0,Ro Khanna,D,26%,False,"February 13–16, 2014"
2014,California,CA,17,jungle,Public Policy Polling (D-PCCC),2014-02-13 to 2014-02-16,2014-02-13,2014-02-16,270,6.0,Vanila Singh,R,29%,False,"February 13–16, 2014"
2014,California,CA,17,jungle,SurveyUSA,2014-05-20 to 2014-05-22,2014-05-20,2014-05-22,825,4.4,Mike Honda,D,40%,False,"May 20–22, 2014"
2014,California,CA,17,jungle,SurveyUSA,2014-05-20 to 2014-05-22,2014-05-20,2014-05-22,825,4.4,Ro Khanna,D,21%,False,"May 20–22, 2014"
2014,California,CA,17,jungle,SurveyUSA,2014-05-20 to 2014-05-22,2014-05-20,2014-05-22,825,4.4,Vanila Singh,R,8%,False,"May 20–22, 2014"
2014,California,CA,17,jungle,SurveyUSA,2014-05-20 to 2014-05-22,2014-05-20,2014-05-22,825,4.4,Joel Vanlandingham,R,6%,False,"May 20–22, 2014"
2014,California,CA,21,jungle,Harper Polling (R-NRCC),2014-02,2014-02-01,2014-02-28,517,4.31,David Valadao,R,45%,False,February 2014
2014,California,CA,21,jungle,Harper Polling (R-NRCC),2014-02,2014-02-01,2014-02-28,517,4.31,John Hernandez,D,25%,False,February 2014
2014,California,CA,21,jungle,Harper Polling (R-NRCC),2014-02,2014-02-01,2014-02-28,517,4.31,Amanda Renteria,D,13%,False,February 2014
2014,California,CA,31,jungle,Tulchin Research (D-DCCC),2014-04-14 to 2014-04-17,2014-04-14,2014-04-17,600,4.0,Pete Aguilar,D,15%,False,"April 14–17, 2014"
2014,California,CA,31,jungle,Tulchin Research (D-DCCC),2014-04-14 to 2014-04-17,2014-04-14,2014-04-17,600,4.0,Joe Baca,D,8%,False,"April 14–17, 2014"
2014,California,CA,31,jungle,Tulchin Research (D-DCCC),2014-04-14 to 2014-04-17,2014-04-14,2014-04-17,600,4.0,Paul Chabot,R,21%,False,"April 14–17, 2014"
2014,California,CA,31,jungle,Tulchin Research (D-DCCC),2014-04-14 to 2014-04-17,2014-04-14,2014-04-17,600,4.0,Ryan Downing,R,4%,False,"April 14–17, 2014"
2014,California,CA,31,jungle,Tulchin Research (D-DCCC),2014-04-14 to 2014-04-17,2014-04-14,2014-04-17,600,4.0,Lesli Gooch,R,4%,False,"April 14–17, 2014"
2014,California,CA,31,jungle,Tulchin Research (D-DCCC),2014-04-14 to 2014-04-17,2014-04-14,2014-04-17,600,4.0,Eloise Gomez Reyes,D,12%,False,"April 14–17, 2014"
2014,California,CA,31,jungle,Tulchin Research (D-DCCC),2014-04-14 to 2014-04-17,2014-04-14,2014-04-17,600,4.0,Danny Tillman,D,6%,False,"April 14–17, 2014"
2014,California,CA,31,jungle,Tulchin Research (D-DCCC),2014-05-07 to 2014-05-08,2014-05-07,2014-05-08,400,4.9,Pete Aguilar,D,15%,False,"May 7–8, 201"
2014,California,CA,31,jungle,Tulchin Research (D-DCCC),2014-05-07 to 2014-05-08,2014-05-07,2014-05-08,400,4.9,Joe Baca,D,13%,False,"May 7–8, 201"
2014,California,CA,31,jungle,Tulchin Research (D-DCCC),2014-05-07 to 2014-05-08,2014-05-07,2014-05-08,400,4.9,Paul Chabot,R,23%,False,"May 7–8, 201"
2014,California,CA,31,jungle,Tulchin Research (D-DCCC),2014-05-07 to 2014-05-08,2014-05-07,2014-05-08,400,4.9,Ryan Downing,R,7%,False,"May 7–8, 201"
2014,California,CA,31,jungle,Tulchin Research (D-DCCC),2014-05-07 to 2014-05-08,2014-05-07,2014-05-08,400,4.9,Lesli Gooch,R,6%,False,"May 7–8, 201"
2014,California,CA,31,jungle,Tulchin Research (D-DCCC),2014-05-07 to 2014-05-08,2014-05-07,2014-05-08,400,4.9,Eloise Gomez Reyes,D,13%,False,"May 7–8, 201"
2014,California,CA,31,jungle,Tulchin Research (D-DCCC),2014-05-07 to 2014-05-08,2014-05-07,2014-05-08,400,4.9,Danny Tillman,D,6%,False,"May 7–8, 201"
2014,California,CA,33,jungle,Benenson Strategy Group,2014-02-12 to 2014-02-13,2014-02-12,2014-02-13,500,4.3,Elan Carr,R,19%,False,"February 12–13, 2014"
2014,California,CA,33,jungle,Benenson Strategy Group,2014-02-12 to 2014-02-13,2014-02-12,2014-02-13,500,4.3,Wendy Greuel,D,29%,False,"February 12–13, 2014"
2014,California,CA,33,jungle,Benenson Strategy Group,2014-02-12 to 2014-02-13,2014-02-12,2014-02-13,500,4.3,Ted Lieu,D,21%,False,"February 12–13, 2014"
2014,California,CA,33,jungle,Benenson Strategy Group,2014-02-12 to 2014-02-13,2014-02-12,2014-02-13,500,4.3,Brent Roske,I,1%,False,"February 12–13, 2014"
2014,California,CA,33,jungle,Benenson Strategy Group,2014-02-12 to 2014-02-13,2014-02-12,2014-02-13,500,4.3,Marianne Williamson,I,7%,False,"February 12–13, 2014"
2014,California,CA,45,jungle,Lewis Consulting Group,2013-06-28 to 2013-06-30,2013-06-28,2013-06-30,300,4.8,Beth Krom,D,21%,False,"June 28–30, 2013"
2014,California,CA,45,jungle,Lewis Consulting Group,2013-06-28 to 2013-06-30,2013-06-28,2013-06-30,300,4.8,Beth Krom,D,22%,False,"June 28–30, 2013"
2014,California,CA,45,jungle,Lewis Consulting Group,2013-06-28 to 2013-06-30,2013-06-28,2013-06-30,300,4.8,Beth Krom,D,23%,False,"June 28–30, 2013"
2014,California,CA,45,jungle,Lewis Consulting Group,2013-06-28 to 2013-06-30,2013-06-28,2013-06-30,300,4.8,Beth Krom,D,10%,False,"June 28–30, 2013"
2014,California,CA,45,jungle,Lewis Consulting Group,2013-06-28 to 2013-06-30,2013-06-28,2013-06-30,300,4.8,Gary Miller,R,21%,False,"June 28–30, 2013"
2014,California,CA,45,jungle,Lewis Consulting Group,2013-06-28 to 2013-06-30,2013-06-28,2013-06-30,300,4.8,Mimi Walters,R,25%,False,"June 28–30, 2013"
2014,California,CA,45,jungle,Lewis Consulting Group,2013-06-28 to 2013-06-30,2013-06-28,2013-06-30,300,4.8,Mimi Walters,R,20%,False,"June 28–30, 2013"
2014,California,CA,45,jungle,Lewis Consulting Group,2013-06-28 to 2013-06-30,2013-06-28,2013-06-30,300,4.8,Mimi Walters,R,27%,False,"June 28–30, 2013"
2014,California,CA,45,jungle,Lewis Consulting Group,2013-06-28 to 2013-06-30,2013-06-28,2013-06-30,300,4.8,Mimi Walters,R,41%,False,"June 28–30, 2013"
2014,California,CA,45,jungle,Lewis Consulting Group,2013-06-28 to 2013-06-30,2013-06-28,2013-06-30,300,4.8,Ed Royce,R,26%,False,"June 28–30, 2013"
2014,California,CA,45,jungle,Lewis Consulting Group,2013-06-28 to 2013-06-30,2013-06-28,2013-06-30,300,4.8,Todd Spitzer,R,29%,False,"June 28–30, 2013"
2014,California,CA,45,jungle,Lewis Consulting Group,2013-06-28 to 2013-06-30,2013-06-28,2013-06-30,300,4.8,Don Wagner,R,16%,False,"June 28–30, 2013"
2014,California,CA,45,jungle,Lewis Consulting Group,2013-06-28 to 2013-06-30,2013-06-28,2013-06-30,300,4.8,Sukhee Kang,D,7%,False,"June 28–30, 2013"
2014,California,CA,45,jungle,Lewis Consulting Group,2013-06-28 to 2013-06-30,2013-06-28,2013-06-30,300,4.8,Steve Young,D,9%,False,"June 28–30, 2013"
2014,California,CA,7,jungle,DCCC,2014-05-01 to 2014-05-02,2014-05-01,2014-05-02,567,4.1,Ami Bera,D,47%,False,"May 1–2, 2014"
2014,California,CA,7,jungle,DCCC,2014-05-01 to 2014-05-02,2014-05-01,2014-05-02,567,4.1,Igor Birman,R,17%,False,"May 1–2, 2014"
2014,California,CA,7,jungle,DCCC,2014-05-01 to 2014-05-02,2014-05-01,2014-05-02,567,4.1,Elizabeth Emken,R,7%,False,"May 1–2, 2014"
2014,California,CA,7,jungle,DCCC,2014-05-01 to 2014-05-02,2014-05-01,2014-05-02,567,4.1,Doug Ose,R,22%,False,"May 1–2, 2014"
2014,Florida,FL,13,Democratic Primary,St. Pete Polls,2013-10-15,2013-10-15,2013-10-15,706,3.7,Jessica Ehrlich,D,19.8%,False,"October 15, 2013"
2014,Florida,FL,13,Democratic Primary,St. Pete Polls,2013-10-15,2013-10-15,2013-10-15,706,3.7,Alex Sink,D,63.1%,False,"October 15, 2013"
2014,Georgia,GA,1,Republican Primary,Rosetta Stone,2014-02-04,2014-02-04,2014-02-04,450,3.5,Buddy Carter,R,27%,False,"February 4, 2014"
2014,Georgia,GA,1,Republican Primary,Rosetta Stone,2014-02-04,2014-02-04,2014-02-04,450,3.5,Darwin Carter,R,2%,False,"February 4, 2014"
2014,Georgia,GA,1,Republican Primary,Rosetta Stone,2014-02-04,2014-02-04,2014-02-04,450,3.5,Jeff Chapman,R,14%,False,"February 4, 2014"
2014,Georgia,GA,1,Republican Primary,Rosetta Stone,2014-02-04,2014-02-04,2014-02-04,450,3.5,Bob Johnson,R,2%,False,"February 4, 2014"
2014,Georgia,GA,1,Republican Primary,Rosetta Stone,2014-02-04,2014-02-04,2014-02-04,450,3.5,John McCallum,R,4%,False,"February 4, 2014"
2014,Georgia,GA,10,Republican Primary,Rosetta Stone (R-Collins),2013-12-03 to 2013-12-04,2013-12-03,2013-12-04,626,4.1,Mike Collins,R,17%,False,"December 3–4, 2013"
2014,Georgia,GA,10,Republican Primary,Rosetta Stone (R-Collins),2013-12-03 to 2013-12-04,2013-12-03,2013-12-04,626,4.1,Gary Gerrard,R,3%,False,"December 3–4, 2013"
2014,Georgia,GA,10,Republican Primary,Rosetta Stone (R-Collins),2013-12-03 to 2013-12-04,2013-12-03,2013-12-04,626,4.1,Jody Hice,R,14%,False,"December 3–4, 2013"
2014,Georgia,GA,10,Republican Primary,Rosetta Stone (R-Collins),2013-12-03 to 2013-12-04,2013-12-03,2013-12-04,626,4.1,Donna Sheldon,R,4%,False,"December 3–4, 2013"
2014,Georgia,GA,10,Republican Primary,Rosetta Stone (R-Collins),2013-12-03 to 2013-12-04,2013-12-03,2013-12-04,626,4.1,Stephen Simpson,R,3%,False,"December 3–4, 2013"
2014,Georgia,GA,10,Republican Primary,Rosetta Stone (R-Collins),2013-12-03 to 2013-12-04,2013-12-03,2013-12-04,626,4.1,Brian Slowinski,R,1%,False,"December 3–4, 2013"
2014,Georgia,GA,11,Republican Primary,RightPath (R-Loudermilk),2014-03-20 to 2014-03-24,2014-03-20,2014-03-24,600,4.08,Bob Barr,R,12.2%,False,"March 20–24, 2014"
2014,Georgia,GA,11,Republican Primary,RightPath (R-Loudermilk),2014-03-20 to 2014-03-24,2014-03-20,2014-03-24,600,4.08,Allan Levene,R,0.3%,False,"March 20–24, 2014"
2014,Georgia,GA,11,Republican Primary,RightPath (R-Loudermilk),2014-03-20 to 2014-03-24,2014-03-20,2014-03-24,600,4.08,Ed Lindsey,R,2.7%,False,"March 20–24, 2014"
2014,Georgia,GA,11,Republican Primary,RightPath (R-Loudermilk),2014-03-20 to 2014-03-24,2014-03-20,2014-03-24,600,4.08,Barry Loudermilk,R,12.3%,False,"March 20–24, 2014"
2014,Georgia,GA,11,Republican Primary,RightPath (R-Loudermilk),2014-03-20 to 2014-03-24,2014-03-20,2014-03-24,600,4.08,Larry Mrozinski,R,0.3%,False,"March 20–24, 2014"
2014,Georgia,GA,11,Republican Primary,RightPath (R-Loudermilk),2014-03-20 to 2014-03-24,2014-03-20,2014-03-24,600,4.08,Tricia Pridemore,R,3.7%,False,"March 20–24, 2014"
2014,Georgia,GA,11,Republican Primary,Landmark,2014-04-17,2014-04-17,2014-04-17,500,4.5,Bob Barr,R,23%,False,"April 17, 2014"
2014,Georgia,GA,11,Republican Primary,Landmark,2014-04-17,2014-04-17,2014-04-17,500,4.5,Allan Levene,R,3%,False,"April 17, 2014"
2014,Georgia,GA,11,Republican Primary,Landmark,2014-04-17,2014-04-17,2014-04-17,500,4.5,Ed Lindsey,R,8%,False,"April 17, 2014"
2014,Georgia,GA,11,Republican Primary,Landmark,2014-04-17,2014-04-17,2014-04-17,500,4.5,Barry Loudermilk,R,25%,False,"April 17, 2014"
2014,Georgia,GA,11,Republican Primary,Landmark,2014-04-17,2014-04-17,2014-04-17,500,4.5,Larry Mrozinski,R,4%,False,"April 17, 2014"
2014,Georgia,GA,11,Republican Primary,Landmark,2014-04-17,2014-04-17,2014-04-17,500,4.5,Tricia Pridemore,R,11%,False,"April 17, 2014"
2014,Georgia,GA,11,Republican Primary,Magellan Strategies (R-Loudermilk),2014-07-07 to 2014-07-08,2014-07-07,2014-07-08,719,3.65,Bob Barr,R,28%,False,"July 7–8, 2014"
2014,Georgia,GA,11,Republican Primary,Magellan Strategies (R-Loudermilk),2014-07-07 to 2014-07-08,2014-07-07,2014-07-08,719,3.65,Barry Loudermilk,R,49%,False,"July 7–8, 2014"
2014,Georgia,GA,12,Republican Primary,Landmark,2014-05-01,2014-05-01,2014-05-01,500,4.5,Rick Allen,R,40%,False,"May 1, 2014"
2014,Georgia,GA,12,Republican Primary,Landmark,2014-05-01,2014-05-01,2014-05-01,500,4.5,Delvis Dutton,R,8%,False,"May 1, 2014"
2014,Georgia,GA,12,Republican Primary,Landmark,2014-05-01,2014-05-01,2014-05-01,500,4.5,John Stone,R,8%,False,"May 1, 2014"
2014,Georgia,GA,12,Republican Primary,Landmark,2014-05-01,2014-05-01,2014-05-01,500,4.5,Diane Vann,R,3%,False,"May 1, 2014"
2014,Georgia,GA,12,Republican Primary,Landmark,2014-05-01,2014-05-01,2014-05-01,500,4.5,Eugene Yu,R,15%,False,"May 1, 2014"
2014,Hawaii,HI,1,Democratic Primary,Civil Beat,2014-02-12 to 2014-02-15,2014-02-12,2014-02-15,323,5.4,Ikaika Anderson,D,5%,False,"February 12–15, 2014"
2014,Hawaii,HI,1,Democratic Primary,Civil Beat,2014-02-12 to 2014-02-15,2014-02-12,2014-02-15,323,5.4,Stanley Chang,D,7%,False,"February 12–15, 2014"
2014,Hawaii,HI,1,Democratic Primary,Civil Beat,2014-02-12 to 2014-02-15,2014-02-12,2014-02-15,323,5.4,Will Espero,D,8%,False,"February 12–15, 2014"
2014,Hawaii,HI,1,Democratic Primary,Civil Beat,2014-02-12 to 2014-02-15,2014-02-12,2014-02-15,323,5.4,Donna Mercado Kim,D,25%,False,"February 12–15, 2014"
2014,Hawaii,HI,1,Democratic Primary,Civil Beat,2014-02-12 to 2014-02-15,2014-02-12,2014-02-15,323,5.4,Mark Takai,D,20%,False,"February 12–15, 2014"
2014,Hawaii,HI,1,Democratic Primary,Civil Beat,2014-05-18 to 2014-05-19,2014-05-18,2014-05-19,259,6.1,Ikaika Anderson,D,7%,False,"May 18–19, 2014"
2014,Hawaii,HI,1,Democratic Primary,Civil Beat,2014-05-18 to 2014-05-19,2014-05-18,2014-05-19,259,6.1,Stanley Chang,D,9%,False,"May 18–19, 2014"
2014,Hawaii,HI,1,Democratic Primary,Civil Beat,2014-05-18 to 2014-05-19,2014-05-18,2014-05-19,259,6.1,Will Espero,D,6%,False,"May 18–19, 2014"
2014,Hawaii,HI,1,Democratic Primary,Civil Beat,2014-05-18 to 2014-05-19,2014-05-18,2014-05-19,259,6.1,Donna Mercado Kim,D,30%,False,"May 18–19, 2014"
2014,Hawaii,HI,1,Democratic Primary,Civil Beat,2014-05-18 to 2014-05-19,2014-05-18,2014-05-19,259,6.1,Joey Manahan,D,1%,False,"May 18–19, 2014"
2014,Hawaii,HI,1,Democratic Primary,Civil Beat,2014-05-18 to 2014-05-19,2014-05-18,2014-05-19,259,6.1,Mark Takai,D,24%,False,"May 18–19, 2014"
2014,Hawaii,HI,1,Democratic Primary,Ward Research,2014-07-21 to 2014-07-29,2014-07-21,2014-07-29,306,5.6,Ikaika Anderson,D,9%,False,"July 21–29, 2014"
2014,Hawaii,HI,1,Democratic Primary,Ward Research,2014-07-21 to 2014-07-29,2014-07-21,2014-07-29,306,5.6,Stanley Chang,D,12%,False,"July 21–29, 2014"
2014,Hawaii,HI,1,Democratic Primary,Ward Research,2014-07-21 to 2014-07-29,2014-07-21,2014-07-29,306,5.6,Will Espero,D,5%,False,"July 21–29, 2014"
2014,Hawaii,HI,1,Democratic Primary,Ward Research,2014-07-21 to 2014-07-29,2014-07-21,2014-07-29,306,5.6,Donna Mercado Kim,D,28%,False,"July 21–29, 2014"
2014,Hawaii,HI,1,Democratic Primary,Ward Research,2014-07-21 to 2014-07-29,2014-07-21,2014-07-29,306,5.6,Joey Manahan,D,5%,False,"July 21–29, 2014"
2014,Hawaii,HI,1,Democratic Primary,Ward Research,2014-07-21 to 2014-07-29,2014-07-21,2014-07-29,306,5.6,Mark Takai,D,28%,False,"July 21–29, 2014"
2014,Hawaii,HI,1,Democratic Primary,Ward Research,2014-07-21 to 2014-07-29,2014-07-21,2014-07-29,306,5.6,Kathryn Xian,D,2%,False,"July 21–29, 2014"
2014,Hawaii,HI,1,Democratic Primary,Civil Beat,2014-07-24 to 2014-07-28,2014-07-24,2014-07-28,482,4.5,Ikaika Anderson,D,7%,False,"July 24–28, 2014"
2014,Hawaii,HI,1,Democratic Primary,Civil Beat,2014-07-24 to 2014-07-28,2014-07-24,2014-07-28,482,4.5,Stanley Chang,D,15%,False,"July 24–28, 2014"
2014,Hawaii,HI,1,Democratic Primary,Civil Beat,2014-07-24 to 2014-07-28,2014-07-24,2014-07-28,482,4.5,Will Espero,D,5%,False,"July 24–28, 2014"
2014,Hawaii,HI,1,Democratic Primary,Civil Beat,2014-07-24 to 2014-07-28,2014-07-24,2014-07-28,482,4.5,Donna Mercado Kim,D,23%,False,"July 24–28, 2014"
2014,Hawaii,HI,1,Democratic Primary,Civil Beat,2014-07-24 to 2014-07-28,2014-07-24,2014-07-28,482,4.5,Joey Manahan,D,6%,False,"July 24–28, 2014"
2014,Hawaii,HI,1,Democratic Primary,Civil Beat,2014-07-24 to 2014-07-28,2014-07-24,2014-07-28,482,4.5,Mark Takai,D,30%,False,"July 24–28, 2014"
2014,Illinois,IL,13,Republican Primary,We Ask America,2013-06-10,2013-06-10,2013-06-10,"1,178",2.86,Rodney Davis,R,54%,False,"June 10, 2013"
2014,Illinois,IL,13,Republican Primary,We Ask America,2013-06-10,2013-06-10,2013-06-10,"1,178",2.86,Erika Harold,R,16%,False,"June 10, 2013"
2014,Illinois,IL,13,Republican Primary,We Ask America,2013-10-10,2013-10-10,2013-10-10,859,3.34,Rodney Davis,R,63%,False,"October 10, 2013"
2014,Illinois,IL,13,Republican Primary,We Ask America,2013-10-10,2013-10-10,2013-10-10,859,3.34,Erika Harold,R,16%,False,"October 10, 2013"
2014,Illinois,IL,13,Republican Primary,Public Opinion Strategies (R-Davis),2013-11-19 to 2013-11-21,2013-11-19,2013-11-21,400,4.9,Rodney Davis,R,63%,False,"November 19–21, 2013"
2014,Illinois,IL,13,Republican Primary,Public Opinion Strategies (R-Davis),2013-11-19 to 2013-11-21,2013-11-19,2013-11-21,400,4.9,Erika Harold,R,15%,False,"November 19–21, 2013"
2014,Illinois,IL,13,Democratic Primary,We Ask America,2014-03,2014-03-01,2014-03-31,"1,136",2.91,Ann Callis,D,41%,False,March 2014
2014,Illinois,IL,13,Democratic Primary,We Ask America,2014-03,2014-03-01,2014-03-31,"1,136",2.91,George Gollin,D,25%,False,March 2014
2014,Illinois,IL,13,Democratic Primary,We Ask America,2014-03,2014-03-01,2014-03-31,"1,136",2.91,David Green,D,7%,False,March 2014
2014,Iowa,IA,1,Democratic Primary,Myers Research (D-Murphy),2014-02-11 to 2014-02-13,2014-02-11,2014-02-13,400,4.9,Swati Dandekar,D,13%,False,"February 11–13, 2014"
2014,Iowa,IA,1,Democratic Primary,Myers Research (D-Murphy),2014-02-11 to 2014-02-13,2014-02-11,2014-02-13,400,4.9,Anesa Kajtazovic,D,11%,False,"February 11–13, 2014"
2014,Iowa,IA,1,Democratic Primary,Myers Research (D-Murphy),2014-02-11 to 2014-02-13,2014-02-11,2014-02-13,400,4.9,Pat Murphy,D,36%,False,"February 11–13, 2014"
2014,Iowa,IA,1,Democratic Primary,Myers Research (D-Murphy),2014-02-11 to 2014-02-13,2014-02-11,2014-02-13,400,4.9,Dave O'Brien,D,8%,False,"February 11–13, 2014"
2014,Iowa,IA,1,Democratic Primary,Myers Research (D-Murphy),2014-02-11 to 2014-02-13,2014-02-11,2014-02-13,400,4.9,Monica Vernon,D,17%,False,"February 11–13, 2014"
2014,Iowa,IA,1,Republican Primary,Loras College,2014-04-08 to 2014-04-09,2014-04-08,2014-04-09,300,5.65,Rod Blum,R,17%,False,"April 8–9, 2014"
2014,Iowa,IA,1,Republican Primary,Loras College,2014-04-08 to 2014-04-09,2014-04-08,2014-04-09,300,5.65,Gail Boliver,R,2%,False,"April 8–9, 2014"
2014,Iowa,IA,1,Republican Primary,Loras College,2014-04-08 to 2014-04-09,2014-04-08,2014-04-09,300,5.65,Steve Rathje,R,12%,False,"April 8–9, 2014"
2014,Iowa,IA,1,Democratic Primary,Loras College,2014-04-10 to 2014-04-11,2014-04-10,2014-04-11,300,5.7,Swati Dandekar,D,9%,False,"April 10–11, 2014"
2014,Iowa,IA,1,Democratic Primary,Loras College,2014-04-10 to 2014-04-11,2014-04-10,2014-04-11,300,5.7,Anesa Kajtazovic,D,11%,False,"April 10–11, 2014"
2014,Iowa,IA,1,Democratic Primary,Loras College,2014-04-10 to 2014-04-11,2014-04-10,2014-04-11,300,5.7,Pat Murphy,D,30%,False,"April 10–11, 2014"
2014,Iowa,IA,1,Democratic Primary,Loras College,2014-04-10 to 2014-04-11,2014-04-10,2014-04-11,300,5.7,Dave O'Brien,D,6%,False,"April 10–11, 2014"
2014,Iowa,IA,1,Democratic Primary,Loras College,2014-04-10 to 2014-04-11,2014-04-10,2014-04-11,300,5.7,Monica Vernon,D,9%,False,"April 10–11, 2014"
2014,Iowa,IA,1,Democratic Primary,Loras College,2014-05-14 to 2014-05-15,2014-05-14,2014-05-15,300,5.7,Swati Dandekar,D,11%,False,"May 14–15, 2014"
2014,Iowa,IA,1,Democratic Primary,Loras College,2014-05-14 to 2014-05-15,2014-05-14,2014-05-15,300,5.7,Anesa Kajtazovic,D,9%,False,"May 14–15, 2014"
2014,Iowa,IA,1,Democratic Primary,Loras College,2014-05-14 to 2014-05-15,2014-05-14,2014-05-15,300,5.7,Pat Murphy,D,35%,False,"May 14–15, 2014"
2014,Iowa,IA,1,Democratic Primary,Loras College,2014-05-14 to 2014-05-15,2014-05-14,2014-05-15,300,5.7,Dave O'Brien,D,3%,False,"May 14–15, 2014"
2014,Iowa,IA,1,Democratic Primary,Loras College,2014-05-14 to 2014-05-15,2014-05-14,2014-05-15,300,5.7,Monica Vernon,D,11%,False,"May 14–15, 2014"
2014,Iowa,IA,1,Republican Primary,Loras College,2014-05-15,2014-05-15,2014-05-15,300,5.65,Rod Blum,R,31%,False,"May 15, 2014"
2014,Iowa,IA,1,Republican Primary,Loras College,2014-05-15,2014-05-15,2014-05-15,300,5.65,Gail Boliver,R,2%,False,"May 15, 2014"
2014,Iowa,IA,1,Republican Primary,Loras College,2014-05-15,2014-05-15,2014-05-15,300,5.65,Steve Rathje,R,16%,False,"May 15, 2014"
2014,Iowa,IA,2,Republican Primary,Loras College,2014-04-09 to 2014-04-10,2014-04-09,2014-04-10,300,5.65,Mark Lofgren,R,11%,False,"April 9–10, 2014"
2014,Iowa,IA,2,Republican Primary,Loras College,2014-04-09 to 2014-04-10,2014-04-09,2014-04-10,300,5.65,Mariannette Miller-Meeks,R,18%,False,"April 9–10, 2014"
2014,Iowa,IA,2,Republican Primary,Loras College,2014-04-09 to 2014-04-10,2014-04-09,2014-04-10,300,5.65,Matthew C. Waldren,R,1%,False,"April 9–10, 2014"
2014,Iowa,IA,2,Republican Primary,Loras College,2014-05-13 to 2014-05-14,2014-05-13,2014-05-14,300,5.65,Mark Lofgren,R,12%,False,"May 13–14, 2014"
2014,Iowa,IA,2,Republican Primary,Loras College,2014-05-13 to 2014-05-14,2014-05-13,2014-05-14,300,5.65,Mariannette Miller-Meeks,R,36%,False,"May 13–14, 2014"
2014,Iowa,IA,3,Republican Primary,Loras College,2014-04-08 to 2014-04-10,2014-04-08,2014-04-10,300,5.65,Robert Cramer,R,7%,False,"April 8–10, 2014"
2014,Iowa,IA,3,Republican Primary,Loras College,2014-04-08 to 2014-04-10,2014-04-08,2014-04-10,300,5.65,Joe Grandanette,R,2%,False,"April 8–10, 2014"
2014,Iowa,IA,3,Republican Primary,Loras College,2014-04-08 to 2014-04-10,2014-04-08,2014-04-10,300,5.65,Matt Schultz,R,8%,False,"April 8–10, 2014"
2014,Iowa,IA,3,Republican Primary,Loras College,2014-04-08 to 2014-04-10,2014-04-08,2014-04-10,300,5.65,Monte Shaw,R,5%,False,"April 8–10, 2014"
2014,Iowa,IA,3,Republican Primary,Loras College,2014-04-08 to 2014-04-10,2014-04-08,2014-04-10,300,5.65,David Young,R,3%,False,"April 8–10, 2014"
2014,Iowa,IA,3,Republican Primary,Loras College,2014-04-08 to 2014-04-10,2014-04-08,2014-04-10,300,5.65,Brad Zaun,R,17%,False,"April 8–10, 2014"
2014,Iowa,IA,3,Republican Primary,Loras College,2014-05-14,2014-05-14,2014-05-14,300,5.65,Robert Cramer,R,8%,False,"May 14, 2014"
2014,Iowa,IA,3,Republican Primary,Loras College,2014-05-14,2014-05-14,2014-05-14,300,5.65,Joe Grandanette,R,2%,False,"May 14, 2014"
2014,Iowa,IA,3,Republican Primary,Loras College,2014-05-14,2014-05-14,2014-05-14,300,5.65,Matt Schultz,R,8%,False,"May 14, 2014"
2014,Iowa,IA,3,Republican Primary,Loras College,2014-05-14,2014-05-14,2014-05-14,300,5.65,Monte Shaw,R,5%,False,"May 14, 2014"
2014,Iowa,IA,3,Republican Primary,Loras College,2014-05-14,2014-05-14,2014-05-14,300,5.65,David Young,R,8%,False,"May 14, 2014"
2014,Iowa,IA,3,Republican Primary,Loras College,2014-05-14,2014-05-14,2014-05-14,300,5.65,Brad Zaun,R,17%,False,"May 14, 2014"
2014,Kansas,KS,1,Republican Primary,The Polling Company (R-Huelskamp),2014-06,2014-06-01,2014-06-30,400,4.2,Tim Huelskamp,R,62%,False,June 2014
2014,Kansas,KS,1,Republican Primary,The Polling Company (R-Huelskamp),2014-06,2014-06-01,2014-06-30,400,4.2,Alan LaPolice,R,12%,False,June 2014
2014,Kansas,KS,1,Republican Primary,Remington Research Group,2014-07-29,2014-07-29,2014-07-29,"1,539",3.7,Tim Huelskamp,R,50%,False,"July 29, 2014"
2014,Kansas,KS,1,Republican Primary,Remington Research Group,2014-07-29,2014-07-29,2014-07-29,"1,539",3.7,Alan LaPolice,R,29%,False,"July 29, 2014"
2014,Kansas,KS,4,Republican Primary,SurveyUSA,2014-06-16 to 2014-06-18,2014-06-16,2014-06-18,534,4.3,Mike Pompeo,R,51%,False,"June 16–18, 2014"
2014,Kansas,KS,4,Republican Primary,SurveyUSA,2014-06-16 to 2014-06-18,2014-06-16,2014-06-18,534,4.3,Todd Tiahrt,R,34%,False,"June 16–18, 2014"
2014,Kansas,KS,4,Republican Primary,SurveyUSA,2014-07-17 to 2014-07-21,2014-07-17,2014-07-21,671,3.9,Mike Pompeo,R,46%,False,"July 17–21, 2014"
2014,Kansas,KS,4,Republican Primary,SurveyUSA,2014-07-17 to 2014-07-21,2014-07-17,2014-07-21,671,3.9,Todd Tiahrt,R,39%,False,"July 17–21, 2014"
2014,Kansas,KS,4,Republican Primary,CMA Strategies (R-Pompeo),2014-07-21 to 2014-07-23,2014-07-21,2014-07-23,400,4.9,Mike Pompeo,R,45%,False,"July 21–23, 2014"
2014,Kansas,KS,4,Republican Primary,CMA Strategies (R-Pompeo),2014-07-21 to 2014-07-23,2014-07-21,2014-07-23,400,4.9,Todd Tiahrt,R,26%,False,"July 21–23, 2014"
2014,Louisiana,LA,5,jungle,Glascock Group,2014-05-05 to 2014-05-09,2014-05-05,2014-05-09,503,,Harris Brown,R,9%,False,"May 5–9, 2014"
2014,Louisiana,LA,5,jungle,Glascock Group,2014-05-05 to 2014-05-09,2014-05-05,2014-05-09,503,,Zach Dasher,R,8%,False,"May 5–9, 2014"
2014,Louisiana,LA,5,jungle,Glascock Group,2014-05-05 to 2014-05-09,2014-05-05,2014-05-09,503,,Clay Grant,L,2%,False,"May 5–9, 2014"
2014,Louisiana,LA,5,jungle,Glascock Group,2014-05-05 to 2014-05-09,2014-05-05,2014-05-09,503,,Jamie Mayo,D,14%,False,"May 5–9, 2014"
2014,Louisiana,LA,5,jungle,Glascock Group,2014-05-05 to 2014-05-09,2014-05-05,2014-05-09,503,,Ed Tarpley,R,5%,False,"May 5–9, 2014"
2014,Louisiana,LA,5,jungle,Glascock Group,2014-05-05 to 2014-05-09,2014-05-05,2014-05-09,503,,Robert Johnson,D,9%,False,"May 5–9, 2014"
2014,Louisiana,LA,5,jungle,Glascock Group,2014-05-05 to 2014-05-09,2014-05-05,2014-05-09,503,,Neil Riser,R,48%,False,"May 5–9, 2014"
2014,Louisiana,LA,5,jungle,Glascock Group,2014-05-05 to 2014-05-09,2014-05-05,2014-05-09,503,,Jay Morris,R,6%,False,"May 5–9, 2014"
2014,Louisiana,LA,5,jungle,Glascock Group,2014-06,2014-06-01,2014-06-30,,,Ralph Abraham,R,13%,False,June 2014
2014,Louisiana,LA,5,jungle,Glascock Group,2014-06,2014-06-01,2014-06-30,,,Harris Brown,R,2.8%,False,June 2014
2014,Louisiana,LA,5,jungle,Glascock Group,2014-06,2014-06-01,2014-06-30,,,Clay Grant,L,3.8%,False,June 2014
2014,Louisiana,LA,5,jungle,Glascock Group,2014-06,2014-06-01,2014-06-30,,,Jamie Mayo,D,13.5%,False,June 2014
2014,Louisiana,LA,5,jungle,Glascock Group,2014-06,2014-06-01,2014-06-30,,,Vance McAllister,R,26.1%,False,June 2014
2014,Louisiana,LA,5,jungle,Glascock Group,2014-06,2014-06-01,2014-06-30,,,Ed Tarpley,R,6.8%,False,June 2014
2014,Louisiana,LA,5,jungle,Glascock Group,2014-06,2014-06-01,2014-06-30,,,Robert Johnson,D,8.5%,False,June 2014
2014,Louisiana,LA,5,jungle,Glascock Group,2014-06,2014-06-01,2014-06-30,,,Neil Riser,R,25.6%,False,June 2014
2014,Louisiana,LA,5,jungle,Glascock Group,2014-08,2014-08-01,2014-08-31,466,,Ralph Abraham,R,22%,False,August 2014
2014,Louisiana,LA,5,jungle,Glascock Group,2014-08,2014-08-01,2014-08-31,519,,Ralph Abraham,R,18%,False,August 2014
2014,Louisiana,LA,5,jungle,Glascock Group,2014-08,2014-08-01,2014-08-31,466,,Eliot Barron,G,4%,False,August 2014
2014,Louisiana,LA,5,jungle,Glascock Group,2014-08,2014-08-01,2014-08-31,466,,Harris Brown,R,11%,False,August 2014
2014,Louisiana,LA,5,jungle,Glascock Group,2014-08,2014-08-01,2014-08-31,519,,Harris Brown,R,6%,False,August 2014
2014,Louisiana,LA,5,jungle,Glascock Group,2014-08,2014-08-01,2014-08-31,466,,Zach Dasher,R,7%,False,August 2014
2014,Louisiana,LA,5,jungle,Glascock Group,2014-08,2014-08-01,2014-08-31,519,,Zach Dasher,R,14%,False,August 2014
2014,Louisiana,LA,5,jungle,Glascock Group,2014-08,2014-08-01,2014-08-31,519,,Clay Grant,L,5%,False,August 2014
2014,Louisiana,LA,5,jungle,Glascock Group,2014-08,2014-08-01,2014-08-31,466,,Jeff Guerriero,R,4%,False,August 2014
2014,Louisiana,LA,5,jungle,Glascock Group,2014-08,2014-08-01,2014-08-31,466,,Clyde C. Holloway,R,9%,False,August 2014
2014,Louisiana,LA,5,jungle,Glascock Group,2014-08,2014-08-01,2014-08-31,466,,Jamie Mayo,D,15%,False,August 2014
2014,Louisiana,LA,5,jungle,Glascock Group,2014-08,2014-08-01,2014-08-31,519,,Jamie Mayo,D,21%,False,August 2014
2014,Louisiana,LA,5,jungle,Glascock Group,2014-08,2014-08-01,2014-08-31,466,,Vance McAllister,R,20%,False,August 2014
2014,Louisiana,LA,5,jungle,Glascock Group,2014-08,2014-08-01,2014-08-31,519,,Vance McAllister,R,27%,False,August 2014
2014,Louisiana,LA,5,jungle,Glascock Group,2014-08,2014-08-01,2014-08-31,466,,Charles Saucier,L,2%,False,August 2014
2014,Louisiana,LA,5,jungle,Glascock Group,2014-08,2014-08-01,2014-08-31,466,,Ed Tarpley,R,6%,False,August 2014
2014,Louisiana,LA,5,jungle,Glascock Group,2014-08,2014-08-01,2014-08-31,519,,Ed Tarpley,R,9%,False,August 2014
2014,Louisiana,LA,5,jungle,JMC Analytics,2014-09-13,2014-09-13,2014-09-13,,,Ralph Abraham,R,17%,False,"September 13, 2014"
2014,Louisiana,LA,5,jungle,JMC Analytics,2014-09-13,2014-09-13,2014-09-13,,,Jamie Mayo,D,22%,False,"September 13, 2014"
2014,Louisiana,LA,5,jungle,JMC Analytics,2014-09-13,2014-09-13,2014-09-13,,,Vance McAllister,R,13%,False,"September 13, 2014"
2014,Louisiana,LA,5,jungle,Cygnal,2014-09-22 to 2014-09-24,2014-09-22,2014-09-24,504,4.36,Ralph Abraham,R,11%,False,"September 22–24, 2014"
2014,Louisiana,LA,5,jungle,Cygnal,2014-09-22 to 2014-09-24,2014-09-22,2014-09-24,504,4.36,Harris Brown,R,5%,False,"September 22–24, 2014"
2014,Louisiana,LA,5,jungle,Cygnal,2014-09-22 to 2014-09-24,2014-09-22,2014-09-24,504,4.36,Zach Dasher,R,13%,False,"September 22–24, 2014"
2014,Louisiana,LA,5,jungle,Cygnal,2014-09-22 to 2014-09-24,2014-09-22,2014-09-24,504,4.36,Clyde C. Holloway,R,8%,False,"September 22–24, 2014"
2014,Louisiana,LA,5,jungle,Cygnal,2014-09-22 to 2014-09-24,2014-09-22,2014-09-24,504,4.36,Jamie Mayo,D,19%,False,"September 22–24, 2014"
2014,Louisiana,LA,5,jungle,Cygnal,2014-09-22 to 2014-09-24,2014-09-22,2014-09-24,504,4.36,Vance McAllister,R,17%,False,"September 22–24, 2014"
2014,Louisiana,LA,5,jungle,Cygnal,2014-09-22 to 2014-09-24,2014-09-22,2014-09-24,504,4.36,Ed Tarpley,R,2%,False,"September 22–24, 2014"
2014,Louisiana,LA,5,jungle,Glascock Group,2014-10,2014-10-01,2014-10-31,501,,Ralph Abraham,R,25%,False,October 2014
2014,Louisiana,LA,5,jungle,Glascock Group,2014-10,2014-10-01,2014-10-31,,,Ralph Abraham,R,20%,False,October 2014
2014,Louisiana,LA,5,jungle,Glascock Group,2014-10,2014-10-01,2014-10-31,501,,Eliot Barron,G,2%,False,October 2014
2014,Louisiana,LA,5,jungle,Glascock Group,2014-10,2014-10-01,2014-10-31,,,Eliot Barron,G,<1%,False,October 2014
2014,Louisiana,LA,5,jungle,Glascock Group,2014-10,2014-10-01,2014-10-31,501,,Harris Brown,R,7%,False,October 2014
2014,Louisiana,LA,5,jungle,Glascock Group,2014-10,2014-10-01,2014-10-31,,,Harris Brown,R,6%,False,October 2014
2014,Louisiana,LA,5,jungle,Glascock Group,2014-10,2014-10-01,2014-10-31,501,,Zach Dasher,R,15%,False,October 2014
2014,Louisiana,LA,5,jungle,Glascock Group,2014-10,2014-10-01,2014-10-31,,,Zach Dasher,R,11%,False,October 2014
2014,Louisiana,LA,5,jungle,Glascock Group,2014-10,2014-10-01,2014-10-31,501,,Clyde C. Holloway,R,10%,False,October 2014
2014,Louisiana,LA,5,jungle,Glascock Group,2014-10,2014-10-01,2014-10-31,,,Clyde C. Holloway,R,6%,False,October 2014
2014,Louisiana,LA,5,jungle,Glascock Group,2014-10,2014-10-01,2014-10-31,501,,Jamie Mayo,D,18%,False,October 2014
2014,Louisiana,LA,5,jungle,Glascock Group,2014-10,2014-10-01,2014-10-31,501,,Vance McAllister,R,16%,False,October 2014
2014,Louisiana,LA,5,jungle,Glascock Group,2014-10,2014-10-01,2014-10-31,,,Vance McAllister,R,24%,False,October 2014
2014,Louisiana,LA,5,jungle,Glascock Group,2014-10,2014-10-01,2014-10-31,501,,Charles Saucier,L,2%,False,October 2014
2014,Louisiana,LA,5,jungle,Glascock Group,2014-10,2014-10-01,2014-10-31,,,Charles Saucier,L,<1%,False,October 2014
2014,Louisiana,LA,5,jungle,Glascock Group,2014-10,2014-10-01,2014-10-31,501,,Ed Tarpley,R,6%,False,October 2014
2014,Louisiana,LA,5,jungle,Glascock Group,2014-10,2014-10-01,2014-10-31,,,Ed Tarpley,R,2%,False,October 2014
2014,Louisiana,LA,6,jungle,Glascock Group,2014-03,2014-03-01,2014-03-31,718,3.0,Dan Claitor,R,20%,False,March 2014
2014,Louisiana,LA,6,jungle,Glascock Group,2014-03,2014-03-01,2014-03-31,718,3.0,Paul Dietzel,R,19%,False,March 2014
2014,Louisiana,LA,6,jungle,Glascock Group,2014-03,2014-03-01,2014-03-31,718,3.0,Edwin Edwards,D,43%,False,March 2014
2014,Louisiana,LA,6,jungle,Glascock Group,2014-03,2014-03-01,2014-03-31,718,3.0,Cassie Felder,R,4%,False,March 2014
2014,Louisiana,LA,6,jungle,Glascock Group,2014-03,2014-03-01,2014-03-31,718,3.0,Garret Graves,R,4%,False,March 2014
2014,Louisiana,LA,6,jungle,Glascock Group,2014-03,2014-03-01,2014-03-31,718,3.0,Richard Lieberman,D,2%,False,March 2014
2014,Louisiana,LA,6,jungle,Glascock Group,2014-03,2014-03-01,2014-03-31,718,3.0,Craig McCulloch,R,4%,False,March 2014
2014,Louisiana,LA,6,jungle,Glascock Group,2014-03,2014-03-01,2014-03-31,718,3.0,Charles Thomas,R,3%,False,March 2014
2014,Louisiana,LA,6,jungle,JMC Analytics,2014-04-10 to 2014-04-12,2014-04-10,2014-04-12,621,3.9,Dan Claitor,R,11%,False,"April 10–12, 2014"
2014,Louisiana,LA,6,jungle,JMC Analytics,2014-04-10 to 2014-04-12,2014-04-10,2014-04-12,621,3.9,Paul Dietzel,R,11%,False,"April 10–12, 2014"
2014,Louisiana,LA,6,jungle,JMC Analytics,2014-04-10 to 2014-04-12,2014-04-10,2014-04-12,621,3.9,Edwin Edwards,D,32%,False,"April 10–12, 2014"
2014,Louisiana,LA,6,jungle,JMC Analytics,2014-04-10 to 2014-04-12,2014-04-10,2014-04-12,621,3.9,Cassie Felder,R,2%,False,"April 10–12, 2014"
2014,Louisiana,LA,6,jungle,JMC Analytics,2014-04-10 to 2014-04-12,2014-04-10,2014-04-12,621,3.9,Garret Graves,R,2%,False,"April 10–12, 2014"
2014,Louisiana,LA,6,jungle,JMC Analytics,2014-04-10 to 2014-04-12,2014-04-10,2014-04-12,621,3.9,Craig McCulloch,R,1%,False,"April 10–12, 2014"
2014,Louisiana,LA,6,jungle,Glascock Group,2014-06,2014-06-01,2014-06-30,687,3.0,Dan Claitor,R,16%,False,June 2014
2014,Louisiana,LA,6,jungle,Glascock Group,2014-06,2014-06-01,2014-06-30,687,3.0,Paul Dietzel,R,16%,False,June 2014
2014,Louisiana,LA,6,jungle,Glascock Group,2014-06,2014-06-01,2014-06-30,687,3.0,Edwin Edwards,D,32%,False,June 2014
2014,Louisiana,LA,6,jungle,JMC Analytics (R-Dietzel),2014-07-26,2014-07-26,2014-07-26,576,4.1,Dan Claitor,R,9%,False,"July 26, 2014"
2014,Louisiana,LA,6,jungle,JMC Analytics (R-Dietzel),2014-07-26,2014-07-26,2014-07-26,576,4.1,Paul Dietzel,R,13%,False,"July 26, 2014"
2014,Louisiana,LA,6,jungle,JMC Analytics (R-Dietzel),2014-07-26,2014-07-26,2014-07-26,576,4.1,Edwin Edwards,D,35%,False,"July 26, 2014"
2014,Louisiana,LA,6,jungle,JMC Analytics (R-Dietzel),2014-07-26,2014-07-26,2014-07-26,576,4.1,Garret Graves,R,3%,False,"July 26, 2014"
2014,Louisiana,LA,6,jungle,Glascock Group,2014-09,2014-09-01,2014-09-30,,,Bob Bell,R,4%,False,September 2014
2014,Louisiana,LA,6,jungle,Glascock Group,2014-09,2014-09-01,2014-09-30,,,Dan Claitor,R,19%,False,September 2014
2014,Louisiana,LA,6,jungle,Glascock Group,2014-09,2014-09-01,2014-09-30,,,Paul Dietzel,R,19%,False,September 2014
2014,Louisiana,LA,6,jungle,Glascock Group,2014-09,2014-09-01,2014-09-30,,,Edwin Edwards,D,32%,False,September 2014
2014,Louisiana,LA,6,jungle,Glascock Group,2014-09,2014-09-01,2014-09-30,,,Cassie Felder,R,3%,False,September 2014
2014,Louisiana,LA,6,jungle,Glascock Group,2014-09,2014-09-01,2014-09-30,,,Garret Graves,R,7%,False,September 2014
2014,Louisiana,LA,6,jungle,Glascock Group,2014-09,2014-09-01,2014-09-30,,,Richard Lieberman,D,1%,False,September 2014
2014,Louisiana,LA,6,jungle,Glascock Group,2014-09,2014-09-01,2014-09-30,,,Craig McCulloch,R,2%,False,September 2014
2014,Louisiana,LA,6,jungle,Glascock Group,2014-09,2014-09-01,2014-09-30,,,Charles Thomas,R,1%,False,September 2014
2014,Louisiana,LA,6,jungle,Glascock Group,2014-09,2014-09-01,2014-09-30,,,Lenar Whitney,R,11%,False,September 2014
2014,Louisiana,LA,6,jungle,Jefferson Research (R-Whitney),2014-09-23 to 2014-09-24,2014-09-23,2014-09-24,"4,885",,Dan Claitor,R,11%,False,"September 23–24, 2014"
2014,Louisiana,LA,6,jungle,Jefferson Research (R-Whitney),2014-09-23 to 2014-09-24,2014-09-23,2014-09-24,"4,885",,Paul Dietzel,R,14%,False,"September 23–24, 2014"
2014,Louisiana,LA,6,jungle,Jefferson Research (R-Whitney),2014-09-23 to 2014-09-24,2014-09-23,2014-09-24,"4,885",,Edwin Edwards,D,35%,False,"September 23–24, 2014"
2014,Louisiana,LA,6,jungle,Jefferson Research (R-Whitney),2014-09-23 to 2014-09-24,2014-09-23,2014-09-24,"4,885",,Cassie Felder,R,1%,False,"September 23–24, 2014"
2014,Louisiana,LA,6,jungle,Jefferson Research (R-Whitney),2014-09-23 to 2014-09-24,2014-09-23,2014-09-24,"4,885",,Garret Graves,R,10%,False,"September 23–24, 2014"
2014,Louisiana,LA,6,jungle,Jefferson Research (R-Whitney),2014-09-23 to 2014-09-24,2014-09-23,2014-09-24,"4,885",,Richard Lieberman,D,2%,False,"September 23–24, 2014"
2014,Louisiana,LA,6,jungle,Jefferson Research (R-Whitney),2014-09-23 to 2014-09-24,2014-09-23,2014-09-24,"4,885",,Craig McCulloch,R,4%,False,"September 23–24, 2014"
2014,Louisiana,LA,6,jungle,Jefferson Research (R-Whitney),2014-09-23 to 2014-09-24,2014-09-23,2014-09-24,"4,885",,Charles Thomas,R,1%,False,"September 23–24, 2014"
2014,Louisiana,LA,6,jungle,Jefferson Research (R-Whitney),2014-09-23 to 2014-09-24,2014-09-23,2014-09-24,"4,885",,Lenar Whitney,R,16%,False,"September 23–24, 2014"
2014,Maine,ME,2,Democratic Primary,Public Policy Polling,2013-06-26 to 2013-06-27,2013-06-26,2013-06-27,633,3.9,Emily Cain,D,18%,False,"June 26–27, 2013"
2014,Maine,ME,2,Democratic Primary,Public Policy Polling,2013-06-26 to 2013-06-27,2013-06-26,2013-06-27,633,3.9,Troy Dale Jackson,D,9%,False,"June 26–27, 2013"
2014,Maine,ME,2,Democratic Primary,Public Policy Polling,2013-06-26 to 2013-06-27,2013-06-26,2013-06-27,633,3.9,Joe Baldacci,D,19%,False,"June 26–27, 2013"
2014,Maine,ME,2,Democratic Primary,Public Policy Polling,2013-06-26 to 2013-06-27,2013-06-26,2013-06-27,633,3.9,Matthew Dunlap,D,8%,False,"June 26–27, 2013"
2014,Maine,ME,2,Democratic Primary,Public Policy Polling,2013-06-26 to 2013-06-27,2013-06-26,2013-06-27,633,3.9,Jeff McCabe,D,3%,False,"June 26–27, 2013"
2014,Maine,ME,2,Democratic Primary,Public Policy Polling,2013-06-26 to 2013-06-27,2013-06-26,2013-06-27,633,3.9,Janet Mills,D,15%,False,"June 26–27, 2013"
2014,Maine,ME,2,Democratic Primary,Public Policy Polling,2013-08-23 to 2013-08-25,2013-08-23,2013-08-25,561,4.1,Emily Cain,D,22%,False,"August 23–25, 2013"
2014,Maine,ME,2,Democratic Primary,Public Policy Polling,2013-08-23 to 2013-08-25,2013-08-23,2013-08-25,561,4.1,Troy Dale Jackson,D,15%,False,"August 23–25, 2013"
2014,Maine,ME,2,Democratic Primary,Public Policy Polling,2013-08-23 to 2013-08-25,2013-08-23,2013-08-25,561,4.1,Joe Baldacci,D,31%,False,"August 23–25, 2013"
2014,Maine,ME,2,Democratic Primary,Public Policy Polling,2013-08-23 to 2013-08-25,2013-08-23,2013-08-25,561,4.1,Alden Smith,D,2%,False,"August 23–25, 2013"
2014,Maine,ME,2,Republican Primary,Public Opinion Strategies (R-Raye),2013-11-04 to 2013-11-05,2013-11-04,2013-11-05,310,5.57,Bruce Poliquin,R,18%,False,"November 4–5, 2013"
2014,Maine,ME,2,Republican Primary,Public Opinion Strategies (R-Raye),2013-11-04 to 2013-11-05,2013-11-04,2013-11-05,310,5.57,Kevin Raye,R,42%,False,"November 4–5, 2013"
2014,Maine,ME,2,Republican Primary,Public Opinion Strategies (R-Raye),2013-11-04 to 2013-11-05,2013-11-04,2013-11-05,310,5.57,Blaine Richardson,R,3%,False,"November 4–5, 2013"
2014,Maine,ME,2,Republican Primary,Public Opinion Strategies (R-Raye),2013-11-04 to 2013-11-05,2013-11-04,2013-11-05,310,5.57,Richard Rosen,R,5%,False,"November 4–5, 2013"
2014,Maine,ME,2,Democratic Primary,Public Policy Polling,2014-06-02 to 2014-06-03,2014-06-02,2014-06-03,810,3.4,Emily Cain,D,60%,False,"June 2–3, 2014"
2014,Maine,ME,2,Democratic Primary,Public Policy Polling,2014-06-02 to 2014-06-03,2014-06-02,2014-06-03,810,3.4,Troy Dale Jackson,D,25%,False,"June 2–3, 2014"
2014,Massachusetts,MA,6,Democratic Primary,DCCC,2014-03-26 to 2014-03-27,2014-03-26,2014-03-27,402,4.9,John F. Tierney,D,64%,False,"March 26–27, 2014"
2014,Massachusetts,MA,6,Democratic Primary,DCCC,2014-03-26 to 2014-03-27,2014-03-26,2014-03-27,402,4.9,Seth Moulton,D,17%,False,"March 26–27, 2014"
2014,Massachusetts,MA,6,Democratic Primary,Emerson College,2014-04-03 to 2014-04-07,2014-04-03,2014-04-07,,,John F. Tierney,D,64%,False,"April 3–7, 2014"
2014,Massachusetts,MA,6,Democratic Primary,Emerson College,2014-04-03 to 2014-04-07,2014-04-03,2014-04-07,,,Marisa DeFranco,D,10%,False,"April 3–7, 2014"
2014,Massachusetts,MA,6,Democratic Primary,Emerson College,2014-04-03 to 2014-04-07,2014-04-03,2014-04-07,,,Seth Moulton,D,10%,False,"April 3–7, 2014"
2014,Massachusetts,MA,6,Democratic Primary,Emerson College,2014-06-12 to 2014-06-18,2014-06-12,2014-06-18,,,John F. Tierney,D,59%,False,"June 12–18, 2014"
2014,Massachusetts,MA,6,Democratic Primary,Emerson College,2014-06-12 to 2014-06-18,2014-06-12,2014-06-18,,,Marisa DeFranco,D,9%,False,"June 12–18, 2014"
2014,Massachusetts,MA,6,Democratic Primary,Emerson College,2014-06-12 to 2014-06-18,2014-06-12,2014-06-18,,,John Devine,D,2%,False,"June 12–18, 2014"
2014,Massachusetts,MA,6,Democratic Primary,Emerson College,2014-06-12 to 2014-06-18,2014-06-12,2014-06-18,,,Seth Moulton,D,17%,False,"June 12–18, 2014"
2014,Massachusetts,MA,6,Democratic Primary,Public Policy Polling (D-Moulton),2014-09-02 to 2014-09-03,2014-09-02,2014-09-03,592,4.0,John F. Tierney,D,45%,False,"September 2–3, 2014"
2014,Massachusetts,MA,6,Democratic Primary,Public Policy Polling (D-Moulton),2014-09-02 to 2014-09-03,2014-09-02,2014-09-03,592,4.0,Seth Moulton,D,47%,False,"September 2–3, 2014"
2014,Massachusetts,MA,6,Democratic Primary,Emerson College,2014-09-02 to 2014-09-04,2014-09-02,2014-09-04,343,5.25,John F. Tierney,D,47%,False,"September 2–4, 2014"
2014,Massachusetts,MA,6,Democratic Primary,Emerson College,2014-09-02 to 2014-09-04,2014-09-02,2014-09-04,343,5.25,Marisa DeFranco,D,4%,False,"September 2–4, 2014"
2014,Massachusetts,MA,6,Democratic Primary,Emerson College,2014-09-02 to 2014-09-04,2014-09-02,2014-09-04,343,5.25,John Devine,D,1%,False,"September 2–4, 2014"
2014,Massachusetts,MA,6,Democratic Primary,Emerson College,2014-09-02 to 2014-09-04,2014-09-02,2014-09-04,343,5.25,Seth Moulton,D,44%,False,"September 2–4, 2014"
2014,Massachusetts,MA,6,Democratic Primary,Remington,2014-09-03 to 2014-09-06,2014-09-03,2014-09-06,777,3.53,John F. Tierney,D,43%,False,"September 3–6, 2014"
2014,Massachusetts,MA,6,Democratic Primary,Remington,2014-09-03 to 2014-09-06,2014-09-03,2014-09-06,777,3.53,Marisa DeFranco,D,4%,False,"September 3–6, 2014"
2014,Massachusetts,MA,6,Democratic Primary,Remington,2014-09-03 to 2014-09-06,2014-09-03,2014-09-06,777,3.53,John Devine,D,1%,False,"September 3–6, 2014"
2014,Massachusetts,MA,6,Democratic Primary,Remington,2014-09-03 to 2014-09-06,2014-09-03,2014-09-06,777,3.53,John Gutta,D,1%,False,"September 3–6, 2014"
2014,Massachusetts,MA,6,Democratic Primary,Remington,2014-09-03 to 2014-09-06,2014-09-03,2014-09-06,777,3.53,Seth Moulton,D,42%,False,"September 3–6, 2014"
2014,Michigan,MI,11,Republican Primary,Murray Communications,2013-09-10,2013-09-10,2013-09-10,717,3.66,Kerry Bentivolio,R,60%,False,"September 10, 2013"
2014,Michigan,MI,11,Republican Primary,Murray Communications,2013-09-10,2013-09-10,2013-09-10,717,3.66,David Trott,R,40%,False,"September 10, 2013"
2014,Michigan,MI,11,Republican Primary,MIRS,2014-05,2014-05-01,2014-05-31,,,Kerry Bentivolio,R,33%,False,May 2014
2014,Michigan,MI,11,Republican Primary,MIRS,2014-05,2014-05-01,2014-05-31,,,David Trott,R,21%,False,May 2014
2014,Michigan,MI,11,Democratic Primary,Target-Insyght,2014-06-17 to 2014-06-19,2014-06-17,2014-06-19,400,5.0,Anil Kumar,D,21%,False,"June 17–19, 2014"
2014,Michigan,MI,11,Democratic Primary,Target-Insyght,2014-06-17 to 2014-06-19,2014-06-17,2014-06-19,400,5.0,Bobby McKenzie,D,7%,False,"June 17–19, 2014"
2014,Michigan,MI,11,Democratic Primary,Target-Insyght,2014-06-17 to 2014-06-19,2014-06-17,2014-06-19,400,5.0,Bill Roberts,D,5%,False,"June 17–19, 2014"
2014,Michigan,MI,11,Democratic Primary,Target-Insyght,2014-06-17 to 2014-06-19,2014-06-17,2014-06-19,400,5.0,Nancy Skinner,D,14%,False,"June 17–19, 2014"
2014,Michigan,MI,11,Republican Primary,National Research Inc. (R-Trott),2014-06-23 to 2014-06-24,2014-06-23,2014-06-24,400,4.9,Kerry Bentivolio,R,21%,False,"June 23–24, 2014"
2014,Michigan,MI,11,Republican Primary,National Research Inc. (R-Trott),2014-06-23 to 2014-06-24,2014-06-23,2014-06-24,400,4.9,David Trott,R,39%,False,"June 23–24, 2014"
2014,Michigan,MI,11,Republican Primary,EPIC-MRA,2014-07-12 to 2014-07-13,2014-07-12,2014-07-13,802,3.5,Kerry Bentivolio,R,31%,False,"July 12–13, 2014"
2014,Michigan,MI,11,Republican Primary,EPIC-MRA,2014-07-12 to 2014-07-13,2014-07-12,2014-07-13,802,3.5,David Trott,R,53%,False,"July 12–13, 2014"
2014,Michigan,MI,14,Democratic Primary,Lake Research Partners (D-Lawrence),2013-11-14 to 2013-11-18,2013-11-14,2013-11-18,406,4.9,Rudy Hobbs,D,6%,False,"November 14–18, 2013"
2014,Michigan,MI,14,Democratic Primary,Lake Research Partners (D-Lawrence),2013-11-14 to 2013-11-18,2013-11-14,2013-11-18,406,4.9,Brenda Lawrence,D,37%,False,"November 14–18, 2013"
2014,Michigan,MI,14,Democratic Primary,Lake Research Partners (D-Lawrence),2013-11-14 to 2013-11-18,2013-11-14,2013-11-18,406,4.9,Godfrey Dillard,D,0%,False,"November 14–18, 2013"
2014,Michigan,MI,14,Democratic Primary,Lake Research Partners (D-Lawrence),2013-11-14 to 2013-11-18,2013-11-14,2013-11-18,406,4.9,Vince Gregrory,D,1%,False,"November 14–18, 2013"
2014,Michigan,MI,14,Democratic Primary,Lake Research Partners (D-Lawrence),2013-11-14 to 2013-11-18,2013-11-14,2013-11-18,406,4.9,Bert Johnson,D,5%,False,"November 14–18, 2013"
2014,Michigan,MI,14,Democratic Primary,Lake Research Partners (D-Lawrence),2013-11-14 to 2013-11-18,2013-11-14,2013-11-18,406,4.9,LaMar Lemmons,D,3%,False,"November 14–18, 2013"
2014,Michigan,MI,14,Democratic Primary,Lake Research Partners (D-Lawrence),2013-11-14 to 2013-11-18,2013-11-14,2013-11-18,406,4.9,Jessica McCall,D,0%,False,"November 14–18, 2013"
2014,Michigan,MI,14,Democratic Primary,Target Insyght,2014-05-20 to 2014-05-22,2014-05-20,2014-05-22,400,5.0,Hansen Clarke,D,32%,False,"May 20–22, 2014"
2014,Michigan,MI,14,Democratic Primary,Target Insyght,2014-05-20 to 2014-05-22,2014-05-20,2014-05-22,400,5.0,Burgess Foster,D,5%,False,"May 20–22, 2014"
2014,Michigan,MI,14,Democratic Primary,Target Insyght,2014-05-20 to 2014-05-22,2014-05-20,2014-05-22,400,5.0,Rudy Hobbs,D,8%,False,"May 20–22, 2014"
2014,Michigan,MI,14,Democratic Primary,Target Insyght,2014-05-20 to 2014-05-22,2014-05-20,2014-05-22,400,5.0,Brenda Lawrence,D,22%,False,"May 20–22, 2014"
2014,Michigan,MI,14,Democratic Primary,Lake Research Partners (D-Lawrence),2014-06-03 to 2014-06-05,2014-06-03,2014-06-05,400,4.9,Hansen Clarke,D,27%,False,"June 3–5, 2014"
2014,Michigan,MI,14,Democratic Primary,Lake Research Partners (D-Lawrence),2014-06-03 to 2014-06-05,2014-06-03,2014-06-05,400,4.9,Burgess Foster,D,0%,False,"June 3–5, 2014"
2014,Michigan,MI,14,Democratic Primary,Lake Research Partners (D-Lawrence),2014-06-03 to 2014-06-05,2014-06-03,2014-06-05,400,4.9,Rudy Hobbs,D,6%,False,"June 3–5, 2014"
2014,Michigan,MI,14,Democratic Primary,Lake Research Partners (D-Lawrence),2014-06-03 to 2014-06-05,2014-06-03,2014-06-05,400,4.9,Brenda Lawrence,D,35%,False,"June 3–5, 2014"
2014,Michigan,MI,14,Democratic Primary,EPIC-MRA,2014-07-12 to 2014-07-13,2014-07-12,2014-07-13,802,3.5,Hansen Clarke,D,39%,False,"July 12–13, 2014"
2014,Michigan,MI,14,Democratic Primary,EPIC-MRA,2014-07-12 to 2014-07-13,2014-07-12,2014-07-13,802,3.5,Burgess Foster,D,4%,False,"July 12–13, 2014"
2014,Michigan,MI,14,Democratic Primary,EPIC-MRA,2014-07-12 to 2014-07-13,2014-07-12,2014-07-13,802,3.5,Rudy Hobbs,D,20%,False,"July 12–13, 2014"
2014,Michigan,MI,14,Democratic Primary,EPIC-MRA,2014-07-12 to 2014-07-13,2014-07-12,2014-07-13,802,3.5,Brenda Lawrence,D,28%,False,"July 12–13, 2014"
2014,Michigan,MI,14,Democratic Primary,Mitchell Research,2014-07-28 to 2014-07-29,2014-07-28,2014-07-29,,,Hansen Clarke,D,25%,False,"July 28–29, 2014"
2014,Michigan,MI,14,Democratic Primary,Mitchell Research,2014-07-28 to 2014-07-29,2014-07-28,2014-07-29,,,Burgess Foster,D,2%,False,"July 28–29, 2014"
2014,Michigan,MI,14,Democratic Primary,Mitchell Research,2014-07-28 to 2014-07-29,2014-07-28,2014-07-29,,,Rudy Hobbs,D,38%,False,"July 28–29, 2014"
2014,Michigan,MI,14,Democratic Primary,Mitchell Research,2014-07-28 to 2014-07-29,2014-07-28,2014-07-29,,,Brenda Lawrence,D,22%,False,"July 28–29, 2014"
2014,Michigan,MI,3,Republican Primary,Basswood Research,2014-02-06,2014-02-06,2014-02-06,300,5.6,Justin Amash,R,60%,False,"February 6, 2014"
2014,Michigan,MI,3,Republican Primary,Basswood Research,2014-02-06,2014-02-06,2014-02-06,300,5.6,Brian Ellis,R,12%,False,"February 6, 2014"
2014,Michigan,MI,3,Republican Primary,The Polling Company,2014-05,2014-05-01,2014-05-31,,,Justin Amash,R,53%,False,May 2014
2014,Michigan,MI,3,Republican Primary,The Polling Company,2014-05,2014-05-01,2014-05-31,,,Brian Ellis,R,23%,False,May 2014
2014,Michigan,MI,3,Republican Primary,Practical Political Consulting,2014-05-27 to 2014-05-29,2014-05-27,2014-05-29,472,4.5,Justin Amash,R,42%,False,"May 27–29, 2014"
2014,Michigan,MI,3,Republican Primary,Practical Political Consulting,2014-05-27 to 2014-05-29,2014-05-27,2014-05-29,472,4.5,Brian Ellis,R,23%,False,"May 27–29, 2014"
2014,Michigan,MI,3,Republican Primary,EPIC-MRA,2014-06-10 to 2014-06-11,2014-06-10,2014-06-11,814,3.5,Justin Amash,R,55%,False,"June 10–11, 2014"
2014,Michigan,MI,3,Republican Primary,EPIC-MRA,2014-06-10 to 2014-06-11,2014-06-10,2014-06-11,814,3.5,Brian Ellis,R,35%,False,"June 10–11, 2014"
2014,Michigan,MI,3,Republican Primary,Strategic National,2014-07-14,2014-07-14,2014-07-14,500,4.4,Justin Amash,R,47%,False,"July 14, 2014"
2014,Michigan,MI,3,Republican Primary,Strategic National,2014-07-14,2014-07-14,2014-07-14,500,4.4,Brian Ellis,R,24%,False,"July 14, 2014"
2014,Michigan,MI,3,Republican Primary,Strategic National,2014-07-29,2014-07-29,2014-07-29,532,4.2,Justin Amash,R,51%,False,"July 29, 2014"
2014,Michigan,MI,3,Republican Primary,Strategic National,2014-07-29,2014-07-29,2014-07-29,532,4.2,Brian Ellis,R,31%,False,"July 29, 2014"
2014,Michigan,MI,4,Republican Primary,EPIC-MRA,2014-07-12 to 2014-07-13,2014-07-12,2014-07-13,802,3.5,Peter Konetchy,R,7%,False,"July 12–13, 2014"
2014,Michigan,MI,4,Republican Primary,EPIC-MRA,2014-07-12 to 2014-07-13,2014-07-12,2014-07-13,802,3.5,Paul Mitchell,R,50%,False,"July 12–13, 2014"
2014,Michigan,MI,4,Republican Primary,EPIC-MRA,2014-07-12 to 2014-07-13,2014-07-12,2014-07-13,802,3.5,John Moolenaar,R,27%,False,"July 12–13, 2014"
2014,Michigan,MI,4,Republican Primary,Strategic National,2014-07-29,2014-07-29,2014-07-29,540,4.2,Peter Konetchy,R,10.63%,False,"July 29, 2014"
2014,Michigan,MI,4,Republican Primary,Strategic National,2014-07-29,2014-07-29,2014-07-29,540,4.2,Paul Mitchell,R,35%,False,"July 29, 2014"
2014,Michigan,MI,4,Republican Primary,Strategic National,2014-07-29,2014-07-29,2014-07-29,540,4.2,John Moolenaar,R,34%,False,"July 29, 2014"
2014,Michigan,MI,4,Republican Primary,Mitchell Research,2014-07-29 to 2014-07-30,2014-07-29,2014-07-30,492,4.42,Peter Konetchy,R,9%,False,"July 29–30, 2014"
2014,Michigan,MI,4,Republican Primary,Mitchell Research,2014-07-29 to 2014-07-30,2014-07-29,2014-07-30,492,4.42,Paul Mitchell,R,38%,False,"July 29–30, 2014"
2014,Michigan,MI,4,Republican Primary,Mitchell Research,2014-07-29 to 2014-07-30,2014-07-29,2014-07-30,492,4.42,John Moolenaar,R,38%,False,"July 29–30, 2014"
2014,Michigan,MI,8,Republican Primary,Combat/Murray/Portable,2014-03-31,2014-03-31,2014-03-31,884,3.29,Mike Bishop,R,22.96%,False,"March 31, 2014"
2014,Michigan,MI,8,Republican Primary,Combat/Murray/Portable,2014-03-31,2014-03-31,2014-03-31,884,3.29,Saul Anuzis,R,3.51%,False,"March 31, 2014"
2014,Michigan,MI,8,Republican Primary,Combat/Murray/Portable,2014-03-31,2014-03-31,2014-03-31,884,3.29,Bryan Barnett,R,5.66%,False,"March 31, 2014"
2014,Michigan,MI,8,Republican Primary,Combat/Murray/Portable,2014-03-31,2014-03-31,2014-03-31,884,3.29,Steve Hantler,R,1.58%,False,"March 31, 2014"
2014,Michigan,MI,8,Republican Primary,Combat/Murray/Portable,2014-03-31,2014-03-31,2014-03-31,884,3.29,Joe Hune,R,17.65%,False,"March 31, 2014"
2014,Michigan,MI,8,Republican Primary,EPIC-MRA,2014-07-19 to 2014-07-20,2014-07-19,2014-07-20,800,,Mike Bishop,R,45%,False,"July 19–20, 2014"
2014,Michigan,MI,8,Republican Primary,EPIC-MRA,2014-07-19 to 2014-07-20,2014-07-19,2014-07-20,800,,Tom McMillin,R,33%,False,"July 19–20, 2014"
2014,Minnesota,MN,6,Republican Primary,Public Opinion Strategies (R-Emmer),2014-04-16 to 2014-04-17,2014-04-16,2014-04-17,300,5.7,Tom Emmer,R,73%,False,"April 16–17, 2014"
2014,Minnesota,MN,6,Republican Primary,Public Opinion Strategies (R-Emmer),2014-04-16 to 2014-04-17,2014-04-16,2014-04-17,300,5.7,Phil Krinkie,R,4%,False,"April 16–17, 2014"
2014,Minnesota,MN,6,Republican Primary,Public Opinion Strategies (R-Emmer),2014-04-16 to 2014-04-17,2014-04-16,2014-04-17,300,5.7,Rhonda Sivarajah,R,5%,False,"April 16–17, 2014"
2014,Montana,MT,AL,Republican Primary,PPP,2013-11-15 to 2013-11-17,2013-11-15,2013-11-17,469,4.5,Brad Johnson,R,20%,False,"November 15–17, 2013"
2014,Montana,MT,AL,Republican Primary,PPP,2013-11-15 to 2013-11-17,2013-11-15,2013-11-17,469,4.5,Matthew Rosendale,R,9%,False,"November 15–17, 2013"
2014,Montana,MT,AL,Republican Primary,PPP,2013-11-15 to 2013-11-17,2013-11-15,2013-11-17,469,4.5,Corey Stapleton,R,32%,False,"November 15–17, 2013"
2014,Montana,MT,AL,Republican Primary,PPP,2013-11-15 to 2013-11-17,2013-11-15,2013-11-17,469,4.5,Ryan Zinke,R,9%,False,"November 15–17, 2013"
2014,Nebraska,NE,2,Republican Primary,Frei Internal Poll,2014-04-07 to 2014-04-08,2014-04-07,2014-04-08,599,,Lee Terry,R,47%,False,"April 7–8, 2014"
2014,Nebraska,NE,2,Republican Primary,Frei Internal Poll,2014-04-07 to 2014-04-08,2014-04-07,2014-04-08,599,,Dan Frei,R,36%,False,"April 7–8, 2014"
2014,New Hampshire,NH,1,Republican Primary,New England College,2013-10-07 to 2013-10-09,2013-10-07,2013-10-09,409,4.8,Jeff Chidester,R,7%,False,"October 7–9, 2013"
2014,New Hampshire,NH,1,Republican Primary,New England College,2013-10-07 to 2013-10-09,2013-10-07,2013-10-09,409,4.8,Frank Guinta,R,54%,False,"October 7–9, 2013"
2014,New Hampshire,NH,1,Republican Primary,New England College,2013-10-07 to 2013-10-09,2013-10-07,2013-10-09,409,4.8,Dan Innis,R,6%,False,"October 7–9, 2013"
2014,New Hampshire,NH,2,Republican Primary,Magellan Strategies,2014-07-29 to 2014-07-30,2014-07-29,2014-07-30,800,3.44,Marilinda Garcia,R,36%,False,"July 29–30, 2014"
2014,New Hampshire,NH,2,Republican Primary,Magellan Strategies,2014-07-29 to 2014-07-30,2014-07-29,2014-07-30,800,3.44,Gary Lambert,R,13%,False,"July 29–30, 2014"
2014,New Hampshire,NH,2,Republican Primary,Magellan Strategies,2014-07-29 to 2014-07-30,2014-07-29,2014-07-30,800,3.44,Jim Lawrence,R,2%,False,"July 29–30, 2014"
2014,New Hampshire,NH,2,Republican Primary,Magellan Strategies,2014-07-29 to 2014-07-30,2014-07-29,2014-07-30,800,3.44,Mike Little,R,4%,False,"July 29–30, 2014"
2014,New Jersey,NJ,12,Democratic Primary,Global Strategy Group (D-Greenstein),2014-02-28 to 2014-03-03,2014-02-28,2014-03-03,401,4.9,Upendra J. Chivukula,D,7%,False,"February 28–March 3, 2014"
2014,New Jersey,NJ,12,Democratic Primary,Global Strategy Group (D-Greenstein),2014-02-28 to 2014-03-03,2014-02-28,2014-03-03,401,4.9,Linda R. Greenstein,D,30%,False,"February 28–March 3, 2014"
2014,New Jersey,NJ,12,Democratic Primary,Global Strategy Group (D-Greenstein),2014-02-28 to 2014-03-03,2014-02-28,2014-03-03,401,4.9,Bonnie Watson Coleman,D,20%,False,"February 28–March 3, 2014"
2014,New Jersey,NJ,12,Democratic Primary,Garin-Hart-Yang (D-Watson-Coleman),2014-03-25 to 2014-03-27,2014-03-25,2014-03-27,400,5.0,Upendra J. Chivukula,D,7%,False,"March 25–27, 2014"
2014,New Jersey,NJ,12,Democratic Primary,Garin-Hart-Yang (D-Watson-Coleman),2014-03-25 to 2014-03-27,2014-03-25,2014-03-27,400,5.0,Linda R. Greenstein,D,28%,False,"March 25–27, 2014"
2014,New Jersey,NJ,12,Democratic Primary,Garin-Hart-Yang (D-Watson-Coleman),2014-03-25 to 2014-03-27,2014-03-25,2014-03-27,400,5.0,Bonnie Watson Coleman,D,27%,False,"March 25–27, 2014"
2014,New Jersey,NJ,12,Democratic Primary,Monmouth University,2014-05-15 to 2014-05-18,2014-05-15,2014-05-18,504,4.4,Upendra J. Chivukula,D,11%,False,"May 15–18, 2014"
2014,New Jersey,NJ,12,Democratic Primary,Monmouth University,2014-05-15 to 2014-05-18,2014-05-15,2014-05-18,504,4.4,Linda R. Greenstein,D,25%,False,"May 15–18, 2014"
2014,New Jersey,NJ,12,Democratic Primary,Monmouth University,2014-05-15 to 2014-05-18,2014-05-15,2014-05-18,504,4.4,Bonnie Watson Coleman,D,24%,False,"May 15–18, 2014"
2014,New Jersey,NJ,12,Democratic Primary,Monmouth University,2014-05-15 to 2014-05-18,2014-05-15,2014-05-18,504,4.4,Andrew Zwicker,D,6%,False,"May 15–18, 2014"
2014,New Jersey,NJ,3,Republican Primary,National Research Inc. (R-MacArthur),2014-05-06 to 2014-05-07,2014-05-06,2014-05-07,400,4.9,Steve Lonegan,R,28%,False,"May 6–7, 2014"
2014,New Jersey,NJ,3,Republican Primary,National Research Inc. (R-MacArthur),2014-05-06 to 2014-05-07,2014-05-06,2014-05-07,400,4.9,Tom MacArthur,R,37%,False,"May 6–7, 2014"
2014,New Jersey,NJ,3,Republican Primary,Monmouth,2014-05-12 to 2014-05-14,2014-05-12,2014-05-14,505,4.4,Steve Lonegan,R,35%,False,"May 12–14, 2014"
2014,New Jersey,NJ,3,Republican Primary,Monmouth,2014-05-12 to 2014-05-14,2014-05-12,2014-05-14,505,4.4,Tom MacArthur,R,46%,False,"May 12–14, 2014"
2014,New Jersey,NJ,3,Republican Primary,Tarrance Group,2014-05-18 to 2014-05-20,2014-05-18,2014-05-20,400,4.9,Steve Lonegan,R,30%,False,"May 18–20, 2014"
2014,New Jersey,NJ,3,Republican Primary,Tarrance Group,2014-05-18 to 2014-05-20,2014-05-18,2014-05-20,400,4.9,Tom MacArthur,R,43%,False,"May 18–20, 2014"
2014,New York,NY,13,Democratic Primary,Siena College,2014-05-15 to 2014-05-20,2014-05-15,2014-05-20,678,3.8,Charlie Rangel,D,41%,False,"May 15–20, 2014"
2014,New York,NY,13,Democratic Primary,Siena College,2014-05-15 to 2014-05-20,2014-05-15,2014-05-20,678,3.8,Adriano Espaillat,D,32%,False,"May 15–20, 2014"
2014,New York,NY,13,Democratic Primary,Siena College,2014-05-15 to 2014-05-20,2014-05-15,2014-05-20,678,3.8,Yolonda Garcia,D,5%,False,"May 15–20, 2014"
2014,New York,NY,13,Democratic Primary,Siena College,2014-05-15 to 2014-05-20,2014-05-15,2014-05-20,678,3.8,Mike Walrond,D,6%,False,"May 15–20, 2014"
2014,New York,NY,13,Democratic Primary,Siena College,2014-06-14 to 2014-06-18,2014-06-14,2014-06-18,707,3.7,Charlie Rangel,D,47%,False,"June 14–18, 2014"
2014,New York,NY,13,Democratic Primary,Siena College,2014-06-14 to 2014-06-18,2014-06-14,2014-06-18,707,3.7,Adriano Espaillat,D,34%,False,"June 14–18, 2014"
2014,New York,NY,13,Democratic Primary,Siena College,2014-06-14 to 2014-06-18,2014-06-14,2014-06-18,707,3.7,Yolonda Garcia,D,4%,False,"June 14–18, 2014"
2014,New York,NY,13,Democratic Primary,Siena College,2014-06-14 to 2014-06-18,2014-06-14,2014-06-18,707,3.7,Mike Walrond,D,7%,False,"June 14–18, 2014"
2014,New York,NY,21,Republican Primary,Public Opinion Strategies (R-Doheny),2014-01-20 to 2014-01-21,2014-01-20,2014-01-21,283,5.83,Matt Doheny,R,49%,False,"January 20–21, 2014"
2014,New York,NY,21,Republican Primary,Public Opinion Strategies (R-Doheny),2014-01-20 to 2014-01-21,2014-01-20,2014-01-21,283,5.83,Elise Stefanik,R,13%,False,"January 20–21, 2014"
2014,New York,NY,21,Republican Primary,Harper Polling,2014-06-16 to 2014-06-18,2014-06-16,2014-06-18,498,4.39,Matt Doheny,R,37%,False,"June 16–18, 2014"
2014,New York,NY,21,Republican Primary,Harper Polling,2014-06-16 to 2014-06-18,2014-06-16,2014-06-18,498,4.39,Elise Stefanik,R,45%,False,"June 16–18, 2014"
2014,North Carolina,NC,6,Republican Primary,Tel Opinion Research,2014-04,2014-04-01,2014-04-30,,,Phil Berger,R,29%,False,April 2014
2014,North Carolina,NC,6,Republican Primary,Tel Opinion Research,2014-04,2014-04-01,2014-04-30,,,Mike Causey,R,1%,False,April 2014
2014,North Carolina,NC,6,Republican Primary,Tel Opinion Research,2014-04,2014-04-01,2014-04-30,,,Kenn Kopf,R,0%,False,April 2014
2014,North Carolina,NC,6,Republican Primary,Tel Opinion Research,2014-04,2014-04-01,2014-04-30,,,Zack Matheny,R,2%,False,April 2014
2014,North Carolina,NC,6,Republican Primary,Tel Opinion Research,2014-04,2014-04-01,2014-04-30,,,Jeff Phillips,R,4%,False,April 2014
2014,North Carolina,NC,6,Republican Primary,Tel Opinion Research,2014-04,2014-04-01,2014-04-30,,,Charlie Sutherland,R,0%,False,April 2014
2014,North Carolina,NC,6,Republican Primary,Tel Opinion Research,2014-04,2014-04-01,2014-04-30,,,Bruce VonCannon,R,4%,False,April 2014
2014,North Carolina,NC,6,Republican Primary,Tel Opinion Research,2014-04,2014-04-01,2014-04-30,,,Mark Walker,R,4%,False,April 2014
2014,North Carolina,NC,6,Republican Primary,Tel Opinion Research,2014-04,2014-04-01,2014-04-30,,,Don Webb,R,2%,False,April 2014
2014,North Carolina,NC,6,Republican Primary,Public Opinion Strategies (R-Berger),2014-04-08 to 2014-04-10,2014-04-08,2014-04-10,300,5.66,Phil Berger,R,36%,False,"April 8–10, 2014"
2014,North Carolina,NC,6,Republican Primary,Public Opinion Strategies (R-Berger),2014-04-08 to 2014-04-10,2014-04-08,2014-04-10,300,5.66,Zack Matheny,R,6%,False,"April 8–10, 2014"
2014,North Carolina,NC,6,Republican Primary,Public Opinion Strategies (R-Berger),2014-04-08 to 2014-04-10,2014-04-08,2014-04-10,300,5.66,Bruce VonCannon,R,6%,False,"April 8–10, 2014"
2014,North Carolina,NC,6,Republican Primary,Public Opinion Strategies (R-Berger),2014-04-08 to 2014-04-10,2014-04-08,2014-04-10,300,5.66,Mark Walker,R,14%,False,"April 8–10, 2014"
2014,Oklahoma,OK,5,Republican Primary,SoonerPoll,2014-05-05 to 2014-05-10,2014-05-05,2014-05-10,671,3.77,Patrice Douglas,R,12%,False,"May 5–10, 2014"
2014,Oklahoma,OK,5,Republican Primary,SoonerPoll,2014-05-05 to 2014-05-10,2014-05-05,2014-05-10,671,3.77,Shane Jett,R,5%,False,"May 5–10, 2014"
2014,Oklahoma,OK,5,Republican Primary,SoonerPoll,2014-05-05 to 2014-05-10,2014-05-05,2014-05-10,671,3.77,Clark Jolley,R,11%,False,"May 5–10, 2014"
2014,Oklahoma,OK,5,Republican Primary,SoonerPoll,2014-05-05 to 2014-05-10,2014-05-05,2014-05-10,671,3.77,Steve Russell,R,7%,False,"May 5–10, 2014"
2014,Oklahoma,OK,5,Republican Primary,SoonerPoll,2014-05-05 to 2014-05-10,2014-05-05,2014-05-10,671,3.77,Harvey Sparks,R,4%,False,"May 5–10, 2014"
2014,Oklahoma,OK,5,Republican Primary,SoonerPoll,2014-05-05 to 2014-05-10,2014-05-05,2014-05-10,671,3.77,Mike Turner,R,11%,False,"May 5–10, 2014"
2014,Oklahoma,OK,5,Democratic Primary,SoonerPoll,2014-05-05 to 2014-05-10,2014-05-05,2014-05-10,674,3.76,Tom Guild,D,11%,False,"May 5–10, 2014"
2014,Oklahoma,OK,5,Democratic Primary,SoonerPoll,2014-05-05 to 2014-05-10,2014-05-05,2014-05-10,674,3.76,Leona Leonard,D,8%,False,"May 5–10, 2014"
2014,Oklahoma,OK,5,Democratic Primary,SoonerPoll,2014-05-05 to 2014-05-10,2014-05-05,2014-05-10,674,3.76,Al McAffrey,D,16%,False,"May 5–10, 2014"
2014,Oklahoma,OK,5,Republican Primary,SoonerPoll,2014-06-19 to 2014-06-21,2014-06-19,2014-06-21,334,5.36,Patrice Douglas,R,23,False,"June 19–21, 2014"
2014,Oklahoma,OK,5,Republican Primary,SoonerPoll,2014-06-19 to 2014-06-21,2014-06-19,2014-06-21,334,5.36,Shane Jett,R,6%,False,"June 19–21, 2014"
2014,Oklahoma,OK,5,Republican Primary,SoonerPoll,2014-06-19 to 2014-06-21,2014-06-19,2014-06-21,334,5.36,Clark Jolley,R,12%,False,"June 19–21, 2014"
2014,Oklahoma,OK,5,Republican Primary,SoonerPoll,2014-06-19 to 2014-06-21,2014-06-19,2014-06-21,334,5.36,Steve Russell,R,19%,False,"June 19–21, 2014"
2014,Oklahoma,OK,5,Republican Primary,SoonerPoll,2014-06-19 to 2014-06-21,2014-06-19,2014-06-21,334,5.36,Harvey Sparks,R,5%,False,"June 19–21, 2014"
2014,Oklahoma,OK,5,Republican Primary,SoonerPoll,2014-06-19 to 2014-06-21,2014-06-19,2014-06-21,334,5.36,Mike Turner,R,13%,False,"June 19–21, 2014"
2014,Oklahoma,OK,5,Democratic Primary,SoonerPoll,2014-06-19 to 2014-06-21,2014-06-19,2014-06-21,279,5.86,Tom Guild,D,21%,False,"June 19–21, 2014"
2014,Oklahoma,OK,5,Democratic Primary,SoonerPoll,2014-06-19 to 2014-06-21,2014-06-19,2014-06-21,279,5.86,Leona Leonard,D,9%,False,"June 19–21, 2014"
2014,Oklahoma,OK,5,Democratic Primary,SoonerPoll,2014-06-19 to 2014-06-21,2014-06-19,2014-06-21,279,5.86,Al McAffrey,D,16%,False,"June 19–21, 2014"
2014,Pennsylvania,PA,13,Democratic Primary,Global Strategy Group (D-Margolies),2013-08-13 to 2013-08-15,2013-08-13,2013-08-15,422,4.8,Valerie Arkoosh,D,2%,False,"August 13–15, 2013"
2014,Pennsylvania,PA,13,Democratic Primary,Global Strategy Group (D-Margolies),2013-08-13 to 2013-08-15,2013-08-13,2013-08-15,422,4.8,Brendan F. Boyle,D,15%,False,"August 13–15, 2013"
2014,Pennsylvania,PA,13,Democratic Primary,Global Strategy Group (D-Margolies),2013-08-13 to 2013-08-15,2013-08-13,2013-08-15,422,4.8,Daylin Leach,D,7%,False,"August 13–15, 2013"
2014,Pennsylvania,PA,13,Democratic Primary,Global Strategy Group (D-Margolies),2013-08-13 to 2013-08-15,2013-08-13,2013-08-15,422,4.8,Marjorie Margolies,D,43%,False,"August 13–15, 2013"
2014,Tennessee,TN,4,Republican Primary,Right Way Marketing (R-DesJarlais),2014-06-05 to 2014-06-06,2014-06-05,2014-06-06,"1,337",,Scott DesJarlais,R,45%,False,"June 5–6, 2014"
2014,Tennessee,TN,4,Republican Primary,Right Way Marketing (R-DesJarlais),2014-06-05 to 2014-06-06,2014-06-05,2014-06-06,"1,337",,Jim Tracy,R,20%,False,"June 5–6, 2014"
2014,Texas,TX,4,Republican Primary,Wenzel Strategies (R-Ratcliffe),2014-03-12 to 2014-03-13,2014-03-12,2014-03-13,436,,Ralph Hall,R,35%,False,"March 12–13, 2014"
2014,Texas,TX,4,Republican Primary,Wenzel Strategies (R-Ratcliffe),2014-03-12 to 2014-03-13,2014-03-12,2014-03-13,436,,John Ratcliffe,R,47%,False,"March 12–13, 2014"
2014,Texas,TX,4,Republican Primary,Gravis Marketing,2014-05-12,2014-05-12,2014-05-12,656,4.0,Ralph Hall,R,46%,False,"May 12, 2014"
2014,Texas,TX,4,Republican Primary,Gravis Marketing,2014-05-12,2014-05-12,2014-05-12,656,4.0,John Ratcliffe,R,38%,False,"May 12, 2014"
2014,Virginia,VA,10,Republican Primary,The Polling Company,2014-04-04 to 2014-04-05,2014-04-04,2014-04-05,402,4.9,Barbara Comstock,R,44%,False,"April 4–5, 2014"
2014,Virginia,VA,10,Republican Primary,The Polling Company,2014-04-04 to 2014-04-05,2014-04-04,2014-04-05,402,4.9,Stephen Hollingshead,R,3%,False,"April 4–5, 2014"
2014,Virginia,VA,10,Republican Primary,The Polling Company,2014-04-04 to 2014-04-05,2014-04-04,2014-04-05,402,4.9,Howie Lind,R,3%,False,"April 4–5, 2014"
2014,Virginia,VA,10,Republican Primary,The Polling Company,2014-04-04 to 2014-04-05,2014-04-04,2014-04-05,402,4.9,Bob Marshall,R,10%,False,"April 4–5, 2014"
2014,Virginia,VA,10,Republican Primary,The Polling Company,2014-04-04 to 2014-04-05,2014-04-04,2014-04-05,402,4.9,Marc Savitt,R,1%,False,"April 4–5, 2014"
2014,Virginia,VA,10,Republican Primary,The Polling Company,2014-04-04 to 2014-04-05,2014-04-04,2014-04-05,402,4.9,Rob Wasinger,R,3%,False,"April 4–5, 2014"
2014,Virginia,VA,7,Republican Primary,McLaughlin & Associates (R-Cantor),2014-05-27 to 2014-05-28,2014-05-27,2014-05-28,400,4.9,Eric Cantor,R,62%,False,"May 27–28, 2014"
2014,Virginia,VA,7,Republican Primary,McLaughlin & Associates (R-Cantor),2014-05-27 to 2014-05-28,2014-05-27,2014-05-28,400,4.9,Dave Brat,R,28%,False,"May 27–28, 2014"
2016,Arizona,AZ,5,Republican Primary,OH Predictive Insights,2016-06-02,2016-06-02,2016-06-02,462,4.56,Andy Biggs,R,21%,False,"June 2, 2016"
2016,Arizona,AZ,5,Republican Primary,OH Predictive Insights,2016-06-02,2016-06-02,2016-06-02,462,4.56,Christine Jones,R,7%,False,"June 2, 2016"
2016,Arizona,AZ,5,Republican Primary,OH Predictive Insights,2016-06-02,2016-06-02,2016-06-02,462,4.56,Justin Olson,R,5%,False,"June 2, 2016"
2016,Arizona,AZ,5,Republican Primary,OH Predictive Insights,2016-06-02,2016-06-02,2016-06-02,462,4.56,Don Stapley,R,10%,False,"June 2, 2016"
2016,Arizona,AZ,5,Republican Primary,OH Predictive Insights,2016-07-19,2016-07-19,2016-07-19,408,4.84,Andy Biggs,R,19%,False,"July 19, 2016"
2016,Arizona,AZ,5,Republican Primary,OH Predictive Insights,2016-07-19,2016-07-19,2016-07-19,408,4.84,Christine Jones,R,26%,False,"July 19, 2016"
2016,Arizona,AZ,5,Republican Primary,OH Predictive Insights,2016-07-19,2016-07-19,2016-07-19,408,4.84,Justin Olson,R,9%,False,"July 19, 2016"
2016,Arizona,AZ,5,Republican Primary,OH Predictive Insights,2016-07-19,2016-07-19,2016-07-19,408,4.84,Don Stapley,R,15%,False,"July 19, 2016"
2016,California,CA,17,jungle,SurveyUSA,2016-05-18 to 2016-05-23,2016-05-18,2016-05-23,564,4.2,Mike Honda,D,31%,False,"May 18–23, 2016"
2016,California,CA,17,jungle,SurveyUSA,2016-05-18 to 2016-05-23,2016-05-18,2016-05-23,564,4.2,Ro Khanna,D,25%,False,"May 18–23, 2016"
2016,California,CA,17,jungle,SurveyUSA,2016-05-18 to 2016-05-23,2016-05-18,2016-05-23,564,4.2,Pierluigi Oliverio,D,2%,False,"May 18–23, 2016"
2016,California,CA,17,jungle,SurveyUSA,2016-05-18 to 2016-05-23,2016-05-18,2016-05-23,564,4.2,Ron Cohen,R,7%,False,"May 18–23, 2016"
2016,California,CA,17,jungle,SurveyUSA,2016-05-18 to 2016-05-23,2016-05-18,2016-05-23,564,4.2,Peter Kuo,R,5%,False,"May 18–23, 2016"
2016,California,CA,17,jungle,SurveyUSA,2016-05-18 to 2016-05-23,2016-05-18,2016-05-23,564,4.2,Kennita Watson,L,2%,False,"May 18–23, 2016"
2016,Delaware,DE,AL,Democratic Primary,Gravis Marketing,2016-04-17 to 2016-04-18,2016-04-17,2016-04-18,"1,026",3.1,Sean Barney,D,12%,False,"April 17–18, 2016"
2016,Delaware,DE,AL,Democratic Primary,Gravis Marketing,2016-04-17 to 2016-04-18,2016-04-17,2016-04-18,"1,026",3.1,Lisa Blunt Rochester,D,8%,False,"April 17–18, 2016"
2016,Delaware,DE,AL,Democratic Primary,Gravis Marketing,2016-04-17 to 2016-04-18,2016-04-17,2016-04-18,"1,026",3.1,Bryan Townsend,D,19%,False,"April 17–18, 2016"
2016,Delaware,DE,AL,Democratic Primary,Fairleigh Dickinson University,2016-07-20 to 2016-07-24,2016-07-20,2016-07-24,344,5.3,Sean Barney,D,4%,False,"July 20–24, 2016"
2016,Delaware,DE,AL,Democratic Primary,Fairleigh Dickinson University,2016-07-20 to 2016-07-24,2016-07-20,2016-07-24,344,5.3,Lisa Blunt Rochester,D,11%,False,"July 20–24, 2016"
2016,Delaware,DE,AL,Democratic Primary,Fairleigh Dickinson University,2016-07-20 to 2016-07-24,2016-07-20,2016-07-24,344,5.3,Mike Miller,D,9%,False,"July 20–24, 2016"
2016,Delaware,DE,AL,Democratic Primary,Fairleigh Dickinson University,2016-07-20 to 2016-07-24,2016-07-20,2016-07-24,344,5.3,Bryan Townsend,D,11%,False,"July 20–24, 2016"
2016,Delaware,DE,AL,Democratic Primary,Fairleigh Dickinson University,2016-07-20 to 2016-07-24,2016-07-20,2016-07-24,344,5.3,Scott Walker,D,6%,False,"July 20–24, 2016"
2016,Delaware,DE,AL,Democratic Primary,Fairleigh Dickinson University,2016-07-20 to 2016-07-24,2016-07-20,2016-07-24,344,5.3,Elias Weir,D,0%,False,"July 20–24, 2016"
2016,Delaware,DE,AL,Republican Primary,Fairleigh Dickinson University,2016-07-20 to 2016-07-24,2016-07-20,2016-07-24,224,6.6,Hans Reigle,R,26%,False,"July 20–24, 2016"
2016,Florida,FL,10,Democratic Primary,Public Policy Polling (D),2016-01-26 to 2016-01-28,2016-01-26,2016-01-28,506 (LV),,Val Demings,D,44%,False,"January 26–28, 2016"
2016,Florida,FL,10,Democratic Primary,Public Policy Polling (D),2016-01-26 to 2016-01-28,2016-01-26,2016-01-28,506 (LV),,Bob Poe,D,7%,False,"January 26–28, 2016"
2016,Florida,FL,10,Democratic Primary,Public Policy Polling (D),2016-01-26 to 2016-01-28,2016-01-26,2016-01-28,506 (LV),,Geraldine Thompson,D,24%,False,"January 26–28, 2016"
2016,Florida,FL,18,Republican Primary,The Logit Group (R-Mast),2016-08-04 to 2016-08-07,2016-08-04,2016-08-07,364,,Carl Domino,R,10%,False,"August 4–7, 2016"
2016,Florida,FL,18,Republican Primary,The Logit Group (R-Mast),2016-08-04 to 2016-08-07,2016-08-04,2016-08-07,364,,Mark Freeman,R,18%,False,"August 4–7, 2016"
2016,Florida,FL,18,Republican Primary,The Logit Group (R-Mast),2016-08-04 to 2016-08-07,2016-08-04,2016-08-07,364,,Brian Mast,R,39%,False,"August 4–7, 2016"
2016,Florida,FL,18,Republican Primary,The Logit Group (R-Mast),2016-08-04 to 2016-08-07,2016-08-04,2016-08-07,364,,Rebecca Negron,R,19%,False,"August 4–7, 2016"
2016,Florida,FL,19,Republican Primary,Remington Research Group (R),2016-08-04 to 2016-08-07,2016-08-04,2016-08-07,364,,Dan Bongino,R,15%,False,"August 4–7, 2016"
2016,Florida,FL,19,Republican Primary,Remington Research Group (R),2016-08-04 to 2016-08-07,2016-08-04,2016-08-07,364,,Chauncey Goss,R,29%,False,"August 4–7, 2016"
2016,Florida,FL,19,Republican Primary,Remington Research Group (R),2016-08-04 to 2016-08-07,2016-08-04,2016-08-07,364,,Francis Rooney,R,45%,False,"August 4–7, 2016"
2016,Florida,FL,23,Democratic Primary,FM3 Research (D-Canova),2016-07-27 to 2016-07-28,2016-07-27,2016-07-28,400,4.9,Debbie Wasserman Schultz,D,46%,False,"July 27–28, 2016"
2016,Florida,FL,23,Democratic Primary,FM3 Research (D-Canova),2016-07-27 to 2016-07-28,2016-07-27,2016-07-28,400,4.9,Tim Canova,D,38%,False,"July 27–28, 2016"
2016,Florida,FL,23,Democratic Primary,Global Strategy Group (D-Wasserman Schultz),2016-07-31 to 2016-08-01,2016-07-31,2016-08-01,400,4.9,Debbie Wasserman Schultz,D,59%,False,"July 31–August 1, 2016"
2016,Florida,FL,23,Democratic Primary,Global Strategy Group (D-Wasserman Schultz),2016-07-31 to 2016-08-01,2016-07-31,2016-08-01,400,4.9,Tim Canova,D,26%,False,"July 31–August 1, 2016"
2016,Florida,FL,23,Democratic Primary,Florida Atlantic University,2016-08-17 to 2016-08-19,2016-08-17,2016-08-19,400,5.0,Debbie Wasserman Schultz,D,50%,False,"August 17–19, 2016"
2016,Florida,FL,23,Democratic Primary,Florida Atlantic University,2016-08-17 to 2016-08-19,2016-08-17,2016-08-19,400,5.0,Tim Canova,D,40%,False,"August 17–19, 2016"
2016,Florida,FL,26,Democratic Primary,Public Policy Polling (D),2016-01-15 to 2016-01-18,2016-01-15,2016-01-18,441,,Joe Garcia,D,34%,False,"January 15–18, 2016"
2016,Florida,FL,26,Democratic Primary,Public Policy Polling (D),2016-01-15 to 2016-01-18,2016-01-15,2016-01-18,441,,Annette Taddeo,D,24%,False,"January 15–18, 2016"
2016,Florida,FL,26,Democratic Primary,ALG Research (D-Taddeo),2016-04,2016-04-01,2016-04-30,400,4.4,Joe Garcia,D,48%,False,April 2016
2016,Florida,FL,26,Democratic Primary,ALG Research (D-Taddeo),2016-04,2016-04-01,2016-04-30,400,4.4,Annette Taddeo,D,27%,False,April 2016
2016,Florida,FL,26,Democratic Primary,Expedition Strategies (D-Garcia),2016-05-10 to 2016-05-13,2016-05-10,2016-05-13,400,4.9,Joe Garcia,D,53%,False,"May 10–13, 2016"
2016,Florida,FL,26,Democratic Primary,Expedition Strategies (D-Garcia),2016-05-10 to 2016-05-13,2016-05-10,2016-05-13,400,4.9,Annette Taddeo,D,28%,False,"May 10–13, 2016"
2016,Florida,FL,26,Democratic Primary,GBA Strategies (D),2016-07-11 to 2016-07-14,2016-07-11,2016-07-14,400,4.9,Joe Garcia,D,40%,False,"July 11–14, 2016"
2016,Florida,FL,26,Democratic Primary,GBA Strategies (D),2016-07-11 to 2016-07-14,2016-07-11,2016-07-14,400,4.9,Annette Taddeo,D,38%,False,"July 11–14, 2016"
2016,Florida,FL,4,Republican Primary,St.Pete Polls,2016-04-19,2016-04-19,2016-04-19,440,4.7,Jay Fant,R,6%,False,"April 19, 2016"
2016,Florida,FL,4,Republican Primary,St.Pete Polls,2016-04-19,2016-04-19,2016-04-19,440,4.7,Lake Ray,R,13%,False,"April 19, 2016"
2016,Florida,FL,4,Republican Primary,St.Pete Polls,2016-04-19,2016-04-19,2016-04-19,440,4.7,John Rutherford,R,49%,False,"April 19, 2016"
2016,Florida,FL,4,Republican Primary,University of North Florida,2016-06-28 to 2016-06-29,2016-06-28,2016-06-29,403,4.9,Stephen Kaufman,R,<1%,False,"June 28–29, 2016"
2016,Florida,FL,4,Republican Primary,University of North Florida,2016-06-28 to 2016-06-29,2016-06-28,2016-06-29,403,4.9,Ed Malin,R,<1%,False,"June 28–29, 2016"
2016,Florida,FL,4,Republican Primary,University of North Florida,2016-06-28 to 2016-06-29,2016-06-28,2016-06-29,403,4.9,Bill McClure,R,2%,False,"June 28–29, 2016"
2016,Florida,FL,4,Republican Primary,University of North Florida,2016-06-28 to 2016-06-29,2016-06-28,2016-06-29,403,4.9,Deborah Katz Pueschel,R,2%,False,"June 28–29, 2016"
2016,Florida,FL,4,Republican Primary,University of North Florida,2016-06-28 to 2016-06-29,2016-06-28,2016-06-29,403,4.9,Lake Ray,R,9%,False,"June 28–29, 2016"
2016,Florida,FL,4,Republican Primary,University of North Florida,2016-06-28 to 2016-06-29,2016-06-28,2016-06-29,403,4.9,John Rutherford,R,27%,False,"June 28–29, 2016"
2016,Florida,FL,4,Republican Primary,University of North Florida,2016-06-28 to 2016-06-29,2016-06-28,2016-06-29,403,4.9,Hans Tanzler,R,13%,False,"June 28–29, 2016"
2016,Florida,FL,4,Republican Primary,University of North Florida,2016-08-04 to 2016-08-08,2016-08-04,2016-08-08,600,4.0,Stephen Kaufman,R,2%,False,"August 4–8, 2016"
2016,Florida,FL,4,Republican Primary,University of North Florida,2016-08-04 to 2016-08-08,2016-08-04,2016-08-08,600,4.0,Ed Malin,R,3%,False,"August 4–8, 2016"
2016,Florida,FL,4,Republican Primary,University of North Florida,2016-08-04 to 2016-08-08,2016-08-04,2016-08-08,600,4.0,Bill McClure,R,5%,False,"August 4–8, 2016"
2016,Florida,FL,4,Republican Primary,University of North Florida,2016-08-04 to 2016-08-08,2016-08-04,2016-08-08,600,4.0,Deborah Katz Pueschel,R,<1%,False,"August 4–8, 2016"
2016,Florida,FL,4,Republican Primary,University of North Florida,2016-08-04 to 2016-08-08,2016-08-04,2016-08-08,600,4.0,Lake Ray,R,10%,False,"August 4–8, 2016"
2016,Florida,FL,4,Republican Primary,University of North Florida,2016-08-04 to 2016-08-08,2016-08-04,2016-08-08,600,4.0,John Rutherford,R,31%,False,"August 4–8, 2016"
2016,Florida,FL,4,Republican Primary,University of North Florida,2016-08-04 to 2016-08-08,2016-08-04,2016-08-08,600,4.0,Hans Tanzler,R,13%,False,"August 4–8, 2016"
2016,Florida,FL,5,Democratic Primary,St. Pete Polls,2016-04-25,2016-04-25,2016-04-25,524,4.3,Corrine Brown,D,42%,False,"April 25, 2016"
2016,Florida,FL,5,Democratic Primary,St. Pete Polls,2016-04-25,2016-04-25,2016-04-25,524,4.3,Al Lawson,D,37%,False,"April 25, 2016"
2016,Florida,FL,5,Democratic Primary,University of North Florida,2016-06-27 to 2016-06-28,2016-06-27,2016-06-28,400,4.9,Corrine Brown,D,30%,False,"June 27–28, 2016"
2016,Florida,FL,5,Democratic Primary,University of North Florida,2016-06-27 to 2016-06-28,2016-06-27,2016-06-28,400,4.9,LJ Holloway,D,4%,False,"June 27–28, 2016"
2016,Florida,FL,5,Democratic Primary,University of North Florida,2016-06-27 to 2016-06-28,2016-06-27,2016-06-28,400,4.9,Al Lawson,D,27%,False,"June 27–28, 2016"
2016,Florida,FL,9,Democratic Primary,SEA Polling & Strategic Design,2015-10-28 to 2015-11-01,2015-10-28,2015-11-01,400 (LV),,Dena Grayson,D,6%,False,"October 28–November 1, 2015"
2016,Florida,FL,9,Democratic Primary,SEA Polling & Strategic Design,2015-10-28 to 2015-11-01,2015-10-28,2015-11-01,400 (LV),,Susannah Randolph,D,4%,False,"October 28–November 1, 2015"
2016,Florida,FL,9,Democratic Primary,SEA Polling & Strategic Design,2015-10-28 to 2015-11-01,2015-10-28,2015-11-01,400 (LV),,Ricardo Rangel,D,1%,False,"October 28–November 1, 2015"
2016,Florida,FL,9,Democratic Primary,SEA Polling & Strategic Design,2015-10-28 to 2015-11-01,2015-10-28,2015-11-01,400 (LV),,Darren Soto,D,25%,False,"October 28–November 1, 2015"
2016,Florida,FL,9,Democratic Primary,Gravis Marketing (D-Grayson),2016-06-10 to 2016-06-13,2016-06-10,2016-06-13,554 (RV),4.2,Dena Grayson,D,31%,False,"June 10–13, 2016"
2016,Florida,FL,9,Democratic Primary,Gravis Marketing (D-Grayson),2016-06-10 to 2016-06-13,2016-06-10,2016-06-13,554 (RV),4.2,Susannah Randolph,D,4%,False,"June 10–13, 2016"
2016,Florida,FL,9,Democratic Primary,Gravis Marketing (D-Grayson),2016-06-10 to 2016-06-13,2016-06-10,2016-06-13,554 (RV),4.2,Darren Soto,D,11%,False,"June 10–13, 2016"
2016,Florida,FL,9,Democratic Primary,St. Pete Polls,2016-08-23,2016-08-23,2016-08-23,336 (LV),5.3,Valleri Crabtree,D,10%,False,"August 23, 2016"
2016,Florida,FL,9,Democratic Primary,St. Pete Polls,2016-08-23,2016-08-23,2016-08-23,336 (LV),5.3,Dena Grayson,D,33%,False,"August 23, 2016"
2016,Florida,FL,9,Democratic Primary,St. Pete Polls,2016-08-23,2016-08-23,2016-08-23,336 (LV),5.3,Susannah Randolph,D,27%,False,"August 23, 2016"
2016,Florida,FL,9,Democratic Primary,St. Pete Polls,2016-08-23,2016-08-23,2016-08-23,336 (LV),5.3,Darren Soto,D,19%,False,"August 23, 2016"
2016,Indiana,IN,3,Republican Primary,Mike Downs Center for Indiana Politics,2016-04,2016-04-01,2016-04-30,400,4.9,Jim Banks,R,29%,False,April 2016
2016,Indiana,IN,3,Republican Primary,Mike Downs Center for Indiana Politics,2016-04,2016-04-01,2016-04-30,400,4.9,Mark Willard Baringer,R,1%,False,April 2016
2016,Indiana,IN,3,Republican Primary,Mike Downs Center for Indiana Politics,2016-04,2016-04-01,2016-04-30,400,4.9,Liz Brown,R,22%,False,April 2016
2016,Indiana,IN,3,Republican Primary,Mike Downs Center for Indiana Politics,2016-04,2016-04-01,2016-04-30,400,4.9,Pam Galloway,R,5%,False,April 2016
2016,Indiana,IN,3,Republican Primary,Mike Downs Center for Indiana Politics,2016-04,2016-04-01,2016-04-30,400,4.9,Kevin Howell,R,1%,False,April 2016
2016,Indiana,IN,3,Republican Primary,Mike Downs Center for Indiana Politics,2016-04,2016-04-01,2016-04-30,400,4.9,Kip Tom,R,23%,False,April 2016
2016,Kansas,KS,1,Republican Primary,Clout Research (R),2016-07-07 to 2016-07-09,2016-07-07,2016-07-09,615,3.9,Tim Huelskamp,R,42%,False,"July 7–9, 2016"
2016,Kansas,KS,1,Republican Primary,Clout Research (R),2016-07-07 to 2016-07-09,2016-07-07,2016-07-09,615,3.9,Roger Marshall,R,49%,False,"July 7–9, 2016"
2016,Kansas,KS,1,Republican Primary,Fort Hays State University,2016-07-11 to 2016-07-22,2016-07-11,2016-07-22,176,6.76,Tim Huelskamp,R,40%,False,"July 11–22, 2016"
2016,Kansas,KS,1,Republican Primary,Fort Hays State University,2016-07-11 to 2016-07-22,2016-07-11,2016-07-22,176,6.76,Roger Marshall,R,41%,False,"July 11–22, 2016"
2016,Maryland,MD,6,Republican Primary,Garin-Hart-Yang Research Group (D-Delaney),2016-05-23 to 2016-05-25,2016-05-23,2016-05-25,400,5.0,John Delaney,D,59%,False,"May 23–25, 2016"
2016,Maryland,MD,6,Republican Primary,Garin-Hart-Yang Research Group (D-Delaney),2016-05-23 to 2016-05-25,2016-05-23,2016-05-25,400,5.0,Amie Hoeber,R,31%,False,"May 23–25, 2016"
2016,New York,NY,19,Republican Primary,McLaughlin & Associates (R-Faso),2016-05-31 to 2016-06-01,2016-05-31,2016-06-01,300,5.6,John Faso,R,51%,False,"May 31 – June 1, 2016"
2016,New York,NY,19,Republican Primary,McLaughlin & Associates (R-Faso),2016-05-31 to 2016-06-01,2016-05-31,2016-06-01,300,5.6,Andrew Heaney,R,32%,False,"May 31 – June 1, 2016"
2016,New York,NY,19,Republican Primary,Siena College,2016-05-31 to 2016-06-02,2016-05-31,2016-06-02,436,4.8,John Faso,R,50%,False,"May 31 – June 2, 2016"
2016,New York,NY,19,Republican Primary,Siena College,2016-05-31 to 2016-06-02,2016-05-31,2016-06-02,436,4.8,Andrew Heaney,R,28%,False,"May 31 – June 2, 2016"
2016,New York,NY,19,Democratic Primary,Siena College,2016-05-31 to 2016-06-02,2016-05-31,2016-06-02,431,4.7,Zephyr Teachout,D,53%,False,"May 31 – June 2, 2016"
2016,New York,NY,19,Democratic Primary,Siena College,2016-05-31 to 2016-06-02,2016-05-31,2016-06-02,431,4.7,Will Yandik,D,23%,False,"May 31 – June 2, 2016"
2016,New York,NY,19,Republican Primary,Siena College,2016-06-19 to 2016-06-22,2016-06-19,2016-06-22,494,4.4,John Faso,R,58%,False,"June 19–22, 2016"
2016,New York,NY,19,Republican Primary,Siena College,2016-06-19 to 2016-06-22,2016-06-19,2016-06-22,494,4.4,Andrew Heaney,R,28%,False,"June 19–22, 2016"
2016,New York,NY,19,Democratic Primary,Siena College,2016-06-19 to 2016-06-22,2016-06-19,2016-06-22,598,4.0,Zephyr Teachout,D,62%,False,"June 19–22, 2016"
2016,New York,NY,19,Democratic Primary,Siena College,2016-06-19 to 2016-06-22,2016-06-19,2016-06-22,598,4.0,Will Yandik,D,23%,False,"June 19–22, 2016"
2016,New York,NY,22,Republican Primary,Barry Zeplowitz & Associates,2016-04-11 to 2016-04-12,2016-04-11,2016-04-12,400,4.9,George Phillips,R,13%,False,"April 11–12, 2016"
2016,New York,NY,22,Republican Primary,Barry Zeplowitz & Associates,2016-04-11 to 2016-04-12,2016-04-11,2016-04-12,400,4.9,Claudia Tenney,R,48%,False,"April 11–12, 2016"
2016,New York,NY,22,Republican Primary,Barry Zeplowitz & Associates,2016-04-11 to 2016-04-12,2016-04-11,2016-04-12,400,4.9,Steve Wells,R,9%,False,"April 11–12, 2016"
2016,Wyoming,WY,AL,Republican Primary,Pulse Research,2016-07-08 to 2016-07-15,2016-07-08,2016-07-15,300,5.65,Liz Cheney,R,21%,False,"July 8–15, 2016"
2016,Wyoming,WY,AL,Republican Primary,Pulse Research,2016-07-08 to 2016-07-15,2016-07-08,2016-07-15,300,5.65,Leland Christensen,R,4%,False,"July 8–15, 2016"
2016,Wyoming,WY,AL,Republican Primary,Pulse Research,2016-07-08 to 2016-07-15,2016-07-08,2016-07-15,300,5.65,Darin Smith,R,3%,False,"July 8–15, 2016"
2016,Wyoming,WY,AL,Republican Primary,Pulse Research,2016-07-08 to 2016-07-15,2016-07-08,2016-07-15,300,5.65,Tim Stubson,R,9%,False,"July 8–15, 2016"
2017,South Carolina,SC,5,Republican Primary,Remington Research Group,2017-01-07 to 2017-01-08,2017-01-07,2017-01-08,778,3.4,Chad Connelly,R,9%,False,"January 7–8, 2017"
2017,South Carolina,SC,5,Republican Primary,Remington Research Group,2017-01-07 to 2017-01-08,2017-01-07,2017-01-08,778,3.4,Ralph Norman,R,9%,False,"January 7–8, 2017"
2017,South Carolina,SC,5,Republican Primary,Remington Research Group,2017-01-07 to 2017-01-08,2017-01-07,2017-01-08,778,3.4,Tommy Pope,R,25%,False,"January 7–8, 2017"
2017,South Carolina,SC,5,Republican Primary,Atlantic Research and Media of North Carolina,2017-02-25,2017-02-25,2017-02-25,239,6.2,Chad Connelly,R,1%,False,"February 25, 2017"
2017,South Carolina,SC,5,Republican Primary,Atlantic Research and Media of North Carolina,2017-02-25,2017-02-25,2017-02-25,239,6.2,Sheri Few,R,9%,False,"February 25, 2017"
2017,South Carolina,SC,5,Republican Primary,Atlantic Research and Media of North Carolina,2017-02-25,2017-02-25,2017-02-25,239,6.2,Tom Mullikin,R,8%,False,"February 25, 2017"
2017,South Carolina,SC,5,Republican Primary,Atlantic Research and Media of North Carolina,2017-02-25,2017-02-25,2017-02-25,239,6.2,Ralph Norman,R,11%,False,"February 25, 2017"
2017,South Carolina,SC,5,Republican Primary,Atlantic Research and Media of North Carolina,2017-02-25,2017-02-25,2017-02-25,239,6.2,Tommy Pope,R,19%,False,"February 25, 2017"
2017,South Carolina,SC,5,Republican Primary,Atlantic Research and Media of North Carolina,2017-02-25,2017-02-25,2017-02-25,239,6.2,Kris Wampler,R,0%,False,"February 25, 2017"
2017,Utah,UT,3,Republican Primary,Dan Jones & Associates,2017-06-23 to 2017-07-05,2017-06-23,2017-07-05,199,4.9,John Curtis,R,27%,False,"June 23 – July 5, 2017"
2017,Utah,UT,3,Republican Primary,Dan Jones & Associates,2017-06-23 to 2017-07-05,2017-06-23,2017-07-05,199,4.9,Chris Herrod,R,9%,False,"June 23 – July 5, 2017"
2017,Utah,UT,3,Republican Primary,Dan Jones & Associates,2017-06-23 to 2017-07-05,2017-06-23,2017-07-05,199,4.9,Tanner Ainge,R,7%,False,"June 23 – July 5, 2017"
2018,Arizona,AZ,1,Republican Primary,Data Orbital (R-Defending Rural Arizona PAC),2018-06-28 to 2018-06-30,2018-06-28,2018-06-30,450,4.59,Wendy Rogers,R,22%,False,"June 28–30, 2018"
2018,Arizona,AZ,1,Republican Primary,Data Orbital (R-Defending Rural Arizona PAC),2018-06-28 to 2018-06-30,2018-06-28,2018-06-30,450,4.59,Tiffany Shedd,R,15%,False,"June 28–30, 2018"
2018,Arizona,AZ,1,Republican Primary,Data Orbital (R-Defending Rural Arizona PAC),2018-06-28 to 2018-06-30,2018-06-28,2018-06-30,450,4.59,Steve Smith,R,10%,False,"June 28–30, 2018"
2018,Arizona,AZ,1,Republican Primary,Grassroots Partners (R-Smith),2018-07-15 to 2018-07-16,2018-07-15,2018-07-16,393,4.6,Wendy Rogers,R,23%,False,"July 15–16, 2018"
2018,Arizona,AZ,1,Republican Primary,Grassroots Partners (R-Smith),2018-07-15 to 2018-07-16,2018-07-15,2018-07-16,393,4.6,Tiffany Shedd,R,15%,False,"July 15–16, 2018"
2018,Arizona,AZ,1,Republican Primary,Grassroots Partners (R-Smith),2018-07-15 to 2018-07-16,2018-07-15,2018-07-16,393,4.6,Steve Smith,R,27%,False,"July 15–16, 2018"
2018,Arizona,AZ,2,Democratic Primary,Public Policy Polling (D-Heinz),2017-05-05 to 2017-05-07,2017-05-05,2017-05-07,392,5.0,Randy Friese,D,6%,False,"May 5–7, 2017"
2018,Arizona,AZ,2,Democratic Primary,Public Policy Polling (D-Heinz),2017-05-05 to 2017-05-07,2017-05-05,2017-05-07,392,5.0,Matt Heinz,D,40%,False,"May 5–7, 2017"
2018,Arizona,AZ,2,Democratic Primary,Public Policy Polling (D-Heinz),2017-05-05 to 2017-05-07,2017-05-05,2017-05-07,392,5.0,Ann Kirkpatrick,D,30%,False,"May 5–7, 2017"
2018,Arizona,AZ,2,Democratic Primary,FM3 Research (D-Heinz),2018-04-29 to 2018-05-03,2018-04-29,2018-05-03,400,4.9,Matt Heinz,D,27%,False,"April 29 – May 3, 2018"
2018,Arizona,AZ,2,Democratic Primary,FM3 Research (D-Heinz),2018-04-29 to 2018-05-03,2018-04-29,2018-05-03,400,4.9,Ann Kirkpatrick,D,23%,False,"April 29 – May 3, 2018"
2018,Arizona,AZ,2,Democratic Primary,FM3 Research (D-Heinz),2018-04-29 to 2018-05-03,2018-04-29,2018-05-03,400,4.9,Billy Kovacs,D,4%,False,"April 29 – May 3, 2018"
2018,Arizona,AZ,2,Democratic Primary,FM3 Research (D-Heinz),2018-04-29 to 2018-05-03,2018-04-29,2018-05-03,400,4.9,Mary Matiella,D,6%,False,"April 29 – May 3, 2018"
2018,Arizona,AZ,2,Democratic Primary,FM3 Research (D-Heinz),2018-04-29 to 2018-05-03,2018-04-29,2018-05-03,400,4.9,Bruce Wheeler,D,4%,False,"April 29 – May 3, 2018"
2018,Arizona,AZ,2,Democratic Primary,FM3 Research (D-Heinz),2018-08-01 to 2018-08-02,2018-08-01,2018-08-02,402,4.9,Matt Heinz,D,31%,False,"August 1–2, 2018"
2018,Arizona,AZ,2,Democratic Primary,FM3 Research (D-Heinz),2018-08-01 to 2018-08-02,2018-08-01,2018-08-02,402,4.9,Ann Kirkpatrick,D,26%,False,"August 1–2, 2018"
2018,California,CA,10,jungle,Benenson Strategy Group (D-Harder),2018-05-02 to 2018-05-06,2018-05-02,2018-05-06,550,4.2,Jeff Denham,R,42%,False,"May 2–6, 2018"
2018,California,CA,10,jungle,Benenson Strategy Group (D-Harder),2018-05-02 to 2018-05-06,2018-05-02,2018-05-06,550,4.2,Michael Eggman,D,10%,False,"May 2–6, 2018"
2018,California,CA,10,jungle,Benenson Strategy Group (D-Harder),2018-05-02 to 2018-05-06,2018-05-02,2018-05-06,550,4.2,Josh Harder,D,13%,False,"May 2–6, 2018"
2018,California,CA,10,jungle,Benenson Strategy Group (D-Harder),2018-05-02 to 2018-05-06,2018-05-02,2018-05-06,550,4.2,Virginia Madueño,D,6%,False,"May 2–6, 2018"
2018,California,CA,10,jungle,Benenson Strategy Group (D-Harder),2018-05-02 to 2018-05-06,2018-05-02,2018-05-06,550,4.2,Sue Zwahlen,D,6%,False,"May 2–6, 2018"
2018,California,CA,25,jungle,Public Policy Polling (D-Caforio),2017-05-16 to 2017-05-17,2017-05-16,2017-05-17,596,4.0,Bryan Caforio,D,30%,False,"May 16–17, 2017"
2018,California,CA,25,jungle,Public Policy Polling (D-Caforio),2017-05-16 to 2017-05-17,2017-05-16,2017-05-17,596,4.0,Steve Knight,R,46%,False,"May 16–17, 2017"
2018,California,CA,25,jungle,Public Policy Polling (D-Caforio),2017-05-16 to 2017-05-17,2017-05-16,2017-05-17,596,4.0,Katie Hill,D,9%,False,"May 16–17, 2017"
2018,California,CA,25,jungle,Public Policy Polling (D-Caforio),2017-05-16 to 2017-05-17,2017-05-16,2017-05-17,596,4.0,Jess Phoenix,D,4%,False,"May 16–17, 2017"
2018,California,CA,25,jungle,ALG Research (D-Caforio),2018-02-11 to 2018-02-15,2018-02-11,2018-02-15,500,4.4,Bryan Caforio,D,19%,False,"February 11–15, 2018"
2018,California,CA,25,jungle,ALG Research (D-Caforio),2018-02-11 to 2018-02-15,2018-02-11,2018-02-15,500,4.4,Steve Knight,R,43%,False,"February 11–15, 2018"
2018,California,CA,25,jungle,ALG Research (D-Caforio),2018-02-11 to 2018-02-15,2018-02-11,2018-02-15,500,4.4,Katie Hill,D,10%,False,"February 11–15, 2018"
2018,California,CA,25,jungle,ALG Research (D-Caforio),2018-02-11 to 2018-02-15,2018-02-11,2018-02-15,500,4.4,Jess Phoenix,D,7%,False,"February 11–15, 2018"
2018,California,CA,39,jungle,Change Research (D),2018-03-04 to 2018-03-08,2018-03-04,2018-03-08,680,,Gil Cisneros,D,16%,False,"March 4–8, 2018"
2018,California,CA,39,jungle,Change Research (D),2018-03-04 to 2018-03-08,2018-03-04,2018-03-08,680,,Bob Huff,R,19%,False,"March 4–8, 2018"
2018,California,CA,39,jungle,Change Research (D),2018-03-04 to 2018-03-08,2018-03-04,2018-03-08,680,,Young Kim,R,22%,False,"March 4–8, 2018"
2018,California,CA,39,jungle,Change Research (D),2018-03-04 to 2018-03-08,2018-03-04,2018-03-08,680,,Shawn Nelson,R,9%,False,"March 4–8, 2018"
2018,California,CA,39,jungle,Change Research (D),2018-03-04 to 2018-03-08,2018-03-04,2018-03-08,680,,Andy Thorburn,D,16%,False,"March 4–8, 2018"
2018,California,CA,39,jungle,Change Research (D),2018-03-04 to 2018-03-08,2018-03-04,2018-03-08,680,,Mai-Khanh Tran,D,6%,False,"March 4–8, 2018"
2018,California,CA,39,jungle,Tulchin Research (D–Cisneros),2018-03-18 to 2018-03-25,2018-03-18,2018-03-25,700,3.7,Gil Cisneros,D,19%,False,"March 18–25, 2018"
2018,California,CA,39,jungle,Tulchin Research (D–Cisneros),2018-03-18 to 2018-03-25,2018-03-18,2018-03-25,700,3.7,Bob Huff,R,12%,False,"March 18–25, 2018"
2018,California,CA,39,jungle,Tulchin Research (D–Cisneros),2018-03-18 to 2018-03-25,2018-03-18,2018-03-25,700,3.7,Sam Jammal,D,4%,False,"March 18–25, 2018"
2018,California,CA,39,jungle,Tulchin Research (D–Cisneros),2018-03-18 to 2018-03-25,2018-03-18,2018-03-25,700,3.7,Young Kim,R,11%,False,"March 18–25, 2018"
2018,California,CA,39,jungle,Tulchin Research (D–Cisneros),2018-03-18 to 2018-03-25,2018-03-18,2018-03-25,700,3.7,Shawn Nelson,R,13%,False,"March 18–25, 2018"
2018,California,CA,39,jungle,Tulchin Research (D–Cisneros),2018-03-18 to 2018-03-25,2018-03-18,2018-03-25,700,3.7,Andy Thorburn,D,10%,False,"March 18–25, 2018"
2018,California,CA,39,jungle,Tulchin Research (D–Cisneros),2018-03-18 to 2018-03-25,2018-03-18,2018-03-25,700,3.7,Mai-Khanh Tran,D,6%,False,"March 18–25, 2018"
2018,California,CA,39,jungle,Tulchin Research (D–Cisneros),2018-03-18 to 2018-03-25,2018-03-18,2018-03-25,700,3.7,Steve Vargas,R,2%,False,"March 18–25, 2018"
2018,California,CA,39,jungle,Mellman Group (D-Thorburn),2018-03-30 to 2018-04-07,2018-03-30,2018-04-07,400,4.9,Gil Cisneros,D,11%,False,"March 30 – April 7, 2018"
2018,California,CA,39,jungle,Mellman Group (D-Thorburn),2018-03-30 to 2018-04-07,2018-03-30,2018-04-07,400,4.9,Bob Huff,R,10%,False,"March 30 – April 7, 2018"
2018,California,CA,39,jungle,Mellman Group (D-Thorburn),2018-03-30 to 2018-04-07,2018-03-30,2018-04-07,400,4.9,Sam Jammal,D,4%,False,"March 30 – April 7, 2018"
2018,California,CA,39,jungle,Mellman Group (D-Thorburn),2018-03-30 to 2018-04-07,2018-03-30,2018-04-07,400,4.9,Young Kim,R,13%,False,"March 30 – April 7, 2018"
2018,California,CA,39,jungle,Mellman Group (D-Thorburn),2018-03-30 to 2018-04-07,2018-03-30,2018-04-07,400,4.9,Shawn Nelson,R,10%,False,"March 30 – April 7, 2018"
2018,California,CA,39,jungle,Mellman Group (D-Thorburn),2018-03-30 to 2018-04-07,2018-03-30,2018-04-07,400,4.9,Andy Thorburn,D,11%,False,"March 30 – April 7, 2018"
2018,California,CA,39,jungle,Mellman Group (D-Thorburn),2018-03-30 to 2018-04-07,2018-03-30,2018-04-07,400,4.9,Mai-Khanh Tran,D,6%,False,"March 30 – April 7, 2018"
2018,California,CA,39,jungle,Tulchin Research (D-Cisneros),2018-05-16 to 2018-05-20,2018-05-16,2018-05-20,500,4.4,Gil Cisneros,D,20%,False,"May 16–20, 2018"
2018,California,CA,39,jungle,Tulchin Research (D-Cisneros),2018-05-16 to 2018-05-20,2018-05-16,2018-05-20,500,4.4,Bob Huff,R,14%,False,"May 16–20, 2018"
2018,California,CA,39,jungle,Tulchin Research (D-Cisneros),2018-05-16 to 2018-05-20,2018-05-16,2018-05-20,500,4.4,Sam Jammal,D,7%,False,"May 16–20, 2018"
2018,California,CA,39,jungle,Tulchin Research (D-Cisneros),2018-05-16 to 2018-05-20,2018-05-16,2018-05-20,500,4.4,Young Kim,R,14%,False,"May 16–20, 2018"
2018,California,CA,39,jungle,Tulchin Research (D-Cisneros),2018-05-16 to 2018-05-20,2018-05-16,2018-05-20,500,4.4,Shawn Nelson,R,8%,False,"May 16–20, 2018"
2018,California,CA,39,jungle,Tulchin Research (D-Cisneros),2018-05-16 to 2018-05-20,2018-05-16,2018-05-20,500,4.4,Andy Thorburn,D,11%,False,"May 16–20, 2018"
2018,California,CA,39,jungle,Tulchin Research (D-Cisneros),2018-05-16 to 2018-05-20,2018-05-16,2018-05-20,500,4.4,Mai-Khanh Tran,D,5%,False,"May 16–20, 2018"
2018,California,CA,39,jungle,Tulchin Research (D-Cisneros),2018-05-16 to 2018-05-20,2018-05-16,2018-05-20,500,4.4,Steve Vargas,R,6%,False,"May 16–20, 2018"
2018,California,CA,45,jungle,Public Policy Polling (D-Porter),2018-02-20 to 2018-02-21,2018-02-20,2018-02-21,648,3.9,Kia Hamadanchy,D,6%,False,"February 20–21, 2018"
2018,California,CA,45,jungle,Public Policy Polling (D-Porter),2018-02-20 to 2018-02-21,2018-02-20,2018-02-21,648,3.9,Brian Forde,D,4%,False,"February 20–21, 2018"
2018,California,CA,45,jungle,Public Policy Polling (D-Porter),2018-02-20 to 2018-02-21,2018-02-20,2018-02-21,648,3.9,Dave Min,D,12%,False,"February 20–21, 2018"
2018,California,CA,45,jungle,Public Policy Polling (D-Porter),2018-02-20 to 2018-02-21,2018-02-20,2018-02-21,648,3.9,Katie Porter,D,16%,False,"February 20–21, 2018"
2018,California,CA,45,jungle,Public Policy Polling (D-Porter),2018-02-20 to 2018-02-21,2018-02-20,2018-02-21,648,3.9,Mimi Walters,R,42%,False,"February 20–21, 2018"
2018,California,CA,48,jungle,Change Research (D),2018-03-04 to 2018-03-06,2018-03-04,2018-03-06,688,,Hans Keirstead,D,18%,False,"March 4–6, 2018"
2018,California,CA,48,jungle,Change Research (D),2018-03-04 to 2018-03-06,2018-03-04,2018-03-06,688,,Dana Rohrabacher,R,35%,False,"March 4–6, 2018"
2018,California,CA,48,jungle,Change Research (D),2018-03-04 to 2018-03-06,2018-03-04,2018-03-06,688,,Harley Rouda,D,14%,False,"March 4–6, 2018"
2018,California,CA,48,jungle,Change Research (D),2018-03-04 to 2018-03-06,2018-03-04,2018-03-06,688,,Omar Siddiqui,D,14%,False,"March 4–6, 2018"
2018,California,CA,48,jungle,Tulchin Research (D-Rouda),2018-05-01 to 2018-05-05,2018-05-01,2018-05-05,400,4.9,Scott Baugh,R,13%,False,"May 1–5, 2018"
2018,California,CA,48,jungle,Tulchin Research (D-Rouda),2018-05-01 to 2018-05-05,2018-05-01,2018-05-05,400,4.9,Hans Keirstead,D,13%,False,"May 1–5, 2018"
2018,California,CA,48,jungle,Tulchin Research (D-Rouda),2018-05-01 to 2018-05-05,2018-05-01,2018-05-05,400,4.9,Dana Rohrabacher,R,30%,False,"May 1–5, 2018"
2018,California,CA,48,jungle,Tulchin Research (D-Rouda),2018-05-01 to 2018-05-05,2018-05-01,2018-05-05,400,4.9,Harley Rouda,D,13%,False,"May 1–5, 2018"
2018,California,CA,48,jungle,Tulchin Research (D-Rouda),2018-05-01 to 2018-05-05,2018-05-01,2018-05-05,400,4.9,Omar Siddiqui,D,4%,False,"May 1–5, 2018"
2018,California,CA,48,jungle,Change Research (D-314 Action),2018-05-02 to 2018-05-03,2018-05-02,2018-05-03,590,4.0,Scott Baugh,R,17%,False,"May 2–3, 2018"
2018,California,CA,48,jungle,Change Research (D-314 Action),2018-05-02 to 2018-05-03,2018-05-02,2018-05-03,590,4.0,Hans Keirstead,D,19%,False,"May 2–3, 2018"
2018,California,CA,48,jungle,Change Research (D-314 Action),2018-05-02 to 2018-05-03,2018-05-02,2018-05-03,590,4.0,Dana Rohrabacher,R,27%,False,"May 2–3, 2018"
2018,California,CA,48,jungle,Change Research (D-314 Action),2018-05-02 to 2018-05-03,2018-05-02,2018-05-03,590,4.0,Harley Rouda,D,11%,False,"May 2–3, 2018"
2018,California,CA,48,jungle,ALG Research (D-Keirstead),2018-05-06 to 2018-05-08,2018-05-06,2018-05-08,400,4.9,Scott Baugh,R,15%,False,"May 6–8, 2018"
2018,California,CA,48,jungle,ALG Research (D-Keirstead),2018-05-06 to 2018-05-08,2018-05-06,2018-05-08,400,4.9,Hans Keirstead,D,14%,False,"May 6–8, 2018"
2018,California,CA,48,jungle,ALG Research (D-Keirstead),2018-05-06 to 2018-05-08,2018-05-06,2018-05-08,400,4.9,Dana Rohrabacher,R,31%,False,"May 6–8, 2018"
2018,California,CA,48,jungle,ALG Research (D-Keirstead),2018-05-06 to 2018-05-08,2018-05-06,2018-05-08,400,4.9,Harley Rouda,D,13%,False,"May 6–8, 2018"
2018,California,CA,48,jungle,ALG Research (D-Keirstead),2018-05-06 to 2018-05-08,2018-05-06,2018-05-08,400,4.9,Omar Siddiqui,D,5%,False,"May 6–8, 2018"
2018,California,CA,49,jungle,KGTV,2018-02-10 to 2018-02-13,2018-02-10,2018-02-13,510,5.4,Doug Applegate,D,18%,False,"February 10–13, 2018"
2018,California,CA,49,jungle,KGTV,2018-02-10 to 2018-02-13,2018-02-10,2018-02-13,510,5.4,Rocky Chávez,R,17%,False,"February 10–13, 2018"
2018,California,CA,49,jungle,KGTV,2018-02-10 to 2018-02-13,2018-02-10,2018-02-13,510,5.4,Kristin Gaspar,R,7%,False,"February 10–13, 2018"
2018,California,CA,49,jungle,KGTV,2018-02-10 to 2018-02-13,2018-02-10,2018-02-13,510,5.4,Diane Harkey,R,10%,False,"February 10–13, 2018"
2018,California,CA,49,jungle,KGTV,2018-02-10 to 2018-02-13,2018-02-10,2018-02-13,510,5.4,Sara Jacobs,D,5%,False,"February 10–13, 2018"
2018,California,CA,49,jungle,KGTV,2018-02-10 to 2018-02-13,2018-02-10,2018-02-13,510,5.4,Paul Kerr,D,1%,False,"February 10–13, 2018"
2018,California,CA,49,jungle,KGTV,2018-02-10 to 2018-02-13,2018-02-10,2018-02-13,510,5.4,Mike Levin,D,8%,False,"February 10–13, 2018"
2018,California,CA,49,jungle,KGTV,2018-02-10 to 2018-02-13,2018-02-10,2018-02-13,510,5.4,Brian Maryott,R,2%,False,"February 10–13, 2018"
2018,California,CA,49,jungle,FM3 Research (D),2018-02-12 to 2018-02-15,2018-02-12,2018-02-15,750,3.6,Doug Applegate,D,21%,False,"February 12–15, 2018"
2018,California,CA,49,jungle,FM3 Research (D),2018-02-12 to 2018-02-15,2018-02-12,2018-02-15,400,3.6,Doug Applegate,D,16%,False,"February 12–15, 2018"
2018,California,CA,49,jungle,FM3 Research (D),2018-02-12 to 2018-02-15,2018-02-12,2018-02-15,400 LV,4.9,Doug Applegate,D,20%,False,"February 12–15, 2018"
2018,California,CA,49,jungle,FM3 Research (D),2018-02-12 to 2018-02-15,2018-02-12,2018-02-15,750,3.6,Rocky Chávez,R,15%,False,"February 12–15, 2018"
2018,California,CA,49,jungle,FM3 Research (D),2018-02-12 to 2018-02-15,2018-02-12,2018-02-15,400,3.6,Rocky Chávez,R,19%,False,"February 12–15, 2018"
2018,California,CA,49,jungle,FM3 Research (D),2018-02-12 to 2018-02-15,2018-02-12,2018-02-15,400 LV,4.9,Rocky Chávez,R,18%,False,"February 12–15, 2018"
2018,California,CA,49,jungle,FM3 Research (D),2018-02-12 to 2018-02-15,2018-02-12,2018-02-15,400 LV,4.9,Rocky Chávez,R,22%,False,"February 12–15, 2018"
2018,California,CA,49,jungle,FM3 Research (D),2018-02-12 to 2018-02-15,2018-02-12,2018-02-15,750,3.6,Kristin Gaspar,R,8%,False,"February 12–15, 2018"
2018,California,CA,49,jungle,FM3 Research (D),2018-02-12 to 2018-02-15,2018-02-12,2018-02-15,400,3.6,Kristin Gaspar,R,9%,False,"February 12–15, 2018"
2018,California,CA,49,jungle,FM3 Research (D),2018-02-12 to 2018-02-15,2018-02-12,2018-02-15,750,3.6,Diane Harkey,R,11%,False,"February 12–15, 2018"
2018,California,CA,49,jungle,FM3 Research (D),2018-02-12 to 2018-02-15,2018-02-12,2018-02-15,400,3.6,Diane Harkey,R,15%,False,"February 12–15, 2018"
2018,California,CA,49,jungle,FM3 Research (D),2018-02-12 to 2018-02-15,2018-02-12,2018-02-15,400 LV,4.9,Diane Harkey,R,17%,False,"February 12–15, 2018"
2018,California,CA,49,jungle,FM3 Research (D),2018-02-12 to 2018-02-15,2018-02-12,2018-02-15,400 LV,4.9,Diane Harkey,R,21%,False,"February 12–15, 2018"
2018,California,CA,49,jungle,FM3 Research (D),2018-02-12 to 2018-02-15,2018-02-12,2018-02-15,750,3.6,Sara Jacobs,D,5%,False,"February 12–15, 2018"
2018,California,CA,49,jungle,FM3 Research (D),2018-02-12 to 2018-02-15,2018-02-12,2018-02-15,400,3.6,Sara Jacobs,D,6%,False,"February 12–15, 2018"
2018,California,CA,49,jungle,FM3 Research (D),2018-02-12 to 2018-02-15,2018-02-12,2018-02-15,400 LV,4.9,Sara Jacobs,D,8%,False,"February 12–15, 2018"
2018,California,CA,49,jungle,FM3 Research (D),2018-02-12 to 2018-02-15,2018-02-12,2018-02-15,400 LV,4.9,Sara Jacobs,D,7%,False,"February 12–15, 2018"
2018,California,CA,49,jungle,FM3 Research (D),2018-02-12 to 2018-02-15,2018-02-12,2018-02-15,750,3.6,Paul Kerr,D,1%,False,"February 12–15, 2018"
2018,California,CA,49,jungle,FM3 Research (D),2018-02-12 to 2018-02-15,2018-02-12,2018-02-15,400,3.6,Paul Kerr,D,2%,False,"February 12–15, 2018"
2018,California,CA,49,jungle,FM3 Research (D),2018-02-12 to 2018-02-15,2018-02-12,2018-02-15,750,3.6,Mike Levin,D,13%,False,"February 12–15, 2018"
2018,California,CA,49,jungle,FM3 Research (D),2018-02-12 to 2018-02-15,2018-02-12,2018-02-15,400,3.6,Mike Levin,D,12%,False,"February 12–15, 2018"
2018,California,CA,49,jungle,FM3 Research (D),2018-02-12 to 2018-02-15,2018-02-12,2018-02-15,400 LV,4.9,Mike Levin,D,17%,False,"February 12–15, 2018"
2018,California,CA,49,jungle,Change Research (D),2018-03-04 to 2018-03-07,2018-03-04,2018-03-07,815,5.3,Doug Applegate,D,15%,False,"March 4–7, 2018"
2018,California,CA,49,jungle,Change Research (D),2018-03-04 to 2018-03-07,2018-03-04,2018-03-07,815,5.3,Rocky Chávez,R,23%,False,"March 4–7, 2018"
2018,California,CA,49,jungle,Change Research (D),2018-03-04 to 2018-03-07,2018-03-04,2018-03-07,815,5.3,Kristin Gaspar,R,5%,False,"March 4–7, 2018"
2018,California,CA,49,jungle,Change Research (D),2018-03-04 to 2018-03-07,2018-03-04,2018-03-07,815,5.3,Diane Harkey,R,16%,False,"March 4–7, 2018"
2018,California,CA,49,jungle,Change Research (D),2018-03-04 to 2018-03-07,2018-03-04,2018-03-07,815,5.3,Sara Jacobs,D,13%,False,"March 4–7, 2018"
2018,California,CA,49,jungle,Change Research (D),2018-03-04 to 2018-03-07,2018-03-04,2018-03-07,815,5.3,Paul Kerr,D,11%,False,"March 4–7, 2018"
2018,California,CA,49,jungle,Change Research (D),2018-03-04 to 2018-03-07,2018-03-04,2018-03-07,815,5.3,Mike Levin,D,17%,False,"March 4–7, 2018"
2018,California,CA,49,jungle,Change Research (D),2018-03-04 to 2018-03-07,2018-03-04,2018-03-07,815,5.3,Brian Maryott,R,1%,False,"March 4–7, 2018"
2018,California,CA,49,jungle,KGTV,2018-04-06 to 2018-04-10,2018-04-06,2018-04-10,535,5.3,Doug Applegate,D,12%,False,"April 6–10, 2018"
2018,California,CA,49,jungle,KGTV,2018-04-06 to 2018-04-10,2018-04-06,2018-04-10,535,5.3,Rocky Chávez,R,16%,False,"April 6–10, 2018"
2018,California,CA,49,jungle,KGTV,2018-04-06 to 2018-04-10,2018-04-06,2018-04-10,535,5.3,Kristin Gaspar,R,5%,False,"April 6–10, 2018"
2018,California,CA,49,jungle,KGTV,2018-04-06 to 2018-04-10,2018-04-06,2018-04-10,535,5.3,Diane Harkey,R,8%,False,"April 6–10, 2018"
2018,California,CA,49,jungle,KGTV,2018-04-06 to 2018-04-10,2018-04-06,2018-04-10,535,5.3,Sara Jacobs,D,7%,False,"April 6–10, 2018"
2018,California,CA,49,jungle,KGTV,2018-04-06 to 2018-04-10,2018-04-06,2018-04-10,535,5.3,Paul Kerr,D,8%,False,"April 6–10, 2018"
2018,California,CA,49,jungle,KGTV,2018-04-06 to 2018-04-10,2018-04-06,2018-04-10,535,5.3,Mike Levin,D,9%,False,"April 6–10, 2018"
2018,California,CA,49,jungle,KGTV,2018-04-06 to 2018-04-10,2018-04-06,2018-04-10,535,5.3,Brian Maryott,R,5%,False,"April 6–10, 2018"
2018,California,CA,49,jungle,FM3 Research (D),2018-04-26 to 2018-04-29,2018-04-26,2018-04-29,500,4.4,Doug Applegate,D,16%,False,"April 26–29, 2018"
2018,California,CA,49,jungle,FM3 Research (D),2018-04-26 to 2018-04-29,2018-04-26,2018-04-29,500,4.4,Rocky Chávez,R,10%,False,"April 26–29, 2018"
2018,California,CA,49,jungle,FM3 Research (D),2018-04-26 to 2018-04-29,2018-04-26,2018-04-29,500,4.4,Kristin Gaspar,R,9%,False,"April 26–29, 2018"
2018,California,CA,49,jungle,FM3 Research (D),2018-04-26 to 2018-04-29,2018-04-26,2018-04-29,500,4.4,Diane Harkey,R,14%,False,"April 26–29, 2018"
2018,California,CA,49,jungle,FM3 Research (D),2018-04-26 to 2018-04-29,2018-04-26,2018-04-29,500,4.4,Sara Jacobs,D,12%,False,"April 26–29, 2018"
2018,California,CA,49,jungle,FM3 Research (D),2018-04-26 to 2018-04-29,2018-04-26,2018-04-29,500,4.4,Paul Kerr,D,6%,False,"April 26–29, 2018"
2018,California,CA,49,jungle,FM3 Research (D),2018-04-26 to 2018-04-29,2018-04-26,2018-04-29,500,4.4,Mike Levin,D,11%,False,"April 26–29, 2018"
2018,California,CA,49,jungle,FM3 Research (D),2018-04-26 to 2018-04-29,2018-04-26,2018-04-29,500,4.4,Brian Maryott,R,4%,False,"April 26–29, 2018"
2018,California,CA,49,jungle,Benenson Strategy Group (D-Jacobs),2018-04-28 to 2018-05-02,2018-04-28,2018-05-02,901,3.3,Doug Applegate,D,13%,False,"April 28 – May 2, 2018"
2018,California,CA,49,jungle,Benenson Strategy Group (D-Jacobs),2018-04-28 to 2018-05-02,2018-04-28,2018-05-02,901,3.3,Rocky Chávez,R,14%,False,"April 28 – May 2, 2018"
2018,California,CA,49,jungle,Benenson Strategy Group (D-Jacobs),2018-04-28 to 2018-05-02,2018-04-28,2018-05-02,901,3.3,Kristin Gaspar,R,7%,False,"April 28 – May 2, 2018"
2018,California,CA,49,jungle,Benenson Strategy Group (D-Jacobs),2018-04-28 to 2018-05-02,2018-04-28,2018-05-02,901,3.3,Diane Harkey,R,14%,False,"April 28 – May 2, 2018"
2018,California,CA,49,jungle,Benenson Strategy Group (D-Jacobs),2018-04-28 to 2018-05-02,2018-04-28,2018-05-02,901,3.3,Sara Jacobs,D,11%,False,"April 28 – May 2, 2018"
2018,California,CA,49,jungle,Benenson Strategy Group (D-Jacobs),2018-04-28 to 2018-05-02,2018-04-28,2018-05-02,901,3.3,Paul Kerr,D,4%,False,"April 28 – May 2, 2018"
2018,California,CA,49,jungle,Benenson Strategy Group (D-Jacobs),2018-04-28 to 2018-05-02,2018-04-28,2018-05-02,901,3.3,Mike Levin,D,10%,False,"April 28 – May 2, 2018"
2018,California,CA,49,jungle,Benenson Strategy Group (D-Jacobs),2018-04-28 to 2018-05-02,2018-04-28,2018-05-02,901,3.3,Brian Maryott,R,6%,False,"April 28 – May 2, 2018"
2018,California,CA,49,jungle,Tulchin Research (D),2018-05-22 to 2018-05-24,2018-05-22,2018-05-24,500,4.4,Doug Applegate,D,12%,False,"May 22–24, 2018"
2018,California,CA,49,jungle,Tulchin Research (D),2018-05-22 to 2018-05-24,2018-05-22,2018-05-24,500,4.4,Rocky Chávez,R,11%,False,"May 22–24, 2018"
2018,California,CA,49,jungle,Tulchin Research (D),2018-05-22 to 2018-05-24,2018-05-22,2018-05-24,500,4.4,Kristin Gaspar,R,7%,False,"May 22–24, 2018"
2018,California,CA,49,jungle,Tulchin Research (D),2018-05-22 to 2018-05-24,2018-05-22,2018-05-24,500,4.4,Diane Harkey,R,15%,False,"May 22–24, 2018"
2018,California,CA,49,jungle,Tulchin Research (D),2018-05-22 to 2018-05-24,2018-05-22,2018-05-24,500,4.4,Sara Jacobs,D,11%,False,"May 22–24, 2018"
2018,California,CA,49,jungle,Tulchin Research (D),2018-05-22 to 2018-05-24,2018-05-22,2018-05-24,500,4.4,Paul Kerr,D,7%,False,"May 22–24, 2018"
2018,California,CA,49,jungle,Tulchin Research (D),2018-05-22 to 2018-05-24,2018-05-22,2018-05-24,500,4.4,Mike Levin,D,17%,False,"May 22–24, 2018"
2018,California,CA,49,jungle,Tulchin Research (D),2018-05-22 to 2018-05-24,2018-05-22,2018-05-24,500,4.4,Brian Maryott,R,6%,False,"May 22–24, 2018"
2018,California,CA,49,jungle,KGTV,2018-05-29 to 2018-05-31,2018-05-29,2018-05-31,612,4.7,Doug Applegate,D,11%,False,"May 29–31, 2018"
2018,California,CA,49,jungle,KGTV,2018-05-29 to 2018-05-31,2018-05-29,2018-05-31,612,4.7,Rocky Chávez,R,8%,False,"May 29–31, 2018"
2018,California,CA,49,jungle,KGTV,2018-05-29 to 2018-05-31,2018-05-29,2018-05-31,612,4.7,Kristin Gaspar,R,5%,False,"May 29–31, 2018"
2018,California,CA,49,jungle,KGTV,2018-05-29 to 2018-05-31,2018-05-29,2018-05-31,612,4.7,Diane Harkey,R,24%,False,"May 29–31, 2018"
2018,California,CA,49,jungle,KGTV,2018-05-29 to 2018-05-31,2018-05-29,2018-05-31,612,4.7,Sara Jacobs,D,11%,False,"May 29–31, 2018"
2018,California,CA,49,jungle,KGTV,2018-05-29 to 2018-05-31,2018-05-29,2018-05-31,612,4.7,Paul Kerr,D,8%,False,"May 29–31, 2018"
2018,California,CA,49,jungle,KGTV,2018-05-29 to 2018-05-31,2018-05-29,2018-05-31,612,4.7,Mike Levin,D,10%,False,"May 29–31, 2018"
2018,California,CA,49,jungle,KGTV,2018-05-29 to 2018-05-31,2018-05-29,2018-05-31,612,4.7,Brian Maryott,R,6%,False,"May 29–31, 2018"
2018,California,CA,50,jungle,KGTV,2018-05-15 to 2018-05-20,2018-05-15,2018-05-20,567,5.1,Josh Butner,D,5%,False,"May 15–20, 2018"
2018,California,CA,50,jungle,KGTV,2018-05-15 to 2018-05-20,2018-05-15,2018-05-20,567,5.1,Ammar Campa-Najjar,D,10%,False,"May 15–20, 2018"
2018,California,CA,50,jungle,KGTV,2018-05-15 to 2018-05-20,2018-05-15,2018-05-20,567,5.1,Duncan Hunter,R,43%,False,"May 15–20, 2018"
2018,California,CA,50,jungle,KGTV,2018-05-15 to 2018-05-20,2018-05-15,2018-05-20,567,5.1,Patrick Malloy,D,7%,False,"May 15–20, 2018"
2018,California,CA,50,jungle,KGTV,2018-05-15 to 2018-05-20,2018-05-15,2018-05-20,567,5.1,Bill Wells,R,6%,False,"May 15–20, 2018"
2018,Colorado,CO,5,Republican Primary,Magellan Strategies,2018-05-20 to 2018-05-21,2018-05-20,2018-05-21,519,4.3,Darryl Glenn,R,27%,False,"May 20–21, 2018"
2018,Colorado,CO,5,Republican Primary,Magellan Strategies,2018-05-20 to 2018-05-21,2018-05-20,2018-05-21,519,4.3,Owen Hill,R,10%,False,"May 20–21, 2018"
2018,Colorado,CO,5,Republican Primary,Magellan Strategies,2018-05-20 to 2018-05-21,2018-05-20,2018-05-21,519,4.3,Doug Lamborn,R,37%,False,"May 20–21, 2018"
2018,Colorado,CO,5,Republican Primary,Magellan Strategies,2018-05-20 to 2018-05-21,2018-05-20,2018-05-21,519,4.3,Bill Rhea,R,2%,False,"May 20–21, 2018"
2018,Colorado,CO,5,Republican Primary,Magellan Strategies,2018-05-20 to 2018-05-21,2018-05-20,2018-05-21,519,4.3,Tyler Stevens,R,3%,False,"May 20–21, 2018"
2018,Florida,FL,15,Republican Primary,St. Pete Polls,2018-05-25 to 2018-05-27,2018-05-25,2018-05-27,494,4.4,Neil Combee,R,23%,False,"May 25–27, 2018"
2018,Florida,FL,15,Republican Primary,St. Pete Polls,2018-05-25 to 2018-05-27,2018-05-25,2018-05-27,494,4.4,Sean Harper,R,4%,False,"May 25–27, 2018"
2018,Florida,FL,15,Republican Primary,St. Pete Polls,2018-05-25 to 2018-05-27,2018-05-25,2018-05-27,494,4.4,Danny Kushmer,R,4%,False,"May 25–27, 2018"
2018,Florida,FL,15,Republican Primary,St. Pete Polls,2018-05-25 to 2018-05-27,2018-05-25,2018-05-27,494,4.4,Ed Shoemaker,R,4%,False,"May 25–27, 2018"
2018,Florida,FL,15,Republican Primary,St. Pete Polls,2018-05-25 to 2018-05-27,2018-05-25,2018-05-27,494,4.4,Ross Spano,R,29%,False,"May 25–27, 2018"
2018,Florida,FL,15,Democratic Primary,GQR Research (D-Carlson),2018-06-14 to 2018-06-17,2018-06-14,2018-06-17,401,4.9,Kristen Carlson,D,25%,False,"June 14–17, 2018"
2018,Florida,FL,15,Democratic Primary,GQR Research (D-Carlson),2018-06-14 to 2018-06-17,2018-06-14,2018-06-17,401,4.9,Andrew Learned,D,14%,False,"June 14–17, 2018"
2018,Florida,FL,15,Democratic Primary,GQR Research (D-Carlson),2018-06-14 to 2018-06-17,2018-06-14,2018-06-17,401,4.9,Ray Peña,D,10%,False,"June 14–17, 2018"
2018,Florida,FL,15,Republican Primary,St. Pete Polls,2018-07-08,2018-07-08,2018-07-08,532,4.2,Neil Combee,R,20%,False,"July 8, 2018"
2018,Florida,FL,15,Republican Primary,St. Pete Polls,2018-07-08,2018-07-08,2018-07-08,532,4.2,Sean Harper,R,3%,False,"July 8, 2018"
2018,Florida,FL,15,Republican Primary,St. Pete Polls,2018-07-08,2018-07-08,2018-07-08,532,4.2,Danny Kushmer,R,2%,False,"July 8, 2018"
2018,Florida,FL,15,Republican Primary,St. Pete Polls,2018-07-08,2018-07-08,2018-07-08,532,4.2,Ed Shoemaker,R,4%,False,"July 8, 2018"
2018,Florida,FL,15,Republican Primary,St. Pete Polls,2018-07-08,2018-07-08,2018-07-08,532,4.2,Ross Spano,R,32%,False,"July 8, 2018"
2018,Florida,FL,15,Republican Primary,SurveyUSA,2018-07-25 to 2018-07-30,2018-07-25,2018-07-30,524,6.0,Neil Combee,R,20%,False,"July 25–30, 2018"
2018,Florida,FL,15,Republican Primary,SurveyUSA,2018-07-25 to 2018-07-30,2018-07-25,2018-07-30,524,6.0,Sean Harper,R,6%,False,"July 25–30, 2018"
2018,Florida,FL,15,Republican Primary,SurveyUSA,2018-07-25 to 2018-07-30,2018-07-25,2018-07-30,524,6.0,Danny Kushmer,R,7%,False,"July 25–30, 2018"
2018,Florida,FL,15,Republican Primary,SurveyUSA,2018-07-25 to 2018-07-30,2018-07-25,2018-07-30,524,6.0,Ed Shoemaker,R,7%,False,"July 25–30, 2018"
2018,Florida,FL,15,Republican Primary,SurveyUSA,2018-07-25 to 2018-07-30,2018-07-25,2018-07-30,524,6.0,Ross Spano,R,26%,False,"July 25–30, 2018"
2018,Florida,FL,15,Democratic Primary,SurveyUSA,2018-07-25 to 2018-07-30,2018-07-25,2018-07-30,535,6.1,Kristen Carlson,D,31%,False,"July 25–30, 2018"
2018,Florida,FL,15,Democratic Primary,SurveyUSA,2018-07-25 to 2018-07-30,2018-07-25,2018-07-30,535,6.1,Andrew Learned,D,12%,False,"July 25–30, 2018"
2018,Florida,FL,15,Democratic Primary,SurveyUSA,2018-07-25 to 2018-07-30,2018-07-25,2018-07-30,535,6.1,Ray Peña,D,12%,False,"July 25–30, 2018"
2018,Florida,FL,15,Republican Primary,Strategic Government Consulting,2018-08-07 to 2018-08-08,2018-08-07,2018-08-08,508,4.3,Neil Combee,R,31%,False,"August 7–8, 2018"
2018,Florida,FL,15,Republican Primary,Strategic Government Consulting,2018-08-07 to 2018-08-08,2018-08-07,2018-08-08,508,4.3,Sean Harper,R,4%,False,"August 7–8, 2018"
2018,Florida,FL,15,Republican Primary,Strategic Government Consulting,2018-08-07 to 2018-08-08,2018-08-07,2018-08-08,508,4.3,Danny Kushmer,R,3%,False,"August 7–8, 2018"
2018,Florida,FL,15,Republican Primary,Strategic Government Consulting,2018-08-07 to 2018-08-08,2018-08-07,2018-08-08,508,4.3,Ed Shoemaker,R,4%,False,"August 7–8, 2018"
2018,Florida,FL,15,Republican Primary,Strategic Government Consulting,2018-08-07 to 2018-08-08,2018-08-07,2018-08-08,508,4.3,Ross Spano,R,17%,False,"August 7–8, 2018"
2018,Florida,FL,15,Republican Primary,St. Pete Polls,2018-08-11 to 2018-08-12,2018-08-11,2018-08-12,360,5.2,Neil Combee,R,36%,False,"August 11–12, 2018"
2018,Florida,FL,15,Republican Primary,St. Pete Polls,2018-08-11 to 2018-08-12,2018-08-11,2018-08-12,360,5.2,Sean Harper,R,4%,False,"August 11–12, 2018"
2018,Florida,FL,15,Republican Primary,St. Pete Polls,2018-08-11 to 2018-08-12,2018-08-11,2018-08-12,360,5.2,Danny Kushmer,R,4%,False,"August 11–12, 2018"
2018,Florida,FL,15,Republican Primary,St. Pete Polls,2018-08-11 to 2018-08-12,2018-08-11,2018-08-12,360,5.2,Ed Shoemaker,R,5%,False,"August 11–12, 2018"
2018,Florida,FL,15,Republican Primary,St. Pete Polls,2018-08-11 to 2018-08-12,2018-08-11,2018-08-12,360,5.2,Ross Spano,R,30%,False,"August 11–12, 2018"
2018,Florida,FL,15,Republican Primary,St. Pete Polls,2018-08-24,2018-08-24,2018-08-24,404,4.9,Neil Combee,R,32%,False,"August 24, 2018"
2018,Florida,FL,15,Republican Primary,St. Pete Polls,2018-08-24,2018-08-24,2018-08-24,404,4.9,Sean Harper,R,6%,False,"August 24, 2018"
2018,Florida,FL,15,Republican Primary,St. Pete Polls,2018-08-24,2018-08-24,2018-08-24,404,4.9,Danny Kushmer,R,5%,False,"August 24, 2018"
2018,Florida,FL,15,Republican Primary,St. Pete Polls,2018-08-24,2018-08-24,2018-08-24,404,4.9,Ed Shoemaker,R,8%,False,"August 24, 2018"
2018,Florida,FL,15,Republican Primary,St. Pete Polls,2018-08-24,2018-08-24,2018-08-24,404,4.9,Ross Spano,R,30%,False,"August 24, 2018"
2018,Florida,FL,17,Republican Primary,WPA Intelligence (R-CFG),2018-08-08 to 2018-08-09,2018-08-08,2018-08-09,300,5.7,Bill Akins,R,5%,False,"August 8–9, 2018"
2018,Florida,FL,17,Republican Primary,WPA Intelligence (R-CFG),2018-08-08 to 2018-08-09,2018-08-08,2018-08-09,300,5.7,Julio Gonzalez,R,16%,False,"August 8–9, 2018"
2018,Florida,FL,17,Republican Primary,WPA Intelligence (R-CFG),2018-08-08 to 2018-08-09,2018-08-08,2018-08-09,300,5.7,Greg Steube,R,39%,False,"August 8–9, 2018"
2018,Florida,FL,2,Democratic Primary,Bold Blue Campaigns (D-Peters),2018-08-21 to 2018-08-23,2018-08-21,2018-08-23,407,,Brandon Peters,D,47%,False,"August 21–23, 2018"
2018,Florida,FL,2,Democratic Primary,Bold Blue Campaigns (D-Peters),2018-08-21 to 2018-08-23,2018-08-21,2018-08-23,407,,Bob Rackleff,D,36%,False,"August 21–23, 2018"
2018,Florida,FL,27,Democratic Primary,Bendixen & Amandi Research (D-Shalala),2018-06-02 to 2018-06-08,2018-06-02,2018-06-08,600,4.0,Matt Haggman,D,5%,False,"June 2–8, 2018"
2018,Florida,FL,27,Democratic Primary,Bendixen & Amandi Research (D-Shalala),2018-06-02 to 2018-06-08,2018-06-02,2018-06-08,600,4.0,Michael Hepburn,D,2%,False,"June 2–8, 2018"
2018,Florida,FL,27,Democratic Primary,Bendixen & Amandi Research (D-Shalala),2018-06-02 to 2018-06-08,2018-06-02,2018-06-08,600,4.0,David Richardson,D,16%,False,"June 2–8, 2018"
2018,Florida,FL,27,Democratic Primary,Bendixen & Amandi Research (D-Shalala),2018-06-02 to 2018-06-08,2018-06-02,2018-06-08,600,4.0,Kristen Rosen-Gonzalez,D,8%,False,"June 2–8, 2018"
2018,Florida,FL,27,Democratic Primary,Bendixen & Amandi Research (D-Shalala),2018-06-02 to 2018-06-08,2018-06-02,2018-06-08,600,4.0,Donna Shalala,D,43%,False,"June 2–8, 2018"
2018,Florida,FL,27,Republican Primary,Magellan Strategies (R-Barreiro),2018-06-11 to 2018-06-12,2018-06-11,2018-06-12,401,4.9,Bruno Barreiro,R,10%,False,"June 11–12, 2018"
2018,Florida,FL,27,Republican Primary,Magellan Strategies (R-Barreiro),2018-06-11 to 2018-06-12,2018-06-11,2018-06-12,401,4.9,Maria Elvira Salazar,R,24%,False,"June 11–12, 2018"
2018,Florida,FL,27,Republican Primary,McLaughlin & Associates (R-Salazar),2018-06-11 to 2018-06-14,2018-06-11,2018-06-14,400,4.9,Bruno Barreiro,R,16%,False,"June 11–14, 2018"
2018,Florida,FL,27,Republican Primary,McLaughlin & Associates (R-Salazar),2018-06-11 to 2018-06-14,2018-06-11,2018-06-14,400,4.9,Maria Elvira Salazar,R,38%,False,"June 11–14, 2018"
2018,Florida,FL,27,Republican Primary,Big Data Poll (Chirino),2018-06-22 to 2018-06-25,2018-06-22,2018-06-25,531,4.0,Bruno Barreiro,R,17%,False,"June 22–25, 2018"
2018,Florida,FL,27,Republican Primary,Big Data Poll (Chirino),2018-06-22 to 2018-06-25,2018-06-22,2018-06-25,531,4.0,Maria Elvira Salazar,R,27%,False,"June 22–25, 2018"
2018,Florida,FL,27,Democratic Primary,RABA Research (D-Haggman),2018-08-02 to 2018-08-05,2018-08-02,2018-08-05,433,4.7,Matt Haggman,D,16%,False,"August 2–5, 2018"
2018,Florida,FL,27,Democratic Primary,RABA Research (D-Haggman),2018-08-02 to 2018-08-05,2018-08-02,2018-08-05,433,4.7,Michael Hepburn,D,4%,False,"August 2–5, 2018"
2018,Florida,FL,27,Democratic Primary,RABA Research (D-Haggman),2018-08-02 to 2018-08-05,2018-08-02,2018-08-05,433,4.7,David Richardson,D,15%,False,"August 2–5, 2018"
2018,Florida,FL,27,Democratic Primary,RABA Research (D-Haggman),2018-08-02 to 2018-08-05,2018-08-02,2018-08-05,433,4.7,Kristen Rosen-Gonzalez,D,11%,False,"August 2–5, 2018"
2018,Florida,FL,27,Democratic Primary,RABA Research (D-Haggman),2018-08-02 to 2018-08-05,2018-08-02,2018-08-05,433,4.7,Donna Shalala,D,26%,False,"August 2–5, 2018"
2018,Florida,FL,27,Democratic Primary,Frederick Polls (D-Richardson),2018-08-06 to 2018-08-07,2018-08-06,2018-08-07,300,5.6,Matt Haggman,D,9%,False,"August 6–7, 2018"
2018,Florida,FL,27,Democratic Primary,Frederick Polls (D-Richardson),2018-08-06 to 2018-08-07,2018-08-06,2018-08-07,300,5.6,Michael Hepburn,D,4%,False,"August 6–7, 2018"
2018,Florida,FL,27,Democratic Primary,Frederick Polls (D-Richardson),2018-08-06 to 2018-08-07,2018-08-06,2018-08-07,300,5.6,David Richardson,D,20%,False,"August 6–7, 2018"
2018,Florida,FL,27,Democratic Primary,Frederick Polls (D-Richardson),2018-08-06 to 2018-08-07,2018-08-06,2018-08-07,300,5.6,Kristen Rosen-Gonzalez,D,7%,False,"August 6–7, 2018"
2018,Florida,FL,27,Democratic Primary,Frederick Polls (D-Richardson),2018-08-06 to 2018-08-07,2018-08-06,2018-08-07,300,5.6,Donna Shalala,D,32%,False,"August 6–7, 2018"
2018,Florida,FL,27,Democratic Primary,Bendixen & Amandi Research (D-Shalala),2018-08-10 to 2018-08-16,2018-08-10,2018-08-16,600,4.0,Matt Haggman,D,10%,False,"August 10–16, 2018"
2018,Florida,FL,27,Democratic Primary,Bendixen & Amandi Research (D-Shalala),2018-08-10 to 2018-08-16,2018-08-10,2018-08-16,600,4.0,Michael Hepburn,D,2%,False,"August 10–16, 2018"
2018,Florida,FL,27,Democratic Primary,Bendixen & Amandi Research (D-Shalala),2018-08-10 to 2018-08-16,2018-08-10,2018-08-16,600,4.0,David Richardson,D,18%,False,"August 10–16, 2018"
2018,Florida,FL,27,Democratic Primary,Bendixen & Amandi Research (D-Shalala),2018-08-10 to 2018-08-16,2018-08-10,2018-08-16,600,4.0,Kristen Rosen-Gonzalez,D,9%,False,"August 10–16, 2018"
2018,Florida,FL,27,Democratic Primary,Bendixen & Amandi Research (D-Shalala),2018-08-10 to 2018-08-16,2018-08-10,2018-08-16,600,4.0,Donna Shalala,D,36%,False,"August 10–16, 2018"
2018,Florida,FL,27,Republican Primary,McLaughlin & Associates (R-Salazar),2018-08-14 to 2018-08-16,2018-08-14,2018-08-16,300,5.7,Bruno Barreiro,R,16%,False,"August 14–16, 2018"
2018,Florida,FL,27,Republican Primary,McLaughlin & Associates (R-Salazar),2018-08-14 to 2018-08-16,2018-08-14,2018-08-16,300,5.7,Maria Elvira Salazar,R,40%,False,"August 14–16, 2018"
2018,Florida,FL,5,Democratic Primary,St. Pete Polls,2018-08-11 to 2018-08-12,2018-08-11,2018-08-12,445,4.6,Alvin Brown,D,27%,False,"August 11–12, 2018"
2018,Florida,FL,5,Democratic Primary,St. Pete Polls,2018-08-11 to 2018-08-12,2018-08-11,2018-08-12,445,4.6,Al Lawson,D,50%,False,"August 11–12, 2018"
2018,Florida,FL,5,Democratic Primary,University of North Florida,2018-08-17 to 2018-08-19,2018-08-17,2018-08-19,402,,Alvin Brown,D,29%,False,"August 17–19, 2018"
2018,Florida,FL,5,Democratic Primary,University of North Florida,2018-08-17 to 2018-08-19,2018-08-17,2018-08-19,402,,Al Lawson,D,48%,False,"August 17–19, 2018"
2018,Florida,FL,6,Republican Primary,St. Pete Polls,2018-07-18,2018-07-18,2018-07-18,477,4.5,Fred Costello,R,21%,False,"July 18, 2018"
2018,Florida,FL,6,Republican Primary,St. Pete Polls,2018-07-18,2018-07-18,2018-07-18,477,4.5,Mike Waltz,R,20%,False,"July 18, 2018"
2018,Florida,FL,6,Republican Primary,St. Pete Polls,2018-07-18,2018-07-18,2018-07-18,477,4.5,John Ward,R,21%,False,"July 18, 2018"
2018,Florida,FL,6,Democratic Primary,St. Pete Polls,2018-07-18,2018-07-18,2018-07-18,420,4.8,Stephen Sevigny,D,10%,False,"July 18, 2018"
2018,Florida,FL,6,Democratic Primary,St. Pete Polls,2018-07-18,2018-07-18,2018-07-18,420,4.8,Nancy Soderberg,D,30%,False,"July 18, 2018"
2018,Florida,FL,6,Democratic Primary,St. Pete Polls,2018-07-18,2018-07-18,2018-07-18,420,4.8,John Upchurch,D,13%,False,"July 18, 2018"
2018,Florida,FL,6,Republican Primary,St. Pete Polls,2018-08-10,2018-08-10,2018-08-10,528,4.3,Fred Costello,R,16%,False,"August 10, 2018"
2018,Florida,FL,6,Republican Primary,St. Pete Polls,2018-08-10,2018-08-10,2018-08-10,528,4.3,Mike Waltz,R,40%,False,"August 10, 2018"
2018,Florida,FL,6,Republican Primary,St. Pete Polls,2018-08-10,2018-08-10,2018-08-10,528,4.3,John Ward,R,21%,False,"August 10, 2018"
2018,Florida,FL,6,Democratic Primary,St. Pete Polls,2018-08-17,2018-08-17,2018-08-17,407,4.9,Stephen Sevigny,D,19%,False,"August 17, 2018"
2018,Florida,FL,6,Democratic Primary,St. Pete Polls,2018-08-17,2018-08-17,2018-08-17,407,4.9,Nancy Soderberg,D,50%,False,"August 17, 2018"
2018,Florida,FL,6,Democratic Primary,St. Pete Polls,2018-08-17,2018-08-17,2018-08-17,407,4.9,John Upchurch,D,12%,False,"August 17, 2018"
2018,Florida,FL,7,Republican Primary,St. Pete Polls,2018-08-20,2018-08-20,2018-08-20,321,5.5,Vennia Francois,R,8%,False,"August 20, 2018"
2018,Florida,FL,7,Republican Primary,St. Pete Polls,2018-08-20,2018-08-20,2018-08-20,321,5.5,Mike Miller,R,42%,False,"August 20, 2018"
2018,Florida,FL,7,Republican Primary,St. Pete Polls,2018-08-20,2018-08-20,2018-08-20,321,5.5,Scott Sturgill,R,26%,False,"August 20, 2018"
2018,Florida,FL,9,Democratic Primary,SurveyUSA,2018-08-02 to 2018-08-06,2018-08-02,2018-08-06,512,5.4,Alan Grayson,D,38%,False,"August 2–6, 2018"
2018,Florida,FL,9,Democratic Primary,SurveyUSA,2018-08-02 to 2018-08-06,2018-08-02,2018-08-06,512,5.4,Darren Soto,D,45%,False,"August 2–6, 2018"
2018,Hawaii,HI,1,Democratic Primary,Merriman River Group,2018-05-03 to 2018-05-05,2018-05-03,2018-05-05,321,5.5,Doug Chin,D,19%,False,"May 3–5, 2018"
2018,Hawaii,HI,1,Democratic Primary,Merriman River Group,2018-05-03 to 2018-05-05,2018-05-03,2018-05-05,321,5.5,Beth Fukumoto,D,11%,False,"May 3–5, 2018"
2018,Hawaii,HI,1,Democratic Primary,Merriman River Group,2018-05-03 to 2018-05-05,2018-05-03,2018-05-05,321,5.5,Kaniela Ing,D,8%,False,"May 3–5, 2018"
2018,Hawaii,HI,1,Democratic Primary,Merriman River Group,2018-05-03 to 2018-05-05,2018-05-03,2018-05-05,321,5.5,Ernie Martin,D,4%,False,"May 3–5, 2018"
2018,Hawaii,HI,1,Democratic Primary,Merriman River Group,2018-05-03 to 2018-05-05,2018-05-03,2018-05-05,321,5.5,Donna Mercado Kim,D,26%,False,"May 3–5, 2018"
2018,Hawaii,HI,1,Democratic Primary,Mason-Dixon,2018-07-06 to 2018-07-11,2018-07-06,2018-07-11,244,6.4,Ed Case,D,36%,False,"July 6–11, 2018"
2018,Hawaii,HI,1,Democratic Primary,Mason-Dixon,2018-07-06 to 2018-07-11,2018-07-06,2018-07-11,244,6.4,Doug Chin,D,27%,False,"July 6–11, 2018"
2018,Hawaii,HI,1,Democratic Primary,Mason-Dixon,2018-07-06 to 2018-07-11,2018-07-06,2018-07-11,244,6.4,Beth Fukumoto,D,1%,False,"July 6–11, 2018"
2018,Hawaii,HI,1,Democratic Primary,Mason-Dixon,2018-07-06 to 2018-07-11,2018-07-06,2018-07-11,244,6.4,Kaniela Ing,D,6%,False,"July 6–11, 2018"
2018,Hawaii,HI,1,Democratic Primary,Mason-Dixon,2018-07-06 to 2018-07-11,2018-07-06,2018-07-11,244,6.4,Ernie Martin,D,2%,False,"July 6–11, 2018"
2018,Hawaii,HI,1,Democratic Primary,Mason-Dixon,2018-07-06 to 2018-07-11,2018-07-06,2018-07-11,244,6.4,Donna Mercado Kim,D,14%,False,"July 6–11, 2018"
2018,Hawaii,HI,1,Democratic Primary,Merriman River Group,2018-07-19 to 2018-07-21,2018-07-19,2018-07-21,403,4.9,Ed Case,D,34%,False,"July 19–21, 2018"
2018,Hawaii,HI,1,Democratic Primary,Merriman River Group,2018-07-19 to 2018-07-21,2018-07-19,2018-07-21,403,4.9,Doug Chin,D,19%,False,"July 19–21, 2018"
2018,Hawaii,HI,1,Democratic Primary,Merriman River Group,2018-07-19 to 2018-07-21,2018-07-19,2018-07-21,403,4.9,Beth Fukumoto,D,5%,False,"July 19–21, 2018"
2018,Hawaii,HI,1,Democratic Primary,Merriman River Group,2018-07-19 to 2018-07-21,2018-07-19,2018-07-21,403,4.9,Kaniela Ing,D,6%,False,"July 19–21, 2018"
2018,Hawaii,HI,1,Democratic Primary,Merriman River Group,2018-07-19 to 2018-07-21,2018-07-19,2018-07-21,403,4.9,Ernie Martin,D,3%,False,"July 19–21, 2018"
2018,Hawaii,HI,1,Democratic Primary,Merriman River Group,2018-07-19 to 2018-07-21,2018-07-19,2018-07-21,403,4.9,Donna Mercado Kim,D,15%,False,"July 19–21, 2018"
2018,Hawaii,HI,2,Democratic Primary,Merriman River Group,2018-07-19 to 2018-07-21,2018-07-19,2018-07-21,468,4.5,Sherry Campagna,D,16%,False,"July 19–21, 2018"
2018,Hawaii,HI,2,Democratic Primary,Merriman River Group,2018-07-19 to 2018-07-21,2018-07-19,2018-07-21,468,4.5,Tulsi Gabbard,D,69%,False,"July 19–21, 2018"
2018,Illinois,IL,3,Democratic Primary,"Normington, Petts & Associates (D)",2017-10-16 to 2017-10-19,2017-10-16,2017-10-19,400,4.9,Dan Lipinski,D,49%,False,"October 16–19, 2017"
2018,Illinois,IL,3,Democratic Primary,"Normington, Petts & Associates (D)",2017-10-16 to 2017-10-19,2017-10-16,2017-10-19,400,4.9,Marie Newman,D,18%,False,"October 16–19, 2017"
2018,Illinois,IL,3,Democratic Primary,Public Policy Polling (D),2018-02-27 to 2018-02-28,2018-02-27,2018-02-28,648,3.9,Dan Lipinski,D,43%,False,"February 27–28, 2018"
2018,Illinois,IL,3,Democratic Primary,Public Policy Polling (D),2018-02-27 to 2018-02-28,2018-02-27,2018-02-28,648,3.9,Marie Newman,D,41%,False,"February 27–28, 2018"
2018,Illinois,IL,4,Democratic Primary,Public Policy Polling (D),2017-12-13 to 2017-12-14,2017-12-13,2017-12-14,412,4.8,"Jesus ""Chuy"" García",D,53%,False,"December 13–14, 2017"
2018,Illinois,IL,4,Democratic Primary,Public Policy Polling (D),2017-12-13 to 2017-12-14,2017-12-13,2017-12-14,412,4.8,Carlos Ramirez-Rosa,D,7%,False,"December 13–14, 2017"
2018,Illinois,IL,4,Democratic Primary,Garin Hart Yang Research Group (D),2018-01-18 to 2018-01-21,2018-01-18,2018-01-21,400,5.0,"Jesus ""Chuy"" García",D,59%,False,"January 18–21, 2018"
2018,Illinois,IL,4,Democratic Primary,Garin Hart Yang Research Group (D),2018-01-18 to 2018-01-21,2018-01-18,2018-01-21,400,5.0,Joe Moreno,D,8%,False,"January 18–21, 2018"
2018,Illinois,IL,4,Democratic Primary,Garin Hart Yang Research Group (D),2018-01-18 to 2018-01-21,2018-01-18,2018-01-21,400,5.0,Sol Flores,D,6%,False,"January 18–21, 2018"
2018,Iowa,IA,3,Democratic Primary,Selzer & Co.,2018-05-13 to 2018-05-16,2018-05-13,2018-05-16,400,4.9,Cindy Axne,D,26%,False,"May 13–16, 2018"
2018,Iowa,IA,3,Democratic Primary,Selzer & Co.,2018-05-13 to 2018-05-16,2018-05-13,2018-05-16,400,4.9,Pete D'Alessandro,D,11%,False,"May 13–16, 2018"
2018,Iowa,IA,3,Democratic Primary,Selzer & Co.,2018-05-13 to 2018-05-16,2018-05-13,2018-05-16,400,4.9,Eddie Mauro,D,27%,False,"May 13–16, 2018"
2018,Kansas,KS,3,Democratic Primary,Public Policy Polling (D),2018-08-02 to 2018-08-03,2018-08-02,2018-08-03,543,4.2,Sharice Davids,D,21%,False,"August 2–3, 2018"
2018,Kansas,KS,3,Democratic Primary,Public Policy Polling (D),2018-08-02 to 2018-08-03,2018-08-02,2018-08-03,543,4.2,Tom Niermann,D,15%,False,"August 2–3, 2018"
2018,Kansas,KS,3,Democratic Primary,Public Policy Polling (D),2018-08-02 to 2018-08-03,2018-08-02,2018-08-03,543,4.2,Brent Welder,D,35%,False,"August 2–3, 2018"
2018,Kentucky,KY,6,Democratic Primary,Mellman Group (D-Gray),2018-03-03 to 2018-03-06,2018-03-03,2018-03-06,400,4.9,Jim Gray,D,52%,False,"March 3–6, 2018"
2018,Kentucky,KY,6,Democratic Primary,Mellman Group (D-Gray),2018-03-03 to 2018-03-06,2018-03-03,2018-03-06,400,4.9,Amy McGrath,D,19%,False,"March 3–6, 2018"
2018,Kentucky,KY,6,Democratic Primary,Mellman Group (D-Gray),2018-03-03 to 2018-03-06,2018-03-03,2018-03-06,400,4.9,Reggie Thomas,D,6%,False,"March 3–6, 2018"
2018,Kentucky,KY,6,Democratic Primary,Garin Hart Yang (D-McGrath),2018-04-17 to 2018-04-19,2018-04-17,2018-04-19,400,5.0,Jim Gray,D,35%,False,"April 17–19, 2018"
2018,Kentucky,KY,6,Democratic Primary,Garin Hart Yang (D-McGrath),2018-04-17 to 2018-04-19,2018-04-17,2018-04-19,400,5.0,Amy McGrath,D,42%,False,"April 17–19, 2018"
2018,Kentucky,KY,6,Democratic Primary,Garin Hart Yang (D-McGrath),2018-04-17 to 2018-04-19,2018-04-17,2018-04-19,400,5.0,Reggie Thomas,D,6%,False,"April 17–19, 2018"
2018,Maine,ME,2,Democratic Primary,Global Strategy Group,2017-10-02 to 2017-10-05,2017-10-02,2017-10-05,300,5.7,Jared Golden,D,8%,False,"October 2–5, 2017"
2018,Maine,ME,2,Democratic Primary,Global Strategy Group,2017-10-02 to 2017-10-05,2017-10-02,2017-10-05,300,5.7,Lucas St. Clair,D,40%,False,"October 2–5, 2017"
2018,Massachusetts,MA,3,Democratic Primary,EMC Research,2018-03-14 to 2018-03-19,2018-03-14,2018-03-19,500,4.4,Rufus Gifford,D,5%,False,"March 14–19, 2018"
2018,Massachusetts,MA,3,Democratic Primary,EMC Research,2018-03-14 to 2018-03-19,2018-03-14,2018-03-19,500,4.4,Dan Koh,D,8%,False,"March 14–19, 2018"
2018,Massachusetts,MA,3,Democratic Primary,EMC Research,2018-03-14 to 2018-03-19,2018-03-14,2018-03-19,500,4.4,Barbara L'Italien,D,19%,False,"March 14–19, 2018"
2018,Massachusetts,MA,3,Democratic Primary,EMC Research,2018-03-14 to 2018-03-19,2018-03-14,2018-03-19,500,4.4,Juana Matias,D,4%,False,"March 14–19, 2018"
2018,Massachusetts,MA,3,Democratic Primary,EMC Research,2018-03-14 to 2018-03-19,2018-03-14,2018-03-19,500,4.4,Lori Trahan,D,5%,False,"March 14–19, 2018"
2018,Massachusetts,MA,3,Democratic Primary,UMASS Lowell,2018-04-11 to 2018-04-17,2018-04-11,2018-04-17,490,5.5,Alexandra Chandler,D,3%,False,"April 11–17, 2018"
2018,Massachusetts,MA,3,Democratic Primary,UMASS Lowell,2018-04-11 to 2018-04-17,2018-04-11,2018-04-17,490,5.5,Beej Das,D,0%,False,"April 11–17, 2018"
2018,Massachusetts,MA,3,Democratic Primary,UMASS Lowell,2018-04-11 to 2018-04-17,2018-04-11,2018-04-17,490,5.5,Rufus Gifford,D,11%,False,"April 11–17, 2018"
2018,Massachusetts,MA,3,Democratic Primary,UMASS Lowell,2018-04-11 to 2018-04-17,2018-04-11,2018-04-17,490,5.5,Dan Koh,D,4%,False,"April 11–17, 2018"
2018,Massachusetts,MA,3,Democratic Primary,UMASS Lowell,2018-04-11 to 2018-04-17,2018-04-11,2018-04-17,490,5.5,Barbara L'Italien,D,7%,False,"April 11–17, 2018"
2018,Massachusetts,MA,3,Democratic Primary,UMASS Lowell,2018-04-11 to 2018-04-17,2018-04-11,2018-04-17,490,5.5,Bopha Malone,D,2%,False,"April 11–17, 2018"
2018,Massachusetts,MA,3,Democratic Primary,UMASS Lowell,2018-04-11 to 2018-04-17,2018-04-11,2018-04-17,490,5.5,Juana Matias,D,4%,False,"April 11–17, 2018"
2018,Massachusetts,MA,3,Democratic Primary,UMASS Lowell,2018-04-11 to 2018-04-17,2018-04-11,2018-04-17,490,5.5,Lori Trahan,D,5%,False,"April 11–17, 2018"
2018,Massachusetts,MA,3,Democratic Primary,UMASS Lowell,2018-08-14 to 2018-08-21,2018-08-14,2018-08-21,553,5.2,Jeff Ballinger,D,2%,False,"August 14–21, 2018"
2018,Massachusetts,MA,3,Democratic Primary,UMASS Lowell,2018-08-14 to 2018-08-21,2018-08-14,2018-08-21,553,5.2,Alexandra Chandler,D,4%,False,"August 14–21, 2018"
2018,Massachusetts,MA,3,Democratic Primary,UMASS Lowell,2018-08-14 to 2018-08-21,2018-08-14,2018-08-21,553,5.2,Beej Das,D,2%,False,"August 14–21, 2018"
2018,Massachusetts,MA,3,Democratic Primary,UMASS Lowell,2018-08-14 to 2018-08-21,2018-08-14,2018-08-21,553,5.2,Rufus Gifford,D,13%,False,"August 14–21, 2018"
2018,Massachusetts,MA,3,Democratic Primary,UMASS Lowell,2018-08-14 to 2018-08-21,2018-08-14,2018-08-21,553,5.2,Leonard Golder,D,1%,False,"August 14–21, 2018"
2018,Massachusetts,MA,3,Democratic Primary,UMASS Lowell,2018-08-14 to 2018-08-21,2018-08-14,2018-08-21,553,5.2,Dan Koh,D,19%,False,"August 14–21, 2018"
2018,Massachusetts,MA,3,Democratic Primary,UMASS Lowell,2018-08-14 to 2018-08-21,2018-08-14,2018-08-21,553,5.2,Barbara L'Italien,D,13%,False,"August 14–21, 2018"
2018,Massachusetts,MA,3,Democratic Primary,UMASS Lowell,2018-08-14 to 2018-08-21,2018-08-14,2018-08-21,553,5.2,Bopha Malone,D,1%,False,"August 14–21, 2018"
2018,Massachusetts,MA,3,Democratic Primary,UMASS Lowell,2018-08-14 to 2018-08-21,2018-08-14,2018-08-21,553,5.2,Juana Matias,D,6%,False,"August 14–21, 2018"
2018,Massachusetts,MA,3,Democratic Primary,UMASS Lowell,2018-08-14 to 2018-08-21,2018-08-14,2018-08-21,553,5.2,Lori Trahan,D,8%,False,"August 14–21, 2018"
2018,Massachusetts,MA,7,Democratic Primary,WBUR,2018-02-09 to 2018-02-11,2018-02-09,2018-02-11,402,4.9,Mike Capuano,D,47%,False,"February 9–11, 2018"
2018,Massachusetts,MA,7,Democratic Primary,WBUR,2018-02-09 to 2018-02-11,2018-02-09,2018-02-11,402,4.9,Ayanna Pressley,D,35%,False,"February 9–11, 2018"
2018,Massachusetts,MA,7,Democratic Primary,Emerson College,2018-07-19 to 2018-07-21,2018-07-19,2018-07-21,400,5.2,Mike Capuano,D,38%,False,"July 19–21, 2018"
2018,Massachusetts,MA,7,Democratic Primary,Emerson College,2018-07-19 to 2018-07-21,2018-07-19,2018-07-21,400,5.2,Ayanna Pressley,D,29%,False,"July 19–21, 2018"
2018,Massachusetts,MA,7,Democratic Primary,WBUR,2018-07-27 to 2018-07-29,2018-07-27,2018-07-29,403,4.9,Mike Capuano,D,48%,False,"July 27–29, 2018"
2018,Massachusetts,MA,7,Democratic Primary,WBUR,2018-07-27 to 2018-07-29,2018-07-27,2018-07-29,403,4.9,Ayanna Pressley,D,35%,False,"July 27–29, 2018"
2018,Michigan,MI,11,Democratic Primary,Target-Insyght,2018-07-16 to 2018-07-18,2018-07-16,2018-07-18,500,4.5,Tim Greimel,D,14%,False,"July 16–18, 2018"
2018,Michigan,MI,11,Democratic Primary,Target-Insyght,2018-07-16 to 2018-07-18,2018-07-16,2018-07-18,500,4.5,Suneel Gupta,D,15%,False,"July 16–18, 2018"
2018,Michigan,MI,11,Democratic Primary,Target-Insyght,2018-07-16 to 2018-07-18,2018-07-16,2018-07-18,500,4.5,Fayrouz Saad,D,7%,False,"July 16–18, 2018"
2018,Michigan,MI,11,Democratic Primary,Target-Insyght,2018-07-16 to 2018-07-18,2018-07-16,2018-07-18,500,4.5,Haley Stevens,D,21%,False,"July 16–18, 2018"
2018,Michigan,MI,11,Republican Primary,EPIC-MRA,2018-07-23 to 2018-07-24,2018-07-23,2018-07-24,700,3.7,Kerry Bentivolio,R,7%,False,"July 23–24, 2018"
2018,Michigan,MI,11,Republican Primary,EPIC-MRA,2018-07-23 to 2018-07-24,2018-07-23,2018-07-24,700,3.7,Lena Epstein,R,26%,False,"July 23–24, 2018"
2018,Michigan,MI,11,Republican Primary,EPIC-MRA,2018-07-23 to 2018-07-24,2018-07-23,2018-07-24,700,3.7,Klint Kesto,R,12%,False,"July 23–24, 2018"
2018,Michigan,MI,11,Republican Primary,EPIC-MRA,2018-07-23 to 2018-07-24,2018-07-23,2018-07-24,700,3.7,Mike Kowall,R,8%,False,"July 23–24, 2018"
2018,Michigan,MI,11,Republican Primary,EPIC-MRA,2018-07-23 to 2018-07-24,2018-07-23,2018-07-24,700,3.7,Rocky Raczkowski,R,19%,False,"July 23–24, 2018"
2018,Michigan,MI,11,Democratic Primary,EPIC-MRA,2018-07-23 to 2018-07-24,2018-07-23,2018-07-24,700,3.7,Tim Greimel,D,21%,False,"July 23–24, 2018"
2018,Michigan,MI,11,Democratic Primary,EPIC-MRA,2018-07-23 to 2018-07-24,2018-07-23,2018-07-24,700,3.7,Suneel Gupta,D,14%,False,"July 23–24, 2018"
2018,Michigan,MI,11,Democratic Primary,EPIC-MRA,2018-07-23 to 2018-07-24,2018-07-23,2018-07-24,700,3.7,Fayrouz Saad,D,10%,False,"July 23–24, 2018"
2018,Michigan,MI,11,Democratic Primary,EPIC-MRA,2018-07-23 to 2018-07-24,2018-07-23,2018-07-24,700,3.7,Nancy Skinner,D,4%,False,"July 23–24, 2018"
2018,Michigan,MI,11,Democratic Primary,EPIC-MRA,2018-07-23 to 2018-07-24,2018-07-23,2018-07-24,700,3.7,Haley Stevens,D,17%,False,"July 23–24, 2018"
2018,Michigan,MI,11,Republican Primary,Mitchell Research (R),2018-07-30,2018-07-30,2018-07-30,305,5.7,Kerry Bentivolio,R,14%,False,"July 30, 2018"
2018,Michigan,MI,11,Republican Primary,Mitchell Research (R),2018-07-30,2018-07-30,2018-07-30,305,5.7,Lena Epstein,R,27%,False,"July 30, 2018"
2018,Michigan,MI,11,Republican Primary,Mitchell Research (R),2018-07-30,2018-07-30,2018-07-30,305,5.7,Klint Kesto,R,11%,False,"July 30, 2018"
2018,Michigan,MI,11,Republican Primary,Mitchell Research (R),2018-07-30,2018-07-30,2018-07-30,305,5.7,Mike Kowall,R,10%,False,"July 30, 2018"
2018,Michigan,MI,11,Republican Primary,Mitchell Research (R),2018-07-30,2018-07-30,2018-07-30,305,5.7,Rocky Raczkowski,R,18%,False,"July 30, 2018"
2018,Michigan,MI,13,Democratic Primary,Target-Insyght,2018-07-16 to 2018-07-18,2018-07-16,2018-07-18,600,4.0,Ian Conyers,D,8%,False,"July 16–18, 2018"
2018,Michigan,MI,13,Democratic Primary,Target-Insyght,2018-07-16 to 2018-07-18,2018-07-16,2018-07-18,600,4.0,Shanelle Jackson,D,4%,False,"July 16–18, 2018"
2018,Michigan,MI,13,Democratic Primary,Target-Insyght,2018-07-16 to 2018-07-18,2018-07-16,2018-07-18,600,4.0,Brenda Jones,D,21%,False,"July 16–18, 2018"
2018,Michigan,MI,13,Democratic Primary,Target-Insyght,2018-07-16 to 2018-07-18,2018-07-16,2018-07-18,600,4.0,Rashida Tlaib,D,19%,False,"July 16–18, 2018"
2018,Michigan,MI,13,Democratic Primary,Target-Insyght,2018-07-16 to 2018-07-18,2018-07-16,2018-07-18,600,4.0,Bill Wild,D,20%,False,"July 16–18, 2018"
2018,Michigan,MI,13,Democratic Primary,Target-Insyght,2018-07-16 to 2018-07-18,2018-07-16,2018-07-18,600,4.0,Coleman Young,D,14%,False,"July 16–18, 2018"
2018,Michigan,MI,13,Democratic Primary,EPIC-MRA,2018-07-25 to 2018-07-26,2018-07-25,2018-07-26,700,3.7,Ian Conyers,D,7%,False,"July 25–26, 2018"
2018,Michigan,MI,13,Democratic Primary,EPIC-MRA,2018-07-25 to 2018-07-26,2018-07-25,2018-07-26,700,3.7,Shanelle Jackson,D,5%,False,"July 25–26, 2018"
2018,Michigan,MI,13,Democratic Primary,EPIC-MRA,2018-07-25 to 2018-07-26,2018-07-25,2018-07-26,700,3.7,Brenda Jones,D,26%,False,"July 25–26, 2018"
2018,Michigan,MI,13,Democratic Primary,EPIC-MRA,2018-07-25 to 2018-07-26,2018-07-25,2018-07-26,700,3.7,Rashida Tlaib,D,22%,False,"July 25–26, 2018"
2018,Michigan,MI,13,Democratic Primary,EPIC-MRA,2018-07-25 to 2018-07-26,2018-07-25,2018-07-26,700,3.7,Bill Wild,D,20%,False,"July 25–26, 2018"
2018,Michigan,MI,13,Democratic Primary,EPIC-MRA,2018-07-25 to 2018-07-26,2018-07-25,2018-07-26,700,3.7,Coleman Young,D,9%,False,"July 25–26, 2018"
2018,Michigan,MI,9,Democratic Primary,GQR Research,2018-03-17 to 2018-03-19,2018-03-17,2018-03-19,400,4.9,Ellen Lipton,D,42%,False,"March 17–19, 2018"
2018,Michigan,MI,9,Democratic Primary,GQR Research,2018-03-17 to 2018-03-19,2018-03-17,2018-03-19,400,4.9,Steve Bieda,D,17%,False,"March 17–19, 2018"
2018,Michigan,MI,9,Democratic Primary,Lake Research Partners (D-Levin),2018-07-09 to 2018-07-12,2018-07-09,2018-07-12,400,4.9,Martin Brook,D,4%,False,"July 9–12, 2018"
2018,Michigan,MI,9,Democratic Primary,Lake Research Partners (D-Levin),2018-07-09 to 2018-07-12,2018-07-09,2018-07-12,400,4.9,Andy Levin,D,51%,False,"July 9–12, 2018"
2018,Michigan,MI,9,Democratic Primary,Lake Research Partners (D-Levin),2018-07-09 to 2018-07-12,2018-07-09,2018-07-12,400,4.9,Ellen Lipton,D,12%,False,"July 9–12, 2018"
2018,Michigan,MI,9,Democratic Primary,EPIC-MRA,2018-07-25 to 2018-07-26,2018-07-25,2018-07-26,730,3.7,Martin Brook,D,4%,False,"July 25–26, 2018"
2018,Michigan,MI,9,Democratic Primary,EPIC-MRA,2018-07-25 to 2018-07-26,2018-07-25,2018-07-26,730,3.7,Andy Levin,D,55%,False,"July 25–26, 2018"
2018,Michigan,MI,9,Democratic Primary,EPIC-MRA,2018-07-25 to 2018-07-26,2018-07-25,2018-07-26,730,3.7,Ellen Lipton,D,31%,False,"July 25–26, 2018"
2018,Minnesota,MN,1,Republican Primary,Harper Polling (R–Hagedorn),2018-02-19 to 2018-02-20,2018-02-19,2018-02-20,412 (LV),4.8,Jim Hagedorn,R,54%,False,"February 19–20, 2018"
2018,Minnesota,MN,1,Republican Primary,Harper Polling (R–Hagedorn),2018-02-19 to 2018-02-20,2018-02-19,2018-02-20,412 (LV),4.8,Carla Nelson,R,21%,False,"February 19–20, 2018"
2018,New Mexico,NM,1,Democratic Primary,Public Policy Polling (D),2018-04-13 to 2018-04-15,2018-04-13,2018-04-15,508,4.4,Pat Davis,D,11%,False,"April 13–15, 2018"
2018,New Mexico,NM,1,Democratic Primary,Public Policy Polling (D),2018-04-13 to 2018-04-15,2018-04-13,2018-04-15,508,4.4,Deb Haaland,D,15%,False,"April 13–15, 2018"
2018,New Mexico,NM,1,Democratic Primary,Public Policy Polling (D),2018-04-13 to 2018-04-15,2018-04-13,2018-04-15,508,4.4,Damon Martinez,D,7%,False,"April 13–15, 2018"
2018,New Mexico,NM,1,Democratic Primary,Public Policy Polling (D),2018-04-13 to 2018-04-15,2018-04-13,2018-04-15,508,4.4,Antoinette Sedillo-Lopez,D,15%,False,"April 13–15, 2018"
2018,New Mexico,NM,1,Democratic Primary,Lake Research Partners (D),2018-05-13 to 2018-05-14,2018-05-13,2018-05-14,390,5.0,Deb Haaland,D,20%,False,"May 13–14, 2018"
2018,New Mexico,NM,1,Democratic Primary,Lake Research Partners (D),2018-05-13 to 2018-05-14,2018-05-13,2018-05-14,390,5.0,Damon Martinez,D,23%,False,"May 13–14, 2018"
2018,New Mexico,NM,1,Democratic Primary,Lake Research Partners (D),2018-05-13 to 2018-05-14,2018-05-13,2018-05-14,390,5.0,Antoinette Sedillo-Lopez,D,25%,False,"May 13–14, 2018"
2018,New Mexico,NM,1,Democratic Primary,Albuquerque Journal,2018-05-20 to 2018-05-24,2018-05-20,2018-05-24,395,4.9,Pat Davis,D,5%,False,"May 20–24, 2018"
2018,New Mexico,NM,1,Democratic Primary,Albuquerque Journal,2018-05-20 to 2018-05-24,2018-05-20,2018-05-24,395,4.9,Deb Haaland,D,19%,False,"May 20–24, 2018"
2018,New Mexico,NM,1,Democratic Primary,Albuquerque Journal,2018-05-20 to 2018-05-24,2018-05-20,2018-05-24,395,4.9,Damian Lara,D,4%,False,"May 20–24, 2018"
2018,New Mexico,NM,1,Democratic Primary,Albuquerque Journal,2018-05-20 to 2018-05-24,2018-05-20,2018-05-24,395,4.9,Damon Martinez,D,22%,False,"May 20–24, 2018"
2018,New Mexico,NM,1,Democratic Primary,Albuquerque Journal,2018-05-20 to 2018-05-24,2018-05-20,2018-05-24,395,4.9,Paul Moya,D,3%,False,"May 20–24, 2018"
2018,New Mexico,NM,1,Democratic Primary,Albuquerque Journal,2018-05-20 to 2018-05-24,2018-05-20,2018-05-24,395,4.9,Antoinette Sedillo-Lopez,D,17%,False,"May 20–24, 2018"
2018,New York,NY,11,Republican Primary,Siena College,2018-05-29 to 2018-06-03,2018-05-29,2018-06-03,513,4.3,Dan Donovan,R,37%,False,"May 29–June 3, 2018"
2018,New York,NY,11,Republican Primary,Siena College,2018-05-29 to 2018-06-03,2018-05-29,2018-06-03,513,4.3,Michael Grimm,R,47%,False,"May 29–June 3, 2018"
2018,New York,NY,11,Republican Primary,Remington Research (R),2018-06-20 to 2018-06-21,2018-06-20,2018-06-21,703,3.7,Dan Donovan,R,47%,False,"June 20–21, 2018"
2018,New York,NY,11,Republican Primary,Remington Research (R),2018-06-20 to 2018-06-21,2018-06-20,2018-06-21,703,3.7,Michael Grimm,R,40%,False,"June 20–21, 2018"
2018,New York,NY,19,Democratic Primary,Change Research (D-Collier),2018-06-16 to 2018-06-17,2018-06-16,2018-06-17,319,,Jeff Beals,D,9%,False,"June 16–17, 2018"
2018,New York,NY,19,Democratic Primary,Change Research (D-Collier),2018-06-16 to 2018-06-17,2018-06-16,2018-06-17,319,,Dave Clegg,D,5%,False,"June 16–17, 2018"
2018,New York,NY,19,Democratic Primary,Change Research (D-Collier),2018-06-16 to 2018-06-17,2018-06-16,2018-06-17,319,,Erin Collier,D,5%,False,"June 16–17, 2018"
2018,New York,NY,19,Democratic Primary,Change Research (D-Collier),2018-06-16 to 2018-06-17,2018-06-16,2018-06-17,319,,Antonio Delgado,D,21%,False,"June 16–17, 2018"
2018,New York,NY,19,Democratic Primary,Change Research (D-Collier),2018-06-16 to 2018-06-17,2018-06-16,2018-06-17,319,,Brian Flynn,D,14%,False,"June 16–17, 2018"
2018,New York,NY,19,Democratic Primary,Change Research (D-Collier),2018-06-16 to 2018-06-17,2018-06-16,2018-06-17,319,,Gareth Rhodes,D,4%,False,"June 16–17, 2018"
2018,New York,NY,19,Democratic Primary,Change Research (D-Collier),2018-06-16 to 2018-06-17,2018-06-16,2018-06-17,319,,Pat Ryan,D,14%,False,"June 16–17, 2018"
2018,New York,NY,24,Democratic Primary,Siena College,2018-06-10 to 2018-06-12,2018-06-10,2018-06-12,513,4.5,Dana Balter,D,32%,False,"June 10–12, 2018"
2018,New York,NY,24,Democratic Primary,Siena College,2018-06-10 to 2018-06-12,2018-06-10,2018-06-12,513,4.5,Juanita Perez Williams,D,45%,False,"June 10–12, 2018"
2018,North Dakota,ND,AL,Republican Primary,Gravis Marketing,2018-02-21 to 2018-02-24,2018-02-21,2018-02-24,385,5.0,Tiffany Abentroth,R,1%,False,"February 21–24, 2018"
2018,North Dakota,ND,AL,Republican Primary,Gravis Marketing,2018-02-21 to 2018-02-24,2018-02-21,2018-02-24,385,5.0,Kelly Armstrong,R,13%,False,"February 21–24, 2018"
2018,North Dakota,ND,AL,Republican Primary,Gravis Marketing,2018-02-21 to 2018-02-24,2018-02-21,2018-02-24,385,5.0,Tom Campbell,R,28%,False,"February 21–24, 2018"
2018,North Dakota,ND,AL,Republican Primary,Gravis Marketing,2018-02-21 to 2018-02-24,2018-02-21,2018-02-24,385,5.0,Julie Fedorchak,R,9%,False,"February 21–24, 2018"
2018,North Dakota,ND,AL,Republican Primary,Gravis Marketing,2018-02-21 to 2018-02-24,2018-02-21,2018-02-24,385,5.0,DuWayne Hendrickson,R,1%,False,"February 21–24, 2018"
2018,Oklahoma,OK,1,Republican Primary,SoonerPoll,2018-07-24 to 2018-07-29,2018-07-24,2018-07-29,811,3.4,Tim Harris,R,38%,False,"July 24–29, 2018"
2018,Oklahoma,OK,1,Republican Primary,SoonerPoll,2018-07-24 to 2018-07-29,2018-07-24,2018-07-29,811,3.4,Kevin Hern,R,26%,False,"July 24–29, 2018"
2018,Pennsylvania,PA,5,Democratic Primary,Independence Communications and Consulting,2018-04,2018-04-01,2018-04-30,858,3.3,Rich Lazer,D,7%,False,April 2018
2018,Pennsylvania,PA,5,Democratic Primary,Independence Communications and Consulting,2018-04,2018-04-01,2018-04-30,858,3.3,Lindy Li,D,12%,False,April 2018
2018,Pennsylvania,PA,5,Democratic Primary,Independence Communications and Consulting,2018-04,2018-04-01,2018-04-30,858,3.3,Ashley Lunkenheimer,D,10%,False,April 2018
2018,Pennsylvania,PA,5,Democratic Primary,Independence Communications and Consulting,2018-04,2018-04-01,2018-04-30,858,3.3,Mary Gay Scanlon,D,17%,False,April 2018
2018,Pennsylvania,PA,5,Democratic Primary,Independence Communications and Consulting,2018-04,2018-04-01,2018-04-30,858,3.3,Molly Sheehan,D,7%,False,April 2018
2018,Pennsylvania,PA,5,Democratic Primary,Independence Communications and Consulting,2018-04,2018-04-01,2018-04-30,858,3.3,Greg Vitali,D,13%,False,April 2018
2018,Pennsylvania,PA,5,Democratic Primary,Public Policy Polling (D-Vitali),2018-04-23 to 2018-04-24,2018-04-23,2018-04-24,562,,Margo Davidson,D,5%,False,"April 23–24, 2018"
2018,Pennsylvania,PA,5,Democratic Primary,Public Policy Polling (D-Vitali),2018-04-23 to 2018-04-24,2018-04-23,2018-04-24,562,,Thaddeus Kirkland,D,4%,False,"April 23–24, 2018"
2018,Pennsylvania,PA,5,Democratic Primary,Public Policy Polling (D-Vitali),2018-04-23 to 2018-04-24,2018-04-23,2018-04-24,562,,Rich Lazer,D,5%,False,"April 23–24, 2018"
2018,Pennsylvania,PA,5,Democratic Primary,Public Policy Polling (D-Vitali),2018-04-23 to 2018-04-24,2018-04-23,2018-04-24,562,,Ashley Lunkenheimer,D,6%,False,"April 23–24, 2018"
2018,Pennsylvania,PA,5,Democratic Primary,Public Policy Polling (D-Vitali),2018-04-23 to 2018-04-24,2018-04-23,2018-04-24,562,,Mary Gay Scanlon,D,18%,False,"April 23–24, 2018"
2018,Pennsylvania,PA,5,Democratic Primary,Public Policy Polling (D-Vitali),2018-04-23 to 2018-04-24,2018-04-23,2018-04-24,562,,Molly Sheehan,D,6%,False,"April 23–24, 2018"
2018,Pennsylvania,PA,5,Democratic Primary,Public Policy Polling (D-Vitali),2018-04-23 to 2018-04-24,2018-04-23,2018-04-24,562,,Greg Vitali,D,17%,False,"April 23–24, 2018"
2018,Pennsylvania,PA,5,Democratic Primary,Public Policy Polling (D-Vitali),2018-04-23 to 2018-04-24,2018-04-23,2018-04-24,562,,Theresa Wright,D,8%,False,"April 23–24, 2018"
2018,Pennsylvania,PA,5,Democratic Primary,Chism Strategies Advocacy & Elections,2018-05,2018-05-01,2018-05-31,638,3.8,Rich Lazer,D,7%,False,May 2018
2018,Pennsylvania,PA,5,Democratic Primary,Chism Strategies Advocacy & Elections,2018-05,2018-05-01,2018-05-31,638,3.8,Ashley Lunkenheimer,D,11%,False,May 2018
2018,Pennsylvania,PA,5,Democratic Primary,Chism Strategies Advocacy & Elections,2018-05,2018-05-01,2018-05-31,638,3.8,Mary Gay Scanlon,D,22%,False,May 2018
2018,Pennsylvania,PA,5,Democratic Primary,Chism Strategies Advocacy & Elections,2018-05,2018-05-01,2018-05-31,638,3.8,Greg Vitali,D,17%,False,May 2018
2018,South Carolina,SC,1,Republican Primary,Palmetto Politics,2018-05-13 to 2018-05-14,2018-05-13,2018-05-14,315,4.5,Katie Arrington,R,39%,False,"May 13–14, 2018"
2018,South Carolina,SC,1,Republican Primary,Palmetto Politics,2018-05-13 to 2018-05-14,2018-05-13,2018-05-14,315,4.5,Mark Sanford,R,40%,False,"May 13–14, 2018"
2018,South Dakota,SD,AL,Republican Primary,Mason-Dixon,2018-05-21 to 2018-05-23,2018-05-21,2018-05-23,625,4.5,Dusty Johnson,R,41%,False,"May 21–23, 2018"
2018,South Dakota,SD,AL,Republican Primary,Mason-Dixon,2018-05-21 to 2018-05-23,2018-05-21,2018-05-23,625,4.5,Shantel Krebs,R,23%,False,"May 21–23, 2018"
2018,South Dakota,SD,AL,Republican Primary,Mason-Dixon,2018-05-21 to 2018-05-23,2018-05-21,2018-05-23,625,4.5,Neal Tapio,R,13%,False,"May 21–23, 2018"
2018,Utah,UT,3,Republican Primary,University of Utah,2018-06-11 to 2018-06-18,2018-06-11,2018-06-18,183,7.2,John Curtis,R,57%,False,"June 11–18, 2018"
2018,Utah,UT,3,Republican Primary,University of Utah,2018-06-11 to 2018-06-18,2018-06-11,2018-06-18,183,7.2,Chris Herrod,R,21%,False,"June 11–18, 2018"
2018,Wisconsin,WI,1,Democratic Primary,Remington (R-CLF),2018-07-08 to 2018-07-09,2018-07-08,2018-07-09,"1,020",3.1,Randy Bryce,D,33%,False,"July 8–9, 2018"
2018,Wisconsin,WI,1,Democratic Primary,Remington (R-CLF),2018-07-08 to 2018-07-09,2018-07-08,2018-07-09,"1,020",3.1,Cathy Myers,D,34%,False,"July 8–9, 2018"
2019,North Carolina,NC,9,Republican Primary,WPA Intelligence (R),2019-04-09,2019-04-09,2019-04-09,,,Dan Bishop,R,22%,False,"~April 9, 2019"
2019,North Carolina,NC,9,Republican Primary,WPA Intelligence (R),2019-04-09,2019-04-09,2019-04-09,,,Leigh Brown,R,1%,False,"~April 9, 2019"
2019,North Carolina,NC,9,Republican Primary,WPA Intelligence (R),2019-04-09,2019-04-09,2019-04-09,,,Matthew Ridenhour,R,6%,False,"~April 9, 2019"
2019,North Carolina,NC,9,Republican Primary,WPA Intelligence (R),2019-04-09,2019-04-09,2019-04-09,,,Stevie Rivenbark,R,2%,False,"~April 9, 2019"
2019,North Carolina,NC,9,Republican Primary,WPA Intelligence (R),2019-04-09,2019-04-09,2019-04-09,,,Stony Rushing,R,18%,False,"~April 9, 2019"
2019,North Carolina,NC,9,Republican Primary,WPA Intelligence (R),2019-04-09,2019-04-09,2019-04-09,,,Fern Shubert,R,2%,False,"~April 9, 2019"
2019,North Carolina,NC,9,Republican Primary,Meeting Street Research (R),2019-04-22 to 2019-04-23,2019-04-22,2019-04-23,400,,Dan Bishop,R,36%,False,"April 22–23, 2019"
2019,North Carolina,NC,9,Republican Primary,Meeting Street Research (R),2019-04-22 to 2019-04-23,2019-04-22,2019-04-23,400,,Leigh Brown,R,3%,False,"April 22–23, 2019"
2019,North Carolina,NC,9,Republican Primary,Meeting Street Research (R),2019-04-22 to 2019-04-23,2019-04-22,2019-04-23,400,,Matthew Ridenhour,R,13%,False,"April 22–23, 2019"
2019,North Carolina,NC,9,Republican Primary,Meeting Street Research (R),2019-04-22 to 2019-04-23,2019-04-22,2019-04-23,400,,Stony Rushing,R,18%,False,"April 22–23, 2019"
2019,North Carolina,NC,9,Republican Primary,Public Policy Polling,2019-04-29 to 2019-04-30,2019-04-29,2019-04-30,592,5.1,Chris Anglin,R,3%,False,"April 29–30, 2019"
2019,North Carolina,NC,9,Republican Primary,Public Policy Polling,2019-04-29 to 2019-04-30,2019-04-29,2019-04-30,592,5.1,Dan Bishop,R,31%,False,"April 29–30, 2019"
2019,North Carolina,NC,9,Republican Primary,WPA Intelligence (R),2019-04-29 to 2019-04-30,2019-04-29,2019-04-30,409,4.9,Dan Bishop,R,30%,False,"April 29–30, 2019"
2019,North Carolina,NC,9,Republican Primary,Public Policy Polling,2019-04-29 to 2019-04-30,2019-04-29,2019-04-30,592,5.1,Leigh Brown,R,6%,False,"April 29–30, 2019"
2019,North Carolina,NC,9,Republican Primary,WPA Intelligence (R),2019-04-29 to 2019-04-30,2019-04-29,2019-04-30,409,4.9,Leigh Brown,R,5%,False,"April 29–30, 2019"
2019,North Carolina,NC,9,Republican Primary,Public Policy Polling,2019-04-29 to 2019-04-30,2019-04-29,2019-04-30,592,5.1,Kathie Day,R,5%,False,"April 29–30, 2019"
2019,North Carolina,NC,9,Republican Primary,Public Policy Polling,2019-04-29 to 2019-04-30,2019-04-29,2019-04-30,592,5.1,Gary Dunn,R,1%,False,"April 29–30, 2019"
2019,North Carolina,NC,9,Republican Primary,Public Policy Polling,2019-04-29 to 2019-04-30,2019-04-29,2019-04-30,592,5.1,Matthew Ridenhour,R,9%,False,"April 29–30, 2019"
2019,North Carolina,NC,9,Republican Primary,WPA Intelligence (R),2019-04-29 to 2019-04-30,2019-04-29,2019-04-30,409,4.9,Matthew Ridenhour,R,6%,False,"April 29–30, 2019"
2019,North Carolina,NC,9,Republican Primary,Public Policy Polling,2019-04-29 to 2019-04-30,2019-04-29,2019-04-30,592,5.1,Stevie Rivenbark,R,2%,False,"April 29–30, 2019"
2019,North Carolina,NC,9,Republican Primary,WPA Intelligence (R),2019-04-29 to 2019-04-30,2019-04-29,2019-04-30,409,4.9,Stevie Rivenbark,R,1%,False,"April 29–30, 2019"
2019,North Carolina,NC,9,Republican Primary,Public Policy Polling,2019-04-29 to 2019-04-30,2019-04-29,2019-04-30,592,5.1,Stony Rushing,R,17%,False,"April 29–30, 2019"
2019,North Carolina,NC,9,Republican Primary,WPA Intelligence (R),2019-04-29 to 2019-04-30,2019-04-29,2019-04-30,409,4.9,Stony Rushing,R,19%,False,"April 29–30, 2019"
2019,North Carolina,NC,9,Republican Primary,Public Policy Polling,2019-04-29 to 2019-04-30,2019-04-29,2019-04-30,592,5.1,Fern Shubert,R,4%,False,"April 29–30, 2019"
2019,North Carolina,NC,9,Republican Primary,WPA Intelligence (R),2019-04-29 to 2019-04-30,2019-04-29,2019-04-30,409,4.9,Fern Shubert,R,2%,False,"April 29–30, 2019"
2020,Alabama,AL,1,Republican Primary,WPA Intelligence,2019-07-23 to 2019-07-24,2019-07-23,2019-07-24,400 (LV),4.9,Jerry Carl,R,12%,False,"July 23–24, 2019"
2020,Alabama,AL,1,Republican Primary,WPA Intelligence,2019-07-23 to 2019-07-24,2019-07-23,2019-07-24,400 (LV),4.9,Bill Hightower,R,34%,False,"July 23–24, 2019"
2020,Alabama,AL,1,Republican Primary,WPA Intelligence,2019-07-23 to 2019-07-24,2019-07-23,2019-07-24,400 (LV),4.9,Wes Lambert,R,2%,False,"July 23–24, 2019"
2020,Alabama,AL,1,Republican Primary,WPA Intelligence,2019-07-23 to 2019-07-24,2019-07-23,2019-07-24,400 (LV),4.9,Chris Pringle,R,16%,False,"July 23–24, 2019"
2020,Alabama,AL,1,Republican Primary,Public Opinion Strategies,2019-08,2019-08-01,2019-08-31,,,Jerry Carl,R,13%,False,"August, 2019"
2020,Alabama,AL,1,Republican Primary,Public Opinion Strategies,2019-08,2019-08-01,2019-08-31,,,Bill Hightower,R,27%,False,"August, 2019"
2020,Alabama,AL,1,Republican Primary,Public Opinion Strategies,2019-08,2019-08-01,2019-08-31,,,Wes Lambert,R,2%,False,"August, 2019"
2020,Alabama,AL,1,Republican Primary,Public Opinion Strategies,2019-08,2019-08-01,2019-08-31,,,Chris Pringle,R,14%,False,"August, 2019"
2020,Alabama,AL,1,Republican Primary,Public Opinion Strategies,2019-11-18 to 2019-11-19,2019-11-18,2019-11-19,300 (V),5.66,John Castorani,R,0%,False,"November 18–19, 2019"
2020,Alabama,AL,1,Republican Primary,Public Opinion Strategies,2019-11-18 to 2019-11-19,2019-11-18,2019-11-19,300 (V),5.66,Jerry Carl,R,20%,False,"November 18–19, 2019"
2020,Alabama,AL,1,Republican Primary,Public Opinion Strategies,2019-11-18 to 2019-11-19,2019-11-18,2019-11-19,300 (V),5.66,Bill Hightower,R,29%,False,"November 18–19, 2019"
2020,Alabama,AL,1,Republican Primary,Public Opinion Strategies,2019-11-18 to 2019-11-19,2019-11-18,2019-11-19,300 (V),5.66,Wes Lambert,R,2%,False,"November 18–19, 2019"
2020,Alabama,AL,1,Republican Primary,Public Opinion Strategies,2019-11-18 to 2019-11-19,2019-11-18,2019-11-19,300 (V),5.66,Chris Pringle,R,14%,False,"November 18–19, 2019"
2020,Alabama,AL,1,Republican Primary,WPA Intelligence,2019-11-19 to 2019-11-21,2019-11-19,2019-11-21,413 (LV),4.9,John Castorani,R,1%,False,"November 19–21, 2019"
2020,Alabama,AL,1,Republican Primary,WPA Intelligence,2019-11-19 to 2019-11-21,2019-11-19,2019-11-21,413 (LV),4.9,Jerry Carl,R,13%,False,"November 19–21, 2019"
2020,Alabama,AL,1,Republican Primary,WPA Intelligence,2019-11-19 to 2019-11-21,2019-11-19,2019-11-21,413 (LV),4.9,Bill Hightower,R,35%,False,"November 19–21, 2019"
2020,Alabama,AL,1,Republican Primary,WPA Intelligence,2019-11-19 to 2019-11-21,2019-11-19,2019-11-21,413 (LV),4.9,Wes Lambert,R,2%,False,"November 19–21, 2019"
2020,Alabama,AL,1,Republican Primary,WPA Intelligence,2019-11-19 to 2019-11-21,2019-11-19,2019-11-21,413 (LV),4.9,Chris Pringle,R,16%,False,"November 19–21, 2019"
2020,Alabama,AL,2,Republican Primary,Tarrance Group,2019-09-26 to 2019-09-29,2019-09-26,2019-09-29,303 (V),5.8,Troy King,R,34%,False,"September 26–29, 2019"
2020,Alabama,AL,2,Republican Primary,Tarrance Group,2019-09-26 to 2019-09-29,2019-09-26,2019-09-29,303 (V),5.8,Barry Moore,R,18%,False,"September 26–29, 2019"
2020,Alabama,AL,2,Republican Primary,Tarrance Group,2019-09-26 to 2019-09-29,2019-09-26,2019-09-29,303 (V),5.8,Will Dismukes,R,17%,False,"September 26–29, 2019"
2020,Alabama,AL,2,Republican Primary,Tarrance Group,2019-09-26 to 2019-09-29,2019-09-26,2019-09-29,303 (V),5.8,Jeff Coleman,R,5%,False,"September 26–29, 2019"
2020,Alabama,AL,2,Republican Primary,Tarrance Group,2019-09-26 to 2019-09-29,2019-09-26,2019-09-29,303 (V),5.8,Jessica Taylor,R,2%,False,"September 26–29, 2019"
2020,Alabama,AL,2,Republican Primary,We Ask America,2020-01-14 to 2020-01-15,2020-01-14,2020-01-15,600 (LV),4.0,Troy King,R,16%,False,"January 14–15, 2020"
2020,Alabama,AL,2,Republican Primary,We Ask America,2020-01-14 to 2020-01-15,2020-01-14,2020-01-15,600 (LV),4.0,Barry Moore,R,8%,False,"January 14–15, 2020"
2020,Alabama,AL,2,Republican Primary,We Ask America,2020-01-14 to 2020-01-15,2020-01-14,2020-01-15,600 (LV),4.0,Jeff Coleman,R,43%,False,"January 14–15, 2020"
2020,Alabama,AL,2,Republican Primary,We Ask America,2020-01-14 to 2020-01-15,2020-01-14,2020-01-15,600 (LV),4.0,Jessica Taylor,R,5%,False,"January 14–15, 2020"
2020,Arizona,AZ,6,Democratic Primary,Zogby Strategies (D),2019-08-28 to 2019-08-30,2019-08-28,2019-08-30,400 (LV),,Anita Malik,D,20%,False,"August 28–30, 2019"
2020,Arizona,AZ,6,Democratic Primary,Zogby Strategies (D),2019-08-28 to 2019-08-30,2019-08-28,2019-08-30,400 (LV),,Stephanie Rimmer,D,12%,False,"August 28–30, 2019"
2020,Arizona,AZ,6,Democratic Primary,Zogby Strategies (D),2019-08-28 to 2019-08-30,2019-08-28,2019-08-30,400 (LV),,Hiral Tipirneni,D,13%,False,"August 28–30, 2019"
2020,Arizona,AZ,6,Democratic Primary,OH Predictive Insights,2020-08-03,2020-08-03,2020-08-03,400 (LV),4.9,Karl Gentles,D,3%,False,"August 3, 2020"
2020,Arizona,AZ,6,Democratic Primary,OH Predictive Insights,2020-08-03,2020-08-03,2020-08-03,400 (LV),4.9,Anita Malik,D,30%,False,"August 3, 2020"
2020,Arizona,AZ,6,Democratic Primary,OH Predictive Insights,2020-08-03,2020-08-03,2020-08-03,400 (LV),4.9,Stephanie Rimmer,D,2%,False,"August 3, 2020"
2020,Arizona,AZ,6,Democratic Primary,OH Predictive Insights,2020-08-03,2020-08-03,2020-08-03,400 (LV),4.9,Hiral Tipirneni,D,53%,False,"August 3, 2020"
2020,Florida,FL,13,Republican Primary,St. Pete Polls,2020-07-09,2020-07-09,2020-07-09,558 (LV),4.1,George Buck,R,21%,False,"July 9, 2020"
2020,Florida,FL,13,Republican Primary,St. Pete Polls,2020-07-09,2020-07-09,2020-07-09,558 (LV),4.1,Sheila Griffin,R,4%,False,"July 9, 2020"
2020,Florida,FL,13,Republican Primary,St. Pete Polls,2020-07-09,2020-07-09,2020-07-09,558 (LV),4.1,Anna Paulina Luna,R,13%,False,"July 9, 2020"
2020,Florida,FL,13,Republican Primary,St. Pete Polls,2020-07-09,2020-07-09,2020-07-09,558 (LV),4.1,Amanda Makki,R,29%,False,"July 9, 2020"
2020,Florida,FL,13,Republican Primary,St. Pete Polls,2020-08-15,2020-08-15,2020-08-15,626 (LV),3.9,George Buck,R,26%,False,"August 15, 2020"
2020,Florida,FL,13,Republican Primary,St. Pete Polls,2020-08-15,2020-08-15,2020-08-15,626 (LV),3.9,Sheila Griffin,R,6%,False,"August 15, 2020"
2020,Florida,FL,13,Republican Primary,St. Pete Polls,2020-08-15,2020-08-15,2020-08-15,626 (LV),3.9,Anna Paulina Luna,R,29%,False,"August 15, 2020"
2020,Florida,FL,13,Republican Primary,St. Pete Polls,2020-08-15,2020-08-15,2020-08-15,626 (LV),3.9,Amanda Makki,R,20%,False,"August 15, 2020"
2020,Florida,FL,15,Republican Primary,St. Pete Polls,2020-08-12,2020-08-12,2020-08-12,594 (LV),4.0,Scott Franklin,R,41%,False,"August 12, 2020"
2020,Florida,FL,15,Republican Primary,St. Pete Polls,2020-08-12,2020-08-12,2020-08-12,594 (LV),4.0,Ross Spano,R,42%,False,"August 12, 2020"
2020,Florida,FL,19,Republican Primary,St. Pete Polls,2020-07-06,2020-07-06,2020-07-06,503 (LV),4.3,Casey Askar,R,30%,False,"July 6, 2020"
2020,Florida,FL,19,Republican Primary,St. Pete Polls,2020-07-06,2020-07-06,2020-07-06,503 (LV),4.3,Byron Donalds,R,26%,False,"July 6, 2020"
2020,Florida,FL,19,Republican Primary,St. Pete Polls,2020-07-06,2020-07-06,2020-07-06,503 (LV),4.3,Dane Eagle,R,7%,False,"July 6, 2020"
2020,Florida,FL,19,Republican Primary,St. Pete Polls,2020-07-06,2020-07-06,2020-07-06,503 (LV),4.3,William Figlesthaler,R,16%,False,"July 6, 2020"
2020,Florida,FL,19,Republican Primary,St. Pete Polls,2020-07-06,2020-07-06,2020-07-06,503 (LV),4.3,Randy Henderson,R,5%,False,"July 6, 2020"
2020,Florida,FL,19,Republican Primary,Data Targeting,2020-07-23,2020-07-23,2020-07-23,282 (LV),5.7,Casey Askar,R,15%,False,"July 23, 2020"
2020,Florida,FL,19,Republican Primary,Data Targeting,2020-07-23,2020-07-23,2020-07-23,282 (LV),5.7,Byron Donalds,R,21%,False,"July 23, 2020"
2020,Florida,FL,19,Republican Primary,Data Targeting,2020-07-23,2020-07-23,2020-07-23,282 (LV),5.7,Dane Eagle,R,23%,False,"July 23, 2020"
2020,Florida,FL,19,Republican Primary,Data Targeting,2020-07-23,2020-07-23,2020-07-23,282 (LV),5.7,William Figlesthaler,R,19%,False,"July 23, 2020"
2020,Florida,FL,19,Republican Primary,Data Targeting,2020-07-23,2020-07-23,2020-07-23,282 (LV),5.7,Randy Henderson,R,6%,False,"July 23, 2020"
2020,Florida,FL,19,Republican Primary,St. Pete Polls,2020-08-03,2020-08-03,2020-08-03,525 (LV),4.3,Casey Askar,R,16%,False,"August 3, 2020"
2020,Florida,FL,19,Republican Primary,St. Pete Polls,2020-08-03,2020-08-03,2020-08-03,525 (LV),4.3,Byron Donalds,R,22%,False,"August 3, 2020"
2020,Florida,FL,19,Republican Primary,St. Pete Polls,2020-08-03,2020-08-03,2020-08-03,525 (LV),4.3,Dane Eagle,R,20%,False,"August 3, 2020"
2020,Florida,FL,19,Republican Primary,St. Pete Polls,2020-08-03,2020-08-03,2020-08-03,525 (LV),4.3,William Figlesthaler,R,21%,False,"August 3, 2020"
2020,Florida,FL,19,Republican Primary,St. Pete Polls,2020-08-03,2020-08-03,2020-08-03,525 (LV),4.3,Randy Henderson,R,8%,False,"August 3, 2020"
2020,Florida,FL,19,Republican Primary,St. Pete Polls,2020-08-16,2020-08-16,2020-08-16,439 (LV),4.7,Casey Askar,R,22%,False,"August 16, 2020"
2020,Florida,FL,19,Republican Primary,St. Pete Polls,2020-08-16,2020-08-16,2020-08-16,439 (LV),4.7,Byron Donalds,R,23%,False,"August 16, 2020"
2020,Florida,FL,19,Republican Primary,St. Pete Polls,2020-08-16,2020-08-16,2020-08-16,439 (LV),4.7,Dane Eagle,R,16%,False,"August 16, 2020"
2020,Florida,FL,19,Republican Primary,St. Pete Polls,2020-08-16,2020-08-16,2020-08-16,439 (LV),4.7,William Figlesthaler,R,16%,False,"August 16, 2020"
2020,Florida,FL,19,Republican Primary,St. Pete Polls,2020-08-16,2020-08-16,2020-08-16,439 (LV),4.7,Randy Henderson,R,11%,False,"August 16, 2020"
2020,Florida,FL,21,Republican Primary,The Washington Sentinel,2020-06-20,2020-06-20,2020-06-20,,,Laura Loomer,R,51%,False,"Released June 20, 2020"
2020,Florida,FL,26,Republican Primary,Unspecified national Republican organization,2019-10-13 to 2019-10-15,2019-10-13,2019-10-15,≈136 (LV),,Omar Blanco,R,6%,False,"October 13–15, 2019"
2020,Florida,FL,26,Republican Primary,Unspecified national Republican organization,2019-10-13 to 2019-10-15,2019-10-13,2019-10-15,≈136 (LV),,Carlos Giménez,R,51%,False,"October 13–15, 2019"
2020,Florida,FL,3,Republican Primary,Meer Research,2019-11-20,2019-11-20,2019-11-20,533 (RV),4.24,Gavin Rollins,R,8%,False,"November 20, 2019"
2020,Florida,FL,3,Republican Primary,Meer Research,2019-11-20,2019-11-20,2019-11-20,533 (RV),4.24,Judson Sapp,R,2%,False,"November 20, 2019"
2020,Florida,FL,3,Republican Primary,Meer Research,2019-11-20,2019-11-20,2019-11-20,533 (RV),4.24,Amy Pope Wells,R,3%,False,"November 20, 2019"
2020,Florida,FL,3,Republican Primary,Meer Research,2019-11-20,2019-11-20,2019-11-20,533 (RV),4.24,Ted Yoho,R,71%,False,"November 20, 2019"
2020,Florida,FL,3,Republican Primary,Clearview Research,2019-12-16 to 2019-12-17,2019-12-16,2019-12-17,401 (LV),,Keith Perry,R,35%,False,"December 16–17, 2019"
2020,Florida,FL,3,Republican Primary,Clearview Research,2019-12-16 to 2019-12-17,2019-12-16,2019-12-17,401 (LV),,Judson Sapp,R,9%,False,"December 16–17, 2019"
2020,Florida,FL,3,Republican Primary,Clearview Research,2019-12-16 to 2019-12-17,2019-12-16,2019-12-17,401 (LV),,Amy Pope Wells,R,2%,False,"December 16–17, 2019"
2020,Florida,FL,3,Republican Primary,Americana Analytics,2020-04-20,2020-04-20,2020-04-20,400 (V),5.0,Kat Cammack,R,3%,False,"Released April 20, 2020"
2020,Florida,FL,3,Republican Primary,Americana Analytics,2020-04-20,2020-04-20,2020-04-20,400 (V),5.0,Gavin Rollins,R,4%,False,"Released April 20, 2020"
2020,Florida,FL,3,Republican Primary,Americana Analytics,2020-04-20,2020-04-20,2020-04-20,400 (V),5.0,Judson Sapp,R,16%,False,"Released April 20, 2020"
2020,Florida,FL,3,Republican Primary,WPA Intelligence,2020-06-16 to 2020-06-17,2020-06-16,2020-06-17,405 (RV),4.9,Kat Cammack,R,10%,False,"June 16–17, 2020"
2020,Florida,FL,3,Republican Primary,WPA Intelligence,2020-06-16 to 2020-06-17,2020-06-16,2020-06-17,405 (RV),4.9,Ryan Chamberlin,R,1%,False,"June 16–17, 2020"
2020,Florida,FL,3,Republican Primary,WPA Intelligence,2020-06-16 to 2020-06-17,2020-06-16,2020-06-17,405 (RV),4.9,Todd Chase,R,5%,False,"June 16–17, 2020"
2020,Florida,FL,3,Republican Primary,WPA Intelligence,2020-06-16 to 2020-06-17,2020-06-16,2020-06-17,405 (RV),4.9,James St. George,R,4%,False,"June 16–17, 2020"
2020,Florida,FL,3,Republican Primary,WPA Intelligence,2020-06-16 to 2020-06-17,2020-06-16,2020-06-17,405 (RV),4.9,Gavin Rollins,R,1%,False,"June 16–17, 2020"
2020,Florida,FL,3,Republican Primary,WPA Intelligence,2020-06-16 to 2020-06-17,2020-06-16,2020-06-17,405 (RV),4.9,Judson Sapp,R,12%,False,"June 16–17, 2020"
2020,Florida,FL,3,Republican Primary,WPA Intelligence,2020-06-16 to 2020-06-17,2020-06-16,2020-06-17,405 (RV),4.9,Amy Pope Wells,R,1%,False,"June 16–17, 2020"
2020,Florida,FL,3,Republican Primary,Meer Research,2020-08-06 to 2020-08-08,2020-08-06,2020-08-08,317 (RV),5.75,Kat Cammack,R,25%,False,"August 6–8, 2020"
2020,Florida,FL,3,Republican Primary,Meer Research,2020-08-06 to 2020-08-08,2020-08-06,2020-08-08,317 (RV),5.75,Ryan Chamberlin,R,3%,False,"August 6–8, 2020"
2020,Florida,FL,3,Republican Primary,Meer Research,2020-08-06 to 2020-08-08,2020-08-06,2020-08-08,317 (RV),5.75,Todd Chase,R,6%,False,"August 6–8, 2020"
2020,Florida,FL,3,Republican Primary,Meer Research,2020-08-06 to 2020-08-08,2020-08-06,2020-08-08,317 (RV),5.75,James St. George,R,13%,False,"August 6–8, 2020"
2020,Florida,FL,3,Republican Primary,Meer Research,2020-08-06 to 2020-08-08,2020-08-06,2020-08-08,317 (RV),5.75,Gavin Rollins,R,11%,False,"August 6–8, 2020"
2020,Florida,FL,3,Republican Primary,Meer Research,2020-08-06 to 2020-08-08,2020-08-06,2020-08-08,317 (RV),5.75,Judson Sapp,R,15%,False,"August 6–8, 2020"
2020,Florida,FL,3,Republican Primary,Meer Research,2020-08-06 to 2020-08-08,2020-08-06,2020-08-08,317 (RV),5.75,Amy Pope Wells,R,3%,False,"August 6–8, 2020"
2020,Georgia,GA,7,Republican Primary,WPA Intelligence,2020-04-14 to 2020-04-15,2020-04-14,2020-04-15,,,Lynne Hormich,R,8%,False,"April 14–15, 2020"
2020,Georgia,GA,7,Republican Primary,WPA Intelligence,2020-04-14 to 2020-04-15,2020-04-14,2020-04-15,,,Rich McCormick,R,33%,False,"April 14–15, 2020"
2020,Georgia,GA,7,Republican Primary,WPA Intelligence,2020-04-14 to 2020-04-15,2020-04-14,2020-04-15,,,Renee Unterman,R,18%,False,"April 14–15, 2020"
2020,Georgia,GA,7,Republican Primary,WPA Intelligence,2020-05-11 to 2020-05-12,2020-05-11,2020-05-12,408 (LV),4.9,Lynne Hormich,R,7%,False,"May 11–12, 2020"
2020,Georgia,GA,7,Republican Primary,WPA Intelligence,2020-05-11 to 2020-05-12,2020-05-11,2020-05-12,408 (LV),4.9,Rich McCormick,R,41%,False,"May 11–12, 2020"
2020,Georgia,GA,7,Republican Primary,WPA Intelligence,2020-05-11 to 2020-05-12,2020-05-11,2020-05-12,408 (LV),4.9,Renee Unterman,R,23%,False,"May 11–12, 2020"
2020,Illinois,IL,14,Republican Primary,McLaughlin and Associates,2019-07-30 to 2019-08-04,2019-07-30,2019-08-04,200 (LV),6.9,Ted Gradel,R,4%,False,"July 30 – August 4, 2019"
2020,Illinois,IL,14,Republican Primary,McLaughlin and Associates,2019-07-30 to 2019-08-04,2019-07-30,2019-08-04,200 (LV),6.9,Jim Oberweis,R,56%,False,"July 30 – August 4, 2019"
2020,Illinois,IL,14,Republican Primary,McLaughlin and Associates,2019-07-30 to 2019-08-04,2019-07-30,2019-08-04,200 (LV),6.9,Sue Rezin,R,8%,False,"July 30 – August 4, 2019"
2020,Illinois,IL,14,Republican Primary,McLaughlin and Associates,2020-01-28 to 2020-01-29,2020-01-28,2020-01-29,300 (LV),5.6,Ted Gradel,R,2%,False,"January 28–29, 2020"
2020,Illinois,IL,14,Republican Primary,McLaughlin and Associates,2020-01-28 to 2020-01-29,2020-01-28,2020-01-29,300 (LV),5.6,Catalina Lauf,R,6%,False,"January 28–29, 2020"
2020,Illinois,IL,14,Republican Primary,McLaughlin and Associates,2020-01-28 to 2020-01-29,2020-01-28,2020-01-29,300 (LV),5.6,Jim Marter,R,2%,False,"January 28–29, 2020"
2020,Illinois,IL,14,Republican Primary,McLaughlin and Associates,2020-01-28 to 2020-01-29,2020-01-28,2020-01-29,300 (LV),5.6,Jim Oberweis,R,46%,False,"January 28–29, 2020"
2020,Illinois,IL,14,Republican Primary,McLaughlin and Associates,2020-01-28 to 2020-01-29,2020-01-28,2020-01-29,300 (LV),5.6,Sue Rezin,R,16%,False,"January 28–29, 2020"
2020,Illinois,IL,3,Democratic Primary,Expedition Strategies (D),2020-01-07 to 2020-01-09,2020-01-07,2020-01-09,500 (LV),4.4,Dan Lipinski,D,47%,False,"January 7–9, 2020"
2020,Illinois,IL,3,Democratic Primary,Expedition Strategies (D),2020-01-07 to 2020-01-09,2020-01-07,2020-01-09,500 (LV),4.4,Marie Newman,D,25%,False,"January 7–9, 2020"
2020,Illinois,IL,3,Democratic Primary,Expedition Strategies (D),2020-01-07 to 2020-01-09,2020-01-07,2020-01-09,500 (LV),4.4,Rush Darwish,D,2%,False,"January 7–9, 2020"
2020,Illinois,IL,3,Democratic Primary,Expedition Strategies (D),2020-01-07 to 2020-01-09,2020-01-07,2020-01-09,500 (LV),4.4,Charles Hughes,D,1%,False,"January 7–9, 2020"
2020,Indiana,IN,5,Republican Primary,WPA Intelligence (R),2020-05-11 to 2020-05-13,2020-05-11,2020-05-13,409 (LV),4.9,Micah Beckwith,R,8%,False,"May 11–13, 2020"
2020,Indiana,IN,5,Republican Primary,WPA Intelligence (R),2020-05-11 to 2020-05-13,2020-05-11,2020-05-13,409 (LV),4.9,Carl Brizzi,R,14%,False,"May 11–13, 2020"
2020,Indiana,IN,5,Republican Primary,WPA Intelligence (R),2020-05-11 to 2020-05-13,2020-05-11,2020-05-13,409 (LV),4.9,Beth Henderson,R,13%,False,"May 11–13, 2020"
2020,Indiana,IN,5,Republican Primary,WPA Intelligence (R),2020-05-11 to 2020-05-13,2020-05-11,2020-05-13,409 (LV),4.9,Victoria Spartz,R,32%,False,"May 11–13, 2020"
2020,Iowa,IA,4,Republican Primary,G1 Survey Research,2019-10-01 to 2019-10-03,2019-10-01,2019-10-03,400 (LV),4.89,Steve King,R,59%,False,"October 1–3, 2019"
2020,Iowa,IA,4,Republican Primary,G1 Survey Research,2019-10-01 to 2019-10-03,2019-10-01,2019-10-03,400 (LV),4.89,Randy Feenstra,R,15%,False,"October 1–3, 2019"
2020,Iowa,IA,4,Republican Primary,G1 Survey Research,2019-10-01 to 2019-10-03,2019-10-01,2019-10-03,400 (LV),4.89,Steve Reeder,R,6%,False,"October 1–3, 2019"
2020,Iowa,IA,4,Republican Primary,G1 Survey Research,2019-10-01 to 2019-10-03,2019-10-01,2019-10-03,400 (LV),4.89,Jeremy Taylor,R,0%,False,"October 1–3, 2019"
2020,Iowa,IA,4,Republican Primary,American Viewpoint,2020-01-27 to 2020-01-29,2020-01-27,2020-01-29,,,Steve King,R,53%,False,"January 27–29, 2020"
2020,Iowa,IA,4,Republican Primary,American Viewpoint,2020-01-27 to 2020-01-29,2020-01-27,2020-01-29,,,Randy Feenstra,R,22%,False,"January 27–29, 2020"
2020,Iowa,IA,4,Republican Primary,American Viewpoint,2020-04-27 to 2020-04-29,2020-04-27,2020-04-29,400 (LV),4.9,Steve King,R,41%,False,"April 27–29, 2020"
2020,Iowa,IA,4,Republican Primary,American Viewpoint,2020-04-27 to 2020-04-29,2020-04-27,2020-04-29,400 (LV),4.9,Randy Feenstra,R,34%,False,"April 27–29, 2020"
2020,Iowa,IA,4,Republican Primary,American Viewpoint,2020-05-07 to 2020-05-08,2020-05-07,2020-05-08,350 (LV),5.2,Steve King,R,39%,False,"May 7–8, 2020"
2020,Iowa,IA,4,Republican Primary,American Viewpoint,2020-05-07 to 2020-05-08,2020-05-07,2020-05-08,350 (LV),5.2,Randy Feenstra,R,36%,False,"May 7–8, 2020"
2020,Iowa,IA,4,Republican Primary,Public Opinion Strategies (R),2020-05-16 to 2020-05-18,2020-05-16,2020-05-18,400 (V),4.9,Steve King,R,39%,False,"May 16–18, 2020"
2020,Iowa,IA,4,Republican Primary,Public Opinion Strategies (R),2020-05-16 to 2020-05-18,2020-05-16,2020-05-18,400 (V),4.9,Randy Feenstra,R,41%,False,"May 16–18, 2020"
2020,Iowa,IA,4,Republican Primary,Public Opinion Strategies (R),2020-05-16 to 2020-05-18,2020-05-16,2020-05-18,400 (V),4.9,Steve Reeder,R,1%,False,"May 16–18, 2020"
2020,Iowa,IA,4,Republican Primary,Public Opinion Strategies (R),2020-05-16 to 2020-05-18,2020-05-16,2020-05-18,400 (V),4.9,Jeremy Taylor,R,4%,False,"May 16–18, 2020"
2020,Kentucky,KY,4,Republican Primary,WPA Intelligence,2019-07-08 to 2019-07-09,2019-07-08,2019-07-09,400 (LV),4.9,Thomas Massie,R,64%,False,"July 8–9, 2019"
2020,Kentucky,KY,4,Republican Primary,WPA Intelligence,2019-07-08 to 2019-07-09,2019-07-08,2019-07-09,400 (LV),4.9,Thomas Massie,R,50%,False,"July 8–9, 2019"
2020,Kentucky,KY,4,Republican Primary,WPA Intelligence,2019-07-08 to 2019-07-09,2019-07-08,2019-07-09,400 (LV),4.9,Kim Moser,R,10%,False,"July 8–9, 2019"
2020,Kentucky,KY,4,Republican Primary,WPA Intelligence,2019-07-08 to 2019-07-09,2019-07-08,2019-07-09,400 (LV),4.9,Generic Republican,R,8%,False,"July 8–9, 2019"
2020,Kentucky,KY,4,Republican Primary,Public Opinion Strategies (R),2020-02-04 to 2020-02-06,2020-02-04,2020-02-06,300 (V),5.66,Thomas Massie,R,71%,False,"February 4–6, 2020"
2020,Kentucky,KY,4,Republican Primary,Public Opinion Strategies (R),2020-02-04 to 2020-02-06,2020-02-04,2020-02-06,300 (V),5.66,Todd McMurty,R,3%,False,"February 4–6, 2020"
2020,Kentucky,KY,4,Republican Primary,WPA Intelligence,2020-04-27 to 2020-04-28,2020-04-27,2020-04-28,407 (LV),4.9,Thomas Massie,R,70%,False,"April 27–28, 2020"
2020,Kentucky,KY,4,Republican Primary,WPA Intelligence,2020-04-27 to 2020-04-28,2020-04-27,2020-04-28,407 (LV),4.9,Todd McMurty,R,13%,False,"April 27–28, 2020"
2020,Kentucky,KY,4,Republican Primary,WPA Intelligence,2020-06-10 to 2020-06-11,2020-06-10,2020-06-11,411 (LV),4.9,Thomas Massie,R,77%,False,"June 10–11, 2020"
2020,Kentucky,KY,4,Republican Primary,WPA Intelligence,2020-06-10 to 2020-06-11,2020-06-10,2020-06-11,411 (LV),4.9,Todd McMurty,R,11%,False,"June 10–11, 2020"
2020,Maine,ME,2,Republican Primary,We Ask America,2020-06-16 to 2020-06-17,2020-06-16,2020-06-17,400 (LV),4.9,Adrienne Bennett,R,28%,False,"June 16–17, 2020"
2020,Maine,ME,2,Republican Primary,We Ask America,2020-06-16 to 2020-06-17,2020-06-16,2020-06-17,400 (LV),4.9,Eric Brakey,R,22%,False,"June 16–17, 2020"
2020,Maine,ME,2,Republican Primary,We Ask America,2020-06-16 to 2020-06-17,2020-06-16,2020-06-17,400 (LV),4.9,Dale Crafts,R,20%,False,"June 16–17, 2020"
2020,Maine,ME,2,Republican Primary,SurveyUSA,2020-06-30 to 2020-07-06,2020-06-30,2020-07-06,604 (LV),4.1,Adrienne Bennett,R,25%,False,"June 30 – July 6, 2020"
2020,Maine,ME,2,Republican Primary,SurveyUSA,2020-06-30 to 2020-07-06,2020-06-30,2020-07-06,604 (LV),4.1,Eric Brakey,R,19%,False,"June 30 – July 6, 2020"
2020,Maine,ME,2,Republican Primary,SurveyUSA,2020-06-30 to 2020-07-06,2020-06-30,2020-07-06,604 (LV),4.1,Dale Crafts,R,37%,False,"June 30 – July 6, 2020"
2020,Massachusetts,MA,1,Democratic Primary,Victoria Research,2020-06-16 to 2020-06-18,2020-06-16,2020-06-18,492 (LV),4.4,Alex Morse,D,25%,False,"June 16–18, 2020"
2020,Massachusetts,MA,1,Democratic Primary,Victoria Research,2020-06-16 to 2020-06-18,2020-06-16,2020-06-18,492 (LV),4.4,Richard Neal,D,55%,False,"June 16–18, 2020"
2020,Massachusetts,MA,1,Democratic Primary,Beacon Research,2020-08-07 to 2020-08-08,2020-08-07,2020-08-08,853 (LV),3.4,Alex Morse,D,35%,False,"August 7–8, 2020"
2020,Massachusetts,MA,1,Democratic Primary,Beacon Research,2020-08-07 to 2020-08-08,2020-08-07,2020-08-08,853 (LV),3.4,Richard Neal,D,45%,False,"August 7–8, 2020"
2020,Massachusetts,MA,1,Democratic Primary,Beacon Research,2020-08-15 to 2020-08-16,2020-08-15,2020-08-16,391 (LV),4.9,Alex Morse,D,41%,False,"August 15–16, 2020"
2020,Massachusetts,MA,1,Democratic Primary,Beacon Research,2020-08-15 to 2020-08-16,2020-08-15,2020-08-16,391 (LV),4.9,Richard Neal,D,46%,False,"August 15–16, 2020"
2020,Massachusetts,MA,1,Democratic Primary,RABA Research,2020-08-23 to 2020-08-24,2020-08-23,2020-08-24,518 (LV),4.3,Alex Morse,D,40%,False,"August 23–24, 2020"
2020,Massachusetts,MA,1,Democratic Primary,RABA Research,2020-08-23 to 2020-08-24,2020-08-23,2020-08-24,518 (LV),4.3,Richard Neal,D,49%,False,"August 23–24, 2020"
2020,Massachusetts,MA,4,Democratic Primary,Beacon Research,2020-05-26 to 2020-05-30,2020-05-26,2020-05-30,501 (LV),4.0,Jake Auchincloss,D,7%,False,"May 26–30, 2020"
2020,Massachusetts,MA,4,Democratic Primary,Beacon Research,2020-05-26 to 2020-05-30,2020-05-26,2020-05-30,501 (LV),4.0,Dave Cavell,D,2%,False,"May 26–30, 2020"
2020,Massachusetts,MA,4,Democratic Primary,Beacon Research,2020-05-26 to 2020-05-30,2020-05-26,2020-05-30,501 (LV),4.0,Becky Grossman,D,13%,False,"May 26–30, 2020"
2020,Massachusetts,MA,4,Democratic Primary,Beacon Research,2020-05-26 to 2020-05-30,2020-05-26,2020-05-30,501 (LV),4.0,Alan Khazei,D,4%,False,"May 26–30, 2020"
2020,Massachusetts,MA,4,Democratic Primary,Beacon Research,2020-05-26 to 2020-05-30,2020-05-26,2020-05-30,501 (LV),4.0,Jesse Mermell,D,7%,False,"May 26–30, 2020"
2020,Massachusetts,MA,4,Democratic Primary,Beacon Research,2020-05-26 to 2020-05-30,2020-05-26,2020-05-30,501 (LV),4.0,Ben Sigel,D,4%,False,"May 26–30, 2020"
2020,Massachusetts,MA,4,Democratic Primary,Beacon Research,2020-05-26 to 2020-05-30,2020-05-26,2020-05-30,501 (LV),4.0,Chris Zannetos,D,1%,False,"May 26–30, 2020"
2020,Massachusetts,MA,4,Democratic Primary,Frederick Polls,2020-06,2020-06-01,2020-06-30,400 (LV),4.9,Jake Auchincloss,D,7%,False,"June, 2020"
2020,Massachusetts,MA,4,Democratic Primary,Frederick Polls,2020-06,2020-06-01,2020-06-30,400 (LV),4.9,Becky Grossman,D,17%,False,"June, 2020"
2020,Massachusetts,MA,4,Democratic Primary,Frederick Polls,2020-06,2020-06-01,2020-06-30,400 (LV),4.9,Ihssane Leckey,D,3%,False,"June, 2020"
2020,Massachusetts,MA,4,Democratic Primary,Frederick Polls,2020-06,2020-06-01,2020-06-30,400 (LV),4.9,Jesse Mermell,D,9%,False,"June, 2020"
2020,Massachusetts,MA,4,Democratic Primary,Frederick Polls,2020-08-01 to 2020-08-04,2020-08-01,2020-08-04,400 (LV),4.9,Jake Auchincloss,D,16%,False,"August 1–4, 2020"
2020,Massachusetts,MA,4,Democratic Primary,Frederick Polls,2020-08-01 to 2020-08-04,2020-08-01,2020-08-04,400 (LV),4.9,Dave Cavell,D,7%,False,"August 1–4, 2020"
2020,Massachusetts,MA,4,Democratic Primary,Frederick Polls,2020-08-01 to 2020-08-04,2020-08-01,2020-08-04,400 (LV),4.9,Becky Grossman,D,19%,False,"August 1–4, 2020"
2020,Massachusetts,MA,4,Democratic Primary,Frederick Polls,2020-08-01 to 2020-08-04,2020-08-01,2020-08-04,400 (LV),4.9,Alan Khazei,D,6%,False,"August 1–4, 2020"
2020,Massachusetts,MA,4,Democratic Primary,Frederick Polls,2020-08-01 to 2020-08-04,2020-08-01,2020-08-04,400 (LV),4.9,Ihssane Leckey,D,11%,False,"August 1–4, 2020"
2020,Massachusetts,MA,4,Democratic Primary,Frederick Polls,2020-08-01 to 2020-08-04,2020-08-01,2020-08-04,400 (LV),4.9,Natalia Linos,D,4%,False,"August 1–4, 2020"
2020,Massachusetts,MA,4,Democratic Primary,Frederick Polls,2020-08-01 to 2020-08-04,2020-08-01,2020-08-04,400 (LV),4.9,Jesse Mermell,D,10%,False,"August 1–4, 2020"
2020,Massachusetts,MA,4,Democratic Primary,Frederick Polls,2020-08-01 to 2020-08-04,2020-08-01,2020-08-04,400 (LV),4.9,Ben Sigel,D,2%,False,"August 1–4, 2020"
2020,Massachusetts,MA,4,Democratic Primary,Frederick Polls,2020-08-01 to 2020-08-04,2020-08-01,2020-08-04,400 (LV),4.9,Chris Zannetos,D,1%,False,"August 1–4, 2020"
2020,Massachusetts,MA,4,Democratic Primary,Data for Progress,2020-08-10 to 2020-08-14,2020-08-10,2020-08-14,515 (LV),4.9,Jake Auchincloss,D,14%,False,"August 10–14, 2020"
2020,Massachusetts,MA,4,Democratic Primary,Data for Progress,2020-08-10 to 2020-08-14,2020-08-10,2020-08-14,515 (LV),4.9,Dave Cavell,D,1%,False,"August 10–14, 2020"
2020,Massachusetts,MA,4,Democratic Primary,Data for Progress,2020-08-10 to 2020-08-14,2020-08-10,2020-08-14,515 (LV),4.9,Becky Grossman,D,13%,False,"August 10–14, 2020"
2020,Massachusetts,MA,4,Democratic Primary,Data for Progress,2020-08-10 to 2020-08-14,2020-08-10,2020-08-14,515 (LV),4.9,Alan Khazei,D,7%,False,"August 10–14, 2020"
2020,Massachusetts,MA,4,Democratic Primary,Data for Progress,2020-08-10 to 2020-08-14,2020-08-10,2020-08-14,515 (LV),4.9,Ihssane Leckey,D,9%,False,"August 10–14, 2020"
2020,Massachusetts,MA,4,Democratic Primary,Data for Progress,2020-08-10 to 2020-08-14,2020-08-10,2020-08-14,515 (LV),4.9,Natalia Linos,D,9%,False,"August 10–14, 2020"
2020,Massachusetts,MA,4,Democratic Primary,Data for Progress,2020-08-10 to 2020-08-14,2020-08-10,2020-08-14,515 (LV),4.9,Jesse Mermell,D,13%,False,"August 10–14, 2020"
2020,Massachusetts,MA,4,Democratic Primary,Data for Progress,2020-08-10 to 2020-08-14,2020-08-10,2020-08-14,515 (LV),4.9,Ben Sigel,D,3%,False,"August 10–14, 2020"
2020,Massachusetts,MA,4,Democratic Primary,Data for Progress,2020-08-10 to 2020-08-14,2020-08-10,2020-08-14,515 (LV),4.9,Chris Zannetos,D,1%,False,"August 10–14, 2020"
2020,Massachusetts,MA,4,Democratic Primary,RABA Research,2020-08-27 to 2020-08-28,2020-08-27,2020-08-28,497 (LV),4.39,Jake Auchincloss,D,23%,False,"August 27–28, 2020"
2020,Massachusetts,MA,4,Democratic Primary,RABA Research,2020-08-27 to 2020-08-28,2020-08-27,2020-08-28,497 (LV),4.39,Becky Grossman,D,15%,False,"August 27–28, 2020"
2020,Massachusetts,MA,4,Democratic Primary,RABA Research,2020-08-27 to 2020-08-28,2020-08-27,2020-08-28,497 (LV),4.39,Alan Khazei,D,8%,False,"August 27–28, 2020"
2020,Massachusetts,MA,4,Democratic Primary,RABA Research,2020-08-27 to 2020-08-28,2020-08-27,2020-08-28,497 (LV),4.39,Ihssane Leckey,D,11%,False,"August 27–28, 2020"
2020,Massachusetts,MA,4,Democratic Primary,RABA Research,2020-08-27 to 2020-08-28,2020-08-27,2020-08-28,497 (LV),4.39,Natalia Linos,D,7%,False,"August 27–28, 2020"
2020,Massachusetts,MA,4,Democratic Primary,RABA Research,2020-08-27 to 2020-08-28,2020-08-27,2020-08-28,497 (LV),4.39,Jesse Mermell,D,22%,False,"August 27–28, 2020"
2020,Massachusetts,MA,4,Democratic Primary,RABA Research,2020-08-27 to 2020-08-28,2020-08-27,2020-08-28,497 (LV),4.39,Ben Sigel,D,1%,False,"August 27–28, 2020"
2020,Massachusetts,MA,8,Democratic Primary,Lincoln Park Strategies,2020-08-08 to 2020-08-09,2020-08-08,2020-08-09,"1,038 (LV)",3.04,Robbie Goldstein,D,32%,False,"August 8–9, 2020"
2020,Massachusetts,MA,8,Democratic Primary,Lincoln Park Strategies,2020-08-08 to 2020-08-09,2020-08-08,2020-08-09,"1,038 (LV)",3.04,Stephen Lynch,D,39%,False,"August 8–9, 2020"
2020,Michigan,MI,10,Republican Primary,WPA Intelligence,2020-06-15 to 2020-06-16,2020-06-15,2020-06-16,,,Shane Hernandez,R,27%,False,"June 15–16, 2020"
2020,Michigan,MI,10,Republican Primary,WPA Intelligence,2020-06-15 to 2020-06-16,2020-06-15,2020-06-16,,,Lisa McClain,R,32%,False,"June 15–16, 2020"
2020,Michigan,MI,10,Republican Primary,WPA Intelligence,2020-06-15 to 2020-06-16,2020-06-15,2020-06-16,,,Doug Slocum,R,12%,False,"June 15–16, 2020"
2020,Michigan,MI,10,Republican Primary,WPA Intelligence,2020-07-14 to 2020-07-15,2020-07-14,2020-07-15,400 (LV),4.9,Shane Hernandez,R,33%,False,"July 14–15, 2020"
2020,Michigan,MI,10,Republican Primary,WPA Intelligence,2020-07-14 to 2020-07-15,2020-07-14,2020-07-15,400 (LV),4.9,Lisa McClain,R,27%,False,"July 14–15, 2020"
2020,Michigan,MI,10,Republican Primary,WPA Intelligence,2020-07-14 to 2020-07-15,2020-07-14,2020-07-15,400 (LV),4.9,Doug Slocum,R,10%,False,"July 14–15, 2020"
2020,Michigan,MI,13,Democratic Primary,Target Insyght,2019-07-23 to 2019-07-25,2019-07-23,2019-07-25,600 (LV),4.0,Rashida Tlaib,D,56%,False,"July 23–25, 2019"
2020,Michigan,MI,13,Democratic Primary,Target Insyght,2019-07-23 to 2019-07-25,2019-07-23,2019-07-25,600 (LV),4.0,Brenda Jones,D,19%,False,"July 23–25, 2019"
2020,Michigan,MI,13,Democratic Primary,Target Insyght,2020-03-31 to 2020-04-02,2020-03-31,2020-04-02,600 (LV),4.0,Rashida Tlaib,D,43%,False,"March 31 – April 2, 2020"
2020,Michigan,MI,13,Democratic Primary,Target Insyght,2020-03-31 to 2020-04-02,2020-03-31,2020-04-02,600 (LV),4.0,Brenda Jones,D,34%,False,"March 31 – April 2, 2020"
2020,Michigan,MI,13,Democratic Primary,Data for Progress,2020-07-16 to 2020-07-22,2020-07-16,2020-07-22,182 (LV),,Rashida Tlaib,D,58%,False,"July 16–22, 2020"
2020,Michigan,MI,13,Democratic Primary,Data for Progress,2020-07-16 to 2020-07-22,2020-07-16,2020-07-22,182 (LV),,Brenda Jones,D,30%,False,"July 16–22, 2020"
2020,Michigan,MI,13,Democratic Primary,Target Insyght,2020-07-20 to 2020-07-22,2020-07-20,2020-07-22,500 (LV),4.5,Rashida Tlaib,D,52%,False,"July 20–22, 2020"
2020,Michigan,MI,13,Democratic Primary,Target Insyght,2020-07-20 to 2020-07-22,2020-07-20,2020-07-22,500 (LV),4.5,Brenda Jones,D,24%,False,"July 20–22, 2020"
2020,Michigan,MI,3,Republican Primary,Practical Political Consulting,2019-06-05 to 2019-06-09,2019-06-05,2019-06-09,335 (LV),,Justin Amash,R,33%,False,"June 5–9, 2019"
2020,Michigan,MI,3,Republican Primary,Practical Political Consulting,2019-06-05 to 2019-06-09,2019-06-05,2019-06-09,335 (LV),,Jim Lower,R,49%,False,"June 5–9, 2019"
2020,Michigan,MI,3,Republican Primary,Strategic National,2019-06-29 to 2019-07-01,2019-06-29,2019-07-01,400 (LV),4.9,Lynn Afendoulis,R,17%,False,"June 29 – July 1, 2019"
2020,Michigan,MI,3,Republican Primary,Strategic National,2019-06-29 to 2019-07-01,2019-06-29,2019-07-01,400 (LV),4.9,Peter Meijer,R,4%,False,"June 29 – July 1, 2019"
2020,Michigan,MI,3,Republican Primary,Strategic National,2019-06-29 to 2019-07-01,2019-06-29,2019-07-01,400 (LV),4.9,Justin Amash,R,17%,False,"June 29 – July 1, 2019"
2020,Michigan,MI,3,Republican Primary,Strategic National,2019-06-29 to 2019-07-01,2019-06-29,2019-07-01,400 (LV),4.9,Jim Lower,R,27%,False,"June 29 – July 1, 2019"
2020,Michigan,MI,3,Republican Primary,Strategic National,2019-06-29 to 2019-07-01,2019-06-29,2019-07-01,400 (LV),4.9,Tom Norton,R,5%,False,"June 29 – July 1, 2019"
2020,Michigan,MI,3,Republican Primary,National Research Inc.,2020-06-15 to 2020-06-16,2020-06-15,2020-06-16,400 (LV),4.9,Lynn Afendoulis,R,17%,False,"June 15–16, 2020"
2020,Michigan,MI,3,Republican Primary,National Research Inc.,2020-06-15 to 2020-06-16,2020-06-15,2020-06-16,400 (LV),4.9,Peter Meijer,R,41%,False,"June 15–16, 2020"
2020,Minnesota,MN,5,Democratic Primary,Change Research,2020-07-07 to 2020-07-09,2020-07-07,2020-07-09,509 (LV),4.3,Ilhan Omar,D,66%,False,"July 7–9, 2020"
2020,Minnesota,MN,5,Democratic Primary,Change Research,2020-07-07 to 2020-07-09,2020-07-07,2020-07-09,509 (LV),4.3,Antone Melton-Meaux,D,29%,False,"July 7–9, 2020"
2020,Missouri,MO,1,Democratic Primary,Data for Progress,2020-08-01 to 2020-08-03,2020-08-01,2020-08-03,250 (LV),,Katherine Bruckner,D,7%,False,"August 1–3, 2020"
2020,Missouri,MO,1,Democratic Primary,Data for Progress,2020-08-01 to 2020-08-03,2020-08-01,2020-08-03,250 (LV),,Cori Bush,D,42%,False,"August 1–3, 2020"
2020,Missouri,MO,1,Democratic Primary,Data for Progress,2020-08-01 to 2020-08-03,2020-08-01,2020-08-03,250 (LV),,Lacy Clay,D,42%,False,"August 1–3, 2020"
2020,Montana,MT,AL,Republican Primary,WPA Intelligence (R),2019-02-24 to 2019-02-26,2019-02-24,2019-02-26,501 (V),4.4,Russell Fagg,R,24%,False,"February 24–26, 2019"
2020,Montana,MT,AL,Republican Primary,WPA Intelligence (R),2019-02-24 to 2019-02-26,2019-02-24,2019-02-26,501 (V),4.4,Matt Rosendale,R,57%,False,"February 24–26, 2019"
2020,Montana,MT,AL,Republican Primary,Montana State University Billings,2019-10-07 to 2019-10-16,2019-10-07,2019-10-16,99 (LV),,Joe Dooling,R,1%,False,"October 7–16, 2019"
2020,Montana,MT,AL,Republican Primary,Montana State University Billings,2019-10-07 to 2019-10-16,2019-10-07,2019-10-16,99 (LV),,Timothy Johnson,R,<1%,False,"October 7–16, 2019"
2020,Montana,MT,AL,Republican Primary,Montana State University Billings,2019-10-07 to 2019-10-16,2019-10-07,2019-10-16,99 (LV),,Matt Rosendale,R,32%,False,"October 7–16, 2019"
2020,Montana,MT,AL,Republican Primary,Montana State University Billings,2019-10-07 to 2019-10-16,2019-10-07,2019-10-16,99 (LV),,Corey Stapleton,R,22%,False,"October 7–16, 2019"
2020,Montana,MT,AL,Democratic Primary,Montana State University Billings,2019-10-07 to 2019-10-16,2019-10-07,2019-10-16,40 (LV),,Matt Rains,D,6%,False,"October 7–16, 2019"
2020,Montana,MT,AL,Democratic Primary,Montana State University Billings,2019-10-07 to 2019-10-16,2019-10-07,2019-10-16,40 (LV),,Kathleen Williams,D,69%,False,"October 7–16, 2019"
2020,New Hampshire,NH,1,Republican Primary,Saint Anselm College,2020-08-15 to 2020-08-17,2020-08-15,2020-08-17,261 (RV),6.1,Matt Mayberry,R,12%,False,"August 15–17, 2020"
2020,New Hampshire,NH,1,Republican Primary,Saint Anselm College,2020-08-15 to 2020-08-17,2020-08-15,2020-08-17,261 (RV),6.1,Matt Mowers,R,23%,False,"August 15–17, 2020"
2020,New Hampshire,NH,1,Republican Primary,University of New Hampshire,2020-08-28 to 2020-09-01,2020-08-28,2020-09-01,323 (LV),,Matt Mayberry,R,17%,False,"August 28 – September 1, 2020"
2020,New Hampshire,NH,1,Republican Primary,University of New Hampshire,2020-08-28 to 2020-09-01,2020-08-28,2020-09-01,323 (LV),,Matt Mowers,R,48%,False,"August 28 – September 1, 2020"
2020,New Hampshire,NH,2,Republican Primary,Saint Anselm College,2020-08-15 to 2020-08-17,2020-08-15,2020-08-17,216 (RV),6.7,Lynn Blankenbeker,R,15%,False,"August 15–17, 2020"
2020,New Hampshire,NH,2,Republican Primary,Saint Anselm College,2020-08-15 to 2020-08-17,2020-08-15,2020-08-17,216 (RV),6.7,Steve Negron,R,37%,False,"August 15–17, 2020"
2020,New Hampshire,NH,2,Republican Primary,University of New Hampshire,2020-08-28 to 2020-09-01,2020-08-28,2020-09-01,367 (LV),,Lynn Blankenbeker,R,20%,False,"August 28 – September 1, 2020"
2020,New Hampshire,NH,2,Republican Primary,University of New Hampshire,2020-08-28 to 2020-09-01,2020-08-28,2020-09-01,367 (LV),,Steve Negron,R,50%,False,"August 28 – September 1, 2020"
2020,New Jersey,NJ,5,Democratic Primary,Data for Progress,2020-05-17,2020-05-17,2020-05-17,368 (LV),5.1,Josh Gottheimer,D,64%,False,"May 17, 2020"
2020,New Jersey,NJ,5,Democratic Primary,Data for Progress,2020-05-17,2020-05-17,2020-05-17,368 (LV),5.1,Arati Kreibich,D,17%,False,"May 17, 2020"
2020,New Jersey,NJ,5,Democratic Primary,TargetSmart (D),2020-06-17 to 2020-06-18,2020-06-17,2020-06-18,,4.9,Josh Gottheimer,D,66%,False,"June 17–18, 2020"
2020,New Jersey,NJ,5,Democratic Primary,TargetSmart (D),2020-06-17 to 2020-06-18,2020-06-17,2020-06-18,,4.9,Arati Kreibich,D,23%,False,"June 17–18, 2020"
2020,New Mexico,NM,2,Republican Primary,The Strategy Group Company (R),2019-01-23 to 2019-01-27,2019-01-23,2019-01-27,537 (LV),,Claire Chase,R,4%,False,"January 23–27, 2019"
2020,New Mexico,NM,2,Republican Primary,The Strategy Group Company (R),2019-01-23 to 2019-01-27,2019-01-23,2019-01-27,537 (LV),,Gavin Clarkson,R,7%,False,"January 23–27, 2019"
2020,New Mexico,NM,2,Republican Primary,The Strategy Group Company (R),2019-01-23 to 2019-01-27,2019-01-23,2019-01-27,537 (LV),,Yvette Herrell,R,50%,False,"January 23–27, 2019"
2020,New Mexico,NM,2,Republican Primary,The Strategy Group Company (R),2019-01-23 to 2019-01-27,2019-01-23,2019-01-27,537 (LV),,Chris Mathys,R,2%,False,"January 23–27, 2019"
2020,New Mexico,NM,2,Republican Primary,The Tarrance Group (R),2019-12-02 to 2019-12-03,2019-12-02,2019-12-03,450 (LV),4.7,Claire Chase,R,13%,False,"December 2–3, 2019"
2020,New Mexico,NM,2,Republican Primary,The Tarrance Group (R),2019-12-02 to 2019-12-03,2019-12-02,2019-12-03,450 (LV),4.7,Yvette Herrell,R,43%,False,"December 2–3, 2019"
2020,New Mexico,NM,2,Republican Primary,The Tarrance Group (R),2019-12-02 to 2019-12-03,2019-12-02,2019-12-03,450 (LV),4.7,Chris Mathys,R,12%,False,"December 2–3, 2019"
2020,New Mexico,NM,3,Democratic Primary,Anzalone Liszt Grove Research,2020-02-11 to 2020-02-16,2020-02-11,2020-02-16,500 (LV),,Teresa Fernandez,D,11%,False,"February 11–16, 2020"
2020,New Mexico,NM,3,Democratic Primary,Anzalone Liszt Grove Research,2020-02-11 to 2020-02-16,2020-02-11,2020-02-16,500 (LV),,Valerie Plame,D,21%,False,"February 11–16, 2020"
2020,New Mexico,NM,3,Democratic Primary,Anzalone Liszt Grove Research,2020-02-11 to 2020-02-16,2020-02-11,2020-02-16,500 (LV),,Marco Serna,D,7%,False,"February 11–16, 2020"
2020,New Mexico,NM,3,Democratic Primary,Clarity Campaign Labs,2020-05-20 to 2020-05-21,2020-05-20,2020-05-21,661 (LV),3.76,Teresa Fernandez,D,33%,False,"May 20–21, 2020"
2020,New Mexico,NM,3,Democratic Primary,Clarity Campaign Labs,2020-05-20 to 2020-05-21,2020-05-20,2020-05-21,661 (LV),3.76,Valerie Plame,D,24%,False,"May 20–21, 2020"
2020,New Mexico,NM,3,Democratic Primary,Clarity Campaign Labs,2020-05-20 to 2020-05-21,2020-05-20,2020-05-21,661 (LV),3.76,Joseph Sanchez,D,7%,False,"May 20–21, 2020"
2020,New Mexico,NM,3,Democratic Primary,Clarity Campaign Labs,2020-05-20 to 2020-05-21,2020-05-20,2020-05-21,661 (LV),3.76,Marco Serna,D,9%,False,"May 20–21, 2020"
2020,New York,NY,1,Democratic Primary,GBAO Strategies,2020-01-27 to 2020-01-30,2020-01-27,2020-01-30,500 (LV),4.4,Bridget Fleming,D,21%,False,"January 27–30, 2020"
2020,New York,NY,1,Democratic Primary,GBAO Strategies,2020-01-27 to 2020-01-30,2020-01-27,2020-01-30,500 (LV),4.4,Perry Gershon,D,42%,False,"January 27–30, 2020"
2020,New York,NY,1,Democratic Primary,GBAO Strategies,2020-01-27 to 2020-01-30,2020-01-27,2020-01-30,500 (LV),4.4,Nancy Goroff,D,9%,False,"January 27–30, 2020"
2020,New York,NY,1,Democratic Primary,Global Strategy Group,2020-04,2020-04-01,2020-04-30,,,Gregory-John Fischer,D,1%,False,Early April 2020
2020,New York,NY,1,Democratic Primary,Global Strategy Group,2020-04,2020-04-01,2020-04-30,,,Bridget Fleming,D,16%,False,Early April 2020
2020,New York,NY,1,Democratic Primary,Global Strategy Group,2020-04,2020-04-01,2020-04-30,,,Perry Gershon,D,33%,False,Early April 2020
2020,New York,NY,1,Democratic Primary,Global Strategy Group,2020-04,2020-04-01,2020-04-30,,,Nancy Goroff,D,11%,False,Early April 2020
2020,New York,NY,1,Democratic Primary,Honan Strategy Group,2020-05-24 to 2020-05-31,2020-05-24,2020-05-31,640 (LV),3.85,Bridget Fleming,D,29%,False,"May 24–31, 2020"
2020,New York,NY,1,Democratic Primary,Honan Strategy Group,2020-05-24 to 2020-05-31,2020-05-24,2020-05-31,640 (LV),3.85,Perry Gershon,D,22%,False,"May 24–31, 2020"
2020,New York,NY,1,Democratic Primary,Honan Strategy Group,2020-05-24 to 2020-05-31,2020-05-24,2020-05-31,640 (LV),3.85,Nancy Goroff,D,29%,False,"May 24–31, 2020"
2020,New York,NY,1,Democratic Primary,Global Strategy Group,2020-05-26 to 2020-05-28,2020-05-26,2020-05-28,401 (LV),4.9,Gregory-John Fischer,D,1%,False,"May 26–28, 2020"
2020,New York,NY,1,Democratic Primary,Global Strategy Group,2020-05-26 to 2020-05-28,2020-05-26,2020-05-28,401 (LV),4.9,Bridget Fleming,D,17%,False,"May 26–28, 2020"
2020,New York,NY,1,Democratic Primary,Global Strategy Group,2020-05-26 to 2020-05-28,2020-05-26,2020-05-28,401 (LV),4.9,Perry Gershon,D,29%,False,"May 26–28, 2020"
2020,New York,NY,1,Democratic Primary,Global Strategy Group,2020-05-26 to 2020-05-28,2020-05-26,2020-05-28,401 (LV),4.9,Nancy Goroff,D,27%,False,"May 26–28, 2020"
2020,New York,NY,15,Democratic Primary,Data for Progress,2020-05-21 to 2020-05-24,2020-05-21,2020-05-24,323 (LV),,Michael Blake,D,6%,False,"May 21–24, 2020"
2020,New York,NY,15,Democratic Primary,Data for Progress,2020-05-21 to 2020-05-24,2020-05-21,2020-05-24,323 (LV),,Rubén Díaz,D,22%,False,"May 21–24, 2020"
2020,New York,NY,15,Democratic Primary,Data for Progress,2020-05-21 to 2020-05-24,2020-05-21,2020-05-24,323 (LV),,Ydanis Rodríguez,D,6%,False,"May 21–24, 2020"
2020,New York,NY,15,Democratic Primary,Data for Progress,2020-05-21 to 2020-05-24,2020-05-21,2020-05-24,323 (LV),,Ritchie Torres,D,20%,False,"May 21–24, 2020"
2020,New York,NY,15,Democratic Primary,Data for Progress,2020-05-21 to 2020-05-24,2020-05-21,2020-05-24,323 (LV),,Melissa Mark-Viverito,D,6%,False,"May 21–24, 2020"
2020,New York,NY,15,Democratic Primary,Data for Progress,2020-05-21 to 2020-05-24,2020-05-21,2020-05-24,323 (LV),,Samelys López,D,2%,False,"May 21–24, 2020"
2020,New York,NY,16,Democratic Primary,Data for Progress,2019-09-09 to 2019-09-13,2019-09-09,2019-09-13,578 (RV),5.7,Eliot Engel,D,29%,False,"September 9–13, 2019"
2020,New York,NY,16,Democratic Primary,Data for Progress,2019-09-09 to 2019-09-13,2019-09-09,2019-09-13,578 (RV),5.7,Eliot Engel,D,35%,False,"September 9–13, 2019"
2020,New York,NY,16,Democratic Primary,Data for Progress,2019-09-09 to 2019-09-13,2019-09-09,2019-09-13,578 (RV),5.7,Jamaal Bowman,D,10%,False,"September 9–13, 2019"
2020,New York,NY,16,Democratic Primary,Data for Progress,2019-09-09 to 2019-09-13,2019-09-09,2019-09-13,578 (RV),5.7,Andom Ghebreghiorgis,D,1%,False,"September 9–13, 2019"
2020,New York,NY,16,Democratic Primary,Data for Progress,2019-09-09 to 2019-09-13,2019-09-09,2019-09-13,578 (RV),5.7,More Liberal Democrat,D,20%,False,"September 9–13, 2019"
2020,New York,NY,16,Democratic Primary,Data for Progress,2020-06-11 to 2020-06-15,2020-06-11,2020-06-15,525 (LV),5.1,Eliot Engel,D,36%,False,"June 11–15, 2020"
2020,New York,NY,16,Democratic Primary,Data for Progress,2020-06-11 to 2020-06-15,2020-06-11,2020-06-15,525 (LV),5.1,Jamaal Bowman,D,52%,False,"June 11–15, 2020"
2020,New York,NY,17,Democratic Primary,Data for Progress,2020-05-28 to 2020-06-03,2020-05-28,2020-06-03,302 (V),,David Buchwald,D,6%,False,"May 28 – June 3, 2020"
2020,New York,NY,17,Democratic Primary,Data for Progress,2020-05-28 to 2020-06-03,2020-05-28,2020-06-03,302 (V),,David Carlucci,D,15%,False,"May 28 – June 3, 2020"
2020,New York,NY,17,Democratic Primary,Data for Progress,2020-05-28 to 2020-06-03,2020-05-28,2020-06-03,302 (V),,Evelyn Farkas,D,13%,False,"May 28 – June 3, 2020"
2020,New York,NY,17,Democratic Primary,Data for Progress,2020-05-28 to 2020-06-03,2020-05-28,2020-06-03,302 (V),,Mondaire Jones,D,12%,False,"May 28 – June 3, 2020"
2020,New York,NY,17,Democratic Primary,Data for Progress,2020-05-28 to 2020-06-03,2020-05-28,2020-06-03,302 (V),,Adam Schleifer,D,13%,False,"May 28 – June 3, 2020"
2020,New York,NY,17,Democratic Primary,Public Policy Polling,2020-06-15 to 2020-06-16,2020-06-15,2020-06-16,"1,141 (LV)",,David Buchwald,D,8%,False,"June 15–16, 2020"
2020,New York,NY,17,Democratic Primary,Public Policy Polling,2020-06-15 to 2020-06-16,2020-06-15,2020-06-16,"1,141 (LV)",,David Carlucci,D,11%,False,"June 15–16, 2020"
2020,New York,NY,17,Democratic Primary,Public Policy Polling,2020-06-15 to 2020-06-16,2020-06-15,2020-06-16,"1,141 (LV)",,Evelyn Farkas,D,14%,False,"June 15–16, 2020"
2020,New York,NY,17,Democratic Primary,Public Policy Polling,2020-06-15 to 2020-06-16,2020-06-15,2020-06-16,"1,141 (LV)",,Mondaire Jones,D,25%,False,"June 15–16, 2020"
2020,New York,NY,17,Democratic Primary,Public Policy Polling,2020-06-15 to 2020-06-16,2020-06-15,2020-06-16,"1,141 (LV)",,Adam Schleifer,D,14%,False,"June 15–16, 2020"
2020,New York,NY,2,Republican Primary,WPA Intelligence,2019-11-17 to 2019-11-18,2019-11-17,2019-11-18,400 (LV),,Rick Lazio,R,19%,False,"November 17–18, 2019"
2020,New York,NY,2,Republican Primary,WPA Intelligence,2019-11-17 to 2019-11-18,2019-11-17,2019-11-18,400 (LV),,Lara Trump,R,53%,False,"November 17–18, 2019"
2020,New York,NY,24,Democratic Primary,GBAO Strategies,2020-03-23 to 2020-03-25,2020-03-23,2020-03-25,400 (LV),4.9,Dana Balter,D,64%,False,"March 23–25, 2020"
2020,New York,NY,24,Democratic Primary,GBAO Strategies,2020-03-23 to 2020-03-25,2020-03-23,2020-03-25,400 (LV),4.9,Francis Conole,D,21%,False,"March 23–25, 2020"
2020,New York,NY,24,Democratic Primary,GBAO Strategies,2020-06-04 to 2020-06-07,2020-06-04,2020-06-07,400 (LV),4.9,Dana Balter,D,60%,False,"June 4–7, 2020"
2020,New York,NY,24,Democratic Primary,GBAO Strategies,2020-06-04 to 2020-06-07,2020-06-04,2020-06-07,400 (LV),4.9,Francis Conole,D,31%,False,"June 4–7, 2020"
2020,New York,NY,27,Republican Primary,Tel Opinion Research,2019-07-31 to 2019-08-01,2019-07-31,2019-08-01,500 (V),,Chris Collins,R,46%,False,"July 31 – August 1, 2019"
2020,New York,NY,27,Republican Primary,Tel Opinion Research,2019-07-31 to 2019-08-01,2019-07-31,2019-08-01,500 (V),,Chris Jacobs,R,26%,False,"July 31 – August 1, 2019"
2020,New York,NY,27,Republican Primary,Tel Opinion Research,2019-07-31 to 2019-08-01,2019-07-31,2019-08-01,500 (V),,Chris Jacobs,R,39%,False,"July 31 – August 1, 2019"
2020,New York,NY,27,Republican Primary,Tel Opinion Research,2019-07-31 to 2019-08-01,2019-07-31,2019-08-01,500 (V),,Chris Jacobs,R,24%,False,"July 31 – August 1, 2019"
2020,New York,NY,27,Republican Primary,Tel Opinion Research,2019-07-31 to 2019-08-01,2019-07-31,2019-08-01,500 (V),,Chris Jacobs,R,27%,False,"July 31 – August 1, 2019"
2020,New York,NY,27,Republican Primary,Tel Opinion Research,2019-07-31 to 2019-08-01,2019-07-31,2019-08-01,500 (V),,Beth Parlato,R,4%,False,"July 31 – August 1, 2019"
2020,New York,NY,27,Republican Primary,Tel Opinion Research,2019-07-31 to 2019-08-01,2019-07-31,2019-08-01,500 (V),,Beth Parlato,R,6%,False,"July 31 – August 1, 2019"
2020,New York,NY,27,Republican Primary,Tel Opinion Research,2019-07-31 to 2019-08-01,2019-07-31,2019-08-01,500 (V),,Stefan Mychajlw,R,16%,False,"July 31 – August 1, 2019"
2020,New York,NY,27,Republican Primary,Tel Opinion Research,2019-07-31 to 2019-08-01,2019-07-31,2019-08-01,500 (V),,Stefan Mychajlw,R,6%,False,"July 31 – August 1, 2019"
2020,New York,NY,27,Republican Primary,Tel Opinion Research,2019-07-31 to 2019-08-01,2019-07-31,2019-08-01,500 (V),,David Bellavia,R,33%,False,"July 31 – August 1, 2019"
2020,New York,NY,27,Republican Primary,Tel Opinion Research,2019-07-31 to 2019-08-01,2019-07-31,2019-08-01,500 (V),,David Bellavia,R,41%,False,"July 31 – August 1, 2019"
2020,North Carolina,NC,2,Democratic Primary,ALG Research (D),2020-01-07 to 2020-01-12,2020-01-07,2020-01-12,501 (LV),4.4,Monika Johnson-Holster,D,6%,False,"January 7–12, 2020"
2020,North Carolina,NC,2,Democratic Primary,ALG Research (D),2020-01-07 to 2020-01-12,2020-01-07,2020-01-12,501 (LV),4.4,Ollie Nelson,D,2%,False,"January 7–12, 2020"
2020,North Carolina,NC,2,Democratic Primary,ALG Research (D),2020-01-07 to 2020-01-12,2020-01-07,2020-01-12,501 (LV),4.4,Deborah Ross,D,40%,False,"January 7–12, 2020"
2020,North Carolina,NC,2,Democratic Primary,ALG Research (D),2020-01-07 to 2020-01-12,2020-01-07,2020-01-12,501 (LV),4.4,Andrew Terrell,D,1%,False,"January 7–12, 2020"
2020,Pennsylvania,PA,10,Democratic Primary,GBAO Strategies,2020-02-05 to 2020-02-09,2020-02-05,2020-02-09,,,Tom Brier,D,16%,False,"February 5–9, 2020"
2020,Pennsylvania,PA,10,Democratic Primary,GBAO Strategies,2020-02-05 to 2020-02-09,2020-02-05,2020-02-09,,,Eugene De Pasquale,D,68%,False,"February 5–9, 2020"
2020,South Carolina,SC,1,Republican Primary,PMI,2018-11-08 to 2018-11-10,2018-11-08,2018-11-10,"2,291 (LV)",2.0,Nancy Mace,R,7%,False,"November 8–10, 2018"
2020,South Carolina,SC,1,Republican Primary,PMI,2018-11-08 to 2018-11-10,2018-11-08,2018-11-10,"2,291 (LV)",2.0,Katie Arrington,R,32%,False,"November 8–10, 2018"
2020,South Carolina,SC,1,Republican Primary,PMI,2018-11-08 to 2018-11-10,2018-11-08,2018-11-10,"2,291 (LV)",2.0,Tom Davis,R,9%,False,"November 8–10, 2018"
2020,South Carolina,SC,1,Republican Primary,PMI,2018-11-08 to 2018-11-10,2018-11-08,2018-11-10,"2,291 (LV)",2.0,Larry Grooms,R,4%,False,"November 8–10, 2018"
2020,South Carolina,SC,1,Republican Primary,PMI,2018-11-08 to 2018-11-10,2018-11-08,2018-11-10,"2,291 (LV)",2.0,Weston Newton,R,3%,False,"November 8–10, 2018"
2020,South Carolina,SC,1,Republican Primary,PMI,2018-11-08 to 2018-11-10,2018-11-08,2018-11-10,"2,291 (LV)",2.0,Mark Sanford,R,26%,False,"November 8–10, 2018"
2020,South Carolina,SC,1,Republican Primary,PMI,2018-11-08 to 2018-11-10,2018-11-08,2018-11-10,"2,291 (LV)",2.0,Catherine Templeton,R,3%,False,"November 8–10, 2018"
2020,South Carolina,SC,1,Republican Primary,PMI,2018-11-08 to 2018-11-10,2018-11-08,2018-11-10,"2,291 (LV)",2.0,Maria Walls,R,1%,False,"November 8–10, 2018"
2020,South Carolina,SC,1,Republican Primary,The Trafalgar Group,2019-01-28 to 2019-02-01,2019-01-28,2019-02-01,"2,479 (LV)",2.0,Nancy Mace,R,5%,False,"January 28 – February 1, 2019"
2020,South Carolina,SC,1,Republican Primary,The Trafalgar Group,2019-01-28 to 2019-02-01,2019-01-28,2019-02-01,"2,479 (LV)",2.0,Katie Arrington,R,26%,False,"January 28 – February 1, 2019"
2020,South Carolina,SC,1,Republican Primary,The Trafalgar Group,2019-01-28 to 2019-02-01,2019-01-28,2019-02-01,"2,479 (LV)",2.0,Tom Davis,R,7%,False,"January 28 – February 1, 2019"
2020,South Carolina,SC,1,Republican Primary,The Trafalgar Group,2019-01-28 to 2019-02-01,2019-01-28,2019-02-01,"2,479 (LV)",2.0,Larry Grooms,R,6%,False,"January 28 – February 1, 2019"
2020,South Carolina,SC,1,Republican Primary,The Trafalgar Group,2019-01-28 to 2019-02-01,2019-01-28,2019-02-01,"2,479 (LV)",2.0,Peter McCoy,R,2%,False,"January 28 – February 1, 2019"
2020,South Carolina,SC,1,Republican Primary,The Trafalgar Group,2019-01-28 to 2019-02-01,2019-01-28,2019-02-01,"2,479 (LV)",2.0,Weston Newton,R,3%,False,"January 28 – February 1, 2019"
2020,South Carolina,SC,1,Republican Primary,The Trafalgar Group,2019-01-28 to 2019-02-01,2019-01-28,2019-02-01,"2,479 (LV)",2.0,Mark Sanford,R,23%,False,"January 28 – February 1, 2019"
2020,South Carolina,SC,1,Republican Primary,The Trafalgar Group,2019-01-28 to 2019-02-01,2019-01-28,2019-02-01,"2,479 (LV)",2.0,Elliott Summey,R,1%,False,"January 28 – February 1, 2019"
2020,South Carolina,SC,1,Republican Primary,The Trafalgar Group,2019-01-28 to 2019-02-01,2019-01-28,2019-02-01,"2,479 (LV)",2.0,Catherine Templeton,R,3%,False,"January 28 – February 1, 2019"
2020,South Carolina,SC,1,Republican Primary,The Trafalgar Group,2019-01-28 to 2019-02-01,2019-01-28,2019-02-01,"2,479 (LV)",2.0,Teddy Turner,R,1%,False,"January 28 – February 1, 2019"
2020,South Carolina,SC,1,Republican Primary,The Trafalgar Group,2019-01-28 to 2019-02-01,2019-01-28,2019-02-01,"2,479 (LV)",2.0,Maria Walls,R,1%,False,"January 28 – February 1, 2019"
2020,South Carolina,SC,1,Republican Primary,First Tuesday Strategies,2019-10-04 to 2019-10-07,2019-10-04,2019-10-07,500 (LV),4.4,Mike Covert,R,3%,False,"October 4–7, 2019"
2020,South Carolina,SC,1,Republican Primary,First Tuesday Strategies,2019-10-04 to 2019-10-07,2019-10-04,2019-10-07,500 (LV),4.4,Chris Cox,R,3%,False,"October 4–7, 2019"
2020,South Carolina,SC,1,Republican Primary,First Tuesday Strategies,2019-10-04 to 2019-10-07,2019-10-04,2019-10-07,500 (LV),4.4,Kathy Landing,R,3%,False,"October 4–7, 2019"
2020,South Carolina,SC,1,Republican Primary,First Tuesday Strategies,2019-10-04 to 2019-10-07,2019-10-04,2019-10-07,500 (LV),4.4,Nancy Mace,R,19%,False,"October 4–7, 2019"
2020,South Carolina,SC,1,Republican Primary,Club For Growth,2019-10-15 to 2019-10-16,2019-10-15,2019-10-16,400 (V),,Mike Covert,R,8%,False,"October 15–16, 2019"
2020,South Carolina,SC,1,Republican Primary,Club For Growth,2019-10-15 to 2019-10-16,2019-10-15,2019-10-16,400 (V),,Chris Cox,R,8%,False,"October 15–16, 2019"
2020,South Carolina,SC,1,Republican Primary,Club For Growth,2019-10-15 to 2019-10-16,2019-10-15,2019-10-16,400 (V),,Kathy Landing,R,5%,False,"October 15–16, 2019"
2020,South Carolina,SC,1,Republican Primary,Club For Growth,2019-10-15 to 2019-10-16,2019-10-15,2019-10-16,400 (V),,Nancy Mace,R,23%,False,"October 15–16, 2019"
2020,South Carolina,SC,1,Republican Primary,WPAi,2020-04-20 to 2020-04-21,2020-04-20,2020-04-21,401 (LV),4.4,Chris Cox,R,8%,False,"April 20–21, 2020"
2020,South Carolina,SC,1,Republican Primary,WPAi,2020-04-20 to 2020-04-21,2020-04-20,2020-04-21,401 (LV),4.4,Kathy Landing,R,13%,False,"April 20–21, 2020"
2020,South Carolina,SC,1,Republican Primary,WPAi,2020-04-20 to 2020-04-21,2020-04-20,2020-04-21,401 (LV),4.4,Nancy Mace,R,42%,False,"April 20–21, 2020"
2020,Tennessee,TN,1,Republican Primary,Spry Strategies,2020-06-21 to 2020-06-24,2020-06-21,2020-06-24,800 (LV),4.0,Rusty Crowe,R,14%,False,"June 21–24, 2020"
2020,Tennessee,TN,1,Republican Primary,Spry Strategies,2020-06-21 to 2020-06-24,2020-06-21,2020-06-24,800 (LV),4.0,Steve Darden,R,6%,False,"June 21–24, 2020"
2020,Tennessee,TN,1,Republican Primary,Spry Strategies,2020-06-21 to 2020-06-24,2020-06-21,2020-06-24,800 (LV),4.0,Josh Gapp,R,6%,False,"June 21–24, 2020"
2020,Tennessee,TN,1,Republican Primary,Spry Strategies,2020-06-21 to 2020-06-24,2020-06-21,2020-06-24,800 (LV),4.0,Diana Harshbarger,R,22%,False,"June 21–24, 2020"
2020,Tennessee,TN,1,Republican Primary,Spry Strategies,2020-06-21 to 2020-06-24,2020-06-21,2020-06-24,800 (LV),4.0,David Hawk,R,6%,False,"June 21–24, 2020"
2020,Tennessee,TN,1,Republican Primary,Spry Strategies,2020-06-21 to 2020-06-24,2020-06-21,2020-06-24,800 (LV),4.0,Timothy Hill,R,11%,False,"June 21–24, 2020"
2020,Tennessee,TN,1,Republican Primary,Spry Strategies,2020-07-28 to 2020-07-30,2020-07-28,2020-07-30,665 (LV),4.5,Rusty Crowe,R,16%,False,"July 28–30, 2020"
2020,Tennessee,TN,1,Republican Primary,Spry Strategies,2020-07-28 to 2020-07-30,2020-07-28,2020-07-30,665 (LV),4.5,Steve Darden,R,9%,False,"July 28–30, 2020"
2020,Tennessee,TN,1,Republican Primary,Spry Strategies,2020-07-28 to 2020-07-30,2020-07-28,2020-07-30,665 (LV),4.5,Josh Gapp,R,12%,False,"July 28–30, 2020"
2020,Tennessee,TN,1,Republican Primary,Spry Strategies,2020-07-28 to 2020-07-30,2020-07-28,2020-07-30,665 (LV),4.5,Diana Harshbarger,R,16%,False,"July 28–30, 2020"
2020,Tennessee,TN,1,Republican Primary,Spry Strategies,2020-07-28 to 2020-07-30,2020-07-28,2020-07-30,665 (LV),4.5,David Hawk,R,6%,False,"July 28–30, 2020"
2020,Tennessee,TN,1,Republican Primary,Spry Strategies,2020-07-28 to 2020-07-30,2020-07-28,2020-07-30,665 (LV),4.5,Timothy Hill,R,10%,False,"July 28–30, 2020"
2020,Texas,TX,12,Republican Primary,Remington Research Group (R),2019-12-17 to 2019-12-18,2019-12-17,2019-12-18,686 (LV),3.7,Kay Granger,R,62%,False,"December 17–18, 2019"
2020,Texas,TX,12,Republican Primary,Remington Research Group (R),2019-12-17 to 2019-12-18,2019-12-17,2019-12-18,686 (LV),3.7,Chris Putnam,R,16%,False,"December 17–18, 2019"
2020,Texas,TX,13,Republican Primary,WPA Intelligence (R),2020-05-11 to 2020-05-12,2020-05-11,2020-05-12,,,Ronny Jackson,R,36%,False,"May 11–12, 2020"
2020,Texas,TX,13,Republican Primary,WPA Intelligence (R),2020-05-11 to 2020-05-12,2020-05-11,2020-05-12,,,Josh Winegarner,R,47%,False,"May 11–12, 2020"
2020,Texas,TX,13,Republican Primary,WPA Intelligence (R),2020-06-17 to 2020-06-18,2020-06-17,2020-06-18,408 (LV),4.9,Ronny Jackson,R,49%,False,"June 17–18, 2020"
2020,Texas,TX,13,Republican Primary,WPA Intelligence (R),2020-06-17 to 2020-06-18,2020-06-17,2020-06-18,408 (LV),4.9,Josh Winegarner,R,41%,False,"June 17–18, 2020"
2020,Texas,TX,13,Republican Primary,"Fabrizio, Lee & Associates (R)",2020-06-27 to 2020-06-28,2020-06-27,2020-06-28,400 (LV),4.9,Ronny Jackson,R,46%,False,"June 27–28, 2020"
2020,Texas,TX,13,Republican Primary,"Fabrizio, Lee & Associates (R)",2020-06-27 to 2020-06-28,2020-06-27,2020-06-28,400 (LV),4.9,Josh Winegarner,R,29%,False,"June 27–28, 2020"
2020,Texas,TX,22,Republican Primary,Remington Research Group (R),2020-03-07 to 2020-03-08,2020-03-07,2020-03-08,507 (LV),4.4,Troy Nehls,R,61%,False,"March 7–8, 2020"
2020,Texas,TX,22,Republican Primary,Remington Research Group (R),2020-03-07 to 2020-03-08,2020-03-07,2020-03-08,507 (LV),4.4,Kathaleen Wall,R,28%,False,"March 7–8, 2020"
2020,Texas,TX,24,Democratic Primary,Bold PAC,2019-10-28,2019-10-28,2019-10-28,,,Crystal Fletcher,D,10%,False,"Released on October 28, 2019"
2020,Texas,TX,24,Democratic Primary,Bold PAC,2019-10-28,2019-10-28,2019-10-28,,,Jan McDowell,D,9%,False,"Released on October 28, 2019"
2020,Texas,TX,24,Democratic Primary,Bold PAC,2019-10-28,2019-10-28,2019-10-28,,,Kim Olson,D,12%,False,"Released on October 28, 2019"
2020,Texas,TX,24,Democratic Primary,Bold PAC,2019-10-28,2019-10-28,2019-10-28,,,Candace Valenzuela,D,14%,False,"Released on October 28, 2019"
2020,Texas,TX,24,Democratic Primary,Data for Progress (D),2020-07-02 to 2020-07-07,2020-07-02,2020-07-07,440 (LV),4.7,Kim Olson,D,37%,False,"July 2–7, 2020"
2020,Texas,TX,24,Democratic Primary,Data for Progress (D),2020-07-02 to 2020-07-07,2020-07-02,2020-07-07,440 (LV),4.7,Candace Valenzuela,D,52%,False,"July 2–7, 2020"
2020,Texas,TX,32,Republican Primary,0ptimus,2020-01-28 to 2020-01-30,2020-01-28,2020-01-30,971 (LV),3.3,Genevieve Collins,R,14%,False,"January 28–30, 2020"
2020,Texas,TX,32,Republican Primary,0ptimus,2020-01-28 to 2020-01-30,2020-01-28,2020-01-30,971 (LV),3.3,Floyd McLendon,R,10%,False,"January 28–30, 2020"
2020,Utah,UT,1,Republican Primary,Y2 Analytics,2020-03-21 to 2020-03-30,2020-03-21,2020-03-30,103 (LV),9.7,Tina Cannon,R,8%,False,"March 21–30, 2020"
2020,Utah,UT,1,Republican Primary,Y2 Analytics,2020-03-21 to 2020-03-30,2020-03-21,2020-03-30,103 (LV),9.7,Douglas Durbano,R,11%,False,"March 21–30, 2020"
2020,Utah,UT,1,Republican Primary,Y2 Analytics,2020-03-21 to 2020-03-30,2020-03-21,2020-03-30,103 (LV),9.7,Kerry Gibson,R,7%,False,"March 21–30, 2020"
2020,Utah,UT,1,Republican Primary,Y2 Analytics,2020-03-21 to 2020-03-30,2020-03-21,2020-03-30,103 (LV),9.7,Catherine Hammon,R,12%,False,"March 21–30, 2020"
2020,Utah,UT,1,Republican Primary,Y2 Analytics,2020-03-21 to 2020-03-30,2020-03-21,2020-03-30,103 (LV),9.7,Blake Moore,R,6%,False,"March 21–30, 2020"
2020,Utah,UT,1,Republican Primary,Y2 Analytics,2020-03-21 to 2020-03-30,2020-03-21,2020-03-30,103 (LV),9.7,Mark Shepherd,R,13%,False,"March 21–30, 2020"
2020,Utah,UT,1,Republican Primary,Y2 Analytics,2020-03-21 to 2020-03-30,2020-03-21,2020-03-30,103 (LV),9.7,Bob Stevenson,R,25%,False,"March 21–30, 2020"
2020,Utah,UT,1,Republican Primary,Y2 Analytics,2020-03-21 to 2020-03-30,2020-03-21,2020-03-30,103 (LV),9.7,Katie Witt,R,17%,False,"March 21–30, 2020"
2020,Utah,UT,1,Democratic Primary,Y2 Analytics,2020-03-21 to 2020-03-30,2020-03-21,2020-03-30,29 (LV),18.2,Jamie Cheek,D,42%,False,"March 21–30, 2020"
2020,Utah,UT,1,Democratic Primary,Y2 Analytics,2020-03-21 to 2020-03-30,2020-03-21,2020-03-30,29 (LV),18.2,Darren Parry,D,58%,False,"March 21–30, 2020"
2020,Utah,UT,1,Republican Primary,Y2 Analytics,2020-05-16 to 2020-05-18,2020-05-16,2020-05-18,127 (LV),8.7,Kerry Gibson,R,20%,False,"May 16–18, 2020"
2020,Utah,UT,1,Republican Primary,Y2 Analytics,2020-05-16 to 2020-05-18,2020-05-16,2020-05-18,127 (LV),8.7,Blake Moore,R,16%,False,"May 16–18, 2020"
2020,Utah,UT,1,Republican Primary,Y2 Analytics,2020-05-16 to 2020-05-18,2020-05-16,2020-05-18,127 (LV),8.7,Bob Stevenson,R,38%,False,"May 16–18, 2020"
2020,Utah,UT,1,Republican Primary,Y2 Analytics,2020-05-16 to 2020-05-18,2020-05-16,2020-05-18,127 (LV),8.7,Katie Witt,R,26%,False,"May 16–18, 2020"
2020,Utah,UT,1,Republican Primary,Dan Jones & Associates,2020-06-02 to 2020-06-09,2020-06-02,2020-06-09,417 (LV),5.0,Kerry Gibson,R,13%,False,"June 2–9, 2020"
2020,Utah,UT,1,Republican Primary,Dan Jones & Associates,2020-06-02 to 2020-06-09,2020-06-02,2020-06-09,417 (LV),5.0,Blake Moore,R,16%,False,"June 2–9, 2020"
2020,Utah,UT,1,Republican Primary,Dan Jones & Associates,2020-06-02 to 2020-06-09,2020-06-02,2020-06-09,417 (LV),5.0,Bob Stevenson,R,16%,False,"June 2–9, 2020"
2020,Utah,UT,1,Republican Primary,Dan Jones & Associates,2020-06-02 to 2020-06-09,2020-06-02,2020-06-09,417 (LV),5.0,Katie Witt,R,7%,False,"June 2–9, 2020"
2020,Utah,UT,1,Republican Primary,Global Strategy Group,2020-06-18 to 2020-06-20,2020-06-18,2020-06-20,834 (LV),3.7,Kerry Gibson,R,15%,False,"June 18–20, 2020"
2020,Utah,UT,1,Republican Primary,Global Strategy Group,2020-06-18 to 2020-06-20,2020-06-18,2020-06-20,834 (LV),3.7,Blake Moore,R,25%,False,"June 18–20, 2020"
2020,Utah,UT,1,Republican Primary,Global Strategy Group,2020-06-18 to 2020-06-20,2020-06-18,2020-06-20,834 (LV),3.7,Bob Stevenson,R,23%,False,"June 18–20, 2020"
2020,Utah,UT,1,Republican Primary,Global Strategy Group,2020-06-18 to 2020-06-20,2020-06-18,2020-06-20,834 (LV),3.7,Katie Witt,R,12%,False,"June 18–20, 2020"
2020,Utah,UT,2,Republican Primary,Y2 Analytics,2020-03-21 to 2020-03-30,2020-03-21,2020-03-30,175 (LV),,Mark Burkett,R,17%,False,"March 21–30, 2020"
2020,Utah,UT,2,Republican Primary,Y2 Analytics,2020-03-21 to 2020-03-30,2020-03-21,2020-03-30,175 (LV),,Ty Jensen,R,6%,False,"March 21–30, 2020"
2020,Utah,UT,2,Republican Primary,Y2 Analytics,2020-03-21 to 2020-03-30,2020-03-21,2020-03-30,175 (LV),,Carson Jorgensen,R,4%,False,"March 21–30, 2020"
2020,Utah,UT,2,Republican Primary,Y2 Analytics,2020-03-21 to 2020-03-30,2020-03-21,2020-03-30,175 (LV),,Chris Stewart,R,73%,False,"March 21–30, 2020"
2020,Utah,UT,2,Democratic Primary,Y2 Analytics,2020-03-21 to 2020-03-30,2020-03-21,2020-03-30,59 (LV),,Randy Hopkins,D,41%,False,"March 21–30, 2020"
2020,Utah,UT,2,Democratic Primary,Y2 Analytics,2020-03-21 to 2020-03-30,2020-03-21,2020-03-30,59 (LV),,Larry Livingston,D,19%,False,"March 21–30, 2020"
2020,Utah,UT,2,Democratic Primary,Y2 Analytics,2020-03-21 to 2020-03-30,2020-03-21,2020-03-30,59 (LV),,Kael Weston,D,40%,False,"March 21–30, 2020"
2020,Utah,UT,3,Republican Primary,Y2 Analytics,2020-03-21 to 2020-03-30,2020-03-21,2020-03-30,184 (LV),,Tim Alders,R,22%,False,"March 21–30, 2020"
2020,Utah,UT,3,Republican Primary,Y2 Analytics,2020-03-21 to 2020-03-30,2020-03-21,2020-03-30,184 (LV),,John Curtis,R,78%,False,"March 21–30, 2020"
2020,Utah,UT,3,Democratic Primary,Y2 Analytics,2020-03-21 to 2020-03-30,2020-03-21,2020-03-30,37 (LV),,Jared Anderson,D,37%,False,"March 21–30, 2020"
2020,Utah,UT,3,Democratic Primary,Y2 Analytics,2020-03-21 to 2020-03-30,2020-03-21,2020-03-30,37 (LV),,Tray Robinson,D,21%,False,"March 21–30, 2020"
2020,Utah,UT,3,Democratic Primary,Y2 Analytics,2020-03-21 to 2020-03-30,2020-03-21,2020-03-30,37 (LV),,Devin Thorpe,D,42%,False,"March 21–30, 2020"
2020,Utah,UT,4,Republican Primary,Echleon Insights (R),2019-07-17 to 2019-07-21,2019-07-17,2019-07-21,400 (LV),4.9,Kathleen Anderson,R,2%,False,"July 17–21, 2019"
2020,Utah,UT,4,Republican Primary,Echleon Insights (R),2019-07-17 to 2019-07-21,2019-07-17,2019-07-21,400 (LV),4.9,Kim Coleman,R,3%,False,"July 17–21, 2019"
2020,Utah,UT,4,Republican Primary,Echleon Insights (R),2019-07-17 to 2019-07-21,2019-07-17,2019-07-21,400 (LV),4.9,Jay McFarland,R,7%,False,"July 17–21, 2019"
2020,Utah,UT,4,Republican Primary,Echleon Insights (R),2019-07-17 to 2019-07-21,2019-07-17,2019-07-21,400 (LV),4.9,Dan Hemmert,R,1%,False,"July 17–21, 2019"
2020,Utah,UT,4,Republican Primary,Echleon Insights (R),2019-07-17 to 2019-07-21,2019-07-17,2019-07-21,400 (LV),4.9,Jefferson Moss,R,2%,False,"July 17–21, 2019"
2020,Utah,UT,4,Republican Primary,Remington Research Group (R),2019-10-05 to 2019-10-06,2019-10-05,2019-10-06,,,Kathleen Anderson,R,5%,False,"October 5–6, 2019"
2020,Utah,UT,4,Republican Primary,Remington Research Group (R),2019-10-05 to 2019-10-06,2019-10-05,2019-10-06,,,Kim Coleman,R,4%,False,"October 5–6, 2019"
2020,Utah,UT,4,Republican Primary,Remington Research Group (R),2019-10-05 to 2019-10-06,2019-10-05,2019-10-06,,,Jay McFarland,R,17%,False,"October 5–6, 2019"
2020,Utah,UT,4,Republican Primary,Remington Research Group (R),2019-10-05 to 2019-10-06,2019-10-05,2019-10-06,,,Dan Hemmert,R,2%,False,"October 5–6, 2019"
2020,Utah,UT,4,Republican Primary,Y2 Analytics,2020-03-21 to 2020-03-30,2020-03-21,2020-03-30,112 (LV),9.3,Kathleen Anderson,R,17%,False,"March 21–30, 2020"
2020,Utah,UT,4,Republican Primary,Y2 Analytics,2020-03-21 to 2020-03-30,2020-03-21,2020-03-30,112 (LV),9.3,Chris Biesinger,R,6%,False,"March 21–30, 2020"
2020,Utah,UT,4,Republican Primary,Y2 Analytics,2020-03-21 to 2020-03-30,2020-03-21,2020-03-30,112 (LV),9.3,Trent Christensen,R,6%,False,"March 21–30, 2020"
2020,Utah,UT,4,Republican Primary,Y2 Analytics,2020-03-21 to 2020-03-30,2020-03-21,2020-03-30,112 (LV),9.3,Kim Coleman,R,17%,False,"March 21–30, 2020"
2020,Utah,UT,4,Republican Primary,Y2 Analytics,2020-03-21 to 2020-03-30,2020-03-21,2020-03-30,112 (LV),9.3,Jay McFarland,R,31%,False,"March 21–30, 2020"
2020,Utah,UT,4,Republican Primary,Y2 Analytics,2020-03-21 to 2020-03-30,2020-03-21,2020-03-30,112 (LV),9.3,Burgess Owens,R,22%,False,"March 21–30, 2020"
2020,Utah,UT,4,Republican Primary,Y2 Analytics,2020-03-21 to 2020-03-30,2020-03-21,2020-03-30,112 (LV),9.3,Cindy Thompson,R,1%,False,"March 21–30, 2020"
2020,Utah,UT,4,Republican Primary,Hinckley Institute,2020-04-19 to 2020-04-24,2020-04-19,2020-04-24,352 (LV),5.2,Kathleen Anderson,R,6%,False,"April 19–24, 2020"
2020,Utah,UT,4,Republican Primary,Hinckley Institute,2020-04-19 to 2020-04-24,2020-04-19,2020-04-24,352 (LV),5.2,Chris Biesinger,R,3%,False,"April 19–24, 2020"
2020,Utah,UT,4,Republican Primary,Hinckley Institute,2020-04-19 to 2020-04-24,2020-04-19,2020-04-24,352 (LV),5.2,Trent Christensen,R,4%,False,"April 19–24, 2020"
2020,Utah,UT,4,Republican Primary,Hinckley Institute,2020-04-19 to 2020-04-24,2020-04-19,2020-04-24,352 (LV),5.2,Kim Coleman,R,4%,False,"April 19–24, 2020"
2020,Utah,UT,4,Republican Primary,Hinckley Institute,2020-04-19 to 2020-04-24,2020-04-19,2020-04-24,352 (LV),5.2,Jay McFarland,R,8%,False,"April 19–24, 2020"
2020,Utah,UT,4,Republican Primary,Hinckley Institute,2020-04-19 to 2020-04-24,2020-04-19,2020-04-24,352 (LV),5.2,Burgess Owens,R,6%,False,"April 19–24, 2020"
2020,Utah,UT,4,Republican Primary,Hinckley Institute,2020-04-19 to 2020-04-24,2020-04-19,2020-04-24,352 (LV),5.2,Cindy Thompson,R,2%,False,"April 19–24, 2020"
2020,Utah,UT,4,Republican Primary,Y2 Analytics,2020-05-16 to 2020-05-18,2020-05-16,2020-05-18,148 (LV),8.1,Trent Christensen,R,13%,False,"May 16–18, 2020"
2020,Utah,UT,4,Republican Primary,Y2 Analytics,2020-05-16 to 2020-05-18,2020-05-16,2020-05-18,148 (LV),8.1,Kim Coleman,R,23%,False,"May 16–18, 2020"
2020,Utah,UT,4,Republican Primary,Y2 Analytics,2020-05-16 to 2020-05-18,2020-05-16,2020-05-18,148 (LV),8.1,Jay McFarland,R,28%,False,"May 16–18, 2020"
2020,Utah,UT,4,Republican Primary,Y2 Analytics,2020-05-16 to 2020-05-18,2020-05-16,2020-05-18,148 (LV),8.1,Burgess Owens,R,36%,False,"May 16–18, 2020"
2020,Virginia,VA,7,Republican Primary,WPA Intelligence (R),2019-05-13 to 2019-05-15,2019-05-13,2019-05-15,400 (LV),4.9,Nick Freitas,R,23%,False,"May 13–15, 2019"
2020,Virginia,VA,7,Republican Primary,WPA Intelligence (R),2019-05-13 to 2019-05-15,2019-05-13,2019-05-15,400 (LV),4.9,Peter Greenwald,R,1%,False,"May 13–15, 2019"
2020,Virginia,VA,7,Republican Primary,WPA Intelligence (R),2019-05-13 to 2019-05-15,2019-05-13,2019-05-15,400 (LV),4.9,John McGuire,R,9%,False,"May 13–15, 2019"
2020,Virginia,VA,7,Republican Primary,WPA Intelligence (R),2019-05-13 to 2019-05-15,2019-05-13,2019-05-15,400 (LV),4.9,Tina Ramirez,R,4%,False,"May 13–15, 2019"
2020,Virginia,VA,7,Republican Primary,WPA Intelligence (R),2019-05-13 to 2019-05-15,2019-05-13,2019-05-15,400 (LV),4.9,Bryce Reeves,R,11%,False,"May 13–15, 2019"
2021,Louisiana,LA,2,jungle,ALG Research (D),2020-11-02 to 2020-11-05,2020-11-02,2020-11-05,500 (LV),4.4,Troy Carter,D,15%,False,"November 2–5, 2020"
2021,Louisiana,LA,2,jungle,ALG Research (D),2020-11-02 to 2020-11-05,2020-11-02,2020-11-05,500 (LV),4.4,Karen Carter Peterson,D,4%,False,"November 2–5, 2020"
2021,Louisiana,LA,2,jungle,ALG Research (D),2020-11-02 to 2020-11-05,2020-11-02,2020-11-05,500 (LV),4.4,Cleo Fields,D,14%,False,"November 2–5, 2020"
2021,Louisiana,LA,2,jungle,ALG Research (D),2020-11-02 to 2020-11-05,2020-11-02,2020-11-05,500 (LV),4.4,Mitch Landrieu,D,25%,False,"November 2–5, 2020"
2021,Louisiana,LA,2,jungle,ALG Research (D),2020-11-02 to 2020-11-05,2020-11-02,2020-11-05,500 (LV),4.4,Helena Moreno,D,18%,False,"November 2–5, 2020"
2021,Louisiana,LA,2,jungle,Silas Lee & Associates (D),2021-02-12 to 2021-02-14,2021-02-12,2021-02-14,450 (LV),3.5,Troy Carter,D,28%,False,"February 12–14, 2021"
2021,Louisiana,LA,2,jungle,Silas Lee & Associates (D),2021-02-12 to 2021-02-14,2021-02-12,2021-02-14,450 (LV),3.5,Karen Carter Peterson,D,19%,False,"February 12–14, 2021"
2021,Louisiana,LA,2,jungle,Silas Lee & Associates (D),2021-02-12 to 2021-02-14,2021-02-12,2021-02-14,450 (LV),3.5,Gary Chambers Jr.,D,6%,False,"February 12–14, 2021"
2021,Louisiana,LA,2,jungle,Silas Lee & Associates (D),2021-02-12 to 2021-02-14,2021-02-12,2021-02-14,450 (LV),3.5,Desiree Ontiveros,D,2%,False,"February 12–14, 2021"
2021,Louisiana,LA,2,jungle,Trust the People PAC (D),2021-02-21 to 2021-02-22,2021-02-21,2021-02-22,620 (LV),4.0,Troy Carter,D,24%,False,"February 21–22, 2021"
2021,Louisiana,LA,2,jungle,Trust the People PAC (D),2021-02-21 to 2021-02-22,2021-02-21,2021-02-22,620 (LV),4.0,Karen Carter Peterson,D,23%,False,"February 21–22, 2021"
2021,Louisiana,LA,2,jungle,Trust the People PAC (D),2021-02-21 to 2021-02-22,2021-02-21,2021-02-22,620 (LV),4.0,Gary Chambers Jr.,D,6%,False,"February 21–22, 2021"
2021,Louisiana,LA,2,jungle,Trust the People PAC (D),2021-02-21 to 2021-02-22,2021-02-21,2021-02-22,620 (LV),4.0,Desiree Ontiveros,D,2%,False,"February 21–22, 2021"
2021,Louisiana,LA,2,jungle,"LexthomResearch and Development, LLC",2021-02-26 to 2021-03-03,2021-02-26,2021-03-03,"1,067 (LV)",3.0,Troy Carter,D,23%,False,"February 26 – March 3, 2021"
2021,Louisiana,LA,2,jungle,"LexthomResearch and Development, LLC",2021-02-26 to 2021-03-03,2021-02-26,2021-03-03,"1,067 (LV)",3.0,Karen Carter Peterson,D,17%,False,"February 26 – March 3, 2021"
2021,Louisiana,LA,2,jungle,"LexthomResearch and Development, LLC",2021-02-26 to 2021-03-03,2021-02-26,2021-03-03,"1,067 (LV)",3.0,Gary Chambers Jr.,D,13%,False,"February 26 – March 3, 2021"
2021,Louisiana,LA,2,jungle,"LexthomResearch and Development, LLC",2021-02-26 to 2021-03-03,2021-02-26,2021-03-03,"1,067 (LV)",3.0,Desiree Ontiveros,D,4%,False,"February 26 – March 3, 2021"
2021,Louisiana,LA,2,jungle,Edgewater Research,2021-03-02 to 2021-03-07,2021-03-02,2021-03-07,651 (LV),3.8,Troy Carter,D,35%,False,"March 2–7, 2021"
2021,Louisiana,LA,2,jungle,Edgewater Research,2021-03-02 to 2021-03-07,2021-03-02,2021-03-07,651 (LV),3.8,Karen Carter Peterson,D,24%,False,"March 2–7, 2021"
2021,Louisiana,LA,2,jungle,Edgewater Research,2021-03-02 to 2021-03-07,2021-03-02,2021-03-07,651 (LV),3.8,Gary Chambers Jr.,D,11%,False,"March 2–7, 2021"
2021,Ohio,OH,11,Democratic Primary,The Mellman Group (D),2021-04,2021-04-01,2021-04-30,400 (LV),4.9,Shontel Brown,D,19%,False,April 2021
2021,Ohio,OH,11,Democratic Primary,Normington Petts (D),2021-04,2021-04-01,2021-04-30,400 (LV),4.9,Shontel Brown,D,10%,False,April 2021
2021,Ohio,OH,11,Democratic Primary,The Mellman Group (D),2021-04,2021-04-01,2021-04-30,400 (LV),4.9,Nina Turner,D,42%,False,April 2021
2021,Ohio,OH,11,Democratic Primary,Normington Petts (D),2021-04,2021-04-01,2021-04-30,400 (LV),4.9,Nina Turner,D,42%,False,April 2021
2021,Ohio,OH,11,Democratic Primary,Tulchin Research (D),2021-05-20 to 2021-05-26,2021-05-20,2021-05-26,600 (LV),4.0,John E. Barnes Jr.,D,2%,False,"May 20–26, 2021"
2021,Ohio,OH,11,Democratic Primary,Tulchin Research (D),2021-05-20 to 2021-05-26,2021-05-20,2021-05-26,600 (LV),4.0,Shontel Brown,D,15%,False,"May 20–26, 2021"
2021,Ohio,OH,11,Democratic Primary,Tulchin Research (D),2021-05-20 to 2021-05-26,2021-05-20,2021-05-26,600 (LV),4.0,Jeff Johnson,D,4%,False,"May 20–26, 2021"
2021,Ohio,OH,11,Democratic Primary,Tulchin Research (D),2021-05-20 to 2021-05-26,2021-05-20,2021-05-26,600 (LV),4.0,Tariq Shabazz,D,2%,False,"May 20–26, 2021"
2021,Ohio,OH,11,Democratic Primary,Tulchin Research (D),2021-05-20 to 2021-05-26,2021-05-20,2021-05-26,600 (LV),4.0,Shirley Smith,D,3%,False,"May 20–26, 2021"
2021,Ohio,OH,11,Democratic Primary,Tulchin Research (D),2021-05-20 to 2021-05-26,2021-05-20,2021-05-26,600 (LV),4.0,Nina Turner,D,50%,False,"May 20–26, 2021"
2021,Ohio,OH,11,Democratic Primary,The Mellman Group (D),2021-06,2021-06-01,2021-06-30,400 (LV),4.9,Shontel Brown,D,26%,False,June 2021
2021,Ohio,OH,11,Democratic Primary,The Mellman Group (D),2021-06,2021-06-01,2021-06-30,400 (LV),4.9,Nina Turner,D,50%,False,June 2021
2021,Ohio,OH,11,Democratic Primary,Normington Petts (D),2021-07-06 to 2021-07-08,2021-07-06,2021-07-08,400 (LV),4.9,Shontel Brown,D,36%,False,"July 6–8, 2021"
2021,Ohio,OH,11,Democratic Primary,Normington Petts (D),2021-07-06 to 2021-07-08,2021-07-06,2021-07-08,400 (LV),4.9,Nina Turner,D,43%,False,"July 6–8, 2021"
2021,Ohio,OH,11,Democratic Primary,TargetPoint (R),2021-07-08 to 2021-07-10,2021-07-08,2021-07-10,300 (LV),5.7,John E. Barnes Jr.,D,1%,False,"July 8–10, 2021"
2021,Ohio,OH,11,Democratic Primary,TargetPoint (R),2021-07-08 to 2021-07-10,2021-07-08,2021-07-10,300 (LV),5.7,Shontel Brown,D,33%,False,"July 8–10, 2021"
2021,Ohio,OH,11,Democratic Primary,TargetPoint (R),2021-07-08 to 2021-07-10,2021-07-08,2021-07-10,300 (LV),5.7,Jeff Johnson,D,3%,False,"July 8–10, 2021"
2021,Ohio,OH,11,Democratic Primary,TargetPoint (R),2021-07-08 to 2021-07-10,2021-07-08,2021-07-10,300 (LV),5.7,Tariq Shabazz,D,1%,False,"July 8–10, 2021"
2021,Ohio,OH,11,Democratic Primary,TargetPoint (R),2021-07-08 to 2021-07-10,2021-07-08,2021-07-10,300 (LV),5.7,Nina Turner,D,33%,False,"July 8–10, 2021"
2021,Ohio,OH,11,Democratic Primary,Data for Progress (D),2021-07-13 to 2021-07-14,2021-07-13,2021-07-14,318 (LV),5.5,Shontel Brown,D,46%,False,"July 13–14, 2021"
2021,Ohio,OH,11,Democratic Primary,Data for Progress (D),2021-07-13 to 2021-07-14,2021-07-13,2021-07-14,318 (LV),5.5,Nina Turner,D,45%,False,"July 13–14, 2021"
2021,Ohio,OH,11,Democratic Primary,The Mellman Group (D),2021-07-13 to 2021-07-17,2021-07-13,2021-07-17,400 (LV),4.9,Shontel Brown,D,36%,False,"July 13–17, 2021"
2021,Ohio,OH,11,Democratic Primary,The Mellman Group (D),2021-07-13 to 2021-07-17,2021-07-13,2021-07-17,400 (LV),4.9,Nina Turner,D,41%,False,"July 13–17, 2021"
2021,Ohio,OH,11,Democratic Primary,Data for Progress (D),2021-07-30 to 2021-08-01,2021-07-30,2021-08-01,341 (LV),5.3,Shontel Brown,D,46%,False,"July 30 – August 1, 2021"
2021,Ohio,OH,11,Democratic Primary,Data for Progress (D),2021-07-30 to 2021-08-01,2021-07-30,2021-08-01,341 (LV),5.3,Jeff Johnson,D,2%,False,"July 30 – August 1, 2021"
2021,Ohio,OH,11,Democratic Primary,Data for Progress (D),2021-07-30 to 2021-08-01,2021-07-30,2021-08-01,341 (LV),5.3,Nina Turner,D,43%,False,"July 30 – August 1, 2021"
2022,Alabama,AL,5,Republican Primary,Cherry Communications,2022-02-02 to 2022-02-06,2022-02-02,2022-02-06,600 (LV),4.0,Andy Blalock,R,4%,False,"February 2–6, 2022"
2022,Alabama,AL,5,Republican Primary,Cherry Communications,2022-02-02 to 2022-02-06,2022-02-02,2022-02-06,600 (LV),4.0,John Roberts,R,5%,False,"February 2–6, 2022"
2022,Alabama,AL,5,Republican Primary,Cherry Communications,2022-02-02 to 2022-02-06,2022-02-02,2022-02-06,600 (LV),4.0,Paul Sanford,R,7%,False,"February 2–6, 2022"
2022,Alabama,AL,5,Republican Primary,Cherry Communications,2022-02-02 to 2022-02-06,2022-02-02,2022-02-06,600 (LV),4.0,Dale Strong,R,30%,False,"February 2–6, 2022"
2022,Alabama,AL,5,Republican Primary,Cherry Communications,2022-02-02 to 2022-02-06,2022-02-02,2022-02-06,600 (LV),4.0,Casey Wardynski,R,6%,False,"February 2–6, 2022"
2022,Alabama,AL,5,Republican Primary,Cherry Communications,2022-02-02 to 2022-02-06,2022-02-02,2022-02-06,600 (LV),4.0,Harrison Wright,R,2%,False,"February 2–6, 2022"
2022,Alabama,AL,5,Republican Primary,Cygnal,2022-06-05 to 2022-06-06,2022-06-05,2022-06-06,400 (LV),4.9,Dale Strong,R,46%,False,"June 5–6, 2022"
2022,Alabama,AL,5,Republican Primary,Cygnal,2022-06-05 to 2022-06-06,2022-06-05,2022-06-06,400 (LV),4.9,Casey Wardynski,R,31%,False,"June 5–6, 2022"
2022,Arizona,AZ,2,Republican Primary,co/efficient,2022-06-14 to 2022-06-16,2022-06-14,2022-06-16,605 (LV),4.0,Walter Blackman,R,26%,False,"June 14–16, 2022"
2022,Arizona,AZ,2,Republican Primary,co/efficient,2022-06-14 to 2022-06-16,2022-06-14,2022-06-16,605 (LV),4.0,Eli Crane,R,5%,False,"June 14–16, 2022"
2022,Arizona,AZ,2,Republican Primary,co/efficient,2022-06-14 to 2022-06-16,2022-06-14,2022-06-16,605 (LV),4.0,Mark DeLuzio,R,2%,False,"June 14–16, 2022"
2022,Arizona,AZ,2,Republican Primary,co/efficient,2022-06-14 to 2022-06-16,2022-06-14,2022-06-16,605 (LV),4.0,Steven Krystofiak,R,1%,False,"June 14–16, 2022"
2022,Arizona,AZ,2,Republican Primary,co/efficient,2022-06-14 to 2022-06-16,2022-06-14,2022-06-16,605 (LV),4.0,John Moore,R,2%,False,"June 14–16, 2022"
2022,Arizona,AZ,2,Republican Primary,co/efficient,2022-06-14 to 2022-06-16,2022-06-14,2022-06-16,605 (LV),4.0,Ron Watkins,R,1%,False,"June 14–16, 2022"
2022,Arizona,AZ,2,Republican Primary,co/efficient,2022-06-14 to 2022-06-16,2022-06-14,2022-06-16,605 (LV),4.0,Andy Yates,R,1%,False,"June 14–16, 2022"
2022,Arizona,AZ,2,Republican Primary,Moore Information Group,2022-07-13,2022-07-13,2022-07-13,250 (LV),6.2,Walter Blackman,R,12%,False,"July 13, 2022"
2022,Arizona,AZ,2,Republican Primary,Moore Information Group,2022-07-13,2022-07-13,2022-07-13,250 (LV),6.2,Eli Crane,R,19%,False,"July 13, 2022"
2022,Arizona,AZ,2,Republican Primary,Moore Information Group,2022-07-13,2022-07-13,2022-07-13,250 (LV),6.2,Mark DeLuzio,R,12%,False,"July 13, 2022"
2022,Arizona,AZ,2,Republican Primary,Moore Information Group,2022-07-13,2022-07-13,2022-07-13,250 (LV),6.2,Steven Krystofiak,R,1%,False,"July 13, 2022"
2022,Arizona,AZ,2,Republican Primary,Moore Information Group,2022-07-13,2022-07-13,2022-07-13,250 (LV),6.2,John Moore,R,5%,False,"July 13, 2022"
2022,Arizona,AZ,2,Republican Primary,Moore Information Group,2022-07-13,2022-07-13,2022-07-13,250 (LV),6.2,Ron Watkins,R,<1%,False,"July 13, 2022"
2022,Arizona,AZ,2,Republican Primary,Moore Information Group,2022-07-13,2022-07-13,2022-07-13,250 (LV),6.2,Andy Yates,R,3%,False,"July 13, 2022"
2022,Arizona,AZ,6,Democratic Primary,Impact Research,2022-05-03 to 2022-05-08,2022-05-03,2022-05-08,500 (LV),4.4,Avery Anderson,D,2%,False,"May 3–8, 2022"
2022,Arizona,AZ,6,Democratic Primary,Impact Research,2022-05-03 to 2022-05-08,2022-05-03,2022-05-08,500 (LV),4.4,Kirsten Engel,D,20%,False,"May 3–8, 2022"
2022,Arizona,AZ,6,Democratic Primary,Impact Research,2022-05-03 to 2022-05-08,2022-05-03,2022-05-08,500 (LV),4.4,Daniel Hernández Jr.,D,36%,False,"May 3–8, 2022"
2022,California,CA,15,jungle,RMG Research,2022-05-19 to 2022-05-20,2022-05-19,2022-05-20,500 (LV),4.5,Emily Beach,D,4%,False,"May 19–20, 2022"
2022,California,CA,15,jungle,RMG Research,2022-05-19 to 2022-05-20,2022-05-19,2022-05-20,500 (LV),4.5,David Canepa,D,9%,False,"May 19–20, 2022"
2022,California,CA,15,jungle,RMG Research,2022-05-19 to 2022-05-20,2022-05-19,2022-05-20,500 (LV),4.5,Kevin Mullin,D,16%,False,"May 19–20, 2022"
2022,California,CA,27,jungle,Remington Research Group,2022-04-19 to 2022-04-20,2022-04-19,2022-04-20,801 (LV),3.3,Mike Garcia,R,44%,False,"April 19–20, 2022"
2022,California,CA,27,jungle,Remington Research Group,2022-04-19 to 2022-04-20,2022-04-19,2022-04-20,801 (LV),3.3,Quaye Quartey,D,10%,False,"April 19–20, 2022"
2022,California,CA,27,jungle,Remington Research Group,2022-04-19 to 2022-04-20,2022-04-19,2022-04-20,801 (LV),3.3,Christy Smith,D,34%,False,"April 19–20, 2022"
2022,Florida,FL,10,Democratic Primary,Impact Research,2022-05-24 to 2022-05-31,2022-05-24,2022-05-31,400 (LV),4.9,Jeff Boone,D,1%,False,"May 24–31, 2022"
2022,Florida,FL,10,Democratic Primary,Impact Research,2022-05-24 to 2022-05-31,2022-05-24,2022-05-31,400 (LV),4.9,Randolph Bracy,D,29%,False,"May 24–31, 2022"
2022,Florida,FL,10,Democratic Primary,Impact Research,2022-05-24 to 2022-05-31,2022-05-24,2022-05-31,400 (LV),4.9,Maxwell Alejandro Frost,D,9%,False,"May 24–31, 2022"
2022,Florida,FL,10,Democratic Primary,Impact Research,2022-05-24 to 2022-05-31,2022-05-24,2022-05-31,400 (LV),4.9,Terence Gray,D,2%,False,"May 24–31, 2022"
2022,Florida,FL,10,Democratic Primary,Impact Research,2022-05-24 to 2022-05-31,2022-05-24,2022-05-31,400 (LV),4.9,Natalie Jackson,D,5%,False,"May 24–31, 2022"
2022,Florida,FL,10,Democratic Primary,Impact Research,2022-05-24 to 2022-05-31,2022-05-24,2022-05-31,400 (LV),4.9,Teresa Tachon,D,1%,False,"May 24–31, 2022"
2022,Florida,FL,10,Democratic Primary,Data for Progress,2022-08-19 to 2022-08-21,2022-08-19,2022-08-21,585 (LV),4.0,Jack Achenbach,D,1%,False,"August 19–21, 2022"
2022,Florida,FL,10,Democratic Primary,Data for Progress,2022-08-19 to 2022-08-21,2022-08-19,2022-08-21,585 (LV),4.0,Jeff Boone,D,0%,False,"August 19–21, 2022"
2022,Florida,FL,10,Democratic Primary,Data for Progress,2022-08-19 to 2022-08-21,2022-08-19,2022-08-21,585 (LV),4.0,Randolph Bracy,D,18%,False,"August 19–21, 2022"
2022,Florida,FL,10,Democratic Primary,Data for Progress,2022-08-19 to 2022-08-21,2022-08-19,2022-08-21,585 (LV),4.0,Corrine Brown,D,6%,False,"August 19–21, 2022"
2022,Florida,FL,10,Democratic Primary,Data for Progress,2022-08-19 to 2022-08-21,2022-08-19,2022-08-21,585 (LV),4.0,Maxwell Alejandro Frost,D,34%,False,"August 19–21, 2022"
2022,Florida,FL,10,Democratic Primary,Data for Progress,2022-08-19 to 2022-08-21,2022-08-19,2022-08-21,585 (LV),4.0,Terence Gray,D,3%,False,"August 19–21, 2022"
2022,Florida,FL,10,Democratic Primary,Data for Progress,2022-08-19 to 2022-08-21,2022-08-19,2022-08-21,585 (LV),4.0,Alan Grayson,D,14%,False,"August 19–21, 2022"
2022,Florida,FL,10,Democratic Primary,Data for Progress,2022-08-19 to 2022-08-21,2022-08-19,2022-08-21,585 (LV),4.0,Natalie Jackson,D,5%,False,"August 19–21, 2022"
2022,Florida,FL,10,Democratic Primary,Data for Progress,2022-08-19 to 2022-08-21,2022-08-19,2022-08-21,585 (LV),4.0,Khalid Muneer,D,2%,False,"August 19–21, 2022"
2022,Florida,FL,10,Democratic Primary,Data for Progress,2022-08-19 to 2022-08-21,2022-08-19,2022-08-21,585 (LV),4.0,Teresa Tachon,D,1%,False,"August 19–21, 2022"
2022,Florida,FL,10,Republican Primary,Victory Insights,2022-08-19 to 2022-08-21,2022-08-19,2022-08-21,,,Lateressa Jones,R,13%,False,"August 19–21, 2022"
2022,Florida,FL,10,Republican Primary,Victory Insights,2022-08-19 to 2022-08-21,2022-08-19,2022-08-21,,,Tuan Le,R,14%,False,"August 19–21, 2022"
2022,Florida,FL,10,Republican Primary,Victory Insights,2022-08-19 to 2022-08-21,2022-08-19,2022-08-21,,,Thuy Lowe,R,7%,False,"August 19–21, 2022"
2022,Florida,FL,10,Republican Primary,Victory Insights,2022-08-19 to 2022-08-21,2022-08-19,2022-08-21,,,Willie Montague,R,3%,False,"August 19–21, 2022"
2022,Florida,FL,10,Republican Primary,Victory Insights,2022-08-19 to 2022-08-21,2022-08-19,2022-08-21,,,Peter Weed,R,10%,False,"August 19–21, 2022"
2022,Florida,FL,10,Republican Primary,Victory Insights,2022-08-19 to 2022-08-21,2022-08-19,2022-08-21,,,Calvin Wimbish,R,30%,False,"August 19–21, 2022"
2022,Florida,FL,13,Republican Primary,St. Pete Polls,2021-10-23 to 2021-10-24,2021-10-23,2021-10-24,518 (LV),4.3,Audrey Henson,R,2%,False,"October 23–24, 2021"
2022,Florida,FL,13,Republican Primary,St. Pete Polls,2021-10-23 to 2021-10-24,2021-10-23,2021-10-24,518 (LV),4.3,Anna Paulina Luna,R,37%,False,"October 23–24, 2021"
2022,Florida,FL,13,Republican Primary,St. Pete Polls,2021-10-23 to 2021-10-24,2021-10-23,2021-10-24,518 (LV),4.3,Amanda Makki,R,6%,False,"October 23–24, 2021"
2022,Florida,FL,13,Republican Primary,St. Pete Polls,2021-10-23 to 2021-10-24,2021-10-23,2021-10-24,518 (LV),4.3,Matt Tito,R,3%,False,"October 23–24, 2021"
2022,Florida,FL,13,Republican Primary,Spry Strategies,2022-03-23 to 2022-03-27,2022-03-23,2022-03-27,847 (LV),3.3,Kevin Hayslett,R,9%,False,"March 23–27, 2022"
2022,Florida,FL,13,Republican Primary,Spry Strategies,2022-03-23 to 2022-03-27,2022-03-23,2022-03-27,847 (LV),3.3,Audrey Henson,R,2%,False,"March 23–27, 2022"
2022,Florida,FL,13,Republican Primary,Spry Strategies,2022-03-23 to 2022-03-27,2022-03-23,2022-03-27,847 (LV),3.3,Anna Paulina Luna,R,35%,False,"March 23–27, 2022"
2022,Florida,FL,13,Republican Primary,Spry Strategies,2022-03-23 to 2022-03-27,2022-03-23,2022-03-27,847 (LV),3.3,Amanda Makki,R,9%,False,"March 23–27, 2022"
2022,Florida,FL,13,Republican Primary,Spry Strategies,2022-03-23 to 2022-03-27,2022-03-23,2022-03-27,847 (LV),3.3,Christine Quinn,R,4%,False,"March 23–27, 2022"
2022,Florida,FL,13,Republican Primary,American Viewpoint,2022-06,2022-06-01,2022-06-30,,,Kevin Hayslett,R,19%,False,Late June 2022
2022,Florida,FL,13,Republican Primary,American Viewpoint,2022-06,2022-06-01,2022-06-30,,,Moneer Kheireddine,R,1%,False,Late June 2022
2022,Florida,FL,13,Republican Primary,American Viewpoint,2022-06,2022-06-01,2022-06-30,,,Anna Paulina Luna,R,42%,False,Late June 2022
2022,Florida,FL,13,Republican Primary,American Viewpoint,2022-06,2022-06-01,2022-06-30,,,Amanda Makki,R,13%,False,Late June 2022
2022,Florida,FL,13,Republican Primary,American Viewpoint,2022-06,2022-06-01,2022-06-30,,,Christine Quinn,R,1%,False,Late June 2022
2022,Florida,FL,13,Republican Primary,Spry Strategies,2022-06-08 to 2022-06-11,2022-06-08,2022-06-11,556 (LV),4.2,Kevin Hayslett,R,16%,False,"June 8–11, 2022"
2022,Florida,FL,13,Republican Primary,Spry Strategies,2022-06-08 to 2022-06-11,2022-06-08,2022-06-11,556 (LV),4.2,Anna Paulina Luna,R,36%,False,"June 8–11, 2022"
2022,Florida,FL,13,Republican Primary,Spry Strategies,2022-06-08 to 2022-06-11,2022-06-08,2022-06-11,556 (LV),4.2,Amanda Makki,R,10%,False,"June 8–11, 2022"
2022,Florida,FL,13,Republican Primary,Spry Strategies,2022-06-08 to 2022-06-11,2022-06-08,2022-06-11,556 (LV),4.2,Christine Quinn,R,1%,False,"June 8–11, 2022"
2022,Florida,FL,13,Republican Primary,The Tyson Group,2022-07-05 to 2022-07-07,2022-07-05,2022-07-07,400 (LV),4.9,Kevin Hayslett,R,17%,False,"July 5–7, 2022"
2022,Florida,FL,13,Republican Primary,The Tyson Group,2022-07-05 to 2022-07-07,2022-07-05,2022-07-07,400 (LV),4.9,Moneer Kheireddine,R,1%,False,"July 5–7, 2022"
2022,Florida,FL,13,Republican Primary,The Tyson Group,2022-07-05 to 2022-07-07,2022-07-05,2022-07-07,400 (LV),4.9,Anna Paulina Luna,R,37%,False,"July 5–7, 2022"
2022,Florida,FL,13,Republican Primary,The Tyson Group,2022-07-05 to 2022-07-07,2022-07-05,2022-07-07,400 (LV),4.9,Amanda Makki,R,10%,False,"July 5–7, 2022"
2022,Florida,FL,13,Republican Primary,The Tyson Group,2022-07-05 to 2022-07-07,2022-07-05,2022-07-07,400 (LV),4.9,Christine Quinn,R,2%,False,"July 5–7, 2022"
2022,Florida,FL,13,Republican Primary,American Viewpoint,2022-07-24 to 2022-07-27,2022-07-24,2022-07-27,400 (LV),4.9,Kevin Hayslett,R,34%,False,"July 24–27, 2022"
2022,Florida,FL,13,Republican Primary,American Viewpoint,2022-07-24 to 2022-07-27,2022-07-24,2022-07-27,400 (LV),4.9,Moneer Kheireddine,R,1%,False,"July 24–27, 2022"
2022,Florida,FL,13,Republican Primary,American Viewpoint,2022-07-24 to 2022-07-27,2022-07-24,2022-07-27,400 (LV),4.9,Anna Paulina Luna,R,36%,False,"July 24–27, 2022"
2022,Florida,FL,13,Republican Primary,American Viewpoint,2022-07-24 to 2022-07-27,2022-07-24,2022-07-27,400 (LV),4.9,Amanda Makki,R,9%,False,"July 24–27, 2022"
2022,Florida,FL,13,Republican Primary,American Viewpoint,2022-07-24 to 2022-07-27,2022-07-24,2022-07-27,400 (LV),4.9,Christine Quinn,R,1%,False,"July 24–27, 2022"
2022,Florida,FL,13,Republican Primary,St. Pete Polls,2022-08-15,2022-08-15,2022-08-15,436 (LV),4.7,Kevin Hayslett,R,34%,False,"August 15, 2022"
2022,Florida,FL,13,Republican Primary,St. Pete Polls,2022-08-15,2022-08-15,2022-08-15,436 (LV),4.7,Moneer Kheireddine,R,3%,False,"August 15, 2022"
2022,Florida,FL,13,Republican Primary,St. Pete Polls,2022-08-15,2022-08-15,2022-08-15,436 (LV),4.7,Anna Paulina Luna,R,37%,False,"August 15, 2022"
2022,Florida,FL,13,Republican Primary,St. Pete Polls,2022-08-15,2022-08-15,2022-08-15,436 (LV),4.7,Amanda Makki,R,14%,False,"August 15, 2022"
2022,Florida,FL,13,Republican Primary,St. Pete Polls,2022-08-15,2022-08-15,2022-08-15,436 (LV),4.7,Christine Quinn,R,3%,False,"August 15, 2022"
2022,Florida,FL,15,Republican Primary,The Tyson Group,2022-07-05 to 2022-07-07,2022-07-05,2022-07-07,400 (LV),4.9,Demetries Grimes,R,5%,False,"July 5–7, 2022"
2022,Florida,FL,15,Republican Primary,The Tyson Group,2022-07-05 to 2022-07-07,2022-07-05,2022-07-07,400 (LV),4.9,Laurel Lee,R,10%,False,"July 5–7, 2022"
2022,Florida,FL,15,Republican Primary,The Tyson Group,2022-07-05 to 2022-07-07,2022-07-05,2022-07-07,400 (LV),4.9,Kevin McGovern,R,3%,False,"July 5–7, 2022"
2022,Florida,FL,15,Republican Primary,The Tyson Group,2022-07-05 to 2022-07-07,2022-07-05,2022-07-07,400 (LV),4.9,Kelli Stargel,R,13%,False,"July 5–7, 2022"
2022,Florida,FL,15,Republican Primary,The Tyson Group,2022-07-05 to 2022-07-07,2022-07-05,2022-07-07,400 (LV),4.9,Jackie Toledo,R,10%,False,"July 5–7, 2022"
2022,Florida,FL,15,Republican Primary,Victory Insights,2022-08,2022-08-01,2022-08-31,,,Demetries Grimes,R,17%,False,August 2022
2022,Florida,FL,15,Republican Primary,Victory Insights,2022-08,2022-08-01,2022-08-31,,,Laurel Lee,R,36%,False,August 2022
2022,Florida,FL,15,Republican Primary,Victory Insights,2022-08,2022-08-01,2022-08-31,,,Kevin McGovern,R,6%,False,August 2022
2022,Florida,FL,15,Republican Primary,Victory Insights,2022-08,2022-08-01,2022-08-31,,,Kelli Stargel,R,17%,False,August 2022
2022,Florida,FL,15,Republican Primary,Victory Insights,2022-08,2022-08-01,2022-08-31,,,Jackie Toledo,R,5%,False,August 2022
2022,Florida,FL,15,Republican Primary,St. Pete Polls,2022-08-01,2022-08-01,2022-08-01,275 (LV),5.9,Demetries Grimes,R,5%,False,"August 1, 2022"
2022,Florida,FL,15,Republican Primary,St. Pete Polls,2022-08-01,2022-08-01,2022-08-01,275 (LV),5.9,Laurel Lee,R,44%,False,"August 1, 2022"
2022,Florida,FL,15,Republican Primary,St. Pete Polls,2022-08-01,2022-08-01,2022-08-01,275 (LV),5.9,Kevin McGovern,R,5%,False,"August 1, 2022"
2022,Florida,FL,15,Republican Primary,St. Pete Polls,2022-08-01,2022-08-01,2022-08-01,275 (LV),5.9,Kelli Stargel,R,16%,False,"August 1, 2022"
2022,Florida,FL,15,Republican Primary,St. Pete Polls,2022-08-01,2022-08-01,2022-08-01,275 (LV),5.9,Jackie Toledo,R,11%,False,"August 1, 2022"
2022,Florida,FL,15,Republican Primary,St. Pete Polls,2022-08-18,2022-08-18,2022-08-18,267 (LV),6.0,Demetries Grimes,R,7%,False,"August 18, 2022"
2022,Florida,FL,15,Republican Primary,St. Pete Polls,2022-08-18,2022-08-18,2022-08-18,267 (LV),6.0,Laurel Lee,R,47%,False,"August 18, 2022"
2022,Florida,FL,15,Republican Primary,St. Pete Polls,2022-08-18,2022-08-18,2022-08-18,267 (LV),6.0,Kevin McGovern,R,8%,False,"August 18, 2022"
2022,Florida,FL,15,Republican Primary,St. Pete Polls,2022-08-18,2022-08-18,2022-08-18,267 (LV),6.0,Kelli Stargel,R,20%,False,"August 18, 2022"
2022,Florida,FL,15,Republican Primary,St. Pete Polls,2022-08-18,2022-08-18,2022-08-18,267 (LV),6.0,Jackie Toledo,R,5%,False,"August 18, 2022"
2022,Florida,FL,16,Republican Primary,St. Pete Polls,2022-02-07,2022-02-07,2022-02-07,501 (LV),4.4,Vern Buchanan,R,76%,False,"February 7, 2022"
2022,Florida,FL,16,Republican Primary,St. Pete Polls,2022-02-07,2022-02-07,2022-02-07,501 (LV),4.4,Martin Hyde,R,12%,False,"February 7, 2022"
2022,Florida,FL,20,Democratic Primary,RMG Research,2022-06-04 to 2022-06-09,2022-06-04,2022-06-09,500 (LV),4.5,Sheila Cherfilus-McCormick,D,45%,False,"June 4–9, 2022"
2022,Florida,FL,20,Democratic Primary,RMG Research,2022-06-04 to 2022-06-09,2022-06-04,2022-06-09,500 (LV),4.5,Dale Holness,D,21%,False,"June 4–9, 2022"
2022,Florida,FL,27,Democratic Primary,Public Policy Polling,2021-08-20 to 2021-08-22,2021-08-20,2021-08-22,593 (LV),4.0,Debbie Mucarsel-Powell,D,20%,False,"August 20–22, 2021"
2022,Florida,FL,27,Democratic Primary,Public Policy Polling,2021-08-20 to 2021-08-22,2021-08-20,2021-08-22,593 (LV),4.0,Janelle Perez,D,4%,False,"August 20–22, 2021"
2022,Florida,FL,27,Democratic Primary,Public Policy Polling,2021-08-20 to 2021-08-22,2021-08-20,2021-08-22,593 (LV),4.0,David Richardson,D,7%,False,"August 20–22, 2021"
2022,Florida,FL,27,Democratic Primary,Public Policy Polling,2021-08-20 to 2021-08-22,2021-08-20,2021-08-22,593 (LV),4.0,Donna Shalala,D,28%,False,"August 20–22, 2021"
2022,Florida,FL,27,Democratic Primary,SEA Polling & Strategic Design,2022-06-22 to 2022-06-25,2022-06-22,2022-06-25,400 (LV),4.9,Angel Montalvo,D,1%,False,"June 22–25, 2022"
2022,Florida,FL,27,Democratic Primary,SEA Polling & Strategic Design,2022-06-22 to 2022-06-25,2022-06-22,2022-06-25,400 (LV),4.9,Ken Russell,D,15%,False,"June 22–25, 2022"
2022,Florida,FL,27,Democratic Primary,SEA Polling & Strategic Design,2022-06-22 to 2022-06-25,2022-06-22,2022-06-25,400 (LV),4.9,Annette Taddeo,D,51%,False,"June 22–25, 2022"
2022,Florida,FL,4,Republican Primary,The Tyson Group,2022-07-05 to 2022-07-07,2022-07-05,2022-07-07,400 (LV),4.9,Erick Aguilar,R,14%,False,"July 5–7, 2022"
2022,Florida,FL,4,Republican Primary,The Tyson Group,2022-07-05 to 2022-07-07,2022-07-05,2022-07-07,400 (LV),4.9,Aaron Bean,R,24%,False,"July 5–7, 2022"
2022,Florida,FL,4,Republican Primary,The Tyson Group,2022-07-05 to 2022-07-07,2022-07-05,2022-07-07,400 (LV),4.9,Jon Chuba,R,3%,False,"July 5–7, 2022"
2022,Florida,FL,4,Republican Primary,St. Pete Polls,2022-08-04,2022-08-04,2022-08-04,312 (LV),5.5,Erick Aguilar,R,16%,False,"August 4, 2022"
2022,Florida,FL,4,Republican Primary,St. Pete Polls,2022-08-04,2022-08-04,2022-08-04,312 (LV),5.5,Aaron Bean,R,59%,False,"August 4, 2022"
2022,Florida,FL,4,Republican Primary,St. Pete Polls,2022-08-04,2022-08-04,2022-08-04,312 (LV),5.5,Jon Chuba,R,6%,False,"August 4, 2022"
2022,Florida,FL,7,Republican Primary,Kurt Jetta,2022-03-04 to 2022-07-09,2022-03-04,2022-07-09,311 (RV),5.6,Erika Benfield,R,3%,False,"March 4 – July 9, 2022"
2022,Florida,FL,7,Republican Primary,Kurt Jetta,2022-03-04 to 2022-07-09,2022-03-04,2022-07-09,311 (RV),5.6,Brady Duke,R,3%,False,"March 4 – July 9, 2022"
2022,Florida,FL,7,Republican Primary,Kurt Jetta,2022-03-04 to 2022-07-09,2022-03-04,2022-07-09,311 (RV),5.6,Cory Mills,R,17%,False,"March 4 – July 9, 2022"
2022,Florida,FL,7,Republican Primary,Kurt Jetta,2022-03-04 to 2022-07-09,2022-03-04,2022-07-09,311 (RV),5.6,Rusty Roberts,R,9%,False,"March 4 – July 9, 2022"
2022,Florida,FL,7,Republican Primary,Kurt Jetta,2022-03-04 to 2022-07-09,2022-03-04,2022-07-09,311 (RV),5.6,Anthony Sabatini,R,7%,False,"March 4 – July 9, 2022"
2022,Florida,FL,7,Republican Primary,Kurt Jetta,2022-03-04 to 2022-07-09,2022-03-04,2022-07-09,311 (RV),5.6,Armando Santos,R,5%,False,"March 4 – July 9, 2022"
2022,Florida,FL,7,Republican Primary,Kurt Jetta,2022-03-04 to 2022-07-09,2022-03-04,2022-07-09,311 (RV),5.6,Scott Sturgill,R,4%,False,"March 4 – July 9, 2022"
2022,Florida,FL,7,Republican Primary,St. Pete Polls,2022-03-28,2022-03-28,2022-03-28,285 (LV),5.8,Erika Benfield,R,6%,False,"March 28, 2022"
2022,Florida,FL,7,Republican Primary,St. Pete Polls,2022-03-28,2022-03-28,2022-03-28,285 (LV),5.8,Erika Benfield,R,7%,False,"March 28, 2022"
2022,Florida,FL,7,Republican Primary,St. Pete Polls,2022-03-28,2022-03-28,2022-03-28,285 (LV),5.8,Brady Duke,R,8%,False,"March 28, 2022"
2022,Florida,FL,7,Republican Primary,St. Pete Polls,2022-03-28,2022-03-28,2022-03-28,285 (LV),5.8,Brady Duke,R,4%,False,"March 28, 2022"
2022,Florida,FL,7,Republican Primary,St. Pete Polls,2022-03-28,2022-03-28,2022-03-28,285 (LV),5.8,Cory Mills,R,13%,False,"March 28, 2022"
2022,Florida,FL,7,Republican Primary,St. Pete Polls,2022-03-28,2022-03-28,2022-03-28,285 (LV),5.8,Cory Mills,R,12%,False,"March 28, 2022"
2022,Florida,FL,7,Republican Primary,St. Pete Polls,2022-03-28,2022-03-28,2022-03-28,285 (LV),5.8,Rusty Roberts,R,8%,False,"March 28, 2022"
2022,Florida,FL,7,Republican Primary,St. Pete Polls,2022-03-28,2022-03-28,2022-03-28,285 (LV),5.8,Rusty Roberts,R,5%,False,"March 28, 2022"
2022,Florida,FL,7,Republican Primary,St. Pete Polls,2022-03-28,2022-03-28,2022-03-28,285 (LV),5.8,Anthony Sabatini,R,12%,False,"March 28, 2022"
2022,Florida,FL,7,Republican Primary,St. Pete Polls,2022-03-28,2022-03-28,2022-03-28,285 (LV),5.8,Anthony Sabatini,R,9%,False,"March 28, 2022"
2022,Florida,FL,7,Republican Primary,St. Pete Polls,2022-03-28,2022-03-28,2022-03-28,285 (LV),5.8,Lee Constantine,R,23%,False,"March 28, 2022"
2022,Florida,FL,7,Republican Primary,The Tyson Group,2022-07-05 to 2022-07-07,2022-07-05,2022-07-07,400 (LV),4.9,Erika Benfield,R,2%,False,"July 5–7, 2022"
2022,Florida,FL,7,Republican Primary,The Tyson Group,2022-07-05 to 2022-07-07,2022-07-05,2022-07-07,400 (LV),4.9,Brady Duke,R,8%,False,"July 5–7, 2022"
2022,Florida,FL,7,Republican Primary,The Tyson Group,2022-07-05 to 2022-07-07,2022-07-05,2022-07-07,400 (LV),4.9,Ted Edwards,R,1%,False,"July 5–7, 2022"
2022,Florida,FL,7,Republican Primary,The Tyson Group,2022-07-05 to 2022-07-07,2022-07-05,2022-07-07,400 (LV),4.9,Cory Mills,R,23%,False,"July 5–7, 2022"
2022,Florida,FL,7,Republican Primary,The Tyson Group,2022-07-05 to 2022-07-07,2022-07-05,2022-07-07,400 (LV),4.9,Rusty Roberts,R,1%,False,"July 5–7, 2022"
2022,Florida,FL,7,Republican Primary,The Tyson Group,2022-07-05 to 2022-07-07,2022-07-05,2022-07-07,400 (LV),4.9,Anthony Sabatini,R,21%,False,"July 5–7, 2022"
2022,Florida,FL,7,Republican Primary,The Tyson Group,2022-07-05 to 2022-07-07,2022-07-05,2022-07-07,400 (LV),4.9,Armando Santos,R,1%,False,"July 5–7, 2022"
2022,Florida,FL,7,Republican Primary,The Tyson Group,2022-07-05 to 2022-07-07,2022-07-05,2022-07-07,400 (LV),4.9,Scott Sturgill,R,3%,False,"July 5–7, 2022"
2022,Florida,FL,7,Republican Primary,RMG Research,2022-07-06 to 2022-07-13,2022-07-06,2022-07-13,300 (LV),5.7,Erika Benfield,R,2%,False,"July 6–13, 2022"
2022,Florida,FL,7,Republican Primary,RMG Research,2022-07-06 to 2022-07-13,2022-07-06,2022-07-13,300 (LV),5.7,Brady Duke,R,9%,False,"July 6–13, 2022"
2022,Florida,FL,7,Republican Primary,RMG Research,2022-07-06 to 2022-07-13,2022-07-06,2022-07-13,300 (LV),5.7,Ted Edwards,R,1%,False,"July 6–13, 2022"
2022,Florida,FL,7,Republican Primary,RMG Research,2022-07-06 to 2022-07-13,2022-07-06,2022-07-13,300 (LV),5.7,Cory Mills,R,16%,False,"July 6–13, 2022"
2022,Florida,FL,7,Republican Primary,RMG Research,2022-07-06 to 2022-07-13,2022-07-06,2022-07-13,300 (LV),5.7,Rusty Roberts,R,0%,False,"July 6–13, 2022"
2022,Florida,FL,7,Republican Primary,RMG Research,2022-07-06 to 2022-07-13,2022-07-06,2022-07-13,300 (LV),5.7,Anthony Sabatini,R,23%,False,"July 6–13, 2022"
2022,Florida,FL,7,Republican Primary,RMG Research,2022-07-06 to 2022-07-13,2022-07-06,2022-07-13,300 (LV),5.7,Scott Sturgill,R,5%,False,"July 6–13, 2022"
2022,Florida,FL,7,Republican Primary,St. Pete Polls,2022-08-05,2022-08-05,2022-08-05,205 (LV),6.8,Erika Benfield,R,5%,False,"August 5, 2022"
2022,Florida,FL,7,Republican Primary,St. Pete Polls,2022-08-05,2022-08-05,2022-08-05,205 (LV),6.8,Brady Duke,R,12%,False,"August 5, 2022"
2022,Florida,FL,7,Republican Primary,St. Pete Polls,2022-08-05,2022-08-05,2022-08-05,205 (LV),6.8,Ted Edwards,R,5%,False,"August 5, 2022"
2022,Florida,FL,7,Republican Primary,St. Pete Polls,2022-08-05,2022-08-05,2022-08-05,205 (LV),6.8,Cory Mills,R,23%,False,"August 5, 2022"
2022,Florida,FL,7,Republican Primary,St. Pete Polls,2022-08-05,2022-08-05,2022-08-05,205 (LV),6.8,Rusty Roberts,R,9%,False,"August 5, 2022"
2022,Florida,FL,7,Republican Primary,St. Pete Polls,2022-08-05,2022-08-05,2022-08-05,205 (LV),6.8,Anthony Sabatini,R,22%,False,"August 5, 2022"
2022,Florida,FL,7,Republican Primary,St. Pete Polls,2022-08-05,2022-08-05,2022-08-05,205 (LV),6.8,Armando Santos,R,3%,False,"August 5, 2022"
2022,Florida,FL,7,Republican Primary,St. Pete Polls,2022-08-05,2022-08-05,2022-08-05,205 (LV),6.8,Scott Sturgill,R,3%,False,"August 5, 2022"
2022,Florida,FL,7,Republican Primary,St. Pete Polls,2022-08-17,2022-08-17,2022-08-17,277 (LV),5.9,Erika Benfield,R,5%,False,"August 17, 2022"
2022,Florida,FL,7,Republican Primary,St. Pete Polls,2022-08-17,2022-08-17,2022-08-17,277 (LV),5.9,Brady Duke,R,16%,False,"August 17, 2022"
2022,Florida,FL,7,Republican Primary,St. Pete Polls,2022-08-17,2022-08-17,2022-08-17,277 (LV),5.9,Ted Edwards,R,5%,False,"August 17, 2022"
2022,Florida,FL,7,Republican Primary,St. Pete Polls,2022-08-17,2022-08-17,2022-08-17,277 (LV),5.9,Cory Mills,R,24%,False,"August 17, 2022"
2022,Florida,FL,7,Republican Primary,St. Pete Polls,2022-08-17,2022-08-17,2022-08-17,277 (LV),5.9,Rusty Roberts,R,7%,False,"August 17, 2022"
2022,Florida,FL,7,Republican Primary,St. Pete Polls,2022-08-17,2022-08-17,2022-08-17,277 (LV),5.9,Anthony Sabatini,R,22%,False,"August 17, 2022"
2022,Florida,FL,7,Republican Primary,St. Pete Polls,2022-08-17,2022-08-17,2022-08-17,277 (LV),5.9,Armando Santos,R,2%,False,"August 17, 2022"
2022,Florida,FL,7,Republican Primary,St. Pete Polls,2022-08-17,2022-08-17,2022-08-17,277 (LV),5.9,Scott Sturgill,R,3%,False,"August 17, 2022"
2022,Georgia,GA,10,Republican Primary,Fabrizio Lee,2022-01,2022-01-01,2022-01-31,,,Timothy Barr,R,3%,False,January 2022
2022,Georgia,GA,10,Republican Primary,Fabrizio Lee,2022-01,2022-01-01,2022-01-31,,,Paul Broun,R,8%,False,January 2022
2022,Georgia,GA,10,Republican Primary,Fabrizio Lee,2022-01,2022-01-01,2022-01-31,,,Mike Collins,R,14%,False,January 2022
2022,Georgia,GA,10,Republican Primary,Fabrizio Lee,2022-01,2022-01-01,2022-01-31,,,David Curry,R,5%,False,January 2022
2022,Georgia,GA,10,Republican Primary,Fabrizio Lee,2022-01,2022-01-01,2022-01-31,,,Vernon Jones,R,14%,False,January 2022
2022,Georgia,GA,10,Republican Primary,Fabrizio Lee,2022-01,2022-01-01,2022-01-31,,,Marc McMain,R,3%,False,January 2022
2022,Georgia,GA,10,Republican Primary,Fabrizio Lee,2022-01,2022-01-01,2022-01-31,,,Mitchell Swan,R,3%,False,January 2022
2022,Georgia,GA,10,Republican Primary,The Trafalgar Group,2022-02-01 to 2022-02-03,2022-02-01,2022-02-03,754 (LV),3.6,Timothy Barr,R,8%,False,"February 1–3, 2022"
2022,Georgia,GA,10,Republican Primary,The Trafalgar Group,2022-02-01 to 2022-02-03,2022-02-01,2022-02-03,754 (LV),3.6,Paul Broun,R,11%,False,"February 1–3, 2022"
2022,Georgia,GA,10,Republican Primary,The Trafalgar Group,2022-02-01 to 2022-02-03,2022-02-01,2022-02-03,754 (LV),3.6,Mike Collins,R,36%,False,"February 1–3, 2022"
2022,Georgia,GA,10,Republican Primary,The Trafalgar Group,2022-02-01 to 2022-02-03,2022-02-01,2022-02-03,754 (LV),3.6,David Curry,R,9%,False,"February 1–3, 2022"
2022,Georgia,GA,10,Republican Primary,The Trafalgar Group,2022-02-01 to 2022-02-03,2022-02-01,2022-02-03,754 (LV),3.6,Vernon Jones,R,2%,False,"February 1–3, 2022"
2022,Georgia,GA,10,Republican Primary,The Trafalgar Group,2022-02-01 to 2022-02-03,2022-02-01,2022-02-03,754 (LV),3.6,Marc McMain,R,7%,False,"February 1–3, 2022"
2022,Georgia,GA,14,Republican Primary,Neighborhood Research and Media,2021-12-13 to 2021-12-22,2021-12-13,2021-12-22,388 (LV),5.0,Marjorie Taylor Greene,R,71%,False,"December 13–22, 2021"
2022,Georgia,GA,14,Republican Primary,Neighborhood Research and Media,2021-12-13 to 2021-12-22,2021-12-13,2021-12-22,388 (LV),5.0,Charles Lutin,R,1%,False,"December 13–22, 2021"
2022,Georgia,GA,14,Republican Primary,Neighborhood Research and Media,2021-12-13 to 2021-12-22,2021-12-13,2021-12-22,388 (LV),5.0,Jennifer Strahan,R,0%,False,"December 13–22, 2021"
2022,Georgia,GA,14,Republican Primary,TargetPoint Consulting,2022-01-13 to 2022-01-17,2022-01-13,2022-01-17,450 (LV),4.6,Marjorie Taylor Greene,R,60%,False,"January 13–17, 2022"
2022,Georgia,GA,14,Republican Primary,TargetPoint Consulting,2022-01-13 to 2022-01-17,2022-01-13,2022-01-17,450 (LV),4.6,Jennifer Strahan,R,30%,False,"January 13–17, 2022"
2022,Georgia,GA,6,Republican Primary,Public Opinion Strategies,2022-01-26 to 2022-01-27,2022-01-26,2022-01-27,300 (LV),5.7,Jake Evans,R,3%,False,"January 26–27, 2022"
2022,Georgia,GA,6,Republican Primary,Public Opinion Strategies,2022-01-26 to 2022-01-27,2022-01-26,2022-01-27,300 (LV),5.7,Meagan Hanson,R,3%,False,"January 26–27, 2022"
2022,Georgia,GA,6,Republican Primary,Public Opinion Strategies,2022-01-26 to 2022-01-27,2022-01-26,2022-01-27,300 (LV),5.7,Blake Harbin,R,3%,False,"January 26–27, 2022"
2022,Georgia,GA,6,Republican Primary,Public Opinion Strategies,2022-01-26 to 2022-01-27,2022-01-26,2022-01-27,300 (LV),5.7,Rich McCormick,R,25%,False,"January 26–27, 2022"
2022,Georgia,GA,6,Republican Primary,Public Opinion Strategies,2022-01-26 to 2022-01-27,2022-01-26,2022-01-27,300 (LV),5.7,Mallory Staples,R,2%,False,"January 26–27, 2022"
2022,Georgia,GA,6,Republican Primary,Public Opinion Strategies,2022-04-30 to 2022-05-02,2022-04-30,2022-05-02,300 (LV),5.7,Jake Evans,R,13%,False,"April 30 – May 2, 2022"
2022,Georgia,GA,6,Republican Primary,Public Opinion Strategies,2022-04-30 to 2022-05-02,2022-04-30,2022-05-02,300 (LV),5.7,Byron Gatewood,R,1%,False,"April 30 – May 2, 2022"
2022,Georgia,GA,6,Republican Primary,Public Opinion Strategies,2022-04-30 to 2022-05-02,2022-04-30,2022-05-02,300 (LV),5.7,Meagan Hanson,R,2%,False,"April 30 – May 2, 2022"
2022,Georgia,GA,6,Republican Primary,Public Opinion Strategies,2022-04-30 to 2022-05-02,2022-04-30,2022-05-02,300 (LV),5.7,Blake Harbin,R,2%,False,"April 30 – May 2, 2022"
2022,Georgia,GA,6,Republican Primary,Public Opinion Strategies,2022-04-30 to 2022-05-02,2022-04-30,2022-05-02,300 (LV),5.7,Rich McCormick,R,38%,False,"April 30 – May 2, 2022"
2022,Georgia,GA,6,Republican Primary,Public Opinion Strategies,2022-04-30 to 2022-05-02,2022-04-30,2022-05-02,300 (LV),5.7,Paulette Smith,R,1%,False,"April 30 – May 2, 2022"
2022,Georgia,GA,6,Republican Primary,Public Opinion Strategies,2022-04-30 to 2022-05-02,2022-04-30,2022-05-02,300 (LV),5.7,Mallory Staples,R,7%,False,"April 30 – May 2, 2022"
2022,Georgia,GA,6,Republican Primary,Public Opinion Strategies,2022-04-30 to 2022-05-02,2022-04-30,2022-05-02,300 (LV),5.7,Suzi Voyles,R,1%,False,"April 30 – May 2, 2022"
2022,Georgia,GA,6,Republican Primary,Public Opinion Strategies,2022-04-30 to 2022-05-02,2022-04-30,2022-05-02,300 (LV),5.7,Eugene Yu,R,2%,False,"April 30 – May 2, 2022"
2022,Georgia,GA,7,Democratic Primary,20/20 Insight,2021-12-10 to 2021-12-15,2021-12-10,2021-12-15,333 (LV),5.4,Carolyn Bourdeaux,D,19%,False,"December 10–15, 2021"
2022,Georgia,GA,7,Democratic Primary,20/20 Insight,2021-12-10 to 2021-12-15,2021-12-10,2021-12-15,333 (LV),5.4,Carolyn Bourdeaux,D,22%,False,"December 10–15, 2021"
2022,Georgia,GA,7,Democratic Primary,20/20 Insight,2021-12-10 to 2021-12-15,2021-12-10,2021-12-15,333 (LV),5.4,Lucy McBath,D,41%,False,"December 10–15, 2021"
2022,Georgia,GA,7,Democratic Primary,20/20 Insight,2021-12-10 to 2021-12-15,2021-12-10,2021-12-15,333 (LV),5.4,Lucy McBath,D,45%,False,"December 10–15, 2021"
2022,Georgia,GA,7,Democratic Primary,20/20 Insight,2021-12-10 to 2021-12-15,2021-12-10,2021-12-15,333 (LV),5.4,Donna McLeod,D,4%,False,"December 10–15, 2021"
2022,Georgia,GA,7,Democratic Primary,Data for Progress,2022-01-13 to 2022-01-16,2022-01-13,2022-01-16,419 (LV),5.0,Carolyn Bourdeaux,D,31%,False,"January 13–16, 2022"
2022,Georgia,GA,7,Democratic Primary,Data for Progress,2022-01-13 to 2022-01-16,2022-01-13,2022-01-16,419 (LV),5.0,Lucy McBath,D,40%,False,"January 13–16, 2022"
2022,Georgia,GA,7,Democratic Primary,Data for Progress,2022-01-13 to 2022-01-16,2022-01-13,2022-01-16,419 (LV),5.0,Donna McLeod,D,6%,False,"January 13–16, 2022"
2022,Hawaii,HI,1,Democratic Primary,MRG Research,2022-06-28 to 2022-06-30,2022-06-28,2022-06-30,390 (LV),5.0,Ed Case,D,65%,False,"June 28–30, 2022"
2022,Hawaii,HI,1,Democratic Primary,MRG Research,2022-06-28 to 2022-06-30,2022-06-28,2022-06-30,390 (LV),5.0,Sergio Alcubilla,D,8%,False,"June 28–30, 2022"
2022,Hawaii,HI,2,Democratic Primary,OmniTrak,2022-05-09 to 2022-05-25,2022-05-09,2022-05-25,500 (LV),4.0,Patrick Branco,D,7%,False,"May 9–25, 2022"
2022,Hawaii,HI,2,Democratic Primary,OmniTrak,2022-05-09 to 2022-05-25,2022-05-09,2022-05-25,500 (LV),4.0,Jill Tokuda,D,36%,False,"May 9–25, 2022"
2022,Hawaii,HI,2,Democratic Primary,MRG Research,2022-06-28 to 2022-06-30,2022-06-28,2022-06-30,391 (LV),5.0,Patrick Branco,D,6%,False,"June 28–30, 2022"
2022,Hawaii,HI,2,Democratic Primary,MRG Research,2022-06-28 to 2022-06-30,2022-06-28,2022-06-30,391 (LV),5.0,Jill Tokuda,D,31%,False,"June 28–30, 2022"
2022,Illinois,IL,15,Republican Primary,Cygnal,2022-06-07,2022-06-07,2022-06-07,,,Rodney Davis,R,41%,False,"~June 7, 2022"
2022,Illinois,IL,15,Republican Primary,Cygnal,2022-06-07,2022-06-07,2022-06-07,,,Mary Miller,R,41%,False,"~June 7, 2022"
2022,Illinois,IL,15,Republican Primary,Victory Geek,2022-06-15 to 2022-06-19,2022-06-15,2022-06-19,513 (LV),4.3,Rodney Davis,R,38%,False,"June 15–19, 2022"
2022,Illinois,IL,15,Republican Primary,Victory Geek,2022-06-15 to 2022-06-19,2022-06-15,2022-06-19,513 (LV),4.3,Mary Miller,R,35%,False,"June 15–19, 2022"
2022,Illinois,IL,15,Republican Primary,Cygnal,2022-06-18 to 2022-06-19,2022-06-18,2022-06-19,420 (LV),4.8,Rodney Davis,R,40%,False,"June 18–19, 2022"
2022,Illinois,IL,15,Republican Primary,Cygnal,2022-06-18 to 2022-06-19,2022-06-18,2022-06-19,420 (LV),4.8,Mary Miller,R,45%,False,"June 18–19, 2022"
2022,Illinois,IL,3,Democratic Primary,Lake Research Partners (WFP),2022-02-28 to 2022-03-03,2022-02-28,2022-03-03,400 (LV),4.9,Iymen Chehade,D,1%,False,"February 28 – March 3, 2022"
2022,Illinois,IL,3,Democratic Primary,Lake Research Partners (WFP),2022-02-28 to 2022-03-03,2022-02-28,2022-03-03,400 (LV),4.9,Delia Ramirez,D,19%,False,"February 28 – March 3, 2022"
2022,Illinois,IL,3,Democratic Primary,Lake Research Partners (WFP),2022-02-28 to 2022-03-03,2022-02-28,2022-03-03,400 (LV),4.9,Gilbert Villegas,D,11%,False,"February 28 – March 3, 2022"
2022,Illinois,IL,3,Democratic Primary,Impact Research,2022-03-14 to 2022-03-17,2022-03-14,2022-03-17,400 (LV),4.9,Juan Aguirre,D,0%,False,"March 14–17, 2022"
2022,Illinois,IL,3,Democratic Primary,Impact Research,2022-03-14 to 2022-03-17,2022-03-14,2022-03-17,400 (LV),4.9,Iymen Chehade,D,3%,False,"March 14–17, 2022"
2022,Illinois,IL,3,Democratic Primary,Impact Research,2022-03-14 to 2022-03-17,2022-03-14,2022-03-17,400 (LV),4.9,Delia Ramirez,D,25%,False,"March 14–17, 2022"
2022,Illinois,IL,3,Democratic Primary,Impact Research,2022-03-14 to 2022-03-17,2022-03-14,2022-03-17,400 (LV),4.9,Gilbert Villegas,D,10%,False,"March 14–17, 2022"
2022,Illinois,IL,6,Democratic Primary,Victoria Research,2022-02-10 to 2022-02-15,2022-02-10,2022-02-15,560 (LV),4.4,Sean Casten,D,37%,False,"February 10–15, 2022"
2022,Illinois,IL,6,Democratic Primary,Victoria Research,2022-02-10 to 2022-02-15,2022-02-10,2022-02-15,560 (LV),4.4,Marie Newman,D,37%,False,"February 10–15, 2022"
2022,Illinois,IL,6,Democratic Primary,Garin-Hart-Yang Research Group,2022-05-12 to 2022-05-16,2022-05-12,2022-05-16,402 (LV),4.9,Sean Casten,D,36%,False,"May 12–16, 2022"
2022,Illinois,IL,6,Democratic Primary,Garin-Hart-Yang Research Group,2022-05-12 to 2022-05-16,2022-05-12,2022-05-16,402 (LV),4.9,Charles Hughes,D,2%,False,"May 12–16, 2022"
2022,Illinois,IL,6,Democratic Primary,Garin-Hart-Yang Research Group,2022-05-12 to 2022-05-16,2022-05-12,2022-05-16,402 (LV),4.9,Marie Newman,D,27%,False,"May 12–16, 2022"
2022,Kentucky,KY,4,Republican Primary,Public Opinion Strategies,2022-04-28 to 2022-05-01,2022-04-28,2022-05-01,300 (LV),5.7,Thomas Massie,R,66%,False,"April 28 – May 1, 2022"
2022,Kentucky,KY,4,Republican Primary,Public Opinion Strategies,2022-04-28 to 2022-05-01,2022-04-28,2022-05-01,300 (LV),5.7,Alyssa Dara McDowell,R,2%,False,"April 28 – May 1, 2022"
2022,Kentucky,KY,4,Republican Primary,Public Opinion Strategies,2022-04-28 to 2022-05-01,2022-04-28,2022-05-01,300 (LV),5.7,George Washington,R,4%,False,"April 28 – May 1, 2022"
2022,Kentucky,KY,4,Republican Primary,Public Opinion Strategies,2022-04-28 to 2022-05-01,2022-04-28,2022-05-01,300 (LV),5.7,Claire Wirth,R,9%,False,"April 28 – May 1, 2022"
2022,Maryland,MD,4,Democratic Primary,Public Policy Polling,2021-12-08 to 2021-12-09,2021-12-08,2021-12-09,403 (LV),4.9,Angela Angel,D,8%,False,"December 8–9, 2021"
2022,Maryland,MD,4,Democratic Primary,Public Policy Polling,2021-12-08 to 2021-12-09,2021-12-08,2021-12-09,403 (LV),4.9,Glenn Ivey,D,31%,False,"December 8–9, 2021"
2022,Maryland,MD,4,Democratic Primary,Public Policy Polling,2021-12-08 to 2021-12-09,2021-12-08,2021-12-09,403 (LV),4.9,Jazz Lewis,D,5%,False,"December 8–9, 2021"
2022,Maryland,MD,4,Democratic Primary,Lake Research Partners,2022-04-28 to 2022-05-04,2022-04-28,2022-05-04,400 (LV),4.9,Angela Angel,D,4%,False,"April 28 – May 4, 2022"
2022,Maryland,MD,4,Democratic Primary,Lake Research Partners,2022-04-28 to 2022-05-04,2022-04-28,2022-05-04,400 (LV),4.9,Donna Edwards,D,45%,False,"April 28 – May 4, 2022"
2022,Maryland,MD,4,Democratic Primary,Lake Research Partners,2022-04-28 to 2022-05-04,2022-04-28,2022-05-04,400 (LV),4.9,Glenn Ivey,D,24%,False,"April 28 – May 4, 2022"
2022,Maryland,MD,4,Democratic Primary,Change Research,2022-06-02 to 2022-06-08,2022-06-02,2022-06-08,586 (LV),4.5,Angela Angel,D,4%,False,"June 2–8, 2022"
2022,Maryland,MD,4,Democratic Primary,Change Research,2022-06-02 to 2022-06-08,2022-06-02,2022-06-08,586 (LV),4.5,Donna Edwards,D,28%,False,"June 2–8, 2022"
2022,Maryland,MD,4,Democratic Primary,Change Research,2022-06-02 to 2022-06-08,2022-06-02,2022-06-08,586 (LV),4.5,Glenn Ivey,D,33%,False,"June 2–8, 2022"
2022,Michigan,MI,10,Democratic Primary,Target Insyght,2022-01-25 to 2022-01-27,2022-01-25,2022-01-27,~225 (LV),6.5,Huwaida Arraf,D,3%,False,"January 25–27, 2022"
2022,Michigan,MI,10,Democratic Primary,Target Insyght,2022-01-25 to 2022-01-27,2022-01-25,2022-01-27,~225 (LV),6.5,Carl Marlinga,D,33%,False,"January 25–27, 2022"
2022,Michigan,MI,10,Democratic Primary,Target Insyght,2022-01-25 to 2022-01-27,2022-01-25,2022-01-27,~225 (LV),6.5,Angela Rogensues,D,2%,False,"January 25–27, 2022"
2022,Michigan,MI,10,Democratic Primary,Target Insyght,2022-01-25 to 2022-01-27,2022-01-25,2022-01-27,~225 (LV),6.5,Michael Taylor,D,16%,False,"January 25–27, 2022"
2022,Michigan,MI,10,Republican Primary,Target Insyght,2022-01-25 to 2022-01-27,2022-01-25,2022-01-27,~230 (LV),6.5,Eric Esshaki,R,7%,False,"January 25–27, 2022"
2022,Michigan,MI,10,Republican Primary,Target Insyght,2022-01-25 to 2022-01-27,2022-01-25,2022-01-27,~230 (LV),6.5,John James,R,68%,False,"January 25–27, 2022"
2022,Michigan,MI,10,Democratic Primary,Target Insyght,2022-05-24 to 2022-05-27,2022-05-24,2022-05-27,300 (LV),5.7,Huwaida Arraf,D,8%,False,"May 24–27, 2022"
2022,Michigan,MI,10,Democratic Primary,Target Insyght,2022-05-24 to 2022-05-27,2022-05-24,2022-05-27,300 (LV),5.7,Carl Marlinga,D,40%,False,"May 24–27, 2022"
2022,Michigan,MI,10,Democratic Primary,Target Insyght,2022-05-24 to 2022-05-27,2022-05-24,2022-05-27,300 (LV),5.7,Rhonda Powell,D,13%,False,"May 24–27, 2022"
2022,Michigan,MI,10,Democratic Primary,Target Insyght,2022-05-24 to 2022-05-27,2022-05-24,2022-05-27,300 (LV),5.7,Angela Rogensues,D,16%,False,"May 24–27, 2022"
2022,Michigan,MI,10,Democratic Primary,Target Insyght,2022-05-24 to 2022-05-27,2022-05-24,2022-05-27,300 (LV),5.7,Henry Yanez,D,7%,False,"May 24–27, 2022"
2022,Michigan,MI,11,Democratic Primary,Impact Research,2022-01-24 to 2022-01-27,2022-01-24,2022-01-27,519 (LV),4.3,Andy Levin,D,35%,False,"January 24–27, 2022"
2022,Michigan,MI,11,Democratic Primary,Impact Research,2022-01-24 to 2022-01-27,2022-01-24,2022-01-27,519 (LV),4.3,Haley Stevens,D,42%,False,"January 24–27, 2022"
2022,Michigan,MI,11,Democratic Primary,Target Insyght,2022-02-01 to 2022-02-03,2022-02-01,2022-02-03,400 (LV),5.0,Andy Levin,D,41%,False,"February 1–3, 2022"
2022,Michigan,MI,11,Democratic Primary,Target Insyght,2022-02-01 to 2022-02-03,2022-02-01,2022-02-03,400 (LV),5.0,Haley Stevens,D,41%,False,"February 1–3, 2022"
2022,Michigan,MI,11,Democratic Primary,Lake Research Partners,2022-02-15 to 2022-02-20,2022-02-15,2022-02-20,500 (LV),4.4,Andy Levin,D,36%,False,"February 15–20, 2022"
2022,Michigan,MI,11,Democratic Primary,Lake Research Partners,2022-02-15 to 2022-02-20,2022-02-15,2022-02-20,500 (LV),4.4,Haley Stevens,D,36%,False,"February 15–20, 2022"
2022,Michigan,MI,11,Democratic Primary,Target Insyght,2022-07-18 to 2022-07-20,2022-07-18,2022-07-20,500 (LV),4.5,Andy Levin,D,31%,False,"July 18–20, 2022"
2022,Michigan,MI,11,Democratic Primary,Target Insyght,2022-07-18 to 2022-07-20,2022-07-18,2022-07-20,500 (LV),4.5,Haley Stevens,D,58%,False,"July 18–20, 2022"
2022,Michigan,MI,12,Democratic Primary,Target Insyght,2022-01-18 to 2022-01-20,2022-01-18,2022-01-20,600 (LV),4.0,Phil Cavanagh,D,3%,False,"January 18–20, 2022"
2022,Michigan,MI,12,Democratic Primary,Target Insyght,2022-01-18 to 2022-01-20,2022-01-18,2022-01-20,600 (LV),4.0,Kelly Garrett,D,6%,False,"January 18–20, 2022"
2022,Michigan,MI,12,Democratic Primary,Target Insyght,2022-01-18 to 2022-01-20,2022-01-18,2022-01-20,600 (LV),4.0,Shanelle Jackson,D,0%,False,"January 18–20, 2022"
2022,Michigan,MI,12,Democratic Primary,Target Insyght,2022-01-18 to 2022-01-20,2022-01-18,2022-01-20,600 (LV),4.0,Maureen Miller Bronsan,D,2%,False,"January 18–20, 2022"
2022,Michigan,MI,12,Democratic Primary,Target Insyght,2022-01-18 to 2022-01-20,2022-01-18,2022-01-20,600 (LV),4.0,Rashida Tlaib,D,62%,False,"January 18–20, 2022"
2022,Michigan,MI,12,Democratic Primary,Target Insyght,2022-01-18 to 2022-01-20,2022-01-18,2022-01-20,600 (LV),4.0,William Wild,D,13%,False,"January 18–20, 2022"
2022,Michigan,MI,12,Democratic Primary,Target Insyght,2022-01-18 to 2022-01-20,2022-01-18,2022-01-20,600 (LV),4.0,Janice Winfrey,D,4%,False,"January 18–20, 2022"
2022,Michigan,MI,13,Democratic Primary,Target Insyght,2022-01-18 to 2022-01-20,2022-01-18,2022-01-20,600 (LV),4.0,Hansen Clarke,D,23%,False,"January 18–20, 2022"
2022,Michigan,MI,13,Democratic Primary,Target Insyght,2022-01-18 to 2022-01-20,2022-01-18,2022-01-20,600 (LV),4.0,Shawna Diggs,D,0%,False,"January 18–20, 2022"
2022,Michigan,MI,13,Democratic Primary,Target Insyght,2022-01-18 to 2022-01-20,2022-01-18,2022-01-20,600 (LV),4.0,Sherry Gay-Dagnogo,D,11%,False,"January 18–20, 2022"
2022,Michigan,MI,13,Democratic Primary,Target Insyght,2022-01-18 to 2022-01-20,2022-01-18,2022-01-20,600 (LV),4.0,Ralph Godbee,D,1%,False,"January 18–20, 2022"
2022,Michigan,MI,13,Democratic Primary,Target Insyght,2022-01-18 to 2022-01-20,2022-01-18,2022-01-20,600 (LV),4.0,Michael Griffie,D,4%,False,"January 18–20, 2022"
2022,Michigan,MI,13,Democratic Primary,Target Insyght,2022-01-18 to 2022-01-20,2022-01-18,2022-01-20,600 (LV),4.0,Adam Hollier,D,5%,False,"January 18–20, 2022"
2022,Michigan,MI,13,Democratic Primary,Target Insyght,2022-01-18 to 2022-01-20,2022-01-18,2022-01-20,600 (LV),4.0,Sharon McPhail,D,25%,False,"January 18–20, 2022"
2022,Michigan,MI,13,Democratic Primary,Target Insyght,2022-01-18 to 2022-01-20,2022-01-18,2022-01-20,600 (LV),4.0,Portia Roberson,D,7%,False,"January 18–20, 2022"
2022,Michigan,MI,13,Democratic Primary,Target Insyght,2022-01-18 to 2022-01-20,2022-01-18,2022-01-20,600 (LV),4.0,Shri Thanedar,D,7%,False,"January 18–20, 2022"
2022,Michigan,MI,13,Democratic Primary,Target Insyght,2022-02-22 to 2022-02-24,2022-02-22,2022-02-24,600 (LV),4.0,Sherry Gay-Dagnogo,D,7%,False,"February 22–24, 2022"
2022,Michigan,MI,13,Democratic Primary,Target Insyght,2022-02-22 to 2022-02-24,2022-02-22,2022-02-24,600 (LV),4.0,Ralph Godbee,D,11%,False,"February 22–24, 2022"
2022,Michigan,MI,13,Democratic Primary,Target Insyght,2022-02-22 to 2022-02-24,2022-02-22,2022-02-24,600 (LV),4.0,Michael Griffie,D,0%,False,"February 22–24, 2022"
2022,Michigan,MI,13,Democratic Primary,Target Insyght,2022-02-22 to 2022-02-24,2022-02-22,2022-02-24,600 (LV),4.0,Adam Hollier,D,6%,False,"February 22–24, 2022"
2022,Michigan,MI,13,Democratic Primary,Target Insyght,2022-02-22 to 2022-02-24,2022-02-22,2022-02-24,600 (LV),4.0,Sharon McPhail,D,24%,False,"February 22–24, 2022"
2022,Michigan,MI,13,Democratic Primary,Target Insyght,2022-02-22 to 2022-02-24,2022-02-22,2022-02-24,600 (LV),4.0,Sam Riddle,D,1%,False,"February 22–24, 2022"
2022,Michigan,MI,13,Democratic Primary,Target Insyght,2022-02-22 to 2022-02-24,2022-02-22,2022-02-24,600 (LV),4.0,Portia Roberson,D,7%,False,"February 22–24, 2022"
2022,Michigan,MI,13,Democratic Primary,Target Insyght,2022-02-22 to 2022-02-24,2022-02-22,2022-02-24,600 (LV),4.0,Shri Thanedar,D,12%,False,"February 22–24, 2022"
2022,Michigan,MI,13,Democratic Primary,Public Policy Polling,2022-03-21 to 2022-03-22,2022-03-21,2022-03-22,463 (LV),4.6,John Conyers III,D,19%,False,"March 21–22, 2022"
2022,Michigan,MI,13,Democratic Primary,Public Policy Polling,2022-03-21 to 2022-03-22,2022-03-21,2022-03-22,463 (LV),4.6,Sherry Gay-Dagnogo,D,6%,False,"March 21–22, 2022"
2022,Michigan,MI,13,Democratic Primary,Public Policy Polling,2022-03-21 to 2022-03-22,2022-03-21,2022-03-22,463 (LV),4.6,Ralph Godbee,D,5%,False,"March 21–22, 2022"
2022,Michigan,MI,13,Democratic Primary,Public Policy Polling,2022-03-21 to 2022-03-22,2022-03-21,2022-03-22,463 (LV),4.6,Michael Griffie,D,0%,False,"March 21–22, 2022"
2022,Michigan,MI,13,Democratic Primary,Public Policy Polling,2022-03-21 to 2022-03-22,2022-03-21,2022-03-22,463 (LV),4.6,Adam Hollier,D,6%,False,"March 21–22, 2022"
2022,Michigan,MI,13,Democratic Primary,Public Policy Polling,2022-03-21 to 2022-03-22,2022-03-21,2022-03-22,463 (LV),4.6,Sharon McPhail,D,9%,False,"March 21–22, 2022"
2022,Michigan,MI,13,Democratic Primary,Public Policy Polling,2022-03-21 to 2022-03-22,2022-03-21,2022-03-22,463 (LV),4.6,Portia Roberson,D,4%,False,"March 21–22, 2022"
2022,Michigan,MI,13,Democratic Primary,Public Policy Polling,2022-03-21 to 2022-03-22,2022-03-21,2022-03-22,463 (LV),4.6,Shri Thanedar,D,7%,False,"March 21–22, 2022"
2022,Michigan,MI,13,Democratic Primary,Public Policy Polling,2022-03-21 to 2022-03-22,2022-03-21,2022-03-22,463 (LV),4.6,Adrian Tonon,D,0%,False,"March 21–22, 2022"
2022,Michigan,MI,13,Democratic Primary,Target Insyght,2022-05-03 to 2022-05-05,2022-05-03,2022-05-05,600 (LV),4.0,John Conyers III,D,15%,False,"May 3–5, 2022"
2022,Michigan,MI,13,Democratic Primary,Target Insyght,2022-05-03 to 2022-05-05,2022-05-03,2022-05-05,600 (LV),4.0,Sherry Gay-Dagnogo,D,9%,False,"May 3–5, 2022"
2022,Michigan,MI,13,Democratic Primary,Target Insyght,2022-05-03 to 2022-05-05,2022-05-03,2022-05-05,600 (LV),4.0,Michael Griffie,D,2%,False,"May 3–5, 2022"
2022,Michigan,MI,13,Democratic Primary,Target Insyght,2022-05-03 to 2022-05-05,2022-05-03,2022-05-05,600 (LV),4.0,Adam Hollier,D,6%,False,"May 3–5, 2022"
2022,Michigan,MI,13,Democratic Primary,Target Insyght,2022-05-03 to 2022-05-05,2022-05-03,2022-05-05,600 (LV),4.0,Angela McIntosh,D,0%,False,"May 3–5, 2022"
2022,Michigan,MI,13,Democratic Primary,Target Insyght,2022-05-03 to 2022-05-05,2022-05-03,2022-05-05,600 (LV),4.0,Sharon McPhail,D,20%,False,"May 3–5, 2022"
2022,Michigan,MI,13,Democratic Primary,Target Insyght,2022-05-03 to 2022-05-05,2022-05-03,2022-05-05,600 (LV),4.0,Sam Riddle,D,2%,False,"May 3–5, 2022"
2022,Michigan,MI,13,Democratic Primary,Target Insyght,2022-05-03 to 2022-05-05,2022-05-03,2022-05-05,600 (LV),4.0,Portia Roberson,D,9%,False,"May 3–5, 2022"
2022,Michigan,MI,13,Democratic Primary,Target Insyght,2022-05-03 to 2022-05-05,2022-05-03,2022-05-05,600 (LV),4.0,Lorrie Rutledge,D,0%,False,"May 3–5, 2022"
2022,Michigan,MI,13,Democratic Primary,Target Insyght,2022-05-03 to 2022-05-05,2022-05-03,2022-05-05,600 (LV),4.0,Shri Thanedar,D,12%,False,"May 3–5, 2022"
2022,Michigan,MI,13,Democratic Primary,Target Insyght,2022-05-03 to 2022-05-05,2022-05-03,2022-05-05,600 (LV),4.0,Adrian Tonon,D,0%,False,"May 3–5, 2022"
2022,Michigan,MI,13,Democratic Primary,Target Insyght,2022-07-19 to 2022-07-22,2022-07-19,2022-07-22,500 (LV),4.5,John Conyers III,D,7%,False,"July 19–22, 2022"
2022,Michigan,MI,13,Democratic Primary,Target Insyght,2022-07-19 to 2022-07-22,2022-07-19,2022-07-22,500 (LV),4.5,Sherry Gay-Dagnogo,D,5%,False,"July 19–22, 2022"
2022,Michigan,MI,13,Democratic Primary,Target Insyght,2022-07-19 to 2022-07-22,2022-07-19,2022-07-22,500 (LV),4.5,Michael Griffie,D,5%,False,"July 19–22, 2022"
2022,Michigan,MI,13,Democratic Primary,Target Insyght,2022-07-19 to 2022-07-22,2022-07-19,2022-07-22,500 (LV),4.5,Adam Hollier,D,16%,False,"July 19–22, 2022"
2022,Michigan,MI,13,Democratic Primary,Target Insyght,2022-07-19 to 2022-07-22,2022-07-19,2022-07-22,500 (LV),4.5,Sharon McPhail,D,7%,False,"July 19–22, 2022"
2022,Michigan,MI,13,Democratic Primary,Target Insyght,2022-07-19 to 2022-07-22,2022-07-19,2022-07-22,500 (LV),4.5,Sam Riddle,D,4%,False,"July 19–22, 2022"
2022,Michigan,MI,13,Democratic Primary,Target Insyght,2022-07-19 to 2022-07-22,2022-07-19,2022-07-22,500 (LV),4.5,Portia Roberson,D,17%,False,"July 19–22, 2022"
2022,Michigan,MI,13,Democratic Primary,Target Insyght,2022-07-19 to 2022-07-22,2022-07-19,2022-07-22,500 (LV),4.5,Lorrie Rutledge,D,0%,False,"July 19–22, 2022"
2022,Michigan,MI,13,Democratic Primary,Target Insyght,2022-07-19 to 2022-07-22,2022-07-19,2022-07-22,500 (LV),4.5,Shri Thanedar,D,22%,False,"July 19–22, 2022"
2022,Michigan,MI,3,Republican Primary,Impact Research,2022-01-11 to 2022-01-13,2022-01-11,2022-01-13,400 (LV),4.9,John Gibbs,R,13%,False,"January 11–13, 2022"
2022,Michigan,MI,3,Republican Primary,Impact Research,2022-01-11 to 2022-01-13,2022-01-11,2022-01-13,400 (LV),4.9,Audra Lemons-Johnson,R,4%,False,"January 11–13, 2022"
2022,Michigan,MI,3,Republican Primary,Impact Research,2022-01-11 to 2022-01-13,2022-01-11,2022-01-13,400 (LV),4.9,Gabriella Manolache,R,2%,False,"January 11–13, 2022"
2022,Michigan,MI,3,Republican Primary,Impact Research,2022-01-11 to 2022-01-13,2022-01-11,2022-01-13,400 (LV),4.9,Peter Meijer,R,26%,False,"January 11–13, 2022"
2022,Minnesota,MN,5,Democratic Primary,Change Research,2022-05-27 to 2022-06-03,2022-05-27,2022-06-03,754 (LV),3.9,Ilhan Omar,D,60%,False,"May 27 – June 3, 2022"
2022,Minnesota,MN,5,Democratic Primary,Change Research,2022-05-27 to 2022-06-03,2022-05-27,2022-06-03,754 (LV),3.9,Don Samuels,D,17%,False,"May 27 – June 3, 2022"
2022,Minnesota,MN,5,Democratic Primary,Change Research,2022-05-27 to 2022-06-03,2022-05-27,2022-06-03,754 (LV),3.9,Khanh Tran,D,1%,False,"May 27 – June 3, 2022"
2022,Mississippi,MS,4,Republican Primary,Public Opinion Strategies,2021-12-11 to 2021-12-14,2021-12-11,2021-12-14,400 (LV),4.9,Carl Boyanton,R,1%,False,"December 11–14, 2021"
2022,Mississippi,MS,4,Republican Primary,Public Opinion Strategies,2021-12-11 to 2021-12-14,2021-12-11,2021-12-14,400 (LV),4.9,Raymond Brooks,R,1%,False,"December 11–14, 2021"
2022,Mississippi,MS,4,Republican Primary,Public Opinion Strategies,2021-12-11 to 2021-12-14,2021-12-11,2021-12-14,400 (LV),4.9,Mike Ezell,R,8%,False,"December 11–14, 2021"
2022,Mississippi,MS,4,Republican Primary,Public Opinion Strategies,2021-12-11 to 2021-12-14,2021-12-11,2021-12-14,400 (LV),4.9,Steven Palazzo,R,65%,False,"December 11–14, 2021"
2022,Mississippi,MS,4,Republican Primary,Public Opinion Strategies,2021-12-11 to 2021-12-14,2021-12-11,2021-12-14,400 (LV),4.9,Clay Wagner,R,2%,False,"December 11–14, 2021"
2022,Mississippi,MS,4,Republican Primary,Public Opinion Strategies,2021-12-11 to 2021-12-14,2021-12-11,2021-12-14,400 (LV),4.9,Brice Wiggins,R,4%,False,"December 11–14, 2021"
2022,Missouri,MO,1,Democratic Primary,Lincoln Park Strategies,2022-05-24 to 2022-05-29,2022-05-24,2022-05-29,500 (LV),4.4,Cori Bush,D,36%,False,"May 24–29, 2022"
2022,Missouri,MO,1,Democratic Primary,Lincoln Park Strategies,2022-05-24 to 2022-05-29,2022-05-24,2022-05-29,500 (LV),4.4,Steve Roberts,D,18%,False,"May 24–29, 2022"
2022,Missouri,MO,1,Democratic Primary,Remington Research,2022-07-06 to 2022-07-07,2022-07-06,2022-07-07,460 (LV),4.6,Cori Bush,D,40%,False,"July 6–7, 2022"
2022,Missouri,MO,1,Democratic Primary,Remington Research,2022-07-06 to 2022-07-07,2022-07-06,2022-07-07,460 (LV),4.6,Steve Roberts,D,20%,False,"July 6–7, 2022"
2022,Missouri,MO,7,Republican Primary,Remington Research,2022-01-06 to 2022-01-07,2022-01-06,2022-01-07,797 (LV),3.4,Sam Alexander,R,6%,False,"January 6–7, 2022"
2022,Missouri,MO,7,Republican Primary,Remington Research,2022-01-06 to 2022-01-07,2022-01-06,2022-01-07,797 (LV),3.4,Eric Burlison,R,21%,False,"January 6–7, 2022"
2022,Missouri,MO,7,Republican Primary,Remington Research,2022-01-06 to 2022-01-07,2022-01-06,2022-01-07,797 (LV),3.4,Mike Moon,R,12%,False,"January 6–7, 2022"
2022,Missouri,MO,7,Republican Primary,Remington Research,2022-01-06 to 2022-01-07,2022-01-06,2022-01-07,797 (LV),3.4,Audrey Richards,R,3%,False,"January 6–7, 2022"
2022,Missouri,MO,7,Republican Primary,Remington Research,2022-01-06 to 2022-01-07,2022-01-06,2022-01-07,797 (LV),3.4,Jay Wasson,R,9%,False,"January 6–7, 2022"
2022,Missouri,MO,7,Republican Primary,American Viewpoint,2022-05-10 to 2022-05-12,2022-05-10,2022-05-12,400 (LV),4.9,Eric Burlison,R,15%,False,"May 10–12, 2022"
2022,Missouri,MO,7,Republican Primary,American Viewpoint,2022-05-10 to 2022-05-12,2022-05-10,2022-05-12,400 (LV),4.9,Mike Moon,R,17%,False,"May 10–12, 2022"
2022,Missouri,MO,7,Republican Primary,American Viewpoint,2022-05-10 to 2022-05-12,2022-05-10,2022-05-12,400 (LV),4.9,Jay Wasson,R,21%,False,"May 10–12, 2022"
2022,Missouri,MO,7,Republican Primary,WPA Intelligence,2022-05-20 to 2022-05-22,2022-05-20,2022-05-22,404 (LV),4.4,Eric Burlison,R,24%,False,"May 20–22, 2022"
2022,Missouri,MO,7,Republican Primary,WPA Intelligence,2022-05-20 to 2022-05-22,2022-05-20,2022-05-22,404 (LV),4.4,Mike Moon,R,16%,False,"May 20–22, 2022"
2022,Missouri,MO,7,Republican Primary,WPA Intelligence,2022-05-20 to 2022-05-22,2022-05-20,2022-05-22,404 (LV),4.4,Jay Wasson,R,14%,False,"May 20–22, 2022"
2022,Nebraska,NE,1,Republican Primary,Moore Information Group,2022-01,2022-01-01,2022-01-31,,,Mike Flood,R,33%,False,January 2022
2022,Nebraska,NE,1,Republican Primary,Moore Information Group,2022-01,2022-01-01,2022-01-31,,,Jeff Fortenberry,R,35%,False,January 2022
2022,Nebraska,NE,1,Republican Primary,Moore Information Group,2022-02-23,2022-02-23,2022-02-23,405 (LV),4.9,Thireena Yuki Connely,R,1%,False,"February 23, 2022"
2022,Nebraska,NE,1,Republican Primary,Moore Information Group,2022-02-23,2022-02-23,2022-02-23,405 (LV),4.9,Mike Flood,R,25%,False,"February 23, 2022"
2022,Nebraska,NE,1,Republican Primary,Moore Information Group,2022-02-23,2022-02-23,2022-02-23,405 (LV),4.9,Jeff Fortenberry,R,36%,False,"February 23, 2022"
2022,Nebraska,NE,1,Republican Primary,Moore Information Group,2022-02-23,2022-02-23,2022-02-23,405 (LV),4.9,Curtis Huffman,R,1%,False,"February 23, 2022"
2022,Nebraska,NE,1,Republican Primary,Moore Information Group,2022-02-23,2022-02-23,2022-02-23,405 (LV),4.9,John Glen Weaver,R,1%,False,"February 23, 2022"
2022,Nevada,NV,4,Republican Primary,WPA Intelligence,2022-03,2022-03-01,2022-03-31,404 (LV),4.9,Annie Black,R,14%,False,Late March 2022
2022,Nevada,NV,4,Republican Primary,WPA Intelligence,2022-03,2022-03-01,2022-03-31,404 (LV),4.9,Chance Bonaventura,R,5%,False,Late March 2022
2022,Nevada,NV,4,Republican Primary,WPA Intelligence,2022-03,2022-03-01,2022-03-31,404 (LV),4.9,Sam Peters,R,33%,False,Late March 2022
2022,New Hampshire,NH,1,Republican Primary,Praecones Analytica,2021-08-13 to 2021-08-20,2021-08-13,2021-08-20,792 (LV),3.5,Julian Acciard,R,3%,False,"August 13–20, 2021"
2022,New Hampshire,NH,1,Republican Primary,Praecones Analytica,2021-08-13 to 2021-08-20,2021-08-13,2021-08-20,792 (LV),3.5,Tim Baxter,R,4%,False,"August 13–20, 2021"
2022,New Hampshire,NH,1,Republican Primary,Praecones Analytica,2021-08-13 to 2021-08-20,2021-08-13,2021-08-20,792 (LV),3.5,Karoline Leavitt,R,7%,False,"August 13–20, 2021"
2022,New Hampshire,NH,1,Republican Primary,Praecones Analytica,2021-08-13 to 2021-08-20,2021-08-13,2021-08-20,792 (LV),3.5,Matt Mowers,R,43%,False,"August 13–20, 2021"
2022,New Hampshire,NH,1,Republican Primary,Cygnal,2021-10-24 to 2021-10-25,2021-10-24,2021-10-25,350 (LV),5.2,Julian Acciard,R,1%,False,"October 24–25, 2021"
2022,New Hampshire,NH,1,Republican Primary,Cygnal,2021-10-24 to 2021-10-25,2021-10-24,2021-10-25,350 (LV),5.2,Tim Baxter,R,1%,False,"October 24–25, 2021"
2022,New Hampshire,NH,1,Republican Primary,Cygnal,2021-10-24 to 2021-10-25,2021-10-24,2021-10-25,350 (LV),5.2,Gail Huff Brown,R,7%,False,"October 24–25, 2021"
2022,New Hampshire,NH,1,Republican Primary,Cygnal,2021-10-24 to 2021-10-25,2021-10-24,2021-10-25,350 (LV),5.2,Karoline Leavitt,R,6%,False,"October 24–25, 2021"
2022,New Hampshire,NH,1,Republican Primary,Cygnal,2021-10-24 to 2021-10-25,2021-10-24,2021-10-25,350 (LV),5.2,Matt Mowers,R,34%,False,"October 24–25, 2021"
2022,New Hampshire,NH,1,Republican Primary,The Tarrance Group,2022-08-01 to 2022-08-04,2022-08-01,2022-08-04,302 (LV),5.8,Tim Baxter,R,10%,False,"August 1–4, 2022"
2022,New Hampshire,NH,1,Republican Primary,The Tarrance Group,2022-08-01 to 2022-08-04,2022-08-01,2022-08-04,302 (LV),5.8,Gail Huff Brown,R,8%,False,"August 1–4, 2022"
2022,New Hampshire,NH,1,Republican Primary,The Tarrance Group,2022-08-01 to 2022-08-04,2022-08-01,2022-08-04,302 (LV),5.8,Mark Kilbane,R,1%,False,"August 1–4, 2022"
2022,New Hampshire,NH,1,Republican Primary,The Tarrance Group,2022-08-01 to 2022-08-04,2022-08-01,2022-08-04,302 (LV),5.8,Karoline Leavitt,R,13%,False,"August 1–4, 2022"
2022,New Hampshire,NH,1,Republican Primary,The Tarrance Group,2022-08-01 to 2022-08-04,2022-08-01,2022-08-04,302 (LV),5.8,Matt Mowers,R,37%,False,"August 1–4, 2022"
2022,New Hampshire,NH,1,Republican Primary,The Tarrance Group,2022-08-01 to 2022-08-04,2022-08-01,2022-08-04,302 (LV),5.8,Russell Prescott,R,6%,False,"August 1–4, 2022"
2022,New Hampshire,NH,1,Republican Primary,Saint Anselm College,2022-08-09 to 2022-08-11,2022-08-09,2022-08-11,423 (RV),4.8,Tim Baxter,R,8%,False,"August 9–11, 2022"
2022,New Hampshire,NH,1,Republican Primary,Saint Anselm College,2022-08-09 to 2022-08-11,2022-08-09,2022-08-11,423 (RV),4.8,Gail Huff Brown,R,9%,False,"August 9–11, 2022"
2022,New Hampshire,NH,1,Republican Primary,Saint Anselm College,2022-08-09 to 2022-08-11,2022-08-09,2022-08-11,423 (RV),4.8,Karoline Leavitt,R,21%,False,"August 9–11, 2022"
2022,New Hampshire,NH,1,Republican Primary,Saint Anselm College,2022-08-09 to 2022-08-11,2022-08-09,2022-08-11,423 (RV),4.8,Matt Mowers,R,25%,False,"August 9–11, 2022"
2022,New Hampshire,NH,1,Republican Primary,Saint Anselm College,2022-08-09 to 2022-08-11,2022-08-09,2022-08-11,423 (RV),4.8,Russell Prescott,R,2%,False,"August 9–11, 2022"
2022,New Hampshire,NH,1,Republican Primary,co/efficient,2022-08-13 to 2022-08-14,2022-08-13,2022-08-14,829 (LV),3.4,Tim Baxter,R,9%,False,"August 13–14, 2022"
2022,New Hampshire,NH,1,Republican Primary,co/efficient,2022-08-13 to 2022-08-14,2022-08-13,2022-08-14,829 (LV),3.4,Gail Huff Brown,R,8%,False,"August 13–14, 2022"
2022,New Hampshire,NH,1,Republican Primary,co/efficient,2022-08-13 to 2022-08-14,2022-08-13,2022-08-14,829 (LV),3.4,Karoline Leavitt,R,16%,False,"August 13–14, 2022"
2022,New Hampshire,NH,1,Republican Primary,co/efficient,2022-08-13 to 2022-08-14,2022-08-13,2022-08-14,829 (LV),3.4,Matt Mowers,R,31%,False,"August 13–14, 2022"
2022,New Hampshire,NH,1,Republican Primary,co/efficient,2022-08-13 to 2022-08-14,2022-08-13,2022-08-14,829 (LV),3.4,Russell Prescott,R,3%,False,"August 13–14, 2022"
2022,New Hampshire,NH,1,Republican Primary,Remington Research Group,2022-08-14 to 2022-08-17,2022-08-14,2022-08-17,462 (LV),4.5,Tom Alciere,R,1%,False,"August 14–17, 2022"
2022,New Hampshire,NH,1,Republican Primary,Remington Research Group,2022-08-14 to 2022-08-17,2022-08-14,2022-08-17,462 (LV),4.5,Tim Baxter,R,9%,False,"August 14–17, 2022"
2022,New Hampshire,NH,1,Republican Primary,Remington Research Group,2022-08-14 to 2022-08-17,2022-08-14,2022-08-17,462 (LV),4.5,Gail Huff Brown,R,9%,False,"August 14–17, 2022"
2022,New Hampshire,NH,1,Republican Primary,Remington Research Group,2022-08-14 to 2022-08-17,2022-08-14,2022-08-17,462 (LV),4.5,Mark Kilbane,R,0%,False,"August 14–17, 2022"
2022,New Hampshire,NH,1,Republican Primary,Remington Research Group,2022-08-14 to 2022-08-17,2022-08-14,2022-08-17,462 (LV),4.5,Karoline Leavitt,R,21%,False,"August 14–17, 2022"
2022,New Hampshire,NH,1,Republican Primary,Remington Research Group,2022-08-14 to 2022-08-17,2022-08-14,2022-08-17,462 (LV),4.5,Matt Mowers,R,21%,False,"August 14–17, 2022"
2022,New Hampshire,NH,1,Republican Primary,Remington Research Group,2022-08-14 to 2022-08-17,2022-08-14,2022-08-17,462 (LV),4.5,Russell Prescott,R,3%,False,"August 14–17, 2022"
2022,New Hampshire,NH,1,Republican Primary,University of New Hampshire,2022-08-25 to 2022-08-29,2022-08-25,2022-08-29,419 (LV),4.8,Tim Baxter,R,4%,False,"August 25–29, 2022"
2022,New Hampshire,NH,1,Republican Primary,University of New Hampshire,2022-08-25 to 2022-08-29,2022-08-25,2022-08-29,419 (LV),4.8,Gail Huff Brown,R,16%,False,"August 25–29, 2022"
2022,New Hampshire,NH,1,Republican Primary,University of New Hampshire,2022-08-25 to 2022-08-29,2022-08-25,2022-08-29,419 (LV),4.8,Karoline Leavitt,R,24%,False,"August 25–29, 2022"
2022,New Hampshire,NH,1,Republican Primary,University of New Hampshire,2022-08-25 to 2022-08-29,2022-08-25,2022-08-29,419 (LV),4.8,Matt Mowers,R,26%,False,"August 25–29, 2022"
2022,New Hampshire,NH,1,Republican Primary,University of New Hampshire,2022-08-25 to 2022-08-29,2022-08-25,2022-08-29,419 (LV),4.8,Russell Prescott,R,4%,False,"August 25–29, 2022"
2022,New Hampshire,NH,2,Republican Primary,Saint Anselm College,2022-08-09 to 2022-08-11,2022-08-09,2022-08-11,397 (RV),4.9,Robert Burns,R,12%,False,"August 9–11, 2022"
2022,New Hampshire,NH,2,Republican Primary,Saint Anselm College,2022-08-09 to 2022-08-11,2022-08-09,2022-08-11,397 (RV),4.9,George Hansel,R,10%,False,"August 9–11, 2022"
2022,New Hampshire,NH,2,Republican Primary,Saint Anselm College,2022-08-09 to 2022-08-11,2022-08-09,2022-08-11,397 (RV),4.9,Lily Tang Williams,R,8%,False,"August 9–11, 2022"
2022,New Hampshire,NH,2,Republican Primary,University of New Hampshire,2022-08-25 to 2022-08-29,2022-08-25,2022-08-29,469 (LV),4.5,Robert Burns,R,32%,False,"August 25–29, 2022"
2022,New Hampshire,NH,2,Republican Primary,University of New Hampshire,2022-08-25 to 2022-08-29,2022-08-25,2022-08-29,469 (LV),4.5,George Hansel,R,18%,False,"August 25–29, 2022"
2022,New Hampshire,NH,2,Republican Primary,University of New Hampshire,2022-08-25 to 2022-08-29,2022-08-25,2022-08-29,469 (LV),4.5,Lily Tang Williams,R,10%,False,"August 25–29, 2022"
2022,New Jersey,NJ,11,Republican Primary,Victory Insights,2021-05-18 to 2021-05-19,2021-05-18,2021-05-19,199 (LV),,Rosemary Becchi,R,88%,False,"May 18–19, 2021"
2022,New Jersey,NJ,11,Republican Primary,Victory Insights,2021-05-18 to 2021-05-19,2021-05-18,2021-05-19,199 (LV),,Hillery Brotschol,R,12%,False,"May 18–19, 2021"
2022,New York,NY,10,Democratic Primary,Emerson College,2022-05-24 to 2022-05-25,2022-05-24,2022-05-25,500 (LV),4.3,Bill de Blasio,D,6%,False,"May 24–25, 2022"
2022,New York,NY,10,Democratic Primary,Emerson College,2022-05-24 to 2022-05-25,2022-05-24,2022-05-25,500 (LV),4.3,Mondaire Jones,D,7%,False,"May 24–25, 2022"
2022,New York,NY,10,Democratic Primary,Emerson College,2022-05-24 to 2022-05-25,2022-05-24,2022-05-25,500 (LV),4.3,Yuh-Line Niou,D,5%,False,"May 24–25, 2022"
2022,New York,NY,10,Democratic Primary,Emerson College,2022-05-24 to 2022-05-25,2022-05-24,2022-05-25,500 (LV),4.3,Carlina Rivera,D,3%,False,"May 24–25, 2022"
2022,New York,NY,10,Democratic Primary,Impact Research,2022-06,2022-06-01,2022-06-30,,,Daniel Goldman,D,10%,False,Late June 2022
2022,New York,NY,10,Democratic Primary,Impact Research,2022-06,2022-06-01,2022-06-30,,,Mondaire Jones,D,9%,False,Late June 2022
2022,New York,NY,10,Democratic Primary,Impact Research,2022-06,2022-06-01,2022-06-30,,,Yuh-Line Niou,D,14%,False,Late June 2022
2022,New York,NY,10,Democratic Primary,Impact Research,2022-06,2022-06-01,2022-06-30,,,Carlina Rivera,D,12%,False,Late June 2022
2022,New York,NY,10,Democratic Primary,Justice Research Group (WFP),2022-07-01 to 2022-07-11,2022-07-01,2022-07-11,636 (LV),3.9,Bill de Blasio,D,3%,False,"July 1–11, 2022"
2022,New York,NY,10,Democratic Primary,Justice Research Group (WFP),2022-07-01 to 2022-07-11,2022-07-01,2022-07-11,636 (LV),3.9,Daniel Goldman,D,10%,False,"July 1–11, 2022"
2022,New York,NY,10,Democratic Primary,Justice Research Group (WFP),2022-07-01 to 2022-07-11,2022-07-01,2022-07-11,636 (LV),3.9,Elizabeth Holtzman,D,4%,False,"July 1–11, 2022"
2022,New York,NY,10,Democratic Primary,Justice Research Group (WFP),2022-07-01 to 2022-07-11,2022-07-01,2022-07-11,636 (LV),3.9,Mondaire Jones,D,8%,False,"July 1–11, 2022"
2022,New York,NY,10,Democratic Primary,Justice Research Group (WFP),2022-07-01 to 2022-07-11,2022-07-01,2022-07-11,636 (LV),3.9,Yuh-Line Niou,D,16%,False,"July 1–11, 2022"
2022,New York,NY,10,Democratic Primary,Justice Research Group (WFP),2022-07-01 to 2022-07-11,2022-07-01,2022-07-11,636 (LV),3.9,Carlina Rivera,D,16%,False,"July 1–11, 2022"
2022,New York,NY,10,Democratic Primary,Justice Research Group (WFP),2022-07-01 to 2022-07-11,2022-07-01,2022-07-11,636 (LV),3.9,Jo Anne Simon,D,6%,False,"July 1–11, 2022"
2022,New York,NY,10,Democratic Primary,Data for Progress,2022-07-07 to 2022-07-10,2022-07-07,2022-07-10,533 (LV),4.0,Bill de Blasio,D,5%,False,"July 7–10, 2022"
2022,New York,NY,10,Democratic Primary,Data for Progress,2022-07-07 to 2022-07-10,2022-07-07,2022-07-10,533 (LV),4.0,Daniel Goldman,D,12%,False,"July 7–10, 2022"
2022,New York,NY,10,Democratic Primary,Data for Progress,2022-07-07 to 2022-07-10,2022-07-07,2022-07-10,533 (LV),4.0,Elizabeth Holtzman,D,9%,False,"July 7–10, 2022"
2022,New York,NY,10,Democratic Primary,Data for Progress,2022-07-07 to 2022-07-10,2022-07-07,2022-07-10,533 (LV),4.0,Mondaire Jones,D,7%,False,"July 7–10, 2022"
2022,New York,NY,10,Democratic Primary,Data for Progress,2022-07-07 to 2022-07-10,2022-07-07,2022-07-10,533 (LV),4.0,Yuh-Line Niou,D,14%,False,"July 7–10, 2022"
2022,New York,NY,10,Democratic Primary,Data for Progress,2022-07-07 to 2022-07-10,2022-07-07,2022-07-10,533 (LV),4.0,Carlina Rivera,D,17%,False,"July 7–10, 2022"
2022,New York,NY,10,Democratic Primary,Data for Progress,2022-07-07 to 2022-07-10,2022-07-07,2022-07-10,533 (LV),4.0,Jo Anne Simon,D,8%,False,"July 7–10, 2022"
2022,New York,NY,10,Democratic Primary,Change Research,2022-07-19 to 2022-07-23,2022-07-19,2022-07-23,437 (LV),5.0,Daniel Goldman,D,14%,False,"July 19–23, 2022"
2022,New York,NY,10,Democratic Primary,Change Research,2022-07-19 to 2022-07-23,2022-07-19,2022-07-23,437 (LV),5.0,Elizabeth Holtzman,D,12%,False,"July 19–23, 2022"
2022,New York,NY,10,Democratic Primary,Change Research,2022-07-19 to 2022-07-23,2022-07-19,2022-07-23,437 (LV),5.0,Mondaire Jones,D,10%,False,"July 19–23, 2022"
2022,New York,NY,10,Democratic Primary,Change Research,2022-07-19 to 2022-07-23,2022-07-19,2022-07-23,437 (LV),5.0,Yuh-Line Niou,D,10%,False,"July 19–23, 2022"
2022,New York,NY,10,Democratic Primary,Change Research,2022-07-19 to 2022-07-23,2022-07-19,2022-07-23,437 (LV),5.0,Carlina Rivera,D,10%,False,"July 19–23, 2022"
2022,New York,NY,10,Democratic Primary,Change Research,2022-07-19 to 2022-07-23,2022-07-19,2022-07-23,437 (LV),5.0,Jo Anne Simon,D,10%,False,"July 19–23, 2022"
2022,New York,NY,10,Democratic Primary,Impact Research,2022-07-22 to 2022-07-26,2022-07-22,2022-07-26,500 (LV),4.4,Daniel Goldman,D,18%,False,"July 22–26, 2022"
2022,New York,NY,10,Democratic Primary,Impact Research,2022-07-22 to 2022-07-26,2022-07-22,2022-07-26,500 (LV),4.4,Elizabeth Holtzman,D,9%,False,"July 22–26, 2022"
2022,New York,NY,10,Democratic Primary,Impact Research,2022-07-22 to 2022-07-26,2022-07-22,2022-07-26,500 (LV),4.4,Mondaire Jones,D,10%,False,"July 22–26, 2022"
2022,New York,NY,10,Democratic Primary,Impact Research,2022-07-22 to 2022-07-26,2022-07-22,2022-07-26,500 (LV),4.4,Yuh-Line Niou,D,16%,False,"July 22–26, 2022"
2022,New York,NY,10,Democratic Primary,Impact Research,2022-07-22 to 2022-07-26,2022-07-22,2022-07-26,500 (LV),4.4,Carlina Rivera,D,14%,False,"July 22–26, 2022"
2022,New York,NY,10,Democratic Primary,Impact Research,2022-07-22 to 2022-07-26,2022-07-22,2022-07-26,500 (LV),4.4,Jo Anne Simon,D,7%,False,"July 22–26, 2022"
2022,New York,NY,10,Democratic Primary,Impact Research,2022-08-07,2022-08-07,2022-08-07,500 (LV),4.4,Bill de Blasio,D,2%,False,"~August 7, 2022"
2022,New York,NY,10,Democratic Primary,Impact Research,2022-08-07,2022-08-07,2022-08-07,500 (LV),4.4,Daniel Goldman,D,23%,False,"~August 7, 2022"
2022,New York,NY,10,Democratic Primary,Impact Research,2022-08-07,2022-08-07,2022-08-07,500 (LV),4.4,Elizabeth Holtzman,D,10%,False,"~August 7, 2022"
2022,New York,NY,10,Democratic Primary,Impact Research,2022-08-07,2022-08-07,2022-08-07,500 (LV),4.4,Mondaire Jones,D,15%,False,"~August 7, 2022"
2022,New York,NY,10,Democratic Primary,Impact Research,2022-08-07,2022-08-07,2022-08-07,500 (LV),4.4,Yuh-Line Niou,D,21%,False,"~August 7, 2022"
2022,New York,NY,10,Democratic Primary,Impact Research,2022-08-07,2022-08-07,2022-08-07,500 (LV),4.4,Carlina Rivera,D,18%,False,"~August 7, 2022"
2022,New York,NY,10,Democratic Primary,Impact Research,2022-08-07,2022-08-07,2022-08-07,500 (LV),4.4,Jo Anne Simon,D,9%,False,"~August 7, 2022"
2022,New York,NY,10,Democratic Primary,Emerson College,2022-08-10 to 2022-08-13,2022-08-10,2022-08-13,500 (LV),4.3,Bill de Blasio,D,3%,False,"August 10–13, 2022"
2022,New York,NY,10,Democratic Primary,Emerson College,2022-08-10 to 2022-08-13,2022-08-10,2022-08-13,500 (LV),4.3,Daniel Goldman,D,22%,False,"August 10–13, 2022"
2022,New York,NY,10,Democratic Primary,Emerson College,2022-08-10 to 2022-08-13,2022-08-10,2022-08-13,500 (LV),4.3,Elizabeth Holtzman,D,4%,False,"August 10–13, 2022"
2022,New York,NY,10,Democratic Primary,Emerson College,2022-08-10 to 2022-08-13,2022-08-10,2022-08-13,500 (LV),4.3,Mondaire Jones,D,13%,False,"August 10–13, 2022"
2022,New York,NY,10,Democratic Primary,Emerson College,2022-08-10 to 2022-08-13,2022-08-10,2022-08-13,500 (LV),4.3,Yuh-Line Niou,D,17%,False,"August 10–13, 2022"
2022,New York,NY,10,Democratic Primary,Emerson College,2022-08-10 to 2022-08-13,2022-08-10,2022-08-13,500 (LV),4.3,Carlina Rivera,D,13%,False,"August 10–13, 2022"
2022,New York,NY,10,Democratic Primary,Emerson College,2022-08-10 to 2022-08-13,2022-08-10,2022-08-13,500 (LV),4.3,Jo Anne Simon,D,6%,False,"August 10–13, 2022"
2022,New York,NY,12,Democratic Primary,Emerson College,2022-05-24 to 2022-05-25,2022-05-24,2022-05-25,500 (LV),4.3,Carolyn Maloney,D,31%,False,"May 24–25, 2022"
2022,New York,NY,12,Democratic Primary,Emerson College,2022-05-24 to 2022-05-25,2022-05-24,2022-05-25,500 (LV),4.3,Jerry Nadler,D,21%,False,"May 24–25, 2022"
2022,New York,NY,12,Democratic Primary,Emerson College,2022-05-24 to 2022-05-25,2022-05-24,2022-05-25,500 (LV),4.3,Suraj Patel,D,4%,False,"May 24–25, 2022"
2022,New York,NY,12,Democratic Primary,Whitman Insight Strategies,2022-06-02 to 2022-06-07,2022-06-02,2022-06-07,402 (LV),4.9,Carolyn Maloney,D,26%,False,"June 2–7, 2022"
2022,New York,NY,12,Democratic Primary,Whitman Insight Strategies,2022-06-02 to 2022-06-07,2022-06-02,2022-06-07,402 (LV),4.9,Jerry Nadler,D,28%,False,"June 2–7, 2022"
2022,New York,NY,12,Democratic Primary,Whitman Insight Strategies,2022-06-02 to 2022-06-07,2022-06-02,2022-06-07,402 (LV),4.9,Suraj Patel,D,11%,False,"June 2–7, 2022"
2022,New York,NY,12,Democratic Primary,Emerson College,2022-08-01 to 2022-08-02,2022-08-01,2022-08-02,"1,000 (LV)",3.0,Carolyn Maloney,D,31%,False,"August 1–2, 2022"
2022,New York,NY,12,Democratic Primary,Emerson College,2022-08-01 to 2022-08-02,2022-08-01,2022-08-02,"1,000 (LV)",3.0,Jerry Nadler,D,40%,False,"August 1–2, 2022"
2022,New York,NY,12,Democratic Primary,Emerson College,2022-08-01 to 2022-08-02,2022-08-01,2022-08-02,"1,000 (LV)",3.0,Suraj Patel,D,11%,False,"August 1–2, 2022"
2022,New York,NY,12,Democratic Primary,Slingshot Strategies,2022-08-03 to 2022-08-05,2022-08-03,2022-08-05,600 (LV),3.9,Carolyn Maloney,D,27%,False,"August 3–5, 2022"
2022,New York,NY,12,Democratic Primary,Slingshot Strategies,2022-08-03 to 2022-08-05,2022-08-03,2022-08-05,600 (LV),3.9,Jerry Nadler,D,29%,False,"August 3–5, 2022"
2022,New York,NY,12,Democratic Primary,Slingshot Strategies,2022-08-03 to 2022-08-05,2022-08-03,2022-08-05,600 (LV),3.9,Suraj Patel,D,20%,False,"August 3–5, 2022"
2022,New York,NY,12,Democratic Primary,Emerson College,2022-08-12 to 2022-08-17,2022-08-12,2022-08-17,895 (LV),3.2,Carolyn Maloney,D,24%,False,"August 12–17, 2022"
2022,New York,NY,12,Democratic Primary,Emerson College,2022-08-12 to 2022-08-17,2022-08-12,2022-08-17,895 (LV),3.2,Jerry Nadler,D,43%,False,"August 12–17, 2022"
2022,New York,NY,12,Democratic Primary,Emerson College,2022-08-12 to 2022-08-17,2022-08-12,2022-08-17,895 (LV),3.2,Suraj Patel,D,14%,False,"August 12–17, 2022"
2022,New York,NY,17,Democratic Primary,Global Strategy Group,2022-05-26 to 2022-06-01,2022-05-26,2022-06-01,385 (LV),5.0,Alessandra Biaggi,D,15%,False,"May 26 – June 1, 2022"
2022,New York,NY,17,Democratic Primary,Global Strategy Group,2022-05-26 to 2022-06-01,2022-05-26,2022-06-01,385 (LV),5.0,Sean Patrick Maloney,D,45%,False,"May 26 – June 1, 2022"
2022,New York,NY,17,Democratic Primary,Justice Research Group,2022-07-01 to 2022-07-11,2022-07-01,2022-07-11,402 (LV),4.9,Alessandra Biaggi,D,21%,False,"July 1–11, 2022"
2022,New York,NY,17,Democratic Primary,Justice Research Group,2022-07-01 to 2022-07-11,2022-07-01,2022-07-11,402 (LV),4.9,Sean Patrick Maloney,D,34%,False,"July 1–11, 2022"
2022,New York,NY,17,Democratic Primary,Global Strategy Group,2022-07-11 to 2022-07-14,2022-07-11,2022-07-14,233 (LV),6.4,Alessandra Biaggi,D,18%,False,"July 11–14, 2022"
2022,New York,NY,17,Democratic Primary,Global Strategy Group,2022-07-11 to 2022-07-14,2022-07-11,2022-07-14,233 (LV),6.4,Sean Patrick Maloney,D,52%,False,"July 11–14, 2022"
2022,New York,NY,22,Democratic Primary,Global Strategy Group,2022-03-10 to 2022-03-13,2022-03-10,2022-03-13,400 (LV),4.9,Francis Conole,D,13%,False,"March 10–13, 2022"
2022,New York,NY,22,Democratic Primary,Global Strategy Group,2022-03-10 to 2022-03-13,2022-03-10,2022-03-13,400 (LV),4.9,Steven Holden,D,3%,False,"March 10–13, 2022"
2022,New York,NY,22,Democratic Primary,Global Strategy Group,2022-03-10 to 2022-03-13,2022-03-10,2022-03-13,400 (LV),4.9,Sarah Klee Hood,D,1%,False,"March 10–13, 2022"
2022,New York,NY,22,Democratic Primary,Global Strategy Group,2022-03-10 to 2022-03-13,2022-03-10,2022-03-13,400 (LV),4.9,Chol Majok,D,3%,False,"March 10–13, 2022"
2022,New York,NY,22,Democratic Primary,Global Strategy Group,2022-03-10 to 2022-03-13,2022-03-10,2022-03-13,400 (LV),4.9,Josh Riley,D,6%,False,"March 10–13, 2022"
2022,New York,NY,22,Democratic Primary,Global Strategy Group,2022-03-10 to 2022-03-13,2022-03-10,2022-03-13,400 (LV),4.9,Sam Roberts,D,7%,False,"March 10–13, 2022"
2022,New York,NY,22,Democratic Primary,Global Strategy Group,2022-03-10 to 2022-03-13,2022-03-10,2022-03-13,400 (LV),4.9,Vanessa Fajans-Turner,D,2%,False,"March 10–13, 2022"
2022,New York,NY,23,Republican Primary,WPA Intelligence,2022-07-09 to 2022-07-11,2022-07-09,2022-07-11,604 (LV),4.0,Nick Langworthy,R,24%,False,"July 9–11, 2022"
2022,New York,NY,23,Republican Primary,WPA Intelligence,2022-07-09 to 2022-07-11,2022-07-09,2022-07-11,604 (LV),4.0,Carl Paladino,R,54%,False,"July 9–11, 2022"
2022,New York,NY,23,Republican Primary,Barry Zeplowitz & Associates,2022-08-01 to 2022-08-02,2022-08-01,2022-08-02,400 (LV),4.9,Nick Langworthy,R,39%,False,"August 1–2, 2022"
2022,New York,NY,23,Republican Primary,Barry Zeplowitz & Associates,2022-08-01 to 2022-08-02,2022-08-01,2022-08-02,400 (LV),4.9,Carl Paladino,R,37%,False,"August 1–2, 2022"
2022,New York,NY,24,Republican Primary,Public Opinion Strategies,2022-07-24 to 2022-07-26,2022-07-24,2022-07-26,300 (LV),5.7,Mario Fratto,R,6%,False,"July 24–26, 2022"
2022,New York,NY,24,Republican Primary,Public Opinion Strategies,2022-07-24 to 2022-07-26,2022-07-24,2022-07-26,300 (LV),5.7,George Phillips,R,6%,False,"July 24–26, 2022"
2022,New York,NY,24,Republican Primary,Public Opinion Strategies,2022-07-24 to 2022-07-26,2022-07-24,2022-07-26,300 (LV),5.7,Claudia Tenney,R,52%,False,"July 24–26, 2022"
2022,New York,NY,4,Democratic Primary,Impact Research,2022-03-28 to 2022-04-03,2022-03-28,2022-04-03,400 (LV),4.9,Siela Bynoe,D,9%,False,"March 28 – April 3, 2022"
2022,New York,NY,4,Democratic Primary,Impact Research,2022-03-28 to 2022-04-03,2022-03-28,2022-04-03,400 (LV),4.9,Keith Corbett,D,4%,False,"March 28 – April 3, 2022"
2022,New York,NY,4,Democratic Primary,Impact Research,2022-03-28 to 2022-04-03,2022-03-28,2022-04-03,400 (LV),4.9,Laura Gillen,D,40%,False,"March 28 – April 3, 2022"
2022,New York,NY,4,Democratic Primary,Impact Research,2022-03-28 to 2022-04-03,2022-03-28,2022-04-03,400 (LV),4.9,Carrié Solages,D,11%,False,"March 28 – April 3, 2022"
2022,New York,NY,4,Democratic Primary,Impact Research,2022-08-02 to 2022-08-08,2022-08-02,2022-08-08,244 (LV),6.3,Keith Corbett,D,5%,False,"August 2–8, 2022"
2022,New York,NY,4,Democratic Primary,Impact Research,2022-08-02 to 2022-08-08,2022-08-02,2022-08-08,244 (LV),6.3,Laura Gillen,D,47%,False,"August 2–8, 2022"
2022,New York,NY,4,Democratic Primary,Impact Research,2022-08-02 to 2022-08-08,2022-08-02,2022-08-08,244 (LV),6.3,Carrié Solages,D,10%,False,"August 2–8, 2022"
2022,North Carolina,NC,1,Democratic Primary,GQR Research,2022-05-06 to 2022-05-08,2022-05-06,2022-05-08,407 (LV),4.9,Don Davis,D,44%,False,"May 6–8, 2022"
2022,North Carolina,NC,1,Democratic Primary,GQR Research,2022-05-06 to 2022-05-08,2022-05-06,2022-05-08,407 (LV),4.9,Erica Smith,D,31%,False,"May 6–8, 2022"
2022,North Carolina,NC,11,Republican Primary,Spry Strategies,2022-03,2022-03-01,2022-03-31,603 (LV),4.0,Matthew Burril,R,5%,False,March 2022
2022,North Carolina,NC,11,Republican Primary,Spry Strategies,2022-03,2022-03-01,2022-03-31,603 (LV),4.0,Madison Cawthorn,R,62%,False,March 2022
2022,North Carolina,NC,11,Republican Primary,Spry Strategies,2022-03,2022-03-01,2022-03-31,603 (LV),4.0,Chuck Edwards,R,10%,False,March 2022
2022,North Carolina,NC,11,Republican Primary,Spry Strategies,2022-03,2022-03-01,2022-03-31,603 (LV),4.0,Rod Honeycutt,R,2%,False,March 2022
2022,North Carolina,NC,11,Republican Primary,Spry Strategies,2022-03,2022-03-01,2022-03-31,603 (LV),4.0,Bruce O'Connell,R,6%,False,March 2022
2022,North Carolina,NC,11,Republican Primary,Spry Strategies,2022-03,2022-03-01,2022-03-31,603 (LV),4.0,Wendy Nevarez,R,3%,False,March 2022
2022,North Carolina,NC,11,Republican Primary,Spry Strategies,2022-03,2022-03-01,2022-03-31,603 (LV),4.0,Michele Woodhouse,R,1%,False,March 2022
2022,North Carolina,NC,11,Republican Primary,Differentiators Data,2022-03-10 to 2022-03-13,2022-03-10,2022-03-13,500 (LV),4.5,Matthew Burril,R,3%,False,"March 10–13, 2022"
2022,North Carolina,NC,11,Republican Primary,Differentiators Data,2022-03-10 to 2022-03-13,2022-03-10,2022-03-13,500 (LV),4.5,Madison Cawthorn,R,49%,False,"March 10–13, 2022"
2022,North Carolina,NC,11,Republican Primary,Public Opinion Strategies,2022-03-10 to 2022-03-13,2022-03-10,2022-03-13,300 (LV),5.7,Madison Cawthorn,R,52%,False,"March 10–13, 2022"
2022,North Carolina,NC,11,Republican Primary,Differentiators Data,2022-03-10 to 2022-03-13,2022-03-10,2022-03-13,500 (LV),4.5,Chuck Edwards,R,14%,False,"March 10–13, 2022"
2022,North Carolina,NC,11,Republican Primary,Public Opinion Strategies,2022-03-10 to 2022-03-13,2022-03-10,2022-03-13,300 (LV),5.7,Chuck Edwards,R,20%,False,"March 10–13, 2022"
2022,North Carolina,NC,11,Republican Primary,Differentiators Data,2022-03-10 to 2022-03-13,2022-03-10,2022-03-13,500 (LV),4.5,Rod Honeycutt,R,4%,False,"March 10–13, 2022"
2022,North Carolina,NC,11,Republican Primary,Differentiators Data,2022-03-10 to 2022-03-13,2022-03-10,2022-03-13,500 (LV),4.5,Bruce O'Connell,R,1%,False,"March 10–13, 2022"
2022,North Carolina,NC,11,Republican Primary,Differentiators Data,2022-03-10 to 2022-03-13,2022-03-10,2022-03-13,500 (LV),4.5,Wendy Nevarez,R,2%,False,"March 10–13, 2022"
2022,North Carolina,NC,11,Republican Primary,Differentiators Data,2022-03-10 to 2022-03-13,2022-03-10,2022-03-13,500 (LV),4.5,Kristie Sluder,R,1%,False,"March 10–13, 2022"
2022,North Carolina,NC,11,Republican Primary,Differentiators Data,2022-03-10 to 2022-03-13,2022-03-10,2022-03-13,500 (LV),4.5,Michele Woodhouse,R,3%,False,"March 10–13, 2022"
2022,North Carolina,NC,11,Republican Primary,Differentiators Data,2022-04-25 to 2022-04-26,2022-04-25,2022-04-26,400 (LV),4.9,Matthew Burril,R,4%,False,"April 25–26, 2022"
2022,North Carolina,NC,11,Republican Primary,Differentiators Data,2022-04-25 to 2022-04-26,2022-04-25,2022-04-26,400 (LV),4.9,Madison Cawthorn,R,38%,False,"April 25–26, 2022"
2022,North Carolina,NC,11,Republican Primary,Differentiators Data,2022-04-25 to 2022-04-26,2022-04-25,2022-04-26,400 (LV),4.9,Chuck Edwards,R,21%,False,"April 25–26, 2022"
2022,North Carolina,NC,11,Republican Primary,Differentiators Data,2022-04-25 to 2022-04-26,2022-04-25,2022-04-26,400 (LV),4.9,Rod Honeycutt,R,5%,False,"April 25–26, 2022"
2022,North Carolina,NC,11,Republican Primary,Differentiators Data,2022-04-25 to 2022-04-26,2022-04-25,2022-04-26,400 (LV),4.9,Bruce O'Connell,R,2%,False,"April 25–26, 2022"
2022,North Carolina,NC,11,Republican Primary,Differentiators Data,2022-04-25 to 2022-04-26,2022-04-25,2022-04-26,400 (LV),4.9,Wendy Nevarez,R,5%,False,"April 25–26, 2022"
2022,North Carolina,NC,11,Republican Primary,Differentiators Data,2022-04-25 to 2022-04-26,2022-04-25,2022-04-26,400 (LV),4.9,Kristie Sluder,R,0%,False,"April 25–26, 2022"
2022,North Carolina,NC,11,Republican Primary,Differentiators Data,2022-04-25 to 2022-04-26,2022-04-25,2022-04-26,400 (LV),4.9,Michele Woodhouse,R,5%,False,"April 25–26, 2022"
2022,North Carolina,NC,13,Republican Primary,WPA Intelligence,2022-02,2022-02-01,2022-02-28,,,DeVan Barbour,R,7%,False,February 2022
2022,North Carolina,NC,13,Republican Primary,WPA Intelligence,2022-02,2022-02-01,2022-02-28,,,Tony Cowden,R,1%,False,February 2022
2022,North Carolina,NC,13,Republican Primary,WPA Intelligence,2022-02,2022-02-01,2022-02-28,,,Kelly Daughtry,R,14%,False,February 2022
2022,North Carolina,NC,13,Republican Primary,WPA Intelligence,2022-02,2022-02-01,2022-02-28,,,Bo Hines,R,9%,False,February 2022
2022,North Carolina,NC,13,Republican Primary,WPA Intelligence,2022-02,2022-02-01,2022-02-28,,,Alan Swain,R,6%,False,February 2022
2022,North Carolina,NC,13,Republican Primary,WPA Intelligence,2022-02,2022-02-01,2022-02-28,,,John Szoka,R,11%,False,February 2022
2022,North Carolina,NC,4,Democratic Primary,Impact Research,2022-04-25 to 2022-04-28,2022-04-25,2022-04-28,425 (LV),4.8,Clay Aiken,D,10%,False,"April 25–28, 2022"
2022,North Carolina,NC,4,Democratic Primary,Impact Research,2022-04-25 to 2022-04-28,2022-04-25,2022-04-28,425 (LV),4.8,Nida Allam,D,16%,False,"April 25–28, 2022"
2022,North Carolina,NC,4,Democratic Primary,Impact Research,2022-04-25 to 2022-04-28,2022-04-25,2022-04-28,425 (LV),4.8,Valerie Foushee,D,35%,False,"April 25–28, 2022"
2022,Ohio,OH,7,Republican Primary,WPA Intelligence,2021-03-17 to 2021-03-18,2021-03-17,2021-03-18,411 (LV),4.9,Anthony Gonzalez,R,30%,False,"March 17–18, 2021"
2022,Ohio,OH,7,Republican Primary,WPA Intelligence,2021-03-17 to 2021-03-18,2021-03-17,2021-03-18,411 (LV),4.9,Max Miller,R,39%,False,"March 17–18, 2021"
2022,Oklahoma,OK,2,Republican Primary,SoonerPoll,2022-07,2022-07-01,2022-07-31,424 (LV),4.8,Josh Brecheen,R,44%,False,July 2022
2022,Oklahoma,OK,2,Republican Primary,SoonerPoll,2022-07,2022-07-01,2022-07-31,424 (LV),4.8,Avery Frix,R,45%,False,July 2022
2022,Oklahoma,OK,2,Republican Primary,SoonerPoll,2022-08-11 to 2022-08-17,2022-08-11,2022-08-17,,,Josh Brecheen,R,35%,False,"August 11–17, 2022"
2022,Oklahoma,OK,2,Republican Primary,SoonerPoll,2022-08-11 to 2022-08-17,2022-08-11,2022-08-17,,,Avery Frix,R,43%,False,"August 11–17, 2022"
2022,Oregon,OR,4,Democratic Primary,Public Policy Polling,2022-03-17 to 2022-03-18,2022-03-17,2022-03-18,634 (LV),3.9,Doyle Canning,D,8%,False,"March 17–18, 2022"
2022,Oregon,OR,4,Democratic Primary,Public Policy Polling,2022-03-17 to 2022-03-18,2022-03-17,2022-03-18,634 (LV),3.9,Val Hoyle,D,24%,False,"March 17–18, 2022"
2022,Oregon,OR,4,Democratic Primary,Public Policy Polling,2022-03-17 to 2022-03-18,2022-03-17,2022-03-18,634 (LV),3.9,Andrew Kalloch,D,4%,False,"March 17–18, 2022"
2022,Oregon,OR,5,Democratic Primary,Patinkin Research Strategies,2022-01-31 to 2022-02-04,2022-01-31,2022-02-04,406 (LV),4.9,Jamie McLeod-Skinner,D,34%,False,"January 31 – February 4, 2022"
2022,Oregon,OR,5,Democratic Primary,Patinkin Research Strategies,2022-01-31 to 2022-02-04,2022-01-31,2022-02-04,406 (LV),4.9,Kurt Schrader,D,37%,False,"January 31 – February 4, 2022"
2022,Oregon,OR,6,Democratic Primary,Public Policy Polling,2022-05-02 to 2022-05-03,2022-05-02,2022-05-03,591 (LV),4.0,Teresa Alonso Leon,D,≤9%,False,"May 2–3, 2022"
2022,Oregon,OR,6,Democratic Primary,Public Policy Polling,2022-05-02 to 2022-05-03,2022-05-02,2022-05-03,591 (LV),4.0,Carrick Flynn,D,14%,False,"May 2–3, 2022"
2022,Oregon,OR,6,Democratic Primary,Public Policy Polling,2022-05-02 to 2022-05-03,2022-05-02,2022-05-03,591 (LV),4.0,Kathleen Harder,D,≤9%,False,"May 2–3, 2022"
2022,Oregon,OR,6,Democratic Primary,Public Policy Polling,2022-05-02 to 2022-05-03,2022-05-02,2022-05-03,591 (LV),4.0,Cody Reynolds,D,≤9%,False,"May 2–3, 2022"
2022,Oregon,OR,6,Democratic Primary,Public Policy Polling,2022-05-02 to 2022-05-03,2022-05-02,2022-05-03,591 (LV),4.0,Andrea Salinas,D,18%,False,"May 2–3, 2022"
2022,Oregon,OR,6,Democratic Primary,Public Policy Polling,2022-05-02 to 2022-05-03,2022-05-02,2022-05-03,591 (LV),4.0,Loretta Smith,D,≤9%,False,"May 2–3, 2022"
2022,Oregon,OR,6,Democratic Primary,Public Policy Polling,2022-05-02 to 2022-05-03,2022-05-02,2022-05-03,591 (LV),4.0,Matt West,D,≤9%,False,"May 2–3, 2022"
2022,Pennsylvania,PA,12,Democratic Primary,GQR Research,2022-03-26 to 2022-03-31,2022-03-26,2022-03-31,400 (LV),4.9,Jerry Dickinson,D,7%,False,"March 26–31, 2022"
2022,Pennsylvania,PA,12,Democratic Primary,GQR Research,2022-03-26 to 2022-03-31,2022-03-26,2022-03-31,400 (LV),4.9,Steve Irwin,D,13%,False,"March 26–31, 2022"
2022,Pennsylvania,PA,12,Democratic Primary,GQR Research,2022-03-26 to 2022-03-31,2022-03-26,2022-03-31,400 (LV),4.9,Summer Lee,D,38%,False,"March 26–31, 2022"
2022,Pennsylvania,PA,12,Democratic Primary,GQR Research,2022-03-26 to 2022-03-31,2022-03-26,2022-03-31,400 (LV),4.9,Will Parker,D,0%,False,"March 26–31, 2022"
2022,Pennsylvania,PA,12,Democratic Primary,GQR Research,2022-03-26 to 2022-03-31,2022-03-26,2022-03-31,400 (LV),4.9,Jeff Woodard,D,2%,False,"March 26–31, 2022"
2022,Pennsylvania,PA,12,Democratic Primary,Mercury Public Affairs,2022-04,2022-04-01,2022-04-30,500 (LV),4.4,Steve Irwin,D,30%,False,Late April 2022
2022,Pennsylvania,PA,12,Democratic Primary,Mercury Public Affairs,2022-04,2022-04-01,2022-04-30,500 (LV),4.4,Summer Lee,D,29%,False,Late April 2022
2022,Pennsylvania,PA,2,Democratic Primary,MuniciPoll,2021-12-04 to 2021-12-07,2021-12-04,2021-12-07,939 (LV),3.2,Brendan Boyle,D,58%,False,"December 4–7, 2021"
2022,Pennsylvania,PA,2,Democratic Primary,MuniciPoll,2021-12-04 to 2021-12-07,2021-12-04,2021-12-07,939 (LV),3.2,Sharif Street,D,18%,False,"December 4–7, 2021"
2022,Rhode Island,RI,2,Democratic Primary,Fleming & Associates,2022-05-09 to 2022-05-12,2022-05-09,2022-05-12,250 (LV),6.2,Omar Bah,D,0%,False,"May 9–12, 2022"
2022,Rhode Island,RI,2,Democratic Primary,Fleming & Associates,2022-05-09 to 2022-05-12,2022-05-09,2022-05-12,250 (LV),6.2,Joy Fox,D,4%,False,"May 9–12, 2022"
2022,Rhode Island,RI,2,Democratic Primary,Fleming & Associates,2022-05-09 to 2022-05-12,2022-05-09,2022-05-12,250 (LV),6.2,Seth Magaziner,D,33%,False,"May 9–12, 2022"
2022,Rhode Island,RI,2,Democratic Primary,Fleming & Associates,2022-05-09 to 2022-05-12,2022-05-09,2022-05-12,250 (LV),6.2,Cameron Moquin,D,1%,False,"May 9–12, 2022"
2022,Rhode Island,RI,2,Democratic Primary,Fleming & Associates,2022-05-09 to 2022-05-12,2022-05-09,2022-05-12,250 (LV),6.2,Sarah Morgenthau,D,4%,False,"May 9–12, 2022"
2022,Rhode Island,RI,2,Democratic Primary,Fleming & Associates,2022-05-09 to 2022-05-12,2022-05-09,2022-05-12,250 (LV),6.2,David Segal,D,5%,False,"May 9–12, 2022"
2022,Rhode Island,RI,2,Democratic Primary,RMG Research,2022-06-14 to 2022-06-18,2022-06-14,2022-06-18,300 (LV),5.7,Joy Fox,D,7%,False,"June 14–18, 2022"
2022,Rhode Island,RI,2,Democratic Primary,RMG Research,2022-06-14 to 2022-06-18,2022-06-14,2022-06-18,300 (LV),5.7,Seth Magaziner,D,31%,False,"June 14–18, 2022"
2022,Rhode Island,RI,2,Democratic Primary,RMG Research,2022-06-14 to 2022-06-18,2022-06-14,2022-06-18,300 (LV),5.7,Sarah Morgenthau,D,9%,False,"June 14–18, 2022"
2022,Rhode Island,RI,2,Democratic Primary,RMG Research,2022-06-14 to 2022-06-18,2022-06-14,2022-06-18,300 (LV),5.7,David Segal,D,8%,False,"June 14–18, 2022"
2022,Rhode Island,RI,2,Democratic Primary,Suffolk University,2022-06-19 to 2022-06-22,2022-06-19,2022-06-22,175 (LV),7.5,Omar Bah,D,3%,False,"June 19–22, 2022"
2022,Rhode Island,RI,2,Democratic Primary,Suffolk University,2022-06-19 to 2022-06-22,2022-06-19,2022-06-22,175 (LV),7.5,Joy Fox,D,8%,False,"June 19–22, 2022"
2022,Rhode Island,RI,2,Democratic Primary,Suffolk University,2022-06-19 to 2022-06-22,2022-06-19,2022-06-22,175 (LV),7.5,Seth Magaziner,D,30%,False,"June 19–22, 2022"
2022,Rhode Island,RI,2,Democratic Primary,Suffolk University,2022-06-19 to 2022-06-22,2022-06-19,2022-06-22,175 (LV),7.5,Cameron Moquin,D,3%,False,"June 19–22, 2022"
2022,Rhode Island,RI,2,Democratic Primary,Suffolk University,2022-06-19 to 2022-06-22,2022-06-19,2022-06-22,175 (LV),7.5,Sarah Morgenthau,D,3%,False,"June 19–22, 2022"
2022,Rhode Island,RI,2,Democratic Primary,Suffolk University,2022-06-19 to 2022-06-22,2022-06-19,2022-06-22,175 (LV),7.5,David Segal,D,8%,False,"June 19–22, 2022"
2022,Rhode Island,RI,2,Republican Primary,Suffolk University,2022-06-19 to 2022-06-22,2022-06-19,2022-06-22,102 (LV),9.7,Allan Fung,R,67%,False,"June 19–22, 2022"
2022,Rhode Island,RI,2,Republican Primary,Suffolk University,2022-06-19 to 2022-06-22,2022-06-19,2022-06-22,102 (LV),9.7,Robert Lancia,R,15%,False,"June 19–22, 2022"
2022,Rhode Island,RI,2,Democratic Primary,Fleming & Associates,2022-08-07 to 2022-08-10,2022-08-07,2022-08-10,252 (LV),6.2,Omar Bah,D,3%,False,"August 7–10, 2022"
2022,Rhode Island,RI,2,Democratic Primary,Fleming & Associates,2022-08-07 to 2022-08-10,2022-08-07,2022-08-10,252 (LV),6.2,Spencer Dickinson,D,1%,False,"August 7–10, 2022"
2022,Rhode Island,RI,2,Democratic Primary,Fleming & Associates,2022-08-07 to 2022-08-10,2022-08-07,2022-08-10,252 (LV),6.2,Joy Fox,D,4%,False,"August 7–10, 2022"
2022,Rhode Island,RI,2,Democratic Primary,Fleming & Associates,2022-08-07 to 2022-08-10,2022-08-07,2022-08-10,252 (LV),6.2,Seth Magaziner,D,37%,False,"August 7–10, 2022"
2022,Rhode Island,RI,2,Democratic Primary,Fleming & Associates,2022-08-07 to 2022-08-10,2022-08-07,2022-08-10,252 (LV),6.2,Sarah Morgenthau,D,8%,False,"August 7–10, 2022"
2022,Rhode Island,RI,2,Democratic Primary,Fleming & Associates,2022-08-07 to 2022-08-10,2022-08-07,2022-08-10,252 (LV),6.2,David Segal,D,8%,False,"August 7–10, 2022"
2022,South Carolina,SC,1,Republican Primary,Remington Research Group,2022-02-21 to 2022-02-22,2022-02-21,2022-02-22,489 (LV),4.4,Katie Arrington,R,35%,False,"February 21–22, 2022"
2022,South Carolina,SC,1,Republican Primary,Remington Research Group,2022-02-21 to 2022-02-22,2022-02-21,2022-02-22,489 (LV),4.4,Nancy Mace,R,50%,False,"February 21–22, 2022"
2022,South Carolina,SC,1,Republican Primary,Basswood Research,2022-05-21 to 2022-05-22,2022-05-21,2022-05-22,400 (LV),4.9,Katie Arrington,R,24%,False,"May 21–22, 2022"
2022,South Carolina,SC,1,Republican Primary,Basswood Research,2022-05-21 to 2022-05-22,2022-05-21,2022-05-22,400 (LV),4.9,Nancy Mace,R,44%,False,"May 21–22, 2022"
2022,South Carolina,SC,1,Republican Primary,Basswood Research,2022-05-21 to 2022-05-22,2022-05-21,2022-05-22,400 (LV),4.9,Lynz Piper-Loomis,R,4%,False,"May 21–22, 2022"
2022,South Carolina,SC,1,Republican Primary,Info Strategy Northeast,2022-05-26 to 2022-05-27,2022-05-26,2022-05-27,"1,135 (LV)",3.0,Katie Arrington,R,39%,False,"May 26–27, 2022"
2022,South Carolina,SC,1,Republican Primary,Info Strategy Northeast,2022-05-26 to 2022-05-27,2022-05-26,2022-05-27,"1,135 (LV)",3.0,Nancy Mace,R,44%,False,"May 26–27, 2022"
2022,South Carolina,SC,1,Republican Primary,The Trafalgar Group,2022-05-26 to 2022-05-29,2022-05-26,2022-05-29,556 (LV),4.1,Katie Arrington,R,41%,False,"May 26–29, 2022"
2022,South Carolina,SC,1,Republican Primary,The Trafalgar Group,2022-05-26 to 2022-05-29,2022-05-26,2022-05-29,556 (LV),4.1,Nancy Mace,R,46%,False,"May 26–29, 2022"
2022,South Carolina,SC,4,Republican Primary,The Trafalgar Group,2022-02-21 to 2022-02-24,2022-02-21,2022-02-24,785 (LV),3.5,George Abuzeid,R,6%,False,"February 21–24, 2022"
2022,South Carolina,SC,4,Republican Primary,The Trafalgar Group,2022-02-21 to 2022-02-24,2022-02-21,2022-02-24,785 (LV),3.5,Mark Burns,R,10%,False,"February 21–24, 2022"
2022,South Carolina,SC,4,Republican Primary,The Trafalgar Group,2022-02-21 to 2022-02-24,2022-02-21,2022-02-24,785 (LV),3.5,Michael LaPierre,R,7%,False,"February 21–24, 2022"
2022,South Carolina,SC,4,Republican Primary,The Trafalgar Group,2022-02-21 to 2022-02-24,2022-02-21,2022-02-24,785 (LV),3.5,William Timmons,R,46%,False,"February 21–24, 2022"
2022,South Carolina,SC,7,Republican Primary,Ivory Tusk Consulting,2022-01,2022-01-01,2022-01-31,,,Barbara Arthur,R,5%,False,January 2022
2022,South Carolina,SC,7,Republican Primary,Ivory Tusk Consulting,2022-01,2022-01-01,2022-01-31,,,Garrett Barton,R,3%,False,January 2022
2022,South Carolina,SC,7,Republican Primary,Ivory Tusk Consulting,2022-01,2022-01-01,2022-01-31,,,Russell Fry,R,10%,False,January 2022
2022,South Carolina,SC,7,Republican Primary,Ivory Tusk Consulting,2022-01,2022-01-01,2022-01-31,,,Mark McBride,R,6%,False,January 2022
2022,South Carolina,SC,7,Republican Primary,Ivory Tusk Consulting,2022-01,2022-01-01,2022-01-31,,,Tom Rice,R,18%,False,January 2022
2022,South Carolina,SC,7,Republican Primary,Ivory Tusk Consulting,2022-01,2022-01-01,2022-01-31,,,Ken Richardson,R,6%,False,January 2022
2022,South Carolina,SC,7,Republican Primary,Ivory Tusk Consulting,2022-02,2022-02-01,2022-02-28,,,Barbara Arthur,R,6%,False,February 2022
2022,South Carolina,SC,7,Republican Primary,Ivory Tusk Consulting,2022-02,2022-02-01,2022-02-28,,,Garrett Barton,R,3%,False,February 2022
2022,South Carolina,SC,7,Republican Primary,Ivory Tusk Consulting,2022-02,2022-02-01,2022-02-28,,,Russell Fry,R,17%,False,February 2022
2022,South Carolina,SC,7,Republican Primary,Ivory Tusk Consulting,2022-02,2022-02-01,2022-02-28,,,Mark McBride,R,6%,False,February 2022
2022,South Carolina,SC,7,Republican Primary,Ivory Tusk Consulting,2022-02,2022-02-01,2022-02-28,,,Tom Rice,R,19%,False,February 2022
2022,South Carolina,SC,7,Republican Primary,Ivory Tusk Consulting,2022-02,2022-02-01,2022-02-28,,,Ken Richardson,R,6%,False,February 2022
2022,South Carolina,SC,7,Republican Primary,Ivory Tusk Consulting,2022-03-13 to 2022-03-15,2022-03-13,2022-03-15,615 (LV),3.4,Barbara Arthur,R,5%,False,"March 13–15, 2022"
2022,South Carolina,SC,7,Republican Primary,Ivory Tusk Consulting,2022-03-13 to 2022-03-15,2022-03-13,2022-03-15,615 (LV),3.4,Garrett Barton,R,3%,False,"March 13–15, 2022"
2022,South Carolina,SC,7,Republican Primary,Ivory Tusk Consulting,2022-03-13 to 2022-03-15,2022-03-13,2022-03-15,615 (LV),3.4,Russell Fry,R,39%,False,"March 13–15, 2022"
2022,South Carolina,SC,7,Republican Primary,Ivory Tusk Consulting,2022-03-13 to 2022-03-15,2022-03-13,2022-03-15,615 (LV),3.4,Mark McBride,R,6%,False,"March 13–15, 2022"
2022,South Carolina,SC,7,Republican Primary,Ivory Tusk Consulting,2022-03-13 to 2022-03-15,2022-03-13,2022-03-15,615 (LV),3.4,Tom Rice,R,18%,False,"March 13–15, 2022"
2022,South Carolina,SC,7,Republican Primary,Ivory Tusk Consulting,2022-03-13 to 2022-03-15,2022-03-13,2022-03-15,615 (LV),3.4,Ken Richardson,R,5%,False,"March 13–15, 2022"
2022,South Carolina,SC,7,Republican Primary,Ivory Tusk Consulting,2022-05-07 to 2022-05-10,2022-05-07,2022-05-10,500 (LV),4.0,Russell Fry,R,39%,False,"May 7–10, 2022"
2022,South Carolina,SC,7,Republican Primary,Ivory Tusk Consulting,2022-05-07 to 2022-05-10,2022-05-07,2022-05-10,500 (LV),4.0,Russell Fry,R,55%,False,"May 7–10, 2022"
2022,South Carolina,SC,7,Republican Primary,Ivory Tusk Consulting,2022-05-07 to 2022-05-10,2022-05-07,2022-05-10,500 (LV),4.0,Tom Rice,R,23%,False,"May 7–10, 2022"
2022,South Carolina,SC,7,Republican Primary,Ivory Tusk Consulting,2022-05-07 to 2022-05-10,2022-05-07,2022-05-10,500 (LV),4.0,Tom Rice,R,25%,False,"May 7–10, 2022"
2022,South Carolina,SC,7,Republican Primary,Ivory Tusk Consulting,2022-05-07 to 2022-05-10,2022-05-07,2022-05-10,500 (LV),4.0,Ken Richardson,R,20%,False,"May 7–10, 2022"
2022,South Carolina,SC,7,Republican Primary,The Trafalgar Group,2022-05-26 to 2022-05-29,2022-05-26,2022-05-29,572 (LV),4.0,Barbara Arthur,R,10%,False,"May 26–29, 2022"
2022,South Carolina,SC,7,Republican Primary,The Trafalgar Group,2022-05-26 to 2022-05-29,2022-05-26,2022-05-29,572 (LV),4.0,Garrett Barton,R,3%,False,"May 26–29, 2022"
2022,South Carolina,SC,7,Republican Primary,The Trafalgar Group,2022-05-26 to 2022-05-29,2022-05-26,2022-05-29,572 (LV),4.0,Russell Fry,R,42%,False,"May 26–29, 2022"
2022,South Carolina,SC,7,Republican Primary,The Trafalgar Group,2022-05-26 to 2022-05-29,2022-05-26,2022-05-29,572 (LV),4.0,Mark McBride,R,2%,False,"May 26–29, 2022"
2022,South Carolina,SC,7,Republican Primary,The Trafalgar Group,2022-05-26 to 2022-05-29,2022-05-26,2022-05-29,572 (LV),4.0,Spencer Morris,R,2%,False,"May 26–29, 2022"
2022,South Carolina,SC,7,Republican Primary,The Trafalgar Group,2022-05-26 to 2022-05-29,2022-05-26,2022-05-29,572 (LV),4.0,Tom Rice,R,25%,False,"May 26–29, 2022"
2022,South Carolina,SC,7,Republican Primary,The Trafalgar Group,2022-05-26 to 2022-05-29,2022-05-26,2022-05-29,572 (LV),4.0,Ken Richardson,R,10%,False,"May 26–29, 2022"
2022,South Dakota,SD,AL,Republican Primary,South Dakota State University,2022-05-02 to 2022-05-15,2022-05-02,2022-05-15,,3.0,Dusty Johnson,R,53%,False,"May 2–15, 2022"
2022,South Dakota,SD,AL,Republican Primary,South Dakota State University,2022-05-02 to 2022-05-15,2022-05-02,2022-05-15,,3.0,Taffy Howard,R,17%,False,"May 2–15, 2022"
2022,Tennessee,TN,5,Republican Primary,Spry Strategies,2022-07,2022-07-01,2022-07-31,300 (LV),5.7,Jeff Beierlein,R,9%,False,July 2022
2022,Tennessee,TN,5,Republican Primary,1892 Polling,2022-07,2022-07-01,2022-07-31,400 (LV),4.9,Jeff Beierlein,R,3%,False,July 2022
2022,Tennessee,TN,5,Republican Primary,Spry Strategies,2022-07,2022-07-01,2022-07-31,300 (LV),5.7,Beth Harwell,R,22%,False,July 2022
2022,Tennessee,TN,5,Republican Primary,1892 Polling,2022-07,2022-07-01,2022-07-31,400 (LV),4.9,Beth Harwell,R,24%,False,July 2022
2022,Tennessee,TN,5,Republican Primary,Spry Strategies,2022-07,2022-07-01,2022-07-31,300 (LV),5.7,Timothy Lee,R,10%,False,July 2022
2022,Tennessee,TN,5,Republican Primary,Spry Strategies,2022-07,2022-07-01,2022-07-31,300 (LV),5.7,Andy Ogles,R,15%,False,July 2022
2022,Tennessee,TN,5,Republican Primary,1892 Polling,2022-07,2022-07-01,2022-07-31,400 (LV),4.9,Andy Ogles,R,30%,False,July 2022
2022,Tennessee,TN,5,Republican Primary,Spry Strategies,2022-07,2022-07-01,2022-07-31,300 (LV),5.7,Kurt Winstead,R,20%,False,July 2022
2022,Tennessee,TN,5,Republican Primary,1892 Polling,2022-07,2022-07-01,2022-07-31,400 (LV),4.9,Kurt Winstead,R,13%,False,July 2022
2022,Texas,TX,15,Democratic Primary,Lake Research Partners,2022-03-23 to 2022-03-27,2022-03-23,2022-03-27,400 (LV),4.9,Ruben Ramirez,D,29%,False,"March 23–27, 2022"
2022,Texas,TX,15,Democratic Primary,Lake Research Partners,2022-03-23 to 2022-03-27,2022-03-23,2022-03-27,400 (LV),4.9,Michelle Vallejo,D,39%,False,"March 23–27, 2022"
2022,Texas,TX,15,Democratic Primary,GBAO,2022-04-13 to 2022-04-18,2022-04-13,2022-04-18,500 (LV),4.4,Ruben Ramirez,D,37%,False,"April 13–18, 2022"
2022,Texas,TX,15,Democratic Primary,GBAO,2022-04-13 to 2022-04-18,2022-04-13,2022-04-18,500 (LV),4.4,Michelle Vallejo,D,49%,False,"April 13–18, 2022"
2022,Texas,TX,28,Democratic Primary,RMG Research,2021-11-14 to 2021-11-21,2021-11-14,2021-11-21,400 (LV),4.9,Jessica Cisneros,D,36%,False,"November 14–21, 2021"
2022,Texas,TX,28,Democratic Primary,RMG Research,2021-11-14 to 2021-11-21,2021-11-14,2021-11-21,400 (LV),4.9,Henry Cuellar,D,35%,False,"November 14–21, 2021"
2022,Texas,TX,30,Democratic Primary,Lester & Associates,2022-01-09 to 2022-01-12,2022-01-09,2022-01-12,400 (LV),4.9,Barbara Mallory Caraway,D,11%,False,"January 9–12, 2022"
2022,Texas,TX,30,Democratic Primary,Lester & Associates,2022-01-09 to 2022-01-12,2022-01-09,2022-01-12,400 (LV),4.9,Jasmine Crockett,D,35%,False,"January 9–12, 2022"
2022,Texas,TX,30,Democratic Primary,Lester & Associates,2022-01-09 to 2022-01-12,2022-01-09,2022-01-12,400 (LV),4.9,Jane Hope Hamilton,D,3%,False,"January 9–12, 2022"
2022,Texas,TX,30,Democratic Primary,Lester & Associates,2022-01-09 to 2022-01-12,2022-01-09,2022-01-12,400 (LV),4.9,Jessica Mason,D,1%,False,"January 9–12, 2022"
2022,Texas,TX,30,Democratic Primary,Lester & Associates,2022-01-09 to 2022-01-12,2022-01-09,2022-01-12,400 (LV),4.9,Abel Mulugheta,D,1%,False,"January 9–12, 2022"
2022,Texas,TX,35,Democratic Primary,Lake Research Partners,2021-11,2021-11-01,2021-11-30,400 (LV),4.9,Greg Casar,D,25%,False,Early November 2021
2022,Texas,TX,35,Democratic Primary,Lake Research Partners,2021-11,2021-11-01,2021-11-30,400 (LV),4.9,Eddie Rodriguez,D,13%,False,Early November 2021
2022,Texas,TX,35,Democratic Primary,Lake Research Partners,2022-01,2022-01-01,2022-01-31,,,Greg Casar,D,48%,False,January 2022
2022,Texas,TX,35,Democratic Primary,Lake Research Partners,2022-01,2022-01-01,2022-01-31,,,Eddie Rodriguez,D,20%,False,January 2022
2022,Texas,TX,35,Democratic Primary,Lake Research Partners,2022-01,2022-01-01,2022-01-31,,,Rebecca Viagran,D,14%,False,January 2022
2022,Texas,TX,35,Democratic Primary,Public Policy Polling,2022-02-18 to 2022-02-19,2022-02-18,2022-02-19,520 (LV),4.3,Greg Casar,D,42%,False,"February 18–19, 2022"
2022,Texas,TX,35,Democratic Primary,Public Policy Polling,2022-02-18 to 2022-02-19,2022-02-18,2022-02-19,520 (LV),4.3,Eddie Rodriguez,D,13%,False,"February 18–19, 2022"
2022,Texas,TX,35,Democratic Primary,Public Policy Polling,2022-02-18 to 2022-02-19,2022-02-18,2022-02-19,520 (LV),4.3,Carla-Joy Sisco,D,2%,False,"February 18–19, 2022"
2022,Texas,TX,35,Democratic Primary,Public Policy Polling,2022-02-18 to 2022-02-19,2022-02-18,2022-02-19,520 (LV),4.3,Rebecca Viagran,D,9%,False,"February 18–19, 2022"
2022,Texas,TX,38,Republican Primary,Moore Information Group,2022-01-24 to 2022-01-25,2022-01-24,2022-01-25,400 (LV),4.9,Phil Covarrubias,R,<1%,False,"January 24–25, 2022"
2022,Texas,TX,38,Republican Primary,Moore Information Group,2022-01-24 to 2022-01-25,2022-01-24,2022-01-25,400 (LV),4.9,John Cross,R,1%,False,"January 24–25, 2022"
2022,Texas,TX,38,Republican Primary,Moore Information Group,2022-01-24 to 2022-01-25,2022-01-24,2022-01-25,400 (LV),4.9,Jerry Ford Sr.,R,2%,False,"January 24–25, 2022"
2022,Texas,TX,38,Republican Primary,Moore Information Group,2022-01-24 to 2022-01-25,2022-01-24,2022-01-25,400 (LV),4.9,Brett Guillory,R,1%,False,"January 24–25, 2022"
2022,Texas,TX,38,Republican Primary,Moore Information Group,2022-01-24 to 2022-01-25,2022-01-24,2022-01-25,400 (LV),4.9,Wesley Hunt,R,54%,False,"January 24–25, 2022"
2022,Texas,TX,38,Republican Primary,Moore Information Group,2022-01-24 to 2022-01-25,2022-01-24,2022-01-25,400 (LV),4.9,Roland Lopez,R,2%,False,"January 24–25, 2022"
2022,Texas,TX,38,Republican Primary,Moore Information Group,2022-01-24 to 2022-01-25,2022-01-24,2022-01-25,400 (LV),4.9,Damien Mockus,R,1%,False,"January 24–25, 2022"
2022,Texas,TX,38,Republican Primary,Moore Information Group,2022-01-24 to 2022-01-25,2022-01-24,2022-01-25,400 (LV),4.9,Mark Ramsey,R,3%,False,"January 24–25, 2022"
2022,Texas,TX,38,Republican Primary,Moore Information Group,2022-01-24 to 2022-01-25,2022-01-24,2022-01-25,400 (LV),4.9,Richard Welch,R,<1%,False,"January 24–25, 2022"
2022,Utah,UT,1,Republican Primary,Dan Jones & Associates,2022-05-24 to 2022-06-15,2022-05-24,2022-06-15,221 (RV),6.6,Andrew Badger,R,6%,False,"May 24 – June 15, 2022"
2022,Utah,UT,1,Republican Primary,Dan Jones & Associates,2022-05-24 to 2022-06-15,2022-05-24,2022-06-15,221 (RV),6.6,Tina Cannon,R,5%,False,"May 24 – June 15, 2022"
2022,Utah,UT,1,Republican Primary,Dan Jones & Associates,2022-05-24 to 2022-06-15,2022-05-24,2022-06-15,221 (RV),6.6,Blake Moore,R,52%,False,"May 24 – June 15, 2022"
2022,Utah,UT,3,Republican Primary,Dan Jones & Associates,2022-05-24 to 2022-06-15,2022-05-24,2022-06-15,340 (RV),5.3,John Curtis,R,44%,False,"May 24 – Jun 15, 2022"
2022,Utah,UT,3,Republican Primary,Dan Jones & Associates,2022-05-24 to 2022-06-15,2022-05-24,2022-06-15,340 (RV),5.3,Chris Herrod,R,14%,False,"May 24 – Jun 15, 2022"
2022,Vermont,VT,AL,Democratic Primary,VPR,2022-01-03 to 2022-01-09,2022-01-03,2022-01-09,418 (LV),4.8,Becca Balint,D,11%,False,"January 3–9, 2022"
2022,Vermont,VT,AL,Democratic Primary,VPR,2022-01-03 to 2022-01-09,2022-01-03,2022-01-09,418 (LV),4.8,Molly Gray,D,31%,False,"January 3–9, 2022"
2022,Vermont,VT,AL,Democratic Primary,VPR,2022-01-03 to 2022-01-09,2022-01-03,2022-01-09,418 (LV),4.8,Kesha Ram,D,0%,False,"January 3–9, 2022"
2022,Vermont,VT,AL,Democratic Primary,University of New Hampshire,2022-04-14 to 2022-04-18,2022-04-14,2022-04-18,278 (LV),5.9,Becca Balint,D,28%,False,"April 14–18, 2022"
2022,Vermont,VT,AL,Democratic Primary,University of New Hampshire,2022-04-14 to 2022-04-18,2022-04-14,2022-04-18,278 (LV),5.9,Sianay Chase Clifford,D,0%,False,"April 14–18, 2022"
2022,Vermont,VT,AL,Democratic Primary,University of New Hampshire,2022-04-14 to 2022-04-18,2022-04-14,2022-04-18,278 (LV),5.9,Molly Gray,D,21%,False,"April 14–18, 2022"
2022,Vermont,VT,AL,Democratic Primary,University of New Hampshire,2022-04-14 to 2022-04-18,2022-04-14,2022-04-18,278 (LV),5.9,Kesha Ram,D,19%,False,"April 14–18, 2022"
2022,Vermont,VT,AL,Democratic Primary,University of New Hampshire,2022-07-21 to 2022-07-25,2022-07-21,2022-07-25,352 (LV),5.2,Becca Balint,D,63%,False,"July 21–25, 2022"
2022,Vermont,VT,AL,Democratic Primary,University of New Hampshire,2022-07-21 to 2022-07-25,2022-07-21,2022-07-25,352 (LV),5.2,Molly Gray,D,21%,False,"July 21–25, 2022"
2022,Vermont,VT,AL,Democratic Primary,University of New Hampshire,2022-07-21 to 2022-07-25,2022-07-21,2022-07-25,352 (LV),5.2,Louis Meyers,D,2%,False,"July 21–25, 2022"
2022,Vermont,VT,AL,Republican Primary,University of New Hampshire,2022-07-21 to 2022-07-25,2022-07-21,2022-07-25,196 (LV),7.0,Liam Madden,R,14%,False,"July 21–25, 2022"
2022,Vermont,VT,AL,Republican Primary,University of New Hampshire,2022-07-21 to 2022-07-25,2022-07-21,2022-07-25,196 (LV),7.0,Ericka Redic,R,15%,False,"July 21–25, 2022"
2022,Vermont,VT,AL,Republican Primary,University of New Hampshire,2022-07-21 to 2022-07-25,2022-07-21,2022-07-25,196 (LV),7.0,Anya Tynio,R,9%,False,"July 21–25, 2022"
2022,Vermont,VT,AL,Democratic Primary,Data for Progress,2022-07-27 to 2022-08-01,2022-07-27,2022-08-01,383 (LV),5.0,Becca Balint,D,59%,False,"July 27 – August 1, 2022"
2022,Vermont,VT,AL,Democratic Primary,Data for Progress,2022-07-27 to 2022-08-01,2022-07-27,2022-08-01,383 (LV),5.0,Sianay Chase Clifford,D,1%,False,"July 27 – August 1, 2022"
2022,Vermont,VT,AL,Democratic Primary,Data for Progress,2022-07-27 to 2022-08-01,2022-07-27,2022-08-01,383 (LV),5.0,Molly Gray,D,27%,False,"July 27 – August 1, 2022"
2022,Vermont,VT,AL,Democratic Primary,Data for Progress,2022-07-27 to 2022-08-01,2022-07-27,2022-08-01,383 (LV),5.0,Louis Meyers,D,1%,False,"July 27 – August 1, 2022"
2022,Virginia,VA,2,Republican Primary,Basswood Research,2022-05-24 to 2022-05-26,2022-05-24,2022-05-26,400 (LV),4.9,Tommy Altman,R,9%,False,"May 24–26, 2022"
2022,Virginia,VA,2,Republican Primary,Basswood Research,2022-05-24 to 2022-05-26,2022-05-24,2022-05-26,400 (LV),4.9,Jarome Bell,R,8%,False,"May 24–26, 2022"
2022,Virginia,VA,2,Republican Primary,Basswood Research,2022-05-24 to 2022-05-26,2022-05-24,2022-05-26,400 (LV),4.9,Jen Kiggans,R,43%,False,"May 24–26, 2022"
2022,Washington,WA,3,jungle,The Trafalgar Group,2021-06-05 to 2021-06-07,2021-06-05,2021-06-07,841 (LV),3.3,Brent Hennrich,D,13%,False,"June 5–7, 2021"
2022,Washington,WA,3,jungle,The Trafalgar Group,2021-06-05 to 2021-06-07,2021-06-05,2021-06-07,841 (LV),3.3,Jaime Herrera Beutler,R,30%,False,"June 5–7, 2021"
2022,Washington,WA,3,jungle,The Trafalgar Group,2021-06-05 to 2021-06-07,2021-06-05,2021-06-07,841 (LV),3.3,Joe Kent,R,23%,False,"June 5–7, 2021"
2022,Washington,WA,3,jungle,The Trafalgar Group,2021-06-05 to 2021-06-07,2021-06-05,2021-06-07,841 (LV),3.3,Heidi St. John,R,13%,False,"June 5–7, 2021"
2022,Washington,WA,3,jungle,The Trafalgar Group,2021-06-05 to 2021-06-07,2021-06-05,2021-06-07,841 (LV),3.3,Chris Jenkins,D,3%,False,"June 5–7, 2021"
2022,Washington,WA,3,jungle,The Trafalgar Group,2021-06-05 to 2021-06-07,2021-06-05,2021-06-07,841 (LV),3.3,Lucy Lauser,D,7%,False,"June 5–7, 2021"
2022,Washington,WA,3,jungle,The Trafalgar Group,2021-06-05 to 2021-06-07,2021-06-05,2021-06-07,841 (LV),3.3,Matthew Overton,R,2%,False,"June 5–7, 2021"
2022,Washington,WA,3,jungle,The Trafalgar Group,2021-10-30 to 2021-11-01,2021-10-30,2021-11-01,682 (LV),3.7,Brent Hennrich,D,25%,False,"October 30 – November 1, 2021"
2022,Washington,WA,3,jungle,The Trafalgar Group,2021-10-30 to 2021-11-01,2021-10-30,2021-11-01,682 (LV),3.7,Jaime Herrera Beutler,R,23%,False,"October 30 – November 1, 2021"
2022,Washington,WA,3,jungle,The Trafalgar Group,2021-10-30 to 2021-11-01,2021-10-30,2021-11-01,682 (LV),3.7,Joe Kent,R,31%,False,"October 30 – November 1, 2021"
2022,Washington,WA,3,jungle,The Trafalgar Group,2021-10-30 to 2021-11-01,2021-10-30,2021-11-01,682 (LV),3.7,Heidi St. John,R,10%,False,"October 30 – November 1, 2021"
2022,Washington,WA,3,jungle,The Trafalgar Group,2022-02-11 to 2022-02-14,2022-02-11,2022-02-14,697 (LV),3.7,Brent Hennrich,D,33%,False,"February 11–14, 2022"
2022,Washington,WA,3,jungle,The Trafalgar Group,2022-02-11 to 2022-02-14,2022-02-11,2022-02-14,697 (LV),3.7,Jaime Herrera Beutler,R,22%,False,"February 11–14, 2022"
2022,Washington,WA,3,jungle,The Trafalgar Group,2022-02-11 to 2022-02-14,2022-02-11,2022-02-14,697 (LV),3.7,Joe Kent,R,26%,False,"February 11–14, 2022"
2022,Washington,WA,3,jungle,The Trafalgar Group,2022-02-11 to 2022-02-14,2022-02-11,2022-02-14,697 (LV),3.7,Vicki Kraft,R,5%,False,"February 11–14, 2022"
2022,Washington,WA,3,jungle,The Trafalgar Group,2022-02-11 to 2022-02-14,2022-02-11,2022-02-14,697 (LV),3.7,Heidi St. John,R,12%,False,"February 11–14, 2022"
2022,Washington,WA,3,jungle,The Trafalgar Group,2022-05-18 to 2022-05-20,2022-05-18,2022-05-20,645 (LV),3.8,Brent Hennrich,D,12%,False,"May 18–20, 2022"
2022,Washington,WA,3,jungle,The Trafalgar Group,2022-05-18 to 2022-05-20,2022-05-18,2022-05-20,645 (LV),3.8,Jaime Herrera Beutler,R,22%,False,"May 18–20, 2022"
2022,Washington,WA,3,jungle,The Trafalgar Group,2022-05-18 to 2022-05-20,2022-05-18,2022-05-20,645 (LV),3.8,Joe Kent,R,28%,False,"May 18–20, 2022"
2022,Washington,WA,3,jungle,The Trafalgar Group,2022-05-18 to 2022-05-20,2022-05-18,2022-05-20,645 (LV),3.8,Vicki Kraft,R,3%,False,"May 18–20, 2022"
2022,Washington,WA,3,jungle,The Trafalgar Group,2022-05-18 to 2022-05-20,2022-05-18,2022-05-20,645 (LV),3.8,Marie Gluesenkamp Perez,D,6%,False,"May 18–20, 2022"
2022,Washington,WA,3,jungle,The Trafalgar Group,2022-05-18 to 2022-05-20,2022-05-18,2022-05-20,645 (LV),3.8,Heidi St. John,R,9%,False,"May 18–20, 2022"
2022,Washington,WA,4,jungle,Spry Strategies,2021-12-09 to 2021-12-11,2021-12-09,2021-12-11,600 (LV),4.0,Dan Newhouse,R,16%,False,"December 9–11, 2021"
2022,Washington,WA,4,jungle,Spry Strategies,2021-12-09 to 2021-12-11,2021-12-09,2021-12-11,600 (LV),4.0,Loren Culp,R,30%,False,"December 9–11, 2021"
2022,Washington,WA,4,jungle,Spry Strategies,2021-12-09 to 2021-12-11,2021-12-09,2021-12-11,600 (LV),4.0,Benancio Garcia,R,2%,False,"December 9–11, 2021"
2022,Washington,WA,4,jungle,Spry Strategies,2021-12-09 to 2021-12-11,2021-12-09,2021-12-11,600 (LV),4.0,Corey Gibson,R,1%,False,"December 9–11, 2021"
2022,Washington,WA,4,jungle,Spry Strategies,2021-12-09 to 2021-12-11,2021-12-09,2021-12-11,600 (LV),4.0,Brad Klippert,R,8%,False,"December 9–11, 2021"
2022,Washington,WA,4,jungle,Spry Strategies,2021-12-09 to 2021-12-11,2021-12-09,2021-12-11,600 (LV),4.0,Jerrod Sessler,R,2%,False,"December 9–11, 2021"
2022,Washington,WA,4,jungle,Spry Strategies,2021-12-09 to 2021-12-11,2021-12-09,2021-12-11,600 (LV),4.0,Doug White,D,15%,False,"December 9–11, 2021"
2022,Washington,WA,4,jungle,Spry Strategies,2022-04-17 to 2022-04-20,2022-04-17,2022-04-20,720 (LV),3.7,Dan Newhouse,R,20%,False,"April 17–20, 2022"
2022,Washington,WA,4,jungle,Spry Strategies,2022-04-17 to 2022-04-20,2022-04-17,2022-04-20,720 (LV),3.7,Loren Culp,R,28%,False,"April 17–20, 2022"
2022,Washington,WA,4,jungle,Spry Strategies,2022-04-17 to 2022-04-20,2022-04-17,2022-04-20,720 (LV),3.7,Corey Gibson,R,2%,False,"April 17–20, 2022"
2022,Washington,WA,4,jungle,Spry Strategies,2022-04-17 to 2022-04-20,2022-04-17,2022-04-20,720 (LV),3.7,Brad Klippert,R,6%,False,"April 17–20, 2022"
2022,Washington,WA,4,jungle,Spry Strategies,2022-04-17 to 2022-04-20,2022-04-17,2022-04-20,720 (LV),3.7,Jerrod Sessler,R,3%,False,"April 17–20, 2022"
2022,Washington,WA,4,jungle,Spry Strategies,2022-04-17 to 2022-04-20,2022-04-17,2022-04-20,720 (LV),3.7,Doug White,D,18%,False,"April 17–20, 2022"
2022,Washington,WA,8,jungle,Moore Information Group,2021-11-18 to 2021-11-21,2021-11-18,2021-11-21,400 (RV),5.0,Kim Schrier,D,30%,False,"November 18–21, 2021"
2022,Washington,WA,8,jungle,Moore Information Group,2021-11-18 to 2021-11-21,2021-11-18,2021-11-21,400 (RV),5.0,Reagan Dunn,R,11%,False,"November 18–21, 2021"
2022,Washington,WA,8,jungle,Moore Information Group,2021-11-18 to 2021-11-21,2021-11-18,2021-11-21,400 (RV),5.0,Justin Greywolf,L,7%,False,"November 18–21, 2021"
2022,Washington,WA,8,jungle,Moore Information Group,2021-11-18 to 2021-11-21,2021-11-18,2021-11-21,400 (RV),5.0,Jesse Jensen,R,5%,False,"November 18–21, 2021"
2022,Washington,WA,8,jungle,Moore Information Group,2021-11-18 to 2021-11-21,2021-11-18,2021-11-21,400 (RV),5.0,Matt Larkin,R,5%,False,"November 18–21, 2021"
2022,Washington,WA,8,jungle,Moore Information Group,2021-11-18 to 2021-11-21,2021-11-18,2021-11-21,400 (RV),5.0,Matthew Overton,R,1%,False,"November 18–21, 2021"
2022,West Virginia,WV,2,Republican Primary,National Research Inc.,2021-10-23 to 2021-10-26,2021-10-23,2021-10-26,400 (LV),4.9,David McKinley,R,44%,False,"October 23–26, 2021"
2022,West Virginia,WV,2,Republican Primary,National Research Inc.,2021-10-23 to 2021-10-26,2021-10-23,2021-10-26,400 (LV),4.9,Alex Mooney,R,29%,False,"October 23–26, 2021"
2022,West Virginia,WV,2,Republican Primary,Public Opinion Strategies,2021-11,2021-11-01,2021-11-30,400 (LV),4.9,David McKinley,R,42%,False,November 2021
2022,West Virginia,WV,2,Republican Primary,Public Opinion Strategies,2021-11,2021-11-01,2021-11-30,400 (LV),4.9,Alex Mooney,R,39%,False,November 2021
2022,West Virginia,WV,2,Republican Primary,Meeting Street Insights,2021-12-13 to 2021-12-15,2021-12-13,2021-12-15,400 (LV),4.9,David McKinley,R,40%,False,"December 13–15, 2021"
2022,West Virginia,WV,2,Republican Primary,Meeting Street Insights,2021-12-13 to 2021-12-15,2021-12-13,2021-12-15,400 (LV),4.9,Alex Mooney,R,34%,False,"December 13–15, 2021"
2022,West Virginia,WV,2,Republican Primary,Public Opinion Strategies,2022-01-04 to 2022-01-06,2022-01-04,2022-01-06,400 (LV),4.9,David McKinley,R,32%,False,"January 4–6, 2022"
2022,West Virginia,WV,2,Republican Primary,Public Opinion Strategies,2022-01-04 to 2022-01-06,2022-01-04,2022-01-06,400 (LV),4.9,Alex Mooney,R,45%,False,"January 4–6, 2022"
2022,West Virginia,WV,2,Republican Primary,WPA Intelligence,2022-02-02 to 2022-02-03,2022-02-02,2022-02-03,406 (LV),4.9,David McKinley,R,28%,False,"February 2–3, 2022"
2022,West Virginia,WV,2,Republican Primary,WPA Intelligence,2022-02-02 to 2022-02-03,2022-02-02,2022-02-03,406 (LV),4.9,Alex Mooney,R,43%,False,"February 2–3, 2022"
2022,West Virginia,WV,2,Republican Primary,North Star Opinion Research,2022-03-13 to 2022-03-15,2022-03-13,2022-03-15,400 (LV),4.9,David McKinley,R,38%,False,"March 13–15, 2022"
2022,West Virginia,WV,2,Republican Primary,North Star Opinion Research,2022-03-13 to 2022-03-15,2022-03-13,2022-03-15,400 (LV),4.9,Alex Mooney,R,33%,False,"March 13–15, 2022"
2022,West Virginia,WV,2,Republican Primary,Public Opinion Strategies,2022-04-03 to 2022-04-05,2022-04-03,2022-04-05,400 (LV),4.9,David McKinley,R,31%,False,"April 3–5, 2022"
2022,West Virginia,WV,2,Republican Primary,Public Opinion Strategies,2022-04-03 to 2022-04-05,2022-04-03,2022-04-05,400 (LV),4.9,Alex Mooney,R,42%,False,"April 3–5, 2022"
2022,West Virginia,WV,2,Republican Primary,Public Opinion Strategies,2022-04-26 to 2022-04-28,2022-04-26,2022-04-28,400 (LV),4.9,David McKinley,R,30%,False,"April 26–28, 2022"
2022,West Virginia,WV,2,Republican Primary,Public Opinion Strategies,2022-04-26 to 2022-04-28,2022-04-26,2022-04-28,400 (LV),4.9,Alex Mooney,R,50%,False,"April 26–28, 2022"
2022,West Virginia,WV,2,Republican Primary,Research America Inc.,2022-04-27 to 2022-05-04,2022-04-27,2022-05-04,350 (LV),5.2,David McKinley,R,33%,False,"April 27 – May 4, 2022"
2022,West Virginia,WV,2,Republican Primary,Research America Inc.,2022-04-27 to 2022-05-04,2022-04-27,2022-05-04,350 (LV),5.2,Alex Mooney,R,48%,False,"April 27 – May 4, 2022"
2022,Wyoming,WY,AL,Republican Primary,McLaughlin & Associates,2021-01-25 to 2021-01-26,2021-01-25,2021-01-26,,,Anthony Bouchard,R,28%,False,"January 25–26, 2021"
2022,Wyoming,WY,AL,Republican Primary,McLaughlin & Associates,2021-01-25 to 2021-01-26,2021-01-25,2021-01-26,,,Liz Cheney,R,21%,False,"January 25–26, 2021"
2022,Wyoming,WY,AL,Republican Primary,McLaughlin & Associates,2021-01-25 to 2021-01-26,2021-01-25,2021-01-26,,,Chuck Gray,R,17%,False,"January 25–26, 2021"
2022,Wyoming,WY,AL,Republican Primary,Remington Research Group,2021-07-25 to 2021-07-26,2021-07-25,2021-07-26,766 (LV),3.3,Anthony Bouchard,R,18%,False,"July 25–26, 2021"
2022,Wyoming,WY,AL,Republican Primary,Remington Research Group,2021-07-25 to 2021-07-26,2021-07-25,2021-07-26,766 (LV),3.3,Liz Cheney,R,19%,False,"July 25–26, 2021"
2022,Wyoming,WY,AL,Republican Primary,Remington Research Group,2021-07-25 to 2021-07-26,2021-07-25,2021-07-26,766 (LV),3.3,Chuck Gray,R,14%,False,"July 25–26, 2021"
2022,Wyoming,WY,AL,Republican Primary,Remington Research Group,2021-07-25 to 2021-07-26,2021-07-25,2021-07-26,766 (LV),3.3,Darin Smith,R,24%,False,"July 25–26, 2021"
2022,Wyoming,WY,AL,Republican Primary,McLaughlin & Associates,2021-07-26,2021-07-26,2021-07-26,300 (LV),5.6,Anthony Bouchard,R,17%,False,"July 26, 2021"
2022,Wyoming,WY,AL,Republican Primary,McLaughlin & Associates,2021-07-26,2021-07-26,2021-07-26,300 (LV),5.6,Liz Cheney,R,23%,False,"July 26, 2021"
2022,Wyoming,WY,AL,Republican Primary,McLaughlin & Associates,2021-07-26,2021-07-26,2021-07-26,300 (LV),5.6,Chuck Gray,R,18%,False,"July 26, 2021"
2022,Wyoming,WY,AL,Republican Primary,McLaughlin & Associates,2021-07-26,2021-07-26,2021-07-26,300 (LV),5.6,Darin Smith,R,7%,False,"July 26, 2021"
2022,Wyoming,WY,AL,Republican Primary,Fabrizio Lee,2021-12-14 to 2021-12-15,2021-12-14,2021-12-15,400 (LV),4.9,Anthony Bouchard,R,13%,False,"December 14–15, 2021"
2022,Wyoming,WY,AL,Republican Primary,Fabrizio Lee,2021-12-14 to 2021-12-15,2021-12-14,2021-12-15,400 (LV),4.9,Liz Cheney,R,26%,False,"December 14–15, 2021"
2022,Wyoming,WY,AL,Republican Primary,Fabrizio Lee,2021-12-14 to 2021-12-15,2021-12-14,2021-12-15,400 (LV),4.9,Harriet Hageman,R,34%,False,"December 14–15, 2021"
2022,Wyoming,WY,AL,Republican Primary,WPA Intelligence,2022-05-24 to 2022-05-25,2022-05-24,2022-05-25,400 (LV),4.9,Anthony Bouchard,R,12%,False,"May 24–25, 2022"
2022,Wyoming,WY,AL,Republican Primary,WPA Intelligence,2022-05-24 to 2022-05-25,2022-05-24,2022-05-25,400 (LV),4.9,Liz Cheney,R,26%,False,"May 24–25, 2022"
2022,Wyoming,WY,AL,Republican Primary,WPA Intelligence,2022-05-24 to 2022-05-25,2022-05-24,2022-05-25,400 (LV),4.9,Harriet Hageman,R,56%,False,"May 24–25, 2022"
2022,Wyoming,WY,AL,Republican Primary,Fabrizio Lee,2022-06-01 to 2022-06-02,2022-06-01,2022-06-02,400 (LV),4.9,Anthony Bouchard,R,8%,False,"June 1–2, 2022"
2022,Wyoming,WY,AL,Republican Primary,Fabrizio Lee,2022-06-01 to 2022-06-02,2022-06-01,2022-06-02,400 (LV),4.9,Liz Cheney,R,28%,False,"June 1–2, 2022"
2022,Wyoming,WY,AL,Republican Primary,Fabrizio Lee,2022-06-01 to 2022-06-02,2022-06-01,2022-06-02,400 (LV),4.9,Harriet Hageman,R,56%,False,"June 1–2, 2022"
2022,Wyoming,WY,AL,Republican Primary,Mason-Dixon,2022-07-07 to 2022-07-11,2022-07-07,2022-07-11,"1,100 (LV)",3.0,Anthony Bouchard,R,5%,False,"July 7–11, 2022"
2022,Wyoming,WY,AL,Republican Primary,Mason-Dixon,2022-07-07 to 2022-07-11,2022-07-07,2022-07-11,"1,100 (LV)",3.0,Liz Cheney,R,30%,False,"July 7–11, 2022"
2022,Wyoming,WY,AL,Republican Primary,Mason-Dixon,2022-07-07 to 2022-07-11,2022-07-07,2022-07-11,"1,100 (LV)",3.0,Harriet Hageman,R,52%,False,"July 7–11, 2022"
2022,Wyoming,WY,AL,Republican Primary,RealClearPolitics,2022-07-07 to 2022-08-06,2022-07-07,2022-08-06,,,Anthony Bouchard,R,3.5%,False,"July 7 – August 6, 2022"
2022,Wyoming,WY,AL,Republican Primary,RealClearPolitics,2022-07-07 to 2022-08-06,2022-07-07,2022-08-06,,,Liz Cheney,R,29.0%,False,"July 7 – August 6, 2022"
2022,Wyoming,WY,AL,Republican Primary,RealClearPolitics,2022-07-07 to 2022-08-06,2022-07-07,2022-08-06,,,Harriet Hageman,R,54.5%,False,"July 7 – August 6, 2022"
2022,Wyoming,WY,AL,Republican Primary,WPA Intelligence,2022-07-12 to 2022-07-14,2022-07-12,2022-07-14,400 (LV),4.9,Anthony Bouchard,R,5%,False,"July 12–14, 2022"
2022,Wyoming,WY,AL,Republican Primary,WPA Intelligence,2022-07-12 to 2022-07-14,2022-07-12,2022-07-14,400 (LV),4.9,Liz Cheney,R,31%,False,"July 12–14, 2022"
2022,Wyoming,WY,AL,Republican Primary,WPA Intelligence,2022-07-12 to 2022-07-14,2022-07-12,2022-07-14,400 (LV),4.9,Harriet Hageman,R,59%,False,"July 12–14, 2022"
2022,Wyoming,WY,AL,Republican Primary,University of Wyoming,2022-07-25 to 2022-08-06,2022-07-25,2022-08-06,562 (LV),4.1,Anthony Bouchard,R,2%,False,"July 25 – August 6, 2022"
2022,Wyoming,WY,AL,Republican Primary,University of Wyoming,2022-07-25 to 2022-08-06,2022-07-25,2022-08-06,562 (LV),4.1,Liz Cheney,R,28%,False,"July 25 – August 6, 2022"
2022,Wyoming,WY,AL,Republican Primary,University of Wyoming,2022-07-25 to 2022-08-06,2022-07-25,2022-08-06,562 (LV),4.1,Harriet Hageman,R,57%,False,"July 25 – August 6, 2022"
2023,Rhode Island,RI,1,Democratic Primary,Expedition Strategies,2023-06-05 to 2023-06-08,2023-06-05,2023-06-08,600 (LV),4.0,Marvin Abney,D,4%,False,"June 5–8, 2023"
2023,Rhode Island,RI,1,Democratic Primary,Expedition Strategies,2023-06-05 to 2023-06-08,2023-06-05,2023-06-08,600 (LV),4.0,Gabe Amo,D,3%,False,"June 5–8, 2023"
2023,Rhode Island,RI,1,Democratic Primary,Expedition Strategies,2023-06-05 to 2023-06-08,2023-06-05,2023-06-08,600 (LV),4.0,Nick Autiello,D,3%,False,"June 5–8, 2023"
2023,Rhode Island,RI,1,Democratic Primary,Expedition Strategies,2023-06-05 to 2023-06-08,2023-06-05,2023-06-08,600 (LV),4.0,Sandra Cano,D,6%,False,"June 5–8, 2023"
2023,Rhode Island,RI,1,Democratic Primary,Expedition Strategies,2023-06-05 to 2023-06-08,2023-06-05,2023-06-08,600 (LV),4.0,Don Carlson,D,2%,False,"June 5–8, 2023"
2023,Rhode Island,RI,1,Democratic Primary,Expedition Strategies,2023-06-05 to 2023-06-08,2023-06-05,2023-06-08,600 (LV),4.0,John Goncalves,D,5%,False,"June 5–8, 2023"
2023,Rhode Island,RI,1,Democratic Primary,Expedition Strategies,2023-06-05 to 2023-06-08,2023-06-05,2023-06-08,600 (LV),4.0,Sabina Matos,D,22%,False,"June 5–8, 2023"
2023,Rhode Island,RI,1,Democratic Primary,Expedition Strategies,2023-06-05 to 2023-06-08,2023-06-05,2023-06-08,600 (LV),4.0,Aaron Regunberg,D,9%,False,"June 5–8, 2023"
2023,Rhode Island,RI,1,Democratic Primary,RMG Research,2023-06-28 to 2023-06-30,2023-06-28,2023-06-30,300 (LV),5.7,Gabe Amo,D,8%,False,"June 28–30, 2023"
2023,Rhode Island,RI,1,Democratic Primary,RMG Research,2023-06-28 to 2023-06-30,2023-06-28,2023-06-30,300 (LV),5.7,Don Carlson,D,3%,False,"June 28–30, 2023"
2023,Rhode Island,RI,1,Democratic Primary,RMG Research,2023-06-28 to 2023-06-30,2023-06-28,2023-06-30,300 (LV),5.7,Sabina Matos,D,17%,False,"June 28–30, 2023"
2023,Rhode Island,RI,1,Democratic Primary,RMG Research,2023-06-28 to 2023-06-30,2023-06-28,2023-06-30,300 (LV),5.7,Aaron Regunberg,D,22%,False,"June 28–30, 2023"
2023,Rhode Island,RI,1,Democratic Primary,Lake Research Partners,2023-07-12 to 2023-07-16,2023-07-12,2023-07-16,300 (V),,Marvin Abney,D,4%,False,"July 12–16, 2023"
2023,Rhode Island,RI,1,Democratic Primary,Lake Research Partners,2023-07-12 to 2023-07-16,2023-07-12,2023-07-16,300 (V),,Gabe Amo,D,6%,False,"July 12–16, 2023"
2023,Rhode Island,RI,1,Democratic Primary,Lake Research Partners,2023-07-12 to 2023-07-16,2023-07-12,2023-07-16,300 (V),,Nick Autiello,D,5%,False,"July 12–16, 2023"
2023,Rhode Island,RI,1,Democratic Primary,Lake Research Partners,2023-07-12 to 2023-07-16,2023-07-12,2023-07-16,300 (V),,Sandra Cano,D,7%,False,"July 12–16, 2023"
2023,Rhode Island,RI,1,Democratic Primary,Lake Research Partners,2023-07-12 to 2023-07-16,2023-07-12,2023-07-16,300 (V),,Don Carlson,D,2%,False,"July 12–16, 2023"
2023,Rhode Island,RI,1,Democratic Primary,Lake Research Partners,2023-07-12 to 2023-07-16,2023-07-12,2023-07-16,300 (V),,John Goncalves,D,4%,False,"July 12–16, 2023"
2023,Rhode Island,RI,1,Democratic Primary,Lake Research Partners,2023-07-12 to 2023-07-16,2023-07-12,2023-07-16,300 (V),,Sabina Matos,D,20%,False,"July 12–16, 2023"
2023,Rhode Island,RI,1,Democratic Primary,Lake Research Partners,2023-07-12 to 2023-07-16,2023-07-12,2023-07-16,300 (V),,Aaron Regunberg,D,12%,False,"July 12–16, 2023"
2023,Rhode Island,RI,1,Democratic Primary,Global Strategy Group,2023-08-15 to 2023-08-17,2023-08-15,2023-08-17,451 (V),,Gabe Amo,D,19%,False,"August 15–17, 2023"
2023,Rhode Island,RI,1,Democratic Primary,Global Strategy Group,2023-08-15 to 2023-08-17,2023-08-15,2023-08-17,451 (V),,Sandra Cano,D,11%,False,"August 15–17, 2023"
2023,Rhode Island,RI,1,Democratic Primary,Global Strategy Group,2023-08-15 to 2023-08-17,2023-08-15,2023-08-17,451 (V),,Don Carlson,D,8%,False,"August 15–17, 2023"
2023,Rhode Island,RI,1,Democratic Primary,Global Strategy Group,2023-08-15 to 2023-08-17,2023-08-15,2023-08-17,451 (V),,Sabina Matos,D,11%,False,"August 15–17, 2023"
2023,Rhode Island,RI,1,Democratic Primary,Global Strategy Group,2023-08-15 to 2023-08-17,2023-08-15,2023-08-17,451 (V),,Aaron Regunberg,D,28%,False,"August 15–17, 2023"
2023,Utah,UT,2,Republican Primary,Dan Jones & Associates,2023-08-07 to 2023-08-14,2023-08-07,2023-08-14,471 (RV),4.51,Becky Edwards,R,32%,False,"August 7–14, 2023"
2023,Utah,UT,2,Republican Primary,Dan Jones & Associates,2023-08-07 to 2023-08-14,2023-08-07,2023-08-14,471 (RV),4.51,Bruce Hough,R,11%,False,"August 7–14, 2023"
2023,Utah,UT,2,Republican Primary,Dan Jones & Associates,2023-08-07 to 2023-08-14,2023-08-07,2023-08-14,471 (RV),4.51,Celeste Maloy,R,9%,False,"August 7–14, 2023"
2024,Alabama,AL,1,Republican Primary,Montgomery Research,2024-01,2024-01-01,2024-01-31,697 (V),3.4,Jerry Carl,R,37%,False,January 2024
2024,Alabama,AL,1,Republican Primary,Montgomery Research,2024-01,2024-01-01,2024-01-31,697 (V),3.4,Barry Moore,R,41%,False,January 2024
2024,Alabama,AL,1,Republican Primary,Auburn University,2024-02-27,2024-02-27,2024-02-27,"1,909 (LV)",2.2,Jerry Carl,R,43%,False,"February 27, 2024"
2024,Alabama,AL,1,Republican Primary,Auburn University,2024-02-27,2024-02-27,2024-02-27,"1,909 (LV)",2.2,Barry Moore,R,35%,False,"February 27, 2024"
2024,Alabama,AL,2,Republican Primary,McLaughlin & Associates,2023-12-05 to 2023-12-07,2023-12-05,2023-12-07,300 (LV),,Greg Albritton,R,12%,False,"December 5–7, 2023"
2024,Alabama,AL,2,Republican Primary,McLaughlin & Associates,2023-12-05 to 2023-12-07,2023-12-05,2023-12-07,300 (LV),,Dick Brewbaker,R,24%,False,"December 5–7, 2023"
2024,Alabama,AL,2,Republican Primary,McLaughlin & Associates,2023-12-05 to 2023-12-07,2023-12-05,2023-12-07,300 (LV),,Caroleene Dobson,R,5%,False,"December 5–7, 2023"
2024,Alabama,AL,2,Republican Primary,McLaughlin & Associates,2023-12-05 to 2023-12-07,2023-12-05,2023-12-07,300 (LV),,Wallace Gilberry,R,5%,False,"December 5–7, 2023"
2024,Alabama,AL,2,Democratic Primary,Impact Research,2023-12-16 to 2023-12-20,2023-12-16,2023-12-20,400 (LV),,Napoleon Bracy Jr.,D,15%,False,"December 16–20, 2023"
2024,Alabama,AL,2,Democratic Primary,Impact Research,2023-12-16 to 2023-12-20,2023-12-16,2023-12-20,400 (LV),,Merika Coleman,D,6%,False,"December 16–20, 2023"
2024,Alabama,AL,2,Democratic Primary,Impact Research,2023-12-16 to 2023-12-20,2023-12-16,2023-12-20,400 (LV),,Anthony Daniels,D,8%,False,"December 16–20, 2023"
2024,Alabama,AL,2,Democratic Primary,Impact Research,2023-12-16 to 2023-12-20,2023-12-16,2023-12-20,400 (LV),,Shomari Figures,D,9%,False,"December 16–20, 2023"
2024,Alabama,AL,2,Democratic Primary,Impact Research,2023-12-16 to 2023-12-20,2023-12-16,2023-12-20,400 (LV),,Juandalynn Givan,D,2%,False,"December 16–20, 2023"
2024,Alabama,AL,2,Democratic Primary,Impact Research,2023-12-16 to 2023-12-20,2023-12-16,2023-12-20,400 (LV),,Jeremy Gray,D,4%,False,"December 16–20, 2023"
2024,Alabama,AL,2,Democratic Primary,Impact Research,2023-12-16 to 2023-12-20,2023-12-16,2023-12-20,400 (LV),,Darryl Sinkfield,D,5%,False,"December 16–20, 2023"
2024,Alabama,AL,2,Democratic Primary,Lester & Associates,2024-01-19 to 2024-01-24,2024-01-19,2024-01-24,400 (LV),4.0,James Averhart,D,4%,False,"January 19–24, 2024"
2024,Alabama,AL,2,Democratic Primary,Lester & Associates,2024-01-19 to 2024-01-24,2024-01-19,2024-01-24,400 (LV),4.0,Napoleon Bracy Jr.,D,16%,False,"January 19–24, 2024"
2024,Alabama,AL,2,Democratic Primary,Lester & Associates,2024-01-19 to 2024-01-24,2024-01-19,2024-01-24,400 (LV),4.0,Merika Coleman,D,6%,False,"January 19–24, 2024"
2024,Alabama,AL,2,Democratic Primary,Lester & Associates,2024-01-19 to 2024-01-24,2024-01-19,2024-01-24,400 (LV),4.0,Anthony Daniels,D,8%,False,"January 19–24, 2024"
2024,Alabama,AL,2,Democratic Primary,Lester & Associates,2024-01-19 to 2024-01-24,2024-01-19,2024-01-24,400 (LV),4.0,Shomari Figures,D,13%,False,"January 19–24, 2024"
2024,Alabama,AL,2,Democratic Primary,Lester & Associates,2024-01-19 to 2024-01-24,2024-01-19,2024-01-24,400 (LV),4.0,Juandalynn Givan,D,1%,False,"January 19–24, 2024"
2024,Alabama,AL,2,Democratic Primary,Lester & Associates,2024-01-19 to 2024-01-24,2024-01-19,2024-01-24,400 (LV),4.0,Jeremy Gray,D,3%,False,"January 19–24, 2024"
2024,Alabama,AL,2,Democratic Primary,Impact Research,2024-03-14 to 2024-03-18,2024-03-14,2024-03-18,500 (LV),4.4,Anthony Daniels,D,24%,False,"March 14–18, 2024"
2024,Alabama,AL,2,Democratic Primary,Impact Research,2024-03-14 to 2024-03-18,2024-03-14,2024-03-18,500 (LV),4.4,Shomari Figures,D,59%,False,"March 14–18, 2024"
2024,Alaska,AK,AL,jungle,Remington Research,2023-12-11 to 2023-12-14,2023-12-11,2023-12-14,672 (LV),4.0,Nick Begich,R,28%,False,"December 11–14, 2023"
2024,Alaska,AK,AL,jungle,Remington Research,2023-12-11 to 2023-12-14,2023-12-11,2023-12-14,672 (LV),4.0,Nancy Dahlstrom,R,9%,False,"December 11–14, 2023"
2024,Alaska,AK,AL,jungle,Remington Research,2023-12-11 to 2023-12-14,2023-12-11,2023-12-14,672 (LV),4.0,Mary Peltola,D,42%,False,"December 11–14, 2023"
2024,Alaska,AK,AL,jungle,Data for Progress,2024-02-23 to 2024-03-04,2024-02-23,2024-03-04,"1,120 (LV)",3.0,Nick Begich,R,35%,False,"February 23 – March 4, 2024"
2024,Alaska,AK,AL,jungle,Data for Progress,2024-02-23 to 2024-03-04,2024-02-23,2024-03-04,"1,120 (LV)",3.0,Nancy Dahlstrom,R,10%,False,"February 23 – March 4, 2024"
2024,Alaska,AK,AL,jungle,Data for Progress,2024-02-23 to 2024-03-04,2024-02-23,2024-03-04,"1,120 (LV)",3.0,Mary Peltola,D,44%,False,"February 23 – March 4, 2024"
2024,Arizona,AZ,1,Democratic Primary,RMG Research,2024-06-10 to 2024-06-19,2024-06-10,2024-06-19,406 (LV),4.9,Andrei Cherny,D,12%,False,"June 10–19, 2024"
2024,Arizona,AZ,1,Democratic Primary,RMG Research,2024-06-10 to 2024-06-19,2024-06-10,2024-06-19,406 (LV),4.9,Marlene Galán-Woods,D,12%,False,"June 10–19, 2024"
2024,Arizona,AZ,1,Democratic Primary,RMG Research,2024-06-10 to 2024-06-19,2024-06-10,2024-06-19,406 (LV),4.9,Andrew Horne,D,11%,False,"June 10–19, 2024"
2024,Arizona,AZ,1,Democratic Primary,RMG Research,2024-06-10 to 2024-06-19,2024-06-10,2024-06-19,406 (LV),4.9,Conor O'Callaghan,D,17%,False,"June 10–19, 2024"
2024,Arizona,AZ,1,Democratic Primary,RMG Research,2024-06-10 to 2024-06-19,2024-06-10,2024-06-19,406 (LV),4.9,Amish Shah,D,15%,False,"June 10–19, 2024"
2024,Arizona,AZ,1,Democratic Primary,Noble Predictive Insights,2024-06-25 to 2024-06-27,2024-06-25,2024-06-27,420 (LV),4.78,Andrei Cherny,D,16%,False,"June 25–27, 2024"
2024,Arizona,AZ,1,Democratic Primary,Noble Predictive Insights,2024-06-25 to 2024-06-27,2024-06-25,2024-06-27,420 (LV),4.78,Marlene Galán-Woods,D,14%,False,"June 25–27, 2024"
2024,Arizona,AZ,1,Democratic Primary,Noble Predictive Insights,2024-06-25 to 2024-06-27,2024-06-25,2024-06-27,420 (LV),4.78,Andrew Horne,D,8%,False,"June 25–27, 2024"
2024,Arizona,AZ,1,Democratic Primary,Noble Predictive Insights,2024-06-25 to 2024-06-27,2024-06-25,2024-06-27,420 (LV),4.78,Kurt Kroemer,D,1%,False,"June 25–27, 2024"
2024,Arizona,AZ,1,Democratic Primary,Noble Predictive Insights,2024-06-25 to 2024-06-27,2024-06-25,2024-06-27,420 (LV),4.78,Conor O'Callaghan,D,11%,False,"June 25–27, 2024"
2024,Arizona,AZ,1,Democratic Primary,Noble Predictive Insights,2024-06-25 to 2024-06-27,2024-06-25,2024-06-27,420 (LV),4.78,Amish Shah,D,16%,False,"June 25–27, 2024"
2024,Arizona,AZ,3,Democratic Primary,Target Smart,2024-04-24 to 2024-04-28,2024-04-24,2024-04-28,404 (LV),4.9,Yassamin Ansari,D,20%,False,"April 24–28, 2024"
2024,Arizona,AZ,3,Democratic Primary,Target Smart,2024-04-24 to 2024-04-28,2024-04-24,2024-04-28,404 (LV),4.9,Raquel Terán,D,30%,False,"April 24–28, 2024"
2024,Arizona,AZ,3,Democratic Primary,Target Smart,2024-04-24 to 2024-04-28,2024-04-24,2024-04-28,404 (LV),4.9,Duane Wooten,D,7%,False,"April 24–28, 2024"
2024,Arizona,AZ,3,Democratic Primary,Lake Research Partners,2024-07-10 to 2024-07-14,2024-07-10,2024-07-14,400 (LV),4.9,Yassamin Ansari,D,41%,False,"July 10–14, 2024"
2024,Arizona,AZ,3,Democratic Primary,Lake Research Partners,2024-07-10 to 2024-07-14,2024-07-10,2024-07-14,400 (LV),4.9,Raquel Terán,D,30%,False,"July 10–14, 2024"
2024,Arizona,AZ,3,Democratic Primary,Lake Research Partners,2024-07-10 to 2024-07-14,2024-07-10,2024-07-14,400 (LV),4.9,Duane Wooten,D,4%,False,"July 10–14, 2024"
2024,Arizona,AZ,8,Republican Primary,Data Orbital,2023-10-19 to 2023-10-21,2023-10-19,2023-10-21,450 (LV),4.7,Abe Hamadeh,R,18%,False,"October 19–21, 2023"
2024,Arizona,AZ,8,Republican Primary,Data Orbital,2023-10-19 to 2023-10-21,2023-10-19,2023-10-21,450 (LV),4.7,Anthony Kern,R,6%,False,"October 19–21, 2023"
2024,Arizona,AZ,8,Republican Primary,Data Orbital,2023-10-19 to 2023-10-21,2023-10-19,2023-10-21,450 (LV),4.7,Blake Masters,R,33%,False,"October 19–21, 2023"
2024,Arizona,AZ,8,Republican Primary,Data Orbital,2023-10-19 to 2023-10-21,2023-10-19,2023-10-21,450 (LV),4.7,Ben Toma,R,7%,False,"October 19–21, 2023"
2024,Arizona,AZ,8,Republican Primary,National Public Affairs,2023-10-23 to 2023-10-24,2023-10-23,2023-10-24,301 (LV),5.6,Abe Hamadeh,R,31%,False,"October 23–24, 2023"
2024,Arizona,AZ,8,Republican Primary,National Public Affairs,2023-10-23 to 2023-10-24,2023-10-23,2023-10-24,301 (LV),5.6,Abe Hamadeh,R,41%,False,"October 23–24, 2023"
2024,Arizona,AZ,8,Republican Primary,National Public Affairs,2023-10-23 to 2023-10-24,2023-10-23,2023-10-24,301 (LV),5.6,Abe Hamadeh,R,36%,False,"October 23–24, 2023"
2024,Arizona,AZ,8,Republican Primary,National Public Affairs,2023-10-23 to 2023-10-24,2023-10-23,2023-10-24,301 (LV),5.6,Blake Masters,R,24%,False,"October 23–24, 2023"
2024,Arizona,AZ,8,Republican Primary,National Public Affairs,2023-10-23 to 2023-10-24,2023-10-23,2023-10-24,301 (LV),5.6,Blake Masters,R,27%,False,"October 23–24, 2023"
2024,Arizona,AZ,8,Republican Primary,National Public Affairs,2023-10-23 to 2023-10-24,2023-10-23,2023-10-24,301 (LV),5.6,Blake Masters,R,42%,False,"October 23–24, 2023"
2024,Arizona,AZ,8,Republican Primary,National Public Affairs,2023-10-23 to 2023-10-24,2023-10-23,2023-10-24,301 (LV),5.6,Ben Toma,R,11%,False,"October 23–24, 2023"
2024,Arizona,AZ,8,Republican Primary,National Public Affairs,2023-10-23 to 2023-10-24,2023-10-23,2023-10-24,301 (LV),5.6,Ben Toma,R,12%,False,"October 23–24, 2023"
2024,Arizona,AZ,8,Republican Primary,National Public Affairs,2023-10-23 to 2023-10-24,2023-10-23,2023-10-24,301 (LV),5.6,Ben Toma,R,15%,False,"October 23–24, 2023"
2024,Arizona,AZ,8,Republican Primary,National Public Affairs,2023-12-16 to 2023-12-17,2023-12-16,2023-12-17,418 (LV),4.8,Trent Franks,R,6%,False,"December 16–17, 2023"
2024,Arizona,AZ,8,Republican Primary,National Public Affairs,2023-12-16 to 2023-12-17,2023-12-16,2023-12-17,418 (LV),4.8,Abe Hamadeh,R,37%,False,"December 16–17, 2023"
2024,Arizona,AZ,8,Republican Primary,National Public Affairs,2023-12-16 to 2023-12-17,2023-12-16,2023-12-17,418 (LV),4.8,Anthony Kern,R,3%,False,"December 16–17, 2023"
2024,Arizona,AZ,8,Republican Primary,National Public Affairs,2023-12-16 to 2023-12-17,2023-12-16,2023-12-17,418 (LV),4.8,Blake Masters,R,14%,False,"December 16–17, 2023"
2024,Arizona,AZ,8,Republican Primary,National Public Affairs,2023-12-16 to 2023-12-17,2023-12-16,2023-12-17,418 (LV),4.8,Ben Toma,R,7%,False,"December 16–17, 2023"
2024,Arizona,AZ,8,Republican Primary,"Fabrizio, Lee & Associates",2024-01-25 to 2024-01-28,2024-01-25,2024-01-28,400 (LV),4.9,Trent Franks,R,9%,False,"January 25–28, 2024"
2024,Arizona,AZ,8,Republican Primary,"Fabrizio, Lee & Associates",2024-01-25 to 2024-01-28,2024-01-25,2024-01-28,400 (LV),4.9,Abe Hamadeh,R,24%,False,"January 25–28, 2024"
2024,Arizona,AZ,8,Republican Primary,"Fabrizio, Lee & Associates",2024-01-25 to 2024-01-28,2024-01-25,2024-01-28,400 (LV),4.9,Anthony Kern,R,1%,False,"January 25–28, 2024"
2024,Arizona,AZ,8,Republican Primary,"Fabrizio, Lee & Associates",2024-01-25 to 2024-01-28,2024-01-25,2024-01-28,400 (LV),4.9,Blake Masters,R,24%,False,"January 25–28, 2024"
2024,Arizona,AZ,8,Republican Primary,"Fabrizio, Lee & Associates",2024-01-25 to 2024-01-28,2024-01-25,2024-01-28,400 (LV),4.9,Ben Toma,R,3%,False,"January 25–28, 2024"
2024,Arizona,AZ,8,Republican Primary,The Tyson Group,2024-04-20 to 2024-04-22,2024-04-20,2024-04-22,305 (LV),4.0,Trent Franks,R,11%,False,"April 20–22, 2024"
2024,Arizona,AZ,8,Republican Primary,The Tyson Group,2024-04-20 to 2024-04-22,2024-04-20,2024-04-22,305 (LV),4.0,Abe Hamadeh,R,10%,False,"April 20–22, 2024"
2024,Arizona,AZ,8,Republican Primary,The Tyson Group,2024-04-20 to 2024-04-22,2024-04-20,2024-04-22,305 (LV),4.0,Anthony Kern,R,3%,False,"April 20–22, 2024"
2024,Arizona,AZ,8,Republican Primary,The Tyson Group,2024-04-20 to 2024-04-22,2024-04-20,2024-04-22,305 (LV),4.0,Blake Masters,R,16%,False,"April 20–22, 2024"
2024,Arizona,AZ,8,Republican Primary,The Tyson Group,2024-04-20 to 2024-04-22,2024-04-20,2024-04-22,305 (LV),4.0,Ben Toma,R,9%,False,"April 20–22, 2024"
2024,Arizona,AZ,8,Republican Primary,SPRY Strategies,2024-04-24 to 2024-04-26,2024-04-24,2024-04-26,500 (LV),4.3,Trent Franks,R,9%,False,"April 24–26, 2024"
2024,Arizona,AZ,8,Republican Primary,SPRY Strategies,2024-04-24 to 2024-04-26,2024-04-24,2024-04-26,500 (LV),4.3,Abe Hamadeh,R,16%,False,"April 24–26, 2024"
2024,Arizona,AZ,8,Republican Primary,SPRY Strategies,2024-04-24 to 2024-04-26,2024-04-24,2024-04-26,500 (LV),4.3,Anthony Kern,R,3%,False,"April 24–26, 2024"
2024,Arizona,AZ,8,Republican Primary,SPRY Strategies,2024-04-24 to 2024-04-26,2024-04-24,2024-04-26,500 (LV),4.3,Blake Masters,R,26%,False,"April 24–26, 2024"
2024,Arizona,AZ,8,Republican Primary,SPRY Strategies,2024-04-24 to 2024-04-26,2024-04-24,2024-04-26,500 (LV),4.3,Ben Toma,R,9%,False,"April 24–26, 2024"
2024,Arizona,AZ,8,Republican Primary,"Fabrizio, Lee & Associates",2024-05-13 to 2024-05-15,2024-05-13,2024-05-15,400 (LV),,Trent Franks,R,14%,False,"May 13–15, 2024"
2024,Arizona,AZ,8,Republican Primary,"Fabrizio, Lee & Associates",2024-05-13 to 2024-05-15,2024-05-13,2024-05-15,400 (LV),,Abe Hamadeh,R,16%,False,"May 13–15, 2024"
2024,Arizona,AZ,8,Republican Primary,"Fabrizio, Lee & Associates",2024-05-13 to 2024-05-15,2024-05-13,2024-05-15,400 (LV),,Anthony Kern,R,2%,False,"May 13–15, 2024"
2024,Arizona,AZ,8,Republican Primary,"Fabrizio, Lee & Associates",2024-05-13 to 2024-05-15,2024-05-13,2024-05-15,400 (LV),,Blake Masters,R,28%,False,"May 13–15, 2024"
2024,Arizona,AZ,8,Republican Primary,"Fabrizio, Lee & Associates",2024-05-13 to 2024-05-15,2024-05-13,2024-05-15,400 (LV),,Ben Toma,R,8%,False,"May 13–15, 2024"
2024,Arizona,AZ,8,Republican Primary,The Strategy Group Company,2024-06-10 to 2024-06-12,2024-06-10,2024-06-12,620 (LV),4.2,Trent Franks,R,12%,False,"June 10–12, 2024"
2024,Arizona,AZ,8,Republican Primary,The Strategy Group Company,2024-06-10 to 2024-06-12,2024-06-10,2024-06-12,620 (LV),4.2,Abe Hamadeh,R,30%,False,"June 10–12, 2024"
2024,Arizona,AZ,8,Republican Primary,The Strategy Group Company,2024-06-10 to 2024-06-12,2024-06-10,2024-06-12,620 (LV),4.2,Anthony Kern,R,3%,False,"June 10–12, 2024"
2024,Arizona,AZ,8,Republican Primary,The Strategy Group Company,2024-06-10 to 2024-06-12,2024-06-10,2024-06-12,620 (LV),4.2,Blake Masters,R,19%,False,"June 10–12, 2024"
2024,Arizona,AZ,8,Republican Primary,The Strategy Group Company,2024-06-10 to 2024-06-12,2024-06-10,2024-06-12,620 (LV),4.2,Ben Toma,R,10%,False,"June 10–12, 2024"
2024,Arizona,AZ,8,Republican Primary,"Fabrizio, Lee & Associates",2024-07-08 to 2024-07-09,2024-07-08,2024-07-09,400 (LV),4.9,Trent Franks,R,16%,False,"July 8–9, 2024"
2024,Arizona,AZ,8,Republican Primary,"Fabrizio, Lee & Associates",2024-07-08 to 2024-07-09,2024-07-08,2024-07-09,400 (LV),4.9,Abe Hamadeh,R,26%,False,"July 8–9, 2024"
2024,Arizona,AZ,8,Republican Primary,"Fabrizio, Lee & Associates",2024-07-08 to 2024-07-09,2024-07-08,2024-07-09,400 (LV),4.9,Anthony Kern,R,4%,False,"July 8–9, 2024"
2024,Arizona,AZ,8,Republican Primary,"Fabrizio, Lee & Associates",2024-07-08 to 2024-07-09,2024-07-08,2024-07-09,400 (LV),4.9,Blake Masters,R,27%,False,"July 8–9, 2024"
2024,Arizona,AZ,8,Republican Primary,"Fabrizio, Lee & Associates",2024-07-08 to 2024-07-09,2024-07-08,2024-07-09,400 (LV),4.9,Ben Toma,R,17%,False,"July 8–9, 2024"
2024,Arizona,AZ,8,Republican Primary,Data Orbital,2024-07-17 to 2024-07-18,2024-07-17,2024-07-18,400 (LV),,Trent Franks,R,13%,False,"July 17–18, 2024"
2024,Arizona,AZ,8,Republican Primary,Data Orbital,2024-07-17 to 2024-07-18,2024-07-17,2024-07-18,400 (LV),,Abe Hamadeh,R,20%,False,"July 17–18, 2024"
2024,Arizona,AZ,8,Republican Primary,Data Orbital,2024-07-17 to 2024-07-18,2024-07-17,2024-07-18,400 (LV),,Anthony Kern,R,5%,False,"July 17–18, 2024"
2024,Arizona,AZ,8,Republican Primary,Data Orbital,2024-07-17 to 2024-07-18,2024-07-17,2024-07-18,400 (LV),,Blake Masters,R,23%,False,"July 17–18, 2024"
2024,Arizona,AZ,8,Republican Primary,Data Orbital,2024-07-17 to 2024-07-18,2024-07-17,2024-07-18,400 (LV),,Ben Toma,R,17%,False,"July 17–18, 2024"
2024,California,CA,13,jungle,RMG Research,2023-11-14 to 2023-11-19,2023-11-14,2023-11-19,300 (LV),5.7,John Duarte,R,21%,False,"November 14–19, 2023"
2024,California,CA,13,jungle,RMG Research,2023-11-14 to 2023-11-19,2023-11-14,2023-11-19,300 (LV),5.7,Phil Arballo,D,2%,False,"November 14–19, 2023"
2024,California,CA,13,jungle,RMG Research,2023-11-14 to 2023-11-19,2023-11-14,2023-11-19,300 (LV),5.7,Adam Gray,D,21%,False,"November 14–19, 2023"
2024,California,CA,51,jungle,SurveyUSA,2024-01-26 to 2024-01-31,2024-01-26,2024-01-31,562 (LV),4.9,Stan Caplan (NPP),Unknown,4%,False,"January 26–31, 2024"
2024,California,CA,51,jungle,SurveyUSA,2024-01-26 to 2024-01-31,2024-01-26,2024-01-31,562 (LV),4.9,Sara Jacobs,D,48%,False,"January 26–31, 2024"
2024,California,CA,51,jungle,SurveyUSA,2024-01-26 to 2024-01-31,2024-01-26,2024-01-31,562 (LV),4.9,Hilaire Shioura (NPP),Unknown,3%,False,"January 26–31, 2024"
2024,California,CA,51,jungle,SurveyUSA,2024-01-26 to 2024-01-31,2024-01-26,2024-01-31,562 (LV),4.9,Bill Wells,R,29%,False,"January 26–31, 2024"
2024,Colorado,CO,3,Republican Primary,co/efficient,2024-06-04,2024-06-04,2024-06-04,"1,110 (LV)",3.1,Russ Andrews,R,3%,False,"June 4, 2024"
2024,Colorado,CO,3,Republican Primary,co/efficient,2024-06-04,2024-06-04,2024-06-04,"1,110 (LV)",3.1,Ron Hanks,R,9%,False,"June 4, 2024"
2024,Colorado,CO,3,Republican Primary,co/efficient,2024-06-04,2024-06-04,2024-06-04,"1,110 (LV)",3.1,Jeffrey Hurd,R,27%,False,"June 4, 2024"
2024,Colorado,CO,3,Republican Primary,co/efficient,2024-06-04,2024-06-04,2024-06-04,"1,110 (LV)",3.1,Curtis McCrackin,R,2%,False,"June 4, 2024"
2024,Colorado,CO,3,Republican Primary,co/efficient,2024-06-04,2024-06-04,2024-06-04,"1,110 (LV)",3.1,Stephen Varela,R,5%,False,"June 4, 2024"
2024,Colorado,CO,3,Republican Primary,co/efficient,2024-06-04,2024-06-04,2024-06-04,"1,110 (LV)",3.1,Lew Webb,R,3%,False,"June 4, 2024"
2024,Colorado,CO,4,Democratic Primary,Gravis Marketing,2024-03-14 to 2024-03-15,2024-03-14,2024-03-15,439 (LV),4.7,Karen Breslin,D,11%,False,"March 14–15, 2024"
2024,Colorado,CO,4,Democratic Primary,Gravis Marketing,2024-03-14 to 2024-03-15,2024-03-14,2024-03-15,439 (LV),4.7,Trisha Calvarese,D,2%,False,"March 14–15, 2024"
2024,Colorado,CO,4,Democratic Primary,Gravis Marketing,2024-03-14 to 2024-03-15,2024-03-14,2024-03-15,439 (LV),4.7,Trisha Calvarese,D,17%,False,"March 14–15, 2024"
2024,Colorado,CO,4,Democratic Primary,Gravis Marketing,2024-03-14 to 2024-03-15,2024-03-14,2024-03-15,439 (LV),4.7,Trisha Calvarese,D,18%,False,"March 14–15, 2024"
2024,Colorado,CO,4,Democratic Primary,Gravis Marketing,2024-03-14 to 2024-03-15,2024-03-14,2024-03-15,439 (LV),4.7,Ike McCorkle,D,21%,False,"March 14–15, 2024"
2024,Colorado,CO,4,Democratic Primary,Gravis Marketing,2024-03-14 to 2024-03-15,2024-03-14,2024-03-15,439 (LV),4.7,Ike McCorkle,D,32%,False,"March 14–15, 2024"
2024,Colorado,CO,4,Democratic Primary,Gravis Marketing,2024-03-14 to 2024-03-15,2024-03-14,2024-03-15,439 (LV),4.7,Ike McCorkle,D,30%,False,"March 14–15, 2024"
2024,Colorado,CO,4,Democratic Primary,Gravis Marketing,2024-03-14 to 2024-03-15,2024-03-14,2024-03-15,439 (LV),4.7,John Padora,D,9%,False,"March 14–15, 2024"
2024,Colorado,CO,4,Democratic Primary,Gravis Marketing,2024-03-14 to 2024-03-15,2024-03-14,2024-03-15,439 (LV),4.7,John Padora,D,21%,False,"March 14–15, 2024"
2024,Colorado,CO,4,Democratic Primary,Gravis Marketing,2024-03-14 to 2024-03-15,2024-03-14,2024-03-15,439 (LV),4.7,John Padora,D,20%,False,"March 14–15, 2024"
2024,Delaware,DE,AL,Democratic Primary,Change Research,2023-09-07 to 2023-09-12,2023-09-07,2023-09-12,531 (LV),,Colleen Davis,D,12%,False,"September 7–12, 2023"
2024,Delaware,DE,AL,Democratic Primary,Change Research,2023-09-07 to 2023-09-12,2023-09-07,2023-09-12,531 (LV),,Sarah McBride,D,44%,False,"September 7–12, 2023"
2024,Delaware,DE,AL,Democratic Primary,Change Research,2023-09-07 to 2023-09-12,2023-09-07,2023-09-12,531 (LV),,Eugene Young,D,23%,False,"September 7–12, 2023"
2024,Delaware,DE,AL,Democratic Primary,Slingshot Strategies,2023-10-07 to 2023-10-14,2023-10-07,2023-10-14,600 (RV),3.9,Colleen Davis,D,6%,False,"October 7–14, 2023"
2024,Delaware,DE,AL,Democratic Primary,Slingshot Strategies,2023-10-07 to 2023-10-14,2023-10-07,2023-10-14,600 (RV),3.9,Sarah McBride,D,22%,False,"October 7–14, 2023"
2024,Delaware,DE,AL,Democratic Primary,Slingshot Strategies,2023-10-07 to 2023-10-14,2023-10-07,2023-10-14,600 (RV),3.9,Eugene Young,D,4%,False,"October 7–14, 2023"
2024,Florida,FL,1,Republican Primary,"Fabrizio, Lee & Associates",2024-07-08 to 2024-07-10,2024-07-08,2024-07-10,400 (LV),4.9,Aaron Dimmock,R,20%,False,"July 8–10, 2024"
2024,Florida,FL,1,Republican Primary,"Fabrizio, Lee & Associates",2024-07-08 to 2024-07-10,2024-07-08,2024-07-10,400 (LV),4.9,Matt Gaetz,R,67%,False,"July 8–10, 2024"
2024,Florida,FL,11,Republican Primary,RMG Research,2023-11-14 to 2023-11-19,2023-11-14,2023-11-19,300 (LV),,Anthony Sabatini,R,29%,False,"November 14–19, 2023"
2024,Florida,FL,11,Republican Primary,RMG Research,2023-11-14 to 2023-11-19,2023-11-14,2023-11-19,300 (LV),,Daniel Webster,R,35%,False,"November 14–19, 2023"
2024,Florida,FL,16,Republican Primary,St. Pete Polls,2024-04-03,2024-04-03,2024-04-03,431 (LV),4.7,Vern Buchanan,R,64%,False,"April 3, 2024"
2024,Florida,FL,16,Republican Primary,St. Pete Polls,2024-04-03,2024-04-03,2024-04-03,431 (LV),4.7,Eddie Speir,R,13%,False,"April 3, 2024"
2024,Florida,FL,8,Republican Primary,Spry Strategies,2024-07-23 to 2024-07-26,2024-07-23,2024-07-26,532 (LV),4.2,Joe Babits,R,4%,False,"July 23–26, 2024"
2024,Florida,FL,8,Republican Primary,Spry Strategies,2024-07-23 to 2024-07-26,2024-07-23,2024-07-26,532 (LV),4.2,Mike Haridopolos,R,56%,False,"July 23–26, 2024"
2024,Florida,FL,8,Republican Primary,Spry Strategies,2024-07-23 to 2024-07-26,2024-07-23,2024-07-26,532 (LV),4.2,John Hearton,R,6%,False,"July 23–26, 2024"
2024,Illinois,IL,12,Republican Primary,Cor Strategies,2023-07-05 to 2023-07-08,2023-07-05,2023-07-08,661 (RV),3.8,Darren Bailey,R,37%,False,"July 5–8, 2023"
2024,Illinois,IL,12,Republican Primary,Cor Strategies,2023-07-05 to 2023-07-08,2023-07-05,2023-07-08,661 (RV),3.8,Mike Bost,R,43%,False,"July 5–8, 2023"
2024,Illinois,IL,12,Republican Primary,M3 Strategies,2024-03-02 to 2024-03-04,2024-03-02,2024-03-04,473 (LV),4.48,Darren Bailey,R,39%,False,"March 2–4, 2024"
2024,Illinois,IL,12,Republican Primary,M3 Strategies,2024-03-02 to 2024-03-04,2024-03-02,2024-03-04,473 (LV),4.48,Mike Bost,R,45%,False,"March 2–4, 2024"
2024,Indiana,IN,5,Republican Primary,co/efficient,2024-01-30 to 2024-02-01,2024-01-30,2024-02-01,633 (LV),3.88,Raju Chinthala,R,0%,False,"January 30 – February 1, 2024"
2024,Indiana,IN,5,Republican Primary,co/efficient,2024-01-30 to 2024-02-01,2024-01-30,2024-02-01,633 (LV),3.88,Mark Hurt,R,1%,False,"January 30 – February 1, 2024"
2024,Indiana,IN,5,Republican Primary,co/efficient,2024-01-30 to 2024-02-01,2024-01-30,2024-02-01,633 (LV),3.88,Chuck Goodrich,R,8%,False,"January 30 – February 1, 2024"
2024,Indiana,IN,5,Republican Primary,co/efficient,2024-01-30 to 2024-02-01,2024-01-30,2024-02-01,633 (LV),3.88,Victoria Spartz,R,44%,False,"January 30 – February 1, 2024"
2024,Indiana,IN,5,Republican Primary,Mark It Red,2024-02-07 to 2024-02-09,2024-02-07,2024-02-09,900 (LV),,Chuck Goodrich,R,17%,False,"February 7–9, 2024"
2024,Indiana,IN,5,Republican Primary,Mark It Red,2024-02-07 to 2024-02-09,2024-02-07,2024-02-09,900 (LV),,Victoria Spartz,R,45%,False,"February 7–9, 2024"
2024,Indiana,IN,5,Republican Primary,Mark It Red,2024-03-25 to 2024-03-27,2024-03-25,2024-03-27,900 (LV),3.3,Raju Chinthala,R,2%,False,"March 25–27, 2024"
2024,Indiana,IN,5,Republican Primary,Mark It Red,2024-03-25 to 2024-03-27,2024-03-25,2024-03-27,900 (LV),3.3,Mark Hurt,R,2%,False,"March 25–27, 2024"
2024,Indiana,IN,5,Republican Primary,Mark It Red,2024-03-25 to 2024-03-27,2024-03-25,2024-03-27,900 (LV),3.3,Chuck Goodrich,R,30%,False,"March 25–27, 2024"
2024,Indiana,IN,5,Republican Primary,Mark It Red,2024-03-25 to 2024-03-27,2024-03-25,2024-03-27,900 (LV),3.3,Victoria Spartz,R,33%,False,"March 25–27, 2024"
2024,Kansas,KS,2,Republican Primary,co/efficient,2024-05-13 to 2024-05-14,2024-05-13,2024-05-14,"1,517 (LV)",2.49,Jeff Kahrs,R,4%,False,"May 13–14, 2024"
2024,Kansas,KS,2,Republican Primary,co/efficient,2024-05-13 to 2024-05-14,2024-05-13,2024-05-14,"1,517 (LV)",2.49,Derek Schmidt,R,44%,False,"May 13–14, 2024"
2024,Kansas,KS,2,Republican Primary,co/efficient,2024-05-13 to 2024-05-14,2024-05-13,2024-05-14,"1,517 (LV)",2.49,Shawn Tiffany,R,3%,False,"May 13–14, 2024"
2024,Kentucky,KY,4,Republican Primary,UpONE,2024-03-02 to 2024-03-04,2024-03-02,2024-03-04,473 (LV),5.7,Eric Deters,R,12%,False,"March 2–4, 2024"
2024,Kentucky,KY,4,Republican Primary,UpONE,2024-03-02 to 2024-03-04,2024-03-02,2024-03-04,473 (LV),5.7,Thomas Massie,R,70%,False,"March 2–4, 2024"
2024,Kentucky,KY,4,Republican Primary,UpONE,2024-03-02 to 2024-03-04,2024-03-02,2024-03-04,473 (LV),5.7,Michael McGinnis,R,4%,False,"March 2–4, 2024"
2024,Maine,ME,2,Republican Primary,Public Opinion Strategies,2024-04-09 to 2024-04-11,2024-04-09,2024-04-11,300 (RV),,Mike Soboleski,R,7%,False,"April 9–11, 2024"
2024,Maine,ME,2,Republican Primary,Public Opinion Strategies,2024-04-09 to 2024-04-11,2024-04-09,2024-04-11,300 (RV),,Austin Theriault,R,30%,False,"April 9–11, 2024"
2024,Maryland,MD,2,Democratic Primary,Global Strategy Group,2024-02-14 to 2024-02-19,2024-02-14,2024-02-19,400 (LV),,Harry Bhandari,D,5%,False,"February 14–19, 2024"
2024,Maryland,MD,2,Democratic Primary,Global Strategy Group,2024-02-14 to 2024-02-19,2024-02-14,2024-02-19,400 (LV),,Johnny Olszewski,D,50%,False,"February 14–19, 2024"
2024,Maryland,MD,3,Democratic Primary,RMG Research,2023-11-28 to 2023-12-01,2023-11-28,2023-12-01,430 (LV),4.7,Sarah Elfreth,D,14%,False,"November 28 – December 1, 2023"
2024,Maryland,MD,3,Democratic Primary,RMG Research,2023-11-28 to 2023-12-01,2023-11-28,2023-12-01,430 (LV),4.7,Terri Hill,D,9%,False,"November 28 – December 1, 2023"
2024,Maryland,MD,3,Democratic Primary,RMG Research,2024-02-19 to 2024-02-26,2024-02-19,2024-02-26,423 (LV),4.8,Mark Chang,D,2%,False,"February 19–26, 2024"
2024,Maryland,MD,3,Democratic Primary,RMG Research,2024-02-19 to 2024-02-26,2024-02-19,2024-02-26,423 (LV),4.8,Michael Coburn,D,3%,False,"February 19–26, 2024"
2024,Maryland,MD,3,Democratic Primary,RMG Research,2024-02-19 to 2024-02-26,2024-02-19,2024-02-26,423 (LV),4.8,Juan Dominguez,D,3%,False,"February 19–26, 2024"
2024,Maryland,MD,3,Democratic Primary,RMG Research,2024-02-19 to 2024-02-26,2024-02-19,2024-02-26,423 (LV),4.8,Harry Dunn,D,7%,False,"February 19–26, 2024"
2024,Maryland,MD,3,Democratic Primary,RMG Research,2024-02-19 to 2024-02-26,2024-02-19,2024-02-26,423 (LV),4.8,Sarah Elfreth,D,9%,False,"February 19–26, 2024"
2024,Maryland,MD,3,Democratic Primary,RMG Research,2024-02-19 to 2024-02-26,2024-02-19,2024-02-26,423 (LV),4.8,Terri Hill,D,2%,False,"February 19–26, 2024"
2024,Maryland,MD,3,Democratic Primary,RMG Research,2024-02-19 to 2024-02-26,2024-02-19,2024-02-26,423 (LV),4.8,Clarence Lam,D,1%,False,"February 19–26, 2024"
2024,Maryland,MD,3,Democratic Primary,RMG Research,2024-02-19 to 2024-02-26,2024-02-19,2024-02-26,423 (LV),4.8,Mike Rogers,D,6%,False,"February 19–26, 2024"
2024,Maryland,MD,3,Democratic Primary,TargetSmart,2024-02-20 to 2024-02-22,2024-02-20,2024-02-22,400 (LV),4.9,Mark Chang,D,4%,False,"February 20–22, 2024"
2024,Maryland,MD,3,Democratic Primary,TargetSmart,2024-02-20 to 2024-02-22,2024-02-20,2024-02-22,400 (LV),4.9,Michael Coburn,D,1%,False,"February 20–22, 2024"
2024,Maryland,MD,3,Democratic Primary,TargetSmart,2024-02-20 to 2024-02-22,2024-02-20,2024-02-22,400 (LV),4.9,Juan Dominguez,D,2%,False,"February 20–22, 2024"
2024,Maryland,MD,3,Democratic Primary,TargetSmart,2024-02-20 to 2024-02-22,2024-02-20,2024-02-22,400 (LV),4.9,Harry Dunn,D,11%,False,"February 20–22, 2024"
2024,Maryland,MD,3,Democratic Primary,TargetSmart,2024-02-20 to 2024-02-22,2024-02-20,2024-02-22,400 (LV),4.9,Sarah Elfreth,D,16%,False,"February 20–22, 2024"
2024,Maryland,MD,3,Democratic Primary,TargetSmart,2024-02-20 to 2024-02-22,2024-02-20,2024-02-22,400 (LV),4.9,Terri Hill,D,4%,False,"February 20–22, 2024"
2024,Maryland,MD,3,Democratic Primary,TargetSmart,2024-02-20 to 2024-02-22,2024-02-20,2024-02-22,400 (LV),4.9,Clarence Lam,D,9%,False,"February 20–22, 2024"
2024,Maryland,MD,3,Democratic Primary,TargetSmart,2024-02-20 to 2024-02-22,2024-02-20,2024-02-22,400 (LV),4.9,Mike Rogers,D,2%,False,"February 20–22, 2024"
2024,Maryland,MD,3,Democratic Primary,Upwing Research,2024-04-07 to 2024-04-10,2024-04-07,2024-04-10,400 (LV),4.9,Mark Chang,D,1%,False,"April 7–10, 2024"
2024,Maryland,MD,3,Democratic Primary,Upwing Research,2024-04-07 to 2024-04-10,2024-04-07,2024-04-10,400 (LV),4.9,Harry Dunn,D,22%,False,"April 7–10, 2024"
2024,Maryland,MD,3,Democratic Primary,Upwing Research,2024-04-07 to 2024-04-10,2024-04-07,2024-04-10,400 (LV),4.9,Sarah Elfreth,D,18%,False,"April 7–10, 2024"
2024,Maryland,MD,3,Democratic Primary,Upwing Research,2024-04-07 to 2024-04-10,2024-04-07,2024-04-10,400 (LV),4.9,Clarence Lam,D,6%,False,"April 7–10, 2024"
2024,Michigan,MI,10,Democratic Primary,GQR,2023-08-21 to 2023-08-22,2023-08-21,2023-08-22,411 (LV),4.82,Emily Busch,D,3%,False,"August 21–22, 2023"
2024,Michigan,MI,10,Democratic Primary,GQR,2023-08-21 to 2023-08-22,2023-08-21,2023-08-22,411 (LV),4.82,Anil Kumar,D,3%,False,"August 21–22, 2023"
2024,Michigan,MI,10,Democratic Primary,GQR,2023-08-21 to 2023-08-22,2023-08-21,2023-08-22,411 (LV),4.82,Carl Marlinga,D,31%,False,"August 21–22, 2023"
2024,Michigan,MI,10,Democratic Primary,GQR,2023-08-21 to 2023-08-22,2023-08-21,2023-08-22,411 (LV),4.82,Rhonda Powell,D,2%,False,"August 21–22, 2023"
2024,Michigan,MI,10,Democratic Primary,GQR,2023-08-21 to 2023-08-22,2023-08-21,2023-08-22,411 (LV),4.82,Tiffany Tilley,D,5%,False,"August 21–22, 2023"
2024,Michigan,MI,10,Democratic Primary,GQR,2023-08-21 to 2023-08-22,2023-08-21,2023-08-22,411 (LV),4.82,Diane Young,D,3%,False,"August 21–22, 2023"
2024,Michigan,MI,10,Democratic Primary,Public Policy Polling,2024-01-22 to 2024-01-24,2024-01-22,2024-01-24,458 (LV),,Emily Busch,D,4%,False,"January 22–24, 2024"
2024,Michigan,MI,10,Democratic Primary,Public Policy Polling,2024-01-22 to 2024-01-24,2024-01-22,2024-01-24,458 (LV),,Anil Kumar,D,2%,False,"January 22–24, 2024"
2024,Michigan,MI,10,Democratic Primary,Public Policy Polling,2024-01-22 to 2024-01-24,2024-01-22,2024-01-24,458 (LV),,Carl Marlinga,D,30%,False,"January 22–24, 2024"
2024,Michigan,MI,10,Democratic Primary,Public Policy Polling,2024-01-22 to 2024-01-24,2024-01-22,2024-01-24,458 (LV),,Rhonda Powell,D,3%,False,"January 22–24, 2024"
2024,Michigan,MI,10,Democratic Primary,Public Policy Polling,2024-01-22 to 2024-01-24,2024-01-22,2024-01-24,458 (LV),,Tiffany Tilley,D,4%,False,"January 22–24, 2024"
2024,Michigan,MI,10,Democratic Primary,Public Policy Polling,2024-01-22 to 2024-01-24,2024-01-22,2024-01-24,458 (LV),,Diane Young,D,4%,False,"January 22–24, 2024"
2024,Michigan,MI,8,Republican Primary,UpONE,2024-04-20 to 2024-04-22,2024-04-20,2024-04-22,300 (LV),5.6,Mary Draves,R,1%,False,"April 20–22, 2024"
2024,Michigan,MI,8,Republican Primary,UpONE,2024-04-20 to 2024-04-22,2024-04-20,2024-04-22,300 (LV),5.6,Anthony Hudson,R,2%,False,"April 20–22, 2024"
2024,Michigan,MI,8,Republican Primary,UpONE,2024-04-20 to 2024-04-22,2024-04-20,2024-04-22,300 (LV),5.6,Paul Junge,R,42%,False,"April 20–22, 2024"
2024,Michigan,MI,8,Republican Primary,UpONE,2024-04-20 to 2024-04-22,2024-04-20,2024-04-22,300 (LV),5.6,Nikki Snyder,R,8%,False,"April 20–22, 2024"
2024,Michigan,MI,8,Democratic Primary,Global Strategy Group,2024-04-30 to 2024-05-05,2024-04-30,2024-05-05,424 (LV),4.7,Matthew Collier,D,14%,False,"April 30 – May 5, 2024"
2024,Michigan,MI,8,Democratic Primary,Global Strategy Group,2024-04-30 to 2024-05-05,2024-04-30,2024-05-05,424 (LV),4.7,Kristen McDonald Rivet,D,34%,False,"April 30 – May 5, 2024"
2024,Michigan,MI,8,Democratic Primary,Global Strategy Group,2024-04-30 to 2024-05-05,2024-04-30,2024-05-05,424 (LV),4.7,Pamela Pugh,D,12%,False,"April 30 – May 5, 2024"
2024,Michigan,MI,8,Republican Primary,UpONE,2024-06-01 to 2024-06-04,2024-06-01,2024-06-04,341 (RV),5.3,Mary Draves,R,11%,False,"June 1–4, 2024"
2024,Michigan,MI,8,Republican Primary,UpONE,2024-06-01 to 2024-06-04,2024-06-01,2024-06-04,341 (RV),5.3,Anthony Hudson,R,1%,False,"June 1–4, 2024"
2024,Michigan,MI,8,Republican Primary,UpONE,2024-06-01 to 2024-06-04,2024-06-01,2024-06-04,341 (RV),5.3,Paul Junge,R,53%,False,"June 1–4, 2024"
2024,Michigan,MI,8,Democratic Primary,Public Policy Polling,2024-06-04 to 2024-06-05,2024-06-04,2024-06-05,462 (LV),,Matthew Collier,D,10%,False,"June 4–5, 2024"
2024,Michigan,MI,8,Democratic Primary,Public Policy Polling,2024-06-04 to 2024-06-05,2024-06-04,2024-06-05,462 (LV),,Kristen McDonald Rivet,D,23%,False,"June 4–5, 2024"
2024,Michigan,MI,8,Democratic Primary,Public Policy Polling,2024-06-04 to 2024-06-05,2024-06-04,2024-06-05,462 (LV),,Pamela Pugh,D,10%,False,"June 4–5, 2024"
2024,Michigan,MI,8,Democratic Primary,Public Policy Polling,2024-06-26 to 2024-06-27,2024-06-26,2024-06-27,455 (LV),,Matthew Collier,D,19%,False,"June 26–27, 2024"
2024,Michigan,MI,8,Democratic Primary,Public Policy Polling,2024-06-26 to 2024-06-27,2024-06-26,2024-06-27,455 (LV),,Kristen McDonald Rivet,D,32%,False,"June 26–27, 2024"
2024,Michigan,MI,8,Democratic Primary,Public Policy Polling,2024-06-26 to 2024-06-27,2024-06-26,2024-06-27,455 (LV),,Pamela Pugh,D,8%,False,"June 26–27, 2024"
2024,Michigan,MI,8,Democratic Primary,Public Policy Polling,2024-07-12 to 2024-07-13,2024-07-12,2024-07-13,522 (LV),,Matthew Collier,D,22%,False,"July 12–13, 2024"
2024,Michigan,MI,8,Democratic Primary,Public Policy Polling,2024-07-12 to 2024-07-13,2024-07-12,2024-07-13,522 (LV),,Kristen McDonald Rivet,D,37%,False,"July 12–13, 2024"
2024,Michigan,MI,8,Democratic Primary,Public Policy Polling,2024-07-12 to 2024-07-13,2024-07-12,2024-07-13,522 (LV),,Pamela Pugh,D,9%,False,"July 12–13, 2024"
2024,Minnesota,MN,5,Democratic Primary,Victoria Research,2024-02-20 to 2024-02-27,2024-02-20,2024-02-27,"1,120 (LV)",3.0,Ilhan Omar,D,49%,False,"February 20–27, 2024"
2024,Minnesota,MN,5,Democratic Primary,Victoria Research,2024-02-20 to 2024-02-27,2024-02-20,2024-02-27,"1,120 (LV)",3.0,Don Samuels,D,30%,False,"February 20–27, 2024"
2024,Minnesota,MN,5,Democratic Primary,Lake Research Partners,2024-05,2024-05-01,2024-05-31,400 (LV),4.9,Ilhan Omar,D,55%,False,May 2024
2024,Minnesota,MN,5,Democratic Primary,Lake Research Partners,2024-05,2024-05-01,2024-05-31,400 (LV),4.9,Don Samuels,D,30%,False,May 2024
2024,Minnesota,MN,5,Democratic Primary,Lake Research Partners,2024-07-17 to 2024-07-21,2024-07-17,2024-07-21,400 (LV),4.9,Ilhan Omar,D,60%,False,"July 17–21, 2024"
2024,Minnesota,MN,5,Democratic Primary,Lake Research Partners,2024-07-17 to 2024-07-21,2024-07-17,2024-07-21,400 (LV),4.9,Don Samuels,D,33%,False,"July 17–21, 2024"
2024,Minnesota,MN,7,Republican Primary,Cygnal,2024-04-30 to 2024-05-01,2024-04-30,2024-05-01,400 (LV),4.86,Steve Boyd,R,14%,False,"April 30–May 1, 2024"
2024,Minnesota,MN,7,Republican Primary,Cygnal,2024-04-30 to 2024-05-01,2024-04-30,2024-05-01,400 (LV),4.86,Michelle Fischbach,R,61%,False,"April 30–May 1, 2024"
2024,Minnesota,MN,7,Republican Primary,Cygnal,2024-06-24 to 2024-06-26,2024-06-24,2024-06-26,400 (LV),4.9,Steve Boyd,R,14%,False,"June 24–26, 2024"
2024,Minnesota,MN,7,Republican Primary,Cygnal,2024-06-24 to 2024-06-26,2024-06-24,2024-06-26,400 (LV),4.9,Michelle Fischbach,R,64%,False,"June 24–26, 2024"
2024,Missouri,MO,1,Democratic Primary,Remington Research,2024-02-07 to 2024-02-09,2024-02-07,2024-02-09,401 (LV),4.95,Wesley Bell,D,50%,False,"February 7–9, 2024"
2024,Missouri,MO,1,Democratic Primary,Remington Research,2024-02-07 to 2024-02-09,2024-02-07,2024-02-09,401 (LV),4.95,Cori Bush,D,28%,False,"February 7–9, 2024"
2024,Missouri,MO,1,Democratic Primary,Mellman Group,2024-06-18 to 2024-06-22,2024-06-18,2024-06-22,400 (LV),4.9,Wesley Bell,D,43%,False,"June 18–22, 2024"
2024,Missouri,MO,1,Democratic Primary,Mellman Group,2024-06-18 to 2024-06-22,2024-06-18,2024-06-22,400 (LV),4.9,Cori Bush,D,42%,False,"June 18–22, 2024"
2024,Missouri,MO,1,Democratic Primary,McLaughlin & Associates,2024-06-28 to 2024-07-01,2024-06-28,2024-07-01,300 (LV),5.7,Wesley Bell,D,56%,False,"June 28 – July 1, 2024"
2024,Missouri,MO,1,Democratic Primary,McLaughlin & Associates,2024-06-28 to 2024-07-01,2024-06-28,2024-07-01,300 (LV),5.7,Cori Bush,D,33%,False,"June 28 – July 1, 2024"
2024,Missouri,MO,1,Democratic Primary,Mellman Group,2024-07-21 to 2024-07-24,2024-07-21,2024-07-24,400 (LV),,Wesley Bell,D,48%,False,"July 21–24, 2024"
2024,Missouri,MO,1,Democratic Primary,Mellman Group,2024-07-21 to 2024-07-24,2024-07-21,2024-07-24,400 (LV),,Cori Bush,D,42%,False,"July 21–24, 2024"
2024,Missouri,MO,3,Republican Primary,Remington Research,2024-02-28 to 2024-03-01,2024-02-28,2024-03-01,411 (LV),4.9,Justin Hicks,R,4%,False,"February 28 - March 1, 2024"
2024,Missouri,MO,3,Republican Primary,Remington Research,2024-02-28 to 2024-03-01,2024-02-28,2024-03-01,411 (LV),4.9,Bob Onder,R,19%,False,"February 28 - March 1, 2024"
2024,Missouri,MO,3,Republican Primary,Remington Research,2024-02-28 to 2024-03-01,2024-02-28,2024-03-01,411 (LV),4.9,Kurt Schaefer,R,5%,False,"February 28 - March 1, 2024"
2024,Missouri,MO,3,Republican Primary,Remington Research,2024-07-14 to 2024-07-15,2024-07-14,2024-07-15,401 (LV),4.9,Justin Hicks,R,3%,False,"July 14–15, 2024"
2024,Missouri,MO,3,Republican Primary,Remington Research,2024-07-14 to 2024-07-15,2024-07-14,2024-07-15,401 (LV),4.9,Bob Onder,R,34%,False,"July 14–15, 2024"
2024,Missouri,MO,3,Republican Primary,Remington Research,2024-07-14 to 2024-07-15,2024-07-14,2024-07-15,401 (LV),4.9,Kurt Schaefer,R,14%,False,"July 14–15, 2024"
2024,Montana,MT,2,Republican Primary,Moore Information,2024-02-01,2024-02-01,2024-02-01,500 (LV),,Elsie Arntzen,R,5%,False,"February 1, 2024"
2024,Montana,MT,2,Republican Primary,Moore Information,2024-02-01,2024-02-01,2024-02-01,500 (LV),,Kenneth Bogner,R,3%,False,"February 1, 2024"
2024,Montana,MT,2,Republican Primary,Moore Information,2024-02-01,2024-02-01,2024-02-01,500 (LV),,Troy Downing,R,16%,False,"February 1, 2024"
2024,Montana,MT,2,Republican Primary,Moore Information,2024-02-01,2024-02-01,2024-02-01,500 (LV),,Ric Holden,R,2%,False,"February 1, 2024"
2024,Montana,MT,2,Republican Primary,Moore Information,2024-02-01,2024-02-01,2024-02-01,500 (LV),,Denny Rehberg,R,26%,False,"February 1, 2024"
2024,Montana,MT,2,Republican Primary,Moore Information,2024-02-01,2024-02-01,2024-02-01,500 (LV),,Stacy Zinn,R,2%,False,"February 1, 2024"
2024,Montana,MT,2,Republican Primary,Guidant Polling & Strategy,2024-04-14 to 2024-04-17,2024-04-14,2024-04-17,400 (LV),4.9,Elsie Arntzen,R,10%,False,"April 14–17, 2024"
2024,Montana,MT,2,Republican Primary,Guidant Polling & Strategy,2024-04-14 to 2024-04-17,2024-04-14,2024-04-17,400 (LV),4.9,Troy Downing,R,38%,False,"April 14–17, 2024"
2024,Montana,MT,2,Republican Primary,Guidant Polling & Strategy,2024-04-14 to 2024-04-17,2024-04-14,2024-04-17,400 (LV),4.9,Denny Rehberg,R,26%,False,"April 14–17, 2024"
2024,Montana,MT,2,Republican Primary,Cygnal,2024-04-15 to 2024-04-16,2024-04-15,2024-04-16,415 (LV),4.8,Elsie Arntzen,R,7%,False,"April 15–16, 2024"
2024,Montana,MT,2,Republican Primary,Cygnal,2024-04-15 to 2024-04-16,2024-04-15,2024-04-16,415 (LV),4.8,Kenneth Bogner,R,4%,False,"April 15–16, 2024"
2024,Montana,MT,2,Republican Primary,Cygnal,2024-04-15 to 2024-04-16,2024-04-15,2024-04-16,415 (LV),4.8,Troy Downing,R,21%,False,"April 15–16, 2024"
2024,Montana,MT,2,Republican Primary,Cygnal,2024-04-15 to 2024-04-16,2024-04-15,2024-04-16,415 (LV),4.8,Ric Holden,R,1%,False,"April 15–16, 2024"
2024,Montana,MT,2,Republican Primary,Cygnal,2024-04-15 to 2024-04-16,2024-04-15,2024-04-16,415 (LV),4.8,Denny Rehberg,R,11%,False,"April 15–16, 2024"
2024,Montana,MT,2,Republican Primary,Cygnal,2024-04-15 to 2024-04-16,2024-04-15,2024-04-16,415 (LV),4.8,Stacy Zinn,R,3%,False,"April 15–16, 2024"
2024,Montana,MT,2,Republican Primary,Cygnal,2024-05-08 to 2024-05-09,2024-05-08,2024-05-09,410 (LV),4.8,Elsie Arntzen,R,5%,False,"May 8–9, 2024"
2024,Montana,MT,2,Republican Primary,Cygnal,2024-05-08 to 2024-05-09,2024-05-08,2024-05-09,410 (LV),4.8,Kenneth Bogner,R,4%,False,"May 8–9, 2024"
2024,Montana,MT,2,Republican Primary,Cygnal,2024-05-08 to 2024-05-09,2024-05-08,2024-05-09,410 (LV),4.8,Troy Downing,R,28%,False,"May 8–9, 2024"
2024,Montana,MT,2,Republican Primary,Cygnal,2024-05-08 to 2024-05-09,2024-05-08,2024-05-09,410 (LV),4.8,Ric Holden,R,2%,False,"May 8–9, 2024"
2024,Montana,MT,2,Republican Primary,Cygnal,2024-05-08 to 2024-05-09,2024-05-08,2024-05-09,410 (LV),4.8,Denny Rehberg,R,12%,False,"May 8–9, 2024"
2024,Montana,MT,2,Republican Primary,Cygnal,2024-05-08 to 2024-05-09,2024-05-08,2024-05-09,410 (LV),4.8,Stacy Zinn,R,8%,False,"May 8–9, 2024"
2024,New Hampshire,NH,1,Republican Primary,Saint Anselm College,2024-08-13 to 2024-08-14,2024-08-13,2024-08-14,340 (LV),5.3,Chris Bright,R,5%,False,"August 13–14, 2024"
2024,New Hampshire,NH,1,Republican Primary,Saint Anselm College,2024-08-13 to 2024-08-14,2024-08-13,2024-08-14,340 (LV),5.3,Joseph Levasseur,R,15%,False,"August 13–14, 2024"
2024,New Hampshire,NH,1,Republican Primary,Saint Anselm College,2024-08-13 to 2024-08-14,2024-08-13,2024-08-14,340 (LV),5.3,Hollie Noveletsky,R,9%,False,"August 13–14, 2024"
2024,New Hampshire,NH,1,Republican Primary,Saint Anselm College,2024-08-13 to 2024-08-14,2024-08-13,2024-08-14,340 (LV),5.3,Russell Prescott,R,10%,False,"August 13–14, 2024"
2024,New Hampshire,NH,1,Republican Primary,University of New Hampshire,2024-08-15 to 2024-08-19,2024-08-15,2024-08-19,418 (LV),3.2,Chris Bright,R,4%,False,"August 15–19, 2024"
2024,New Hampshire,NH,1,Republican Primary,University of New Hampshire,2024-08-15 to 2024-08-19,2024-08-15,2024-08-19,418 (LV),3.2,Joseph Levasseur,R,10%,False,"August 15–19, 2024"
2024,New Hampshire,NH,1,Republican Primary,University of New Hampshire,2024-08-15 to 2024-08-19,2024-08-15,2024-08-19,418 (LV),3.2,Hollie Noveletsky,R,4%,False,"August 15–19, 2024"
2024,New Hampshire,NH,1,Republican Primary,University of New Hampshire,2024-08-15 to 2024-08-19,2024-08-15,2024-08-19,418 (LV),3.2,Russell Prescott,R,19%,False,"August 15–19, 2024"
2024,New Hampshire,NH,2,Democratic Primary,Public Policy Polling,2024-05-30 to 2024-05-31,2024-05-30,2024-05-31,555 (LV),,Maggie Goodlander,D,10%,False,"May 30–31, 2024"
2024,New Hampshire,NH,2,Democratic Primary,Public Policy Polling,2024-05-30 to 2024-05-31,2024-05-30,2024-05-31,555 (LV),,Colin Van Ostern,D,22%,False,"May 30–31, 2024"
2024,New Hampshire,NH,2,Democratic Primary,Public Policy Polling,2024-06-08 to 2024-06-09,2024-06-08,2024-06-09,693 (LV),,Maggie Goodlander,D,35%,False,"June 8–9, 2024"
2024,New Hampshire,NH,2,Democratic Primary,Public Policy Polling,2024-06-08 to 2024-06-09,2024-06-08,2024-06-09,693 (LV),,Colin Van Ostern,D,13%,False,"June 8–9, 2024"
2024,New Hampshire,NH,2,Democratic Primary,GQR Research,2024-07-08 to 2024-07-11,2024-07-08,2024-07-11,400 (LV),4.88,Maggie Goodlander,D,43%,False,"July 8–11, 2024"
2024,New Hampshire,NH,2,Democratic Primary,GQR Research,2024-07-08 to 2024-07-11,2024-07-08,2024-07-11,400 (LV),4.88,Colin Van Ostern,D,27%,False,"July 8–11, 2024"
2024,New Hampshire,NH,2,Democratic Primary,Saint Anselm College,2024-08-13 to 2024-08-14,2024-08-13,2024-08-14,320 (LV),5.5,Maggie Goodlander,D,41%,False,"August 13–14, 2024"
2024,New Hampshire,NH,2,Democratic Primary,Saint Anselm College,2024-08-13 to 2024-08-14,2024-08-13,2024-08-14,320 (LV),5.5,Colin Van Ostern,D,31%,False,"August 13–14, 2024"
2024,New Hampshire,NH,2,Republican Primary,Saint Anselm College,2024-08-13 to 2024-08-14,2024-08-13,2024-08-14,318 (LV),5.5,Bill Hamlen,R,6%,False,"August 13–14, 2024"
2024,New Hampshire,NH,2,Republican Primary,Saint Anselm College,2024-08-13 to 2024-08-14,2024-08-13,2024-08-14,318 (LV),5.5,Vikram Mansharamani,R,16%,False,"August 13–14, 2024"
2024,New Hampshire,NH,2,Republican Primary,Saint Anselm College,2024-08-13 to 2024-08-14,2024-08-13,2024-08-14,318 (LV),5.5,Lily Tang Williams,R,16%,False,"August 13–14, 2024"
2024,New Hampshire,NH,2,Democratic Primary,Public Policy Polling,2024-08-15 to 2024-08-16,2024-08-15,2024-08-16,655 (LV),,Maggie Goodlander,D,36%,False,"August 15–16, 2024"
2024,New Hampshire,NH,2,Democratic Primary,Public Policy Polling,2024-08-15 to 2024-08-16,2024-08-15,2024-08-16,655 (LV),,Colin Van Ostern,D,26%,False,"August 15–16, 2024"
2024,New Hampshire,NH,2,Democratic Primary,University of New Hampshire,2024-08-15 to 2024-08-19,2024-08-15,2024-08-19,371 (LV),3.4,Maggie Goodlander,D,34%,False,"August 15–19, 2024"
2024,New Hampshire,NH,2,Democratic Primary,University of New Hampshire,2024-08-15 to 2024-08-19,2024-08-15,2024-08-19,371 (LV),3.4,Colin Van Ostern,D,28%,False,"August 15–19, 2024"
2024,New Hampshire,NH,2,Republican Primary,University of New Hampshire,2024-08-15 to 2024-08-19,2024-08-15,2024-08-19,434 (LV),3.2,Bill Hamlen,R,4%,False,"August 15–19, 2024"
2024,New Hampshire,NH,2,Republican Primary,University of New Hampshire,2024-08-15 to 2024-08-19,2024-08-15,2024-08-19,434 (LV),3.2,Vikram Mansharamani,R,21%,False,"August 15–19, 2024"
2024,New Hampshire,NH,2,Republican Primary,University of New Hampshire,2024-08-15 to 2024-08-19,2024-08-15,2024-08-19,434 (LV),3.2,Jay Mercer,R,5%,False,"August 15–19, 2024"
2024,New Hampshire,NH,2,Republican Primary,University of New Hampshire,2024-08-15 to 2024-08-19,2024-08-15,2024-08-19,434 (LV),3.2,Lily Tang Williams,R,17%,False,"August 15–19, 2024"
2024,New Jersey,NJ,3,Democratic Primary,TargetSmart,2024-03-14 to 2024-03-17,2024-03-14,2024-03-17,350 (RV),5.2,Joe Cohn,D,4%,False,"March 14–17, 2024"
2024,New Jersey,NJ,3,Democratic Primary,TargetSmart,2024-03-14 to 2024-03-17,2024-03-14,2024-03-17,350 (RV),5.2,Herb Conaway,D,22%,False,"March 14–17, 2024"
2024,New Jersey,NJ,3,Democratic Primary,TargetSmart,2024-03-14 to 2024-03-17,2024-03-14,2024-03-17,350 (RV),5.2,Carol Murphy,D,18%,False,"March 14–17, 2024"
2024,New Jersey,NJ,3,Democratic Primary,TargetSmart,2024-03-14 to 2024-03-17,2024-03-14,2024-03-17,350 (RV),5.2,Sarah Schoengood,D,3%,False,"March 14–17, 2024"
2024,New Jersey,NJ,3,Democratic Primary,Public Policy Polling,2024-04-26 to 2024-04-27,2024-04-26,2024-04-27,516 (LV),,Joe Cohn,D,3%,False,"April 26–27, 2024"
2024,New Jersey,NJ,3,Democratic Primary,Public Policy Polling,2024-04-26 to 2024-04-27,2024-04-26,2024-04-27,516 (LV),,Herb Conaway,D,25%,False,"April 26–27, 2024"
2024,New Jersey,NJ,3,Democratic Primary,Public Policy Polling,2024-04-26 to 2024-04-27,2024-04-26,2024-04-27,516 (LV),,Carol Murphy,D,11%,False,"April 26–27, 2024"
2024,New Jersey,NJ,3,Democratic Primary,Public Policy Polling,2024-04-26 to 2024-04-27,2024-04-26,2024-04-27,516 (LV),,Brian Schkeeper,D,2%,False,"April 26–27, 2024"
2024,New Jersey,NJ,3,Democratic Primary,Public Policy Polling,2024-04-26 to 2024-04-27,2024-04-26,2024-04-27,516 (LV),,Sarah Schoengood,D,8%,False,"April 26–27, 2024"
2024,New Jersey,NJ,8,Democratic Primary,Change Research,2023-11-28 to 2023-12-01,2023-11-28,2023-12-01,762 (V),,Ravinder Bhalla,D,13%,False,"November 28 – December 1, 2023"
2024,New Jersey,NJ,8,Democratic Primary,Change Research,2023-11-28 to 2023-12-01,2023-11-28,2023-12-01,762 (V),,Rob Menendez,D,16%,False,"November 28 – December 1, 2023"
2024,New Jersey,NJ,8,Democratic Primary,Change Research,2023-11-28 to 2023-12-01,2023-11-28,2023-12-01,762 (V),,James Solomon,D,9%,False,"November 28 – December 1, 2023"
2024,New Jersey,NJ,8,Democratic Primary,Change Research,2023-11-28 to 2023-12-01,2023-11-28,2023-12-01,762 (V),,Esther Suarez,D,3%,False,"November 28 – December 1, 2023"
2024,New Jersey,NJ,8,Democratic Primary,TargetSmart,2024-01-25 to 2024-02-01,2024-01-25,2024-02-01,400 (RV),4.9,Ravinder Bhalla,D,24%,False,"January 25 – February 1, 2024"
2024,New Jersey,NJ,8,Democratic Primary,TargetSmart,2024-01-25 to 2024-02-01,2024-01-25,2024-02-01,400 (RV),4.9,Kyle Jasey,D,6%,False,"January 25 – February 1, 2024"
2024,New Jersey,NJ,8,Democratic Primary,TargetSmart,2024-01-25 to 2024-02-01,2024-01-25,2024-02-01,400 (RV),4.9,Rob Menendez,D,46%,False,"January 25 – February 1, 2024"
2024,New Jersey,NJ,8,Democratic Primary,GQR,2024-02-01 to 2024-02-07,2024-02-01,2024-02-07,403 (LV),4.9,Ravinder Bhalla,D,41%,False,"February 1–7, 2024"
2024,New Jersey,NJ,8,Democratic Primary,GQR,2024-02-01 to 2024-02-07,2024-02-01,2024-02-07,403 (LV),4.9,Rob Menendez,D,44%,False,"February 1–7, 2024"
2024,New Jersey,NJ,8,Democratic Primary,Global Strategy Group,2024-04-01 to 2024-04-04,2024-04-01,2024-04-04,400 (LV),4.9,Ravinder Bhalla,D,33%,False,"April 1–4, 2024"
2024,New Jersey,NJ,8,Democratic Primary,Global Strategy Group,2024-04-01 to 2024-04-04,2024-04-01,2024-04-04,400 (LV),4.9,Kyle Jasey,D,7%,False,"April 1–4, 2024"
2024,New Jersey,NJ,8,Democratic Primary,Global Strategy Group,2024-04-01 to 2024-04-04,2024-04-01,2024-04-04,400 (LV),4.9,Rob Menendez,D,28%,False,"April 1–4, 2024"
2024,New Jersey,NJ,9,Democratic Primary,CAIR Action,2024-08-24 to 2024-08-25,2024-08-24,2024-08-25,383 (RV),,Clinton Calabrese,D,12%,False,"August 24–25, 2024"
2024,New Jersey,NJ,9,Democratic Primary,CAIR Action,2024-08-24 to 2024-08-25,2024-08-24,2024-08-25,383 (RV),,Nellie Pou,D,11%,False,"August 24–25, 2024"
2024,New Jersey,NJ,9,Democratic Primary,CAIR Action,2024-08-24 to 2024-08-25,2024-08-24,2024-08-25,383 (RV),,Andre Sayegh,D,38%,False,"August 24–25, 2024"
2024,New Jersey,NJ,9,Democratic Primary,CAIR Action,2024-08-24 to 2024-08-25,2024-08-24,2024-08-25,383 (RV),,Shavonda Sumter,D,13%,False,"August 24–25, 2024"
2024,New Jersey,NJ,9,Democratic Primary,CAIR Action,2024-08-24 to 2024-08-25,2024-08-24,2024-08-25,383 (RV),,Benjie Wimberly,D,26%,False,"August 24–25, 2024"
2024,New York,NY,16,Democratic Primary,Upswing Research,2024-03-05 to 2024-03-10,2024-03-05,2024-03-10,608 (V),4.0,Jamaal Bowman,D,44%,False,"March 5–10, 2024"
2024,New York,NY,16,Democratic Primary,Upswing Research,2024-03-05 to 2024-03-10,2024-03-05,2024-03-10,608 (V),4.0,George Latimer,D,43%,False,"March 5–10, 2024"
2024,New York,NY,16,Democratic Primary,Mellman Group,2024-03-26 to 2024-03-30,2024-03-26,2024-03-30,400 (LV),4.9,Jamaal Bowman,D,35%,False,"March 26–30, 2024"
2024,New York,NY,16,Democratic Primary,Mellman Group,2024-03-26 to 2024-03-30,2024-03-26,2024-03-30,400 (LV),4.9,George Latimer,D,52%,False,"March 26–30, 2024"
2024,New York,NY,16,Democratic Primary,Emerson College,2024-06-06 to 2024-06-08,2024-06-06,2024-06-08,425 (LV),4.7,Jamaal Bowman,D,31%,False,"June 6–8, 2024"
2024,New York,NY,16,Democratic Primary,Emerson College,2024-06-06 to 2024-06-08,2024-06-06,2024-06-08,425 (LV),4.7,George Latimer,D,48%,False,"June 6–8, 2024"
2024,New York,NY,17,Democratic Primary,Public Policy Polling,2023-07-14 to 2023-07-15,2023-07-14,2023-07-15,570 (LV),4.1,Mondaire Jones,D,43%,False,"July 14–15, 2023"
2024,New York,NY,17,Democratic Primary,Public Policy Polling,2023-07-14 to 2023-07-15,2023-07-14,2023-07-15,570 (LV),4.1,Liz Gereghty,D,8%,False,"July 14–15, 2023"
2024,New York,NY,22,Democratic Primary,GBAO Strategies,2024-03-25 to 2024-03-27,2024-03-25,2024-03-27,400 (LV),4.9,John Mannion,D,42%,False,"March 25–27, 2024"
2024,New York,NY,22,Democratic Primary,GBAO Strategies,2024-03-25 to 2024-03-27,2024-03-25,2024-03-27,400 (LV),4.9,Sarah Klee Hood,D,20%,False,"March 25–27, 2024"
2024,New York,NY,22,Democratic Primary,GBAO Strategies,2024-03-25 to 2024-03-27,2024-03-25,2024-03-27,400 (LV),4.9,Clemmie Harris,D,9%,False,"March 25–27, 2024"
2024,New York,NY,4,Democratic Primary,Public Policy Polling,2023-10-23 to 2023-10-24,2023-10-23,2023-10-24,464 (LV),,Laura Gillen,D,53%,False,"October 23–24, 2023"
2024,New York,NY,4,Democratic Primary,Public Policy Polling,2023-10-23 to 2023-10-24,2023-10-23,2023-10-24,464 (LV),,Kevin Thomas,D,10%,False,"October 23–24, 2023"
2024,North Carolina,NC,13,Republican Primary,"Fabrizio, Lee & Associates",2024-03-01 to 2024-03-13,2024-03-01,2024-03-13,400 (LV),4.9,Kelly Daughtry,R,41%,False,"March 1–13, 2024"
2024,North Carolina,NC,13,Republican Primary,"Fabrizio, Lee & Associates",2024-03-01 to 2024-03-13,2024-03-01,2024-03-13,400 (LV),4.9,Brad Knott,R,37%,False,"March 1–13, 2024"
2024,North Carolina,NC,13,Republican Primary,McLaughlin & Associates,2024-03-17 to 2024-03-20,2024-03-17,2024-03-20,350 (LV),,Kelly Daughtry,R,35%,False,"March 17–20, 2024"
2024,North Carolina,NC,13,Republican Primary,McLaughlin & Associates,2024-03-17 to 2024-03-20,2024-03-17,2024-03-20,350 (LV),,Brad Knott,R,42%,False,"March 17–20, 2024"
2024,North Carolina,NC,13,Republican Primary,"Fabrizio, Lee & Associates",2024-04-02 to 2024-04-03,2024-04-02,2024-04-03,400 (LV),4.9,Kelly Daughtry,R,51%,False,"April 2–3, 2024"
2024,North Carolina,NC,13,Republican Primary,"Fabrizio, Lee & Associates",2024-04-02 to 2024-04-03,2024-04-02,2024-04-03,400 (LV),4.9,Brad Knott,R,32%,False,"April 2–3, 2024"
2024,North Carolina,NC,13,Republican Primary,McLaughlin & Associates,2024-04-25 to 2024-04-28,2024-04-25,2024-04-28,350 (LV),,Kelly Daughtry,R,23%,False,"April 25–28, 2024"
2024,North Carolina,NC,13,Republican Primary,McLaughlin & Associates,2024-04-25 to 2024-04-28,2024-04-25,2024-04-28,350 (LV),,Brad Knott,R,62%,False,"April 25–28, 2024"
2024,North Carolina,NC,13,Republican Primary,Differentiators,2024-05-04 to 2024-05-06,2024-05-04,2024-05-06,400 (LV),4.9,Kelly Daughtry,R,17%,False,"May 4–6, 2024"
2024,North Carolina,NC,13,Republican Primary,Differentiators,2024-05-04 to 2024-05-06,2024-05-04,2024-05-06,400 (LV),4.9,Brad Knott,R,74%,False,"May 4–6, 2024"
2024,North Carolina,NC,14,Republican Primary,Differentiators Data,2023-12-17 to 2023-12-19,2023-12-17,2023-12-19,400 (LV),4.9,Jeff Gregory,R,6%,False,"December 17–19, 2023"
2024,North Carolina,NC,14,Republican Primary,Differentiators Data,2023-12-17 to 2023-12-19,2023-12-17,2023-12-19,400 (LV),4.9,Lillian Joseph,R,2%,False,"December 17–19, 2023"
2024,North Carolina,NC,14,Republican Primary,Differentiators Data,2023-12-17 to 2023-12-19,2023-12-17,2023-12-19,400 (LV),4.9,Tim Moore,R,49%,False,"December 17–19, 2023"
2024,North Carolina,NC,6,Republican Primary,Ragnar Research,2023-12-18 to 2023-12-20,2023-12-18,2023-12-20,400 (LV),4.0,Christian Castelli,R,3%,False,"December 18–20, 2023"
2024,North Carolina,NC,6,Republican Primary,Ragnar Research,2023-12-18 to 2023-12-20,2023-12-18,2023-12-20,400 (LV),4.0,Mary Ann Contogiannis,R,1%,False,"December 18–20, 2023"
2024,North Carolina,NC,6,Republican Primary,Ragnar Research,2023-12-18 to 2023-12-20,2023-12-18,2023-12-20,400 (LV),4.0,Bo Hines,R,10%,False,"December 18–20, 2023"
2024,North Carolina,NC,6,Republican Primary,Ragnar Research,2023-12-18 to 2023-12-20,2023-12-18,2023-12-20,400 (LV),4.0,Addison McDowell,R,1%,False,"December 18–20, 2023"
2024,North Carolina,NC,6,Republican Primary,Ragnar Research,2023-12-18 to 2023-12-20,2023-12-18,2023-12-20,400 (LV),4.0,Jay Wagner,R,3%,False,"December 18–20, 2023"
2024,North Carolina,NC,6,Republican Primary,Ragnar Research,2023-12-18 to 2023-12-20,2023-12-18,2023-12-20,400 (LV),4.0,Mark Walker,R,23%,False,"December 18–20, 2023"
2024,North Dakota,ND,AL,Republican Primary,DFM Research,2024-05-06 to 2024-05-08,2024-05-06,2024-05-08,400 (LV),4.9,Alex Balazs,R,5%,False,"May 6–8, 2024"
2024,North Dakota,ND,AL,Republican Primary,DFM Research,2024-05-06 to 2024-05-08,2024-05-06,2024-05-08,400 (LV),4.9,Rick Becker,R,29%,False,"May 6–8, 2024"
2024,North Dakota,ND,AL,Republican Primary,DFM Research,2024-05-06 to 2024-05-08,2024-05-06,2024-05-08,400 (LV),4.9,Julie Fedorchak,R,26%,False,"May 6–8, 2024"
2024,North Dakota,ND,AL,Republican Primary,DFM Research,2024-05-06 to 2024-05-08,2024-05-06,2024-05-08,400 (LV),4.9,Cara Mund,R,14%,False,"May 6–8, 2024"
2024,North Dakota,ND,AL,Republican Primary,DFM Research,2024-05-06 to 2024-05-08,2024-05-06,2024-05-08,104 (LV),9.6,Trygve Hammer,R,54%,False,"May 6–8, 2024"
2024,North Dakota,ND,AL,Republican Primary,DFM Research,2024-05-06 to 2024-05-08,2024-05-06,2024-05-08,104 (LV),9.6,Roland Riemers,R,4%,False,"May 6–8, 2024"
2024,North Dakota,ND,AL,Republican Primary,WPA Intelligence,2024-05-20 to 2024-05-22,2024-05-20,2024-05-22,500 (LV),4.4,Alex Balazs,R,5%,False,"May 20–22, 2024"
2024,North Dakota,ND,AL,Republican Primary,WPA Intelligence,2024-05-20 to 2024-05-22,2024-05-20,2024-05-22,500 (LV),4.4,Rick Becker,R,25%,False,"May 20–22, 2024"
2024,North Dakota,ND,AL,Republican Primary,WPA Intelligence,2024-05-20 to 2024-05-22,2024-05-20,2024-05-22,500 (LV),4.4,Julie Fedorchak,R,32%,False,"May 20–22, 2024"
2024,North Dakota,ND,AL,Republican Primary,WPA Intelligence,2024-05-20 to 2024-05-22,2024-05-20,2024-05-22,500 (LV),4.4,Cara Mund,R,10%,False,"May 20–22, 2024"
2024,Oregon,OR,5,Democratic Primary,GBAO Strategies,2023-05-30 to 2023-06-01,2023-05-30,2023-06-01,400 (LV),4.9,Janelle Bynum,D,9%,False,"May 30 – June 1, 2023"
2024,Oregon,OR,5,Democratic Primary,GBAO Strategies,2023-05-30 to 2023-06-01,2023-05-30,2023-06-01,400 (LV),4.9,Janelle Bynum,D,19%,False,"May 30 – June 1, 2023"
2024,Oregon,OR,5,Democratic Primary,GBAO Strategies,2023-05-30 to 2023-06-01,2023-05-30,2023-06-01,400 (LV),4.9,Jamie McLeod- Skinner,D,50%,False,"May 30 – June 1, 2023"
2024,Oregon,OR,5,Democratic Primary,GBAO Strategies,2023-05-30 to 2023-06-01,2023-05-30,2023-06-01,400 (LV),4.9,Jamie McLeod-Skinner,D,57%,False,"May 30 – June 1, 2023"
2024,Oregon,OR,5,Democratic Primary,GBAO Strategies,2023-05-30 to 2023-06-01,2023-05-30,2023-06-01,400 (LV),4.9,Jamie McLeod-Skinner,D,59%,False,"May 30 – June 1, 2023"
2024,Oregon,OR,5,Democratic Primary,GBAO Strategies,2023-05-30 to 2023-06-01,2023-05-30,2023-06-01,400 (LV),4.9,Lynn Peterson,D,16%,False,"May 30 – June 1, 2023"
2024,Oregon,OR,5,Democratic Primary,RMG Research,2023-11-14 to 2023-11-17,2023-11-14,2023-11-17,300 (LV),5.7,Janelle Bynum,D,9%,False,"November 14–17, 2023"
2024,Oregon,OR,5,Democratic Primary,RMG Research,2023-11-14 to 2023-11-17,2023-11-14,2023-11-17,300 (LV),5.7,Jamie McLeod- Skinner,D,41%,False,"November 14–17, 2023"
2024,Oregon,OR,5,Democratic Primary,Brilliant Corners,2024-02,2024-02-01,2024-02-29,,,Janelle Bynum,D,15%,False,February 2024
2024,Oregon,OR,5,Democratic Primary,Brilliant Corners,2024-02,2024-02-01,2024-02-29,,,Jamie McLeod- Skinner,D,38%,False,February 2024
2024,Oregon,OR,5,Democratic Primary,Brilliant Corners,2024-04-26 to 2024-04-28,2024-04-26,2024-04-28,402 (LV),4.9,Janelle Bynum,D,37%,False,"April 26–28, 2024"
2024,Oregon,OR,5,Democratic Primary,Brilliant Corners,2024-04-26 to 2024-04-28,2024-04-26,2024-04-28,402 (LV),4.9,Jamie McLeod- Skinner,D,34%,False,"April 26–28, 2024"
2024,Pennsylvania,PA,10,Democratic Primary,Public Policy Polling,2023-10-16 to 2023-10-17,2023-10-16,2023-10-17,547 (LV),4.2,Rick Coplen,D,3%,False,"October 16–17, 2023"
2024,Pennsylvania,PA,10,Democratic Primary,Public Policy Polling,2023-10-16 to 2023-10-17,2023-10-16,2023-10-17,547 (LV),4.2,Shamaine Daniels,D,20%,False,"October 16–17, 2023"
2024,Pennsylvania,PA,10,Democratic Primary,Public Policy Polling,2023-10-16 to 2023-10-17,2023-10-16,2023-10-17,547 (LV),4.2,Blake Lynch,D,3%,False,"October 16–17, 2023"
2024,Pennsylvania,PA,10,Democratic Primary,Public Policy Polling,2023-10-16 to 2023-10-17,2023-10-16,2023-10-17,547 (LV),4.2,Mike O'Brien,D,3%,False,"October 16–17, 2023"
2024,Pennsylvania,PA,10,Democratic Primary,Public Policy Polling,2023-10-16 to 2023-10-17,2023-10-16,2023-10-17,547 (LV),4.2,Janelle Stelson,D,33%,False,"October 16–17, 2023"
2024,Pennsylvania,PA,10,Democratic Primary,DocumentCloud,2024-02-26 to 2024-02-28,2024-02-26,2024-02-28,400 (LV),4.9,Rick Coplen,D,3%,False,"February 26–28, 2024"
2024,Pennsylvania,PA,10,Democratic Primary,DocumentCloud,2024-02-26 to 2024-02-28,2024-02-26,2024-02-28,400 (LV),4.9,Shamaine Daniels,D,16%,False,"February 26–28, 2024"
2024,Pennsylvania,PA,10,Democratic Primary,DocumentCloud,2024-02-26 to 2024-02-28,2024-02-26,2024-02-28,400 (LV),4.9,Blake Lynch,D,5%,False,"February 26–28, 2024"
2024,Pennsylvania,PA,10,Democratic Primary,DocumentCloud,2024-02-26 to 2024-02-28,2024-02-26,2024-02-28,400 (LV),4.9,Mike O'Brien,D,9%,False,"February 26–28, 2024"
2024,Pennsylvania,PA,10,Democratic Primary,DocumentCloud,2024-02-26 to 2024-02-28,2024-02-26,2024-02-28,400 (LV),4.9,Janelle Stelson,D,36%,False,"February 26–28, 2024"
2024,South Carolina,SC,1,Republican Primary,Kaplan Strategies,2024-05-06 to 2024-05-07,2024-05-06,2024-05-07,343 (LV),5.3,Nancy Mace,R,43%,False,"May 6–7, 2024"
2024,South Carolina,SC,1,Republican Primary,Kaplan Strategies,2024-05-06 to 2024-05-07,2024-05-06,2024-05-07,343 (LV),5.3,Catherine Templeton,R,21%,False,"May 6–7, 2024"
2024,South Carolina,SC,1,Republican Primary,Kaplan Strategies,2024-05-06 to 2024-05-07,2024-05-06,2024-05-07,343 (LV),5.3,Bill Young,R,3%,False,"May 6–7, 2024"
2024,South Carolina,SC,1,Republican Primary,Emerson College,2024-05-19 to 2024-05-21,2024-05-19,2024-05-21,400 (LV),4.9,Nancy Mace,R,47%,False,"May 19–21, 2024"
2024,South Carolina,SC,1,Republican Primary,Emerson College,2024-05-19 to 2024-05-21,2024-05-19,2024-05-21,400 (LV),4.9,Catherine Templeton,R,22%,False,"May 19–21, 2024"
2024,South Carolina,SC,1,Republican Primary,Emerson College,2024-05-19 to 2024-05-21,2024-05-19,2024-05-21,400 (LV),4.9,Bill Young,R,7%,False,"May 19–21, 2024"
2024,South Carolina,SC,3,Republican Primary,Cygnal,2024-05-13 to 2024-05-14,2024-05-13,2024-05-14,400 (LV),4.89,Sheri Biggs,R,12%,False,"May 13–14, 2024"
2024,South Carolina,SC,3,Republican Primary,Cygnal,2024-05-13 to 2024-05-14,2024-05-13,2024-05-14,400 (LV),4.89,Kevin Bishop,R,2%,False,"May 13–14, 2024"
2024,South Carolina,SC,3,Republican Primary,Cygnal,2024-05-13 to 2024-05-14,2024-05-13,2024-05-14,400 (LV),4.89,Mark Burns,R,11%,False,"May 13–14, 2024"
2024,South Carolina,SC,3,Republican Primary,Cygnal,2024-05-13 to 2024-05-14,2024-05-13,2024-05-14,400 (LV),4.89,Franky Franco,R,2%,False,"May 13–14, 2024"
2024,South Carolina,SC,3,Republican Primary,Cygnal,2024-05-13 to 2024-05-14,2024-05-13,2024-05-14,400 (LV),4.89,Stewart Jones,R,9%,False,"May 13–14, 2024"
2024,Texas,TX,18,Democratic Primary,University of Houston,2024-02-07 to 2024-02-17,2024-02-07,2024-02-17,450 (LV),4.6,Amanda Edwards,D,38%,False,"February 7–17, 2024"
2024,Texas,TX,18,Democratic Primary,University of Houston,2024-02-07 to 2024-02-17,2024-02-07,2024-02-17,450 (LV),4.6,Sheila Jackson Lee,D,43%,False,"February 7–17, 2024"
2024,Texas,TX,18,Democratic Primary,University of Houston,2024-02-07 to 2024-02-17,2024-02-07,2024-02-17,450 (LV),4.6,Robert Slater Jr.,D,3%,False,"February 7–17, 2024"
2024,Texas,TX,18,Democratic Primary,Texas Victory Consulting,2024-08-05 to 2024-08-07,2024-08-05,2024-08-07,"1,113 (V)",2.0,Amanda Edwards,D,33%,False,"August 5–7, 2024"
2024,Texas,TX,18,Democratic Primary,Texas Victory Consulting,2024-08-05 to 2024-08-07,2024-08-05,2024-08-07,"1,113 (V)",2.0,Jarvis Johnson,D,9%,False,"August 5–7, 2024"
2024,Texas,TX,18,Democratic Primary,Texas Victory Consulting,2024-08-05 to 2024-08-07,2024-08-05,2024-08-07,"1,113 (V)",2.0,Christina Morales,D,3%,False,"August 5–7, 2024"
2024,Texas,TX,18,Democratic Primary,Texas Victory Consulting,2024-08-05 to 2024-08-07,2024-08-05,2024-08-07,"1,113 (V)",2.0,Letitia Plumber,D,3%,False,"August 5–7, 2024"
2024,Texas,TX,18,Democratic Primary,Texas Victory Consulting,2024-08-05 to 2024-08-07,2024-08-05,2024-08-07,"1,113 (V)",2.0,Sylvester Turner,D,34%,False,"August 5–7, 2024"
2024,Texas,TX,7,Democratic Primary,University of Houston,2024-02-07 to 2024-02-17,2024-02-07,2024-02-17,350 (LV),5.2,Pervez Agwan,D,11%,False,"February 7–17, 2024"
2024,Texas,TX,7,Democratic Primary,University of Houston,2024-02-07 to 2024-02-17,2024-02-07,2024-02-17,350 (LV),5.2,Lizzie Fletcher,D,78%,False,"February 7–17, 2024"
2024,Virginia,VA,10,Democratic Primary,Garin-Hart-Yang,2024-03-13 to 2024-03-17,2024-03-13,2024-03-17,400 (LV),5.0,Jennifer Boysko,D,14%,False,"March 13–17, 2024"
2024,Virginia,VA,10,Democratic Primary,Garin-Hart-Yang,2024-03-13 to 2024-03-17,2024-03-13,2024-03-17,400 (LV),5.0,Eileen Filler-Corn,D,4%,False,"March 13–17, 2024"
2024,Virginia,VA,10,Democratic Primary,Garin-Hart-Yang,2024-03-13 to 2024-03-17,2024-03-13,2024-03-17,400 (LV),5.0,Dan Helmer,D,7%,False,"March 13–17, 2024"
2024,Virginia,VA,10,Democratic Primary,Garin-Hart-Yang,2024-03-13 to 2024-03-17,2024-03-13,2024-03-17,400 (LV),5.0,Atif Qarni,D,1%,False,"March 13–17, 2024"
2024,Virginia,VA,10,Democratic Primary,Garin-Hart-Yang,2024-03-13 to 2024-03-17,2024-03-13,2024-03-17,400 (LV),5.0,David Reid,D,7%,False,"March 13–17, 2024"
2024,Virginia,VA,10,Democratic Primary,Garin-Hart-Yang,2024-03-13 to 2024-03-17,2024-03-13,2024-03-17,400 (LV),5.0,Suhas Subramanyam,D,7%,False,"March 13–17, 2024"
2024,Virginia,VA,10,Democratic Primary,SurveyMonkey,2024-05-17 to 2024-05-23,2024-05-17,2024-05-23,792 (LV),,Jennifer Boysko,D,7%,False,"May 17–23, 2024"
2024,Virginia,VA,10,Democratic Primary,SurveyMonkey,2024-05-17 to 2024-05-23,2024-05-17,2024-05-23,792 (LV),,Eileen Filler-Corn,D,9%,False,"May 17–23, 2024"
2024,Virginia,VA,10,Democratic Primary,SurveyMonkey,2024-05-17 to 2024-05-23,2024-05-17,2024-05-23,792 (LV),,Dan Helmer,D,17%,False,"May 17–23, 2024"
2024,Virginia,VA,10,Democratic Primary,SurveyMonkey,2024-05-17 to 2024-05-23,2024-05-17,2024-05-23,792 (LV),,Atif Qarni,D,12%,False,"May 17–23, 2024"
2024,Virginia,VA,10,Democratic Primary,SurveyMonkey,2024-05-17 to 2024-05-23,2024-05-17,2024-05-23,792 (LV),,David Reid,D,5%,False,"May 17–23, 2024"
2024,Virginia,VA,10,Democratic Primary,SurveyMonkey,2024-05-17 to 2024-05-23,2024-05-17,2024-05-23,792 (LV),,Suhas Subramanyam,D,16%,False,"May 17–23, 2024"
2024,Virginia,VA,5,Republican Primary,Battleground Connect,2023-11-30 to 2023-12-02,2023-11-30,2023-12-02,971 (LV),3.2,Bob Good,R,46%,False,"November 30 – December 2, 2023"
2024,Virginia,VA,5,Republican Primary,Battleground Connect,2023-11-30 to 2023-12-02,2023-11-30,2023-12-02,971 (LV),3.2,John McGuire,R,24%,False,"November 30 – December 2, 2023"
2024,Virginia,VA,5,Republican Primary,Battleground Connect,2024-04-30 to 2024-05-02,2024-04-30,2024-05-02,504 (LV),4.4,Bob Good,R,31%,False,"April 30 – May 2, 2024"
2024,Virginia,VA,5,Republican Primary,Battleground Connect,2024-04-30 to 2024-05-02,2024-04-30,2024-05-02,504 (LV),4.4,John McGuire,R,45%,False,"April 30 – May 2, 2024"
2024,Virginia,VA,5,Republican Primary,Neighborhood Research and Media,2024-06,2024-06-01,2024-06-30,301 (LV),,Bob Good,R,39%,False,June 2024
2024,Virginia,VA,5,Republican Primary,Neighborhood Research and Media,2024-06,2024-06-01,2024-06-30,301 (LV),,John McGuire,R,30%,False,June 2024
2024,Virginia,VA,5,Republican Primary,WPA Intelligence,2024-06-02 to 2024-06-04,2024-06-02,2024-06-04,300 (LV),5.6,Bob Good,R,31%,False,"June 2–4, 2024"
2024,Virginia,VA,5,Republican Primary,WPA Intelligence,2024-06-02 to 2024-06-04,2024-06-02,2024-06-04,300 (LV),5.6,John McGuire,R,41%,False,"June 2–4, 2024"
2024,Virginia,VA,7,Democratic Primary,Global Strategy Group,2024-05-20 to 2024-05-23,2024-05-20,2024-05-23,500 (LV),4.4,Andrea Bailey,D,10%,False,"May 20–23, 2024"
2024,Virginia,VA,7,Democratic Primary,Global Strategy Group,2024-05-20 to 2024-05-23,2024-05-20,2024-05-23,500 (LV),4.4,Margaret Franklin,D,3%,False,"May 20–23, 2024"
2024,Virginia,VA,7,Democratic Primary,Global Strategy Group,2024-05-20 to 2024-05-23,2024-05-20,2024-05-23,500 (LV),4.4,Elizabeth Guzmán,D,8%,False,"May 20–23, 2024"
2024,Virginia,VA,7,Democratic Primary,Global Strategy Group,2024-05-20 to 2024-05-23,2024-05-20,2024-05-23,500 (LV),4.4,Brianna Sewell,D,4%,False,"May 20–23, 2024"
2024,Virginia,VA,7,Democratic Primary,Global Strategy Group,2024-05-20 to 2024-05-23,2024-05-20,2024-05-23,500 (LV),4.4,Eugene Vindman,D,43%,False,"May 20–23, 2024"
2024,Wisconsin,WI,3,Democratic Primary,Blueprint Polling (D),2023-10-20 to 2023-10-23,2023-10-20,2023-10-23,360 (LV),5.16,Rebecca Cooke,D,21%,False,"October 20–23, 2023"
2024,Wisconsin,WI,3,Democratic Primary,Blueprint Polling (D),2023-10-20 to 2023-10-23,2023-10-20,2023-10-23,360 (LV),5.16,Tara Johnson,D,11%,False,"October 20–23, 2023"
2024,Wisconsin,WI,3,Democratic Primary,Blueprint Polling (D),2023-10-20 to 2023-10-23,2023-10-20,2023-10-23,360 (LV),5.16,Aaron Nytes,D,0.5%,False,"October 20–23, 2023"
2024,Wisconsin,WI,3,Democratic Primary,Blueprint Polling (D),2023-10-20 to 2023-10-23,2023-10-20,2023-10-23,360 (LV),5.16,Katrina Shankland,D,18%,False,"October 20–23, 2023"
2024,Wisconsin,WI,3,Democratic Primary,QGR Research (D),2024-06-10 to 2024-06-16,2024-06-10,2024-06-16,335 (LV),5.3,Rebecca Cooke,D,38%,False,"June 10–16, 2024"
2024,Wisconsin,WI,3,Democratic Primary,QGR Research (D),2024-06-10 to 2024-06-16,2024-06-10,2024-06-16,335 (LV),5.3,Katrina Shankland,D,25%,False,"June 10–16, 2024"
2024,Wisconsin,WI,3,Democratic Primary,QGR Research (D),2024-06-10 to 2024-06-16,2024-06-10,2024-06-16,335 (LV),5.3,Eric Wilson,D,4%,False,"June 10–16, 2024"
2024,Wisconsin,WI,8,Republican Primary,Cygnal,2024-03-26 to 2024-03-27,2024-03-26,2024-03-27,300 (LV),5.6,Alex Bruesewitz,R,36%,False,"March 26–27, 2024"
2024,Wisconsin,WI,8,Republican Primary,Cygnal,2024-03-26 to 2024-03-27,2024-03-26,2024-03-27,300 (LV),5.6,André Jacque,R,15%,False,"March 26–27, 2024"
2024,Wisconsin,WI,8,Republican Primary,Cygnal,2024-03-26 to 2024-03-27,2024-03-26,2024-03-27,300 (LV),5.6,Roger Roth,R,12%,False,"March 26–27, 2024"
2025,Arizona,AZ,7,Democratic Primary,[https://punchbowl.news/az-cd-7-april-25-memo/ Public Policy Polling (D)],2025-04-07 to 2025-04-08,2025-04-07,2025-04-08,527 (LV),4.3,Deja Foxx,D,5%,False,"April 7–8, 2025"
2025,Arizona,AZ,7,Democratic Primary,[https://punchbowl.news/az-cd-7-april-25-memo/ Public Policy Polling (D)],2025-04-07 to 2025-04-08,2025-04-07,2025-04-08,527 (LV),4.3,Adelita Grijalva,D,49%,False,"April 7–8, 2025"
2025,Arizona,AZ,7,Democratic Primary,[https://punchbowl.news/az-cd-7-april-25-memo/ Public Policy Polling (D)],2025-04-07 to 2025-04-08,2025-04-07,2025-04-08,527 (LV),4.3,Daniel Hernández,D,11%,False,"April 7–8, 2025"
2025,Arizona,AZ,7,Democratic Primary,[https://drive.google.com/file/d/1LVe_4HwV3olUxHwfT1BRCFLWS45V1dhl/view Change Research (D)],2025-05-13 to 2025-05-16,2025-05-13,2025-05-16,530 (LV),4.4,Deja Foxx,D,10%,False,"May 13–16, 2025"
2025,Arizona,AZ,7,Democratic Primary,[https://drive.google.com/file/d/1LVe_4HwV3olUxHwfT1BRCFLWS45V1dhl/view Change Research (D)],2025-05-13 to 2025-05-16,2025-05-13,2025-05-16,530 (LV),4.4,Adelita Grijalva,D,41%,False,"May 13–16, 2025"
2025,Arizona,AZ,7,Democratic Primary,[https://drive.google.com/file/d/1LVe_4HwV3olUxHwfT1BRCFLWS45V1dhl/view Change Research (D)],2025-05-13 to 2025-05-16,2025-05-13,2025-05-16,530 (LV),4.4,Daniel Hernández,D,16%,False,"May 13–16, 2025"
2025,Arizona,AZ,7,Democratic Primary,[https://drive.google.com/file/d/1LVe_4HwV3olUxHwfT1BRCFLWS45V1dhl/view Change Research (D)],2025-06-26 to 2025-06-29,2025-06-26,2025-06-29,540 (LV),4.5,Deja Foxx,D,35%,False,"June 26–29, 2025"
2025,Arizona,AZ,7,Democratic Primary,[https://drive.google.com/file/d/1LVe_4HwV3olUxHwfT1BRCFLWS45V1dhl/view Change Research (D)],2025-06-26 to 2025-06-29,2025-06-26,2025-06-29,540 (LV),4.5,Adelita Grijalva,D,43%,False,"June 26–29, 2025"
2025,Arizona,AZ,7,Democratic Primary,[https://drive.google.com/file/d/1LVe_4HwV3olUxHwfT1BRCFLWS45V1dhl/view Change Research (D)],2025-06-26 to 2025-06-29,2025-06-26,2025-06-29,540 (LV),4.5,Daniel Hernández,D,9%,False,"June 26–29, 2025"
2025,Tennessee,TN,7,Republican Primary,Tennessee Lookout,2025-08-19 to 2025-08-23,2025-08-19,2025-08-23,500 (LV),4.4,Jody Barrett,R,10%,False,"August 19–23, 2025"
2025,Tennessee,TN,7,Republican Primary,Tennessee Lookout,2025-08-19 to 2025-08-23,2025-08-19,2025-08-23,500 (LV),4.4,Gino Bulso,R,9%,False,"August 19–23, 2025"
2025,Tennessee,TN,7,Republican Primary,Tennessee Lookout,2025-08-19 to 2025-08-23,2025-08-19,2025-08-23,500 (LV),4.4,Lee Reeves,R,8%,False,"August 19–23, 2025"
2025,Tennessee,TN,7,Republican Primary,Tennessee Lookout,2025-08-19 to 2025-08-23,2025-08-19,2025-08-23,500 (LV),4.4,Matt Van Epps,R,7%,False,"August 19–23, 2025"
2025,Virginia,VA,11,Democratic Primary,Punchbowl News,2025-06-05 to 2025-06-09,2025-06-05,2025-06-09,500 (LV),4.4,Joshua Aisen,D,2%,False,"June 5–9, 2025"
2025,Virginia,VA,11,Democratic Primary,Punchbowl News,2025-06-05 to 2025-06-09,2025-06-05,2025-06-09,500 (LV),4.4,Candice Bennett,D,2%,False,"June 5–9, 2025"
2025,Virginia,VA,11,Democratic Primary,Punchbowl News,2025-06-05 to 2025-06-09,2025-06-05,2025-06-09,500 (LV),4.4,Dan Lee,D,2%,False,"June 5–9, 2025"
2025,Virginia,VA,11,Democratic Primary,Punchbowl News,2025-06-05 to 2025-06-09,2025-06-05,2025-06-09,500 (LV),4.4,Leopoldo Martínez Nucete,D,1%,False,"June 5–9, 2025"
2025,Virginia,VA,11,Democratic Primary,Punchbowl News,2025-06-05 to 2025-06-09,2025-06-05,2025-06-09,500 (LV),4.4,Stella Pekarsky,D,8%,False,"June 5–9, 2025"
2025,Virginia,VA,11,Democratic Primary,Punchbowl News,2025-06-05 to 2025-06-09,2025-06-05,2025-06-09,500 (LV),4.4,Amy Roma,D,1%,False,"June 5–9, 2025"
2025,Virginia,VA,11,Democratic Primary,Punchbowl News,2025-06-05 to 2025-06-09,2025-06-05,2025-06-09,500 (LV),4.4,Irene Shin,D,6%,False,"June 5–9, 2025"
2025,Virginia,VA,11,Democratic Primary,Punchbowl News,2025-06-05 to 2025-06-09,2025-06-05,2025-06-09,500 (LV),4.4,James Walkinshaw,D,41%,False,"June 5–9, 2025"
